id,source,probA,probB,probC,probD,probE,answer,time,error
0,MEDQA,5.5073294788599014e-05,0.9997950196266174,3.0652907298645005e-05,1.5323201296268962e-05,0.00010390016541350633,2,5.096678018569946,False
1,MEDQA,2.726376351347426e-06,7.766722774249502e-06,5.862630132469349e-06,2.0784829757758416e-05,0.9999628067016602,4,9.165908575057983,False
2,MEDQA,1.1658626135613304e-05,4.3656793422997e-05,0.999910831451416,3.14448079734575e-05,2.4058936105575413e-06,2,6.687880992889404,False
3,MEDQA,8.012651051103603e-06,0.999886155128479,1.9331421299284557e-06,1.4284095414041076e-05,8.957571117207408e-05,3,7.637260675430298,False
4,MEDQA,1.994437525354442e-06,0.9998514652252197,2.7260728074907092e-06,0.00012053311365889385,2.3184571546153165e-05,1,6.6042914390563965,False
5,MEDQA,1.1123561307613272e-05,8.887140575097874e-05,0.9998049139976501,8.938031896832399e-06,8.613712270744145e-05,4,3.8146753311157227,False
6,MEDQA,1.9333292584633455e-06,0.9999829530715942,7.571026117147994e-07,9.81825633061817e-06,4.637815891328501e-06,3,6.803560018539429,False
7,MEDQA,7.181663022493012e-06,6.013132951920852e-05,0.99977046251297,4.985062332707457e-05,0.00011234010889893398,2,7.689378976821899,False
8,MEDQA,5.092446372145787e-06,4.935768174618715e-06,0.9997478127479553,0.00021823465067427605,2.3918048100313172e-05,2,5.130410671234131,False
9,MEDQA,1.593266279087402e-05,2.689146094780881e-05,0.9997357726097107,0.00011102746066171676,0.00011037881631636992,0,7.72454309463501,False
10,MEDQA,0.0005109852645546198,0.9989557266235352,4.0023456676863134e-05,0.00012232155131641775,0.0003709355369210243,4,8.406531572341919,False
11,MEDQA,2.964893610624131e-07,1.1015915788448183e-06,5.714981625715154e-07,0.9999954700469971,2.443987568767625e-06,3,7.438919544219971,False
12,MEDQA,1.5205923773464747e-05,0.9999245405197144,3.4463305382814724e-06,1.7230568118975498e-05,3.944116542697884e-05,1,5.971134901046753,False
13,MEDQA,1.5779495470269467e-06,2.0741754269693047e-06,5.203525574870582e-07,5.133633749210276e-06,0.999990701675415,4,8.401211738586426,False
14,MEDQA,3.667468490675674e-06,2.5206118152709678e-06,6.473466669376648e-07,0.9996161460876465,0.00037702597910538316,3,6.541889429092407,False
15,MEDQA,0.0015728322323411703,0.9943574070930481,0.0003085015923716128,0.00044450501445680857,0.003316704649478197,1,8.23011326789856,False
16,MEDQA,2.8967539037694223e-05,4.424996859597741e-06,3.6115770853939466e-06,7.901153003331274e-05,0.9998840093612671,4,8.293299674987793,False
17,MEDQA,8.397868441534229e-06,4.860313765675528e-06,3.1874717478785897e-06,1.606134719622787e-05,0.9999674558639526,4,5.868867635726929,False
18,MEDQA,4.3634571511574904e-09,2.99895774880099e-09,1.708754471252405e-09,1.0677028967620572e-06,0.999998927116394,1,9.92499828338623,False
19,MEDQA,0.00024227389076258987,7.965000986587256e-05,0.9996316432952881,2.4291879526572302e-05,2.2118007109384052e-05,4,5.866795301437378,False
20,MEDQA,1.9986571714980528e-05,1.0781946002680343e-05,0.999862551689148,6.250192382140085e-05,4.4255626562517136e-05,2,5.521846055984497,False
21,MEDQA,7.338118166444474e-07,1.1910940429515904e-06,3.089463007199811e-06,8.203491233871318e-06,0.9999867677688599,0,8.907918930053711,False
22,MEDQA,1.179575701826252e-05,1.3366344319365453e-05,1.3159118680050597e-05,0.9653441309928894,0.03461751341819763,3,7.5794517993927,False
23,MEDQA,0.0013785915216431022,0.9442200064659119,0.0002709310792852193,0.0033006162848323584,0.050829872488975525,4,5.022162199020386,False
24,MEDQA,0.9999793767929077,7.889161679486278e-06,1.0348328487452818e-06,5.0146568355557974e-06,6.643340839218581e-06,0,7.868927717208862,False
25,MEDQA,7.338129535128246e-07,1.2098530532966834e-06,1.1910959756278316e-06,8.597198757342994e-06,0.999988317489624,4,8.6701979637146,False
26,MEDQA,6.276652015912987e-07,1.3081665883873939e-06,1.1015866903107963e-06,5.9551216509134974e-06,0.9999910593032837,4,7.727252721786499,False
27,MEDQA,0.9999964237213135,1.8738721792033175e-06,1.6373714117889904e-07,1.0677001682779519e-06,5.122881816532754e-07,0,5.04983115196228,False
28,MEDQA,1.1015551990567474e-06,2.22520247916691e-06,7.337939678109251e-07,0.9999624490737915,3.347454912727699e-05,3,8.00348162651062,False
29,MEDQA,3.1872798444965156e-06,5.2549357860698365e-06,6.475351597146073e-07,0.9999072551727295,8.36587423691526e-05,3,4.728077173233032,False
30,MEDQA,1.1841632840514649e-05,2.7105767003376968e-05,8.138627890730277e-06,9.187690739054233e-05,0.9998610019683838,4,5.53224515914917,False
31,MEDQA,5.0935732360812835e-06,8.869931662047748e-06,7.827687113604043e-06,0.9999690055847168,9.15149303182261e-06,2,4.638889789581299,False
32,MEDQA,1.384517781843897e-05,2.0302612028899603e-05,2.840845991158858e-05,1.095243715099059e-05,0.9999264478683472,4,8.17595911026001,False
33,MEDQA,1.994690364881535e-06,3.340477405799902e-06,1.9637654986581765e-06,1.451037223887397e-05,0.9999781847000122,1,5.05262565612793,False
34,MEDQA,0.9915950894355774,0.0016696201637387276,0.0012701799860224128,0.001702550332993269,0.0037625469267368317,1,5.81652045249939,False
35,MEDQA,0.9999749660491943,1.529605287942104e-05,2.4824241791066015e-06,5.59422915102914e-06,1.6796921045170166e-06,0,4.742618799209595,False
36,MEDQA,4.0525196709495503e-07,4.1811605910879734e-07,2.699559900065651e-07,0.9999932050704956,5.72699627809925e-06,4,8.440788269042969,False
37,MEDQA,5.093584150017705e-06,1.1982538126176223e-05,1.5779187378939241e-06,0.9999711513519287,1.0209249921899755e-05,0,8.58355164527893,False
38,MEDQA,0.2,0.2,0.2,0.2,0.2,4,9.937460660934448,True
39,MEDQA,0.9010729193687439,0.0004502391966525465,0.00035339678288437426,0.00013624659914057702,0.09798713773488998,0,6.348849534988403,False
40,MEDQA,3.4663113979149784e-07,6.893583304190543e-07,5.203549449106504e-07,0.9999953508377075,3.0894896099198377e-06,3,5.578765869140625,False
41,MEDQA,9.026376210385934e-05,0.00011059348616981879,0.9997256398200989,4.330902811489068e-05,3.0234574296628125e-05,2,4.998538255691528,False
42,MEDQA,5.912264168728143e-05,0.9984795451164246,0.00047051729052327573,0.0009034099639393389,8.737760072108358e-05,0,9.475992679595947,False
43,MEDQA,3.814946467173286e-06,6.51484151603654e-06,1.5534668591499212e-06,0.9999785423278809,9.497570317762438e-06,2,6.50241231918335,False
44,MEDQA,0.000220870875637047,0.9883856773376465,0.00021075646509416401,0.0053512114100158215,0.005831419490277767,1,6.658052682876587,False
45,MEDQA,2.5465109501965344e-05,2.144377322110813e-05,1.631356280995533e-05,1.300630538025871e-05,0.9999237060546875,4,5.947564363479614,False
46,MEDQA,2.39085202338174e-05,0.0001272444351343438,0.9993495345115662,0.0004372411349322647,6.201397627592087e-05,2,6.87442946434021,False
47,MEDQA,8.091090421658009e-05,6.350768671836704e-05,2.7528545615496114e-05,0.00011499757238198072,0.9997130036354065,0,6.327224016189575,False
48,MEDQA,1.7602205844013952e-06,0.9999285936355591,1.4143770385999233e-06,2.2826887288829312e-05,4.539668952929787e-05,1,8.115607500076294,False
49,MEDQA,9.721026117404108e-07,1.5534155863861088e-06,3.689685570407164e-07,0.9999455213546753,5.161818626220338e-05,3,8.134789943695068,False
50,MEDQA,1.1910985904250992e-06,1.8738612652668962e-06,1.2679179235419724e-06,5.054043413110776e-06,0.9999905824661255,4,4.146167516708374,False
51,MEDQA,0.9999812841415405,6.962174211366801e-06,2.699527783533995e-07,7.82778352004243e-06,3.6688081763713853e-06,0,5.699717044830322,False
52,MEDQA,6.0478682826214936e-06,1.8055599866784178e-05,1.3629081877297722e-05,0.00014201828162185848,0.9998202919960022,3,9.669427156448364,False
53,MEDQA,4.888279931947181e-07,7.69034443237615e-07,4.181167696515331e-07,0.9999948740005493,3.446572918619495e-06,3,4.400380849838257,False
54,MEDQA,2.2252402231970336e-06,0.9999793767929077,2.0904196844639955e-06,1.0209333595412318e-05,5.908709681534674e-06,1,5.823749780654907,False
55,MEDQA,1.067686639544263e-06,0.9999836683273315,5.89632520586747e-07,2.812979346344946e-06,1.184308530355338e-05,1,6.83431077003479,False
56,MEDQA,2.045737528533209e-05,1.4393561286851764e-05,0.9997079968452454,0.00024535803822800517,1.1839821127068717e-05,2,5.6704161167144775,False
57,MEDQA,9.164374932879582e-05,0.9992734789848328,5.963372313999571e-05,0.00035362978815101087,0.00022156616614665836,1,5.38283371925354,False
58,MEDQA,0.011207734234631062,0.0006730767199769616,0.030465779826045036,0.9477626085281372,0.009890791028738022,2,9.954086780548096,False
59,MEDQA,4.354677912488114e-06,2.7095717086922377e-05,0.9994902610778809,2.6262070605298504e-05,0.00045206627692095935,0,7.458117723464966,False
60,MEDQA,0.0003359185066074133,0.0007346993661485612,6.86051498632878e-05,0.9987952709197998,6.546349322889e-05,3,4.552258491516113,False
61,MEDQA,0.9998303651809692,8.957071258919314e-05,1.1123844160465524e-05,4.2642051994334906e-05,2.6271007300238125e-05,0,4.148393392562866,False
62,MEDQA,0.9999011754989624,2.3921717001940124e-05,9.222643711837009e-06,3.1691128242528066e-05,3.399961497052573e-05,3,6.898484945297241,False
63,MEDQA,0.9999369382858276,9.22297294891905e-06,1.5056090205689543e-06,3.0478147891699336e-05,2.1781752366223373e-05,0,4.633533477783203,False
64,MEDQA,0.9999734163284302,4.710806024377234e-06,1.2482393003665493e-06,1.5206667740130797e-05,5.422104095487157e-06,0,9.185823917388916,False
65,MEDQA,4.936752702633385e-06,9.223067536368035e-06,0.999947190284729,2.6274075935361907e-05,1.2410994713718537e-05,2,8.035729169845581,False
66,MEDQA,2.3365708329947665e-05,9.647059778217226e-05,1.1298918252578005e-05,0.9998214840888977,4.738476491183974e-05,3,2.6409358978271484,False
67,MEDQA,0.0002569295174907893,0.998916745185852,0.0006875789840705693,5.9148529544472694e-05,7.959304639371112e-05,2,7.838562726974487,False
68,MEDQA,6.6432312451070175e-06,9.368457540404052e-06,3.041492846023175e-06,0.9999629259109497,1.80581755557796e-05,3,8.468658924102783,False
69,MEDQA,0.9995861649513245,0.00024341898097191006,2.6678197173168883e-05,9.311606117989868e-05,5.062632408225909e-05,0,4.7111687660217285,False
70,MEDQA,0.9999816417694092,1.0451465641381219e-05,9.422282118976e-07,4.495119355851784e-06,2.4060641408141237e-06,0,6.06362247467041,False
71,MEDQA,0.999958872795105,1.1842791536764707e-05,1.0782984645629767e-05,1.568915104144253e-05,2.8572064820764353e-06,0,6.275820732116699,False
72,MEDQA,1.0128481335414108e-05,5.3069448767928407e-05,0.9998408555984497,4.683362567448057e-05,4.9081216275226325e-05,2,7.8931803703308105,False
73,MEDQA,8.021175744943321e-05,0.0001939271460287273,0.0001006080856313929,0.0007775551057420671,0.9988477230072021,1,8.734088897705078,False
74,MEDQA,0.9998522996902466,1.777624129317701e-05,2.0577492705342593e-06,9.497789142187685e-05,3.295194619568065e-05,2,7.4932332038879395,False
75,MEDQA,1.805638567020651e-05,2.354996649955865e-05,2.586457776487805e-05,6.867854972369969e-05,0.999863862991333,0,4.022054672241211,False
76,MEDQA,3.0893161238054745e-06,0.9999392032623291,3.905261564796092e-06,1.0129478141607251e-05,4.365803033579141e-05,1,5.09784722328186,False
77,MEDQA,0.3655768930912018,0.017641017213463783,0.025667529553174973,0.5487959384918213,0.04231860116124153,1,5.418261528015137,False
78,MEDQA,5.714429107683827e-07,1.4592307024940965e-06,1.2097447097403347e-06,0.9998987913131714,9.799736290005967e-05,3,6.28874945640564,False
79,MEDQA,2.9022162379988004e-06,3.966859367210418e-06,0.9999641180038452,3.500741058815038e-06,2.546613904996775e-05,2,7.962445497512817,False
80,MEDQA,3.4465019780327566e-06,0.999974250793457,1.0348276191507466e-06,5.771804808318848e-06,1.5446150428033434e-05,1,8.47351622581482,False
81,MEDQA,1.1142491374016572e-08,1.43072416136647e-08,1.0,1.0467401168057222e-08,1.605228061585251e-09,1,9.908128023147583,False
82,MEDQA,3.3927913136722054e-06,4.2223969103361014e-06,0.9998924732208252,6.853626928204903e-06,9.314459020970389e-05,2,7.312685012817383,False
83,MEDQA,2.5258825189666823e-05,0.9996026158332825,7.525055025325855e-06,3.703961556311697e-05,0.0003275614290032536,1,8.624755620956421,False
84,MEDQA,5.421959940576926e-06,4.289123808121076e-06,2.0579439024004387e-06,0.9999468326568604,4.133490801905282e-05,3,4.926965951919556,False
85,MEDQA,3.3930693916772725e-06,1.933312660185038e-06,2.4439361823169747e-06,1.7917851437232457e-05,0.9999743700027466,2,8.719921350479126,False
86,MEDQA,6.337551440083189e-06,2.318179940630216e-05,0.9997319579124451,0.00022603983234148473,1.240832352777943e-05,2,5.789479732513428,False
87,MEDQA,0.15517212450504303,0.0017509525641798973,0.000517580599989742,0.83885258436203,0.0037067667581140995,3,6.733419418334961,False
88,MEDQA,1.3005903383600526e-05,3.169086267007515e-05,2.506953569536563e-05,3.7340960261644796e-05,0.9998928308486938,2,7.8602824211120605,False
89,MEDQA,3.392948656255612e-06,1.95250722754281e-05,0.9999388456344604,2.586651680758223e-05,1.2410891031322535e-05,2,8.16111135482788,False
90,MEDQA,8.800745490589179e-06,9.665727702667937e-06,2.405990016995929e-06,2.8188072974444367e-05,0.9999508857727051,4,5.773566722869873,False
91,MEDQA,3.4462311759853037e-06,0.9998956918716431,1.5533381656496204e-06,9.665193829277996e-06,8.957656973507255e-05,1,7.8463122844696045,False
92,MEDQA,5.714949793400592e-07,2.857295157809858e-06,8.059370770752139e-07,0.9999898672103882,5.862788839294808e-06,3,4.898822784423828,False
93,MEDQA,8.267504199466202e-06,1.7230957382707857e-05,8.800711839285214e-06,1.8631108105182648e-05,0.9999470710754395,4,4.9147562980651855,False
94,MEDQA,3.8448470149887726e-06,3.2376860872318503e-06,2.2958629415370524e-06,1.7298851162195206e-05,0.9999732971191406,2,9.256443738937378,False
95,MEDQA,1.1015889640475507e-06,9.721488822833635e-07,8.851515644892061e-07,0.999993085861206,3.905472112819552e-06,3,5.52197527885437,False
96,MEDQA,0.9998482465744019,1.428355335519882e-05,1.0028628594227484e-06,0.0001114745537051931,2.506841701688245e-05,0,8.201425552368164,False
97,MEDQA,2.327178805217045e-07,6.01270983224822e-07,4.5209367272036616e-07,1.812408783052888e-07,0.9999985694885254,1,9.909668445587158,False
98,MEDQA,2.282466084579937e-05,6.108196248533204e-05,0.9998310804367065,3.59082332579419e-05,4.908073606202379e-05,2,7.281588077545166,False
99,MEDQA,3.0891806090949103e-06,9.51534639170859e-06,0.9998953342437744,9.817395948630292e-06,8.220004383474588e-05,2,7.390443801879883,False
100,MEDQA,0.00015521574823651463,0.00030271289870142937,0.998837411403656,0.00010963534441543743,0.0005950027843937278,4,7.4382641315460205,False
101,MEDQA,0.9999871253967285,3.5008215490961447e-06,4.450795074717462e-07,6.24088943368406e-06,2.6841730687010568e-06,0,6.6945624351501465,False
102,MEDQA,0.999993085861206,1.5294048125724657e-06,1.4908384571299393e-07,2.8130057216912974e-06,2.3320637865253957e-06,0,5.9038121700286865,False
103,MEDQA,0.9999942779541016,3.2377540719608078e-06,7.934456789371325e-07,1.051144749908417e-06,6.475915483861172e-07,0,6.899970531463623,False
104,MEDQA,1.0289079909853172e-05,1.095266816264484e-05,0.9999475479125977,1.4509927495964803e-05,1.6700823834980838e-05,2,7.93246865272522,False
105,MEDQA,1.1015889640475507e-06,0.999993085861206,3.5763358141593926e-07,8.446175456811034e-07,4.637862730305642e-06,1,8.464500427246094,False
106,MEDQA,0.9994844198226929,0.00034864607732743025,3.881259908666834e-05,8.610951044829562e-05,4.196642112219706e-05,2,8.993265151977539,False
107,MEDQA,0.9999631643295288,1.7502588889328763e-05,1.209822585224174e-06,1.5567124137305655e-05,2.5611943783587776e-06,0,6.195454835891724,False
108,MEDQA,0.017261484637856483,0.001656534499488771,0.0025656907819211483,0.0061547718942165375,0.9723615646362305,4,4.610819101333618,False
109,MEDQA,2.8128636131441453e-06,0.9999425411224365,1.101533257497067e-06,2.9082615583320148e-05,2.4394539650529623e-05,2,6.562209844589233,False
110,MEDQA,0.013338306918740273,0.8252118229866028,0.02571025863289833,0.0636335015296936,0.07210620492696762,3,9.501825332641602,False
111,MEDQA,8.593675738666207e-05,0.00041158596286550164,0.069489024579525,0.0002605999761726707,0.9297528862953186,2,5.80690598487854,False
112,MEDQA,1.9221317415940575e-05,4.0217459172708914e-05,6.853571449028095e-06,4.927546251565218e-05,0.9998843669891357,1,7.6742565631866455,False
113,MEDQA,1.0676969850464957e-06,1.8448150740368874e-06,3.4663048609218094e-07,0.9999934434890747,3.3931339658010984e-06,3,6.391689300537109,False
114,MEDQA,1.5533640862486209e-06,5.954653261142084e-06,0.9999123811721802,7.141786045394838e-05,8.663969310873654e-06,3,7.479969024658203,False
115,MEDQA,4.674067895393819e-06,6.2896456256567035e-06,2.1232910967228236e-06,3.0241564672905952e-05,0.9999567270278931,4,5.154773712158203,False
116,MEDQA,0.9997900128364563,2.144090467481874e-05,4.935976448905421e-06,0.00014882937830407172,3.480202576611191e-05,3,4.418545722961426,False
117,MEDQA,2.5365086912643164e-05,4.927595364279114e-05,1.3576952369476203e-05,0.999894380569458,1.7433152606827207e-05,3,8.880260467529297,False
118,MEDQA,1.4367382163982256e-06,1.5056887150421971e-06,5.054039775131969e-06,2.1567996100202436e-06,0.9999898672103882,4,6.3741295337677,False
119,MEDQA,6.539790319948224e-06,3.0239682018873282e-05,0.9998944997787476,3.218997153453529e-05,3.647601988632232e-05,2,5.519212007522583,False
120,MEDQA,2.1442287106765434e-05,1.5204857845674269e-05,1.7229360310011543e-05,0.9998544454574585,9.169702389044687e-05,3,5.194622278213501,False
121,MEDQA,9.422341236131615e-07,0.9999879598617554,4.450798769539688e-07,3.7852939840377076e-06,6.748015493940329e-06,1,7.343717813491821,False
122,MEDQA,2.156756181648234e-06,5.093576874060091e-06,3.138061629215372e-06,1.9833159967674874e-05,0.9999697208404541,4,5.910085439682007,False
123,MEDQA,0.9999361038208008,2.9310524041648023e-05,1.8737591744866222e-06,9.368206519866362e-06,2.3186532416730188e-05,0,8.163050413131714,False
124,MEDQA,1.6536354223717353e-06,0.9999655485153198,5.368568167796184e-07,5.50744653082802e-06,2.6688323487178423e-05,1,5.131631374359131,False
125,MEDQA,3.3404587611585157e-06,1.2029453500872478e-05,1.994678996197763e-06,0.9999725818634033,1.005098511086544e-05,0,8.716692209243774,False
126,MEDQA,2.5107553369707603e-08,6.824941323202438e-08,0.9999029636383057,9.610232518753037e-05,8.314480623994314e-07,0,9.946777105331421,False
127,MEDQA,3.689875995860348e-07,6.475933673755208e-07,2.4579870228080836e-07,0.9999971389770508,1.5294110653485404e-06,3,6.371496200561523,False
128,MEDQA,1.2098524848624947e-06,1.8448047285346547e-06,8.579138466302538e-07,8.267840712505858e-06,0.9999878406524658,0,7.170181035995483,False
129,MEDQA,0.9999686479568481,1.7097234376706183e-05,1.0348218211220228e-06,1.2029406207147986e-05,1.2482333886509878e-06,0,6.044419527053833,False
130,MEDQA,9.931189737244495e-08,0.9999995231628418,9.329489358833598e-08,1.8553905078988464e-07,1.0467395838986704e-08,1,9.943000316619873,False
131,MEDQA,7.07149229128845e-06,0.9999359846115112,6.240570201043738e-06,3.132300480501726e-05,1.9373070244910195e-05,1,4.240622282028198,False
132,MEDQA,0.9999881982803345,1.8738567177933874e-06,2.7852394168803585e-07,7.586999799968908e-06,2.0580289401550544e-06,0,8.151776313781738,False
133,MEDQA,8.529656952305231e-06,0.9999135732650757,4.860051831201417e-06,3.837688564090058e-05,3.453546014497988e-05,1,4.745890378952026,False
134,MEDQA,0.9937968254089355,6.564674549736083e-05,0.00012168984540039673,0.006002390757203102,1.3546972695621662e-05,0,8.43786334991455,False
135,MEDQA,7.523765361838741e-06,1.0445713996887207e-05,0.999431312084198,3.9421709516318515e-05,0.0005112285143695772,2,6.875891208648682,False
136,MEDQA,3.2433788874186575e-05,2.077786484733224e-05,5.860665623913519e-06,0.9996277093887329,0.00031318020774051547,3,4.547696113586426,False
137,MEDQA,0.9997586607933044,8.137794793583453e-06,1.2095752026652917e-06,0.0002284871879965067,3.611124384406139e-06,4,7.232547044754028,False
138,MEDQA,4.9852060328703374e-05,8.887090370990336e-05,0.9997993111610413,6.337978447845671e-06,5.561399302678183e-05,2,4.827188730239868,False
139,MEDQA,2.3922006221255288e-05,2.6273182811564766e-05,0.999913215637207,2.2826536223874427e-05,1.3844995010003913e-05,3,8.855498790740967,False
140,MEDQA,1.0289354577253107e-05,1.179680293716956e-05,3.6897915833833395e-07,0.999974250793457,3.37984056386631e-06,3,6.139823913574219,False
141,MEDQA,0.9999176263809204,4.757479837280698e-05,3.6116985029366333e-06,2.429882988508325e-05,6.961731287447037e-06,0,4.812191009521484,False
142,MEDQA,0.9999955892562866,9.422413427273568e-07,6.412032860225736e-08,1.84481893938937e-06,1.6028064919737517e-06,0,7.119656562805176,False
143,MEDQA,1.8342405383009464e-05,0.9999550580978394,1.4144144415695337e-06,3.726485601873719e-06,2.144444442819804e-05,1,7.2885472774505615,False
144,MEDQA,4.004356742370874e-05,0.00023589942429680377,8.796404472377617e-06,0.9994576573371887,0.00025757119874469936,3,7.532353401184082,False
145,MEDQA,5.093544132250827e-06,3.041493982891552e-06,2.3687177872488974e-06,2.6172065190621652e-05,0.9999632835388184,3,8.16068959236145,False
146,MEDQA,1.3287541378304013e-06,2.0580146156135015e-06,8.851410484567168e-07,1.4510414985124953e-05,0.999981164932251,3,8.46127700805664,False
147,MEDQA,1.1726194770744769e-06,6.747958650521468e-06,1.1365416412445484e-06,0.9999794960021973,1.1478664418973494e-05,3,5.060502052307129,False
148,MEDQA,3.5006153211725177e-06,0.9999282360076904,7.111931381587056e-07,8.397539204452187e-06,5.9208421589573845e-05,1,7.687267780303955,False
149,MEDQA,0.9998632669448853,6.642569132964127e-06,5.895615231565898e-07,9.440994290343951e-06,0.00012006461474811658,4,3.6665327548980713,False
150,MEDQA,0.9996811151504517,0.00020499879610724747,2.1561336325248703e-06,0.000106768224213738,5.013160716771381e-06,0,5.399920225143433,False
151,MEDQA,1.967408934433479e-05,6.840159767307341e-05,1.1840074876090512e-05,0.0001706233888398856,0.9997294545173645,4,4.901886940002441,False
152,MEDQA,6.412035702396679e-08,8.764213532685972e-08,2.3588562214627018e-08,3.7266386243572924e-06,0.9999960660934448,0,9.91520619392395,False
153,MEDQA,0.9999784231185913,1.3845898138242774e-05,8.315107606904348e-07,4.860366971115582e-06,1.994690819628886e-06,0,5.771538496017456,False
154,MEDQA,1.9750336832657922e-07,7.811409545865899e-07,6.681452191514836e-07,0.9999897480010986,8.530307241016999e-06,3,6.724543333053589,False
155,MEDQA,2.1905507310293615e-06,0.9998924732208252,8.792954031378031e-05,7.1825393206381705e-06,1.0288512385159265e-05,4,8.443042278289795,False
156,MEDQA,1.9333272121002665e-06,0.9999818801879883,1.0676847068680217e-06,6.854239927633898e-06,8.397990313824266e-06,1,8.083914518356323,False
157,MEDQA,0.9999816417694092,6.1922883105580695e-06,4.3568188630160876e-06,6.289802513492759e-06,1.4593515516025946e-06,0,4.832007884979248,False
158,MEDQA,1.7380005374434404e-05,0.00013044418301433325,0.671870231628418,0.327443391084671,0.0005385682452470064,3,5.624281406402588,False
159,MEDQA,0.0006452422239817679,0.9978675842285156,0.00010699165432015434,0.000146240257890895,0.0012340581743046641,2,9.424082040786743,False
160,MEDQA,3.6758552596438676e-05,3.346904122736305e-05,4.784149950864958e-06,0.9997978806495667,0.00012711517047137022,3,8.120304107666016,False
161,MEDQA,9.132501759268052e-07,0.9999940395355225,1.586990805435562e-07,3.237753162466106e-06,1.6280445152005996e-06,1,8.214985132217407,False
162,MEDQA,8.579057748647756e-07,1.62801904934895e-06,1.9142464680044213e-07,0.9999784231185913,1.892509862955194e-05,3,8.093732833862305,False
163,MEDQA,0.9999710321426392,2.561214614615892e-06,2.9648211352650833e-07,9.972752195608336e-06,1.6187374058063142e-05,0,9.64981722831726,False
164,MEDQA,0.9995493292808533,0.00016088418487925082,2.467238846293185e-05,0.00014648672367911786,0.00011862856626976281,0,4.499002695083618,False
165,MEDQA,1.2606087693711743e-05,2.3551272533950396e-05,0.9999192953109741,3.882948658429086e-05,5.77148784941528e-06,1,4.802939414978027,False
166,MEDQA,1.0029802979261149e-06,2.8572248993441463e-06,6.083383254917862e-07,0.9999653100967407,3.0241822969401255e-05,1,7.355611324310303,False
167,MEDQA,2.8736650392602314e-07,7.811431714799255e-07,4.313882300266414e-07,0.9999926090240479,5.86280521019944e-06,3,5.037008285522461,False
168,MEDQA,2.9022646685916698e-06,0.9999808073043823,2.1233422557997983e-06,2.561239625720191e-06,1.1659441952360794e-05,1,4.6138832569122314,False
169,MEDQA,1.6373745381770277e-07,2.382365664743702e-07,5.658614199433032e-08,0.9999983310699463,1.2289177675484098e-06,3,7.006159543991089,False
170,MEDQA,4.710572284238879e-06,1.061543844116386e-05,0.999923825263977,4.434486254467629e-05,1.6441512343590148e-05,2,5.940249919891357,False
171,MEDQA,5.68236100662034e-06,3.288698280812241e-06,1.1365436876076274e-06,0.9999812841415405,8.597137821197975e-06,3,8.194508075714111,False
172,MEDQA,1.9947015061916318e-06,0.9999837875366211,2.9022733087913366e-06,3.611937472669524e-06,7.76688648329582e-06,2,8.131680250167847,False
173,MEDQA,0.9999099969863892,1.2804485777451191e-05,4.092559265700402e-06,4.1984290874097496e-05,3.1200077501125634e-05,0,7.777946710586548,False
174,MEDQA,5.714952635571535e-07,1.3287663023220375e-06,8.714262094144942e-07,6.854297680547461e-06,0.9999903440475464,4,7.877057313919067,False
175,MEDQA,1.8155128600483295e-06,1.3704210459764e-06,1.873143446573522e-06,0.999607503414154,0.0003874741669278592,3,7.2307448387146,False
176,MEDQA,2.8572228529810673e-06,5.422056347015314e-06,2.1907087557337945e-06,2.4876228053472005e-05,0.9999645948410034,4,4.040643215179443,False
177,MEDQA,4.4508340124593815e-07,5.043455644226924e-07,5.203552291277447e-07,0.9999958276748657,2.7264663913229015e-06,3,7.321069240570068,False
178,MEDQA,2.1068403839308303e-06,9.349048468720866e-07,0.9999914169311523,5.054047960584285e-06,4.812477527593728e-07,3,9.91624665260315,False
179,MEDQA,1.2878023198936717e-06,3.0892770155332983e-06,1.5055933317853487e-06,0.9999265670776367,6.761802796972916e-05,3,6.936652660369873,False
180,MEDQA,3.155828665057925e-07,6.89296371092496e-07,1.248154489985609e-06,0.9999054670333862,9.224059613188729e-05,1,6.996289968490601,False
181,MEDQA,3.668797262434964e-06,3.6119176911597606e-06,1.6280188219752745e-06,1.2805360711354297e-05,0.9999783039093018,4,3.6743900775909424,False
182,MEDQA,2.988349660881795e-05,0.00010119334183400497,3.958920206059702e-05,6.476361159002408e-05,0.999764621257782,1,6.193482398986816,False
183,MEDQA,6.048552222637227e-06,1.130018245021347e-05,0.9999333620071411,1.0952512639050838e-05,3.8228026824072e-05,4,7.842929363250732,False
184,MEDQA,0.9919845461845398,0.00029367179377004504,1.8773809642880224e-05,6.975317228352651e-05,0.007633298169821501,1,5.863693952560425,False
185,MEDQA,5.714615554097691e-07,8.058898970375594e-07,4.7375823442052933e-07,0.9999313354492188,6.679794751107693e-05,3,7.68501877784729,False
186,MEDQA,8.089189213933423e-05,0.00012627046089619398,0.9994781613349915,9.988815145334229e-05,0.00021479326824191958,2,7.20320200920105,False
187,MEDQA,9.72147859101824e-07,0.9999920129776001,9.132483569374017e-07,3.0894791507307673e-06,2.994426040459075e-06,1,6.795524835586548,False
188,MEDQA,6.642968401138205e-06,7.5274692790117115e-06,1.231411806656979e-05,5.0102287787012756e-05,0.9999233484268188,4,5.63731575012207,False
189,MEDQA,2.4438913897029124e-06,0.9999561309814453,5.203345381232793e-07,1.7639738871366717e-05,2.3186998078017496e-05,2,6.5809760093688965,False
190,MEDQA,0.9998283386230469,9.367196980747394e-06,1.0346765293434146e-06,0.00013341491285245866,2.7747655622079037e-05,0,7.632289886474609,False
191,MEDQA,8.315160471283889e-07,2.1907528662268305e-06,6.14411874266807e-06,6.048862815077882e-06,0.9999847412109375,3,8.235153913497925,False
192,MEDQA,8.990875812742161e-07,1.760328018463042e-06,9.132461400440661e-07,6.8009526330570225e-06,0.9999896287918091,4,3.7804839611053467,False
193,MEDQA,6.47590013613808e-07,4.2228170968883205e-06,0.9999918937683105,1.8162108972319402e-06,1.4144665101412102e-06,2,7.655949592590332,False
194,MEDQA,3.647454650490545e-05,4.00594508391805e-05,0.9998540878295898,1.012861594062997e-05,5.9204030549153686e-05,2,5.769887208938599,False
195,MEDQA,3.0414300908887526e-06,2.885628600779455e-05,0.9999423027038574,1.9988165149698034e-05,5.682139544660458e-06,2,4.3583149909973145,False
196,MEDQA,1.1299955986032728e-05,1.7777327229850926e-05,1.2218166375532746e-05,4.539599467534572e-05,0.9999133348464966,0,7.391357898712158,False
197,MEDQA,9.8177588370163e-06,3.373607978574e-05,0.9999322891235352,1.3419285096460953e-05,1.0782698154798709e-05,2,5.62387752532959,False
198,MEDQA,4.2308951378799975e-05,4.565761992125772e-05,3.8372552808141336e-05,7.310330693144351e-05,0.9998006224632263,4,6.328693151473999,False
199,MEDQA,0.999601423740387,4.493409960559802e-06,1.7596446468814975e-06,0.00029158787219785154,0.00010068399569718167,3,6.979043483734131,False
200,MEDQA,1.1015401923941681e-06,0.9999488592147827,6.681179343104304e-07,6.048645900591509e-06,4.331869786255993e-05,1,6.056065320968628,False
201,MEDQA,1.666921889409423e-05,0.9980552196502686,2.9886264201195445e-06,2.8355298127280548e-05,0.0018968291115015745,1,5.283498764038086,False
202,MEDQA,2.9021757654845715e-06,2.1444340745802037e-05,0.9999501705169678,1.384550614602631e-05,1.1659084520942997e-05,3,5.347339153289795,False
203,MEDQA,2.144232530554291e-05,4.19820353272371e-05,0.9998562335968018,3.426473995205015e-05,4.610824544215575e-05,0,7.807562351226807,False
204,MEDQA,3.5905715776607394e-05,0.0001459465129300952,0.9997609257698059,2.8403757823980413e-05,2.8851050956291147e-05,2,4.494654893875122,False
205,MEDQA,0.00025652130716480315,0.38450485467910767,0.0005296345334500074,0.0002720009069889784,0.6144369840621948,1,5.718360900878906,False
206,MEDQA,3.844741968350718e-06,4.222623374516843e-06,8.314838169098948e-07,0.9999459981918335,4.5088203478371724e-05,3,4.888525724411011,False
207,MEDQA,2.648000736371614e-05,2.1444164303829893e-05,4.425253337103641e-06,0.9999419450759888,5.771618361904984e-06,0,8.96268916130066,False
208,MEDQA,5.692377089872025e-05,0.9996399879455566,9.07728826859966e-06,0.0001030756247928366,0.0001908855338115245,1,7.609802007675171,False
209,MEDQA,0.9997451901435852,9.026553016155958e-05,1.7498772649560124e-05,0.00012929939839523286,1.7774336811271496e-05,0,4.04108190536499,False
210,MEDQA,5.7159908465109766e-05,2.282563036715146e-05,0.9998735189437866,2.5069051844184287e-05,2.1442696379381232e-05,2,5.690513610839844,False
211,MEDQA,1.002097747004882e-06,1.8145645981348935e-06,7.105937243068183e-07,0.9990854263305664,0.0009110479732044041,1,5.968731880187988,False
212,MEDQA,0.9997076392173767,8.154504757840186e-05,6.400544225471094e-05,0.00010802964243339375,3.8821264752186835e-05,4,5.138238906860352,False
213,MEDQA,0.9999957084655762,2.0580444015649846e-06,7.496426945863277e-08,1.7880601035358268e-06,3.927846705664706e-07,0,8.32648253440857,False
214,MEDQA,2.335592830249311e-09,2.998960413336249e-09,2.061153470123145e-09,7.734421103577915e-08,0.9999998807907104,1,9.913133382797241,False
215,MEDQA,0.9998961687088013,4.2312993173254654e-05,3.844550519715995e-06,3.974937862949446e-05,1.8056969565805048e-05,3,4.996005535125732,False
216,MEDQA,1.6184416381292976e-05,4.433885624166578e-05,5.2543109632097185e-06,0.00014593270316254348,0.9997883439064026,4,5.662352085113525,False
217,MEDQA,5.043456212661113e-07,9.4224168378787e-07,4.313896511121129e-07,0.9999959468841553,2.123374315488036e-06,3,7.803469657897949,False
218,MEDQA,1.0030009889305802e-06,1.4823393712504185e-06,1.653669073675701e-06,9.972901352739427e-06,0.999985933303833,4,4.378484010696411,False
219,MEDQA,4.907790571451187e-05,9.460014553042129e-05,0.9997734427452087,2.3547836462967098e-05,5.9199253882979974e-05,0,4.855990171432495,False
220,MEDQA,0.0003510340175125748,0.00011396405898267403,0.0010000028414651752,0.9984986782073975,3.628309059422463e-05,3,6.174551248550415,False
221,MEDQA,0.002585256239399314,0.0035336262080818415,0.892096757888794,0.018806444481015205,0.08297792822122574,0,8.572402954101562,False
222,MEDQA,4.7850476221356075e-06,4.710862413048744e-06,2.5215431378455833e-06,0.9999854564666748,2.4439632397843525e-06,3,4.92438530921936,False
223,MEDQA,0.9997139573097229,4.9847807531477883e-05,1.6959860658971593e-05,0.00012531736865639687,9.385837620357051e-05,0,5.502399444580078,False
224,MEDQA,6.5387403083150275e-06,0.00018593567074276507,0.9997339844703674,6.813523214077577e-05,5.420805791800376e-06,2,8.149554014205933,False
225,MEDQA,4.356612862466136e-06,4.1658582631498575e-05,0.9999343156814575,3.7264082948240684e-06,1.593582783243619e-05,2,6.5791425704956055,False
226,MEDQA,2.3548862372990698e-05,3.882551027345471e-05,0.9998169541358948,0.00011060358519898728,1.0128239409823436e-05,3,7.426947832107544,False
227,MEDQA,5.315785145398877e-08,1.0,4.012565213429298e-08,3.8288163750621607e-08,8.378003180098403e-09,3,9.916631698608398,False
228,MEDQA,5.464287823997438e-06,0.999910831451416,1.8737117670752923e-06,1.1658626135613304e-05,7.003640348557383e-05,0,9.406726360321045,False
229,MEDQA,2.4297061827383004e-05,6.351606862153858e-05,2.7532178137334995e-05,3.974734136136249e-05,0.9998449087142944,4,4.96540093421936,False
230,MEDQA,4.860265562456334e-06,1.696399340289645e-05,0.9999575614929199,1.9222723494749516e-05,1.3709009181184229e-06,2,6.619519948959351,False
231,MEDQA,0.9999581575393677,1.4970681149861775e-05,7.296127478184644e-06,1.0952784577966668e-05,8.530038030585274e-06,0,6.972735166549683,False
232,MEDQA,5.507519745151512e-06,4.710831490228884e-06,2.2252390863286564e-06,0.9999788999557495,8.664545930514578e-06,3,6.08729887008667,False
233,MEDQA,2.9300546884769574e-05,0.9995957016944885,4.935017386742402e-06,1.3840598512615543e-05,0.0003562572237569839,1,6.155911684036255,False
234,MEDQA,1.6027556739572901e-06,2.7263793072052067e-06,2.0903873974020826e-06,2.965685234812554e-05,0.9999638795852661,3,8.080796480178833,False
235,MEDQA,2.839760054484941e-05,0.9995442032814026,0.00022511630959343165,5.75892481720075e-05,0.00014477934746537358,1,7.101853847503662,False
236,MEDQA,0.9999943971633911,2.2252736471273238e-06,3.9278415897570085e-07,1.7603364312890335e-06,1.2482654483392253e-06,0,5.431938171386719,False
237,MEDQA,5.023792368774593e-07,6.301247026385681e-07,1.0429662324895617e-06,2.156812115572393e-06,0.9999957084655762,1,9.942804098129272,False
238,MEDQA,0.9998379945755005,1.9830547898891382e-05,1.0287952136422973e-05,9.572143608238548e-05,3.619011476985179e-05,1,7.90315055847168,False
239,MEDQA,0.9999573230743408,7.071643267408945e-06,6.083334369577642e-07,1.4738569916517008e-05,2.0303239580243826e-05,0,7.147963047027588,False
240,MEDQA,4.052502333706798e-07,5.043420969741419e-07,3.359642448685918e-07,9.818314538279083e-06,0.9999889135360718,4,6.463433027267456,False
241,MEDQA,0.9995853304862976,4.538110442808829e-05,3.0230332413339056e-05,0.00023592956131324172,0.00010306998592568561,1,5.098371505737305,False
242,MEDQA,3.6686765270133037e-06,7.888893378549255e-06,4.2226206460327376e-06,3.8830497942399234e-05,0.9999454021453857,0,5.851177930831909,False
243,MEDQA,4.3975865992251784e-05,4.329407965997234e-05,0.9993805885314941,3.0700102797709405e-05,0.0005013150512240827,0,6.7767064571380615,False
244,MEDQA,4.984871338820085e-05,0.00010552973253652453,6.707877764711156e-05,4.538777284324169e-05,0.9997321963310242,4,6.386157989501953,False
245,MEDQA,5.203462478675647e-07,1.0187884527113056e-06,2.699520393889543e-07,0.9999785423278809,1.9678991520777345e-05,3,8.922328233718872,False
246,MEDQA,4.2892293095064815e-06,0.9999715089797974,2.1907237623963738e-06,1.3006927474634722e-05,9.080298696062528e-06,0,6.900614500045776,False
247,MEDQA,0.9998883008956909,4.6835848479531705e-05,2.2250376332522137e-06,3.426583862164989e-05,2.8407375793904066e-05,3,9.924866914749146,False
248,MEDQA,2.0580039290507557e-06,1.706145212665433e-06,2.1907337668380933e-06,0.9999760389328003,1.805841202440206e-05,2,6.011372327804565,False
249,MEDQA,0.00024320275406353176,0.9928635954856873,0.00023251937818713486,0.0025391853414475918,0.004121504724025726,1,6.508783578872681,False
250,MEDQA,0.9933797121047974,0.00010084208042826504,1.1402906238799915e-05,0.006386829540133476,0.00012116454308852553,0,4.32145357131958,False
251,MEDQA,2.190761279052822e-06,0.9999885559082031,5.20351420618681e-07,2.406080739092431e-06,6.439005574065959e-06,1,7.867441177368164,False
252,MEDQA,0.9975190162658691,0.0016152503667399287,0.0002930121263489127,0.0004005000810138881,0.00017225292685907334,0,5.756491422653198,False
253,MEDQA,5.421863079391187e-06,2.368636614846764e-06,2.7692169624060625e-06,0.9999289512634277,6.037624552845955e-05,3,5.50744104385376,False
254,MEDQA,0.9999672174453735,1.7366452084388584e-05,6.681302124889044e-07,1.0209209904132877e-05,4.356756107881665e-06,0,5.054348707199097,False
255,MEDQA,7.766620001348201e-06,2.046231929853093e-05,0.99994957447052,1.75023506017169e-05,4.637661277229199e-06,2,4.997021198272705,False
256,MEDQA,3.439086867729202e-05,8.894217171473429e-05,2.17749438888859e-05,0.9996243715286255,0.00023047326249070466,3,8.417105197906494,False
257,MEDQA,2.769382945189136e-06,3.5008276881853817e-06,2.964873999644624e-07,0.9999889135360718,4.495151642913697e-06,3,6.948865175247192,False
258,MEDQA,2.8128538360761013e-06,0.9999390840530396,7.811013915670628e-07,3.7264262573444284e-06,5.3490930440602824e-05,4,6.375532627105713,False
259,MEDQA,2.7852627226820914e-07,3.466315661171393e-07,3.2563019658482517e-07,0.999996542930603,2.4824776119203307e-06,3,5.250226736068726,False
260,MEDQA,2.586256232461892e-05,3.218647907488048e-05,0.9997859597206116,0.00012930468074046075,2.6683528631110676e-05,2,7.908863306045532,False
261,MEDQA,1.028927908919286e-05,6.144009603303857e-06,0.9999669790267944,7.889064363553189e-06,8.664442248118576e-06,2,8.112756490707397,False
262,MEDQA,0.011399217881262302,0.004326655063778162,0.01375008188188076,0.03622664138674736,0.9342973828315735,4,6.2371227741241455,False
263,MEDQA,6.240758011699654e-06,2.8572269457072252e-06,2.3633012460777536e-05,0.999966025352478,1.1910693729078048e-06,2,6.137286424636841,False
264,MEDQA,6.43870316707762e-06,8.013094884518068e-06,7.296006515389308e-06,3.6620505852624774e-05,0.9999415874481201,0,6.900723934173584,False
265,MEDQA,0.999859094619751,2.6685482225730084e-05,1.6534593214601045e-06,4.6470009692711756e-05,6.604719965253025e-05,4,7.918511629104614,False
266,MEDQA,0.0004985638079233468,0.0006814559455960989,0.00023735195281915367,0.9977859258651733,0.000796702632214874,1,8.24822998046875,False
267,MEDQA,9.361380216432735e-05,0.0003377753309905529,0.00013647356536239386,0.00037388320197351277,0.9990583062171936,4,3.296041250228882,False
268,MEDQA,6.240385118871927e-06,9.2226910055615e-06,4.565562903735554e-06,7.368445221800357e-05,0.9999063014984131,4,7.749305009841919,False
269,MEDQA,4.05242587930843e-07,6.276520707615418e-07,2.4579205160080164e-07,0.9999700784683228,2.863251938833855e-05,3,6.833459377288818,False
270,MEDQA,3.500339971651556e-06,3.966405074606882e-06,0.9998495578765869,9.514910743746441e-06,0.00013341773592401296,2,7.144881725311279,False
271,MEDQA,0.001687787938863039,0.0036293144803494215,0.0016616212669759989,0.2794417440891266,0.7135794758796692,1,6.202286720275879,False
272,MEDQA,5.593913101620274e-06,8.397457349929027e-06,0.9999184608459473,2.429884989396669e-05,4.331738091423176e-05,2,6.791519641876221,False
273,MEDQA,3.3793268812587485e-05,0.9977224469184875,3.639678470790386e-05,0.002115360228344798,9.203921945299953e-05,0,4.877328872680664,False
274,MEDQA,0.999991774559021,6.4390264924441e-06,7.81142546202318e-07,5.203531259212468e-07,4.313878605444188e-07,0,6.0012218952178955,False
275,MEDQA,0.9999946355819702,1.482352217863081e-06,8.233205051055847e-08,2.6016093670477858e-06,1.2482657893997384e-06,0,7.342692852020264,False
276,MEDQA,3.668841827675351e-06,9.64580976869911e-07,2.2959025045565795e-06,2.6015984531113645e-06,0.9999904632568359,2,9.946229934692383,False
277,MEDQA,6.083489552111132e-07,5.714909434573201e-07,6.681406148345559e-07,0.9999828338623047,1.5206810530798975e-05,3,5.1539387702941895,False
278,MEDQA,0.9998371601104736,5.143648377270438e-05,9.420920719094283e-07,0.00010554081381997094,4.936209279549075e-06,0,7.593138217926025,False
279,MEDQA,0.9999442100524902,4.748323408421129e-05,8.05900299383211e-07,6.338897037494462e-06,1.1725780950655462e-06,1,4.946298360824585,False
280,MEDQA,7.112413982213184e-07,0.9999960660934448,3.576346330191882e-07,1.3287739193401649e-06,1.6028072877816157e-06,1,7.98176383972168,False
281,MEDQA,1.4908458467743912e-07,2.3090672129910672e-07,1.689349744538049e-07,0.9999979734420776,1.459375425838516e-06,3,6.002834796905518,False
282,MEDQA,0.9991515874862671,5.8245204854756594e-05,8.932192031352315e-06,6.0094109358033165e-05,0.0007210980402305722,0,4.104255676269531,False
283,MEDQA,8.397446435992606e-06,0.9999171495437622,3.6685728446173016e-06,5.184405017644167e-05,1.8923938114312477e-05,0,8.32985234260559,False
284,MEDQA,0.02668040059506893,0.02318033203482628,0.044681258499622345,0.8974471092224121,0.008010908029973507,1,9.941256046295166,False
285,MEDQA,3.6118847219768213e-06,1.331534622295294e-05,1.933302428369643e-06,1.2029412573610898e-05,0.9999691247940063,3,4.923963308334351,False
286,MEDQA,9.874547686195e-07,1.5293999240384437e-06,2.0377281373384903e-07,0.9999898672103882,7.353584805969149e-06,3,4.979288339614868,False
287,MEDQA,1.643688119656872e-05,3.372628998477012e-05,0.9996421337127686,0.00016796344425529242,0.00013979159120935947,0,5.176867246627808,False
288,MEDQA,2.405908389846445e-06,1.4509482753055636e-05,0.9999169111251831,2.668702472874429e-05,3.944086347473785e-05,1,7.5736403465271,False
289,MEDQA,2.40603139900486e-06,1.844768235059746e-06,5.20340790899354e-07,0.9999680519104004,2.7214769943384454e-05,3,5.152481555938721,False
290,MEDQA,7.885891136538703e-06,2.50613120442722e-05,2.8177189960842952e-05,0.0003740727552212775,0.9995648264884949,1,7.167264938354492,False
291,MEDQA,0.9999899864196777,3.5008315535378642e-06,1.5381581874862604e-07,1.9637886907730717e-06,4.5659448915102985e-06,0,7.183954477310181,False
292,MEDQA,4.710666416940512e-06,0.9999438524246216,1.7060903019228135e-06,1.13003006845247e-05,3.837804979411885e-05,3,8.127753496170044,False
293,MEDQA,0.9999634027481079,2.5665854991530068e-05,3.500738557704608e-06,5.9549570323724765e-06,1.602754878149426e-06,0,4.829517841339111,False
294,MEDQA,0.9999833106994629,5.955075266683707e-06,3.256259049067012e-07,6.4389719227619935e-06,3.905433914042078e-06,0,8.610888957977295,False
295,MEDQA,3.446288701525191e-06,0.9999123811721802,9.131755973612599e-07,3.0413391414185753e-06,8.014057675609365e-05,1,6.1584632396698,False
296,MEDQA,0.9999785423278809,7.766845556034241e-06,7.112289495125879e-07,6.962155111978063e-06,6.0488255257951096e-06,0,7.139849662780762,False
297,MEDQA,4.6377722355828155e-06,0.9999735355377197,5.896264951843477e-07,1.0289347301295493e-05,1.0952952834486496e-05,3,8.452736139297485,False
298,MEDQA,3.3404544410586823e-06,5.862680154677946e-06,4.35677384302835e-06,1.5206634998321533e-05,0.9999712705612183,4,7.729477405548096,False
299,MEDQA,1.3006107110413723e-05,0.999908447265625,4.4947901187697425e-06,5.245471766102128e-05,2.161162774427794e-05,1,4.957324028015137,False
300,MEDQA,0.0004236909735482186,0.0003286844294052571,5.6231277994811535e-05,0.999119222164154,7.22023905836977e-05,3,4.955789804458618,False
301,MEDQA,9.515424608252943e-06,0.9999035596847534,2.190575060012634e-06,5.771396899945103e-06,7.905166421551257e-05,3,5.051755666732788,False
302,MEDQA,0.9999982118606567,1.4593757668990293e-06,4.27134594360723e-08,2.699573542486178e-07,1.2359548406948306e-07,0,8.348689794540405,False
303,MEDQA,0.9998955726623535,4.006111339549534e-05,7.410561011056416e-06,2.0461213352973573e-05,3.64760599040892e-05,3,7.320355653762817,False
304,MEDQA,2.545370807638392e-05,2.3911545213195495e-05,1.6434149074484594e-05,0.9994760155677795,0.00045828279689885676,0,8.81107473373413,False
305,MEDQA,0.9998109936714172,0.00017030435265041888,1.7600135606699041e-06,7.29505336494185e-06,9.6643752840464e-06,1,4.144019603729248,False
306,MEDQA,1.522997727931852e-08,8.152019503882002e-09,1.9555679742211396e-08,1.1253516163378663e-07,0.9999998807907104,2,9.940601110458374,False
307,MEDQA,3.1380302516481606e-06,0.9999597072601318,3.041483068955131e-06,7.64628748584073e-06,2.6480476662982255e-05,2,7.499990224838257,False
308,MEDQA,2.190700342907803e-06,4.222685674903914e-06,0.9999607801437378,4.784929387824377e-06,2.7968988433713093e-05,2,7.183332443237305,False
309,MEDQA,0.999971866607666,1.816174631130707e-06,4.737774474961043e-07,1.221888123836834e-05,1.3631147339765448e-05,3,6.222005128860474,False
310,MEDQA,1.5812107449164614e-05,0.9999527931213379,1.6536142766199191e-06,7.76664546719985e-06,2.195293564000167e-05,1,7.444236516952515,False
311,MEDQA,2.1691596430173377e-07,3.5763395089816186e-07,1.1253451503989709e-07,0.999994158744812,5.0937014748342335e-06,3,8.946055889129639,False
312,MEDQA,5.3368366934591904e-06,5.172639703232562e-06,1.3284437727634213e-06,0.9997475743293762,0.00024062191369011998,1,7.761724233627319,False
313,MEDQA,2.057955271084211e-06,0.9999524354934692,1.7602626485313522e-06,9.515889360045549e-06,3.4268035960849375e-05,1,5.985138654708862,False
314,MEDQA,0.0002529746270738542,0.9990291595458984,9.753041376825422e-05,0.00020647188648581505,0.0004138388903811574,0,9.299224376678467,False
315,MEDQA,6.048787327017635e-06,0.9999722242355347,5.68230962016969e-06,1.0699213817133568e-05,5.255277301330352e-06,1,5.576632738113403,False
316,MEDQA,0.9925204515457153,0.0048168618232011795,0.0003031576343346387,0.0014633324462920427,0.0008962660213001072,0,6.428083658218384,False
317,MEDQA,0.2,0.2,0.2,0.2,0.2,1,9.914124011993408,True
318,MEDQA,3.5351928090676665e-05,3.119796747341752e-05,0.9998424053192139,3.321006443002261e-05,5.7831894082482904e-05,2,8.537724733352661,False
319,MEDQA,0.999834418296814,7.310578075703233e-05,1.3843903616361786e-05,3.535164796630852e-05,4.3313739297445863e-05,1,8.810040473937988,False
320,MEDQA,8.6625050244038e-06,6.960518021514872e-06,1.328438202108373e-06,0.9997434020042419,0.00023968282039277256,3,7.667815208435059,False
321,MEDQA,3.555939429134014e-06,4.565916242427193e-06,1.4593545074603753e-06,6.747986844857223e-06,0.9999836683273315,0,6.0265374183654785,False
322,MEDQA,8.578126085012627e-07,7.337259830819676e-07,3.2558895668444165e-07,0.9998698234558105,0.00012830918421968818,3,5.9668028354644775,False
323,MEDQA,5.475191574078053e-05,8.749331027502194e-05,0.9998018145561218,1.9522396542015485e-05,3.647264020401053e-05,2,4.516377210617065,False
324,MEDQA,3.64588777301833e-05,0.00027794824563898146,0.9994245767593384,6.398732512025163e-05,0.00019709483603946865,0,7.797685623168945,False
325,MEDQA,2.902279220506898e-06,3.1875301829131786e-06,0.9999858140945435,4.092869403393706e-06,4.029415322293062e-06,2,9.429689884185791,False
326,MEDQA,8.059242304625513e-07,0.9999738931655884,5.714858843930415e-07,6.64330445943051e-06,1.8058373825624585e-05,1,7.067872524261475,False
327,MEDQA,1.7060222035070183e-06,6.338641924230615e-06,1.5533508985754452e-06,0.9999039173126221,8.639839506940916e-05,0,8.286923170089722,False
328,MEDQA,4.3992338760290295e-05,0.9997549653053284,1.862752833403647e-05,1.7774511434254237e-05,0.00016473332652822137,1,5.6597511768341064,False
329,MEDQA,0.9995467066764832,0.000322464999044314,1.0948278031719383e-05,0.00010067848779726774,1.921482544275932e-05,1,4.9029505252838135,False
330,MEDQA,2.405894065304892e-06,1.1658627045108005e-05,0.9999109506607056,3.1939995096763596e-05,4.297996201785281e-05,2,7.682455778121948,False
331,MEDQA,3.6687749798147706e-06,0.9999722242355347,1.2098334991605952e-06,1.202944986289367e-05,1.0867702258110512e-05,1,7.7171807289123535,False
332,MEDQA,3.562748679541983e-05,3.480217856122181e-05,5.593219157162821e-06,0.9997944235801697,0.00012954276462551206,3,7.969324827194214,False
333,MEDQA,3.6117764921073103e-06,7.0715154834033456e-06,6.289535576797789e-06,4.377543518785387e-05,0.9999392032623291,4,5.448174953460693,False
334,MEDQA,0.005194781813770533,0.8143108487129211,0.14150600135326385,0.014010991901159286,0.024977292865514755,1,5.651572227478027,False
335,MEDQA,7.182673925854033e-06,0.9999111890792847,2.9020625333942007e-06,1.6700218111509457e-05,6.204883538885042e-05,1,9.398273944854736,False
336,MEDQA,2.3685927317274036e-06,2.8127733457949944e-06,1.5533611303908401e-06,0.9999104738235474,8.276514563476667e-05,0,8.49348497390747,False
337,MEDQA,1.0615752216835972e-05,2.5214621928171255e-06,5.771684300270863e-06,0.9999533891677856,2.7642936402116902e-05,2,6.141118049621582,False
338,MEDQA,0.9999240636825562,1.7230560843017884e-05,1.1478028682176955e-05,9.515619240119122e-06,3.763500353670679e-05,0,7.80156683921814,False
339,MEDQA,0.9999792575836182,6.854221737739863e-06,3.466255691364495e-07,3.72657586922287e-06,9.895225048239809e-06,0,6.7583513259887695,False
340,MEDQA,0.04644468426704407,0.16725373268127441,0.0030395197682082653,0.009888643398880959,0.7733734250068665,4,9.313439846038818,False
341,MEDQA,1.0129449037776794e-05,1.593585875525605e-05,0.9999363422393799,1.8057695342577063e-05,1.9525023162714206e-05,2,6.700734615325928,False
342,MEDQA,1.3287536830830504e-06,4.2892693272733595e-06,1.760312557053112e-06,0.9999808073043823,1.1843051652249414e-05,3,5.135592699050903,False
343,MEDQA,7.888472282502335e-06,0.999891996383667,8.850620929479192e-07,3.3211712434422225e-05,6.604936788789928e-05,1,8.749393701553345,False
344,MEDQA,7.526878107455559e-06,0.9998447895050049,4.936247023579199e-06,8.681616600370035e-05,5.6052725994959474e-05,0,5.46776008605957,False
345,MEDQA,0.00016725236491765827,0.00023039984807837754,0.9993059635162354,9.308995504397899e-05,0.00020332715939730406,2,6.8955769538879395,False
346,MEDQA,0.9999475479125977,3.528665911289863e-05,8.732227797736414e-06,3.3929782148334198e-06,5.09346364196972e-06,2,5.0173938274383545,False
347,MEDQA,0.002182307420298457,7.825814827810973e-05,7.94905427028425e-05,0.99763023853302,2.9703443942707963e-05,0,9.925175666809082,False
348,MEDQA,1.2793565474567004e-05,0.9990572333335876,2.816288179019466e-05,0.00027088020578958094,0.0006310467142611742,3,8.402406454086304,False
349,MEDQA,3.2885568543861154e-06,8.939224244386423e-06,0.9999382495880127,2.1111623937031254e-05,2.8408796424628235e-05,2,8.817598581314087,False
350,MEDQA,1.0614660823193844e-05,1.3629494787892327e-05,0.9998506307601929,5.649268496199511e-05,6.867764022899792e-05,2,6.146230936050415,False
351,MEDQA,0.9999252557754517,3.59116165782325e-05,1.5055913991091074e-06,1.9832277757814154e-05,1.750192495819647e-05,0,7.156056642532349,False
352,MEDQA,6.143736300145974e-06,1.5205892850644886e-05,1.7916921933647245e-05,3.8227612094487995e-05,0.999922513961792,0,6.203544855117798,False
353,MEDQA,2.947825578303309e-06,1.4063290109334048e-05,1.2097851822545636e-06,0.9999322891235352,4.947068737237714e-05,1,8.916186571121216,False
354,MEDQA,6.893497470628063e-07,1.228898895533348e-06,5.626308734463237e-07,0.9999829530715942,1.4567233847628813e-05,3,4.785260915756226,False
355,MEDQA,0.9999328851699829,5.862455054739257e-06,2.4823195872158976e-06,4.037682447233237e-05,1.834199792938307e-05,0,3.9177262783050537,False
356,MEDQA,1.2804661309928633e-05,5.50721597392112e-06,2.33190189646848e-06,0.9999237060546875,5.5620912462472916e-05,0,5.614487648010254,False
357,MEDQA,2.26028328143002e-06,3.5559248772187857e-06,2.1567775547737256e-06,1.2411397619871423e-05,0.9999796152114868,4,9.023103475570679,False
358,MEDQA,1.4508552339975722e-05,4.3996642489219084e-05,1.8340528185945004e-05,7.030643610050902e-05,0.9998527765274048,1,6.060532093048096,False
359,MEDQA,3.611823103710776e-06,4.029279352835147e-06,1.6027366882553906e-06,0.9999520778656006,3.8603895518463105e-05,3,7.8582634925842285,False
360,MEDQA,0.0003044873010367155,0.00017622372251935303,0.9968737363815308,0.0013434609863907099,0.0013021270278841257,0,5.598930358886719,False
361,MEDQA,0.0003321013937238604,0.00042310814023949206,0.9977447986602783,0.0007997878710739315,0.0007003176724538207,0,5.292857885360718,False
362,MEDQA,2.3318543753703125e-06,0.9999033212661743,3.966618351114448e-06,2.930956361524295e-05,6.108637171564624e-05,3,5.501356601715088,False
363,MEDQA,2.3687839529884513e-06,2.2959040961723076e-06,1.1910993862329633e-06,0.9999911785125732,2.9479992917913478e-06,3,5.210575103759766,False
364,MEDQA,0.9999568462371826,6.438801392505411e-06,2.123291324096499e-06,7.0716400841774885e-06,2.7535261324374005e-05,0,7.055650949478149,False
365,MEDQA,6.893570798638393e-07,7.571106266368588e-07,2.616504559682653e-07,0.9999935626983643,4.710900611826219e-06,3,7.510997533798218,False
366,MEDQA,0.9998495578765869,5.5834465456428006e-05,6.240030870685587e-06,6.948711961740628e-05,1.8922659364761785e-05,0,5.660420656204224,False
367,MEDQA,1.8738369362836238e-06,4.029382125736447e-06,2.260278733956511e-06,1.4285401448432822e-05,0.9999775886535645,3,6.205517530441284,False
368,MEDQA,2.057934807453421e-06,4.49494291387964e-06,4.029240699310321e-06,0.999942421913147,4.6975801524240524e-05,3,5.985953330993652,False
369,MEDQA,8.138749763020314e-06,2.3734959540888667e-05,1.1841811101476196e-05,8.025513670872897e-05,0.9998760223388672,4,5.365971326828003,False
370,MEDQA,2.2252411326917354e-06,3.7265776882122736e-06,2.0580116597557208e-06,1.2218977644806728e-05,0.9999797344207764,4,9.455777406692505,False
371,MEDQA,0.9999799728393555,8.397973942919634e-06,9.422266202818719e-07,9.818227226787712e-06,9.87444991551456e-07,0,6.581052303314209,False
372,MEDQA,1.0511359960219124e-06,2.76937475973682e-06,4.5208795995677065e-07,9.741878784552682e-06,0.999985933303833,4,6.64870285987854,False
373,MEDQA,4.356770659796894e-06,5.507473815669073e-06,1.2288836614970933e-06,1.8342689145356417e-05,0.999970555305481,4,9.201636791229248,False
374,MEDQA,8.851515644892061e-07,1.1365571026544785e-06,8.579183941037627e-07,0.999993085861206,4.029444880870869e-06,3,5.989538192749023,False
375,MEDQA,1.1365439149813028e-06,0.9999815225601196,4.181111705747753e-07,1.4738927347934805e-05,2.0261086319806054e-06,1,9.0423903465271,False
376,MEDQA,4.7836219891905785e-06,5.420553861767985e-06,0.9996875524520874,1.9520164642017335e-05,0.00028267549350857735,3,7.026914119720459,False
377,MEDQA,1.6280305317195598e-06,2.561251449151314e-06,1.4367318499353132e-06,8.939646249928046e-06,0.9999854564666748,4,8.512488842010498,False
378,MEDQA,5.3056530305184424e-05,0.0001114465922000818,0.9995974898338318,0.00012827423051930964,0.00010971877054544166,0,6.221424102783203,False
379,MEDQA,4.4951389099878725e-06,3.7266011077008443e-06,1.2482551028369926e-06,0.9999860525131226,4.565927156363614e-06,3,4.549368381500244,False
380,MEDQA,0.9997612833976746,4.0686521970201284e-05,1.260409590031486e-05,0.00014498767268378288,4.0369894122704864e-05,1,6.214460611343384,False
381,MEDQA,3.5007367387152044e-06,9.665844117989764e-06,4.092775725439424e-06,1.983302536245901e-05,0.9999629259109497,2,7.572973251342773,False
382,MEDQA,1.1657591130642686e-05,2.5462521080044098e-05,0.9998220801353455,6.604475493077189e-05,7.483851368306205e-05,2,8.071199417114258,False
383,MEDQA,0.9999749660491943,1.9373825125512667e-05,1.034828301271773e-06,2.5612246190576116e-06,2.0260954443074297e-06,0,6.424871444702148,False
384,MEDQA,3.022973396582529e-05,0.9995655417442322,1.5200464986264706e-05,9.989688260247931e-05,0.0002890612231567502,4,8.74960446357727,False
385,MEDQA,1.5203628208837472e-05,2.4295328330481425e-05,1.3628444321511779e-05,0.00017331795243080705,0.9997735619544983,4,3.6826999187469482,False
386,MEDQA,2.190630539189442e-06,3.6686162729893113e-06,1.2097812032152433e-06,0.9999289512634277,6.401961582014337e-05,3,8.235187530517578,False
387,MEDQA,3.089376832576818e-06,0.999958872795105,3.187444235663861e-06,4.495016582950484e-06,3.0241628337535076e-05,1,5.81403374671936,False
388,MEDQA,1.0450795343786012e-05,2.144363861589227e-05,0.9999175071716309,2.8408207072061487e-05,2.2124333554529585e-05,2,8.881425619125366,False
389,MEDQA,3.644186654128134e-05,0.0001058607449522242,0.9989582300186157,0.0008692173869349062,3.0211365810828283e-05,3,7.50889778137207,False
390,MEDQA,0.9998825788497925,4.434303627931513e-05,4.936433469993062e-06,3.763344284379855e-05,3.0476490792352706e-05,0,4.83726167678833,False
391,MEDQA,6.144027793197893e-06,0.9999699592590332,6.475758027590928e-07,6.643278084084159e-06,1.657122811593581e-05,1,5.461653709411621,False
392,MEDQA,1.863054058048874e-05,2.282661444041878e-05,0.999916672706604,2.840818342519924e-05,1.3419075003184844e-05,2,4.901686191558838,False
393,MEDQA,1.1124350749014411e-05,3.000379729201086e-05,2.0143597794231027e-05,6.277803186094388e-05,0.9998759031295776,0,6.719923496246338,False
394,MEDQA,0.001458234735764563,0.0013806290226057172,0.00012495463306549937,0.9968202114105225,0.00021590224059764296,3,8.507440328598022,False
395,MEDQA,4.8311150749213994e-05,7.424347859341651e-05,4.6460379962809384e-05,0.9996519088745117,0.00017910372116602957,2,9.206923484802246,False
396,MEDQA,2.0580239379341947e-06,4.222790721541969e-06,1.8161996422350057e-06,0.9999856948852539,6.144124654383631e-06,3,8.88258671760559,False
397,MEDQA,3.2955002097878605e-05,0.9999450445175171,2.1906657821091358e-06,1.1125120181532111e-05,8.800693649391178e-06,1,5.538605451583862,False
398,MEDQA,2.9479197110049427e-06,2.9479197110049427e-06,3.905359335476533e-06,2.5968414774979465e-05,0.9999642372131348,4,8.93972373008728,False
399,MEDQA,7.811409545865899e-07,1.5779480690980563e-06,2.457968832914048e-07,0.9999897480010986,7.646517588000279e-06,1,7.3468897342681885,False
400,MEDQA,7.766682756482624e-06,0.9999575614929199,9.08017136680428e-06,1.593619708728511e-05,9.665792276791763e-06,1,6.319355726242065,False
401,MEDQA,2.614020741020795e-05,4.516622720984742e-05,0.9948523640632629,9.487281204201281e-05,0.004981441888958216,2,8.014005422592163,False
402,MEDQA,9.422360562894028e-07,0.9999899864196777,1.1726317552529508e-06,4.2228089114360046e-06,3.726615886989748e-06,1,5.367759943008423,False
403,MEDQA,1.8161996422350057e-06,2.7264386517344974e-06,7.934388577268692e-07,8.93964806891745e-06,0.9999856948852539,4,8.830490589141846,False
404,MEDQA,0.9999862909317017,5.093661002320005e-06,2.873646849366196e-07,5.255351425148547e-06,3.0415640139835887e-06,0,7.393232583999634,False
405,MEDQA,7.51285333535634e-05,3.218640267732553e-05,0.9997835755348206,2.467817103024572e-05,8.446927677141502e-05,0,7.476107358932495,False
406,MEDQA,1.0348397836423828e-06,6.962207407923415e-06,2.4579597379670304e-07,0.9999860525131226,5.682388291461393e-06,2,7.7793474197387695,False
407,MEDQA,1.763800173648633e-05,3.119844404864125e-05,0.9998576641082764,7.42587581044063e-05,1.9220804460928775e-05,2,3.5713560581207275,False
408,MEDQA,0.9999873638153076,2.9479879231075756e-06,4.052496080930723e-07,5.594298727373825e-06,3.726606109921704e-06,0,9.117916584014893,False
409,MEDQA,2.482418722138391e-06,3.187488800904248e-06,0.9999728202819824,1.670124584052246e-05,4.78498714073794e-06,2,5.674739599227905,False
410,MEDQA,2.6424938823765842e-06,3.9668530007475056e-06,0.999962568283081,2.392318674537819e-05,6.962044153624447e-06,2,7.976399660110474,False
411,MEDQA,3.905337052856339e-06,2.0784740627277642e-05,0.9999585151672363,1.0129673682968132e-05,6.643202141276561e-06,2,6.215898275375366,False
412,MEDQA,0.9999290704727173,1.1658838957373518e-05,2.9021146019658772e-06,5.039700772613287e-05,5.954752396064578e-06,0,8.33669638633728,False
413,MEDQA,0.9957000017166138,0.0022472247947007418,7.749890210106969e-05,0.0006747391889803112,0.0013005939545109868,1,4.225260257720947,False
414,MEDQA,8.013037586351857e-06,1.0782721801660955e-05,2.9478319447662216e-06,4.3828695197589695e-05,0.9999344348907471,4,6.007873058319092,False
415,MEDQA,8.869534212863073e-06,1.3211131772550289e-05,9.515621059108526e-06,4.427456224220805e-05,0.9999241828918457,4,8.131018877029419,False
416,MEDQA,0.9998935461044312,3.0239652915042825e-05,9.665173820394557e-06,4.5395099732559174e-05,2.1110679881530814e-05,3,6.101103067398071,False
417,MEDQA,0.9998923540115356,1.618610076548066e-05,3.089171286774217e-06,5.561916987062432e-05,3.269682201789692e-05,0,4.649487018585205,False
418,MEDQA,4.5921180458208255e-07,1.2098619208700256e-06,6.893585577927297e-07,0.9999957084655762,1.9333540421939688e-06,3,5.915876388549805,False
419,MEDQA,5.7823450333671644e-05,0.9996963739395142,5.142924055689946e-05,5.183260509511456e-05,0.0001425564696546644,1,6.062953233718872,False
420,MEDQA,1.8737353002507007e-06,0.9999233484268188,7.182761237345403e-06,1.5935651390464045e-05,5.164225149201229e-05,1,3.745051145553589,False
421,MEDQA,1.0129724614671431e-05,0.9999635219573975,1.994661033677403e-06,1.1300523510726634e-05,1.3006822882744018e-05,2,7.8602330684661865,False
422,MEDQA,7.571080118395912e-07,2.994420356117189e-06,7.338142609114584e-07,0.9999901056289673,5.422194590209983e-06,0,4.785796403884888,False
423,MEDQA,1.0010169717133977e-05,1.086593692889437e-05,9.626686733099632e-06,0.9998098015785217,0.00015967378567438573,4,5.463821887969971,False
424,MEDQA,2.0461271560634486e-05,3.321192707517184e-05,0.9998984336853027,3.269702210673131e-05,1.5205527233774774e-05,2,7.256099224090576,False
425,MEDQA,0.00010715956159401685,8.610513032181188e-05,0.9994335770606995,0.00030289357528090477,7.027696119621396e-05,2,5.538485527038574,False
426,MEDQA,5.093354957352858e-06,7.646031917829532e-06,0.9999262094497681,4.4692769733956084e-05,1.6313602827722207e-05,2,4.694656848907471,False
427,MEDQA,2.482427589711733e-06,0.999976396560669,8.579040695622098e-07,9.223337656294461e-06,1.112546851800289e-05,1,6.699904441833496,False
428,MEDQA,2.6265292035532184e-05,0.9996128678321838,1.618157693883404e-05,0.000204984811716713,0.0001397875021211803,0,8.859009027481079,False
429,MEDQA,6.083489552111132e-07,1.1910893817912438e-06,4.888220814791566e-07,1.491268449171912e-05,0.9999828338623047,4,9.023473262786865,False
430,MEDQA,6.475897862401325e-07,0.9999915361404419,4.7378676981679746e-07,4.157347120781196e-06,3.187548372807214e-06,1,9.087351083755493,False
431,MEDQA,0.7449590563774109,0.05567767471075058,0.001775827957317233,0.18835514783859253,0.009232263080775738,1,5.6788811683654785,False
432,MEDQA,5.593710284301778e-06,0.9998822212219238,5.714334747608518e-07,1.202836665470386e-05,9.953894914360717e-05,1,5.760090351104736,False
433,MEDQA,4.7378517820106936e-07,1.1015836207661778e-06,4.450799906408065e-07,0.9999881982803345,9.81830817181617e-06,3,4.538117170333862,False
434,MEDQA,8.397506462642923e-06,5.475862417370081e-05,0.9999243021011353,5.954724201728823e-06,6.539984951814404e-06,2,3.7271978855133057,False
435,MEDQA,4.859393811784685e-06,6.142849542811746e-06,1.2121445251978002e-05,0.9997782111167908,0.00019871095719281584,3,5.733409404754639,False
436,MEDQA,6.814081280026585e-05,6.604434020118788e-05,0.9998158812522888,3.4263357520103455e-05,1.5686908227507956e-05,2,6.4667840003967285,False
437,MEDQA,1.5811634511919692e-05,5.255018095340347e-06,6.68100540224259e-07,0.9999228715896606,5.545815292862244e-05,0,6.738201141357422,False
438,MEDQA,0.003116429317742586,0.0004351510142441839,0.001591716194525361,0.9945723414421082,0.0002842663961928338,3,9.925018787384033,False
439,MEDQA,0.9994946718215942,0.0002851158787962049,4.398088640300557e-05,4.537698987405747e-05,0.00013079076597932726,0,7.163304805755615,False
440,MEDQA,8.059299148044374e-07,3.288697143943864e-06,1.1015755490006995e-06,1.3845932699041441e-05,0.9999809265136719,4,7.478796720504761,False
441,MEDQA,2.090428097289987e-06,1.2098469142074464e-06,2.0061227701262396e-07,0.9999833106994629,1.3211913028499112e-05,3,6.436869382858276,False
442,MEDQA,1.5687037375755608e-05,6.401290011126548e-05,0.9998241066932678,7.367839862126857e-05,2.2470641852123663e-05,2,3.219236373901367,False
443,MEDQA,3.500818593238364e-06,0.9999862909317017,3.3405046906409552e-06,3.5559487514547072e-06,3.2887148790905485e-06,1,8.298411130905151,False
444,MEDQA,6.540108188346494e-06,5.954836069577141e-06,8.13929636933608e-06,0.9999431371688843,3.619392009568401e-05,3,6.205576419830322,False
445,MEDQA,2.4679753551026806e-05,0.9998476505279541,4.0923041524365544e-06,5.6492517614969984e-05,6.708652654197067e-05,1,6.399606466293335,False
446,MEDQA,0.019039571285247803,0.9464986324310303,0.014371822588145733,0.013085694052278996,0.007004267070442438,0,9.942406415939331,False
447,MEDQA,0.9996395111083984,0.00020379267516545951,1.7496922737336718e-05,0.00010886950622079894,3.0231969503802247e-05,2,7.38036847114563,False
448,MEDQA,2.3548758690594696e-05,3.426324110478163e-05,0.9998125433921814,3.943674892070703e-05,9.027161286212504e-05,4,8.315961837768555,False
449,MEDQA,2.857238541764673e-06,0.9999700784683228,5.539009180210996e-07,1.929820246004965e-05,7.1271979322773404e-06,1,7.133409261703491,False
450,MEDQA,6.84899805492023e-06,0.99921715259552,4.56241650681477e-06,3.941326212952845e-05,0.0007321441662497818,1,8.754205703735352,False
451,MEDQA,1.2097807484678924e-06,1.4143770385999233e-06,3.611738293329836e-06,6.515489076264203e-05,0.9999285936355591,4,8.24419093132019,False
452,MEDQA,3.555887587936013e-06,7.64635933592217e-06,9.590683475835249e-06,1.0129781003342941e-05,0.9999691247940063,2,7.671058654785156,False
453,MEDQA,1.2028880519210361e-05,3.944117997889407e-05,0.999924898147583,1.6186628272407688e-05,7.4107783802901395e-06,2,5.167193174362183,False
454,MEDQA,0.027635712176561356,0.04850218445062637,0.46017593145370483,0.24631443619728088,0.21737171709537506,4,4.843954801559448,False
455,MEDQA,0.9979481101036072,0.00011660230666166171,1.07613022919395e-05,0.0018966255011036992,2.7912694349652156e-05,3,3.605577230453491,False
456,MEDQA,0.0001273642119485885,0.0004654242075048387,3.835387178696692e-05,5.4939384426688775e-05,0.9993139505386353,1,4.941395044326782,False
457,MEDQA,1.0287256372976117e-05,1.669786433922127e-05,0.9997703433036804,6.501745519926772e-05,0.0001376419677399099,2,7.628154039382935,False
458,MEDQA,1.8486567569198087e-05,6.240791208256269e-06,1.5056608617669553e-06,0.9999713897705078,2.36873711401131e-06,3,7.2600555419921875,False
459,MEDQA,9.422142852599791e-07,1.873816813713347e-06,1.873816813713347e-06,2.8409607693902217e-05,0.9999668598175049,4,7.101216077804565,False
460,MEDQA,0.5209846496582031,0.40574324131011963,0.05665445327758789,0.013883770443499088,0.0027338764630258083,0,5.717455148696899,False
461,MEDQA,0.0001344167540082708,7.028143591014668e-05,0.00012143542699050158,0.9994971752166748,0.00017668749205768108,3,5.482970952987671,False
462,MEDQA,4.565953986457316e-06,0.9999918937683105,1.2482623787946068e-06,1.4593665582651738e-06,9.422378752788063e-07,1,6.611509084701538,False
463,MEDQA,5.847042988671447e-11,6.348800152267131e-09,3.6174372386454934e-09,1.0,1.783247334519178e-11,1,9.927363157272339,False
464,MEDQA,3.2883938274608226e-06,5.593746209342498e-06,0.9998886585235596,6.868025229778141e-05,3.373460640432313e-05,2,6.687709808349609,False
465,MEDQA,1.5534280919382581e-06,2.642470235514338e-06,1.9033000171475578e-06,4.022024222649634e-05,0.9999536275863647,3,6.094830274581909,False
466,MEDQA,5.143330054124817e-05,4.831710975850001e-05,0.999775230884552,4.53897264378611e-05,7.966145494719967e-05,2,6.475295543670654,False
467,MEDQA,0.0007154446211643517,0.0001392380945617333,0.8063296675682068,0.1915200799703598,0.0012955028796568513,4,6.98555850982666,False
468,MEDQA,0.9999761581420898,5.507504738488933e-06,7.570974389636831e-07,3.6119099604547955e-06,1.406390674674185e-05,0,5.908374309539795,False
469,MEDQA,1.3842181033396628e-05,7.1403403126169e-05,0.9997100234031677,7.1403403126169e-05,0.00013339912402443588,0,5.534367084503174,False
470,MEDQA,0.9999402761459351,3.535539144650102e-05,9.080014933715574e-06,6.540089543705108e-06,8.664211236464325e-06,0,6.02407169342041,False
471,MEDQA,1.0571687170113364e-07,1.1253502663066683e-07,2.102431153616635e-07,9.422442417417187e-07,0.9999986886978149,3,9.916477680206299,False
472,MEDQA,3.362476491020061e-05,1.6133337339852005e-05,4.4545573473442346e-05,0.9966328740119934,0.00327275600284338,3,7.6235785484313965,False
473,MEDQA,3.4465717817511177e-06,6.681484592263587e-07,3.8069950392127794e-07,0.9999945163726807,9.721502465254162e-07,3,8.890948295593262,False
474,MEDQA,2.0783603758900426e-05,0.9999037981033325,6.1436212490662e-06,2.0461382518988103e-05,4.870232805842534e-05,1,4.8999183177948,False
475,MEDQA,6.643108008574927e-06,2.212492654507514e-05,4.356656518211821e-06,0.9999443292617798,2.247334305138793e-05,3,6.46814489364624,False
476,MEDQA,2.309068918293633e-07,3.576355709355994e-07,1.79830450974805e-07,0.9999986886978149,6.276700332819019e-07,3,6.390665769577026,False
477,MEDQA,1.0187983434661874e-06,1.3287635738379322e-06,1.2482579450079356e-06,8.139663805195596e-06,0.999988317489624,1,7.874413728713989,False
478,MEDQA,5.254724783299025e-06,1.9220984540879726e-05,0.9998670816421509,8.88769282028079e-05,1.9523669834597968e-05,2,6.230733633041382,False
479,MEDQA,5.0145604291174095e-06,9.590597983333282e-06,2.203902113251388e-05,0.99996018409729,3.1874485557636945e-06,3,4.863614320755005,False
480,MEDQA,6.143959126347909e-06,2.4060091163846664e-06,8.578888923693739e-07,0.9999587535858154,3.1816995033295825e-05,1,8.69291353225708,False
481,MEDQA,1.3000376384297851e-05,0.9994679093360901,4.0907498259912245e-06,3.7617835914716125e-05,0.00047746647032909095,0,8.553942918777466,False
482,MEDQA,2.726413413256523e-06,9.223337656294461e-06,0.999976396560669,9.080342351808213e-06,2.6425304895383306e-06,2,5.816922426223755,False
483,MEDQA,2.190686473113601e-06,9.368378414364997e-06,0.9999544620513916,1.1478377018647734e-05,2.247357042506337e-05,3,7.045647144317627,False
484,MEDQA,3.927726197616721e-07,1.3924998256698018e-06,1.0029800705524394e-06,0.9999650716781616,3.219224527128972e-05,3,8.011672973632812,False
485,MEDQA,5.086094461148605e-06,0.9985008239746094,5.4141191867529415e-06,3.938500594813377e-05,0.0014493261696770787,4,4.784684658050537,False
486,MEDQA,1.5688267012592405e-05,3.1691168260294944e-05,0.9999024868011475,2.8407779609551653e-05,2.1781001123599708e-05,2,8.893256902694702,False
487,MEDQA,2.173512484660023e-06,3.065143800995429e-06,7.223698048619553e-07,0.9998964071273804,9.761507681105286e-05,3,8.502213478088379,False
488,MEDQA,0.9996538162231445,9.533069533063099e-05,1.044803957483964e-05,9.835681703407317e-05,0.00014199463475961238,0,5.308663606643677,False
489,MEDQA,2.5360156996612204e-07,1.9142851215292467e-07,4.052541555665812e-07,0.9999985694885254,6.179387810334447e-07,3,6.115591049194336,False
490,MEDQA,3.7630456063197926e-05,5.475199213833548e-05,0.9998032450675964,5.8283192629460245e-05,4.610580072039738e-05,2,4.7663798332214355,False
491,MEDQA,0.9998646974563599,7.182340141298482e-06,8.138657904055435e-06,0.00011728348908945918,2.7261089599051047e-06,0,3.7090203762054443,False
492,MEDQA,0.00013860303442925215,0.0002900041581597179,0.998916506767273,0.00041258172132074833,0.00024230753479059786,2,5.0208892822265625,False
493,MEDQA,4.157283910899423e-06,2.6425304895383306e-06,1.816182816583023e-06,0.999976396560669,1.4970953998272307e-05,3,4.450584888458252,False
494,MEDQA,0.9991330504417419,0.0006460605072788894,2.666610453161411e-05,0.00015894361422397196,3.5326847864780575e-05,0,6.175108432769775,False
495,MEDQA,1.6675512597430497e-05,0.9984319806098938,1.7204849427798763e-05,0.00036499323323369026,0.001169043593108654,0,4.572259902954102,False
496,MEDQA,3.7852898913115496e-06,4.785054443345871e-06,1.602792508492712e-06,0.9999868869781494,2.947986558865523e-06,3,7.2662513256073,False
497,MEDQA,0.0003336509980726987,0.9984923601150513,0.00011219649604754522,0.0008824937976896763,0.00017928950546775013,3,6.506258964538574,False
498,MEDQA,6.338801085803425e-06,0.9999290704727173,2.9942375476821326e-06,4.985853229300119e-05,1.184243865282042e-05,0,5.851077079772949,False
499,MEDQA,7.962599192978814e-05,0.00024526528432033956,0.9993301630020142,0.00013025941734667867,0.0002147614723071456,3,6.067443370819092,False
500,MEDQA,2.964895600143791e-07,1.1189398492206237e-06,2.1691640483822994e-07,0.9999961853027344,2.1907778773311293e-06,1,7.049400329589844,False
501,MEDQA,3.480243685771711e-05,6.301906978478655e-05,0.9998018145561218,5.966525350231677e-05,4.0688169974600896e-05,4,9.064160108566284,False
502,MEDQA,8.139155397657305e-06,0.9999258518218994,3.1873391890258063e-06,4.757518763653934e-05,1.5205943782348186e-05,1,7.771925449371338,False
503,MEDQA,0.0009654270252212882,0.9984673857688904,0.00012418709229677916,0.00010135854972759262,0.00034155475441366434,1,6.7854509353637695,False
504,MEDQA,3.0893459097569576e-06,4.198592432658188e-05,0.9999488592147827,2.5611577711970313e-06,3.6118115076533286e-06,2,5.369498252868652,False
505,MEDQA,6.962045972613851e-06,0.9999628067016602,1.1910655075553223e-06,2.556577601353638e-05,3.555865077942144e-06,1,4.092533349990845,False
506,MEDQA,0.9999450445175171,8.800693649391178e-06,1.8161258594773244e-06,6.9619222813344095e-06,3.748906965483911e-05,0,7.888286352157593,False
507,MEDQA,1.9637830064311856e-06,6.289837074291427e-06,1.1726283446478192e-06,0.9999871253967285,3.5008215490961447e-06,3,9.951651334762573,False
508,MEDQA,0.9999719858169556,1.2805279766325839e-05,2.9022389753663447e-06,1.121267723647179e-05,1.2098332717869198e-06,2,8.057641983032227,False
509,MEDQA,1.9333313048264245e-06,1.5779389741510386e-06,7.690260872550425e-07,1.1750927114917431e-05,0.9999840259552002,4,6.751070976257324,False
510,MEDQA,0.9999567270278931,8.800796422292478e-06,1.328721623394813e-06,2.37368749367306e-05,9.368399332743138e-06,0,5.386259317398071,False
511,MEDQA,0.06042703613638878,0.008437504991889,0.0016356849810108542,0.04153085872530937,0.8879688382148743,0,5.448451995849609,False
512,MEDQA,1.4731351257069036e-05,0.9994675517082214,2.9928555704827886e-06,0.00010067051334772259,0.0004140204982832074,1,7.8224358558654785,False
513,MEDQA,1.2288912785152206e-06,2.368749846937135e-06,7.811308364580327e-07,0.9999767541885376,1.8777791410684586e-05,3,6.650514841079712,False
514,MEDQA,0.8851867914199829,0.0013308244524523616,0.0028173555620014668,0.10572049021720886,0.004944613203406334,1,9.926671981811523,False
515,MEDQA,8.315176955875359e-07,0.9999867677688599,9.422330435882031e-07,3.6119483866059454e-06,7.889219887147192e-06,3,7.26027250289917,False
516,MEDQA,0.00020248891087248921,0.0005190972588025033,0.003589201718568802,0.000503126357216388,0.9951861500740051,4,6.686128616333008,False
517,MEDQA,3.11933908960782e-05,5.3061743528814986e-05,0.9996956586837769,5.142920417711139e-05,0.0001686298637650907,1,9.630355834960938,False
518,MEDQA,0.0011255337158218026,0.037272557616233826,0.00019558843632694334,0.9612719416618347,0.0001344258344033733,2,9.969990968704224,False
519,MEDQA,0.9335664510726929,0.004860783461481333,0.0058403657749295235,0.027430852875113487,0.028301602229475975,3,9.676480054855347,False
520,MEDQA,0.014233121648430824,0.9373641014099121,0.0006452107918448746,0.0010889993282034993,0.046668607741594315,1,5.384852647781372,False
521,MEDQA,0.9999125003814697,6.605072849197313e-05,6.747506631654687e-06,8.938994142226875e-06,5.771448286395753e-06,0,6.9870829582214355,False
522,MEDQA,7.18192859494593e-06,2.6684101612772793e-05,0.9998074173927307,0.00014999927952885628,8.66305981617188e-06,3,5.861945629119873,False
523,MEDQA,1.4367338962983922e-06,2.8572865176101914e-06,1.6280328054563142e-06,7.239556452987017e-06,0.9999868869781494,4,6.6774091720581055,False
524,MEDQA,1.8630569684319198e-05,2.8408227080944926e-05,9.665412108006421e-06,2.507017234165687e-05,0.9999182224273682,1,5.519540548324585,False
525,MEDQA,3.844870661851019e-06,0.9999793767929077,1.4970999473007396e-05,1.7741162992024329e-06,4.9161965165467336e-08,4,9.946492433547974,False
526,MEDQA,4.495015218708431e-06,6.338987986964639e-06,1.2878434745289269e-06,0.9999585151672363,2.9311180696822703e-05,3,7.961752414703369,False
527,MEDQA,0.9999597072601318,1.7502527043689042e-05,6.681251534246258e-07,7.766699127387255e-06,1.4285145880421624e-05,0,7.904803514480591,False
528,MEDQA,4.6377404032682534e-06,4.495051598496502e-06,8.578956567362184e-07,0.9999666213989258,2.336910074518528e-05,3,6.141512870788574,False
529,MEDQA,5.475238504004665e-05,6.01337305852212e-05,0.9998103976249695,1.6439647879451513e-05,5.828361099702306e-05,2,5.234236478805542,False
530,MEDQA,0.9917795062065125,4.868549149250612e-05,7.540556543972343e-05,9.834740194492042e-05,0.007997973822057247,0,6.042524576187134,False
531,MEDQA,0.9997649788856506,7.25318313925527e-05,2.1107965949340723e-05,9.34972267714329e-05,4.794061169377528e-05,3,7.625287294387817,False
532,MEDQA,1.553466518089408e-06,0.9999783039093018,1.0029933719124529e-06,8.939582585298922e-06,1.0289396414009389e-05,1,7.5700602531433105,False
533,MEDQA,1.9947044620494125e-06,0.9999853372573853,1.3081590850561042e-06,4.565923973132158e-06,6.747997758793645e-06,1,6.293304204940796,False
534,MEDQA,4.494620952755213e-06,2.668579327291809e-05,0.999870777130127,5.4755691962782294e-05,4.3315314542269334e-05,2,4.977892637252808,False
535,MEDQA,2.7693704396369867e-06,4.029409865324851e-06,1.2679100791501696e-06,0.9999843835830688,7.527928573836107e-06,3,6.195785999298096,False
536,MEDQA,2.1907067093707155e-06,4.15723116020672e-06,2.0903869426547317e-06,2.796906846924685e-05,0.999963641166687,4,6.570405721664429,False
537,MEDQA,0.9999971389770508,5.714991289096361e-07,1.4449760499246622e-07,1.1726400543921045e-06,9.721528613226837e-07,0,8.854024648666382,False
538,MEDQA,1.1842718777188566e-05,1.321150739386212e-05,3.4464276268408867e-06,0.9999526739120483,1.8777338482323103e-05,0,8.326995611190796,False
539,MEDQA,2.2602523586101597e-06,2.2958461158850696e-06,1.0289268175256439e-05,1.9222885384806432e-05,0.9999659061431885,4,5.8479390144348145,False
540,MEDQA,6.643248980253702e-06,7.527787147409981e-06,1.0533268323342782e-05,0.9999655485153198,9.818085345614236e-06,4,8.13440728187561,False
541,MEDQA,1.0208994353888556e-05,5.862532361788908e-06,1.1125132004963234e-05,2.6739979148260318e-05,0.999946117401123,0,5.532761812210083,False
542,MEDQA,1.8447763068252243e-06,0.9999724626541138,1.7880184941532207e-06,1.4174159332469571e-05,9.818153557716869e-06,2,7.763685703277588,False
543,MEDQA,7.644972356501967e-06,1.260442968487041e-05,0.9997877478599548,0.00018226013344246894,9.816340025281534e-06,2,6.531386613845825,False
544,MEDQA,0.007548862136900425,0.0026498998049646616,0.9887058138847351,0.0008469588356092572,0.0002484122524037957,2,5.48631477355957,False
545,MEDQA,6.214772696466753e-08,1.4449778973357752e-07,1.1979288672137045e-07,0.9999984502792358,1.1726416460078326e-06,3,9.198405504226685,False
546,MEDQA,4.0525395661461516e-07,4.0525395661461516e-07,3.8070083974162117e-07,0.9999980926513672,6.893602062518767e-07,3,7.337059497833252,False
547,MEDQA,0.0006432405789382756,0.00025686484877951443,0.9604071378707886,0.03782545402646065,0.0008672670228406787,4,5.175266981124878,False
548,MEDQA,4.5658607632503845e-06,5.4220936362980865e-06,2.4060398118308512e-06,1.6061410860856995e-05,0.9999715089797974,4,5.938232421875,False
549,MEDQA,5.682187747879652e-06,0.9999507665634155,2.4059897896222537e-06,3.0359744414454326e-05,1.0782897334138397e-05,1,4.708218336105347,False
550,MEDQA,5.014655926061096e-06,0.9999792575836182,2.8129668407927966e-06,4.222763436700916e-06,8.664548658998683e-06,0,7.78071665763855,False
551,MEDQA,0.9999678134918213,6.144014605524717e-06,6.276506496760703e-07,4.222715233481722e-06,2.1194879082031548e-05,0,8.529218435287476,False
552,MEDQA,1.9332721876708092e-06,0.9999533891677856,1.172588781628292e-06,1.3419567949313205e-05,3.000612196046859e-05,1,6.089406728744507,False
553,MEDQA,3.7265540413500275e-06,0.9999734163284302,1.4823207266090321e-06,2.8129504698881647e-06,1.8631599232321605e-05,1,8.339827299118042,False
554,MEDQA,0.9996918439865112,3.320506220916286e-05,4.355556484370027e-06,0.00021864906011614949,5.18323686264921e-05,0,8.157461166381836,False
555,MEDQA,1.4283044947660528e-05,9.760689863469452e-05,0.999812662601471,5.1435225032037124e-05,2.3919599698274396e-05,2,3.9099233150482178,False
556,MEDQA,0.9999759197235107,7.18313913239399e-06,4.888187277174438e-07,3.288680773039232e-06,1.3160307389625814e-05,0,6.1012794971466064,False
557,MEDQA,9.132455147664587e-07,4.092882136319531e-06,0.9999889135360718,3.2887235192902153e-06,2.7264475193078397e-06,2,8.833028554916382,False
558,MEDQA,1.0676864121705876e-06,5.862752004759386e-06,0.999983549118042,6.339146693790099e-06,3.1875229069555644e-06,2,8.625732660293579,False
559,MEDQA,4.710826033260673e-06,0.999977707862854,1.3709285440199892e-06,2.3320278614846757e-06,1.373813756799791e-05,1,3.048933982849121,False
560,MEDQA,0.00012919701111968607,0.00013329816283658147,2.8827749702031724e-05,0.9989534616470337,0.0007551855524070561,0,9.229608297348022,False
561,MEDQA,0.9997325539588928,4.926797919324599e-05,3.9044543882482685e-06,0.0001760401064530015,3.822034705081023e-05,3,7.753289699554443,False
562,MEDQA,6.5401582105550915e-06,0.9999507665634155,1.4144083024802967e-06,1.1478335181891453e-05,2.9772534617222846e-05,1,5.998858451843262,False
563,MEDQA,0.9999310970306396,1.4143805628918926e-06,5.89601484080049e-07,1.5533930763922399e-06,6.528243102366105e-05,0,6.487118244171143,False
564,MEDQA,3.1380675409309333e-06,2.8572428618645063e-06,5.368600568544935e-07,0.9999716281890869,2.1782507246825844e-05,0,7.433742523193359,False
565,MEDQA,1.5688357962062582e-05,1.696315848676022e-05,0.9999083280563354,1.0782439858303405e-05,4.832354170503095e-05,2,5.233932256698608,False
566,MEDQA,1.0676741339921136e-06,0.9999719858169556,3.7265488117554924e-06,1.7097292584367096e-05,6.240795300982427e-06,1,7.807770490646362,False
567,MEDQA,2.0300447431509383e-05,2.1609712348436005e-05,1.9220076865167357e-05,0.0001191250848933123,0.999819815158844,4,4.7635533809661865,False
568,MEDQA,0.9999970197677612,1.6797291664261138e-06,1.9750480362290546e-07,8.059428751039377e-07,2.3823625383556646e-07,0,5.234559059143066,False
569,MEDQA,3.0892622362443944e-06,0.9999217987060547,1.9945778149121907e-06,4.9470170779386535e-05,2.355133074161131e-05,1,5.192614316940308,False
570,MEDQA,0.9999812841415405,4.356817498774035e-06,3.256252512073843e-07,7.766866474412382e-06,6.2408530538959894e-06,0,7.765536308288574,False
571,MEDQA,4.637101028492907e-06,4.574817285174504e-05,0.9998288154602051,0.00011682205513352528,3.966322765336372e-06,2,4.731700897216797,False
572,MEDQA,1.669997254793998e-05,4.1657007386675104e-05,0.9998965263366699,1.618616806808859e-05,2.8854963602498174e-05,2,5.39885950088501,False
573,MEDQA,0.9999464750289917,1.0782850949908607e-05,5.33789852852351e-06,1.0952656339213718e-05,2.6480127417016774e-05,2,7.295069932937622,False
574,MEDQA,2.2825110136182047e-05,2.2122856535133906e-05,0.9998507499694824,2.710549051698763e-05,7.72163548390381e-05,2,8.13110637664795,False
575,MEDQA,3.393028009668342e-06,0.9999622106552124,1.0029772283814964e-06,1.568920379213523e-05,1.777819670678582e-05,2,8.141605615615845,False
576,MEDQA,2.260269411635818e-06,2.190728082496207e-06,8.57901511608361e-07,0.9999734163284302,2.119499731634278e-05,4,5.874783277511597,False
577,MEDQA,9.295557902078144e-06,0.999963641166687,7.9342134995386e-07,9.856493306870107e-06,1.6282381693599746e-05,1,8.808198690414429,False
578,MEDQA,2.726343609538162e-06,0.9999507665634155,2.726343609538162e-06,8.939336112234741e-06,3.480762097751722e-05,1,8.208966732025146,False
579,MEDQA,4.092849849257618e-06,6.240851689653937e-06,3.785267608691356e-06,4.8603797040414065e-06,0.9999810457229614,4,5.135858774185181,False
580,MEDQA,1.4166086081957019e-09,2.335592830249311e-09,4.94445018262013e-09,7.734421103577915e-08,0.9999998807907104,0,9.927297115325928,False
581,MEDQA,0.035629212856292725,0.8498338460922241,0.04231073334813118,0.045748814940452576,0.026477381587028503,3,8.137210607528687,False
582,MEDQA,4.3645002733683214e-05,6.15493263467215e-05,5.6480832427041605e-05,0.00019752288062591106,0.9996408224105835,4,3.5662105083465576,False
583,MEDQA,7.112067237358133e-07,6.276377462199889e-07,2.964750649425696e-07,0.9999473094940186,5.104182491777465e-05,4,7.6118834018707275,False
584,MEDQA,8.397652891289908e-06,1.65707606356591e-05,4.5657247937924694e-06,2.8743768780259416e-05,0.9999417066574097,4,9.298728466033936,False
585,MEDQA,1.6795986539364094e-06,6.04846673013526e-06,4.494838776736287e-06,6.848142948001623e-05,0.9999192953109741,4,5.50182318687439,False
586,MEDQA,3.9667252167419065e-06,0.9999302625656128,1.933227395056747e-06,1.4738171557837632e-05,4.908560367766768e-05,1,3.5324606895446777,False
587,MEDQA,1.6536267821720685e-06,4.784927114087623e-06,3.2376440231018933e-06,3.0006329325260594e-05,0.9999603033065796,4,8.042284488677979,False
588,MEDQA,0.9999631643295288,2.0623087038984522e-05,1.760281520546414e-06,6.143985956441611e-06,8.267636985692661e-06,0,8.239485025405884,False
589,MEDQA,5.714973099202325e-07,8.851523034536513e-07,7.571109108539531e-07,3.905475296051009e-06,0.9999939203262329,4,6.835606575012207,False
590,MEDQA,8.139090823533479e-06,7.645967343705706e-06,0.9999178647994995,1.95246611838229e-05,4.68372309114784e-05,2,5.463189125061035,False
591,MEDQA,5.419108219939517e-06,0.0005196542479097843,0.9994208812713623,4.467018516152166e-05,9.363378921989352e-06,2,6.91065526008606,False
592,MEDQA,3.237677219658508e-06,0.999970555305481,1.1365315231159911e-06,3.1874815249466337e-06,2.1782483599963598e-05,1,5.199284076690674,False
593,MEDQA,9.276349715037213e-07,6.083578796278744e-07,1.5381696982785797e-07,0.9999974966049194,8.446212973467482e-07,3,4.670634746551514,False
594,MEDQA,0.9993036985397339,8.087777678156272e-05,2.4283910533995368e-05,0.000572475662920624,1.861912096501328e-05,3,5.73598575592041,False
595,MEDQA,2.6019204597105272e-05,0.9999649524688721,5.71480768485344e-07,5.133501417731168e-06,3.393037331989035e-06,1,4.996863842010498,False
596,MEDQA,1.1544225344550796e-06,6.0487418522825465e-06,1.1544225344550796e-06,0.999964714050293,2.6897618226939812e-05,2,7.497415542602539,False
597,MEDQA,6.338339517242275e-06,1.3418264643405564e-05,0.9998562335968018,3.193824886693619e-05,9.205608512274921e-05,2,7.742683172225952,False
598,MEDQA,0.001436192891560495,0.002443046309053898,0.9933253526687622,0.001370424753986299,0.0014250162057578564,1,4.940487623214722,False
599,MEDQA,1.0511383834455046e-06,1.0676914143914473e-06,8.990862738755823e-07,0.9999881982803345,8.801073818176519e-06,3,6.662317752838135,False
600,MEDQA,9.422374205314554e-07,1.4823474430158967e-06,2.443977791699581e-06,3.668845465654158e-06,0.9999914169311523,4,6.7585673332214355,False
601,MEDQA,1.4593233572668396e-06,2.6015252387878718e-06,2.1233029201539466e-06,3.1507908715866506e-05,0.999962329864502,4,6.1583778858184814,False
602,MEDQA,1.9832457837765105e-05,0.9999343156814575,6.143809059722116e-06,6.7476535150490236e-06,3.295464921393432e-05,0,4.921510457992554,False
603,MEDQA,2.642405434016837e-06,0.9999290704727173,1.3708619235330843e-06,9.079913070308976e-06,5.7836907217279077e-05,1,7.59074068069458,False
604,MEDQA,0.9999879598617554,3.1381189273815835e-06,3.058986237647332e-07,7.016826202743687e-06,1.5413921801155084e-06,0,4.857086181640625,False
605,MEDQA,1.6536014300072566e-05,2.4059758288785815e-05,2.0579402189468965e-05,0.9900796413421631,0.009859252721071243,2,5.4829421043396,False
606,MEDQA,7.888836989877746e-06,3.347374149598181e-05,1.2218470146763138e-05,8.139256351569202e-06,0.9999382495880127,4,4.182029962539673,False
607,MEDQA,1.994692865991965e-06,4.092843482794706e-06,5.86272835789714e-06,0.9999794960021973,8.530219929525629e-06,3,2.834871530532837,False
608,MEDQA,7.183161869761534e-06,3.2886912322283024e-06,3.393085535208229e-06,0.9999791383743286,7.071797881508246e-06,3,7.928408861160278,False
609,MEDQA,1.5687619452364743e-05,5.874372072867118e-05,3.822526923613623e-05,2.606736779853236e-05,0.9998612403869629,4,4.085127592086792,False
610,MEDQA,0.00022107215772848576,0.998994767665863,5.600507211056538e-05,0.0003024650504812598,0.00042571182711981237,1,5.413659334182739,False
611,MEDQA,1.0951810509141069e-05,2.4297652998939157e-05,0.9998692274093628,4.3315249058650807e-05,5.224816777626984e-05,2,5.871751546859741,False
612,MEDQA,4.2225487959512975e-06,0.99992835521698,7.337689567066263e-07,1.2410760973580182e-05,5.433270780486055e-05,1,7.82580041885376,False
613,MEDQA,7.01667386238114e-06,3.8148996281961445e-06,1.5293637716240482e-06,0.9999662637710571,2.1350651877583005e-05,3,4.480314493179321,False
614,MEDQA,1.5779529576320783e-06,1.1015887366738752e-06,3.05900130115333e-07,0.999992847442627,4.173623437964125e-06,3,8.41487717628479,False
615,MEDQA,0.9999850988388062,7.5279340308043174e-06,2.69953801534939e-07,5.5942859944480006e-06,1.6027896663217689e-06,0,8.560102224349976,False
616,MEDQA,2.585904258012306e-05,0.0002726336824707687,0.9996498823165894,1.221494676428847e-05,3.927660873159766e-05,4,6.424252271652222,False
617,MEDQA,7.645116966159549e-06,0.9998065829277039,2.0900586150673917e-06,2.7688779482559767e-06,0.0001809335226425901,1,5.693295955657959,False
618,MEDQA,4.494388122111559e-06,3.647326593636535e-05,0.9998189806938171,0.00013551462325267494,4.494388122111559e-06,2,6.274309396743774,False
619,MEDQA,4.4508425389722106e-07,7.453758144038147e-07,5.484513820874781e-08,0.9999977350234985,1.0677016462068423e-06,3,3.198755979537964,False
620,MEDQA,5.5941022765182424e-06,0.9999523162841797,1.8161390471505001e-06,9.515888450550847e-06,3.071766332141124e-05,2,6.48645281791687,False
621,MEDQA,2.9533441193052568e-05,0.9997001886367798,1.4281438780017197e-05,0.00018233316950500011,7.366926001850516e-05,4,9.004997491836548,False
622,MEDQA,9.14631259618659e-10,1.0364130664797244e-09,2.061153470123145e-09,9.931193289958173e-08,0.9999998807907104,2,9.92347002029419,False
623,MEDQA,0.9999939203262329,4.628252099792007e-06,2.616505412333936e-07,1.0593886372589623e-06,7.042228844511556e-08,0,4.215559720993042,False
624,MEDQA,5.043438591201266e-07,9.422384437129949e-07,8.059392371251306e-07,5.25538371221046e-06,0.9999924898147583,4,6.989681720733643,False
625,MEDQA,0.00029757863376289606,0.0003839688142761588,0.9983333945274353,0.0001785620697773993,0.0008065362344495952,2,5.13454532623291,False
626,MEDQA,0.9997439980506897,7.367249054368585e-05,7.644638571946416e-06,0.0001195822624140419,5.517814861377701e-05,4,6.931909799575806,False
627,MEDQA,9.222961125487927e-06,9.515729288978036e-06,8.013047590793576e-06,0.9999356269836426,3.763544009416364e-05,3,6.379828214645386,False
628,MEDQA,3.187141146554495e-06,1.3629673958348576e-05,0.9998637437820435,5.738306572311558e-05,6.204588862601668e-05,2,6.02936863899231,False
629,MEDQA,0.9999434947967529,1.834219256124925e-05,2.260201654280536e-06,1.4063447451917455e-05,2.178189424739685e-05,4,7.049222946166992,False
630,MEDQA,1.0781454875541385e-05,1.4736501725565176e-05,1.0781454875541385e-05,0.00014681241009384394,0.9998169541358948,4,8.539857864379883,False
631,MEDQA,1.1842965250252746e-05,0.9999735355377197,2.4824205411277944e-06,5.682316896127304e-06,6.43890871288022e-06,1,7.61746072769165,False
632,MEDQA,6.08352308972826e-07,7.811398177182127e-07,9.422344646736747e-07,9.368695828015916e-06,0.999988317489624,4,9.065370798110962,False
633,MEDQA,3.5001244214072358e-06,2.1778507289127447e-05,0.9997879862785339,4.907861875835806e-05,0.00013764439790975302,1,8.724664211273193,False
634,MEDQA,3.187291895301314e-06,1.0050366654468235e-05,3.5005552945222007e-06,7.21450342098251e-05,0.9999110698699951,0,5.32213020324707,False
635,MEDQA,9.665594916441478e-06,2.4299304641317576e-05,0.9999371767044067,2.2473182980320416e-05,6.338852472254075e-06,2,6.5294189453125,False
636,MEDQA,0.9999009370803833,9.590029549144674e-06,6.680859314656118e-07,7.888543223089073e-06,8.092611096799374e-05,0,7.0620667934417725,False
637,MEDQA,0.9990384578704834,3.068959267693572e-05,5.088833404442994e-06,0.0002285456721438095,0.00069712899858132,0,7.304062128067017,False
638,MEDQA,7.483540684916079e-05,7.310184446396306e-05,0.9997805953025818,1.450750460207928e-05,5.693177809007466e-05,0,4.259268760681152,False
639,MEDQA,0.991709291934967,0.000499413930810988,0.0005615061963908374,0.0016247720923274755,0.005604942329227924,0,9.942685604095459,False
640,MEDQA,2.429770574963186e-05,0.9998713731765747,3.089106485276716e-06,1.892307227535639e-05,8.219807932619005e-05,4,8.856083631515503,False
641,MEDQA,0.012050236575305462,0.0001557429350214079,1.2258439710421953e-05,0.0001258169359061867,0.9876558780670166,0,4.247563600540161,False
642,MEDQA,4.0928084672486875e-06,0.9999709129333496,1.3925080111221178e-06,5.014614089304814e-06,1.8631551938597113e-05,1,9.349095344543457,False
643,MEDQA,1.6961497749434784e-05,5.14351086167153e-05,7.141057722037658e-05,4.985261330148205e-05,0.9998103976249695,4,5.905403137207031,False
644,MEDQA,1.643977884668857e-05,0.9998183846473694,5.421263267635368e-06,5.828407665831037e-05,0.00010149569425266236,1,7.221129894256592,False
645,MEDQA,2.076981218124274e-05,0.9992402791976929,2.5053173885680735e-05,3.4243628761032596e-05,0.0006797885871492326,1,5.971418142318726,False
646,MEDQA,8.801021976978518e-06,0.9999823570251465,1.4144529814075213e-06,1.1726227739927708e-06,6.240859875106253e-06,1,5.8046958446502686,False
647,MEDQA,1.8738554672381724e-06,1.7603242667973973e-06,0.9999874830245972,3.844901584670879e-06,5.173881163500482e-06,2,8.216821432113647,False
648,MEDQA,0.9992641806602478,3.972425474785268e-05,9.509340088698082e-06,2.2458058083429933e-05,0.0006640571518801153,0,6.141801357269287,False
649,MEDQA,1.553374204377178e-06,6.143714472273132e-06,5.714544499824115e-07,0.9999189376831055,7.282692968146876e-05,1,9.026964902877808,False
650,MEDQA,6.961741291888757e-06,1.8057382476399653e-05,0.999919056892395,1.6186533684958704e-05,3.975029176217504e-05,2,5.425492286682129,False
651,MEDQA,1.2218237316119485e-05,0.9999191761016846,1.6535586837562732e-06,4.3317413656041026e-05,2.355126889597159e-05,3,6.532200336456299,False
652,MEDQA,1.1365027603460476e-06,5.42195175512461e-06,1.994624653889332e-06,0.9999452829360962,4.611234908225015e-05,3,5.988495826721191,False
653,MEDQA,0.9998214840888977,2.4487051632604562e-05,5.770923053205479e-06,0.0001414647704223171,6.961061899346532e-06,0,6.857945919036865,False
654,MEDQA,2.0459619918256067e-05,1.6184891137527302e-05,5.254465122561669e-06,0.9998176693916321,0.00014036335051059723,1,6.5566487312316895,False
655,MEDQA,3.562931306078099e-05,0.9998456239700317,6.961229701119009e-06,3.3997726859524846e-05,7.78215762693435e-05,1,6.312846899032593,False
656,MEDQA,2.812983439071104e-06,4.785045803146204e-06,2.5215422283508815e-06,0.9999850988388062,4.785045803146204e-06,3,6.023693799972534,False
657,MEDQA,7.950779399834573e-05,6.204178498592228e-05,1.341747793048853e-05,4.738363713840954e-05,0.9997976422309875,3,6.967040777206421,False
658,MEDQA,6.2898257056076545e-06,2.2958906811254565e-06,1.679709498603188e-06,0.9999853372573853,4.460154286789475e-06,3,7.068873405456543,False
659,MEDQA,2.4297683921759017e-05,3.763299173442647e-05,0.9998705387115479,2.7966463676420972e-05,3.9439033571397886e-05,3,9.768284320831299,False
660,MEDQA,0.9999762773513794,1.3211819350544829e-05,1.5779268096594024e-06,4.356795670901192e-06,4.565882591123227e-06,0,8.0365469455719,False
661,MEDQA,3.193915472365916e-05,2.3185339159681462e-05,0.9998846054077148,1.2804160178347956e-05,4.757322676596232e-05,0,8.129805564880371,False
662,MEDQA,6.961570306884823e-06,1.6441030311398208e-05,3.089177880610805e-06,7.905095117166638e-05,0.9998944997787476,4,6.43554949760437,False
663,MEDQA,6.240758011699654e-06,1.805823194445111e-05,7.766748240101151e-06,1.873815222097619e-06,0.999966025352478,4,7.239287614822388,False
664,MEDQA,3.4465035696484847e-06,3.366665623616427e-06,3.0894259452907136e-06,1.5416018868563697e-05,0.9999747276306152,3,8.57621693611145,False
665,MEDQA,0.2,0.2,0.2,0.2,0.2,2,9.914989709854126,True
666,MEDQA,0.9999696016311646,9.818125363381114e-06,5.203415867072181e-07,1.3954369933344424e-05,6.144025519461138e-06,0,8.544164657592773,False
667,MEDQA,0.9999929666519165,5.3381463658297434e-06,2.964886220979679e-07,1.0845102451639832e-06,4.0525188182982674e-07,0,4.805891752243042,False
668,MEDQA,6.338470939226681e-06,0.9998769760131836,2.331792984477943e-06,8.80009429238271e-06,0.00010554501204751432,1,8.313158988952637,False
669,MEDQA,0.9999179840087891,4.985797932022251e-05,6.961733561183792e-06,1.3006230801693164e-05,1.2218222764204256e-05,1,6.660604000091553,False
670,MEDQA,1.4143953421807964e-06,2.190658278777846e-06,5.043182227382204e-07,0.9999415874481201,5.433342812466435e-05,4,5.807189464569092,False
671,MEDQA,1.2098568049623282e-06,0.9999914169311523,1.067694824996579e-06,3.5559669413487427e-06,2.7693897663993994e-06,1,7.4117302894592285,False
672,MEDQA,1.1659144547593314e-05,0.9999552965164185,1.3708978485738044e-06,2.753521766862832e-05,4.092744802619563e-06,1,7.378591775894165,False
673,MEDQA,0.9999998807907104,5.315784434856141e-08,2.2159488466400035e-08,3.653481783771895e-08,8.764247638737288e-08,4,9.888715505599976,False
674,MEDQA,5.7718139032658655e-06,0.9999758005142212,3.806923700722109e-07,5.5075029194995295e-06,1.2606800737557933e-05,1,7.18066930770874,False
675,MEDQA,1.7880515770229977e-06,2.090444013447268e-06,3.065433702431619e-06,0.9999909400939941,2.090444013447268e-06,2,7.066387414932251,False
676,MEDQA,2.5612343961256556e-06,0.99997878074646,6.276575277297525e-07,1.1843028005387168e-05,6.339116225717589e-06,1,7.840487718582153,False
677,MEDQA,1.922119190567173e-05,6.327052687993273e-05,1.7229762306669727e-05,2.2471847842098214e-05,0.9998778104782104,0,5.170341491699219,False
678,MEDQA,4.610413088812493e-05,4.831671321881004e-05,0.999767005443573,4.399286990519613e-05,9.45995343499817e-05,1,5.19353461265564,False
679,MEDQA,1.4063729395275004e-05,0.9999635219573975,6.048734576324932e-06,9.368462997372262e-06,6.96205097483471e-06,2,4.920968532562256,False
680,MEDQA,2.4060882424237207e-06,1.6797201851659338e-06,1.4367408311954932e-06,2.813001856338815e-06,0.9999916553497314,4,8.33775520324707,False
681,MEDQA,8.529377737431787e-06,0.9998807907104492,1.6534952465008246e-06,9.367688107886352e-06,9.953880362445489e-05,1,5.948264122009277,False
682,MEDQA,0.00084417819743976,0.002009318908676505,0.0010681839194148779,0.9931888580322266,0.002889481373131275,3,5.2401442527771,False
683,MEDQA,4.092326889804099e-06,2.247129668830894e-05,0.999853253364563,8.88756985659711e-05,3.119830580544658e-05,2,6.010988235473633,False
684,MEDQA,8.012317266548052e-06,0.9998445510864258,2.4679677153471857e-05,1.59343962877756e-05,0.00010678567923605442,1,7.843546390533447,False
685,MEDQA,4.029294814245077e-06,2.4438909349555615e-06,5.453057951854134e-07,0.9999558925628662,3.705270864884369e-05,3,6.1368067264556885,False
686,MEDQA,0.9989080429077148,1.7759453839971684e-05,2.403480948487413e-06,4.260271816747263e-05,0.0010291497455909848,0,5.94636607170105,False
687,MEDQA,0.9999659061431885,7.296183866856154e-06,3.359565141636267e-07,3.2376622129959287e-06,2.3187223632703535e-05,1,6.815270662307739,False
688,MEDQA,1.0187782208959106e-06,3.785220314966864e-06,5.896235961699858e-07,2.6044717742479406e-05,0.9999685287475586,0,9.9496328830719,False
689,MEDQA,1.8623708456289023e-05,6.44972751615569e-05,3.425424074521288e-05,0.00033270224230363965,0.999549925327301,2,5.101706504821777,False
690,MEDQA,1.7603093738216558e-06,0.9999790191650391,4.737808296795265e-07,3.905417088390095e-06,1.4738890058652032e-05,1,6.43064022064209,False
691,MEDQA,0.00010543889220571145,0.0006983751663938165,0.9988716244697571,0.00020969027536921203,0.00011490078759379685,2,4.84646463394165,False
692,MEDQA,1.8738069229584653e-06,3.0414889806706924e-06,4.737725873837917e-07,0.9999616146087646,3.301998003735207e-05,3,9.663021326065063,False
693,MEDQA,1.6699897969374433e-05,1.6440992112620734e-05,0.9998921155929565,1.6440992112620734e-05,5.8288373111281544e-05,2,6.779524326324463,False
694,MEDQA,0.9999250173568726,9.079875781026203e-06,1.002939825411886e-06,1.9524801246006973e-05,4.5396525820251554e-05,0,7.512567758560181,False
695,MEDQA,1.9824547052849084e-05,0.9995354413986206,1.3625198334921151e-05,4.1317900468129665e-05,0.0003899134462699294,1,6.189462900161743,False
696,MEDQA,1.0030041721620364e-06,1.0030041721620364e-06,4.5920879188088293e-07,0.9999891519546509,8.398051249969285e-06,3,6.912261486053467,False
697,MEDQA,5.250857611827087e-06,0.9991312623023987,4.78096035294584e-06,9.453937673242763e-05,0.0007642233977094293,4,6.873507738113403,False
698,MEDQA,0.9997273087501526,0.00018077014829032123,1.8627013560035266e-05,3.09516181005165e-05,4.2305848182877526e-05,0,5.302996873855591,False
699,MEDQA,0.9999815225601196,6.144098733784631e-06,2.2602876015298534e-06,8.801014701020904e-06,1.2098447541575297e-06,0,6.22961950302124,False
700,MEDQA,7.888332220318262e-06,4.069111673743464e-05,0.9998742341995239,2.144271093129646e-05,5.5618162150494754e-05,2,5.75292444229126,False
701,MEDQA,2.123342710547149e-06,5.338082701200619e-06,2.684156697796425e-06,8.801011063042097e-06,0.9999810457229614,3,4.183269500732422,False
702,MEDQA,2.0901181869703578e-06,2.0577140276145656e-06,2.2599567728320835e-06,0.9998351335525513,0.00015843519940972328,3,7.146654367446899,False
703,MEDQA,5.896361585655541e-07,2.1567996100202436e-06,8.990878086478915e-07,6.439014214265626e-06,0.9999898672103882,4,6.665884971618652,False
704,MEDQA,0.9998045563697815,1.2604641597135924e-05,5.538092295864772e-07,1.2216836694278754e-05,0.000169970968272537,4,3.743471145629883,False
705,MEDQA,6.643145752605051e-06,1.69638660736382e-05,8.013163096620701e-06,0.9999500513076782,1.8342312614549883e-05,3,5.9128499031066895,False
706,MEDQA,4.092733888683142e-06,2.2649794118478894e-05,1.414411030964402e-06,1.9222630726289935e-05,0.9999526739120483,2,7.612909317016602,False
707,MEDQA,1.8448026821715757e-06,1.7330316950392444e-06,1.6536705516045913e-06,0.9999867677688599,7.951096449687611e-06,3,5.579541206359863,False
708,MEDQA,9.58997134148376e-06,6.894949183333665e-05,5.173401859792648e-06,0.9998948574066162,2.1443152945721522e-05,1,9.390791177749634,False
709,MEDQA,0.9867537617683411,0.0011374575551599264,0.0005543525330722332,0.005686930380761623,0.00586745236068964,1,3.569096088409424,False
710,MEDQA,3.790093251154758e-05,2.5050987460417673e-05,2.2809181245975196e-05,0.9991530179977417,0.0007612605695612729,3,5.986842155456543,False
711,MEDQA,0.00016408393275924027,0.00038225241587497294,0.99581378698349,7.630611798958853e-05,0.0035635163076221943,2,5.42228627204895,False
712,MEDQA,0.0002607096976134926,0.00046476529678329825,0.9978991746902466,0.0008340133354067802,0.0005412472528405488,2,5.061922788619995,False
713,MEDQA,0.9999730587005615,7.296236162801506e-06,6.475777922787529e-07,1.4970904885558411e-05,4.092817562195705e-06,0,4.9031081199646,False
714,MEDQA,6.360546831274405e-05,3.118099630228244e-05,2.7517131456988864e-05,0.9992984533309937,0.0005792208248749375,1,9.091786861419678,False
715,MEDQA,1.4279574315878563e-05,5.647681246045977e-05,0.9995697140693665,3.703839684021659e-05,0.0003224724205210805,1,7.146018981933594,False
716,MEDQA,2.263982969452627e-05,1.6434754797955975e-05,1.4278761227615178e-05,0.0004339093866292387,0.999512791633606,3,7.657549619674683,False
717,MEDQA,7.411157184833428e-06,0.9999760389328003,3.6687888496089727e-06,3.393074848645483e-06,9.590749868948478e-06,1,7.625100135803223,False
718,MEDQA,2.9943714707769686e-06,0.9999737739562988,3.3930673453141935e-06,8.530170816811733e-06,1.130063901655376e-05,4,6.970787286758423,False
719,MEDQA,1.3287398132888484e-06,3.5558923627831973e-06,5.36859431576886e-07,0.9999704360961914,2.420537748548668e-05,0,7.259408712387085,False
720,MEDQA,0.2,0.2,0.2,0.2,0.2,1,9.912781715393066,True
721,MEDQA,2.1443889636429958e-05,0.9999291896820068,6.540017238876317e-06,1.9524883100530133e-05,2.3186372345662676e-05,1,5.017756700515747,False
722,MEDQA,5.203528985475714e-07,8.315215609400184e-07,1.1015871450581471e-06,6.096345259720692e-06,0.9999914169311523,4,8.427218914031982,False
723,MEDQA,2.7695899916579947e-05,0.9999144077301025,4.936590812576469e-06,2.4585177015978843e-05,2.8519305487861857e-05,3,5.191967248916626,False
724,MEDQA,5.539100698115362e-07,2.058025529549923e-06,1.1015816880899365e-06,0.9999865293502808,9.818291800911538e-06,4,8.764086246490479,False
725,MEDQA,2.8115359782532323e-06,0.9994705319404602,1.2872150136900018e-06,0.00048027359298430383,4.502277442952618e-05,3,5.481546640396118,False
726,MEDQA,1.0030065595856286e-06,1.9637916466308525e-06,3.13813006869168e-06,2.3320601485465886e-06,0.9999915361404419,4,8.207518100738525,False
727,MEDQA,2.026109996222658e-06,0.9999821186065674,5.539076255445252e-07,5.6823660088412e-06,9.5161722128978e-06,1,6.838079929351807,False
728,MEDQA,9.276182595385762e-07,1.7603102833163575e-06,1.0348329624321195e-06,0.9999794960021973,1.6766725821071304e-05,3,6.540055274963379,False
729,MEDQA,4.313899353292072e-07,1.0030115618064883e-06,3.2563019658482517e-07,0.999996542930603,1.6536866951355478e-06,3,8.10274052619934,False
730,MEDQA,1.5926636478980072e-05,1.74919896380743e-05,6.639210369030479e-06,0.9993576407432556,0.000602330022957176,3,7.85011887550354,False
731,MEDQA,1.863001125457231e-05,0.9998881816864014,2.090229145323974e-06,9.222523658536375e-06,8.187899948097765e-05,1,5.885730743408203,False
732,MEDQA,2.331943960598437e-06,0.9999417066574097,3.5006623875233345e-06,3.269843728048727e-05,1.983260335691739e-05,1,6.458955526351929,False
733,MEDQA,6.048656814527931e-06,3.944219497498125e-05,0.999950647354126,2.2602177978114923e-06,1.505629597886582e-06,2,6.280178070068359,False
734,MEDQA,1.8920869479188696e-05,5.6930319260573015e-05,0.9997549653053284,2.2822923710918985e-05,0.0001465168606955558,3,8.91245436668396,False
735,MEDQA,0.9999287128448486,3.7051700928714126e-05,1.067627863449161e-06,2.586625487310812e-05,7.295912382687675e-06,0,6.5430908203125,False
736,MEDQA,2.1435649614431895e-05,2.4289771317853592e-05,8.009916200535372e-06,0.9995449185371399,0.0004013134748674929,0,6.969084024429321,False
737,MEDQA,4.63758487967425e-06,3.6117546642344678e-06,0.999933123588562,3.535513678798452e-05,2.3186463295132853e-05,3,6.191584587097168,False
738,MEDQA,0.9999644756317139,2.1112178728799336e-05,1.17260185561463e-06,1.0699131053115707e-05,2.5611977889639093e-06,0,3.8602793216705322,False
739,MEDQA,1.6963360394584015e-05,1.922200681292452e-05,0.9999202489852905,3.944099444197491e-05,4.092601102456683e-06,0,5.681200742721558,False
740,MEDQA,2.426455102977343e-05,6.34310781606473e-05,0.9985070824623108,0.0005157680716365576,0.0008894284255802631,4,7.087484836578369,False
741,MEDQA,0.9999738931655884,7.2962420745170675e-06,1.0029889381257817e-06,1.4567101970897056e-05,3.340463081258349e-06,0,7.935264587402344,False
742,MEDQA,1.5325475033023395e-05,0.9999433755874634,3.1379788651975105e-06,2.50708035309799e-05,1.3108572602504864e-05,1,4.74520206451416,False
743,MEDQA,0.00040727859595790505,0.9986752867698669,8.146084292093292e-05,0.00037083140341565013,0.0004651267663575709,1,4.45443320274353,False
744,MEDQA,6.89325361236115e-07,5.014497219235636e-06,1.3287094589031767e-06,0.9999475479125977,4.539754809229635e-05,3,6.8217833042144775,False
745,MEDQA,0.9999675750732422,6.144013241282664e-06,9.422149673810054e-07,1.6964164387900382e-05,8.397870260523632e-06,0,7.0706140995025635,False
746,MEDQA,1.8738529661277425e-06,0.9999861717224121,2.994408532686066e-06,6.3391630646947306e-06,2.6015873118012678e-06,1,7.490135669708252,False
747,MEDQA,0.00022943147632759064,0.00018652646394912153,8.423843246418983e-05,0.999000608921051,0.0004991707392036915,3,6.939551591873169,False
748,MEDQA,4.869744225288741e-05,0.00011190583609277382,0.9998034834861755,1.5686713595641777e-05,2.014213714573998e-05,0,4.709955215454102,False
749,MEDQA,1.3416231922747102e-05,7.965583790792152e-05,0.9997047781944275,0.0001673191145528108,3.4799057175405324e-05,2,6.352768182754517,False
750,MEDQA,7.53639978938736e-05,0.0004991739406250417,3.644364551291801e-05,0.00038198314723558724,0.9990070462226868,1,5.829812288284302,False
751,MEDQA,1.147361399489455e-05,1.6694009900675155e-05,5.253003109828569e-06,0.9995394945144653,0.00042719364864751697,2,5.076970338821411,False
752,MEDQA,7.733764562090073e-08,9.930350586273562e-08,3.888781208161163e-08,8.481102850055322e-05,0.9999150037765503,2,9.919756650924683,False
753,MEDQA,5.593564765149495e-06,1.0614720849844161e-05,0.9998562335968018,1.078187779057771e-05,0.00011682525655487552,2,7.02726674079895,False
754,MEDQA,3.0414341836149106e-06,0.9999436140060425,5.507325568032684e-06,1.8199456462753005e-05,2.9540631658164784e-05,1,5.1152427196502686,False
755,MEDQA,0.9992307424545288,4.3969270336674526e-05,7.405633823509561e-06,5.3872277931077406e-05,0.0006640349747613072,3,8.985980987548828,False
756,MEDQA,6.746729923179373e-06,2.0142015273449942e-05,0.9997974038124084,0.0001398133026668802,3.590702544897795e-05,2,7.069218873977661,False
757,MEDQA,1.4396076949196868e-05,6.43832390778698e-06,1.7601398667466128e-06,0.999882698059082,9.461048466619104e-05,4,8.372332572937012,False
758,MEDQA,0.00010300637222826481,0.00018506892956793308,0.9989683628082275,0.00016460372717119753,0.000579029496293515,4,7.287741184234619,False
759,MEDQA,6.240585207706317e-06,2.8912587367813103e-05,1.4822687717241934e-06,0.9999383687973022,2.5082921638386324e-05,3,8.624452590942383,False
760,MEDQA,6.143042355688522e-06,7.661229756195098e-05,0.9998095631599426,0.00010471659334143624,2.993879661516985e-06,2,4.9727959632873535,False
761,MEDQA,1.3286967259773519e-06,3.1873778425506316e-06,3.2885559448914137e-06,5.4121410357765853e-05,0.9999380111694336,4,8.472943782806396,False
762,MEDQA,0.35277143120765686,0.01675916649401188,0.3874436318874359,0.0152593944221735,0.22776634991168976,2,7.7217490673065186,False
763,MEDQA,0.9999549388885498,4.356702447694261e-06,6.475660825344676e-07,6.643178494414315e-06,3.3343796530971304e-05,0,9.631590366363525,False
764,MEDQA,4.565618837659713e-06,1.6313479136442766e-05,5.421806690719677e-06,5.508010144694708e-05,0.9999185800552368,3,7.385798454284668,False
765,MEDQA,3.844870661851019e-06,0.9999793767929077,1.0029943950939924e-06,5.771834366896655e-06,1.0129884685738944e-05,3,7.295547723770142,False
766,MEDQA,7.645862751815002e-06,4.946929766447283e-05,5.50710819879896e-06,3.321211625006981e-05,0.9999041557312012,4,4.938347101211548,False
767,MEDQA,2.4060943815129576e-06,0.9999942779541016,2.536004899411637e-07,1.436744582861138e-06,1.6280448562611127e-06,1,5.701181173324585,False
768,MEDQA,1.406315277563408e-05,0.999922513961792,2.8128072244726354e-06,7.527462912548799e-06,5.307378160068765e-05,1,6.612789630889893,False
769,MEDQA,2.5215422283508815e-06,0.9999850988388062,1.2482538522817777e-06,2.812983439071104e-06,8.398016689170618e-06,2,8.507527589797974,False
770,MEDQA,6.747394763806369e-06,0.9998959302902222,5.593787136604078e-06,1.0782306162582245e-05,8.092570351436734e-05,1,5.2866692543029785,False
771,MEDQA,0.999998927116394,7.338207410612085e-07,1.1430722679506289e-07,6.214776249180431e-08,6.31264427397582e-08,2,9.915467023849487,False
772,MEDQA,1.0676750434868154e-06,4.78498714073794e-06,0.9999728202819824,8.939533472585026e-06,1.2411313036864158e-05,4,6.467976331710815,False
773,MEDQA,0.9998773336410522,4.069124406669289e-05,9.07944286154816e-06,6.881374429212883e-05,4.156872364546871e-06,0,7.17856502532959,False
774,MEDQA,1.0511276968827588e-06,2.406055500614457e-06,2.156774144168594e-06,1.6378300642827526e-05,0.9999780654907227,4,7.346721172332764,False
775,MEDQA,0.9999501705169678,3.0478551707346924e-05,4.710696430265671e-06,1.384550614602631e-05,6.681187869617133e-07,0,5.476612091064453,False
776,MEDQA,0.015402670949697495,0.9831787347793579,0.00022491751587949693,0.000324706343235448,0.000868959235958755,1,5.8832762241363525,False
777,MEDQA,7.11230541128316e-07,2.295880221936386e-06,1.0029958730228827e-06,1.5206779607979115e-05,0.9999808073043823,2,7.941972017288208,False
778,MEDQA,0.00400004955008626,0.0011460334062576294,0.0031891176477074623,0.824215292930603,0.16744950413703918,2,6.584367752075195,False
779,MEDQA,4.94445018262013e-09,7.194131956822503e-09,2.998960413336249e-09,6.023573462243803e-08,0.9999998807907104,4,9.91875958442688,False
780,MEDQA,1.1476056897663511e-05,1.2216199138492811e-05,1.4060758985579014e-05,0.9997523427009583,0.00020987515745218843,3,5.793745994567871,False
781,MEDQA,1.3081692031846615e-06,2.0741804291901644e-06,1.051143499353202e-06,2.4631501673866296e-06,0.999993085861206,4,6.571932554244995,False
782,MEDQA,2.7693313313648105e-06,3.340451257827226e-06,2.156757318516611e-06,2.1444771846290678e-05,0.9999703168869019,4,7.153050661087036,False
783,MEDQA,9.665679499448743e-06,0.999945878982544,5.538875598176674e-07,1.922249975905288e-05,2.4682178263901733e-05,1,5.674923419952393,False
784,MEDQA,1.459293002881168e-06,4.425251063366886e-06,1.459293002881168e-06,5.124129893374629e-05,0.9999414682388306,1,6.933758735656738,False
785,MEDQA,0.00012433597294148058,0.00017262337496504188,0.999664306640625,1.3207697520556394e-05,2.5458502932451665e-05,3,6.586772203445435,False
786,MEDQA,5.507485184352845e-06,7.889108019298874e-06,3.3930632525880355e-06,1.0615955943649169e-05,0.9999725818634033,4,6.194501876831055,False
787,MEDQA,4.494576842262177e-06,7.295418527064612e-06,5.954347216174938e-06,0.9998610019683838,0.00012124258500989527,3,7.431826829910278,False
788,MEDQA,2.22525636672799e-06,3.0415649234782904e-06,1.6536703242309159e-06,0.9999866485595703,6.388884685293306e-06,3,5.113145589828491,False
789,MEDQA,1.1299866855551954e-05,1.952441925823223e-05,0.9999054670333862,5.064249489805661e-05,1.3006068002141546e-05,2,5.210880994796753,False
790,MEDQA,0.004366233944892883,0.9138357043266296,0.02592352405190468,0.01572341099381447,0.04015113785862923,1,9.909478902816772,False
791,MEDQA,2.2735885067959316e-05,5.839929872308858e-05,1.9220469766878523e-05,0.999840259552002,5.9405912907095626e-05,0,5.09563136100769,False
792,MEDQA,1.0348371688451152e-06,3.90543482353678e-06,3.3931003144971328e-06,8.139625606418122e-06,0.999983549118042,2,7.509490251541138,False
793,MEDQA,0.9997352957725525,8.028303273022175e-05,2.668217712198384e-05,0.00010069748532259837,5.692919876310043e-05,1,7.1060285568237305,False
794,MEDQA,6.681465833935363e-07,8.851504276208289e-07,7.571092623948061e-07,5.955125743639655e-06,0.999991774559021,4,7.3603129386901855,False
795,MEDQA,0.0004720947763416916,0.0004038040933664888,0.9940308928489685,0.005016366019845009,7.676689710933715e-05,2,5.006166934967041,False
796,MEDQA,0.9989976286888123,0.00010545219265623018,9.601531201042235e-05,0.0007011970155872405,9.984013013308868e-05,3,5.287498474121094,False
797,MEDQA,7.571095466119004e-07,8.186306672541832e-07,5.804960210298304e-07,5.682422852260061e-06,0.9999921321868896,4,8.673597574234009,False
798,MEDQA,4.069071292178705e-05,1.4737200217496138e-05,0.9998643398284912,1.0951756848953664e-05,6.921723252162337e-05,2,9.914408922195435,False
799,MEDQA,9.459788998356089e-05,9.168741235043854e-05,0.9997496008872986,5.063460048404522e-05,1.3416833098744974e-05,2,7.308572769165039,False
800,MEDQA,1.202890598506201e-05,2.373617098783143e-05,0.9999270439147949,3.7263812373566907e-06,3.347336678416468e-05,2,3.2629477977752686,False
801,MEDQA,5.682081791746896e-06,1.4063288290344644e-05,6.747638963133795e-06,4.1374689317308366e-05,0.9999321699142456,1,7.609667539596558,False
802,MEDQA,0.2639460265636444,0.004987798165529966,0.01234491914510727,0.7174796462059021,0.00124156114179641,4,4.866888999938965,False
803,MEDQA,1.4284657481766772e-05,0.9999254941940308,5.421844434749801e-06,2.9310212994460016e-05,2.5465154976700433e-05,1,9.03211760520935,False
804,MEDQA,0.9999852180480957,2.225253183496534e-06,3.3596299431337684e-07,1.0370168638473842e-05,1.760320287758077e-06,0,8.802334547042847,False
805,MEDQA,1.9833032638416626e-05,5.862633315700805e-06,0.9999632835388184,8.013268598006107e-06,2.9479169825208373e-06,2,7.71331000328064,False
806,MEDQA,1.952470302057918e-05,0.9999200105667114,8.664035703986883e-06,3.095758438576013e-05,2.0783940271940082e-05,1,6.720057010650635,False
807,MEDQA,5.014505404687952e-06,0.9999492168426514,2.1111856767674908e-05,1.7230993762495928e-05,7.4109584602410905e-06,0,6.5896971225738525,False
808,MEDQA,3.806990775956365e-07,1.0348474006605102e-06,6.276667363636079e-07,0.9999934434890747,4.495172106544487e-06,3,8.026029348373413,False
809,MEDQA,1.012389657262247e-05,0.9993882179260254,3.7243733004288515e-06,1.6432706615887582e-05,0.0005815400509163737,1,8.122024774551392,False
810,MEDQA,0.9999290704727173,5.1844668632838875e-05,8.850948916006018e-07,1.1124941920570564e-05,7.182802619354334e-06,0,6.914653062820435,False
811,MEDQA,1.2482531701607513e-06,2.8129816200817004e-06,9.223412234860007e-06,2.156788013962796e-06,0.9999845027923584,4,5.171480178833008,False
812,MEDQA,1.2878779216407565e-06,3.2887112411117414e-06,1.963779141078703e-06,8.267819794127718e-06,0.9999852180480957,4,8.758632898330688,False
813,MEDQA,3.453225508565083e-05,2.9307144359336235e-05,4.539179280982353e-05,7.003009523032233e-05,0.9998207688331604,2,4.55419135093689,False
814,MEDQA,2.998960191291644e-09,3.3982670011312166e-09,1.4166084971733994e-09,1.8553909342244879e-07,0.9999997615814209,4,9.91214370727539,False
815,MEDQA,0.9999508857727051,3.822869621217251e-05,4.356684712547576e-06,4.784882094099885e-06,1.706102352727612e-06,0,5.573152780532837,False
816,MEDQA,0.9999905824661255,3.3931241887330543e-06,7.338146019719716e-07,3.966964413848473e-06,1.4144646911518066e-06,0,7.00508713722229,False
817,MEDQA,0.001004367833957076,0.0015344721032306552,0.5976648926734924,0.0016656536608934402,0.3981306552886963,2,7.415509462356567,False
818,MEDQA,6.854148978163721e-06,0.9999686479568481,7.57091754621797e-07,6.540275080624269e-06,1.723132845654618e-05,1,9.490906000137329,False
819,MEDQA,1.1750241355912294e-05,7.646028279850725e-06,5.682045411958825e-06,4.9133341235574335e-05,0.9999257326126099,4,8.907107591629028,False
820,MEDQA,1.4144536635285476e-06,1.0616065083013382e-05,0.9999828338623047,3.041553327420843e-06,2.058018026218633e-06,2,8.752691745758057,False
821,MEDQA,1.6186389984795824e-05,3.269740773248486e-05,0.9999102354049683,3.071637183893472e-05,1.0129184374818578e-05,3,5.478986978530884,False
822,MEDQA,4.425341558089713e-06,0.9999618530273438,8.314970045830705e-07,5.954947482678108e-06,2.6897541829384863e-05,2,9.501063823699951,False
823,MEDQA,1.903303200379014e-06,4.7849034672253765e-06,1.5534307067355257e-06,0.9999552965164185,3.6478239053394645e-05,3,6.060509204864502,False
824,MEDQA,1.7777674656827003e-05,0.9999328851699829,2.355159267608542e-05,1.8057633496937342e-05,7.76649085310055e-06,1,6.159264326095581,False
825,MEDQA,3.3930898553080624e-06,5.771840733359568e-06,4.02939394916757e-06,0.9999804496765137,6.33912668490666e-06,3,5.51493763923645,False
826,MEDQA,3.754701901925728e-05,4.6728022425668314e-05,0.9975863695144653,0.0021737036295235157,0.0001556280767545104,2,8.951131582260132,False
827,MEDQA,2.0455725461943075e-05,0.9996273517608643,1.2214671187393833e-05,5.3058116463944316e-05,0.0002868294541258365,1,5.851317882537842,False
828,MEDQA,2.0142053472227417e-05,6.552929698955268e-05,0.9997993111610413,1.2803067875211127e-05,0.00010228979226667434,2,4.944281101226807,False
829,MEDQA,1.4367273024618044e-06,5.771851192548638e-06,1.7880360019262298e-06,0.9999822378158569,8.801021067483816e-06,4,5.371050834655762,False
830,MEDQA,6.6430429797037505e-06,1.2410838280629832e-05,4.356613771960838e-06,4.198532406007871e-05,0.9999345541000366,1,4.240089654922485,False
831,MEDQA,0.9999634027481079,1.834255817811936e-05,1.370908989883901e-06,7.76672732172301e-06,9.080225026991684e-06,0,8.722604274749756,False
832,MEDQA,1.0129463589692023e-05,1.061558668880025e-05,0.9999377727508545,7.766529051878024e-06,3.3736265322659165e-05,2,6.649930953979492,False
833,MEDQA,8.013180377020035e-06,7.410980742861284e-06,4.356690624263138e-06,2.7968748327111825e-05,0.9999521970748901,3,7.556331634521484,False
834,MEDQA,1.8448125729264575e-06,1.816211351979291e-06,4.450817527867912e-07,0.9999921321868896,3.7558520489255898e-06,3,5.518449068069458,False
835,MEDQA,1.1122994692414068e-05,0.999754011631012,5.5062814681150485e-06,1.6697591490810737e-05,0.0002127646148437634,2,7.2759318351745605,False
836,MEDQA,1.191086425933463e-06,0.9999803304672241,8.315123523061629e-07,1.3954519090475515e-05,3.6688047657662537e-06,1,3.1262474060058594,False
837,MEDQA,1.65367112003878e-06,3.555951707312488e-06,5.368683559936471e-07,0.9999871253967285,7.183219622675097e-06,3,5.583698272705078,False
838,MEDQA,0.9997249245643616,6.107547233114019e-05,6.960389782761922e-06,0.00019258698739577085,1.4506696970784105e-05,0,4.80879020690918,False
839,MEDQA,4.784913471667096e-06,0.9999574422836304,2.3923063054098748e-05,4.029301180707989e-06,9.818006219575182e-06,1,5.8109400272369385,False
840,MEDQA,8.85148722318263e-07,3.3405165140720783e-06,1.4144636679702671e-06,0.9999898672103882,4.495156190387206e-06,3,7.008582353591919,False
841,MEDQA,1.0209192623733543e-05,0.9999655485153198,8.139479177771136e-06,1.2218803931318689e-05,3.844817456410965e-06,1,6.785856008529663,False
842,MEDQA,1.3418669368547853e-05,8.48086056066677e-05,0.9998863935470581,1.1299651305307634e-05,4.092462404514663e-06,2,6.622541427612305,False
843,MEDQA,1.9142832741181337e-07,3.576352014533768e-07,7.496441156717992e-08,0.999997615814209,1.7330505670543062e-06,3,7.323970556259155,False
844,MEDQA,0.9992361068725586,1.1834232282126322e-05,2.5593321879568975e-06,0.0006718660006299615,7.77741297497414e-05,0,6.100696563720703,False
845,MEDQA,0.9999520778656006,3.288602329121204e-06,4.052353119732288e-07,1.3419550668913871e-05,3.071765604545362e-05,0,6.8495495319366455,False
846,MEDQA,1.370915924781002e-06,1.6536403109057574e-06,7.112217872418114e-07,0.9999685287475586,2.7751546440413222e-05,3,5.641391277313232,False
847,MEDQA,1.2877995914095663e-06,1.1015133623004658e-06,6.083134280743252e-07,0.9999244213104248,7.254339288920164e-05,3,6.854854583740234,False
848,MEDQA,4.2889328142337035e-06,6.642829248448834e-06,0.9999023675918579,8.284533396363258e-05,3.844574621325592e-06,2,4.1111159324646,False
849,MEDQA,1.1726351658580825e-06,1.6536807834199863e-06,1.0188031183133717e-06,3.2377497518609744e-06,0.9999929666519165,4,6.8524816036224365,False
850,MEDQA,1.1656889000732917e-05,0.9997618794441223,6.4375458350696135e-06,3.269255830673501e-05,0.00018739921506494284,2,7.2979724407196045,False
851,MEDQA,0.06388130784034729,0.11567411571741104,0.8029374480247498,0.01666443422436714,0.0008427388384006917,2,6.839720964431763,False
852,MEDQA,1.30816079035867e-06,4.289294338377658e-06,2.457961443269596e-07,0.9999866485595703,7.5279458542354405e-06,3,6.694619417190552,False
853,MEDQA,3.927821410343313e-07,1.2679162182394066e-06,6.375483962983708e-07,0.9999892711639404,8.463918675261084e-06,3,6.937823534011841,False
854,MEDQA,1.8738425069386722e-06,0.9999805688858032,9.422271887160605e-07,9.818232683755923e-06,6.854230832686881e-06,1,8.07460069656372,False
855,MEDQA,9.422287803317886e-07,0.9999822378158569,2.23798934939623e-07,7.071819709381089e-06,9.516173122392502e-06,1,8.198529481887817,False
856,MEDQA,9.367569873575121e-06,0.9998681545257568,7.295470823009964e-06,8.092345524346456e-05,3.4265147405676544e-05,3,9.361823558807373,False
857,MEDQA,3.5763301298175065e-07,5.368707434172393e-07,1.5381604612230149e-07,0.9999915361404419,7.411272235913202e-06,3,5.579507350921631,False
858,MEDQA,4.7843509491940495e-06,0.9998399019241333,1.287690679419029e-06,4.4944818000658415e-06,0.00014941934205126017,0,6.699467420578003,False
859,MEDQA,2.8331810426607262e-06,2.1599067622446455e-05,2.138597437806311e-06,0.9993273019790649,0.0006461861194111407,3,8.965727090835571,False
860,MEDQA,1.4449685181716632e-07,0.9999918937683105,6.962248335184995e-06,9.422378752788063e-07,9.329418304560022e-08,3,9.916694402694702,False
861,MEDQA,5.593627065536566e-06,1.1749555596907157e-05,6.438224772864487e-06,0.0001088943172362633,0.99986732006073,2,8.4017915725708,False
862,MEDQA,3.844554157694802e-06,6.539807145600207e-06,8.938856808526907e-06,8.349465497303754e-05,0.9998971223831177,1,8.123098134994507,False
863,MEDQA,0.9999749660491943,9.442049304198008e-06,8.059250831138343e-07,1.331542353000259e-05,1.3709247923543444e-06,0,4.864815950393677,False
864,MEDQA,1.9033299167858786e-06,5.594197773461929e-06,9.009615496324841e-06,1.4174115676723886e-05,0.9999693632125854,4,5.618522644042969,False
865,MEDQA,1.7602806110517122e-06,7.646310223208275e-06,0.9999626874923706,1.9525536117726006e-05,8.39782842376735e-06,2,7.857618808746338,False
866,MEDQA,2.0698156788512279e-07,6.375481689246953e-07,6.839892989773944e-07,9.516236787021626e-06,0.9999889135360718,1,9.954515933990479,False
867,MEDQA,2.4060041141638067e-06,9.515930287307128e-06,0.9999567270278931,2.668808701855596e-05,4.637694473785814e-06,1,9.019859075546265,False
868,MEDQA,2.4824507818266284e-06,1.8161996422350057e-06,1.0676887995941797e-06,0.9999856948852539,8.93964806891745e-06,3,7.204727411270142,False
869,MEDQA,2.194085579887428e-09,5.043474402555148e-07,5.263337321537165e-09,0.9999995231628418,2.4862247816059835e-09,0,9.912137746810913,False
870,MEDQA,0.9996281862258911,1.556190909468569e-05,1.7874028799269581e-06,0.00034329021582379937,1.1035045645257924e-05,0,5.5215067863464355,False
871,MEDQA,4.222674306220142e-06,0.9999581575393677,4.784917109645903e-06,1.6187166693271138e-05,1.6701002095942385e-05,1,8.538159608840942,False
872,MEDQA,3.6191271647112444e-05,1.1124284355901182e-05,6.43824159851647e-06,0.9998699426651001,7.631822518305853e-05,3,3.3213682174682617,False
873,MEDQA,5.7260156609117985e-05,0.002018490107730031,0.9977220892906189,0.00013313385716173798,6.906893395353109e-05,2,7.580761194229126,False
874,MEDQA,0.9998420476913452,2.177968417527154e-05,1.1299150173726957e-05,4.1981438698712736e-05,8.284033538075164e-05,4,5.428765773773193,False
875,MEDQA,4.7107250793487765e-06,1.5206405805656686e-05,1.670096935413312e-05,7.0716359914513305e-06,0.9999562501907349,4,5.605102062225342,False
876,MEDQA,5.043411874794401e-07,1.3925305211159866e-06,4.3138587102475867e-07,0.9999871253967285,1.0533495697018225e-05,3,6.408666610717773,False
877,MEDQA,1.8738573999144137e-06,0.9999885559082031,4.450801611710631e-07,6.0488860071927775e-06,2.9479915610863827e-06,1,3.279346466064453,False
878,MEDQA,1.2878439292762778e-06,4.029307092423551e-06,2.5611834644223563e-06,0.999958872795105,3.321393523947336e-05,3,5.020026445388794,False
879,MEDQA,6.24027870799182e-06,1.174981298390776e-05,6.539755759149557e-06,8.614439138909802e-05,0.9998892545700073,4,7.951986312866211,False
880,MEDQA,2.8736559443132137e-07,8.315199124808714e-07,5.714946951229649e-07,0.99998939037323,8.904828973754775e-06,2,6.9730236530303955,False
881,MEDQA,0.9999847412109375,1.0451498383190483e-05,1.9750237356674916e-07,3.34049946104642e-06,1.13654755296011e-06,0,7.221085786819458,False
882,MEDQA,0.9997029900550842,6.97488576406613e-05,4.907444599666633e-05,0.00010389060480520129,7.42472693673335e-05,3,7.772484064102173,False
883,MEDQA,1.2482673810154665e-06,0.9999959468841553,2.9648950317096023e-07,1.1189396218469483e-06,1.5779578461661004e-06,1,4.220887184143066,False
884,MEDQA,0.9999918937683105,7.016853942332091e-06,6.47590013613808e-07,2.1691546692181873e-07,2.1691546692181873e-07,0,6.831557512283325,False
885,MEDQA,2.9308990633580834e-05,2.7966834750259295e-05,0.999883770942688,2.627240974106826e-05,3.2696541893528774e-05,2,6.01870059967041,False
886,MEDQA,0.9993715882301331,0.00015229500422719866,4.537140193860978e-05,3.2679792639100924e-05,0.00039812136674299836,0,5.0794358253479,False
887,MEDQA,4.092769358976511e-06,1.0451253729115706e-05,9.22319850360509e-06,1.4854226719762664e-05,0.9999613761901855,0,5.473577976226807,False
888,MEDQA,6.643250344495755e-06,8.800876457826234e-06,3.844818365905667e-06,1.4970795746194199e-05,0.9999657869338989,0,9.122456550598145,False
889,MEDQA,2.99429007100116e-06,0.9999465942382812,6.4387354541395325e-06,2.178196155000478e-05,2.2124975657789037e-05,1,5.7129292488098145,False
890,MEDQA,0.9999889135360718,4.157336206844775e-06,1.3156548561710224e-07,2.994416718138382e-06,3.84490704163909e-06,0,8.36823320388794,False
891,MEDQA,5.593602054432267e-06,1.9831040845019743e-05,0.9998629093170166,0.00010554352775216103,6.143370228528511e-06,0,7.445296287536621,False
892,MEDQA,0.9998884201049805,1.1124489901703782e-05,2.901996595028322e-06,6.921889871591702e-05,2.8407379431882873e-05,4,7.285784959793091,False
893,MEDQA,1.4144648048386443e-06,0.999990701675415,3.689852121624426e-07,2.8572974315466126e-06,4.637851816369221e-06,1,8.649337530136108,False
894,MEDQA,0.9999749660491943,1.9833263650070876e-05,8.315079185194918e-07,3.288677589807776e-06,1.034828301271773e-06,0,6.792693138122559,False
895,MEDQA,0.9999860525131226,1.9637809600681067e-06,7.112342359505419e-07,8.013451406441163e-06,3.3931089546967996e-06,3,4.528013229370117,False
896,MEDQA,1.3496845667759771e-06,2.406073008387466e-06,1.8738513745120144e-06,9.009760105982423e-06,0.9999853372573853,4,6.973146438598633,False
897,MEDQA,4.2224046410410665e-06,0.9998942613601685,2.0578356725309277e-06,3.500496404740261e-06,9.610148845240474e-05,1,4.327145338058472,False
898,MEDQA,2.7262951789452927e-06,1.3419294191407971e-05,0.9999330043792725,3.726403519976884e-06,4.720529614132829e-05,2,7.432053565979004,False
899,MEDQA,0.004227877594530582,0.005180103704333305,0.01836506277322769,0.030278872698545456,0.9419480562210083,2,7.892986297607422,False
900,MEDQA,3.1869228678260697e-06,6.337952981994022e-06,0.9997952580451965,0.00017130245396401733,2.3919183149700984e-05,2,9.580750465393066,False
901,MEDQA,1.6279732335533481e-06,4.289138360036304e-06,1.505629143139231e-06,4.231528509990312e-05,0.9999502897262573,4,6.569823265075684,False
902,MEDQA,3.425008981139399e-05,5.8261364756617695e-05,0.9994288086891174,0.00016858485469128937,0.0003100750036537647,2,6.699419260025024,False
903,MEDQA,3.3401688597223256e-06,0.9998857975006104,9.873519957181998e-07,8.681972394697368e-05,2.3094977223081514e-05,1,4.518915176391602,False
904,MEDQA,1.2185735613456927e-05,1.5646795873180963e-05,0.997259259223938,6.092484181863256e-05,0.002652024384588003,2,7.857533693313599,False
905,MEDQA,1.4283511518442538e-05,2.9307862860150635e-05,0.9998452663421631,8.480511314701289e-05,2.6271398382959887e-05,0,3.431640625,False
906,MEDQA,1.1478042324597482e-05,0.9999252557754517,3.400043351575732e-05,1.750192495819647e-05,1.1842394087580033e-05,4,6.335768938064575,False
907,MEDQA,0.00011244460620218888,0.9851859211921692,2.8878161174361594e-05,0.0006198589107953012,0.014052921906113625,0,8.158364295959473,False
908,MEDQA,1.4056733562028967e-05,0.9994661211967468,1.0610579010972288e-05,3.646039476734586e-05,0.0004728255735244602,2,3.4268791675567627,False
909,MEDQA,8.798815542832017e-06,1.3208587006374728e-05,0.9997316002845764,9.079475421458483e-05,0.00015558244194835424,1,6.153700590133667,False
910,MEDQA,8.529551450919826e-06,0.9999011754989624,4.637436632037861e-06,3.295355782029219e-05,5.265963409328833e-05,2,5.791162014007568,False
911,MEDQA,0.99996018409729,6.33899844615371e-06,6.893340582792007e-07,2.256166044389829e-05,1.0209138054051436e-05,3,5.130728244781494,False
912,MEDQA,3.844540515274275e-06,0.9998935461044312,1.8736793663265416e-06,1.18420184662682e-05,8.887927833711728e-05,1,6.0630834102630615,False
913,MEDQA,7.571110245407908e-07,6.179359957059205e-07,4.28932617069222e-06,0.9999940395355225,2.6995621738024056e-07,4,9.946545600891113,False
914,MEDQA,2.7693001811712747e-06,1.2878440429631155e-06,4.313737349548319e-07,0.9999589920043945,3.647837365861051e-05,3,6.534345865249634,False
915,MEDQA,0.9997449517250061,1.8195840311818756e-05,4.783896656590514e-06,0.00017535596271045506,5.6707795010879636e-05,0,8.734356164932251,False
916,MEDQA,0.9998363256454468,5.4327705584000796e-05,7.085668767103925e-05,3.269499211455695e-05,5.861888894287404e-06,0,5.581842422485352,False
917,MEDQA,7.029374683042988e-05,5.5606928071938455e-05,4.4681422878056765e-05,0.00015717664791736752,0.9996722936630249,4,7.712324857711792,False
918,MEDQA,2.2602866920351516e-06,0.9999810457229614,4.888212288278737e-07,7.527903562731808e-06,8.664564120408613e-06,1,4.388589143753052,False
919,MEDQA,1.653067897677829e-06,5.091807452117791e-06,0.9996223449707031,2.585832953627687e-05,0.0003449685173109174,2,7.18528413772583,False
920,MEDQA,0.9999942779541016,4.255946805642452e-06,8.494552616866713e-08,1.154456640506396e-06,1.5869912317612034e-07,0,8.094876766204834,False
921,MEDQA,0.9999806880950928,1.0953031051030848e-05,2.964849841191608e-07,5.7718420976016205e-06,2.3320349100686144e-06,1,5.851437091827393,False
922,MEDQA,6.758255732819407e-09,4.36345803933591e-09,1.1861108539790166e-08,9.422445828022319e-07,0.9999990463256836,0,9.92690634727478,False
923,MEDQA,2.9309692763490602e-05,1.6186349967028946e-05,0.9999077320098877,3.3735250326571986e-05,1.3006097105972003e-05,2,6.069432020187378,False
924,MEDQA,0.9999814033508301,1.0783228390209842e-05,5.368652864490286e-07,5.014666839997517e-06,2.260287374156178e-06,0,6.903302907943726,False
925,MEDQA,1.994694002860342e-06,6.962166025914485e-06,0.999980092048645,5.507526566361776e-06,5.507526566361776e-06,2,3.9711012840270996,False
926,MEDQA,7.182594345067628e-06,0.9999001026153564,9.079650226340163e-06,1.221800448547583e-05,7.141698006307706e-05,1,7.795056343078613,False
927,MEDQA,0.0019079366466030478,0.0010871095582842827,0.1033591628074646,0.8928868770599365,0.0007589248125441372,2,8.955193281173706,False
928,MEDQA,1.816107214835938e-06,0.9999347925186157,9.131960609920498e-07,1.653584490668436e-06,6.085013956180774e-05,1,6.832241058349609,False
929,MEDQA,7.646330232091714e-06,1.4738688150828239e-05,0.9999653100967407,5.093554136692546e-06,7.183062734839041e-06,2,7.0661046504974365,False
930,MEDQA,0.9999603033065796,3.0006329325260594e-05,1.8738045355348731e-06,7.183026809798321e-06,6.083352559471678e-07,0,6.694070816040039,False
931,MEDQA,0.0034595495089888573,0.003149955766275525,0.0003506649227347225,0.9896866679191589,0.0033531105145812035,0,8.443637371063232,False
932,MEDQA,4.93556035507936e-06,8.011204954527784e-06,1.0673898032109719e-06,0.9997057318687439,0.000280207023024559,4,7.556252956390381,False
933,MEDQA,0.0013005005894228816,0.08327071368694305,0.0112694650888443,0.008914880454540253,0.8952444791793823,0,5.6639955043792725,False
934,MEDQA,3.3928533866856014e-06,0.9999107122421265,7.766318049107213e-06,3.0240171327022836e-05,4.7947600251063704e-05,1,7.553164958953857,False
935,MEDQA,0.7834410667419434,0.0009613380534574389,0.0019118490163236856,0.002825529780238867,0.21086031198501587,0,7.45341682434082,False
936,MEDQA,1.520191381132463e-05,2.668019078555517e-05,0.999660849571228,0.00012336795043665916,0.00017397670308128,1,6.858317852020264,False
937,MEDQA,2.5253455532947555e-05,5.646666613756679e-05,1.6954367310972884e-05,0.0005112075014039874,0.9993901252746582,3,7.062382459640503,False
938,MEDQA,0.0011720065958797932,0.0007094708271324635,0.0006957483710721135,0.002308162394911051,0.9951145648956299,3,5.939863443374634,False
939,MEDQA,0.9999024868011475,9.972069165087305e-06,5.507099103851942e-06,4.710471785074333e-06,7.722034933976829e-05,0,6.582373142242432,False
940,MEDQA,0.9985148310661316,0.000140729098347947,1.7206277334480546e-05,0.000676151248626411,0.0006511618266813457,0,5.635728597640991,False
941,MEDQA,1.036974663293222e-05,1.907288060465362e-05,5.771632913820213e-06,2.0302977645769715e-05,0.9999444484710693,0,7.609179496765137,False
942,MEDQA,1.5056739357532933e-06,0.999980092048645,2.873629227906349e-07,1.7231524907401763e-05,7.811333944118815e-07,1,7.406858921051025,False
943,MEDQA,4.5921123614789394e-07,2.2252738745009992e-06,5.896388870496594e-07,2.2079568680055672e-06,0.9999945163726807,4,6.559560298919678,False
944,MEDQA,2.9938244097138522e-06,1.0781175660667941e-05,0.9997910857200623,8.956719830166548e-05,0.00010553594620432705,4,7.540410995483398,False
945,MEDQA,2.857224671970471e-06,5.682269602402812e-06,1.9946644442825345e-06,0.9999651908874512,2.4371282052015886e-05,1,5.999607801437378,False
946,MEDQA,4.0524196265323553e-07,8.851298503032012e-07,5.71482814848423e-07,0.9999685287475586,2.954136834887322e-05,3,5.778565168380737,False
947,MEDQA,1.4737668607267551e-05,0.9998961687088013,2.726194679780747e-06,4.297932537156157e-05,4.331641684984788e-05,1,6.584224224090576,False
948,MEDQA,0.00011948061001021415,0.00012327333388384432,0.9988941550254822,0.0008293598075397313,3.3701053325785324e-05,3,8.176818370819092,False
949,MEDQA,0.9999837875366211,2.0580198452080367e-06,2.4060691430349834e-06,2.7693688480212586e-06,9.080409654416144e-06,0,9.02452564239502,False
950,MEDQA,0.998691976070404,1.1111178537248634e-05,7.636594091309234e-06,5.0870685299742036e-06,0.001284277648665011,0,5.807676553726196,False
951,MEDQA,1.8302433090866543e-05,0.00011841810191981494,0.9977759718894958,0.0002637502911966294,0.0018236524192616343,2,7.9390599727630615,False
952,MEDQA,0.9992063641548157,0.00022947874094825238,2.6254610929754563e-05,0.0003739386156667024,0.00016400105960201472,0,9.231688737869263,False
953,MEDQA,5.6019976909738034e-05,0.00040911228279583156,0.9992606043815613,0.00017121084965765476,0.00010303650924470276,3,9.362508773803711,False
954,MEDQA,1.3210334145696834e-05,1.2217561561556067e-05,0.999863862991333,2.3184858946478926e-05,8.749874541535974e-05,2,8.12926959991455,False
955,MEDQA,1.2098512343072798e-06,1.8738543303697952e-06,3.288716698079952e-06,0.9999868869781494,6.854274033685215e-06,3,5.558793783187866,False
956,MEDQA,3.87927248084452e-05,0.9989726543426514,5.385836266214028e-05,0.0001307224592892453,0.0008039062959142029,1,5.235684633255005,False
957,MEDQA,5.173579211259494e-06,0.9999291896820068,1.459275040360808e-06,3.37359742843546e-05,3.0477911423076876e-05,1,5.035739183425903,False
958,MEDQA,0.000962288526352495,0.0038809902034699917,0.987476646900177,0.0007071691215969622,0.006972876377403736,2,5.532447814941406,False
959,MEDQA,0.00017374900926370174,0.9983525276184082,2.1747238861280493e-05,0.0010768877109512687,0.0003750813484657556,1,5.308250427246094,False
960,MEDQA,0.010189847089350224,0.01035031396895647,0.0020222370512783527,0.9612811207771301,0.01615661196410656,3,6.205331325531006,False
961,MEDQA,0.9857172966003418,0.0013414622517302632,0.0014848632272332907,0.010780560784041882,0.0006758482777513564,0,7.456047534942627,False
962,MEDQA,2.260285327793099e-06,0.9999804496765137,4.052467943438387e-07,6.854229923192179e-06,1.0129895599675365e-05,1,5.797377109527588,False
963,MEDQA,4.157350758760003e-06,1.003007582767168e-06,1.8738647895588656e-06,4.1811577489170304e-07,0.9999924898147583,4,9.895349979400635,False
964,MEDQA,1.3709537824979634e-06,1.0188063015448279e-06,0.9999960660934448,1.1015922609658446e-06,4.888285616289068e-07,3,9.971070528030396,False
965,MEDQA,4.7378929934893677e-07,8.579216341786378e-07,1.4449756235990208e-07,0.9999969005584717,1.6280491763609461e-06,3,6.2189624309539795,False
966,MEDQA,4.1811699702520855e-07,8.059416245487228e-07,1.8448187120156945e-06,1.4367462881637039e-06,0.9999954700469971,2,7.674587249755859,False
967,MEDQA,1.0447566637594718e-05,7.139616354834288e-05,0.99960857629776,0.00022337881091516465,8.612020610598847e-05,2,6.0391387939453125,False
968,MEDQA,0.999987006187439,6.048876457498409e-06,2.1024065688379778e-07,2.769377715594601e-06,3.966950316680595e-06,0,4.566508769989014,False
969,MEDQA,4.22264747612644e-06,2.3552036509499885e-05,0.9999517202377319,9.223109373124316e-06,1.1300389815005474e-05,2,8.854120254516602,False
970,MEDQA,1.529388782728347e-06,3.2377161005570088e-06,5.043389137426857e-07,0.9999825954437256,1.2123923625040334e-05,3,6.973040342330933,False
971,MEDQA,1.1726305046977359e-06,1.7880479390441906e-06,7.338134082601755e-07,7.411252681777114e-06,0.9999889135360718,4,7.104478120803833,False
972,MEDQA,3.392834742044215e-06,2.1443376681418158e-05,0.9999052286148071,5.475757643580437e-05,1.5205630006676074e-05,2,6.36846399307251,False
973,MEDQA,0.00017399239004589617,0.9997510313987732,1.0950516298180446e-05,3.426113471505232e-05,2.9766588340862654e-05,1,9.91208028793335,False
974,MEDQA,4.710590928880265e-06,1.2410753697622567e-05,7.827364242984913e-06,4.729733700514771e-05,0.9999277591705322,4,6.34906005859375,False
975,MEDQA,1.2217951734783128e-05,5.954554580966942e-06,0.9998958110809326,3.453484896454029e-05,5.1439503295114264e-05,2,3.9305996894836426,False
976,MEDQA,8.013261322048493e-06,9.223207598552108e-06,7.071678737702314e-06,1.3315255273482762e-05,0.999962329864502,4,8.387624502182007,False
977,MEDQA,7.296221156138927e-06,0.9999710321426392,7.338002774304186e-07,5.25527093486744e-06,1.56893420353299e-05,1,6.078619956970215,False
978,MEDQA,9.721551032271236e-05,6.036248669261113e-05,0.787745475769043,0.21201881766319275,7.811486284481362e-05,2,6.649782419204712,False
979,MEDQA,1.067668677023903e-06,2.1233126972219907e-06,6.276500243984628e-07,0.9999668598175049,2.931142626039218e-05,3,8.48795223236084,False
980,MEDQA,3.84479426429607e-06,1.1300478945486248e-05,0.9999595880508423,1.2218731171742547e-05,1.3006771951040719e-05,2,9.06108546257019,False
981,MEDQA,1.4593609876101254e-06,2.332052190467948e-06,1.1365514183125924e-06,0.9999880790710449,7.071861091390019e-06,3,4.36027717590332,False
982,MEDQA,2.4824473712214967e-06,0.9999843835830688,4.888228772870207e-07,6.048860541341128e-06,6.5916747189476155e-06,1,5.959028244018555,False
983,MEDQA,2.2602087028644746e-06,9.368304745294154e-06,2.1232694962236565e-06,0.9999465942382812,3.9751383155817166e-05,3,6.52383828163147,False
984,MEDQA,0.9998959302902222,1.7916445358423516e-05,2.9477184853021754e-06,3.9286274841288105e-05,4.3827007175423205e-05,3,7.280534505844116,False
985,MEDQA,6.438920536311343e-06,0.999975323677063,1.3287464071254362e-06,3.288678726676153e-06,1.363119463348994e-05,0,8.836166620254517,False
986,MEDQA,1.496834920544643e-05,1.2216810318932403e-05,0.9998024106025696,0.00015781236288603395,1.260461431229487e-05,3,4.472780704498291,False
987,MEDQA,3.18750016958802e-06,0.999976396560669,1.975007251076022e-07,1.1750837074941956e-05,8.397943929594476e-06,1,4.110355377197266,False
988,MEDQA,1.0209061656496488e-05,1.1750558769563213e-05,7.827559784345794e-06,1.7502405171399005e-05,0.9999526739120483,1,9.611987590789795,False
989,MEDQA,1.1297574019408785e-05,4.538642679108307e-05,0.999702513217926,0.0001292938832193613,0.00011145830649184063,1,5.891513824462891,False
990,MEDQA,7.0713795139454305e-06,2.0461713575059548e-05,3.144509901176207e-05,2.0946950826328248e-05,0.9999200105667114,4,5.834704399108887,False
991,MEDQA,5.043427790951682e-07,5.203523869568016e-07,3.689850984756049e-07,0.9999903440475464,8.267861630884e-06,3,6.472336053848267,False
992,MEDQA,9.874510169538553e-07,1.873852738754067e-06,9.570703696226701e-07,1.0129952897841576e-05,0.9999860525131226,4,4.500508546829224,False
993,MEDQA,5.7954293879447505e-05,2.835521263477858e-05,5.1545615860959515e-05,0.0018099616281688213,0.9980522394180298,0,8.60305380821228,False
994,MEDQA,5.338004029908916e-06,3.668753151941928e-06,3.806887320934038e-07,0.9999662637710571,2.4300010409206152e-05,1,7.460673809051514,False
995,MEDQA,3.4662954817576974e-07,1.0676941428755526e-06,3.2057991461442725e-07,0.999990701675415,7.557439857919235e-06,3,8.136264324188232,False
996,MEDQA,2.1149200620129704e-05,5.463482466439018e-06,3.3397600418538786e-06,0.9997634291648865,0.00020662363385781646,3,7.54403829574585,False
997,MEDQA,2.482450099705602e-06,5.37997402716428e-06,2.3687703105679248e-06,4.35683568866807e-06,0.9999854564666748,4,6.392209529876709,False
998,MEDQA,3.7264487673382973e-06,0.9999451637268066,4.637640813598409e-06,1.6700785636203364e-05,2.977236727019772e-05,1,6.4824538230896,False
999,MEDQA,1.4366811456056894e-06,3.0893500024831155e-06,1.7602585558051942e-06,4.3488300434546545e-05,0.9999501705169678,4,6.753319978713989,False
1000,MEDQA,0.00035756942816078663,0.0009202469955198467,0.9935275912284851,0.0007871289853937924,0.004407435655593872,2,6.45334529876709,False
1001,MEDQA,4.35652236774331e-06,2.796766784740612e-05,0.9999135732650757,1.644134499656502e-05,3.7634610634995624e-05,2,5.284343481063843,False
1002,MEDQA,1.8161996422350057e-06,5.054018856753828e-06,1.1365486898284871e-06,0.9999856948852539,6.289827979344409e-06,1,7.5715179443359375,False
1003,MEDQA,7.338113618970965e-07,2.026118181674974e-06,1.2878790585091338e-06,9.818288162932731e-06,0.9999861717224121,4,7.612949848175049,False
1004,MEDQA,4.461779462872073e-05,0.00040393651579506695,0.9982486963272095,0.001083103590644896,0.0002196164714405313,3,9.813458919525146,False
1005,MEDQA,1.0511397476875572e-06,1.6797165471871267e-06,9.721453579913941e-07,6.7480259531293996e-06,0.9999895095825195,4,8.125341653823853,False
1006,MEDQA,2.0140647393418476e-05,4.068522684974596e-05,0.9997294545173645,6.552472041221336e-05,0.00014424165419768542,2,6.611203908920288,False
1007,MEDQA,2.726346110648592e-06,2.6687954232329503e-05,0.9999517202377319,7.888943400757853e-06,1.0952714546874631e-05,1,6.592798709869385,False
1008,MEDQA,5.387626151787117e-05,7.717417611274868e-05,0.9993046522140503,4.905489186057821e-05,0.0005151728400960565,4,9.797887802124023,False
1009,MEDQA,0.08559795469045639,0.7055914402008057,0.04304135590791702,0.07321580499410629,0.09255345165729523,3,9.916439533233643,False
1010,MEDQA,1.950645491888281e-05,1.09421307570301e-05,0.9989854693412781,0.0009546746150590479,2.9282658942975104e-05,2,8.595820665359497,False
1011,MEDQA,4.785025339515414e-06,2.9022646685916698e-06,1.8161907746616635e-06,9.6660169219831e-06,0.9999808073043823,4,7.79095983505249,False
1012,MEDQA,0.9999721050262451,3.905389803549042e-06,5.203428941058519e-07,1.428532323188847e-05,9.223297638527583e-06,0,4.823488235473633,False
1013,MEDQA,1.2359518564153404e-07,9.422414564141945e-07,3.256299407894403e-07,0.9999957084655762,2.902307869590004e-06,3,5.934209585189819,False
1014,MEDQA,8.013180377020035e-06,9.223113920597825e-06,0.9999521970748901,1.3630879948323127e-05,1.696390245342627e-05,2,4.742453098297119,False
1015,MEDQA,0.999976634979248,3.4465101634850726e-06,5.714874191653507e-07,4.7108210310398135e-06,1.4510349501506425e-05,0,9.156583547592163,False
1016,MEDQA,1.129706379288109e-05,6.142107395135099e-06,2.641687387949787e-06,0.999657392501831,0.00032250070944428444,3,7.207974910736084,False
1017,MEDQA,1.0030022394857951e-06,1.6027930769269005e-06,6.083516268517997e-07,9.516221325611696e-06,0.9999872446060181,4,6.613688945770264,False
1018,MEDQA,0.005538380239158869,0.9314122796058655,0.03187117353081703,0.019635261967778206,0.011542974971234798,1,9.925611972808838,False
1019,MEDQA,0.9998414516448975,1.8996566723217256e-05,1.3210038559918758e-05,0.00011959392577409744,6.799944912927458e-06,0,8.064281463623047,False
1020,MEDQA,1.1291213922959287e-05,0.9991397857666016,8.260829417849891e-06,4.904680099571124e-05,0.0007915752939879894,3,8.462555408477783,False
1021,MEDQA,3.4462689200154273e-06,5.954619155090768e-06,2.7262233288638527e-06,0.9999066591262817,8.116401295410469e-05,4,5.696358919143677,False
1022,MEDQA,3.72608087673143e-06,0.9998464584350586,1.4142608506517718e-06,6.338277671602555e-06,0.0001420219923602417,0,8.267795085906982,False
1023,MEDQA,8.397434612561483e-06,6.539929017890245e-06,0.9999157190322876,2.318606129847467e-05,4.6110988478176296e-05,3,8.5180504322052,False
1024,MEDQA,1.1726268667189288e-06,6.643383585469564e-06,0.9999858140945435,3.6119449760008138e-06,2.7264391064818483e-06,2,4.690104246139526,False
1025,MEDQA,1.8448080254529486e-06,3.089471874773153e-06,8.579153814025631e-07,0.9999896287918091,4.530411388259381e-06,3,6.699665307998657,False
1026,MEDQA,0.9997887015342712,0.00013498221233021468,1.2216642971907277e-05,3.590671258280054e-05,2.8183500035083853e-05,0,6.317514657974243,False
1027,MEDQA,5.0232996727572754e-05,0.00012481446901801974,3.023075078090187e-05,0.9995991587638855,0.00019559517386369407,1,8.189985990524292,False
1028,MEDQA,4.888281637249747e-07,1.1726378943421878e-06,6.276678163885663e-07,2.521567694202531e-06,0.999995231628418,4,5.945553302764893,False
1029,MEDQA,0.9999810457229614,4.092849849257618e-06,7.571011906293279e-07,9.818237231229432e-06,4.356816134531982e-06,0,9.61554217338562,False
1030,MEDQA,1.7602449133846676e-06,1.1015331438102294e-06,1.228849100698426e-06,0.999942421913147,5.349110870156437e-05,0,6.64057469367981,False
1031,MEDQA,1.788033841876313e-06,2.7693611173162935e-06,3.844877028313931e-06,1.0533431122894399e-05,0.9999810457229614,4,4.548983097076416,False
1032,MEDQA,0.00012366777809802443,0.7927187085151672,0.20679304003715515,0.00016383317415602505,0.00020073259656783193,2,4.831549406051636,False
1033,MEDQA,1.8775908756651916e-05,0.9998764991760254,1.7059754782167147e-06,1.544464066682849e-05,8.749985136091709e-05,1,5.249045133590698,False
1034,MEDQA,1.4969160474720411e-05,4.683436418417841e-05,0.9998565912246704,2.7966074412688613e-05,5.348651757230982e-05,1,6.978607892990112,False
1035,MEDQA,5.1738438742177095e-06,0.9999803304672241,1.1015748668796732e-06,7.41118901714799e-06,6.04883598498418e-06,1,4.493311405181885,False
1036,MEDQA,0.00010888810356846079,0.9998102784156799,1.3628944543597754e-05,7.887827450758778e-06,5.931717896601185e-05,1,4.491166830062866,False
1037,MEDQA,4.356850240583299e-06,2.6425632313475944e-06,8.315194008901017e-07,0.9999887943267822,3.2887230645428644e-06,0,6.545201778411865,False
1038,MEDQA,0.9997608065605164,0.00022341283329296857,3.0887649700162e-06,6.43753901385935e-06,6.1427426771842875e-06,0,5.754832983016968,False
1039,MEDQA,4.494311269809259e-06,0.9998019337654114,1.3285159639053745e-06,1.1298697245365474e-05,0.00018093267863150686,1,7.474803686141968,False
1040,MEDQA,0.00029390034615062177,0.0014751603594049811,0.9966421127319336,0.0009303720435127616,0.000658445293083787,1,5.381625175476074,False
1041,MEDQA,3.1923748089468518e-09,2.817260869036886e-09,2.1940851357982183e-09,7.338210252783028e-07,0.9999992847442627,3,9.912224769592285,False
1042,MEDQA,6.27665087904461e-07,3.844914317596704e-06,1.7880513496493222e-06,2.9479981549229706e-06,0.9999908208847046,4,5.462776184082031,False
1043,MEDQA,8.267293196695391e-06,1.922203227877617e-05,1.3630461580760311e-05,3.734203346539289e-05,0.9999215602874756,4,4.853072643280029,False
1044,MEDQA,4.637680376617936e-06,0.9999537467956543,1.172589236375643e-06,8.26755967864301e-06,3.219188147340901e-05,1,5.578446865081787,False
1045,MEDQA,0.9999932050704956,2.4824694264680147e-06,5.043442570240586e-07,1.9637948298623087e-06,1.9637948298623087e-06,0,6.218023300170898,False
1046,MEDQA,1.147783132182667e-05,0.9999068975448608,8.800358045846224e-06,2.885526373574976e-05,4.399902536533773e-05,1,8.035732746124268,False
1047,MEDQA,1.0129079782927874e-05,0.9998998641967773,2.902029791584937e-06,8.138944394886494e-06,7.9051373177208e-05,1,6.980468511581421,False
1048,MEDQA,3.5345223295735195e-05,7.600417302455753e-05,0.9996527433395386,0.00021992536494508386,1.593134038557764e-05,1,7.957754611968994,False
1049,MEDQA,3.095729334745556e-05,1.5688394341850653e-05,0.9999105930328369,3.7051027902634814e-05,5.7714373724593315e-06,2,8.267104148864746,False
1050,MEDQA,7.477250619558617e-05,3.370261038071476e-05,0.9989402890205383,0.0006929880473762751,0.00025831928360275924,3,6.045775413513184,False
1051,MEDQA,1.631201484997291e-05,3.16888363158796e-05,1.112382688006619e-05,0.00011201800953131169,0.9998288154602051,3,6.740420818328857,False
1052,MEDQA,1.184233133244561e-05,0.9999200105667114,8.267280463769566e-06,3.321264375699684e-05,2.668710658326745e-05,1,5.217055082321167,False
1053,MEDQA,2.6425443593325326e-06,4.71084467790206e-06,1.9333267573529156e-06,9.080390555027407e-06,0.9999816417694092,1,5.540897607803345,False
1054,MEDQA,2.5070539777516387e-05,2.668745037226472e-05,5.954775133432122e-06,0.9999328851699829,9.368176506541204e-06,0,4.829486846923828,False
1055,MEDQA,4.784429620485753e-06,1.4062222362554166e-05,0.9998563528060913,8.138589691952802e-06,0.00011671123502310365,2,6.354135990142822,False
1056,MEDQA,5.043393116466177e-07,8.059319043240976e-07,5.714912845178333e-07,0.9999834299087524,1.4624255527451169e-05,3,6.947306871414185,False
1057,MEDQA,3.905441189999692e-06,0.9999852180480957,1.5534772046521539e-06,6.339157152979169e-06,2.994405576828285e-06,1,6.469092607498169,False
1058,MEDQA,1.922258161357604e-05,1.593607885297388e-05,2.9021757654845715e-06,0.9999501705169678,1.1842688763863407e-05,3,6.627608299255371,False
1059,MEDQA,0.9999984502792358,5.626396273328282e-07,7.496447551602614e-08,5.539166636481241e-07,1.9142848373121524e-07,0,6.003476142883301,False
1060,MEDQA,3.850741503441668e-09,7.194131956822503e-09,9.736199624299502e-10,8.764247638737288e-08,0.9999998807907104,3,9.918512344360352,False
1061,MEDQA,4.860182798438473e-06,1.0952591765089892e-05,5.682129540218739e-06,3.793080395553261e-05,0.9999405145645142,4,6.258620738983154,False
1062,MEDQA,0.024314943701028824,0.002644127467647195,0.0005542392027564347,0.9712570309638977,0.001229633460752666,1,6.335069179534912,False
1063,MEDQA,8.059384413172666e-07,1.2679191740971874e-06,2.2380102393526613e-07,0.9999915361404419,6.2409171732724644e-06,3,6.546728610992432,False
1064,MEDQA,4.2470156813578797e-07,4.96526467941294e-07,3.9897022929835657e-07,2.769402499325224e-06,0.9999959468841553,4,6.645042419433594,False
1065,MEDQA,7.071601430652663e-06,1.3419540664472152e-05,6.8540307438524906e-06,2.1277484847814776e-05,0.9999513626098633,0,7.5311737060546875,False
1066,MEDQA,0.9996858835220337,1.5441697541973554e-05,2.4293198293889873e-05,0.00015841153799556196,0.00011589636415010318,0,5.382702589035034,False
1067,MEDQA,4.222696134092985e-06,1.1478478882054333e-05,0.9999632835388184,8.013268598006107e-06,1.3006820154259913e-05,2,4.995497226715088,False
1068,MEDQA,4.936789991916157e-06,0.9999548196792603,1.0029697250502068e-06,1.5936153431539424e-05,2.3368826077785343e-05,1,7.747468948364258,False
1069,MEDQA,7.81134815497353e-07,0.9999818801879883,3.6898197208756756e-07,4.157306648266967e-06,1.2805406186089385e-05,1,7.765231370925903,False
1070,MEDQA,4.1811739492914057e-07,6.78671483456128e-07,3.5763477512773534e-07,2.09045538213104e-06,0.9999964237213135,4,8.76884388923645,False
1071,MEDQA,0.9999222755432129,6.86825587763451e-05,6.893079103065247e-07,5.1735437409661245e-06,3.1873275929683587e-06,0,6.183069467544556,False
1072,MEDQA,3.6898711641697446e-07,5.203552291277447e-07,3.9278469898818e-07,0.9999958276748657,2.8573122108355165e-06,3,7.3659913539886475,False
1073,MEDQA,0.003859048942103982,0.9895949959754944,0.00011630580411292613,0.002570680808275938,0.003859048942103982,4,9.353622913360596,False
1074,MEDQA,0.9997962117195129,9.027013584272936e-05,1.5053971083034412e-06,2.9767932574031875e-05,8.2191894762218e-05,2,7.903304815292358,False
1075,MEDQA,4.934138360113138e-06,0.9994176626205444,3.286844730610028e-06,1.0445571206219029e-05,0.0005636645946651697,4,8.01718544960022,False
1076,MEDQA,2.7264034088148037e-06,1.0289338206348475e-05,3.288670086476486e-06,1.0952943739539478e-05,0.9999727010726929,1,4.52128005027771,False
1077,MEDQA,0.9999140501022339,1.670026540523395e-05,2.8127835776103893e-06,4.9469785153632984e-05,1.696325489319861e-05,0,7.90966796875,False
1078,MEDQA,3.966755684814416e-06,0.9999380111694336,5.093415438750526e-06,1.5206129319267347e-05,3.763553104363382e-05,1,6.584301471710205,False
1079,MEDQA,0.9999568462371826,1.0129656402568799e-05,2.7263602078164695e-06,1.0129656402568799e-05,2.0145227608736604e-05,4,7.433094263076782,False
1080,MEDQA,1.384471124765696e-05,3.763382483157329e-05,4.006099698017351e-05,0.9998927116394043,1.5688114217482507e-05,3,9.90574049949646,False
1081,MEDQA,3.1875019885774236e-06,2.9479574550350662e-06,2.0904146822431358e-06,1.4738860045326874e-05,0.9999769926071167,4,6.144352436065674,False
1082,MEDQA,7.338109639931645e-07,1.505682234892447e-06,0.9999855756759644,4.6378281695069745e-06,7.5279376687831245e-06,2,9.23557996749878,False
1083,MEDQA,0.9999103546142578,3.913367982022464e-05,4.637479378288845e-06,3.535433279466815e-05,1.0450720765220467e-05,0,4.244052410125732,False
1084,MEDQA,4.3986648961436003e-05,2.3915126803331077e-05,0.9996256828308105,0.0001071801598300226,0.00019926355162169784,3,8.620115995407104,False
1085,MEDQA,0.6209622621536255,0.00048244616482406855,0.3766326606273651,0.0003127098025288433,0.0016099322820082307,0,5.790189266204834,False
1086,MEDQA,0.00023474078625440598,0.9984412789344788,4.359263039077632e-05,0.0005878375377506018,0.0006926418864168227,1,4.724839210510254,False
1087,MEDQA,1.6184239939320832e-05,5.828168650623411e-05,6.746594408468809e-06,0.9997773766517639,0.00014145852765068412,3,9.646138906478882,False
1088,MEDQA,6.853903414594242e-06,3.7452016840688884e-05,9.295271411247086e-06,0.9999327659606934,1.363061437587021e-05,1,5.603256702423096,False
1089,MEDQA,0.0001808118395274505,0.9991342425346375,1.3408574886852875e-05,0.0001643098221393302,0.0005070993211120367,1,5.329869270324707,False
1090,MEDQA,1.3287332194522605e-06,2.4060250325419474e-06,1.0029804116129526e-06,0.9999654293060303,2.9772971174679697e-05,3,6.715261697769165,False
1091,MEDQA,9.8331591757983e-09,8.677733198680926e-09,6.348765513308763e-09,5.42221869181958e-06,0.9999945163726807,3,9.94055700302124,False
1092,MEDQA,6.338099774438888e-05,0.0077983238734304905,0.9899543523788452,0.0004908011760562658,0.0016931066056713462,2,4.999644994735718,False
1093,MEDQA,8.663203516334761e-06,0.9998239874839783,5.092834271636093e-06,0.00011959183029830456,4.264178278390318e-05,1,4.141600847244263,False
1094,MEDQA,1.2218169104016852e-05,2.318601036677137e-05,0.9999135732650757,4.331716991146095e-05,7.766340786474757e-06,2,8.904128551483154,False
1095,MEDQA,0.30607345700263977,0.689747154712677,0.00016576718189753592,0.003000638447701931,0.0010129710426554084,3,7.329173803329468,False
1096,MEDQA,1.5294033346435754e-06,1.3925375696999254e-06,1.1365559657861013e-06,0.9999921321868896,3.785309672821313e-06,3,6.798054933547974,False
1097,MEDQA,5.955034339422127e-06,9.442062946618535e-06,0.999976396560669,7.183142315625446e-06,1.0187861789745511e-06,2,6.116702318191528,False
1098,MEDQA,0.00015841070853639394,5.7822537200991064e-05,2.4675629902048968e-05,7.841899059712887e-05,0.9996806383132935,4,3.9719631671905518,False
1099,MEDQA,0.9999943971633911,2.2252736471273238e-06,2.0377373743940552e-07,2.3687916836934164e-06,7.453733701368037e-07,0,6.506195306777954,False
1100,MEDQA,0.9999630451202393,1.581226933922153e-05,1.2878492725576507e-06,1.4397233826457523e-05,5.337986749509582e-06,1,5.798797369003296,False
1101,MEDQA,0.999957799911499,9.665794095781166e-06,7.57083569169481e-07,1.9601862732088193e-05,1.2218709343869705e-05,0,4.202503681182861,False
1102,MEDQA,0.00011727453966159374,9.277179924538359e-05,4.592537152348086e-05,0.9958906173706055,0.0038533771876245737,3,7.816442966461182,False
1103,MEDQA,3.089393430855125e-06,1.5056500615173718e-06,1.3287316278365324e-06,0.9999642372131348,2.977293661388103e-05,3,5.246599435806274,False
1104,MEDQA,8.315151376336871e-07,5.862752459506737e-06,1.101578618545318e-06,0.9999836683273315,8.530255399818998e-06,1,9.084412813186646,False
1105,MEDQA,0.9969209432601929,0.00022540426289197057,1.317145233770134e-05,0.0025297210086137056,0.0003108108649030328,0,9.920177698135376,False
1106,MEDQA,1.3842930457030889e-05,4.399274257593788e-05,0.9997641444206238,0.00016798394790384918,1.0127704626938794e-05,2,6.161686897277832,False
1107,MEDQA,0.4572775363922119,0.04253343865275383,0.16822300851345062,0.10203241556882858,0.22993358969688416,0,9.912500143051147,False
1108,MEDQA,6.47593253688683e-07,6.083575385673612e-07,8.233223525166977e-08,0.9999969005584717,1.7330493164990912e-06,3,8.843927145004272,False
1109,MEDQA,2.8129836664447794e-06,0.9999852180480957,1.7061609014490386e-06,8.059333254095691e-07,9.36866672418546e-06,1,5.58236837387085,False
1110,MEDQA,1.6536625935259508e-06,2.4060650503088254e-06,9.87447037914535e-07,1.3007063898839988e-05,0.9999819993972778,3,9.330469369888306,False
1111,MEDQA,4.495025223150151e-06,1.5936248018988408e-05,0.9999607801437378,1.321161471423693e-05,5.5941500249900855e-06,2,6.129945516586304,False
1112,MEDQA,1.8738451217359398e-06,3.18751813210838e-06,0.9999819993972778,3.3930950849025976e-06,9.666028745414224e-06,2,7.651471376419067,False
1113,MEDQA,1.1842630556202494e-05,9.972495718102437e-06,2.6014809009211604e-06,3.0241217245929874e-05,0.9999452829360962,4,3.7714052200317383,False
1114,MEDQA,3.703504626173526e-05,0.00021647816174663603,4.906346293864772e-05,0.00021817602100782096,0.9994792342185974,3,7.807455062866211,False
1115,MEDQA,1.362581315333955e-05,3.118979657301679e-05,4.13197667512577e-05,0.0003333628992550075,0.9995805621147156,4,6.260820388793945,False
1116,MEDQA,6.276594035625749e-07,1.5056764368637232e-06,1.3709341146750376e-06,0.9999817609786987,1.473893007641891e-05,3,7.246454954147339,False
1117,MEDQA,3.966589702031342e-06,7.5272646427038126e-06,0.9998961687088013,2.9770908440696076e-05,6.253455649130046e-05,2,6.953277587890625,False
1118,MEDQA,2.7420685455581406e-07,5.368709139474959e-07,7.496397813611111e-08,0.9999918937683105,7.218413884402253e-06,3,7.591486930847168,False
1119,MEDQA,1.186109610529229e-08,1.114246916955608e-08,8.152003516670447e-09,1.9947297005273867e-06,0.9999979734420776,3,9.922787427902222,False
1120,MEDQA,9.132432410297042e-07,1.018796410789946e-06,1.689330133558542e-07,0.9999864101409912,1.1478743545012549e-05,3,5.360727787017822,False
1121,MEDQA,0.04314330592751503,0.0023044447880238295,0.0003538081073202193,0.0024723082315176725,0.9517260789871216,0,4.702024221420288,False
1122,MEDQA,0.9999796152114868,3.7265772334649228e-06,3.2562468277319567e-07,4.936912773700897e-06,1.1478666237962898e-05,0,8.64759373664856,False
1123,MEDQA,2.0579811916832114e-06,4.222703410050599e-06,1.6536343991901958e-06,2.7161584512214176e-05,0.9999649524688721,4,8.266638994216919,False
1124,MEDQA,3.6116530282015447e-06,5.4217330216488335e-06,0.999904990196228,4.3998941691825166e-05,4.1984079871326685e-05,4,8.434629917144775,False
1125,MEDQA,1.9830753444693983e-05,4.9854508688440546e-05,2.259986786157242e-06,0.9998483657836914,7.966727571329102e-05,3,4.536086797714233,False
1126,MEDQA,4.4650823838310316e-05,2.0125704395468347e-05,7.638855095137842e-06,0.9989877343177795,0.0009398758411407471,4,8.232597827911377,False
1127,MEDQA,8.662986147101037e-06,1.921967304951977e-05,0.9997988343238831,5.421157311502611e-06,0.00016798976866994053,2,7.372475862503052,False
1128,MEDQA,0.999681830406189,0.0001969531294889748,1.1475247447378933e-05,2.8848768124589697e-05,8.090837945928797e-05,0,9.721683502197266,False
1129,MEDQA,1.8056296539725736e-05,8.138610610330943e-06,0.9998588562011719,4.985502891940996e-05,6.502321048174053e-05,2,7.078121900558472,False
1130,MEDQA,0.9999443292617798,2.566536386439111e-05,1.248203034265316e-06,1.2606403288373258e-05,1.61869429575745e-05,0,8.500925302505493,False
1131,MEDQA,0.9995062351226807,0.0003755147918127477,2.795627551677171e-05,7.423265924444422e-05,1.592900480318349e-05,0,4.670574188232422,False
1132,MEDQA,0.00011723056377377361,0.00021163029305171221,0.00012382016575429589,0.000133881505462341,0.9994134902954102,4,8.361624240875244,False
1133,MEDQA,2.0458417566260323e-05,0.00016218001837842166,0.9997588992118835,1.4507189916912466e-05,4.3992513383273035e-05,2,4.414722442626953,False
1134,MEDQA,0.00032936318893916905,0.000194001171621494,0.9992289543151855,0.00012140283797634766,0.0001262389705516398,0,4.571067571640015,False
1135,MEDQA,4.3563222789089195e-06,1.2410007911967114e-05,0.9998676776885986,1.078200148185715e-05,0.0001047226760420017,4,8.191567659378052,False
1136,MEDQA,5.470545147545636e-05,0.9989533424377441,0.00012919699656777084,0.0006687306449748576,0.0001939476642291993,4,6.85378623008728,False
1137,MEDQA,3.237711098336149e-06,5.771843916591024e-06,3.785267608691356e-06,0.9999810457229614,6.240851689653937e-06,3,4.408060073852539,False
1138,MEDQA,0.009693490341305733,0.0010541181545704603,0.00015395059017464519,0.00033560290466994047,0.9887629151344299,4,3.5495076179504395,False
1139,MEDQA,0.9999451637268066,1.1842629646707792e-05,8.314831347888685e-07,8.013123988348525e-06,3.4267784940311685e-05,0,7.441489219665527,False
1140,MEDQA,7.2946359068737365e-06,0.9997537732124329,9.816006240725983e-06,0.00017535750521346927,5.3900475904811174e-05,2,9.030823945999146,False
1141,MEDQA,0.00010040518100140616,7.819563325028867e-05,0.9968332648277283,0.0028551225550472736,0.0001330152590526268,2,7.3611061573028564,False
1142,MEDQA,4.356711542641278e-06,0.9999569654464722,1.8161474599764915e-06,1.4970663869462442e-05,2.1782188923680224e-05,0,7.5968732833862305,False
1143,MEDQA,6.746810868207831e-06,2.0142259018030018e-05,0.9998094439506531,1.5933836039039306e-05,0.000147674058098346,2,7.819920063018799,False
1144,MEDQA,7.646062840649392e-06,2.468179263814818e-05,0.9999302625656128,1.2804744983441196e-05,2.468179263814818e-05,2,6.640834093093872,False
1145,MEDQA,0.9999501705169678,4.784878910868429e-06,1.706101102172397e-06,6.6431466620997526e-06,3.676415144582279e-05,0,6.925508499145508,False
1146,MEDQA,0.00032239421852864325,0.00025108089903369546,0.9993273019790649,6.705161649733782e-05,3.2171712518902496e-05,2,5.364945411682129,False
1147,MEDQA,0.9999572038650513,2.229874189652037e-05,3.0414755656238412e-06,1.406364026479423e-05,3.3930109566426836e-06,0,7.023632764816284,False
1148,MEDQA,0.9999841451644897,6.144115104689263e-06,2.309035238567958e-07,6.339150331768906e-06,3.041557420147001e-06,0,7.7813498973846436,False
1149,MEDQA,2.7264472919341642e-06,0.9999887943267822,1.5534827753072022e-06,4.936957793688634e-06,2.058030304397107e-06,1,6.415834426879883,False
1150,MEDQA,0.9999397993087769,1.497040648246184e-05,2.7263135962130036e-06,3.647767152870074e-05,5.954816515441053e-06,0,4.265103578567505,False
1151,MEDQA,8.596824955020566e-06,0.9999449253082275,1.209800529977656e-06,6.438724540203111e-06,3.890639345627278e-05,1,6.935268402099609,False
1152,MEDQA,0.999893069267273,6.81460733176209e-05,4.637398888007738e-06,3.071584433200769e-05,3.3927933600352844e-06,1,4.845746040344238,False
1153,MEDQA,1.2409152077452745e-05,3.144128277199343e-05,0.9997987151145935,0.00011796493345173076,3.943620322388597e-05,0,5.270223140716553,False
1154,MEDQA,3.1875147215032484e-06,4.637806341634132e-06,5.043380610914028e-07,0.9999809265136719,1.0783222933241632e-05,3,5.673456192016602,False
1155,MEDQA,5.896336006117053e-07,1.0511356549613993e-06,1.0239352377539035e-05,2.501920562281157e-06,0.9999855756759644,4,6.409687042236328,False
1156,MEDQA,2.546305040596053e-05,1.5204682313196827e-05,0.9998428821563721,8.219573646783829e-05,3.4264281566720456e-05,2,8.039967775344849,False
1157,MEDQA,9.222480912285391e-06,2.796682747430168e-05,2.2825857740826905e-05,5.6494543969165534e-05,0.9998835325241089,4,5.868702173233032,False
1158,MEDQA,1.4967150491429493e-05,3.646973709692247e-05,6.047275292075938e-06,0.0002201555616920814,0.9997223019599915,4,5.969581842422485,False
1159,MEDQA,0.9998325109481812,2.79654013866093e-05,4.494448603509227e-06,6.351528281811625e-05,7.141215610317886e-05,0,7.623510837554932,False
1160,MEDQA,4.93664765599533e-06,2.1443820514832623e-05,0.999925971031189,6.338781531667337e-06,4.133404581807554e-05,2,4.9404497146606445,False
1161,MEDQA,0.6506447792053223,0.025228235870599747,0.0937342718243599,0.1241777315735817,0.10621484369039536,1,6.604641437530518,False
1162,MEDQA,4.0665829146746546e-05,0.9992528557777405,5.858467829966685e-06,8.882232941687107e-05,0.0006117512239143252,4,5.399112701416016,False
1163,MEDQA,4.029431693197694e-06,3.0894725568941794e-06,1.248259877684177e-06,1.733037152007455e-06,0.9999898672103882,2,6.5228893756866455,False
1164,MEDQA,0.9999417066574097,2.8187814677949063e-05,6.240606126084458e-06,1.805779174901545e-05,5.954827884124825e-06,0,8.08064603805542,False
1165,MEDQA,9.972745829145424e-06,0.9999703168869019,1.4144360420687008e-06,1.5534540125372587e-06,1.670120400376618e-05,1,6.096313953399658,False
1166,MEDQA,5.043358441980672e-07,1.067678908839298e-06,3.256236880133656e-07,0.9999765157699585,2.1613099306705408e-05,3,8.465826034545898,False
1167,MEDQA,1.2626059309184257e-08,4.0990810745711315e-09,3.3982576752578098e-09,2.9023117349424865e-06,0.9999970197677612,1,9.9220712184906,False
1168,MEDQA,0.9999983310699463,8.579228847338527e-07,1.1610723049670924e-07,6.475941631833848e-07,1.444977755227228e-07,0,8.824279546737671,False
1169,MEDQA,1.0128582289326005e-05,2.0143090296187438e-05,0.9998507499694824,9.53494745772332e-05,2.3549657271360047e-05,2,4.882555246353149,False
1170,MEDQA,0.9999765157699585,7.889138942118734e-06,3.2376965464209206e-06,6.643321739829844e-06,5.682334176526638e-06,0,7.208324432373047,False
1171,MEDQA,5.173611043574056e-06,5.173611043574056e-06,2.857139179468504e-06,0.9999352693557739,5.144153328728862e-05,3,8.062262058258057,False
1172,MEDQA,6.961388407944469e-06,1.4283841665019281e-05,8.266853910754435e-06,0.0001020972486003302,0.9998683929443359,4,7.109983921051025,False
1173,MEDQA,0.9996734857559204,0.0002332014701096341,2.1226896933512762e-06,6.179223419167101e-05,2.9302826078492217e-05,0,7.117095947265625,False
1174,MEDQA,7.410616035485873e-06,3.0239938496379182e-05,0.9999029636383057,3.347255915286951e-05,2.586558912298642e-05,2,7.588653326034546,False
1175,MEDQA,3.1875229069555644e-06,0.999983549118042,8.315150239468494e-07,4.2892811507044826e-06,8.139625606418122e-06,1,7.241583585739136,False
1176,MEDQA,7.481656211894006e-05,0.00010550826846156269,0.9995288848876953,0.00022162280220072716,6.919401494087651e-05,3,6.015105724334717,False
1177,MEDQA,4.493617325351806e-06,0.00031318640685640275,0.9996474981307983,4.493617325351806e-06,3.023221142939292e-05,2,5.3818678855896,False
1178,MEDQA,0.0002097121177939698,0.0004522750386968255,0.000489025900606066,0.0008482681005261838,0.9980006814002991,1,7.101688623428345,False
1179,MEDQA,1.994656486203894e-06,3.966847998526646e-06,0.999961256980896,1.5445950339199044e-05,1.7231201127287932e-05,2,7.471748113632202,False
1180,MEDQA,0.9999223947525024,7.646002813999075e-06,5.043085025135952e-07,6.502734322566539e-05,4.356560566520784e-06,0,6.862375497817993,False
1181,MEDQA,4.2226729419780895e-06,1.2482198599172989e-06,1.529350811324548e-06,3.521816688589752e-05,0.999957799911499,4,5.650590419769287,False
1182,MEDQA,1.8054721294902265e-05,0.9997716546058655,4.221887138555758e-06,3.8823753129690886e-05,0.0001673303049756214,0,9.28105902671814,False
1183,MEDQA,0.9999127388000488,1.834162867453415e-05,1.2097615353923175e-06,6.540885078720748e-05,2.2957240162213566e-06,2,5.256855010986328,False
1184,MEDQA,0.0014284886419773102,0.995745837688446,0.00024059676798060536,0.002212486695498228,0.00037264355341903865,4,5.401065349578857,False
1185,MEDQA,2.902171900132089e-06,2.3319605588767445e-06,0.9999488592147827,2.840909655787982e-05,1.7502337868791074e-05,2,7.814709663391113,False
1186,MEDQA,2.7107105779577978e-05,8.529629667464178e-06,0.9999103546142578,2.0783740183105692e-05,3.3212323614861816e-05,2,7.475877046585083,False
1187,MEDQA,6.681477771053324e-07,0.9999935626983643,3.927838179151877e-07,3.966976237279596e-06,1.4144688975648023e-06,1,6.200104475021362,False
1188,MEDQA,1.0288893463439308e-05,1.9832361431326717e-05,0.9999294281005859,2.9771899789921008e-05,1.0615497558319476e-05,2,6.120792627334595,False
1189,MEDQA,3.0415653782256413e-06,1.9637823243101593e-06,4.313857004945021e-07,0.9999867677688599,7.766909220663365e-06,3,4.532182931900024,False
1190,MEDQA,1.2289095820960938e-06,8.315217883136938e-07,8.990894002636196e-07,5.42220323040965e-06,0.9999916553497314,4,7.7039408683776855,False
1191,MEDQA,7.645890946150757e-06,1.428440555173438e-05,0.9999078512191772,5.0642614951357245e-05,1.952446655195672e-05,2,7.958683013916016,False
1192,MEDQA,0.9999465942382812,2.2827298380434513e-05,1.406349110766314e-05,1.3845457033312414e-05,2.769265847746283e-06,0,5.886082410812378,False
1193,MEDQA,3.028842598951087e-08,1.344040612138997e-08,3.028842598951087e-08,0.9999997615814209,8.764246217651817e-08,3,9.918041706085205,False
1194,MEDQA,1.6797018815850606e-06,5.507530659087934e-06,5.714898065889429e-07,0.9999808073043823,1.1478679880383424e-05,4,8.782774686813354,False
1195,MEDQA,4.757391070597805e-05,0.9998990297317505,6.9616016844520345e-06,9.367859092890285e-06,3.7050602259114385e-05,1,4.806833267211914,False
1196,MEDQA,1.4005165382968698e-07,6.276679869188229e-07,3.5763443406722217e-07,0.9999954700469971,3.5008506529266015e-06,3,8.529196977615356,False
1197,MEDQA,3.2562954288550827e-07,8.31524175737286e-07,7.57111365601304e-07,0.9999945163726807,3.611976353568025e-06,2,9.001631259918213,False
1198,MEDQA,1.0511326991036185e-06,4.4254343265492935e-06,2.3687641714786878e-06,9.368643986817915e-06,0.9999828338623047,1,6.5144219398498535,False
1199,MEDQA,0.9999748468399048,1.723143577692099e-05,2.8129545626143226e-06,3.4465040243958356e-06,1.5056660913614905e-06,0,6.7667341232299805,False
1200,MEDQA,9.223066626873333e-06,0.9999470710754395,1.37088659357687e-06,1.3006609151489101e-05,2.931084600277245e-05,1,6.071447134017944,False
1201,MEDQA,3.6898720168210275e-07,5.539153562494903e-07,2.1024256113832962e-07,0.9999960660934448,2.6841971703106537e-06,3,8.97296953201294,False
1202,MEDQA,0.999987006187439,7.527948582719546e-06,8.851462212078332e-07,2.561255541877472e-06,2.1907578684476903e-06,0,3.5301692485809326,False
1203,MEDQA,0.0001004097139229998,0.00014049843593966216,0.9968782663345337,0.00025046555674634874,0.0026303809136152267,2,4.204300880432129,False
1204,MEDQA,4.36569498560857e-05,1.1124779121018946e-05,0.9999144077301025,8.012877515284345e-06,2.282656350871548e-05,0,6.436153411865234,False
1205,MEDQA,3.0415073979384033e-06,4.860315129917581e-06,3.7265328955982113e-06,2.0623181626433507e-05,0.9999676942825317,4,3.9191200733184814,False
1206,MEDQA,0.0002470301405992359,0.0005788670969195664,0.00020162011787761003,0.0002843299589585513,0.9986881613731384,0,6.176098823547363,False
1207,MEDQA,5.507336936716456e-06,0.9999456405639648,7.888895197538659e-06,2.0947487428202294e-05,1.9988232452305965e-05,1,4.670756578445435,False
1208,MEDQA,1.5534860722254962e-06,1.228908672601392e-06,3.632646894402569e-07,0.9999909400939941,5.955120741418796e-06,3,7.803295373916626,False
1209,MEDQA,3.0713952583028004e-05,0.9998314380645752,1.2409558621584438e-05,3.373267827555537e-05,9.169491386273876e-05,0,4.8268883228302,False
1210,MEDQA,1.9984019672847353e-05,4.297239502193406e-05,5.6809612942743115e-06,0.9997349381446838,0.0001963873946806416,2,7.279486894607544,False
1211,MEDQA,3.850741947530878e-09,3.3982678893096363e-09,2.1940866901104528e-09,4.691164079417831e-08,1.0,2,9.916676998138428,False
1212,MEDQA,2.6425541364005767e-06,0.9999853372573853,2.9648634836121346e-07,4.2227893572999164e-06,7.646483936696313e-06,1,8.228450536727905,False
1213,MEDQA,2.331966015844955e-06,1.0451146408740897e-05,1.8737872551355395e-06,3.426799230510369e-05,0.9999511241912842,4,4.631427526473999,False
1214,MEDQA,0.9977582097053528,0.00010049834236269817,8.86894777067937e-05,0.0002885385765694082,0.0017640641890466213,0,4.496276140213013,False
1215,MEDQA,9.81762059382163e-06,8.012907528609503e-06,1.6535570921405451e-06,0.9999182224273682,6.229212885955349e-05,0,7.281617641448975,False
1216,MEDQA,3.3401211112504825e-06,4.4249413804209325e-06,1.136418859459809e-06,0.00011959751282120124,0.9998714923858643,0,6.375043869018555,False
1217,MEDQA,7.338173304560769e-07,9.721500191517407e-07,5.714974804504891e-07,3.5008465602004435e-06,0.9999942779541016,4,6.9393532276153564,False
1218,MEDQA,0.9999815225601196,4.029398041893728e-06,1.8161921389037161e-06,2.6425439045851817e-06,9.97285678749904e-06,1,7.785451173782349,False
1219,MEDQA,2.1232710878393846e-06,6.33891659163055e-06,0.9999473094940186,2.586673690530006e-05,1.8342263501835987e-05,2,5.406866073608398,False
1220,MEDQA,0.999901533126831,4.9084192141890526e-05,1.5445028111571446e-05,9.515405508864205e-06,2.429843880236149e-05,0,3.8867697715759277,False
1221,MEDQA,1.2804643120034598e-05,5.920806870562956e-05,0.9999222755432129,3.041369154743734e-06,2.6014211016445188e-06,1,5.334946870803833,False
1222,MEDQA,3.393003453311394e-06,5.337943548511248e-06,0.9999549388885498,2.5071092750295065e-05,1.1300426194793545e-05,3,8.656406164169312,False
1223,MEDQA,7.179331987572368e-06,0.9994459748268127,3.842819751298521e-06,2.3724751372355968e-05,0.0005192868411540985,0,7.127770662307739,False
1224,MEDQA,1.221749607793754e-05,8.799932402325794e-06,0.9998584985733032,3.373359140823595e-05,8.681735198479146e-05,4,8.566491842269897,False
1225,MEDQA,0.00015778461238369346,0.999626636505127,3.088350467805867e-06,0.00012288277503103018,8.955246448749676e-05,1,5.8914289474487305,False
1226,MEDQA,2.684162836885662e-06,5.7718571042642e-06,2.812978436850244e-06,5.46468390894006e-06,0.9999833106994629,4,6.038741111755371,False
1227,MEDQA,0.02433839440345764,0.0007523847743868828,0.9721937775611877,0.001230819383636117,0.0014846515841782093,2,4.992499113082886,False
1228,MEDQA,0.0003873658424708992,0.0005441437242552638,0.08496499806642532,0.0006436673575080931,0.9134597778320312,2,5.874987363815308,False
1229,MEDQA,3.0182996852090582e-05,4.8232290282612666e-05,0.9980201721191406,0.0002078810939565301,0.0016936182510107756,3,7.767681837081909,False
1230,MEDQA,4.936569439450977e-06,1.9524510207702406e-05,0.9999101161956787,8.938972314354032e-06,5.649604645441286e-05,4,8.930444955825806,False
1231,MEDQA,0.9999881982803345,3.446549953878275e-06,1.414461280546675e-06,5.255361429590266e-06,1.67971438713721e-06,0,4.959870100021362,False
1232,MEDQA,3.7852698824281106e-06,0.9999816417694092,2.1907460450165672e-06,2.9943948902655393e-06,9.368633072881494e-06,1,7.533074617385864,False
1233,MEDQA,0.02670985832810402,0.018072795122861862,0.6272108554840088,0.002613823162391782,0.3253926932811737,1,9.929351806640625,False
1234,MEDQA,0.0004723937017843127,0.0004301193403080106,0.9985532164573669,0.0002933159121312201,0.0002508863981347531,2,5.656367063522339,False
1235,MEDQA,5.715003226214321e-07,1.975052157376922e-07,0.9999991655349731,1.742977531193901e-07,1.5229966621177482e-08,0,9.895728826522827,False
1236,MEDQA,9.967471669369843e-06,3.645949618658051e-05,0.9994415640830994,0.0004802596813533455,3.167656177538447e-05,2,7.913272142410278,False
1237,MEDQA,5.4201668717723805e-06,5.253406015981454e-06,0.9996161460876465,7.719823770457879e-05,0.00029593106592074037,0,6.948740243911743,False
1238,MEDQA,0.9999339580535889,8.01303394837305e-06,1.4143845419312129e-06,3.4000731830019504e-05,2.2649370293947868e-05,3,9.089157104492188,False
1239,MEDQA,1.9750491730974318e-07,3.927854095309158e-07,6.825587206549244e-08,1.7603421156309196e-06,0.999997615814209,3,9.946439981460571,False
1240,MEDQA,0.9999865293502808,8.332675861311145e-06,1.2289032156331814e-06,3.041564696104615e-06,7.934395398478955e-07,0,6.10111403465271,False
1241,MEDQA,0.00021429170737974346,0.00029984800494275987,0.001940038870088756,0.00040152427391149104,0.9971442818641663,4,6.3016908168792725,False
1242,MEDQA,1.0286334145348519e-05,4.364674896351062e-05,0.999680757522583,8.886036812327802e-05,0.00017637512064538896,2,5.747029781341553,False
1243,MEDQA,6.4384789766336326e-06,1.508732202637475e-05,3.3472686482127756e-05,3.822700819000602e-05,0.9999067783355713,4,5.562336444854736,False
1244,MEDQA,0.00012784516729880124,0.9962538480758667,5.371178122004494e-05,0.0002416616480331868,0.003323030425235629,0,9.243751049041748,False
1245,MEDQA,7.582559025109958e-10,2.646573404874175e-09,8.152019503882002e-09,1.4449800289639825e-07,0.9999998807907104,1,9.971561908721924,False
1246,MEDQA,1.5205635463644285e-05,9.817496902542189e-06,0.9999055862426758,2.318582482985221e-05,4.611051917891018e-05,2,5.658844709396362,False
1247,MEDQA,3.5005509744223673e-06,7.0713076638639905e-06,5.254949428490363e-06,7.426263618981466e-05,0.9999098777770996,1,5.438656568527222,False
1248,MEDQA,2.368566811128403e-06,3.2374471174989594e-06,2.33184550779697e-06,9.260106889996678e-05,0.9998995065689087,4,5.904449462890625,False
1249,MEDQA,9.11927709239535e-05,0.18683397769927979,0.0003809481277130544,0.8115698099136353,0.0011240510502830148,3,5.9929039478302,False
1250,MEDQA,1.002745875666733e-06,2.8122701678512385e-06,2.6418836114316946e-06,0.9997316002845764,0.0002619547594804317,1,7.914506912231445,False
1251,MEDQA,0.9999934434890747,3.187554511896451e-06,4.888273110736918e-07,1.436743332305923e-06,1.436743332305923e-06,0,4.780531167984009,False
1252,MEDQA,3.555943976607523e-06,0.9999849796295166,8.315162176586455e-07,8.267817065643612e-06,2.368769401073223e-06,1,5.921679496765137,False
1253,MEDQA,3.7264790080371313e-06,0.9999532699584961,4.710710982180899e-06,2.022400076384656e-05,1.8058000932796858e-05,1,6.099990129470825,False
1254,MEDQA,1.482333004787506e-06,8.732526111998595e-06,1.9637720924947644e-06,6.144099643279333e-06,0.9999816417694092,1,5.44292688369751,False
1255,MEDQA,0.0016621275572106242,0.0018982092151418328,0.9910088181495667,0.005365413147956133,6.546257645823061e-05,1,6.4741480350494385,False
1256,MEDQA,0.00046400236897170544,0.014045339077711105,0.9846543073654175,0.0002288023242726922,0.0006075417040847242,1,5.291471719741821,False
1257,MEDQA,7.133281201276986e-07,1.344436896033585e-06,1.0718786143115722e-06,9.276335504182498e-07,0.9999959468841553,4,9.933743715286255,False
1258,MEDQA,0.9999939203262329,4.710902430815622e-06,2.7852553330376395e-07,7.571109108539531e-07,3.5763386563303357e-07,0,4.96513819694519,False
1259,MEDQA,0.0006209621788002551,0.0006161297205835581,0.9985730648040771,0.00011397255002520978,7.592208567075431e-05,2,5.1935389041900635,False
1260,MEDQA,7.23940911484533e-06,3.55587826561532e-06,1.1910699413419934e-06,0.9999665021896362,2.1444689991767518e-05,2,7.837584495544434,False
1261,MEDQA,1.3313983799889684e-05,3.413151716813445e-05,2.1780224415124394e-05,0.9998668432235718,6.382836727425456e-05,3,7.308675765991211,False
1262,MEDQA,1.308138394051639e-06,1.2878575716968044e-06,5.714833264391928e-07,0.999969482421875,2.732132634264417e-05,2,6.0976645946502686,False
1263,MEDQA,4.3138658156749443e-07,1.2482585134421242e-06,7.338132945733378e-07,0.9999887943267822,8.80107927514473e-06,0,5.864213943481445,False
1264,MEDQA,1.7769832993508317e-05,0.999491810798645,8.393873940804042e-06,0.00010067295806948096,0.00038142281118780375,1,4.827525615692139,False
1265,MEDQA,3.3929868550330866e-06,0.9999500513076782,2.0903585209453013e-06,1.1842687854368705e-05,3.26987101288978e-05,1,6.4619364738464355,False
1266,MEDQA,0.0003267731226515025,0.0005181183223612607,0.00015315548807848245,0.9971970319747925,0.0018048820784315467,2,6.543730020523071,False
1267,MEDQA,3.6472560168476775e-05,0.9997996687889099,1.5204024748527445e-05,2.4295963157783262e-05,0.0001243528095073998,1,5.349562644958496,False
1268,MEDQA,1.873769861049368e-06,4.222605639370158e-06,2.947853772639064e-06,4.9086171202361584e-05,0.9999418258666992,4,7.710233926773071,False
1269,MEDQA,0.002322176704183221,0.9741520881652832,0.015745701268315315,0.0013179779052734375,0.006462023127824068,4,8.05237865447998,False
1270,MEDQA,8.477667870465666e-05,0.9995100498199463,4.4674168748315424e-05,6.10623465036042e-05,0.00029938764055259526,2,5.274932384490967,False
1271,MEDQA,1.4737481251358986e-05,3.5078257496934384e-05,0.9998834133148193,1.568796687934082e-05,5.1038561650784686e-05,2,5.813796043395996,False
1272,MEDQA,6.14389318798203e-06,1.3419496099231765e-05,0.9999480247497559,2.5866755095194094e-05,6.540140020661056e-06,2,6.081366777420044,False
