id,source,probA,probB,probC,probD,probE,answer,time,error,sources,ids,similarity
0,MEDQA,0.04934611916542053,0.6011587977409363,0.15199674665927887,0.06336166709661484,0.13413666188716888,2,0.3247978687286377,False,"['TEXT', 'STAT', 'PBMD', 'TEXT', 'STAT']","[468502519162419238, 468502519162804824, 468502519163003037, 468502519162419239, 468502519162725956]","[0.788301944732666, 0.776858925819397, 0.752010703086853, 0.7805894613265991, 0.767785906791687]"
1,MEDQA,0.2827969789505005,0.10403519123792648,0.3631184995174408,0.05568602681159973,0.19436334073543549,4,0.33525753021240234,False,"['STAT', 'STAT', 'PBMD', 'PBMD', 'PBMD']","[468502519162463460, 468502519162803025, 468502519163959629, 468502519163762620, 468502519163669127]","[0.8022149801254272, 0.7991020083427429, 0.8087171316146851, 0.8275304436683655, 0.8109774589538574]"
2,MEDQA,0.0013156661298125982,0.0013156661298125982,0.9916231036186218,0.0021691666916012764,0.0035763513296842575,2,0.5273439884185791,False,"['PBMD', 'PBMD', 'PBMD', 'PBMD', 'PBMD']","[468502519163128432, 468502519163939203, 468502519163751419, 468502519163968916, 468502519163576601]","[0.7741281390190125, 0.7759219408035278, 0.7778491377830505, 0.7752712965011597, 0.7865031957626343]"
3,MEDQA,0.16257907450199127,0.5674567222595215,0.02493230812251568,0.03627629205584526,0.20875567197799683,3,0.5406801700592041,False,"['PBMD', 'PBMD', 'PBMD', 'PBMD', 'PBMD']","[468502519163345479, 468502519163155808, 468502519163013377, 468502519163154071, 468502519163932367]","[0.7986013889312744, 0.7794308066368103, 0.7905656695365906, 0.7816475629806519, 0.7949286103248596]"
4,MEDQA,0.07602573186159134,0.4957500398159027,0.1106167882680893,0.2653558850288391,0.0522516667842865,1,0.4891853332519531,False,"['STAT', 'PBMD', 'STAT', 'STAT', 'PBMD']","[468502519162717305, 468502519163242475, 468502519162487888, 468502519162838336, 468502519163488856]","[0.769107460975647, 0.7683610916137695, 0.7694876194000244, 0.7615015506744385, 0.7649233341217041]"
5,MEDQA,0.08699824661016464,0.23648574948310852,0.16253411769866943,0.013341613113880157,0.500640332698822,4,0.3617219924926758,False,"['PBMD', 'STAT', 'STAT', 'PBMD', 'TEXT']","[468502519163953636, 468502519162729014, 468502519162754650, 468502519163681416, 468502519162390966]","[0.7790088653564453, 0.8038643598556519, 0.7909889221191406, 0.7795652151107788, 0.7912205457687378]"
6,MEDQA,0.9622109532356262,0.010689198039472103,0.010689198039472103,0.010689198039472103,0.0057215155102312565,3,0.31386303901672363,False,"['STAT', 'PBMD', 'PBMD', 'PBMD', 'PBMD']","[468502519162822440, 468502519163659397, 468502519163506024, 468502519163183210, 468502519163769161]","[0.7860835790634155, 0.7899453639984131, 0.7669838666915894, 0.7662773132324219, 0.7848947048187256]"
7,MEDQA,0.0042752414010465145,0.010255771689116955,0.9231951236724854,0.02171146869659424,0.04056236520409584,2,0.5192315578460693,False,"['PBMD', 'TEXT', 'PBMD', 'PBMD', 'TEXT']","[468502519163822394, 468502519162390966, 468502519163758589, 468502519163955446, 468502519162389975]","[0.8044015765190125, 0.7989494800567627, 0.7955955266952515, 0.7957013249397278, 0.7955291867256165]"
8,MEDQA,0.18311208486557007,0.031820107251405716,0.6391239762306213,0.0864960253238678,0.059447791427373886,2,0.32399964332580566,False,"['TEXT', 'TEXT', 'TEXT', 'STAT', 'PBMD']","[468502519162307658, 468502519162309261, 468502519162375245, 468502519162434145, 468502519163301091]","[0.778314471244812, 0.7696180939674377, 0.7888336777687073, 0.7695751190185547, 0.7700110077857971]"
9,MEDQA,0.534734845161438,0.2525908350944519,0.13520213961601257,0.03873606398701668,0.03873606398701668,0,0.25853490829467773,False,"['STAT', 'STAT', 'STAT', 'PBMD', 'TEXT']","[468502519162723435, 468502519162810196, 468502519162728890, 468502519163204361, 468502519162418523]","[0.7420843243598938, 0.7507055997848511, 0.7571095824241638, 0.745921790599823, 0.7396757006645203]"
10,MEDQA,0.002452266402542591,0.0014873746549710631,0.002164117293432355,0.004581436514854431,0.9893147945404053,4,0.5208194255828857,False,"['STAT', 'PBMD', 'PBMD', 'PBMD', 'PBMD']","[468502519162695545, 468502519163637322, 468502519163621236, 468502519163873231, 468502519163820668]","[0.807559072971344, 0.7921636700630188, 0.8108765482902527, 0.7992006540298462, 0.7884489893913269]"
11,MEDQA,0.0015692153247073293,0.0015692153247073293,0.05888436734676361,0.9211065173149109,0.016870655119419098,3,0.5006794929504395,False,"['PBMD', 'PBMD', 'PBMD', 'PBMD', 'PBMD']","[468502519163961772, 468502519163752132, 468502519163868110, 468502519163698349, 468502519163899266]","[0.7680715918540955, 0.7713509798049927, 0.7831425666809082, 0.7700682878494263, 0.7865838408470154]"
12,MEDQA,0.0027352282777428627,0.973808765411377,0.013890635222196579,0.002130198059603572,0.007435121573507786,1,0.308823823928833,False,"['STAT', 'STAT', 'STAT', 'TEXT', 'TEXT']","[468502519162931561, 468502519162458818, 468502519162700923, 468502519162384745, 468502519162333127]","[0.7705386877059937, 0.7948616147041321, 0.7908225059509277, 0.7782365083694458, 0.7716038227081299]"
13,MEDQA,0.19567836821079254,0.13448765873908997,0.05606279522180557,0.01103941909968853,0.6027318239212036,4,0.5408494472503662,False,"['PBMD', 'PBMD', 'PBMD', 'PBMD', 'PBMD']","[468502519163451184, 468502519163420791, 468502519163361968, 468502519163530825, 468502519163960555]","[0.7683356404304504, 0.7615158557891846, 0.7745478749275208, 0.7618278861045837, 0.7712498903274536]"
14,MEDQA,0.24575157463550568,0.13154134154319763,0.11608481407165527,0.3575664162635803,0.1490558534860611,3,0.4351775646209717,False,"['PBMD', 'PBMD', 'PBMD', 'PBMD', 'PBMD']","[468502519163368420, 468502519163072601, 468502519163386836, 468502519163104621, 468502519163019769]","[0.7608444690704346, 0.7584471702575684, 0.7570009827613831, 0.7571775913238525, 0.764912486076355]"
15,MEDQA,0.24005961418151855,0.27202317118644714,0.07793594896793365,0.34928467869758606,0.06069657579064369,1,0.3836202621459961,False,"['TEXT', 'STAT', 'PBMD', 'PBMD', 'PBMD']","[468502519162349900, 468502519162894875, 468502519163967599, 468502519163705601, 468502519163114833]","[0.7962104678153992, 0.7814958095550537, 0.781140148639679, 0.7827980518341064, 0.7807445526123047]"
16,MEDQA,0.07112494856119156,0.004012594930827618,0.00962571520358324,0.7646652460098267,0.15057151019573212,4,0.5327572822570801,False,"['PBMD', 'PBMD', 'PBMD', 'PBMD', 'PBMD']","[468502519163910794, 468502519163746159, 468502519163680080, 468502519163728035, 468502519163722648]","[0.8042705059051514, 0.8214365839958191, 0.8033430576324463, 0.8003659248352051, 0.7981019020080566]"
17,MEDQA,0.193637415766716,0.005160261876881123,0.24863535165786743,0.026205971837043762,0.5263610482215881,4,0.35032033920288086,False,"['STAT', 'STAT', 'STAT', 'STAT', 'PBMD']","[468502519162720116, 468502519162720120, 468502519162720136, 468502519162720123, 468502519163639053]","[0.7869439721107483, 0.7831599116325378, 0.7890224456787109, 0.8044654130935669, 0.7982204556465149]"
18,MEDQA,0.840549886226654,0.06899653375148773,0.07818332314491272,0.0049980925396084785,0.0072721815668046474,1,0.4332699775695801,False,"['TEXT', 'PBMD', 'STAT', 'PBMD', 'PBMD']","[468502519162412554, 468502519163626738, 468502519162982237, 468502519163864178, 468502519163869850]","[0.7791655659675598, 0.7725424766540527, 0.7629145979881287, 0.7625786662101746, 0.7550497055053711]"
19,MEDQA,0.015397239476442337,0.00933889765292406,0.9525935053825378,0.007273141294717789,0.015397239476442337,4,0.4303412437438965,False,"['PBMD', 'PBMD', 'PBMD', 'PBMD', 'TEXT']","[468502519163213387, 468502519163792318, 468502519163874092, 468502519163814092, 468502519162367853]","[0.7771685123443604, 0.7909669280052185, 0.7860812544822693, 0.7914713621139526, 0.7753946185112]"
20,MEDQA,0.20794999599456787,0.12612804770469666,0.12612804770469666,0.04094778373837471,0.4988461136817932,2,0.5017499923706055,False,"['PBMD', 'PBMD', 'PBMD', 'PBMD', 'STAT']","[468502519163719568, 468502519163773411, 468502519163682713, 468502519163862571, 468502519162455449]","[0.7910431623458862, 0.7781831622123718, 0.7785245776176453, 0.7968013286590576, 0.779608964920044]"
21,MEDQA,0.3475177586078644,0.1278446465730667,0.186012864112854,0.1278446465730667,0.21078017354011536,0,0.47710752487182617,False,"['PBMD', 'PBMD', 'PBMD', 'PBMD', 'PBMD']","[468502519163412025, 468502519163726626, 468502519163625781, 468502519163970065, 468502519163772036]","[0.7673711180686951, 0.7677320241928101, 0.8019142150878906, 0.7922487854957581, 0.7780910730361938]"
22,MEDQA,0.00023620206047780812,7.668358011869714e-05,0.00030328944558277726,0.9040930867195129,0.09529070556163788,3,0.4045228958129883,False,"['PBMD', 'PBMD', 'PBMD', 'PBMD', 'PBMD']","[468502519163861774, 468502519163892105, 468502519163779848, 468502519163661114, 468502519163618986]","[0.7944313883781433, 0.8028833270072937, 0.7903140783309937, 0.8129664063453674, 0.79129958152771]"
23,MEDQA,0.017996350303292274,0.8671126961708069,0.03362160921096802,0.03809827193617821,0.0431709960103035,4,0.3786799907684326,False,"['TEXT', 'PBMD', 'TEXT', 'PBMD', 'TEXT']","[468502519162327191, 468502519163779848, 468502519162327160, 468502519163124580, 468502519162394786]","[0.7730400562286377, 0.7641196250915527, 0.7644890546798706, 0.7684807777404785, 0.7844424247741699]"
24,MEDQA,0.7797996997833252,0.04985092580318451,0.04985092580318451,0.05648850277066231,0.06400986015796661,0,0.48679494857788086,False,"['STAT', 'TEXT', 'PBMD', 'PBMD', 'PBMD']","[468502519162696805, 468502519162391888, 468502519163860960, 468502519163667139, 468502519163984837]","[0.8072344660758972, 0.8457520008087158, 0.8024951815605164, 0.806583821773529, 0.8102521896362305]"
25,MEDQA,0.00090527388965711,0.00033303163945674896,0.0007989013683982193,0.005209491588175297,0.9927533268928528,4,0.32441043853759766,False,"['PBMD', 'PBMD', 'PBMD', 'PBMD', 'PBMD']","[468502519163571851, 468502519163337122, 468502519163039382, 468502519163512994, 468502519163398806]","[0.7964509725570679, 0.802667498588562, 0.8217096924781799, 0.7950077652931213, 0.7956146001815796]"
26,MEDQA,0.0013196708168834448,0.000623368367087096,0.0019201097311452031,0.001495382864959538,0.9946414232254028,4,0.3987770080566406,False,"['STAT', 'PBMD', 'STAT', 'PBMD', 'PBMD']","[468502519162847557, 468502519163822137, 468502519162990440, 468502519163735851, 468502519163983806]","[0.7733697295188904, 0.7909684181213379, 0.7744430303573608, 0.7708508968353271, 0.7970109581947327]"
27,MEDQA,0.980381190776825,0.00582955963909626,0.004006593953818083,0.001300750533118844,0.008481958881020546,0,0.5031604766845703,False,"['PBMD', 'PBMD', 'PBMD', 'PBMD', 'PBMD']","[468502519163054722, 468502519163169908, 468502519163341518, 468502519163842182, 468502519163375439]","[0.7985835075378418, 0.8024436235427856, 0.7910817265510559, 0.7898418307304382, 0.7966477274894714]"
28,MEDQA,0.09279819577932358,0.05628495290875435,0.09279819577932358,0.6051202416419983,0.15299835801124573,3,0.4724709987640381,False,"['TEXT', 'PBMD', 'PBMD', 'PBMD', 'PBMD']","[468502519162417087, 468502519163818956, 468502519163872852, 468502519163745720, 468502519163320209]","[0.7983249425888062, 0.7840218544006348, 0.775981068611145, 0.7953143119812012, 0.7785662412643433]"
29,MEDQA,0.10090712457895279,0.0064507764764130116,0.005692790262401104,0.844884991645813,0.04206434637308121,3,0.3308544158935547,False,"['TEXT', 'PBMD', 'STAT', 'PBMD', 'PBMD']","[468502519162371928, 468502519163471076, 468502519162891132, 468502519163514743, 468502519163917567]","[0.7983262538909912, 0.8030946850776672, 0.8023806810379028, 0.7886209487915039, 0.794826865196228]"
30,MEDQA,0.06996975839138031,0.02916773594915867,0.02574043720960617,0.02271585538983345,0.8524062037467957,4,0.40766024589538574,False,"['TEXT', 'PBMD', 'PBMD', 'PBMD', 'PBMD']","[468502519162414993, 468502519163972368, 468502519163653304, 468502519163967599, 468502519163453434]","[0.8044172525405884, 0.797105610370636, 0.7995321750640869, 0.8014139533042908, 0.8063881397247314]"
31,MEDQA,0.1666833907365799,0.047755587846040726,0.11455970257520676,0.5817821621894836,0.08921919018030167,2,0.5121324062347412,False,"['PBMD', 'PBMD', 'PBMD', 'TEXT', 'PBMD']","[468502519163049966, 468502519163672000, 468502519163509221, 468502519162408638, 468502519163055785]","[0.811389684677124, 0.7988038063049316, 0.7965623140335083, 0.7937113046646118, 0.7991237044334412]"
32,MEDQA,0.10372579842805862,0.06291287392377853,0.4648667573928833,0.04899659380316734,0.3194979429244995,4,0.35734128952026367,False,"['PBMD', 'PBMD', 'STAT', 'PBMD', 'PBMD']","[468502519163259392, 468502519163140663, 468502519162882722, 468502519163359112, 468502519163987838]","[0.7958596348762512, 0.8000195622444153, 0.7901318073272705, 0.7987759709358215, 0.7939499020576477]"
33,MEDQA,0.09670004993677139,0.06646090000867844,0.10957550257444382,0.09670004993677139,0.630563497543335,1,0.3886280059814453,False,"['PBMD', 'PBMD', 'PBMD', 'PBMD', 'PBMD']","[468502519163029705, 468502519163883746, 468502519163397971, 468502519163087736, 468502519163839320]","[0.807746171951294, 0.8079960346221924, 0.8042535185813904, 0.805569052696228, 0.8042515516281128]"
34,MEDQA,0.5895806550979614,0.09041512757539749,0.11609531939029694,0.05483954772353172,0.14906933903694153,1,0.3785271644592285,False,"['TEXT', 'TEXT', 'STAT', 'TEXT', 'TEXT']","[468502519162352301, 468502519162353493, 468502519162753646, 468502519162353494, 468502519162329173]","[0.7753283381462097, 0.810309112071991, 0.7734373807907104, 0.7854020595550537, 0.7798159718513489]"
35,MEDQA,0.9944421648979187,0.002175333444029093,0.0024649756960570812,0.00029439936042763293,0.0006232434534467757,0,0.4545927047729492,False,"['PBMD', 'TEXT', 'PBMD', 'TEXT', 'PBMD']","[468502519163410552, 468502519162350686, 468502519163345715, 468502519162351092, 468502519163960333]","[0.7780466079711914, 0.7809337973594666, 0.7786543369293213, 0.7918844819068909, 0.8032886981964111]"
36,MEDQA,0.0008399506332352757,0.0006541542243212461,0.001778175588697195,0.9211177229881287,0.07560994476079941,4,0.2937779426574707,False,"['TEXT', 'TEXT', 'TEXT', 'PBMD', 'PBMD']","[468502519162326366, 468502519162307512, 468502519162326330, 468502519163911005, 468502519163238886]","[0.7727042436599731, 0.7702704071998596, 0.7651643753051758, 0.8045427203178406, 0.7615861296653748]"
37,MEDQA,0.6051772832870483,0.1051640436053276,0.04383889585733414,0.15301278233528137,0.09280694276094437,0,0.41006922721862793,False,"['PBMD', 'PBMD', 'PBMD', 'PBMD', 'PBMD']","[468502519163923753, 468502519163871094, 468502519163535952, 468502519163740362, 468502519163738005]","[0.822597086429596, 0.8071169853210449, 0.8103232979774475, 0.8152607679367065, 0.8146489262580872]"
38,MEDQA,0.04237133264541626,0.061649926006793976,0.1898951381444931,0.1898951381444931,0.5161885023117065,4,0.5863077640533447,False,"['PBMD', 'PBMD', 'PBMD', 'PBMD', 'PBMD']","[468502519163834766, 468502519163937385, 468502519163953714, 468502519163552789, 468502519163933042]","[0.7700814008712769, 0.7782770991325378, 0.7782705426216125, 0.7788439989089966, 0.7856564521789551]"
39,MEDQA,0.5001670122146606,0.06769024580717087,0.14330025017261505,0.12646202743053436,0.16238045692443848,0,0.30844974517822266,False,"['STAT', 'PBMD', 'PBMD', 'PBMD', 'STAT']","[468502519162426197, 468502519163186019, 468502519163490799, 468502519163241048, 468502519162426192]","[0.7955039739608765, 0.7936671376228333, 0.7955400943756104, 0.7933886051177979, 0.806817352771759]"
40,MEDQA,0.0001364273630315438,0.00032727219513617456,0.0010080693755298853,0.9755846858024597,0.02294355258345604,3,0.5808854103088379,False,"['PBMD', 'PBMD', 'PBMD', 'PBMD', 'PBMD']","[468502519163786454, 468502519163712857, 468502519163790247, 468502519163869774, 468502519163561589]","[0.8057297468185425, 0.8119325637817383, 0.8152352571487427, 0.8104419708251953, 0.8095225691795349]"
41,MEDQA,0.005854977760463953,0.0021539260633289814,0.9846558570861816,0.005854977760463953,0.0014803701778873801,2,0.6376080513000488,False,"['PBMD', 'PBMD', 'PBMD', 'PBMD', 'PBMD']","[468502519163979410, 468502519163658423, 468502519163683245, 468502519163521303, 468502519163898397]","[0.7760545015335083, 0.7863850593566895, 0.7784239053726196, 0.7750511169433594, 0.7839359045028687]"
42,MEDQA,0.06027650833129883,0.03226368874311447,0.8320915102958679,0.0531938299536705,0.02217448689043522,0,0.44473862648010254,False,"['PBMD', 'PBMD', 'PBMD', 'PBMD', 'PBMD']","[468502519163571505, 468502519163620808, 468502519163282642, 468502519163355631, 468502519163845822]","[0.8159810304641724, 0.7975708246231079, 0.7982307076454163, 0.7873984575271606, 0.8047103881835938]"
43,MEDQA,0.3348567485809326,0.2301434576511383,0.12318691611289978,0.20310088992118835,0.10871206969022751,2,0.3929624557495117,False,"['STAT', 'PBMD', 'PBMD', 'PBMD', 'PBMD']","[468502519162484671, 468502519163721811, 468502519163735522, 468502519163351866, 468502519163467338]","[0.7506919503211975, 0.7482811212539673, 0.7540678977966309, 0.7567893266677856, 0.75049889087677]"
44,MEDQA,0.03780354931950569,0.10276070982217789,0.06232751905918121,0.7593046426773071,0.03780354931950569,1,0.5233924388885498,False,"['PBMD', 'TEXT', 'PBMD', 'PBMD', 'PBMD']","[468502519163265053, 468502519162417561, 468502519163790247, 468502519163412848, 468502519163611690]","[0.7855486273765564, 0.7703297138214111, 0.8081256747245789, 0.7839804291725159, 0.7813681364059448]"
45,MEDQA,0.00938393548130989,0.0023726304061710835,0.24201487004756927,0.0007702803122811019,0.7454583048820496,4,0.4213087558746338,False,"['PBMD', 'PBMD', 'PBMD', 'PBMD', 'PBMD']","[468502519163874092, 468502519163773159, 468502519163721552, 468502519163782927, 468502519163662788]","[0.767635703086853, 0.7566325068473816, 0.7516046762466431, 0.757023811340332, 0.7544035315513611]"
46,MEDQA,0.015355710871517658,0.6529414057731628,0.21197903156280518,0.04174114763736725,0.07798273116350174,2,0.49709653854370117,False,"['PBMD', 'PBMD', 'PBMD', 'PBMD', 'PBMD']","[468502519163357119, 468502519163714395, 468502519163874299, 468502519163647085, 468502519163728836]","[0.770550549030304, 0.7668399810791016, 0.773733377456665, 0.7868242263793945, 0.765467643737793]"
47,MEDQA,0.6473766565322876,0.053139910101890564,0.03652249276638031,0.09927842766046524,0.16368244588375092,0,0.4904360771179199,False,"['TEXT', 'PBMD', 'PBMD', 'PBMD', 'PBMD']","[468502519162412083, 468502519163890815, 468502519163542125, 468502519163061525, 468502519163744099]","[0.8018069267272949, 0.8151060342788696, 0.8025513887405396, 0.7883508801460266, 0.7947156429290771]"
48,MEDQA,0.04312261939048767,0.8661409616470337,0.04312261939048767,0.029637712985277176,0.0179761815816164,1,0.37966108322143555,False,"['TEXT', 'PBMD', 'STAT', 'STAT', 'PBMD']","[468502519162373016, 468502519163983864, 468502519162981057, 468502519162722255, 468502519163020059]","[0.7849111557006836, 0.7903609871864319, 0.7845836877822876, 0.785021185874939, 0.7840014100074768]"
49,MEDQA,3.533629569574259e-05,6.1405276028381195e-06,5.418996352091199e-06,0.99940025806427,0.0005527526373043656,3,0.47043776512145996,False,"['PBMD', 'TEXT', 'PBMD', 'PBMD', 'PBMD']","[468502519163126009, 468502519162346294, 468502519163650911, 468502519163477007, 468502519163231246]","[0.7907321453094482, 0.7914608716964722, 0.7971056699752808, 0.7969340085983276, 0.8111721277236938]"
50,MEDQA,6.60493242321536e-05,1.4737596757186111e-05,1.8923448806162924e-05,8.938804057834204e-06,0.9998912811279297,4,0.38695573806762695,False,"['TEXT', 'PBMD', 'PBMD', 'PBMD', 'PBMD']","[468502519162331758, 468502519163127146, 468502519163815592, 468502519163861000, 468502519163533332]","[0.7651768922805786, 0.7708920240402222, 0.7648810744285583, 0.7678484916687012, 0.7638056874275208]"
51,MEDQA,0.37708717584609985,0.10803728550672531,0.10803728550672531,0.1781233698129654,0.2287149429321289,0,0.5582382678985596,False,"['PBMD', 'TEXT', 'PBMD', 'PBMD', 'PBMD']","[468502519163787733, 468502519162390966, 468502519163866973, 468502519163934562, 468502519163370442]","[0.7895932197570801, 0.8071784973144531, 0.7911714911460876, 0.7935662269592285, 0.7917132377624512]"
52,MEDQA,0.0014841454103589058,0.0019056805176660419,0.22026671469211578,0.7688063383102417,0.0075371116399765015,3,0.37748074531555176,False,"['TEXT', 'PBMD', 'PBMD', 'PBMD', 'PBMD']","[468502519162297968, 468502519163502263, 468502519163508657, 468502519163717242, 468502519163330737]","[0.8140274882316589, 0.8109967112541199, 0.801527202129364, 0.8254269361495972, 0.8089663982391357]"
53,MEDQA,0.020493945106863976,0.01408526860177517,0.8714247345924377,0.05570831894874573,0.03828773275017738,3,0.303661584854126,False,"['STAT', 'STAT', 'STAT', 'STAT', 'STAT']","[468502519162876558, 468502519162800381, 468502519162448655, 468502519162955775, 468502519162719566]","[0.7517393827438354, 0.7542377710342407, 0.7609527111053467, 0.7698948383331299, 0.7614244222640991]"
54,MEDQA,0.00020296257571317255,0.9975141286849976,0.0006251687300391495,0.0014997017569839954,0.0001580673997523263,1,0.35120534896850586,False,"['STAT', 'TEXT', 'STAT', 'PBMD', 'STAT']","[468502519162734385, 468502519162308132, 468502519162806028, 468502519163580936, 468502519162963379]","[0.7941153049468994, 0.8083990812301636, 0.8119670152664185, 0.780841052532196, 0.7865588665008545]"
55,MEDQA,0.0016752880765125155,0.9833696484565735,0.004553904756903648,0.004553904756903648,0.005847329739481211,1,0.3247721195220947,False,"['STAT', 'STAT', 'STAT', 'STAT', 'PBMD']","[468502519162916294, 468502519162735543, 468502519162867792, 468502519162951280, 468502519163058645]","[0.7500919103622437, 0.7516344785690308, 0.7508631944656372, 0.7567527294158936, 0.7514469623565674]"
56,MEDQA,0.2247692197561264,0.02369050122797489,0.539193332195282,0.10617346316576004,0.10617346316576004,2,0.2515256404876709,False,"['STAT', 'TEXT', 'STAT', 'STAT', 'STAT']","[468502519162927894, 468502519162393020, 468502519162745246, 468502519162963392, 468502519162828806]","[0.7509713172912598, 0.743070662021637, 0.7427508234977722, 0.7387224435806274, 0.7405424118041992]"
57,MEDQA,0.04573865607380867,0.09682873636484146,0.06654936075210571,0.7154729962348938,0.07541029900312424,1,0.5087368488311768,False,"['PBMD', 'PBMD', 'PBMD', 'PBMD', 'PBMD']","[468502519163781976, 468502519163869174, 468502519163968497, 468502519163673192, 468502519163590912]","[0.767382800579071, 0.7648571133613586, 0.7612621784210205, 0.7650138139724731, 0.7649198770523071]"
58,MEDQA,0.0010310751385986805,0.00020303073688410223,0.9978491067886353,0.0004870454140473157,0.00042981604929082096,2,0.6034915447235107,False,"['PBMD', 'PBMD', 'PBMD', 'PBMD', 'TEXT']","[468502519163866903, 468502519163839139, 468502519163546717, 468502519163907109, 468502519162351219]","[0.7951570749282837, 0.7921148538589478, 0.7899008989334106, 0.7927259206771851, 0.7958855032920837]"
59,MEDQA,0.027021290734410286,0.1762009561061859,0.6150017380714417,0.0445505790412426,0.1372254341840744,0,0.4184107780456543,False,"['PBMD', 'PBMD', 'PBMD', 'PBMD', 'PBMD']","[468502519163633357, 468502519163368667, 468502519163633356, 468502519163676791, 468502519163670273]","[0.8152133226394653, 0.8051774501800537, 0.8004006147384644, 0.8095316886901855, 0.8035874366760254]"
60,MEDQA,0.17389363050460815,0.04982135817408562,0.6069483757019043,0.11951522529125214,0.04982135817408562,3,0.4221839904785156,False,"['PBMD', 'PBMD', 'PBMD', 'PBMD', 'PBMD']","[468502519163303661, 468502519163444080, 468502519163748761, 468502519163158628, 468502519163761927]","[0.7803571224212646, 0.7751485109329224, 0.7778369188308716, 0.7762632369995117, 0.7957456111907959]"
61,MEDQA,0.9763301610946655,0.008446911349892616,0.005123310722410679,0.006578460801392794,0.0035211965441703796,0,0.39587926864624023,False,"['PBMD', 'PBMD', 'PBMD', 'PBMD', 'PBMD']","[468502519163188136, 468502519163903652, 468502519163970418, 468502519163000608, 468502519163702647]","[0.7930126786231995, 0.7701829075813293, 0.7824788093566895, 0.7682363390922546, 0.7707983255386353]"
62,MEDQA,0.21943049132823944,0.07123865187168121,0.09147223830223083,0.5263863801956177,0.09147223830223083,3,0.36958956718444824,False,"['STAT', 'PBMD', 'PBMD', 'PBMD', 'PBMD']","[468502519162914541, 468502519163258227, 468502519163519248, 468502519163120327, 468502519163473743]","[0.7910885810852051, 0.7900036573410034, 0.781570315361023, 0.782025933265686, 0.7966187596321106]"
63,MEDQA,0.8621016144752502,0.029499493539333344,0.022974230349063873,0.022974230349063873,0.062450435012578964,0,0.3902871608734131,False,"['PBMD', 'STAT', 'STAT', 'TEXT', 'STAT']","[468502519163207280, 468502519162810522, 468502519162446441, 468502519162419331, 468502519162478571]","[0.7518270015716553, 0.7682788968086243, 0.7443637847900391, 0.7460410594940186, 0.7539554238319397]"
64,MEDQA,0.43917831778526306,0.03181397169828415,0.2074531465768814,0.2350752204656601,0.08647933602333069,0,0.431408166885376,False,"['PBMD', 'STAT', 'PBMD', 'PBMD', 'PBMD']","[468502519163134358, 468502519162816132, 468502519163892607, 468502519163431579, 468502519163137296]","[0.795167088508606, 0.7867031693458557, 0.7864406704902649, 0.7832890748977661, 0.7852205038070679]"
65,MEDQA,0.08921440690755844,0.1666744351387024,0.39983120560646057,0.2747997045516968,0.06948024779558182,2,0.37688231468200684,False,"['PBMD', 'PBMD', 'TEXT', 'PBMD', 'PBMD']","[468502519163740801, 468502519163711549, 468502519162394635, 468502519163181067, 468502519163674491]","[0.7972136735916138, 0.7943521738052368, 0.7893587350845337, 0.7941930890083313, 0.7993024587631226]"
66,MEDQA,0.026456303894519806,0.014161039143800735,0.15224552154541016,0.7731665372848511,0.03397056832909584,3,0.48334360122680664,False,"['TEXT', 'STAT', 'TEXT', 'PBMD', 'PBMD']","[468502519162417087, 468502519162478470, 468502519162417099, 468502519163941304, 468502519163479313]","[0.7581943869590759, 0.7523450255393982, 0.7615674734115601, 0.7520095109939575, 0.7509109377861023]"
67,MEDQA,0.06255482882261276,0.029548807069659233,0.8635427355766296,0.010870398953557014,0.03348318487405777,2,0.5983750820159912,False,"['PBMD', 'PBMD', 'PBMD', 'PBMD', 'PBMD']","[468502519163779272, 468502519163113069, 468502519163598908, 468502519163824887, 468502519163748504]","[0.8543358445167542, 0.8198148012161255, 0.8423025012016296, 0.8318227529525757, 0.8260704874992371]"
68,MEDQA,0.23436696827411652,0.1107071191072464,0.18252518773078918,0.20682813227176666,0.26557257771492004,3,0.41201186180114746,False,"['TEXT', 'TEXT', 'STAT', 'STAT', 'TEXT']","[468502519162329132, 468502519162413274, 468502519162811515, 468502519162789540, 468502519162328701]","[0.8042142391204834, 0.796851396560669, 0.7850733995437622, 0.783359944820404, 0.7815324664115906]"
69,MEDQA,0.08208002150058746,0.0387718565762043,0.08208002150058746,0.018314529210329056,0.7787535786628723,0,0.4763679504394531,False,"['PBMD', 'PBMD', 'PBMD', 'PBMD', 'PBMD']","[468502519163835668, 468502519163373717, 468502519163799609, 468502519163950476, 468502519163073882]","[0.7639093995094299, 0.754386305809021, 0.7550837993621826, 0.7770621180534363, 0.7584757208824158]"
70,MEDQA,0.7967594861984253,0.03966831788420677,0.07411018013954163,0.024060051888227463,0.06540200114250183,0,0.5701999664306641,False,"['PBMD', 'PBMD', 'TEXT', 'TEXT', 'PBMD']","[468502519163570418, 468502519163807372, 468502519162328774, 468502519162408226, 468502519163738458]","[0.7838932275772095, 0.7754247188568115, 0.7748081684112549, 0.774593710899353, 0.7736994028091431]"
71,MEDQA,0.9540373682975769,0.007284165360033512,0.028809431940317154,0.006428253371268511,0.0034407961647957563,0,0.5268948078155518,False,"['PBMD', 'PBMD', 'TEXT', 'PBMD', 'PBMD']","[468502519163192344, 468502519163179371, 468502519162344430, 468502519163279289, 468502519163786768]","[0.7903348207473755, 0.7747646570205688, 0.7723387479782104, 0.7818264961242676, 0.78304123878479]"
72,MEDQA,0.15335339307785034,0.22312787175178528,0.25283700227737427,0.1737721711397171,0.19690965116024017,2,0.6642730236053467,False,"['PBMD', 'TEXT', 'TEXT', 'PBMD', 'TEXT']","[468502519163390867, 468502519162329132, 468502519162329155, 468502519163993753, 468502519162329108]","[0.8038063645362854, 0.7969493269920349, 0.7895078659057617, 0.7852836847305298, 0.7899641990661621]"
73,MEDQA,0.044496677815914154,0.15530867874622345,0.08313073962926865,0.02101874351501465,0.6960451602935791,1,0.44458484649658203,False,"['PBMD', 'TEXT', 'PBMD', 'TEXT', 'PBMD']","[468502519163505997, 468502519162394075, 468502519163831573, 468502519162394177, 468502519163923943]","[0.7769849896430969, 0.8134734630584717, 0.7609571814537048, 0.7744561433792114, 0.7550608515739441]"
74,MEDQA,0.26651066541671753,0.12589071691036224,0.20755872130393982,0.3019961416721344,0.09804379194974899,2,0.4174818992614746,False,"['PBMD', 'PBMD', 'PBMD', 'PBMD', 'PBMD']","[468502519163581982, 468502519163630498, 468502519163932158, 468502519163904628, 468502519163272651]","[0.7645552158355713, 0.7541000843048096, 0.7476261854171753, 0.7575411200523376, 0.7560298442840576]"
75,MEDQA,0.9994964599609375,0.00023044376575853676,0.0001794698036974296,5.826530832564458e-05,3.533969720592722e-05,0,0.3281404972076416,False,"['PBMD', 'PBMD', 'PBMD', 'PBMD', 'PBMD']","[468502519163353893, 468502519163151013, 468502519163367839, 468502519163971772, 468502519163663476]","[0.7912313938140869, 0.7989850640296936, 0.79931640625, 0.7857760190963745, 0.7841767072677612]"
76,MEDQA,0.0056990873999893665,0.9584391117095947,0.022540327161550522,0.0082921227440238,0.005029426887631416,1,0.4612243175506592,False,"['TEXT', 'TEXT', 'PBMD', 'TEXT', 'STAT']","[468502519162417661, 468502519162417529, 468502519163973896, 468502519162417514, 468502519162811356]","[0.760297417640686, 0.7584961652755737, 0.7582451701164246, 0.7627607583999634, 0.7669044733047485]"
77,MEDQA,0.13198617100715637,0.3166183829307556,0.3166183829307556,0.1027909368276596,0.13198617100715637,1,0.25833845138549805,False,"['TEXT', 'TEXT', 'PBMD', 'PBMD', 'PBMD']","[468502519162351721, 468502519162351720, 468502519163128128, 468502519163884838, 468502519163243842]","[0.7984784841537476, 0.7919663190841675, 0.7820330858230591, 0.8042676448822021, 0.7965021133422852]"
78,MEDQA,0.015511717647314072,0.009408332407474518,0.4000524580478668,0.5136775374412537,0.061350032687187195,3,0.346771240234375,False,"['TEXT', 'TEXT', 'TEXT', 'PBMD', 'PBMD']","[468502519162307759, 468502519162294471, 468502519162307760, 468502519163395771, 468502519163508192]","[0.7945288419723511, 0.7936019897460938, 0.7767082452774048, 0.791710376739502, 0.8074929714202881]"
79,MEDQA,0.002768784062936902,0.0007932698936201632,0.9857553839683533,0.00101857865229249,0.009664005599915981,2,0.454878568649292,False,"['PBMD', 'PBMD', 'PBMD', 'TEXT', 'TEXT']","[468502519163354828, 468502519163415036, 468502519163787420, 468502519162308040, 468502519162406984]","[0.805854082107544, 0.8022335767745972, 0.8085084557533264, 0.8076298236846924, 0.7989726066589355]"
80,MEDQA,0.0010290181962773204,0.9958584904670715,0.0014972126809880137,0.0007072332082316279,0.0009081054013222456,1,0.38645124435424805,False,"['STAT', 'PBMD', 'PBMD', 'PBMD', 'PBMD']","[468502519162905619, 468502519163955086, 468502519163768953, 468502519163366703, 468502519163634240]","[0.7807499766349792, 0.8191509246826172, 0.7750231623649597, 0.7755830883979797, 0.7765126824378967]"
81,MEDQA,0.17174376547336578,0.055757034569978714,0.09192781150341034,0.1515633463859558,0.5290080308914185,1,0.5287623405456543,False,"['TEXT', 'PBMD', 'PBMD', 'PBMD', 'PBMD']","[468502519162415460, 468502519163547611, 468502519163965849, 468502519163594477, 468502519163749004]","[0.7592153549194336, 0.7611477375030518, 0.7665046453475952, 0.757770299911499, 0.7927474975585938]"
82,MEDQA,0.005120160989463329,0.0021344006527215242,0.9757299423217773,0.00744978990405798,0.009565719403326511,2,0.339078426361084,False,"['PBMD', 'STAT', 'PBMD', 'PBMD', 'TEXT']","[468502519163872084, 468502519162870766, 468502519163452082, 468502519163462282, 468502519162332047]","[0.7973381876945496, 0.7809945940971375, 0.7822054624557495, 0.7864581346511841, 0.7877223491668701]"
83,MEDQA,0.33140796422958374,0.2581007778644562,0.17738990485668182,0.09494997560977936,0.1381513923406601,1,0.5283539295196533,False,"['PBMD', 'PBMD', 'STAT', 'PBMD', 'PBMD']","[468502519163711507, 468502519163962488, 468502519162472210, 468502519163713296, 468502519163647095]","[0.7496723532676697, 0.7616050243377686, 0.7648829221725464, 0.7525514364242554, 0.7655314803123474]"
84,MEDQA,0.14913931488990784,0.14913931488990784,0.16899700462818146,0.31572794914245605,0.2169964462518692,3,0.5483627319335938,False,"['TEXT', 'PBMD', 'PBMD', 'PBMD', 'PBMD']","[468502519162314067, 468502519163752272, 468502519163048790, 468502519163772763, 468502519163579455]","[0.8089297413825989, 0.7962865233421326, 0.8100261092185974, 0.7939794659614563, 0.7968796491622925]"
85,MEDQA,0.4105452001094818,0.006635845173150301,0.5271504521369934,0.01239739079028368,0.04327114298939705,2,0.6612913608551025,False,"['PBMD', 'PBMD', 'PBMD', 'PBMD', 'TEXT']","[468502519163759508, 468502519163269202, 468502519163784196, 468502519163456233, 468502519162344762]","[0.7688470482826233, 0.7738792896270752, 0.7649120092391968, 0.7671354413032532, 0.7680697441101074]"
86,MEDQA,0.014715143479406834,0.0019914782606065273,0.9103937149047852,0.06594870239496231,0.006950941868126392,2,0.40942955017089844,False,"['PBMD', 'TEXT', 'PBMD', 'PBMD', 'PBMD']","[468502519163953467, 468502519162310591, 468502519163935121, 468502519163575706, 468502519163936059]","[0.7799680233001709, 0.7911590933799744, 0.7922412753105164, 0.7921715974807739, 0.784182071685791]"
87,MEDQA,0.06022368371486664,0.025104966014623642,0.03652750700712204,0.7336746454238892,0.14446911215782166,3,0.6285758018493652,False,"['PBMD', 'PBMD', 'PBMD', 'PBMD', 'PBMD']","[468502519163351679, 468502519163711909, 468502519163256285, 468502519163675786, 468502519163773424]","[0.7937997579574585, 0.7941346168518066, 0.8010314106941223, 0.7923376560211182, 0.7948976755142212]"
88,MEDQA,0.01533551700413227,0.00497871357947588,0.013533546589314938,0.017377417534589767,0.9487748742103577,2,0.4325118064880371,False,"['PBMD', 'STAT', 'PBMD', 'PBMD', 'STAT']","[468502519163758677, 468502519162438102, 468502519163985415, 468502519163503928, 468502519162916252]","[0.7802169919013977, 0.7836017608642578, 0.790010929107666, 0.7787001132965088, 0.7988201379776001]"
89,MEDQA,0.17609652876853943,0.06478229910135269,0.42243361473083496,0.13714411854743958,0.19954350590705872,2,0.5041275024414062,False,"['TEXT', 'TEXT', 'PBMD', 'TEXT', 'TEXT']","[468502519162394075, 468502519162313950, 468502519163992004, 468502519162394177, 468502519162394160]","[0.8461889624595642, 0.8117541074752808, 0.8174421191215515, 0.840461015701294, 0.8125647306442261]"
90,MEDQA,0.03395967558026314,0.018177304416894913,0.01604141667485237,0.05599004030227661,0.8758316040039062,4,0.424954891204834,False,"['PBMD', 'PBMD', 'PBMD', 'PBMD', 'TEXT']","[468502519163299685, 468502519163761927, 468502519163720842, 468502519163184017, 468502519162342301]","[0.790573000907898, 0.799004316329956, 0.813283383846283, 0.789828896522522, 0.7913659811019897]"
91,MEDQA,0.16921035945415497,0.5906021595001221,0.09057177603244781,0.01783463917672634,0.13178116083145142,1,0.35648393630981445,False,"['STAT', 'TEXT', 'PBMD', 'TEXT', 'PBMD']","[468502519162770840, 468502519162294471, 468502519163829043, 468502519162382216, 468502519163701926]","[0.8021702766418457, 0.8025151491165161, 0.8077725172042847, 0.7997204065322876, 0.7977727055549622]"
92,MEDQA,0.0016570958541706204,0.0027320890221744776,0.0027320890221744776,0.9726911187171936,0.020187560468912125,3,0.3457679748535156,False,"['STAT', 'STAT', 'STAT', 'PBMD', 'STAT']","[468502519162910460, 468502519162878722, 468502519162754341, 468502519163112108, 468502519162928434]","[0.7885999083518982, 0.7885999083518982, 0.7885999083518982, 0.779598593711853, 0.7914918661117554]"
93,MEDQA,0.1675417572259903,0.1675417572259903,0.40191179513931274,0.11514966189861298,0.14785508811473846,4,0.5011615753173828,False,"['PBMD', 'PBMD', 'TEXT', 'PBMD', 'PBMD']","[468502519163890916, 468502519163535025, 468502519162356049, 468502519163981879, 468502519163611319]","[0.7752746939659119, 0.7676392793655396, 0.785926342010498, 0.7727103233337402, 0.7720462083816528]"
94,MEDQA,0.08035885542631149,0.023023197427392006,0.40809592604637146,0.02608869969844818,0.4624332785606384,2,0.4219400882720947,False,"['PBMD', 'PBMD', 'PBMD', 'PBMD', 'PBMD']","[468502519163929864, 468502519163289738, 468502519163201711, 468502519163644021, 468502519163404422]","[0.7902296781539917, 0.7857404351234436, 0.8234875798225403, 0.7869150042533875, 0.7958405017852783]"
95,MEDQA,0.11956380307674408,0.05647794157266617,0.25311657786369324,0.4173186719417572,0.15352296829223633,3,0.5152029991149902,False,"['TEXT', 'PBMD', 'PBMD', 'PBMD', 'PBMD']","[468502519162390966, 468502519163644844, 468502519163932887, 468502519163363331, 468502519163204206]","[0.7924911975860596, 0.7686299085617065, 0.7640834450721741, 0.770113468170166, 0.770422637462616]"
96,MEDQA,0.6774266362190247,0.09167972207069397,0.0714002400636673,0.05560656264424324,0.10388674587011337,0,0.37126874923706055,False,"['STAT', 'PBMD', 'PBMD', 'PBMD', 'PBMD']","[468502519162914018, 468502519163984674, 468502519163197926, 468502519163064212, 468502519163127318]","[0.7615506649017334, 0.811107337474823, 0.7703700661659241, 0.7734885215759277, 0.7733396887779236]"
97,MEDQA,0.05081113055348396,0.900648832321167,0.02719723805785179,0.010005304589867592,0.011337495408952236,1,0.3663952350616455,False,"['PBMD', 'PBMD', 'PBMD', 'TEXT', 'PBMD']","[468502519163329609, 468502519163155808, 468502519163954359, 468502519162337704, 468502519163450742]","[0.7640177011489868, 0.7695248126983643, 0.7637121677398682, 0.7687743306159973, 0.770922064781189]"
98,MEDQA,0.1282862275838852,0.032435834407806396,0.8365312218666077,0.0006731842877343297,0.0020735536236315966,2,0.2764260768890381,False,"['STAT', 'TEXT', 'STAT', 'STAT', 'PBMD']","[468502519162445193, 468502519162407009, 468502519162463062, 468502519162868782, 468502519163353033]","[0.7619619965553284, 0.7581630349159241, 0.7497661709785461, 0.7511371374130249, 0.7533108592033386]"
99,MEDQA,0.035319678485393524,0.014723432250320911,0.9109064936637878,0.007880885154008865,0.031169505789875984,2,0.29097795486450195,False,"['PBMD', 'STAT', 'PBMD', 'PBMD', 'PBMD']","[468502519163007028, 468502519162470271, 468502519163757796, 468502519163226696, 468502519163677789]","[0.7606123685836792, 0.7830100059509277, 0.7549293041229248, 0.7742271423339844, 0.7625221014022827]"
100,MEDQA,0.051029011607170105,0.05782344937324524,0.4841498136520386,0.07424677908420563,0.33275097608566284,4,0.48821401596069336,False,"['PBMD', 'PBMD', 'PBMD', 'PBMD', 'PBMD']","[468502519163780558, 468502519163647915, 468502519163888118, 468502519163355356, 468502519163475717]","[0.7866144180297852, 0.7833036184310913, 0.7767940163612366, 0.7794360518455505, 0.794954776763916]"
101,MEDQA,0.9998766183853149,4.006035305792466e-05,3.535313953761943e-05,7.888351319706999e-06,4.006035305792466e-05,0,0.38703179359436035,False,"['TEXT', 'TEXT', 'TEXT', 'PBMD', 'PBMD']","[468502519162366878, 468502519162392811, 468502519162392879, 468502519163331003, 468502519163886896]","[0.7688950896263123, 0.7523029446601868, 0.7581068277359009, 0.7378901243209839, 0.736737847328186]"
102,MEDQA,0.9999986886978149,8.315276431858365e-07,3.0590192068302713e-07,2.2159461821047444e-08,1.6373751066112163e-07,0,0.2147228717803955,False,"['STAT', 'STAT', 'STAT', 'STAT', 'STAT']","[468502519162903652, 468502519162794150, 468502519162443599, 468502519162891251, 468502519162443586]","[0.7467256188392639, 0.7449964284896851, 0.7497104406356812, 0.7695325613021851, 0.7378120422363281]"
103,MEDQA,0.9999227523803711,5.1440889365039766e-05,1.4738060599484015e-05,1.994579633901594e-06,8.939086001191754e-06,0,0.3544621467590332,False,"['STAT', 'TEXT', 'TEXT', 'STAT', 'STAT']","[468502519162784061, 468502519162367439, 468502519162352298, 468502519162819584, 468502519162721651]","[0.7797772884368896, 0.7900333404541016, 0.8099350929260254, 0.7903200387954712, 0.7742305994033813]"
104,MEDQA,0.010801452212035656,0.002126932144165039,0.9723157286643982,0.0008866371936164796,0.013869338668882847,2,0.3440592288970947,False,"['TEXT', 'STAT', 'TEXT', 'STAT', 'TEXT']","[468502519162343727, 468502519162770874, 468502519162344068, 468502519162783458, 468502519162342993]","[0.8188624978065491, 0.8106223344802856, 0.8229472637176514, 0.80660480260849, 0.8180442452430725]"
105,MEDQA,9.608648542780429e-05,0.9997381567955017,9.608648542780429e-05,1.1475894098111894e-05,5.827939821756445e-05,1,0.39949965476989746,False,"['PBMD', 'PBMD', 'PBMD', 'PBMD', 'PBMD']","[468502519163704230, 468502519163500576, 468502519163636625, 468502519163364447, 468502519163729281]","[0.7679975032806396, 0.7645206451416016, 0.7628908753395081, 0.7705904245376587, 0.7576929330825806]"
106,MEDQA,0.4653559625148773,0.3198341727256775,0.1711948961019516,0.02044631354510784,0.023168709129095078,2,0.3929460048675537,False,"['TEXT', 'TEXT', 'PBMD', 'PBMD', 'PBMD']","[468502519162410288, 468502519162410237, 468502519163036810, 468502519163768824, 468502519163864762]","[0.7688679695129395, 0.7689521908760071, 0.7713470458984375, 0.789049506187439, 0.7887928485870361]"
107,MEDQA,0.22928962111473083,0.12272989004850388,0.12272989004850388,0.48540613055229187,0.039844561368227005,0,0.36007046699523926,False,"['PBMD', 'PBMD', 'PBMD', 'PBMD', 'PBMD']","[468502519163517538, 468502519163163739, 468502519163710519, 468502519163430991, 468502519163250656]","[0.824015200138092, 0.8092021942138672, 0.8087654113769531, 0.8189305067062378, 0.809332549571991]"
108,MEDQA,0.10635391622781754,0.034528061747550964,0.5401097536087036,0.09385700523853302,0.22515124082565308,4,0.29866671562194824,False,"['PBMD', 'PBMD', 'TEXT', 'STAT', 'PBMD']","[468502519163416348, 468502519163686816, 468502519162389721, 468502519162770408, 468502519163885526]","[0.7624269723892212, 0.7892724871635437, 0.7554844617843628, 0.7550312876701355, 0.7923566699028015]"
109,MEDQA,0.32604479789733887,0.17451921105384827,0.10585124790668488,0.10585124790668488,0.2877335250377655,2,0.45763301849365234,False,"['PBMD', 'PBMD', 'TEXT', 'PBMD', 'PBMD']","[468502519163872852, 468502519163477076, 468502519162328628, 468502519163356056, 468502519163038013]","[0.7878078818321228, 0.7865325808525085, 0.7826153635978699, 0.7851775288581848, 0.7870818376541138]"
110,MEDQA,0.23594944179058075,0.16216552257537842,0.12629464268684387,0.2673657536506653,0.20822465419769287,3,0.603917121887207,False,"['PBMD', 'PBMD', 'PBMD', 'PBMD', 'PBMD']","[468502519163865788, 468502519163390867, 468502519163488339, 468502519163279607, 468502519163286419]","[0.7818778157234192, 0.8059613108634949, 0.7987084984779358, 0.7867498397827148, 0.7840052247047424]"
111,MEDQA,0.011644717305898666,0.002292980905622244,0.9250544905662537,0.014952112920582294,0.04605574905872345,2,0.48706889152526855,False,"['PBMD', 'TEXT', 'PBMD', 'STAT', 'PBMD']","[468502519163594849, 468502519162391888, 468502519163908851, 468502519162458179, 468502519163617722]","[0.8071978092193604, 0.798683226108551, 0.8046590089797974, 0.8043873906135559, 0.7909491062164307]"
112,MEDQA,0.04957317188382149,0.018236950039863586,0.030067648738622665,0.023416707292199135,0.8787055015563965,1,0.4517037868499756,False,"['PBMD', 'PBMD', 'PBMD', 'PBMD', 'PBMD']","[468502519163864178, 468502519163901859, 468502519163752109, 468502519163004439, 468502519163731065]","[0.7714844942092896, 0.7631570100784302, 0.7646717429161072, 0.7709207534790039, 0.7948516011238098]"
113,MEDQA,0.39891353249549866,0.16629189252853394,0.11429064720869064,0.2419532835483551,0.07855073362588882,3,0.501577615737915,False,"['TEXT', 'TEXT', 'PBMD', 'PBMD', 'PBMD']","[468502519162391331, 468502519162329155, 468502519163664697, 468502519163672142, 468502519163961431]","[0.7846508622169495, 0.7718104124069214, 0.7684473395347595, 0.764624834060669, 0.7824586033821106]"
114,MEDQA,0.1422819048166275,0.12556332349777222,0.3867622911930084,0.23458318412303925,0.11080925166606903,3,0.41463375091552734,False,"['PBMD', 'PBMD', 'PBMD', 'PBMD', 'PBMD']","[468502519163911894, 468502519163406240, 468502519163413276, 468502519163758399, 468502519163635003]","[0.7716568112373352, 0.7856976985931396, 0.7736554741859436, 0.7757328152656555, 0.784950852394104]"
115,MEDQA,0.036372989416122437,0.009196531027555466,0.009196531027555466,0.007162265945225954,0.9380717277526855,4,0.4088313579559326,False,"['TEXT', 'STAT', 'STAT', 'TEXT', 'PBMD']","[468502519162398695, 468502519162715902, 468502519162707541, 468502519162398696, 468502519163073036]","[0.8096148371696472, 0.8125622868537903, 0.8029487729072571, 0.8010964393615723, 0.7938830852508545]"
116,MEDQA,0.36637088656425476,0.15272609889507294,0.17306135594844818,0.17306135594844818,0.13478031754493713,3,0.42987561225891113,False,"['PBMD', 'PBMD', 'PBMD', 'PBMD', 'PBMD']","[468502519163220300, 468502519163210100, 468502519163474811, 468502519163435169, 468502519163172658]","[0.7889844179153442, 0.7992604374885559, 0.7878693342208862, 0.789635419845581, 0.7961511611938477]"
117,MEDQA,0.4074947237968445,0.08024047315120697,0.169869065284729,0.19248686730861664,0.14990893006324768,3,0.5394246578216553,False,"['TEXT', 'STAT', 'TEXT', 'PBMD', 'PBMD']","[468502519162394476, 468502519162749091, 468502519162391331, 468502519163953372, 468502519163696486]","[0.7727727293968201, 0.7731142044067383, 0.7800788283348083, 0.7645943760871887, 0.7654495239257812]"
118,MEDQA,0.0879255011677742,0.017313558608293533,0.047063130885362625,0.013483813032507896,0.8342139720916748,4,0.5498359203338623,False,"['PBMD', 'PBMD', 'PBMD', 'PBMD', 'PBMD']","[468502519163814669, 468502519163965943, 468502519163777064, 468502519163777065, 468502519163571985]","[0.8029417395591736, 0.8147197961807251, 0.7987670302391052, 0.79538893699646, 0.7998667359352112]"
119,MEDQA,0.0027206912636756897,0.0034934370778501034,0.968633234500885,0.009496145881712437,0.015656497329473495,2,0.5290277004241943,False,"['PBMD', 'PBMD', 'PBMD', 'PBMD', 'PBMD']","[468502519163656544, 468502519163531274, 468502519163827929, 468502519163476777, 468502519163497489]","[0.7710608243942261, 0.7707382440567017, 0.7701205611228943, 0.7713890075683594, 0.7724176645278931]"
120,MEDQA,0.1577962040901184,0.07453764230012894,0.10845163464546204,0.5507628321647644,0.10845163464546204,3,0.36277294158935547,False,"['PBMD', 'TEXT', 'STAT', 'TEXT', 'TEXT']","[468502519163400520, 468502519162315509, 468502519162714906, 468502519162374500, 468502519162417727]","[0.805927038192749, 0.8040913343429565, 0.7818859219551086, 0.8031364679336548, 0.7773348093032837]"
121,MEDQA,0.00012336861982475966,0.9996663331985474,6.603446672670543e-05,3.534570350893773e-05,0.00010887243115575984,1,0.46352481842041016,False,"['PBMD', 'TEXT', 'PBMD', 'PBMD', 'PBMD']","[468502519163079133, 468502519162307279, 468502519163803232, 468502519163543292, 468502519163951152]","[0.8006081581115723, 0.7776767015457153, 0.7690617442131042, 0.7903631925582886, 0.7749506235122681]"
122,MEDQA,0.0024608722887933254,0.0007989282603375614,0.0024608722887933254,0.0014925943687558174,0.992786705493927,4,0.4472472667694092,False,"['PBMD', 'PBMD', 'TEXT', 'TEXT', 'TEXT']","[468502519163732001, 468502519163809856, 468502519162379536, 468502519162379540, 468502519162379544]","[0.7753717303276062, 0.7965203523635864, 0.7696454524993896, 0.7711742520332336, 0.7909440994262695]"
123,MEDQA,0.7166011929512024,0.12452661246061325,0.07552921026945114,0.024520743638277054,0.058822207152843475,0,0.5997030735015869,False,"['PBMD', 'PBMD', 'PBMD', 'PBMD', 'PBMD']","[468502519163441713, 468502519163997731, 468502519163505930, 468502519163244306, 468502519163730919]","[0.7943482995033264, 0.7881559729576111, 0.7872792482376099, 0.7873966097831726, 0.7967209815979004]"
124,MEDQA,0.045327965170145035,0.8034574389457703,0.031153425574302673,0.045327965170145035,0.0747331902384758,1,0.5247056484222412,False,"['PBMD', 'PBMD', 'PBMD', 'PBMD', 'STAT']","[468502519163541204, 468502519163042135, 468502519163113069, 468502519163586121, 468502519162845912]","[0.782097578048706, 0.7735806703567505, 0.7728325724601746, 0.7931778430938721, 0.7877137064933777]"
125,MEDQA,0.34091755747795105,0.125416561961174,0.34091755747795105,0.16103804111480713,0.03171027451753616,0,0.4800291061401367,False,"['PBMD', 'TEXT', 'TEXT', 'PBMD', 'PBMD']","[468502519163985590, 468502519162338933, 468502519162410449, 468502519163872937, 468502519163143740]","[0.767352819442749, 0.7726510763168335, 0.7713238596916199, 0.7759789228439331, 0.7687485218048096]"
126,MEDQA,0.28909966349601746,0.12051466852426529,0.13656100630760193,0.25512954592704773,0.198695108294487,0,0.5053694248199463,False,"['TEXT', 'PBMD', 'PBMD', 'PBMD', 'TEXT']","[468502519162391176, 468502519163635925, 468502519163772641, 468502519163800414, 468502519162294202]","[0.7707837820053101, 0.781205415725708, 0.7611947059631348, 0.7628324627876282, 0.7642740607261658]"
127,MEDQA,0.0024397417437285185,0.0006168633117340505,0.0002913855714723468,0.9842619895935059,0.012390030547976494,3,0.5274002552032471,False,"['PBMD', 'PBMD', 'PBMD', 'PBMD', 'PBMD']","[468502519163935427, 468502519163833050, 468502519163685839, 468502519163987908, 468502519163937354]","[0.8007879853248596, 0.8040036559104919, 0.8024808168411255, 0.803584098815918, 0.8012699484825134]"
128,MEDQA,0.03880920261144638,0.005252254661172628,0.05646705627441406,0.016178082674741745,0.8832933902740479,0,0.5449745655059814,False,"['PBMD', 'PBMD', 'PBMD', 'PBMD', 'PBMD']","[468502519163658116, 468502519163929630, 468502519163537626, 468502519163405726, 468502519163746232]","[0.8329423069953918, 0.8090004920959473, 0.8007590174674988, 0.8125, 0.8064730167388916]"
129,MEDQA,0.4873523712158203,0.179286926984787,0.179286926984787,0.10874301940202713,0.04533083364367485,0,0.5325374603271484,False,"['PBMD', 'PBMD', 'PBMD', 'PBMD', 'TEXT']","[468502519163758072, 468502519163782000, 468502519163671578, 468502519163536955, 468502519162330584]","[0.7681664228439331, 0.762444257736206, 0.7632458806037903, 0.7675859928131104, 0.7634263634681702]"
130,MEDQA,0.0719626322388649,0.04945914447307587,0.012505230493843555,0.7736712098121643,0.09240185469388962,1,0.4237039089202881,False,"['PBMD', 'PBMD', 'PBMD', 'PBMD', 'PBMD']","[468502519163670945, 468502519163780558, 468502519163785958, 468502519163555021, 468502519163579824]","[0.8093920946121216, 0.8212885856628418, 0.8034359216690063, 0.8113736510276794, 0.8041679263114929]"
131,MEDQA,0.04679412022233009,0.9398850202560425,0.006332895252853632,0.004932064097374678,0.0020559902768582106,1,0.3785519599914551,False,"['PBMD', 'STAT', 'PBMD', 'STAT', 'PBMD']","[468502519163193564, 468502519162989247, 468502519163732793, 468502519162459916, 468502519163645356]","[0.780564546585083, 0.7740896344184875, 0.7817212343215942, 0.7755935788154602, 0.7805705070495605]"
132,MEDQA,0.9428951144218445,0.009243817999958992,0.0063531771302223206,0.03656001016497612,0.004947859328240156,0,0.4769325256347656,False,"['STAT', 'PBMD', 'PBMD', 'PBMD', 'STAT']","[468502519162844597, 468502519163978855, 468502519163340643, 468502519163867803, 468502519162942027]","[0.7989158630371094, 0.784013569355011, 0.7670988440513611, 0.7693120241165161, 0.7735878229141235]"
133,MEDQA,0.00046054774429649115,0.9435611963272095,0.0063576651737093925,0.00816340371966362,0.04145718738436699,1,0.32576727867126465,False,"['STAT', 'PBMD', 'PBMD', 'PBMD', 'PBMD']","[468502519162737977, 468502519163153604, 468502519163882923, 468502519163977337, 468502519163411524]","[0.8180951476097107, 0.790723979473114, 0.7796127200126648, 0.795758843421936, 0.7810794711112976]"
134,MEDQA,0.7496011257171631,0.03293517604470253,0.14760521054267883,0.05430092662572861,0.015557474456727505,0,0.5118212699890137,False,"['TEXT', 'PBMD', 'PBMD', 'PBMD', 'PBMD']","[468502519162347208, 468502519163400751, 468502519163790242, 468502519163178656, 468502519163345132]","[0.8156635761260986, 0.8099995255470276, 0.8176687359809875, 0.813573956489563, 0.8136476278305054]"
135,MEDQA,0.15919657051563263,0.035521555691957474,0.4327411353588104,0.035521555691957474,0.337019145488739,2,0.45987915992736816,False,"['PBMD', 'TEXT', 'TEXT', 'PBMD', 'PBMD']","[468502519163790363, 468502519162340512, 468502519162340477, 468502519163576119, 468502519163639876]","[0.7737217545509338, 0.7694911956787109, 0.7679102420806885, 0.7659906148910522, 0.7753977179527283]"
136,MEDQA,0.017521753907203674,0.0050200666300952435,0.009378718212246895,0.6574989557266235,0.3105805218219757,3,0.42652034759521484,False,"['PBMD', 'PBMD', 'TEXT', 'PBMD', 'PBMD']","[468502519163626738, 468502519163864178, 468502519162412554, 468502519163758483, 468502519163458244]","[0.8071165680885315, 0.8008671402931213, 0.7932635545730591, 0.7956438064575195, 0.8222395181655884]"
137,MEDQA,0.06171835586428642,0.022704914212226868,0.033035457134246826,0.7518835067749023,0.13065776228904724,4,0.3954644203186035,False,"['STAT', 'PBMD', 'PBMD', 'PBMD', 'STAT']","[468502519162802996, 468502519163673872, 468502519163172634, 468502519163779270, 468502519162802991]","[0.8084996938705444, 0.8266409039497375, 0.8101543188095093, 0.8114938735961914, 0.806929886341095]"
138,MEDQA,0.17221036553382874,0.011009040288627148,0.6010732054710388,0.020567594096064568,0.19513989984989166,2,0.3897066116333008,False,"['PBMD', 'PBMD', 'PBMD', 'PBMD', 'PBMD']","[468502519163969795, 468502519163767894, 468502519163192228, 468502519163514785, 468502519163238032]","[0.789971113204956, 0.8144816160202026, 0.7881719470024109, 0.7906861305236816, 0.794113278388977]"
139,MEDQA,0.27901315689086914,0.21729566156864166,0.35825997591018677,0.1026432067155838,0.042788054794073105,3,0.3518521785736084,False,"['PBMD', 'TEXT', 'PBMD', 'TEXT', 'PBMD']","[468502519163886707, 468502519162363449, 468502519163027717, 468502519162366911, 468502519163415702]","[0.7633482813835144, 0.781082808971405, 0.7718416452407837, 0.7674812078475952, 0.7614268660545349]"
140,MEDQA,0.12422095239162445,0.12422095239162445,0.027717439457774162,0.7148422002792358,0.008998535573482513,3,0.40803050994873047,False,"['TEXT', 'PBMD', 'TEXT', 'TEXT', 'TEXT']","[468502519162379462, 468502519163973232, 468502519162379461, 468502519162379542, 468502519162377703]","[0.7583073973655701, 0.762177586555481, 0.762845516204834, 0.7653001546859741, 0.7563186287879944]"
141,MEDQA,0.010497987270355225,0.003408197546377778,0.8339584469795227,0.007215154357254505,0.1449202448129654,0,0.7399783134460449,False,"['PBMD', 'PBMD', 'PBMD', 'PBMD', 'PBMD']","[468502519163806612, 468502519163923506, 468502519163982121, 468502519163530757, 468502519163562239]","[0.8003194332122803, 0.822712779045105, 0.8063024282455444, 0.8112735748291016, 0.8058670163154602]"
142,MEDQA,0.9910637140274048,0.0019132030429318547,0.0007975416956469417,0.0003324648423586041,0.005893080495297909,0,0.3602180480957031,False,"['PBMD', 'TEXT', 'PBMD', 'PBMD', 'TEXT']","[468502519163263080, 468502519162368727, 468502519163843661, 468502519163525125, 468502519162333157]","[0.8094500303268433, 0.8401443362236023, 0.7989426255226135, 0.8107789754867554, 0.8006191253662109]"
143,MEDQA,0.022372959181666374,0.9513224363327026,0.010568237863481045,0.006409960333257914,0.009326436556875706,1,0.4618563652038574,False,"['PBMD', 'TEXT', 'PBMD', 'PBMD', 'PBMD']","[468502519163725779, 468502519162417384, 468502519163983359, 468502519163215236, 468502519163540716]","[0.7854791879653931, 0.7838916778564453, 0.7962510585784912, 0.7818807363510132, 0.803877592086792]"
144,MEDQA,0.002349231159314513,0.0038732271641492844,0.004388940986245871,0.9477474093437195,0.04164111614227295,3,0.4778122901916504,False,"['PBMD', 'TEXT', 'PBMD', 'PBMD', 'PBMD']","[468502519163068358, 468502519162385651, 468502519163918625, 468502519163615700, 468502519163750686]","[0.7857857346534729, 0.7951727509498596, 0.7902278900146484, 0.7923049926757812, 0.7821537256240845]"
145,MEDQA,0.44652917981147766,0.08792681246995926,0.18614105880260468,0.06847746670246124,0.21092544496059418,3,0.5642390251159668,False,"['STAT', 'PBMD', 'STAT', 'PBMD', 'PBMD']","[468502519162749091, 468502519163354462, 468502519162749090, 468502519163686766, 468502519163963343]","[0.8257841467857361, 0.7955372929573059, 0.7920163869857788, 0.7997815608978271, 0.7968061566352844]"
146,MEDQA,0.014501994475722313,0.014501994475722313,0.008795903995633125,0.06499343365430832,0.8972066640853882,3,0.3381776809692383,False,"['STAT', 'TEXT', 'PBMD', 'PBMD', 'PBMD']","[468502519162461660, 468502519162385560, 468502519163938870, 468502519163094277, 468502519163570441]","[0.7821003794670105, 0.7829330563545227, 0.7859688997268677, 0.789780855178833, 0.7923483848571777]"
147,MEDQA,0.0022674715146422386,0.02437761425971985,0.01304839551448822,0.9147632122039795,0.045543376356363297,3,0.5105986595153809,False,"['PBMD', 'PBMD', 'PBMD', 'PBMD', 'PBMD']","[468502519163264215, 468502519163634557, 468502519163537834, 468502519163497893, 468502519163684571]","[0.7664270401000977, 0.7606501579284668, 0.7670795917510986, 0.760545015335083, 0.7597312927246094]"
148,MEDQA,0.20313556492328644,0.5521796941757202,0.039999764412641525,0.09595444053411484,0.10873062908649445,1,0.356569766998291,False,"['PBMD', 'PBMD', 'PBMD', 'PBMD', 'TEXT']","[468502519163755689, 468502519163618635, 468502519163969869, 468502519163164584, 468502519162361527]","[0.7645357251167297, 0.7682813405990601, 0.7750461101531982, 0.7658991813659668, 0.789355993270874]"
149,MEDQA,0.15883105993270874,0.005434899590909481,0.01015372946858406,0.018969664350152016,0.806610643863678,4,0.5409002304077148,False,"['PBMD', 'PBMD', 'PBMD', 'PBMD', 'PBMD']","[468502519163935048, 468502519163865329, 468502519163054039, 468502519163519310, 468502519163349328]","[0.7885617017745972, 0.8011201024055481, 0.7916056513786316, 0.7826662659645081, 0.7864701151847839]"
150,MEDQA,0.3922674059867859,0.14430712163448334,0.0681658536195755,0.20996561646461487,0.1852940022945404,0,0.5030431747436523,False,"['TEXT', 'TEXT', 'TEXT', 'TEXT', 'PBMD']","[468502519162395135, 468502519162395063, 468502519162394786, 468502519162395450, 468502519163980718]","[0.7772141695022583, 0.7750523090362549, 0.7970197796821594, 0.7936990857124329, 0.7856053113937378]"
151,MEDQA,0.18397831916809082,0.3894821107387543,0.0766935795545578,0.04651700705289841,0.3033289611339569,4,0.3659045696258545,False,"['STAT', 'TEXT', 'TEXT', 'PBMD', 'PBMD']","[468502519162971269, 468502519162310603, 468502519162310314, 468502519163672646, 468502519163768189]","[0.7783148288726807, 0.7768784165382385, 0.7750455737113953, 0.7775256633758545, 0.7765746116638184]"
152,MEDQA,0.3492812216281891,0.14560207724571228,0.24005724489688873,0.10007074475288391,0.16498875617980957,0,0.47243571281433105,False,"['PBMD', 'PBMD', 'PBMD', 'PBMD', 'PBMD']","[468502519163543292, 468502519163279845, 468502519163079133, 468502519163870131, 468502519163084553]","[0.7833332419395447, 0.7827914357185364, 0.7692724466323853, 0.7706701755523682, 0.7878758311271667]"
153,MEDQA,0.8993824124336243,0.05073968321084976,0.030775172635912895,0.011321553960442543,0.007781182415783405,0,0.37206292152404785,False,"['PBMD', 'PBMD', 'TEXT', 'STAT', 'PBMD']","[468502519163560097, 468502519163765778, 468502519162370346, 468502519162808865, 468502519163509103]","[0.7696756720542908, 0.7819719910621643, 0.777339518070221, 0.7691507339477539, 0.7633338570594788]"
154,MEDQA,0.0010692751966416836,0.004792158957570791,0.014760889112949371,0.9132238626480103,0.06615372002124786,3,0.41751599311828613,False,"['STAT', 'PBMD', 'STAT', 'PBMD', 'PBMD']","[468502519162886106, 468502519163862636, 468502519162766500, 468502519163705196, 468502519163794776]","[0.7794497609138489, 0.8127201795578003, 0.7935957312583923, 0.8410134315490723, 0.7774388790130615]"
155,MEDQA,0.026095224544405937,0.02302895300090313,0.864155113697052,0.03796832635998726,0.04875229671597481,4,0.4258570671081543,False,"['TEXT', 'STAT', 'PBMD', 'TEXT', 'PBMD']","[468502519162356240, 468502519162467900, 468502519163824908, 468502519162361449, 468502519163277854]","[0.7608452439308167, 0.7604195475578308, 0.7756880521774292, 0.7622275948524475, 0.7837578058242798]"
156,MEDQA,0.05192360654473305,0.7167832255363464,0.04582241550087929,0.07554839551448822,0.10992227494716644,1,0.546715497970581,False,"['PBMD', 'STAT', 'PBMD', 'PBMD', 'TEXT']","[468502519163714107, 468502519162900168, 468502519163638419, 468502519163976771, 468502519162389975]","[0.741254985332489, 0.7415258884429932, 0.7639387249946594, 0.7486065626144409, 0.7599994540214539]"
157,MEDQA,0.9953687191009521,0.0010285121388733387,0.0024672725703567266,0.00042874764767475426,0.0007068853592500091,0,0.515465497970581,False,"['PBMD', 'PBMD', 'PBMD', 'PBMD', 'PBMD']","[468502519163576087, 468502519163912280, 468502519163632706, 468502519163995780, 468502519163578661]","[0.8149176836013794, 0.7931782007217407, 0.7744748592376709, 0.7694762349128723, 0.7751792073249817]"
158,MEDQA,0.054441045969724655,0.03302016481757164,0.35500019788742065,0.45582929253578186,0.1017092689871788,3,0.5492839813232422,False,"['PBMD', 'PBMD', 'PBMD', 'PBMD', 'PBMD']","[468502519163719091, 468502519163719087, 468502519163085863, 468502519163093309, 468502519163761969]","[0.8030886650085449, 0.8044712543487549, 0.8032780885696411, 0.8008033037185669, 0.7972512245178223]"
159,MEDQA,0.004752498585730791,0.018796497955918312,0.4847680628299713,0.006914844736456871,0.4847680628299713,2,0.5787124633789062,False,"['TEXT', 'PBMD', 'PBMD', 'PBMD', 'PBMD']","[468502519162386340, 468502519163587681, 468502519163890444, 468502519163415465, 468502519163863339]","[0.7944978475570679, 0.8007239103317261, 0.7942546010017395, 0.802315354347229, 0.7942691445350647]"
160,MEDQA,0.09824937582015991,0.04095643386244774,0.12615469098091125,0.2356879860162735,0.4989514946937561,3,0.35454487800598145,False,"['TEXT', 'PBMD', 'PBMD', 'TEXT', 'PBMD']","[468502519162388790, 468502519163761294, 468502519163002984, 468502519162331963, 468502519163324249]","[0.7899197936058044, 0.7883375883102417, 0.7879533171653748, 0.7820809483528137, 0.7899930477142334]"
161,MEDQA,0.0031413838732987642,0.9869934320449829,0.0019053455907851458,0.006650309544056654,0.0013095235917717218,1,0.40534520149230957,False,"['PBMD', 'PBMD', 'PBMD', 'PBMD', 'PBMD']","[468502519163667409, 468502519163246380, 468502519163674915, 468502519163038908, 468502519163875220]","[0.7770521640777588, 0.7715136408805847, 0.7918887138366699, 0.7669414281845093, 0.760714054107666]"
162,MEDQA,0.002753777662292123,0.0006962640327401459,0.0002902460109908134,0.9804127812385559,0.015846896916627884,3,0.3729233741760254,False,"['PBMD', 'PBMD', 'PBMD', 'PBMD', 'PBMD']","[468502519163018984, 468502519163758108, 468502519163151764, 468502519163317866, 468502519163162109]","[0.8188603520393372, 0.8253563046455383, 0.8373931646347046, 0.8346493244171143, 0.8207064270973206]"
163,MEDQA,0.1755962371826172,0.03457694873213768,0.6128910779953003,0.09398989379405975,0.08294578641653061,0,0.40740466117858887,False,"['PBMD', 'PBMD', 'PBMD', 'PBMD', 'STAT']","[468502519163923681, 468502519163782716, 468502519163562311, 468502519163646190, 468502519162791983]","[0.8155396580696106, 0.7943642139434814, 0.7958737015724182, 0.793651819229126, 0.8094345331192017]"
164,MEDQA,0.4344918727874756,0.1598406285047531,0.07550336420536041,0.0666314885020256,0.2635326385498047,0,0.47780704498291016,False,"['PBMD', 'PBMD', 'PBMD', 'PBMD', 'STAT']","[468502519163640187, 468502519163922895, 468502519163786457, 468502519163611314, 468502519162857045]","[0.7656620740890503, 0.7678811550140381, 0.7573739290237427, 0.7731131315231323, 0.7564351558685303]"
165,MEDQA,0.18881192803382874,0.1666259467601776,0.5132440328598022,0.04212963581085205,0.08918844163417816,1,0.3766605854034424,False,"['PBMD', 'PBMD', 'PBMD', 'PBMD', 'PBMD']","[468502519163624673, 468502519163758435, 468502519163915862, 468502519163305656, 468502519163034741]","[0.7749662399291992, 0.793427586555481, 0.7738805413246155, 0.7755171060562134, 0.7776565551757812]"
166,MEDQA,0.003560267388820648,0.0016817512223497033,0.9871634244918823,0.004034311510622501,0.003560267388820648,1,0.5177700519561768,False,"['PBMD', 'PBMD', 'PBMD', 'PBMD', 'PBMD']","[468502519163962827, 468502519163814669, 468502519163079680, 468502519163123283, 468502519163625752]","[0.7838318943977356, 0.7837358713150024, 0.780534565448761, 0.7810320258140564, 0.7805089950561523]"
167,MEDQA,3.9959559217095375e-05,3.112053673248738e-05,9.58580058068037e-05,0.99736088514328,0.0024722106754779816,3,0.412722110748291,False,"['PBMD', 'STAT', 'STAT', 'PBMD', 'TEXT']","[468502519163751874, 468502519162866645, 468502519162968518, 468502519163360836, 468502519162344306]","[0.7855401635169983, 0.7849475145339966, 0.7862758636474609, 0.7854777574539185, 0.7856642007827759]"
168,MEDQA,0.009485818445682526,0.9675797820091248,0.009485818445682526,0.005077392794191837,0.008371205069124699,1,0.4123656749725342,False,"['PBMD', 'PBMD', 'PBMD', 'PBMD', 'PBMD']","[468502519163208287, 468502519163542757, 468502519163668571, 468502519163953372, 468502519163631448]","[0.7743602395057678, 0.7631720900535583, 0.7570677399635315, 0.7700580358505249, 0.7656108140945435]"
169,MEDQA,0.06637705862522125,0.04562024027109146,0.02767007425427437,0.8086380958557129,0.05169450119137764,3,0.3699655532836914,False,"['PBMD', 'STAT', 'PBMD', 'PBMD', 'PBMD']","[468502519163443187, 468502519162701902, 468502519163322970, 468502519163970862, 468502519163324845]","[0.7950394749641418, 0.7881217002868652, 0.7958126068115234, 0.7952235341072083, 0.7965600490570068]"
170,MEDQA,0.198756143450737,0.1754016876220703,0.1754016876220703,0.2252202183008194,0.2252202183008194,2,0.27527594566345215,False,"['STAT', 'TEXT', 'STAT', 'STAT', 'PBMD']","[468502519162453939, 468502519162386448, 468502519162437779, 468502519162978594, 468502519163380729]","[0.7442162036895752, 0.7439417839050293, 0.7433138489723206, 0.7445056438446045, 0.7413354516029358]"
171,MEDQA,0.37645086646080017,0.22832898795604706,0.12221570312976837,0.1778227984905243,0.09518168121576309,3,0.4897801876068115,False,"['PBMD', 'PBMD', 'PBMD', 'PBMD', 'PBMD']","[468502519163664752, 468502519163345275, 468502519163184690, 468502519163571737, 468502519163942502]","[0.7985981702804565, 0.7920100688934326, 0.8016512989997864, 0.7970149517059326, 0.7868344187736511]"
172,MEDQA,0.04069681093096733,0.817417323589325,0.12535500526428223,0.006241058465093374,0.010289765894412994,2,0.35753464698791504,False,"['TEXT', 'TEXT', 'TEXT', 'PBMD', 'STAT']","[468502519162361550, 468502519162361449, 468502519162307864, 468502519163647599, 468502519162809203]","[0.773447573184967, 0.7638877034187317, 0.7736589908599854, 0.7832887768745422, 0.7592961192131042]"
173,MEDQA,0.6140750646591187,0.05711787939071655,0.19936098158359528,0.06472303718328476,0.06472303718328476,0,0.5326049327850342,False,"['PBMD', 'PBMD', 'PBMD', 'PBMD', 'PBMD']","[468502519163223105, 468502519163513866, 468502519163804843, 468502519163097716, 468502519163070275]","[0.8302047252655029, 0.8049896359443665, 0.8158564567565918, 0.845966637134552, 0.8102086186408997]"
174,MEDQA,0.00020319045870564878,0.00048742859507910907,0.0003796097880695015,0.0002956403768621385,0.9986341595649719,4,0.30420613288879395,False,"['TEXT', 'STAT', 'TEXT', 'TEXT', 'PBMD']","[468502519162325784, 468502519162891406, 468502519162307100, 468502519162306276, 468502519163758435]","[0.7853317260742188, 0.7839956879615784, 0.7697920799255371, 0.7725918889045715, 0.7633326053619385]"
175,MEDQA,0.003086875658482313,0.0001973373582586646,0.0010021617636084557,0.969867467880249,0.025846092030405998,3,0.3760998249053955,False,"['TEXT', 'PBMD', 'STAT', 'STAT', 'PBMD']","[468502519162325687, 468502519163111999, 468502519162438102, 468502519162695125, 468502519163655452]","[0.7778295278549194, 0.7947826981544495, 0.8048800230026245, 0.7766462564468384, 0.7817832827568054]"
176,MEDQA,0.19178982079029083,0.11632640659809113,0.07994989305734634,0.09059509634971619,0.5213387608528137,4,0.3725457191467285,False,"['PBMD', 'PBMD', 'PBMD', 'PBMD', 'TEXT']","[468502519163736374, 468502519163749926, 468502519163740827, 468502519163740238, 468502519162366740]","[0.7789830565452576, 0.7646098136901855, 0.7554460763931274, 0.7473853230476379, 0.7651973962783813]"
177,MEDQA,0.006562715861946344,0.0035127687733620405,0.005111048463732004,0.9739934206008911,0.010820088908076286,3,0.38399529457092285,False,"['TEXT', 'TEXT', 'PBMD', 'PBMD', 'PBMD']","[468502519162393788, 468502519162350686, 468502519163408141, 468502519163960333, 468502519163896507]","[0.7981637716293335, 0.7987326383590698, 0.7978301048278809, 0.7922449707984924, 0.7925161123275757]"
178,MEDQA,0.38867518305778503,0.14298561215400696,0.16202391684055328,0.09827247262001038,0.20804284512996674,3,0.3483452796936035,False,"['PBMD', 'PBMD', 'TEXT', 'PBMD', 'TEXT']","[468502519163548857, 468502519163376110, 468502519162368429, 468502519163393228, 468502519162368388]","[0.8081498146057129, 0.7745248675346375, 0.7916153073310852, 0.7789979577064514, 0.7930722236633301]"
179,MEDQA,0.02651199698448181,0.018221411854028702,0.049530934542417526,0.6837534308433533,0.22198224067687988,3,0.475726842880249,False,"['PBMD', 'PBMD', 'PBMD', 'PBMD', 'TEXT']","[468502519163095907, 468502519163992382, 468502519163074533, 468502519163629952, 468502519162336271]","[0.7990041375160217, 0.7927102446556091, 0.8085229992866516, 0.796627402305603, 0.7982771992683411]"
180,MEDQA,0.03208219259977341,0.015154553577303886,0.013373847119510174,0.7301872968673706,0.20920217037200928,1,0.556739091873169,False,"['TEXT', 'PBMD', 'PBMD', 'PBMD', 'PBMD']","[468502519162387016, 468502519163995482, 468502519163993372, 468502519163779612, 468502519163274118]","[0.7761948108673096, 0.7856308817863464, 0.7911757230758667, 0.7764396667480469, 0.7772558927536011]"
181,MEDQA,0.01397174596786499,0.9794950485229492,0.0016686872113496065,0.0003285839920863509,0.004535961896181107,4,0.3944714069366455,False,"['PBMD', 'PBMD', 'PBMD', 'PBMD', 'PBMD']","[468502519163091658, 468502519163069458, 468502519163436630, 468502519163412731, 468502519163326246]","[0.7800536155700684, 0.7549930810928345, 0.7411136031150818, 0.7420331835746765, 0.7425098419189453]"
182,MEDQA,0.082520991563797,0.36983340978622437,0.36983340978622437,0.023642657324671745,0.154169499874115,1,0.4217972755432129,False,"['TEXT', 'PBMD', 'PBMD', 'PBMD', 'PBMD']","[468502519162352934, 468502519163586108, 468502519163733079, 468502519163203368, 468502519163048881]","[0.7980124354362488, 0.794037401676178, 0.8030667901039124, 0.7957162857055664, 0.8155286908149719]"
183,MEDQA,0.02196689322590828,0.12641073763370514,0.49996417760849,0.14324213564395905,0.20841607451438904,4,0.423433780670166,False,"['PBMD', 'PBMD', 'PBMD', 'PBMD', 'PBMD']","[468502519163610492, 468502519163728500, 468502519163651936, 468502519163724288, 468502519163204517]","[0.8016133904457092, 0.7929973602294922, 0.8065518140792847, 0.7908994555473328, 0.7937734723091125]"
184,MEDQA,0.9821960926055908,0.0066179852001369,0.0016732887597754598,0.0010149008594453335,0.008497660979628563,1,0.5479974746704102,False,"['PBMD', 'PBMD', 'PBMD', 'TEXT', 'PBMD']","[468502519163658428, 468502519163627954, 468502519163756697, 468502519162392811, 468502519163608726]","[0.7768588066101074, 0.7743085026741028, 0.7770282626152039, 0.7971028089523315, 0.7744534611701965]"
185,MEDQA,0.10772551596164703,0.016520243138074875,0.034973353147506714,0.7024585604667664,0.13832229375839233,3,0.5312235355377197,False,"['PBMD', 'STAT', 'PBMD', 'PBMD', 'PBMD']","[468502519163997061, 468502519162811168, 468502519163695334, 468502519163786620, 468502519163985863]","[0.7703604102134705, 0.772009015083313, 0.7728040218353271, 0.7852137088775635, 0.7758380174636841]"
186,MEDQA,0.010469340719282627,0.011863318271934986,0.9424200654029846,0.0029995166696608067,0.032247841358184814,2,0.4405817985534668,False,"['PBMD', 'TEXT', 'TEXT', 'TEXT', 'PBMD']","[468502519163064406, 468502519162300565, 468502519162300559, 468502519162300538, 468502519163419345]","[0.8049166202545166, 0.7972503304481506, 0.7917976975440979, 0.8008496761322021, 0.8000004291534424]"
187,MEDQA,5.422152753453702e-06,0.9999823570251465,6.962181942071766e-06,1.994698550333851e-06,3.2887019187910482e-06,1,0.28460264205932617,False,"['STAT', 'TEXT', 'PBMD', 'TEXT', 'TEXT']","[468502519162895929, 468502519162393293, 468502519163573896, 468502519162359273, 468502519162393344]","[0.7705404758453369, 0.7754887342453003, 0.7556887269020081, 0.7577933669090271, 0.7571621537208557]"
188,MEDQA,0.0023642205633223057,0.0014339721528813243,0.013605148531496525,0.02880210243165493,0.9537945985794067,4,0.3491058349609375,False,"['TEXT', 'PBMD', 'TEXT', 'PBMD', 'TEXT']","[468502519162351540, 468502519163938090, 468502519162359863, 468502519163623814, 468502519162351801]","[0.799655020236969, 0.8259758949279785, 0.7913945913314819, 0.7915657758712769, 0.7890476584434509]"
189,MEDQA,0.14124751091003418,0.20551392436027527,0.5586447715759277,0.035712964832782745,0.058880724012851715,2,0.500481367111206,False,"['PBMD', 'PBMD', 'PBMD', 'PBMD', 'PBMD']","[468502519163729170, 468502519163968397, 468502519163738874, 468502519163790247, 468502519163457719]","[0.7814115285873413, 0.7806023359298706, 0.8141435980796814, 0.8213726282119751, 0.7912291288375854]"
190,MEDQA,0.01400507427752018,0.001672667684033513,0.0010145242558792233,0.9818315505981445,0.0014761240454390645,0,0.4347038269042969,False,"['PBMD', 'TEXT', 'PBMD', 'PBMD', 'PBMD']","[468502519163678703, 468502519162370176, 468502519163324145, 468502519163264215, 468502519163955446]","[0.7690926790237427, 0.7550579309463501, 0.7639711499214172, 0.7567166090011597, 0.768592357635498]"
191,MEDQA,0.08094888925552368,0.008531949482858181,0.24934013187885284,0.06304305791854858,0.5981358885765076,3,0.37914538383483887,False,"['PBMD', 'PBMD', 'STAT', 'TEXT', 'PBMD']","[468502519163371837, 468502519163625781, 468502519162981011, 468502519162386612, 468502519163763851]","[0.7566846013069153, 0.7720682621002197, 0.7533535957336426, 0.7572619915008545, 0.7516528367996216]"
192,MEDQA,0.0035710867960006,0.0007031886489130557,0.0027811650652438402,0.0027811650652438402,0.9901633858680725,4,0.4992523193359375,False,"['PBMD', 'PBMD', 'PBMD', 'PBMD', 'PBMD']","[468502519163576076, 468502519163818618, 468502519163825610, 468502519163581621, 468502519163584842]","[0.7662334442138672, 0.7849613428115845, 0.7682787179946899, 0.7646729946136475, 0.77670818567276]"
193,MEDQA,0.0007081379881128669,0.0005514984368346632,0.9971325397491455,0.0001085964759113267,0.0014991280622780323,2,0.3735616207122803,False,"['TEXT', 'TEXT', 'TEXT', 'TEXT', 'PBMD']","[468502519162382965, 468502519162323258, 468502519162382967, 468502519162382968, 468502519163936183]","[0.8105841875076294, 0.8134174942970276, 0.8143407702445984, 0.813072144985199, 0.8057962656021118]"
194,MEDQA,0.07884536683559418,0.3118394911289215,0.4537237584590912,0.0255973432213068,0.12999403476715088,2,0.44379520416259766,False,"['PBMD', 'PBMD', 'PBMD', 'PBMD', 'PBMD']","[468502519163586665, 468502519163981336, 468502519163505671, 468502519163267966, 468502519163761497]","[0.7780860662460327, 0.7977036237716675, 0.776259183883667, 0.779370129108429, 0.7754319310188293]"
195,MEDQA,0.03203214704990387,0.013352985493838787,0.9361165761947632,0.008098995313048363,0.010399315506219864,2,0.42795610427856445,False,"['PBMD', 'PBMD', 'PBMD', 'PBMD', 'PBMD']","[468502519163756721, 468502519163819191, 468502519163749375, 468502519163415599, 468502519163961148]","[0.801761269569397, 0.7845094203948975, 0.8230822682380676, 0.7903569340705872, 0.7882176637649536]"
196,MEDQA,0.21137148141860962,0.032414864748716354,0.12820328772068024,0.05344308167695999,0.5745672583580017,0,0.3655819892883301,False,"['PBMD', 'PBMD', 'STAT', 'TEXT', 'PBMD']","[468502519163149370, 468502519163747130, 468502519162801200, 468502519162412323, 468502519163615965]","[0.750235915184021, 0.7466093301773071, 0.7470969557762146, 0.7551859021186829, 0.7465195059776306]"
197,MEDQA,0.0007638685638085008,0.002666163258254528,0.9492198824882507,0.010544880293309689,0.036805249750614166,2,0.3415873050689697,False,"['TEXT', 'PBMD', 'STAT', 'STAT', 'PBMD']","[468502519162311774, 468502519163753728, 468502519162857652, 468502519162426484, 468502519163673222]","[0.7962567806243896, 0.8171765804290771, 0.8019531965255737, 0.8057522177696228, 0.8000428080558777]"
198,MEDQA,0.2738288938999176,0.07845328748226166,0.398418664932251,0.06109948456287384,0.18819965422153473,4,0.4327411651611328,False,"['TEXT', 'STAT', 'STAT', 'STAT', 'PBMD']","[468502519162314067, 468502519162482817, 468502519162960518, 468502519162888343, 468502519163611084]","[0.7692758440971375, 0.7651710510253906, 0.7795273661613464, 0.780373752117157, 0.7654989361763]"
199,MEDQA,0.20840495824813843,0.02820454351603985,0.5665034055709839,0.09844353049993515,0.09844353049993515,3,0.35169386863708496,False,"['STAT', 'STAT', 'STAT', 'STAT', 'PBMD']","[468502519162968565, 468502519162458675, 468502519162918877, 468502519162813856, 468502519163824859]","[0.830005407333374, 0.8113481998443604, 0.8122701048851013, 0.8169971108436584, 0.8115526437759399]"
200,MEDQA,0.034016646444797516,0.05608396977186203,0.172750785946846,0.4144076108932495,0.32274097204208374,1,0.44977378845214844,False,"['TEXT', 'PBMD', 'PBMD', 'PBMD', 'PBMD']","[468502519162298811, 468502519163692797, 468502519163168341, 468502519163606317, 468502519163692360]","[0.781846284866333, 0.7635316252708435, 0.7643998861312866, 0.7660154104232788, 0.7655404210090637]"
201,MEDQA,0.18073603510856628,0.15949900448322296,0.02771676890552044,0.07534199208021164,0.5567061901092529,1,0.38488197326660156,False,"['PBMD', 'PBMD', 'PBMD', 'PBMD', 'PBMD']","[468502519163939629, 468502519163059120, 468502519163931601, 468502519163939242, 468502519163029731]","[0.7964632511138916, 0.8016573190689087, 0.8041049838066101, 0.8073276281356812, 0.815933108329773]"
202,MEDQA,0.0012914077378809452,0.0065583097748458385,0.9733394384384155,0.0065583097748458385,0.012252535670995712,3,0.37503981590270996,False,"['TEXT', 'PBMD', 'PBMD', 'PBMD', 'PBMD']","[468502519162416574, 468502519163508749, 468502519163345409, 468502519163626713, 468502519163309633]","[0.8093854188919067, 0.8186573386192322, 0.7979787588119507, 0.8253893852233887, 0.797905445098877]"
203,MEDQA,0.006500781048089266,0.007366349920630455,0.9648014307022095,0.005736919119954109,0.015594562515616417,0,0.5064074993133545,False,"['TEXT', 'PBMD', 'PBMD', 'STAT', 'PBMD']","[468502519162395669, 468502519163900266, 468502519163283374, 468502519162491673, 468502519163823049]","[0.7735555171966553, 0.7532869577407837, 0.7622857689857483, 0.7560782432556152, 0.7508456707000732]"
204,MEDQA,0.0002958390396088362,0.00017943546117749065,0.999305248260498,4.003746289527044e-05,0.00017943546117749065,2,0.24547529220581055,False,"['STAT', 'STAT', 'STAT', 'PBMD', 'PBMD']","[468502519162463831, 468502519162917088, 468502519162796905, 468502519163247041, 468502519163791584]","[0.8239386677742004, 0.7686414122581482, 0.7587977647781372, 0.7801215648651123, 0.7622728943824768]"
205,MEDQA,0.005647057201713324,0.24011898040771484,0.006398953963071108,0.008216419257223606,0.7396185398101807,1,0.31824302673339844,False,"['TEXT', 'TEXT', 'TEXT', 'STAT', 'STAT']","[468502519162415780, 468502519162330110, 468502519162330111, 468502519162905669, 468502519162905695]","[0.8037735223770142, 0.8072748184204102, 0.7934621572494507, 0.7986947298049927, 0.7991225719451904]"
206,MEDQA,0.03255593776702881,0.019746173173189163,0.0608224980533123,0.740969717502594,0.14590558409690857,3,0.4082205295562744,False,"['PBMD', 'PBMD', 'PBMD', 'PBMD', 'PBMD']","[468502519163525003, 468502519163591475, 468502519163595715, 468502519163595714, 468502519163892004]","[0.8124393224716187, 0.8105026483535767, 0.8271158933639526, 0.8197760581970215, 0.8264573812484741]"
207,MEDQA,0.9960653185844421,0.0008015666389837861,0.0024689992424100637,0.0006242607487365603,3.990765253547579e-05,0,0.4044480323791504,False,"['TEXT', 'TEXT', 'PBMD', 'TEXT', 'TEXT']","[468502519162307722, 468502519162307723, 468502519163720457, 468502519162311276, 468502519162311274]","[0.8076629042625427, 0.8054088354110718, 0.8038357496261597, 0.8087886571884155, 0.8372484445571899]"
208,MEDQA,0.022001471370458603,0.08701751381158829,0.2365381121635437,0.5674254298210144,0.08701751381158829,1,0.3671298027038574,False,"['PBMD', 'PBMD', 'PBMD', 'PBMD', 'PBMD']","[468502519163573241, 468502519163602667, 468502519163600557, 468502519163800663, 468502519163744068]","[0.737906813621521, 0.729799747467041, 0.7308148145675659, 0.7322482466697693, 0.7351239919662476]"
209,MEDQA,0.9990597367286682,0.0004303375317249447,0.00033514719689264894,6.599439802812412e-05,0.00010880636546062306,0,0.37540531158447266,False,"['TEXT', 'TEXT', 'PBMD', 'PBMD', 'PBMD']","[468502519162409950, 468502519162328177, 468502519163801620, 468502519163631807, 468502519163681812]","[0.760787308216095, 0.7643364667892456, 0.7527898550033569, 0.7732324600219727, 0.790873646736145]"
210,MEDQA,0.9075638651847839,0.01662261225283146,0.05801861360669136,0.008897442370653152,0.008897442370653152,2,0.3838503360748291,False,"['PBMD', 'PBMD', 'PBMD', 'PBMD', 'PBMD']","[468502519163675693, 468502519163620160, 468502519163721981, 468502519163725836, 468502519163991661]","[0.7828041315078735, 0.7787930965423584, 0.7790541052818298, 0.7773857116699219, 0.786827564239502]"
211,MEDQA,0.014361314475536346,0.0126738166436553,0.014361314475536346,0.41969913244247437,0.5389043688774109,1,0.53910231590271,False,"['PBMD', 'PBMD', 'PBMD', 'STAT', 'PBMD']","[468502519163815225, 468502519163814804, 468502519163107538, 468502519162424828, 468502519163814402]","[0.7974891662597656, 0.7979384660720825, 0.7876231670379639, 0.7865543365478516, 0.7813778519630432]"
212,MEDQA,0.6895380020141602,0.03433007374405861,0.25366684794425964,0.012629329226911068,0.009835731238126755,4,0.42627644538879395,False,"['PBMD', 'PBMD', 'PBMD', 'PBMD', 'PBMD']","[468502519163868763, 468502519163218235, 468502519163693689, 468502519163517472, 468502519163763168]","[0.7918623685836792, 0.7718548774719238, 0.7687922120094299, 0.7792669534683228, 0.7751703262329102]"
213,MEDQA,0.9872002601623535,0.003560400102287531,0.0011558926198631525,0.0005460050306282938,0.007537366822361946,0,0.33905673027038574,False,"['TEXT', 'STAT', 'PBMD', 'PBMD', 'PBMD']","[468502519162307199, 468502519162450759, 468502519163967599, 468502519163689128, 468502519163041128]","[0.7887276411056519, 0.7971490025520325, 0.820023238658905, 0.7859259843826294, 0.7847120761871338]"
214,MEDQA,0.1152537614107132,0.5853068828582764,0.0897597223520279,0.06169088929891586,0.14798875153064728,1,0.4417452812194824,False,"['PBMD', 'PBMD', 'PBMD', 'PBMD', 'PBMD']","[468502519163743107, 468502519163582333, 468502519163133898, 468502519163979410, 468502519163213729]","[0.7845596075057983, 0.7810336351394653, 0.7785187363624573, 0.7816205024719238, 0.7788221836090088]"
215,MEDQA,0.5808074474334717,0.015477994456887245,0.3522775173187256,0.02252034842967987,0.028916699811816216,3,0.37619948387145996,False,"['PBMD', 'PBMD', 'PBMD', 'TEXT', 'PBMD']","[468502519163786788, 468502519163734411, 468502519163829490, 468502519162417338, 468502519163842137]","[0.7932833433151245, 0.804979145526886, 0.7986646294593811, 0.7853375673294067, 0.7968928217887878]"
216,MEDQA,0.26435112953186035,0.1816857010126114,0.16033706068992615,0.16033706068992615,0.23328904807567596,4,0.38422679901123047,False,"['PBMD', 'PBMD', 'STAT', 'TEXT', 'PBMD']","[468502519163487666, 468502519163350425, 468502519162474965, 468502519162347382, 468502519163692891]","[0.7906298041343689, 0.7987625002861023, 0.8139356374740601, 0.7982888221740723, 0.7943916320800781]"
217,MEDQA,0.028681226074695587,0.04728735238313675,0.5083869099617004,0.395932137966156,0.01971229910850525,3,0.38391685485839844,False,"['PBMD', 'PBMD', 'PBMD', 'PBMD', 'TEXT']","[468502519163615751, 468502519163522007, 468502519163880463, 468502519163692662, 468502519162373164]","[0.7759168744087219, 0.7951059341430664, 0.785669207572937, 0.7912493944168091, 0.7888347506523132]"
218,MEDQA,0.01937129721045494,0.003366227028891444,0.021950557827949524,0.021950557827949524,0.9333614110946655,4,0.41100525856018066,False,"['TEXT', 'PBMD', 'PBMD', 'PBMD', 'PBMD']","[468502519162329713, 468502519163014900, 468502519163160508, 468502519163102796, 468502519163604257]","[0.75166255235672, 0.7575465440750122, 0.752855122089386, 0.7480796575546265, 0.7486829161643982]"
219,MEDQA,0.10695300996303558,0.0735076516866684,0.6974211931228638,0.057247817516326904,0.06487027555704117,0,0.44451260566711426,False,"['PBMD', 'PBMD', 'PBMD', 'PBMD', 'PBMD']","[468502519163930161, 468502519163747267, 468502519163555325, 468502519163204321, 468502519163623149]","[0.7989179491996765, 0.7832204103469849, 0.7875552177429199, 0.7911393642425537, 0.8083077073097229]"
220,MEDQA,0.09896199405193329,0.7312357425689697,0.036406081169843674,0.12706972658634186,0.006326428614556789,3,0.6058924198150635,False,"['PBMD', 'PBMD', 'PBMD', 'PBMD', 'PBMD']","[468502519163478224, 468502519163700092, 468502519163767925, 468502519163955767, 468502519163881669]","[0.7990325093269348, 0.7835612297058105, 0.7900477647781372, 0.7856388092041016, 0.8065884709358215]"
221,MEDQA,0.06607013195753098,0.0015538204461336136,0.3355318009853363,0.26131242513656616,0.3355318009853363,0,0.2917501926422119,False,"['STAT', 'TEXT', 'PBMD', 'STAT', 'PBMD']","[468502519162695566, 468502519162326094, 468502519163971163, 468502519162925000, 468502519163620128]","[0.8114157915115356, 0.8134551048278809, 0.8031121492385864, 0.8053365349769592, 0.8174871206283569]"
222,MEDQA,0.1959511786699295,0.10488510131835938,0.251606285572052,0.251606285572052,0.1959511786699295,3,0.529761552810669,False,"['PBMD', 'PBMD', 'PBMD', 'PBMD', 'PBMD']","[468502519163869448, 468502519163668542, 468502519163858983, 468502519163752291, 468502519163509818]","[0.7864887118339539, 0.7823873162269592, 0.7825631499290466, 0.7864723801612854, 0.7842311859130859]"
223,MEDQA,0.928488552570343,0.02474338188767433,0.011687946505844593,0.013244177214801311,0.02183595858514309,0,0.37810444831848145,False,"['PBMD', 'TEXT', 'TEXT', 'PBMD', 'PBMD']","[468502519163066922, 468502519162307681, 468502519162387138, 468502519163967058, 468502519163997615]","[0.7997598648071289, 0.7985507845878601, 0.8129357099533081, 0.7860682010650635, 0.7902935743331909]"
224,MEDQA,0.22373615205287933,0.2535262703895569,0.1742458939552307,0.1742458939552307,0.1742458939552307,2,0.34809041023254395,False,"['STAT', 'PBMD', 'TEXT', 'TEXT', 'PBMD']","[468502519162894347, 468502519163547169, 468502519162364088, 468502519162364053, 468502519163154773]","[0.7971420288085938, 0.8143043518066406, 0.7966504096984863, 0.7954937219619751, 0.7976009249687195]"
225,MEDQA,0.016451912000775337,0.006858177483081818,0.8982439637184143,0.004713551606982946,0.07373235374689102,2,0.2739419937133789,False,"['STAT', 'STAT', 'PBMD', 'STAT', 'PBMD']","[468502519162703891, 468502519162706912, 468502519163453466, 468502519162830188, 468502519163313877]","[0.7960631251335144, 0.7765020728111267, 0.7616801857948303, 0.7656816244125366, 0.7618383169174194]"
226,MEDQA,0.07372703403234482,0.034826185554265976,0.07372703403234482,0.6173089146614075,0.200410857796669,3,0.5935096740722656,False,"['PBMD', 'PBMD', 'PBMD', 'STAT', 'PBMD']","[468502519163899266, 468502519163745977, 468502519163596549, 468502519162845604, 468502519163701541]","[0.7896580696105957, 0.7829987406730652, 0.7991592288017273, 0.7797430753707886, 0.785752534866333]"
227,MEDQA,0.36007019877433777,0.2474723905324936,0.21839362382888794,0.0709020271897316,0.10316184163093567,3,0.4304203987121582,False,"['TEXT', 'PBMD', 'PBMD', 'PBMD', 'PBMD']","[468502519162395018, 468502519163412253, 468502519163215707, 468502519163799305, 468502519163325290]","[0.7872095704078674, 0.7692274451255798, 0.7757484912872314, 0.774232029914856, 0.767593502998352]"
228,MEDQA,0.32240840792655945,0.4139806032180786,0.08151761442422867,0.11860743165016174,0.06348598748445511,0,0.5471906661987305,False,"['PBMD', 'PBMD', 'PBMD', 'PBMD', 'PBMD']","[468502519163948307, 468502519163555438, 468502519163719759, 468502519163797752, 468502519163079133]","[0.772874116897583, 0.7629790902137756, 0.7926827669143677, 0.7825753688812256, 0.7643545866012573]"
229,MEDQA,0.0441519059240818,0.016242578625679016,0.03438553959131241,0.018405253067612648,0.8868147730827332,4,0.5121200084686279,False,"['PBMD', 'PBMD', 'TEXT', 'PBMD', 'PBMD']","[468502519163531505, 468502519163146885, 468502519162406683, 468502519163611532, 468502519163871696]","[0.784915566444397, 0.7793312072753906, 0.777682900428772, 0.7911677956581116, 0.7745519876480103]"
230,MEDQA,8.47982955747284e-05,4.005587470601313e-05,0.9997648596763611,7.483422814402729e-05,3.5349188692634925e-05,2,0.3629441261291504,False,"['TEXT', 'STAT', 'STAT', 'TEXT', 'PBMD']","[468502519162345075, 468502519162845180, 468502519162484622, 468502519162388677, 468502519163188996]","[0.8050427436828613, 0.8055456876754761, 0.793196976184845, 0.8104611039161682, 0.7960163950920105]"
231,MEDQA,0.015773626044392586,0.0031060113105922937,0.9758796691894531,0.0031060113105922937,0.0021347282454371452,0,0.37659549713134766,False,"['STAT', 'PBMD', 'PBMD', 'PBMD', 'PBMD']","[468502519162743554, 468502519163570135, 468502519163788288, 468502519163995339, 468502519163876794]","[0.7988114953041077, 0.7990027666091919, 0.8314616084098816, 0.8059634566307068, 0.7915887832641602]"
232,MEDQA,0.013307349756360054,0.004895500373095274,0.019362078979611397,0.23587840795516968,0.726556658744812,3,0.5149645805358887,False,"['PBMD', 'PBMD', 'PBMD', 'PBMD', 'PBMD']","[468502519163962196, 468502519163779923, 468502519163797090, 468502519163737292, 468502519163390130]","[0.7704582214355469, 0.776686429977417, 0.7792530059814453, 0.7710770964622498, 0.7791066765785217]"
233,MEDQA,0.12347521632909775,0.17965537309646606,0.05832556262612343,0.011484984308481216,0.6270588636398315,1,0.30208849906921387,False,"['PBMD', 'STAT', 'PBMD', 'PBMD', 'PBMD']","[468502519163442877, 468502519162807946, 468502519163325734, 468502519163379060, 468502519163182708]","[0.7803915739059448, 0.7893246412277222, 0.7803585529327393, 0.8040368556976318, 0.7872540950775146]"
234,MEDQA,0.006366821471601725,0.0011063877027481794,0.015273211523890495,0.032333388924598694,0.9449201226234436,3,0.4597008228302002,False,"['PBMD', 'PBMD', 'PBMD', 'PBMD', 'PBMD']","[468502519163909214, 468502519163756371, 468502519163950390, 468502519163214159, 468502519163276185]","[0.8314597010612488, 0.8268364071846008, 0.8298623561859131, 0.8424417972564697, 0.8281950354576111]"
235,MEDQA,0.03749272599816322,0.03749272599816322,0.8533304929733276,0.02919936366379261,0.0424848236143589,1,0.4408838748931885,False,"['PBMD', 'PBMD', 'PBMD', 'PBMD', 'PBMD']","[468502519163991768, 468502519163480280, 468502519163525790, 468502519163077562, 468502519163095562]","[0.8213108777999878, 0.812263011932373, 0.8036118149757385, 0.8088874816894531, 0.811001181602478]"
236,MEDQA,0.3917275667190552,0.0172113087028265,0.5029881596565247,0.04128778353333473,0.04678519070148468,0,0.3195366859436035,False,"['PBMD', 'TEXT', 'TEXT', 'TEXT', 'TEXT']","[468502519163267805, 468502519162298456, 468502519162298457, 468502519162329870, 468502519162381155]","[0.8494831323623657, 0.8609657287597656, 0.804020881652832, 0.8157851696014404, 0.8098235130310059]"
237,MEDQA,0.4012746512889862,0.07901566475629807,0.24338537454605103,0.06153746321797371,0.2147868573665619,1,0.5108625888824463,False,"['TEXT', 'PBMD', 'PBMD', 'PBMD', 'PBMD']","[468502519162416486, 468502519163657107, 468502519163459952, 468502519163540498, 468502519163625760]","[0.7691115736961365, 0.7741750478744507, 0.7717956900596619, 0.785695493221283, 0.7804766893386841]"
238,MEDQA,0.5897204279899597,0.16895774006843567,0.1024780422449112,0.04840720072388649,0.09043656289577484,1,0.5005638599395752,False,"['PBMD', 'STAT', 'PBMD', 'PBMD', 'PBMD']","[468502519163663499, 468502519162952267, 468502519163662424, 468502519163177346, 468502519163646189]","[0.8060193061828613, 0.8080512881278992, 0.8185434937477112, 0.8127426505088806, 0.8098891973495483]"
239,MEDQA,0.5463528633117676,0.016498427838087082,0.03082311898469925,0.03082311898469925,0.37550246715545654,0,0.5006840229034424,False,"['PBMD', 'TEXT', 'PBMD', 'PBMD', 'STAT']","[468502519163674915, 468502519162351327, 468502519163496721, 468502519163663082, 468502519162444702]","[0.7655911445617676, 0.7558028697967529, 0.7561262845993042, 0.7822385430335999, 0.7634175419807434]"
240,MEDQA,0.0008991208160296082,0.00013788465003017336,0.000545344315469265,0.012411979958415031,0.9860056638717651,4,0.43692660331726074,False,"['PBMD', 'TEXT', 'STAT', 'STAT', 'TEXT']","[468502519163258268, 468502519162294513, 468502519162982524, 468502519162946277, 468502519162332218]","[0.7652413845062256, 0.768561840057373, 0.7678549289703369, 0.7679640650749207, 0.7691936492919922]"
241,MEDQA,0.39601486921310425,0.08836286514997482,0.18706417083740234,0.08836286514997482,0.2401951551437378,1,0.4937875270843506,False,"['PBMD', 'PBMD', 'PBMD', 'PBMD', 'PBMD']","[468502519163740590, 468502519163291437, 468502519163872852, 468502519163978855, 468502519163460161]","[0.778768002986908, 0.7810871601104736, 0.7836472988128662, 0.792506992816925, 0.7728702425956726]"
242,MEDQA,0.2280329465866089,0.1775922328233719,0.2280329465866089,0.13830897212028503,0.2280329465866089,0,0.5315992832183838,False,"['PBMD', 'PBMD', 'PBMD', 'PBMD', 'PBMD']","[468502519163289341, 468502519163877408, 468502519163802073, 468502519163795172, 468502519163715544]","[0.7680308818817139, 0.7772219777107239, 0.7750292420387268, 0.7678540349006653, 0.772451639175415]"
243,MEDQA,0.08170044422149658,0.0067063807509839535,0.8783625364303589,0.0067063807509839535,0.026524251326918602,0,0.3610246181488037,False,"['STAT', 'STAT', 'TEXT', 'PBMD', 'STAT']","[468502519162802023, 468502519162912071, 468502519162369733, 468502519163935800, 468502519162852537]","[0.7994679808616638, 0.7937963604927063, 0.8084852695465088, 0.8164329528808594, 0.7939407825469971]"
244,MEDQA,0.06513286381959915,0.25760549306869507,0.617963433265686,0.014533107168972492,0.04476512223482132,4,0.3097517490386963,False,"['TEXT', 'TEXT', 'TEXT', 'STAT', 'PBMD']","[468502519162316207, 468502519162317258, 468502519162317183, 468502519162964629, 468502519163172132]","[0.7178977131843567, 0.7297945022583008, 0.7177283763885498, 0.7205129861831665, 0.7309455871582031]"
245,MEDQA,0.3402736485004425,0.20638640224933624,0.1607338935136795,0.11047067493200302,0.18213537335395813,3,0.45989131927490234,False,"['PBMD', 'PBMD', 'PBMD', 'PBMD', 'PBMD']","[468502519163725225, 468502519163756172, 468502519163572258, 468502519163953372, 468502519163323284]","[0.807072639465332, 0.7974758148193359, 0.8041020035743713, 0.8057833909988403, 0.7977807521820068]"
246,MEDQA,0.21259954571723938,0.24090684950351715,0.21259954571723938,0.27298322319984436,0.06091079115867615,0,0.3665177822113037,False,"['PBMD', 'STAT', 'PBMD', 'STAT', 'TEXT']","[468502519163251004, 468502519162951384, 468502519163724167, 468502519162974184, 468502519162335806]","[0.8143224716186523, 0.8087162971496582, 0.8008240461349487, 0.8008471727371216, 0.8080008625984192]"
247,MEDQA,0.000828473421279341,0.004767535254359245,0.0013659216929227114,0.9085314273834229,0.08450659364461899,3,0.5549540519714355,False,"['PBMD', 'PBMD', 'PBMD', 'PBMD', 'PBMD']","[468502519163985590, 468502519163697405, 468502519163809693, 468502519163568780, 468502519163869138]","[0.7887654304504395, 0.7842560410499573, 0.7845825552940369, 0.7785638570785522, 0.7846433520317078]"
248,MEDQA,0.09400032460689545,0.01850976049900055,0.5409345030784607,0.2895413935184479,0.05701407417654991,2,0.39190196990966797,False,"['PBMD', 'PBMD', 'PBMD', 'PBMD', 'PBMD']","[468502519163469899, 468502519163019895, 468502519163379757, 468502519163190225, 468502519163799769]","[0.7882938385009766, 0.7930353879928589, 0.7844046354293823, 0.7830715179443359, 0.7873231768608093]"
249,MEDQA,0.09083879739046097,0.4613174796104431,0.14976786077022552,0.21791094541549683,0.08016496151685715,1,0.43233513832092285,False,"['PBMD', 'PBMD', 'PBMD', 'PBMD', 'PBMD']","[468502519163544262, 468502519163558787, 468502519163811394, 468502519163581619, 468502519163568854]","[0.8127470016479492, 0.8264213800430298, 0.8027999401092529, 0.8361799716949463, 0.8155148029327393]"
250,MEDQA,0.06577734649181366,0.006118245888501406,0.0053993333131074905,0.9080281853675842,0.01467690896242857,0,0.29043102264404297,False,"['PBMD', 'PBMD', 'PBMD', 'PBMD', 'TEXT']","[468502519163136243, 468502519163709990, 468502519163488485, 468502519163342296, 468502519162361719]","[0.7438060641288757, 0.7403868436813354, 0.7375005483627319, 0.738544762134552, 0.7408093214035034]"
251,MEDQA,0.0009046188206411898,0.9920349717140198,0.0013162125833332539,0.0016900504706427455,0.0040542203933000565,1,0.44836974143981934,False,"['STAT', 'TEXT', 'PBMD', 'STAT', 'PBMD']","[468502519162966600, 468502519162326017, 468502519163858066, 468502519162826490, 468502519163829071]","[0.7876477241516113, 0.7745077610015869, 0.7710363864898682, 0.7729283571243286, 0.790753185749054]"
252,MEDQA,0.45013317465782166,0.047443684190511703,0.10043828934431076,0.1289653182029724,0.27301958203315735,0,0.4622974395751953,False,"['PBMD', 'PBMD', 'PBMD', 'PBMD', 'PBMD']","[468502519163580273, 468502519163728975, 468502519163892682, 468502519163786461, 468502519163657067]","[0.7698898315429688, 0.7842684388160706, 0.7887306809425354, 0.774585485458374, 0.8005255460739136]"
253,MEDQA,0.41662853956222534,0.02663416974246502,0.020742712542414665,0.41662853956222534,0.11936607956886292,3,0.36579322814941406,False,"['TEXT', 'TEXT', 'STAT', 'PBMD', 'PBMD']","[468502519162308018, 468502519162306764, 468502519162816687, 468502519163528630, 468502519163611370]","[0.7895132899284363, 0.7729979157447815, 0.7760938405990601, 0.777456521987915, 0.7961491346359253]"
254,MEDQA,0.9998279809951782,0.00013981758092995733,1.6698828403605148e-05,2.5608480882510776e-06,1.3005060282011982e-05,0,0.35299253463745117,False,"['STAT', 'PBMD', 'PBMD', 'PBMD', 'PBMD']","[468502519162703874, 468502519163609192, 468502519163524516, 468502519163127498, 468502519163624837]","[0.7705701589584351, 0.7779169082641602, 0.7886489629745483, 0.8031980991363525, 0.7803439497947693]"
255,MEDQA,0.0002609220100566745,0.0005523719009943306,0.9987118244171143,0.00017932891205418855,0.00029566336888819933,2,0.36629486083984375,False,"['PBMD', 'PBMD', 'PBMD', 'PBMD', 'PBMD']","[468502519163897777, 468502519163599352, 468502519163613565, 468502519163661567, 468502519163703364]","[0.8227723240852356, 0.8055400848388672, 0.8189637660980225, 0.8183110952377319, 0.8084746599197388]"
256,MEDQA,0.006751304492354393,0.01619553752243519,0.3252960741519928,0.6077330708503723,0.044024039059877396,3,0.3144092559814453,False,"['PBMD', 'PBMD', 'PBMD', 'PBMD', 'PBMD']","[468502519163201847, 468502519163915658, 468502519163760032, 468502519163971219, 468502519163149328]","[0.7764483690261841, 0.7821066975593567, 0.7736665606498718, 0.775826096534729, 0.7723467350006104]"
257,MEDQA,0.004018859937787056,0.0035466316621750593,0.0005438935477286577,0.9833826422691345,0.00850792694836855,3,0.37001514434814453,False,"['TEXT', 'PBMD', 'PBMD', 'PBMD', 'PBMD']","[468502519162354834, 468502519163345188, 468502519163534200, 468502519163006562, 468502519163660252]","[0.8351868391036987, 0.8319897651672363, 0.8255576491355896, 0.8241350650787354, 0.8279505372047424]"
258,MEDQA,0.25486069917678833,0.19848571717739105,0.19848571717739105,0.02092023938894272,0.32724761962890625,4,0.42734289169311523,False,"['PBMD', 'PBMD', 'PBMD', 'PBMD', 'PBMD']","[468502519163883266, 468502519163961707, 468502519163719420, 468502519163254871, 468502519163538286]","[0.7846014499664307, 0.8196332454681396, 0.8243522644042969, 0.7832350134849548, 0.8002842664718628]"
259,MEDQA,0.00010874879080802202,5.13692939421162e-05,0.0001396362204104662,0.9985311031341553,0.0011691596591845155,3,0.4593849182128906,False,"['PBMD', 'STAT', 'TEXT', 'TEXT', 'PBMD']","[468502519163982883, 468502519162477636, 468502519162354581, 468502519162354583, 468502519163719158]","[0.806972861289978, 0.8014640808105469, 0.8053293228149414, 0.7945236563682556, 0.7945267558097839]"
260,MEDQA,0.15256686508655548,0.030042195692658424,0.7747984528541565,0.0265121441334486,0.016080427914857864,2,0.40302276611328125,False,"['TEXT', 'TEXT', 'PBMD', 'PBMD', 'TEXT']","[468502519162311473, 468502519162310228, 468502519163237534, 468502519163752894, 468502519162387135]","[0.7803938388824463, 0.7669321894645691, 0.7622438073158264, 0.7563403248786926, 0.7710905075073242]"
261,MEDQA,0.050019342452287674,0.018401088193058968,0.6093603372573853,0.28784143924713135,0.03437775745987892,2,0.3772616386413574,False,"['PBMD', 'STAT', 'PBMD', 'TEXT', 'PBMD']","[468502519163978855, 468502519162695097, 468502519163740590, 468502519162383450, 468502519163428069]","[0.7921452522277832, 0.781426191329956, 0.782698392868042, 0.7947874665260315, 0.7817574739456177]"
262,MEDQA,0.015606398694217205,0.009465758688747883,0.03303874284029007,0.0898086205124855,0.8520804643630981,4,0.4136483669281006,False,"['PBMD', 'PBMD', 'PBMD', 'PBMD', 'PBMD']","[468502519163372126, 468502519163651533, 468502519162992610, 468502519163939821, 468502519163811366]","[0.8132487535476685, 0.8054324388504028, 0.8171341419219971, 0.8253400921821594, 0.8113470077514648]"
263,MEDQA,0.08744657039642334,0.011834606528282166,0.39190834760665894,0.50322026014328,0.005590272136032581,2,0.34189271926879883,False,"['STAT', 'STAT', 'TEXT', 'PBMD', 'STAT']","[468502519162768933, 468502519162798724, 468502519162362222, 468502519163637919, 468502519162768935]","[0.7660384774208069, 0.7792012691497803, 0.7999639511108398, 0.7629963159561157, 0.7832632064819336]"
264,MEDQA,0.3672829866409302,0.08195191621780396,0.10522834211587906,0.2227683961391449,0.2227683961391449,0,0.5460543632507324,False,"['PBMD', 'PBMD', 'PBMD', 'PBMD', 'PBMD']","[468502519163112929, 468502519163321890, 468502519163163711, 468502519163443403, 468502519163741106]","[0.8130264282226562, 0.7904107570648193, 0.8102676868438721, 0.7898598313331604, 0.8046334981918335]"
265,MEDQA,0.018045593053102493,0.8694853782653809,0.033713605254888535,0.02317100018262863,0.05558433756232262,4,0.40546536445617676,False,"['PBMD', 'PBMD', 'PBMD', 'PBMD', 'PBMD']","[468502519163865214, 468502519163756401, 468502519163618968, 468502519163692965, 468502519163586130]","[0.8269528150558472, 0.7885068655014038, 0.7922776341438293, 0.7994167804718018, 0.7953066229820251]"
266,MEDQA,0.10838104039430618,0.3782869875431061,0.15769347548484802,0.2599925994873047,0.09564592689275742,1,0.42044568061828613,False,"['TEXT', 'TEXT', 'TEXT', 'PBMD', 'PBMD']","[468502519162400922, 468502519162329169, 468502519162329217, 468502519163994189, 468502519162995453]","[0.8084419965744019, 0.8191328048706055, 0.8353251814842224, 0.7969542145729065, 0.8057896494865417]"
267,MEDQA,0.029838750138878822,0.09190981835126877,0.6791267991065979,0.08111013472080231,0.11801454424858093,4,0.33197498321533203,False,"['PBMD', 'PBMD', 'PBMD', 'PBMD', 'PBMD']","[468502519163353298, 468502519163823014, 468502519163449308, 468502519163492664, 468502519163318398]","[0.7743837833404541, 0.7944444417953491, 0.7717037200927734, 0.8061038255691528, 0.7905724048614502]"
268,MEDQA,0.20176996290683746,0.08411023765802383,0.12237967550754547,0.332662433385849,0.2590777575969696,4,0.4848289489746094,False,"['STAT', 'STAT', 'TEXT', 'TEXT', 'STAT']","[468502519162926376, 468502519162935070, 468502519162328017, 468502519162360434, 468502519162777119]","[0.7875397801399231, 0.8055532574653625, 0.8108213543891907, 0.8279780745506287, 0.7890055179595947]"
269,MEDQA,0.12862789630889893,0.06884955614805222,0.12862789630889893,0.5087332129478455,0.16516149044036865,3,0.35964012145996094,False,"['PBMD', 'PBMD', 'PBMD', 'PBMD', 'PBMD']","[468502519163897150, 468502519163585925, 468502519163705993, 468502519163183684, 468502519163874596]","[0.7989526987075806, 0.809186577796936, 0.7965013384819031, 0.798861026763916, 0.8091838955879211]"
270,MEDQA,0.03970714658498764,0.016552401706576347,0.9037305116653442,0.018756328150629997,0.02125370502471924,2,0.4000062942504883,False,"['PBMD', 'PBMD', 'PBMD', 'PBMD', 'PBMD']","[468502519163469650, 468502519163841850, 468502519163579610, 468502519163190854, 468502519163218151]","[0.8046447038650513, 0.811187744140625, 0.8223448991775513, 0.8068195581436157, 0.8051060438156128]"
271,MEDQA,0.06554195284843445,0.045046281069517136,0.1387523114681244,0.5487760305404663,0.20188342034816742,1,0.542579174041748,False,"['PBMD', 'PBMD', 'PBMD', 'PBMD', 'PBMD']","[468502519163689853, 468502519163002550, 468502519163284108, 468502519163746265, 468502519163801501]","[0.8192675709724426, 0.8111749887466431, 0.8206906914710999, 0.8142901659011841, 0.8189518451690674]"
272,MEDQA,0.005181361921131611,0.0014844851102679968,0.9873928427696228,0.0019061166094616055,0.004035248886793852,2,0.28986096382141113,False,"['TEXT', 'STAT', 'STAT', 'PBMD', 'PBMD']","[468502519162324485, 468502519162733885, 468502519162733867, 468502519163032648, 468502519163439274]","[0.7848928570747375, 0.8024841547012329, 0.7900596857070923, 0.7878598570823669, 0.7887148261070251]"
273,MEDQA,0.0014201761223375797,0.002066344255581498,0.015268332324922085,0.944618284702301,0.03662682697176933,0,0.5231964588165283,False,"['PBMD', 'PBMD', 'PBMD', 'PBMD', 'PBMD']","[468502519163978855, 468502519163659496, 468502519163872852, 468502519163943332, 468502519163770117]","[0.7768074870109558, 0.7644662857055664, 0.7675062417984009, 0.7710044980049133, 0.7840533256530762]"
274,MEDQA,0.9897935390472412,0.00216516456566751,0.007557166740298271,0.00037624919787049294,0.00010779719741549343,0,0.31040382385253906,False,"['STAT', 'PBMD', 'PBMD', 'TEXT', 'PBMD']","[468502519162946130, 468502519163123299, 468502519163531251, 468502519162385560, 468502519163186963]","[0.7955468893051147, 0.7924169898033142, 0.7905799746513367, 0.7836694717407227, 0.7833403944969177]"
275,MEDQA,0.9494118094444275,0.004396648611873388,0.00930770579725504,0.028669752180576324,0.008214022032916546,0,0.5031061172485352,False,"['PBMD', 'PBMD', 'PBMD', 'PBMD', 'PBMD']","[468502519163774107, 468502519163458091, 468502519163435216, 468502519163607255, 468502519163758345]","[0.8010744452476501, 0.8007572293281555, 0.7977503538131714, 0.8067076802253723, 0.811020016670227]"
276,MEDQA,0.004853437189012766,0.0008434009505435824,0.010274726897478104,0.059126969426870346,0.9249014258384705,2,0.6031038761138916,False,"['PBMD', 'PBMD', 'PBMD', 'PBMD', 'PBMD']","[468502519163946984, 468502519163950070, 468502519163556989, 468502519163560544, 468502519163554282]","[0.8064382672309875, 0.802409827709198, 0.8037452697753906, 0.8058918714523315, 0.8064914345741272]"
277,MEDQA,0.0027840875554829836,0.0013151097809895873,0.0027840875554829836,0.8747342824935913,0.11838240921497345,3,0.3574225902557373,False,"['PBMD', 'PBMD', 'PBMD', 'STAT', 'PBMD']","[468502519163752129, 468502519163702647, 468502519163714406, 468502519162455152, 468502519163056929]","[0.8196188807487488, 0.8219283819198608, 0.8228611350059509, 0.8202651739120483, 0.8125861883163452]"
278,MEDQA,0.0006215242319740355,0.0006215242319740355,0.0011611600639298558,0.9916989803314209,0.005896857939660549,0,0.4961681365966797,False,"['TEXT', 'PBMD', 'STAT', 'TEXT', 'TEXT']","[468502519162328244, 468502519163274615, 468502519162464343, 468502519162392014, 468502519162391888]","[0.7728924751281738, 0.7719770669937134, 0.774472177028656, 0.7752500772476196, 0.7903378009796143]"
279,MEDQA,0.28915801644325256,0.09387586265802383,0.13658857345581055,0.2251964956521988,0.25518104434013367,1,0.42610788345336914,False,"['TEXT', 'TEXT', 'TEXT', 'TEXT', 'TEXT']","[468502519162329155, 468502519162395135, 468502519162391174, 468502519162390966, 468502519162419047]","[0.768105685710907, 0.7648114562034607, 0.762660801410675, 0.778343915939331, 0.7661623954772949]"
280,MEDQA,9.607414540369064e-05,0.9996097683906555,0.00020338897593319416,4.5382214011624455e-05,4.5382214011624455e-05,1,0.34781765937805176,False,"['PBMD', 'PBMD', 'PBMD', 'PBMD', 'PBMD']","[468502519163029435, 468502519163002167, 468502519163706311, 468502519163207751, 468502519163453603]","[0.7352005839347839, 0.7526211142539978, 0.7381278276443481, 0.732897937297821, 0.7344395518302917]"
281,MEDQA,0.00508668040856719,0.0027227038517594337,0.0027227038517594337,0.96934974193573,0.020118212327361107,3,0.36412787437438965,False,"['PBMD', 'TEXT', 'PBMD', 'TEXT', 'PBMD']","[468502519163598979, 468502519162329706, 468502519163749165, 468502519162385557, 468502519163321193]","[0.7900350689888, 0.7881436347961426, 0.7959728240966797, 0.7928504943847656, 0.8036529421806335]"
282,MEDQA,0.9916715025901794,0.0031562731601297855,0.002458107890561223,0.001024691853672266,0.001689431257545948,0,0.4500894546508789,False,"['PBMD', 'PBMD', 'PBMD', 'TEXT', 'PBMD']","[468502519163622636, 468502519163903864, 468502519163349206, 468502519162357299, 468502519163481551]","[0.7646266222000122, 0.761335015296936, 0.7591145038604736, 0.775468111038208, 0.7713199853897095]"
283,MEDQA,0.010358920320868492,0.9324803352355957,0.013301117345690727,0.02192983590066433,0.02192983590066433,0,0.44388866424560547,False,"['PBMD', 'PBMD', 'PBMD', 'PBMD', 'PBMD']","[468502519163344806, 468502519163782227, 468502519163992105, 468502519163736563, 468502519163227052]","[0.8093414306640625, 0.8066570162773132, 0.8063278198242188, 0.7899882197380066, 0.7955971956253052]"
284,MEDQA,0.247732013463974,0.07097641378641129,0.17026355862617493,0.19293388724327087,0.3180941939353943,1,0.5936875343322754,False,"['TEXT', 'PBMD', 'TEXT', 'PBMD', 'PBMD']","[468502519162391082, 468502519163881669, 468502519162391174, 468502519163691021, 468502519163774100]","[0.7914007902145386, 0.7821723222732544, 0.7743628025054932, 0.768850564956665, 0.8077271580696106]"
285,MEDQA,0.638325572013855,0.009105225093662739,0.001792925177142024,0.009105225093662739,0.34167107939720154,3,0.4621288776397705,False,"['PBMD', 'TEXT', 'PBMD', 'TEXT', 'STAT']","[468502519163800061, 468502519162416847, 468502519163080704, 468502519162416848, 468502519162440151]","[0.7779054641723633, 0.7955812811851501, 0.7767654061317444, 0.7715474963188171, 0.7903048992156982]"
286,MEDQA,0.0005524418666027486,2.142049743270036e-05,3.5316428693477064e-05,0.9988383650779724,0.0005524418666027486,3,0.3733537197113037,False,"['PBMD', 'PBMD', 'PBMD', 'PBMD', 'PBMD']","[468502519163842133, 468502519163864462, 468502519163687948, 468502519163694715, 468502519163873613]","[0.8273158669471741, 0.8117694854736328, 0.8168583512306213, 0.8129719495773315, 0.8080219030380249]"
287,MEDQA,0.10581623017787933,0.4742354154586792,0.2876383364200592,0.09338249266147614,0.03892761468887329,0,0.549191951751709,False,"['PBMD', 'PBMD', 'STAT', 'PBMD', 'PBMD']","[468502519163908248, 468502519163644517, 468502519162794833, 468502519163809346, 468502519163268921]","[0.7746354341506958, 0.7799171805381775, 0.7719684839248657, 0.8187788128852844, 0.7787783741950989]"
288,MEDQA,0.03383484110236168,0.8726120591163635,0.029859142377972603,0.029859142377972603,0.03383484110236168,1,0.37862610816955566,False,"['PBMD', 'TEXT', 'STAT', 'PBMD', 'PBMD']","[468502519163542672, 468502519162363036, 468502519162460992, 468502519163271729, 468502519163425547]","[0.8162339925765991, 0.8178970217704773, 0.7989903688430786, 0.8178777694702148, 0.8347429037094116]"
289,MEDQA,0.17357651889324188,0.03873015567660332,0.05635204166173935,0.5346533060073853,0.1966879665851593,3,0.4053165912628174,False,"['PBMD', 'TEXT', 'PBMD', 'PBMD', 'TEXT']","[468502519163960938, 468502519162381500, 468502519163845581, 468502519163053574, 468502519162381513]","[0.8161156177520752, 0.8226925730705261, 0.8052204847335815, 0.803816556930542, 0.8222890496253967]"
290,MEDQA,0.10003669559955597,0.08828207105398178,0.34916236996650696,0.11335642635822296,0.34916236996650696,1,0.5904357433319092,False,"['PBMD', 'PBMD', 'PBMD', 'PBMD', 'STAT']","[468502519163930660, 468502519163874211, 468502519163609335, 468502519163768780, 468502519162757859]","[0.7587924003601074, 0.7602325081825256, 0.7582733035087585, 0.7626538872718811, 0.7582579851150513]"
291,MEDQA,0.9436511993408203,0.0251474529504776,0.0063582719303667545,0.0026505219284445047,0.02219254896044731,0,0.44844579696655273,False,"['PBMD', 'PBMD', 'PBMD', 'PBMD', 'PBMD']","[468502519163768891, 468502519163977830, 468502519163538069, 468502519163939555, 468502519163677802]","[0.7733702659606934, 0.7755475044250488, 0.7965084910392761, 0.7842947244644165, 0.7742655277252197]"
292,MEDQA,0.6135735511779785,0.05707123130559921,0.018528316169977188,0.28983160853385925,0.020995331928133965,3,0.35334277153015137,False,"['PBMD', 'STAT', 'PBMD', 'TEXT', 'PBMD']","[468502519163611876, 468502519162779121, 468502519163538644, 468502519162411298, 468502519163186083]","[0.8171277046203613, 0.779201865196228, 0.7703561782836914, 0.7861945629119873, 0.7779996395111084]"
293,MEDQA,0.9978907704353333,0.0010311182122677565,0.0007086764671839774,0.00010867905075429007,0.00026070751482620835,0,0.45010805130004883,False,"['TEXT', 'PBMD', 'PBMD', 'PBMD', 'PBMD']","[468502519162391888, 468502519163532602, 468502519163700081, 468502519163760771, 468502519163617722]","[0.7838436961174011, 0.7728465795516968, 0.7682573795318604, 0.7578272819519043, 0.7583553194999695]"
294,MEDQA,0.9876253008842468,0.009682337753474712,0.002160421572625637,0.00037542497739195824,0.00015650040586479008,0,0.3527653217315674,False,"['PBMD', 'PBMD', 'PBMD', 'TEXT', 'PBMD']","[468502519163117505, 468502519163643662, 468502519163252341, 468502519162383038, 468502519163857372]","[0.786576509475708, 0.802682638168335, 0.7703591585159302, 0.7743402719497681, 0.7708010077476501]"
295,MEDQA,0.00799324456602335,0.9238934516906738,0.019174795597791672,0.002940550446510315,0.045997943729162216,1,0.39632153511047363,False,"['PBMD', 'PBMD', 'PBMD', 'PBMD', 'PBMD']","[468502519163938918, 468502519163869774, 468502519163561202, 468502519163286480, 468502519163247095]","[0.7847753763198853, 0.7916997671127319, 0.7768979668617249, 0.7899173498153687, 0.7901090383529663]"
296,MEDQA,0.7893978357315063,0.10683337599039078,0.044534776359796524,0.008769418112933636,0.05046451464295387,0,0.3545534610748291,False,"['PBMD', 'PBMD', 'PBMD', 'PBMD', 'PBMD']","[468502519163726611, 468502519163631126, 468502519163862612, 468502519163969418, 468502519163913497]","[0.7744970321655273, 0.7776477932929993, 0.804279625415802, 0.7834014892578125, 0.7689169645309448]"
297,MEDQA,0.3369913101196289,0.10940506309270859,0.0965496227145195,0.3818611800670624,0.07519292831420898,3,0.3863706588745117,False,"['PBMD', 'PBMD', 'PBMD', 'PBMD', 'STAT']","[468502519163194658, 468502519163768391, 468502519163698598, 468502519163285439, 468502519162863261]","[0.787717342376709, 0.7945151925086975, 0.7898774743080139, 0.7992938756942749, 0.7929686903953552]"
298,MEDQA,0.01696690358221531,0.0037858278956264257,0.035918932408094406,0.01696690358221531,0.9263615012168884,4,0.4180593490600586,False,"['STAT', 'PBMD', 'TEXT', 'PBMD', 'PBMD']","[468502519162812569, 468502519163733110, 468502519162365805, 468502519163870485, 468502519163412025]","[0.7556216716766357, 0.7603954076766968, 0.7617019414901733, 0.7913052439689636, 0.7673562169075012]"
299,MEDQA,0.07027312368154526,0.14876821637153625,0.2452773153781891,0.40439391136169434,0.13128748536109924,1,0.4355745315551758,False,"['PBMD', 'PBMD', 'PBMD', 'PBMD', 'PBMD']","[468502519163406579, 468502519163871405, 468502519163445444, 468502519163674652, 468502519163611135]","[0.8009898662567139, 0.779751718044281, 0.7711071968078613, 0.7642265558242798, 0.7674257755279541]"
300,MEDQA,0.23397696018218994,0.11052288860082626,0.2651306390762329,0.125238835811615,0.2651306390762329,3,0.3444089889526367,False,"['STAT', 'STAT', 'PBMD', 'STAT', 'PBMD']","[468502519162480195, 468502519162973048, 468502519163981605, 468502519162477455, 468502519163223832]","[0.7460189461708069, 0.7504231929779053, 0.7404521107673645, 0.7452846169471741, 0.7458363175392151]"
301,MEDQA,0.2369709461927414,0.5016674995422363,0.0466623492538929,0.005573022644966841,0.20912612974643707,3,0.30149340629577637,False,"['PBMD', 'PBMD', 'PBMD', 'PBMD', 'PBMD']","[468502519163859662, 468502519163385733, 468502519163079618, 468502519163564585, 468502519163797633]","[0.8010700941085815, 0.7840419411659241, 0.7835306525230408, 0.792576253414154, 0.7958769202232361]"
302,MEDQA,0.9992545247077942,0.0003352125349920243,0.00020331669657025486,2.7515921829035506e-05,0.0001794263516785577,0,0.280379056930542,False,"['PBMD', 'PBMD', 'STAT', 'PBMD', 'STAT']","[468502519163684676, 468502519163318225, 468502519162458840, 468502519163140271, 468502519162920096]","[0.7782421708106995, 0.7829384207725525, 0.7706713080406189, 0.7739031910896301, 0.7780745029449463]"
303,MEDQA,0.4037955701351166,0.07951205968856812,0.13109323382377625,0.02925085462629795,0.35634833574295044,3,0.7353568077087402,False,"['PBMD', 'PBMD', 'PBMD', 'PBMD', 'PBMD']","[468502519163738874, 468502519163790247, 468502519163210245, 468502519163960909, 468502519163938538]","[0.8048523664474487, 0.8079017400741577, 0.7981787323951721, 0.7896060943603516, 0.7913193702697754]"
304,MEDQA,0.7868430018424988,0.06458801031112671,0.05699871852993965,0.03457146883010864,0.05699871852993965,0,0.4385981559753418,False,"['PBMD', 'PBMD', 'PBMD', 'PBMD', 'PBMD']","[468502519163390499, 468502519163376006, 468502519163662521, 468502519163010132, 468502519163985634]","[0.8023921251296997, 0.7947295308113098, 0.8007397651672363, 0.7926773428916931, 0.786268949508667]"
305,MEDQA,0.14506348967552185,0.06852313876152039,0.09970057755708694,0.5737372040748596,0.11297555267810822,1,0.34348201751708984,False,"['TEXT', 'PBMD', 'PBMD', 'STAT', 'PBMD']","[468502519162357637, 468502519163321708, 468502519163267953, 468502519162857030, 468502519163288120]","[0.7509678602218628, 0.7488396763801575, 0.7354786396026611, 0.7330336570739746, 0.7300984859466553]"
306,MEDQA,0.09571853280067444,0.05805622413754463,0.5508221387863159,0.06578632444143295,0.22961682081222534,2,0.5454919338226318,False,"['PBMD', 'TEXT', 'PBMD', 'PBMD', 'PBMD']","[468502519163978855, 468502519162390647, 468502519163875495, 468502519163987515, 468502519163507907]","[0.7844323515892029, 0.777050793170929, 0.7892297506332397, 0.7832434177398682, 0.7835424542427063]"
307,MEDQA,0.07802051305770874,0.21208173036575317,0.04732183367013931,0.6532577276229858,0.009318220429122448,2,0.486983060836792,False,"['PBMD', 'PBMD', 'PBMD', 'PBMD', 'PBMD']","[468502519163735678, 468502519163281818, 468502519163701129, 468502519163171640, 468502519162993722]","[0.7605894207954407, 0.764037013053894, 0.7572853565216064, 0.7682948112487793, 0.8018317222595215]"
308,MEDQA,0.00048656651051715016,6.584961374755949e-05,0.9968679547309875,0.00010856766311917454,0.002470988780260086,2,0.5232386589050293,False,"['PBMD', 'PBMD', 'PBMD', 'PBMD', 'PBMD']","[468502519163997529, 468502519163942747, 468502519163530195, 468502519163574095, 468502519163548729]","[0.8199341297149658, 0.8158612251281738, 0.8287352919578552, 0.8245651721954346, 0.8115159869194031]"
309,MEDQA,0.940617561340332,0.010449317283928394,0.013417188078165054,0.010449317283928394,0.02506660856306553,3,0.4013645648956299,False,"['STAT', 'TEXT', 'STAT', 'TEXT', 'STAT']","[468502519162433702, 468502519162365319, 468502519162916252, 468502519162308040, 468502519162977095]","[0.7596742510795593, 0.7764443159103394, 0.7600389122962952, 0.7663419246673584, 0.7723441123962402]"
310,MEDQA,0.13659530878067017,0.7860517501831055,0.012705342844128609,0.00770617974922061,0.056941401213407516,1,0.39845800399780273,False,"['PBMD', 'PBMD', 'PBMD', 'PBMD', 'PBMD']","[468502519163545673, 468502519163868827, 468502519163665933, 468502519163746950, 468502519163682209]","[0.7859362959861755, 0.8324112296104431, 0.7963862419128418, 0.7899473905563354, 0.7872411012649536]"
311,MEDQA,0.014925786294043064,0.0033303932286798954,0.006221993826329708,0.9234257340431213,0.05209611356258392,3,0.4051330089569092,False,"['PBMD', 'PBMD', 'TEXT', 'PBMD', 'PBMD']","[468502519163798770, 468502519163250380, 468502519162306428, 468502519163474738, 468502519163831488]","[0.7934514284133911, 0.7772224545478821, 0.7772899270057678, 0.7963839769363403, 0.7930599451065063]"
312,MEDQA,0.09693025052547455,0.06661912053823471,0.3383198082447052,0.3383198082447052,0.15981096029281616,1,0.3213374614715576,False,"['PBMD', 'PBMD', 'TEXT', 'TEXT', 'STAT']","[468502519163962854, 468502519163295444, 468502519162347577, 468502519162345163, 468502519162475945]","[0.7779746055603027, 0.7684732675552368, 0.7736620903015137, 0.7696307897567749, 0.7703065872192383]"
313,MEDQA,0.12409422546625137,0.4331313967704773,0.15934014320373535,0.12409422546625137,0.15934014320373535,1,0.4840734004974365,False,"['PBMD', 'PBMD', 'PBMD', 'PBMD', 'PBMD']","[468502519163897008, 468502519163660638, 468502519163811176, 468502519163887593, 468502519163707510]","[0.7748462557792664, 0.7505124807357788, 0.7469550371170044, 0.7478679418563843, 0.7461015582084656]"
314,MEDQA,0.03863488510251045,0.1528039425611496,0.03008887730538845,0.0024698455817997456,0.7760024070739746,0,0.5684611797332764,False,"['PBMD', 'PBMD', 'PBMD', 'PBMD', 'PBMD']","[468502519163021397, 468502519163080842, 468502519163546920, 468502519163581745, 468502519163110334]","[0.786136269569397, 0.7596490383148193, 0.759503185749054, 0.7635006308555603, 0.7639567255973816]"
315,MEDQA,0.03170491009950638,0.7216004133224487,0.23426935076713562,0.009083609096705914,0.003341672709211707,1,0.40219950675964355,False,"['PBMD', 'PBMD', 'PBMD', 'PBMD', 'PBMD']","[468502519163888742, 468502519163542002, 468502519163838554, 468502519163130936, 468502519163658102]","[0.8187994956970215, 0.8233411908149719, 0.8158252239227295, 0.8198046684265137, 0.8119862675666809]"
316,MEDQA,0.06200466305017471,0.048289280384778976,0.7553714513778687,0.07961556315422058,0.054718926548957825,0,0.5796120166778564,False,"['PBMD', 'PBMD', 'PBMD', 'PBMD', 'TEXT']","[468502519163937364, 468502519163659273, 468502519163992846, 468502519163790042, 468502519162370387]","[0.7863770723342896, 0.7927676439285278, 0.7914920449256897, 0.7961282730102539, 0.7886220216751099]"
317,MEDQA,0.462700217962265,0.07095737755298615,0.19288215041160583,0.10324237495660782,0.17021790146827698,1,0.3615999221801758,False,"['PBMD', 'PBMD', 'PBMD', 'PBMD', 'PBMD']","[468502519163611878, 468502519163877080, 468502519163123714, 468502519163869413, 468502519163671554]","[0.7781904339790344, 0.7800810933113098, 0.7781131863594055, 0.7850044965744019, 0.7796699404716492]"
318,MEDQA,0.0019187339348718524,0.0014943114947527647,0.9939287900924683,0.0011637709103524685,0.0014943114947527647,2,0.4458436965942383,False,"['PBMD', 'PBMD', 'PBMD', 'PBMD', 'TEXT']","[468502519163732657, 468502519163864184, 468502519163658572, 468502519163978855, 468502519162370227]","[0.7683119177818298, 0.7561608552932739, 0.7532848119735718, 0.7609708905220032, 0.7638058066368103]"
319,MEDQA,0.7189996242523193,0.07578200101852417,0.16043050587177277,0.016909250989556313,0.027878640219569206,1,0.40241360664367676,False,"['PBMD', 'TEXT', 'PBMD', 'PBMD', 'PBMD']","[468502519163627391, 468502519162362240, 468502519163363944, 468502519163765778, 468502519162998698]","[0.7809979915618896, 0.7990607619285583, 0.8023757338523865, 0.7781065702438354, 0.7736502289772034]"
320,MEDQA,0.10918795317411423,0.23115089535713196,0.15886753797531128,0.29680362343788147,0.20398995280265808,3,0.3059501647949219,False,"['TEXT', 'PBMD', 'PBMD', 'STAT', 'TEXT']","[468502519162414135, 468502519163256132, 468502519163194632, 468502519162983972, 468502519162414328]","[0.7949403524398804, 0.784627377986908, 0.7843276262283325, 0.8220714330673218, 0.8004347681999207]"
321,MEDQA,0.13283920288085938,0.009622839279472828,0.012355970218777657,0.6746131181716919,0.17056891322135925,0,0.455552339553833,False,"['PBMD', 'PBMD', 'PBMD', 'PBMD', 'PBMD']","[468502519163188285, 468502519163153145, 468502519163994184, 468502519163970578, 468502519163957295]","[0.8059321045875549, 0.7894989252090454, 0.7832676768302917, 0.7938555479049683, 0.7848424315452576]"
322,MEDQA,0.004537982866168022,0.002752425614744425,0.010886053554713726,0.21865224838256836,0.7631713151931763,3,0.47704458236694336,False,"['TEXT', 'PBMD', 'PBMD', 'TEXT', 'PBMD']","[468502519162392811, 468502519163887593, 468502519163324516, 468502519162390647, 468502519163627457]","[0.8023480176925659, 0.7966305613517761, 0.787310779094696, 0.7840990424156189, 0.7787095308303833]"
323,MEDQA,0.13122189044952393,0.19092673063278198,0.2163483202457428,0.2163483202457428,0.24515476822853088,2,0.4816441535949707,False,"['PBMD', 'PBMD', 'TEXT', 'PBMD', 'PBMD']","[468502519163674585, 468502519163454707, 468502519162297132, 468502519163323528, 468502519163909215]","[0.8031063079833984, 0.7765114903450012, 0.7705719470977783, 0.7750541567802429, 0.771978497505188]"
324,MEDQA,0.5578720569610596,0.0754997730255127,0.10985152423381805,0.09694362431764603,0.15983302891254425,0,0.5441205501556396,False,"['PBMD', 'PBMD', 'PBMD', 'TEXT', 'STAT']","[468502519163390867, 468502519163310052, 468502519163294284, 468502519162415252, 468502519162915760]","[0.774003803730011, 0.7658241391181946, 0.7629922032356262, 0.770596981048584, 0.7656166553497314]"
325,MEDQA,0.0010292039951309562,0.0002026622969424352,0.9960383176803589,0.0005508931935764849,0.0021788249723613262,2,0.3493213653564453,False,"['PBMD', 'PBMD', 'STAT', 'PBMD', 'STAT']","[468502519163380621, 468502519163328263, 468502519162813958, 468502519163220493, 468502519162750860]","[0.8145490884780884, 0.8107092380523682, 0.8077675700187683, 0.8228588104248047, 0.802379310131073]"
326,MEDQA,0.008899741806089878,0.4859094023704529,0.011427493765950203,0.007853994145989418,0.4859094023704529,1,0.2842872142791748,False,"['STAT', 'STAT', 'STAT', 'STAT', 'STAT']","[468502519162473736, 468502519162948108, 468502519162948112, 468502519162776923, 468502519162817213]","[0.7550632357597351, 0.7554745674133301, 0.7600415349006653, 0.7642711997032166, 0.7560959458351135]"
327,MEDQA,0.08781736344099045,0.21066290140151978,0.06839223206043243,0.5053540468215942,0.12777350842952728,0,0.32448410987854004,False,"['TEXT', 'PBMD', 'PBMD', 'PBMD', 'PBMD']","[468502519162339565, 468502519163452726, 468502519163329719, 468502519163843804, 468502519163208651]","[0.7678231000900269, 0.7628511786460876, 0.7585203051567078, 0.7733820676803589, 0.7575036287307739]"
328,MEDQA,0.017201336100697517,0.02208695374429226,0.017201336100697517,0.00434917863458395,0.9391611218452454,1,0.3729667663574219,False,"['STAT', 'PBMD', 'PBMD', 'STAT', 'TEXT']","[468502519162757942, 468502519163351836, 468502519163772890, 468502519162848155, 468502519162370945]","[0.7965091466903687, 0.7990797758102417, 0.802855372428894, 0.7952489852905273, 0.7967312932014465]"
329,MEDQA,0.35885095596313477,0.2794733941555023,0.149591326713562,0.08007047325372696,0.13201388716697693,1,0.3828861713409424,False,"['STAT', 'TEXT', 'STAT', 'PBMD', 'STAT']","[468502519162852624, 468502519162391888, 468502519162852561, 468502519163662521, 468502519162876344]","[0.7547515630722046, 0.7552796602249146, 0.743771493434906, 0.745517373085022, 0.7408035397529602]"
330,MEDQA,0.11578276008367538,0.03758915886282921,0.5879933834075928,0.0901717096567154,0.16846293210983276,2,0.3050265312194824,False,"['PBMD', 'PBMD', 'PBMD', 'PBMD', 'PBMD']","[468502519163285590, 468502519163432346, 468502519163471149, 468502519163389279, 468502519163235970]","[0.7851728796958923, 0.7887646555900574, 0.7904636859893799, 0.7913269996643066, 0.7845566868782043]"
331,MEDQA,0.005686075426638126,0.9562508463859558,0.007301065139472485,0.02248886413872242,0.008273190818727016,1,0.42433714866638184,False,"['PBMD', 'PBMD', 'PBMD', 'PBMD', 'PBMD']","[468502519163685571, 468502519163880065, 468502519163779531, 468502519163264359, 468502519163459954]","[0.7822788953781128, 0.7828595638275146, 0.795397162437439, 0.788419783115387, 0.7943731546401978]"
332,MEDQA,0.6686714291572571,0.0704774484038353,0.09049483388662338,0.09049483388662338,0.07986141741275787,3,0.6048166751861572,False,"['PBMD', 'PBMD', 'PBMD', 'PBMD', 'PBMD']","[468502519163355850, 468502519163269390, 468502519163355851, 468502519163465074, 468502519163571992]","[0.8557909727096558, 0.852525532245636, 0.840712308883667, 0.8501298427581787, 0.8357685208320618]"
333,MEDQA,0.04579877108335495,0.006198190152645111,0.019091768190264702,0.009018313139677048,0.9198929667472839,4,0.41657090187072754,False,"['TEXT', 'PBMD', 'STAT', 'PBMD', 'TEXT']","[468502519162407009, 468502519163111999, 468502519162695125, 468502519163453921, 468502519162365319]","[0.7805891036987305, 0.7820357084274292, 0.7753087282180786, 0.7679077386856079, 0.7710608243942261]"
334,MEDQA,0.007417601067572832,0.9715140461921692,0.010792545974254608,0.005776833742856979,0.004499002359807491,1,0.28253173828125,False,"['STAT', 'STAT', 'STAT', 'STAT', 'PBMD']","[468502519162889568, 468502519162707632, 468502519162878207, 468502519162877471, 468502519163668088]","[0.7740815281867981, 0.7775187492370605, 0.7874826788902283, 0.7850115895271301, 0.7701166272163391]"
335,MEDQA,7.474367157556117e-05,0.9985550045967102,0.0007091481820680201,0.0001087513956008479,0.0005522851715795696,1,0.3105602264404297,False,"['STAT', 'STAT', 'PBMD', 'PBMD', 'PBMD']","[468502519162803944, 468502519162808005, 468502519163400463, 468502519163343113, 468502519163299409]","[0.7892336845397949, 0.7709658741950989, 0.7614765167236328, 0.7889253497123718, 0.781040370464325]"
336,MEDQA,0.22105515003204346,0.32163333892822266,0.09214949607849121,0.08132164180278778,0.2838404178619385,0,0.47342705726623535,False,"['STAT', 'PBMD', 'PBMD', 'PBMD', 'PBMD']","[468502519162894368, 468502519163611320, 468502519163628941, 468502519163555438, 468502519163543292]","[0.7840633988380432, 0.7915199398994446, 0.783750057220459, 0.7832626104354858, 0.8061559200286865]"
337,MEDQA,0.29128527641296387,0.05735747143626213,0.12142576277256012,0.3740176856517792,0.15591377019882202,2,0.48894667625427246,False,"['PBMD', 'PBMD', 'PBMD', 'PBMD', 'PBMD']","[468502519163393367, 468502519163231523, 468502519163777726, 468502519163530815, 468502519163964818]","[0.8210451602935791, 0.7986539602279663, 0.8081528544425964, 0.804925799369812, 0.8015766739845276]"
338,MEDQA,0.07641851156949997,0.040903881192207336,0.6398443579673767,0.05951479822397232,0.18331848084926605,0,0.4180335998535156,False,"['TEXT', 'STAT', 'PBMD', 'TEXT', 'TEXT']","[468502519162329132, 468502519162765390, 468502519163835520, 468502519162360870, 468502519162390845]","[0.7829152345657349, 0.7582426071166992, 0.7599652409553528, 0.7627739310264587, 0.7638826966285706]"
339,MEDQA,0.9927682876586914,0.003159763989970088,0.0007989134173840284,0.00048456547665409744,0.002788481768220663,0,0.4532597064971924,False,"['PBMD', 'PBMD', 'PBMD', 'PBMD', 'PBMD']","[468502519163703083, 468502519163627598, 468502519163819149, 468502519163820878, 468502519163111186]","[0.7274203896522522, 0.7596773505210876, 0.7420875430107117, 0.7369653582572937, 0.7178429961204529]"
340,MEDQA,0.34098613262176514,0.1254417896270752,0.1254417896270752,0.06714414805173874,0.34098613262176514,4,0.42866039276123047,False,"['STAT', 'TEXT', 'PBMD', 'PBMD', 'TEXT']","[468502519162779180, 468502519162361685, 468502519163640297, 468502519163149002, 468502519162364587]","[0.7642938494682312, 0.7693803310394287, 0.7687265872955322, 0.7819547653198242, 0.7720803022384644]"
341,MEDQA,0.024807030335068703,0.01171801146119833,0.9308769702911377,0.01327824592590332,0.01931973546743393,2,0.36498045921325684,False,"['PBMD', 'STAT', 'TEXT', 'PBMD', 'STAT']","[468502519163752096, 468502519162432127, 468502519162295163, 468502519163671058, 468502519162420198]","[0.7732781171798706, 0.7963730692863464, 0.7784116864204407, 0.7661962509155273, 0.7660500407218933]"
342,MEDQA,0.00015406669990625232,0.0007824152708053589,0.0008865926647558808,0.9722669124603271,0.025910034775733948,3,0.5314474105834961,False,"['PBMD', 'PBMD', 'PBMD', 'PBMD', 'PBMD']","[468502519163542321, 468502519163684025, 468502519163876844, 468502519163576841, 468502519163862176]","[0.7666993141174316, 0.7709922194480896, 0.7722878456115723, 0.776242733001709, 0.7905737161636353]"
343,MEDQA,0.012207905761897564,0.9697940349578857,0.0057666064240038395,0.0027239518240094185,0.009507525712251663,1,0.34613585472106934,False,"['TEXT', 'STAT', 'PBMD', 'PBMD', 'TEXT']","[468502519162310597, 468502519162755965, 468502519163941668, 468502519163766610, 468502519162295184]","[0.8021520972251892, 0.79864501953125, 0.7940616011619568, 0.7929823398590088, 0.7877732515335083]"
344,MEDQA,0.016097543761134148,0.02066965587437153,0.02066965587437153,0.8788961172103882,0.06366702169179916,0,0.40268921852111816,False,"['PBMD', 'PBMD', 'PBMD', 'TEXT', 'PBMD']","[468502519163472326, 468502519163535018, 468502519163386393, 468502519162366917, 468502519163758715]","[0.8012660145759583, 0.8441650867462158, 0.7851247191429138, 0.7909786701202393, 0.7894058227539062]"
345,MEDQA,0.308942973613739,0.02237975411117077,0.654032289981842,0.008233051747083664,0.00641190679743886,2,0.4210848808288574,False,"['PBMD', 'PBMD', 'PBMD', 'PBMD', 'PBMD']","[468502519163997730, 468502519163338488, 468502519163576873, 468502519163169781, 468502519163579818]","[0.7581506967544556, 0.7671717405319214, 0.7589516043663025, 0.7600667476654053, 0.7601664066314697]"
346,MEDQA,0.36642447113990784,0.020672254264354706,0.47049832344055176,0.0076048970222473145,0.1348000317811966,2,0.3272552490234375,False,"['PBMD', 'PBMD', 'PBMD', 'PBMD', 'PBMD']","[468502519163507855, 468502519163260462, 468502519163300116, 468502519163606688, 468502519163706845]","[0.750023603439331, 0.7238580584526062, 0.7234450578689575, 0.755805492401123, 0.7254647612571716]"
347,MEDQA,0.9068407416343689,0.010074090212583542,0.016609368845820427,0.021326851099729538,0.04514893889427185,0,0.6120281219482422,False,"['PBMD', 'PBMD', 'PBMD', 'PBMD', 'PBMD']","[468502519163693001, 468502519163106930, 468502519163326605, 468502519163959022, 468502519163822531]","[0.828821063041687, 0.8151440024375916, 0.8189152479171753, 0.822744607925415, 0.8154727816581726]"
348,MEDQA,0.43452146649360657,0.07550851255655289,0.29864194989204407,0.15985152125358582,0.03147663176059723,3,0.3749582767486572,False,"['PBMD', 'PBMD', 'PBMD', 'PBMD', 'PBMD']","[468502519163994508, 468502519163405278, 468502519163008161, 468502519163751429, 468502519163719036]","[0.8109559416770935, 0.7627517580986023, 0.7825126647949219, 0.764317512512207, 0.7724254131317139]"
349,MEDQA,0.16169790923595428,0.16169790923595428,0.43954047560691833,0.11113323271274567,0.12593045830726624,2,0.5262191295623779,False,"['PBMD', 'PBMD', 'PBMD', 'TEXT', 'PBMD']","[468502519163472531, 468502519163984607, 468502519163387902, 468502519162313618, 468502519163790247]","[0.8183940052986145, 0.7948999404907227, 0.7950630784034729, 0.80299973487854, 0.7949298620223999]"
350,MEDQA,0.03744199872016907,0.015608147718012333,0.06173142045736313,0.03304244577884674,0.8521759510040283,2,0.4562373161315918,False,"['TEXT', 'TEXT', 'PBMD', 'STAT', 'PBMD']","[468502519162328136, 468502519162328130, 468502519163249794, 468502519162458179, 468502519163479309]","[0.7903698682785034, 0.7904011011123657, 0.7923434972763062, 0.7923559546470642, 0.7813323736190796]"
351,MEDQA,0.803033709526062,0.13954633474349976,0.024249516427516937,0.008920898661017418,0.024249516427516937,0,0.5005552768707275,False,"['PBMD', 'PBMD', 'PBMD', 'PBMD', 'PBMD']","[468502519163581045, 468502519163266065, 468502519163672656, 468502519163020438, 468502519163827118]","[0.7672987580299377, 0.7634785771369934, 0.7625787854194641, 0.7614749670028687, 0.7589542269706726]"
352,MEDQA,0.06769903749227524,0.14331887662410736,0.05974419787526131,0.08692728728055954,0.642310619354248,0,0.5065498352050781,False,"['PBMD', 'PBMD', 'PBMD', 'PBMD', 'PBMD']","[468502519162996624, 468502519163576079, 468502519163644425, 468502519163974823, 468502519162997835]","[0.8091098666191101, 0.8260283470153809, 0.795893669128418, 0.8074572086334229, 0.8024388551712036]"
353,MEDQA,0.01800599880516529,0.21935796737670898,0.04894537851214409,0.5962767601013184,0.11741385608911514,1,0.587090253829956,False,"['PBMD', 'PBMD', 'PBMD', 'PBMD', 'TEXT']","[468502519163790247, 468502519163525556, 468502519163894810, 468502519163643875, 468502519162396912]","[0.7795463800430298, 0.7685195207595825, 0.775978147983551, 0.7876600623130798, 0.7792407870292664]"
354,MEDQA,0.001009313971735537,0.0024212184362113476,0.003991913981735706,0.9767891764640808,0.015788326039910316,3,0.401780366897583,False,"['TEXT', 'TEXT', 'TEXT', 'PBMD', 'PBMD']","[468502519162388340, 468502519162348164, 468502519162396711, 468502519163678510, 468502519163609036]","[0.7849208116531372, 0.7828450202941895, 0.7836176753044128, 0.7994022965431213, 0.7829355597496033]"
355,MEDQA,0.9243822693824768,0.002291314769536257,0.01163625530898571,0.002596399514004588,0.05909378081560135,0,0.37281012535095215,False,"['STAT', 'TEXT', 'PBMD', 'PBMD', 'PBMD']","[468502519162464137, 468502519162371656, 468502519163809856, 468502519163787135, 468502519163781115]","[0.8174250721931458, 0.8017750382423401, 0.8003348112106323, 0.8139469623565674, 0.8003776669502258]"
356,MEDQA,0.3013073205947876,0.06723075360059738,0.1827521175146103,0.4383995532989502,0.01031016930937767,0,0.44738173484802246,False,"['TEXT', 'TEXT', 'PBMD', 'PBMD', 'PBMD']","[468502519162404671, 468502519162370163, 468502519163500576, 468502519163660267, 468502519163704230]","[0.766365647315979, 0.7596107125282288, 0.7872441411018372, 0.7543625831604004, 0.7722330093383789]"
357,MEDQA,0.19290444254875183,0.31804564595222473,0.247694194316864,0.091121606528759,0.15023411810398102,4,0.274489164352417,False,"['STAT', 'STAT', 'PBMD', 'TEXT', 'STAT']","[468502519162427272, 468502519162876928, 468502519163738233, 468502519162361056, 468502519162847434]","[0.7515234351158142, 0.7636113166809082, 0.7611511945724487, 0.7761843204498291, 0.7541279792785645]"
358,MEDQA,0.007891985587775707,0.031213408336043358,0.003289869287982583,0.9121895432472229,0.0454152412712574,1,0.3068556785583496,False,"['STAT', 'STAT', 'STAT', 'STAT', 'TEXT']","[468502519162804451, 468502519162808461, 468502519162829215, 468502519162969467, 468502519162351812]","[0.7977997064590454, 0.8058066964149475, 0.7982826232910156, 0.8009495735168457, 0.7891139388084412]"
359,MEDQA,7.473867299268022e-05,2.7494823370943777e-05,8.469002204947174e-05,0.9984883069992065,0.0013247746974229813,3,0.2932243347167969,False,"['PBMD', 'PBMD', 'STAT', 'PBMD', 'PBMD']","[468502519163155968, 468502519163542002, 468502519162787604, 468502519163385288, 468502519163764418]","[0.8122079372406006, 0.7859808206558228, 0.7980480790138245, 0.7849776744842529, 0.78611159324646]"
360,MEDQA,0.13904257118701935,0.06567905843257904,0.3779568672180176,0.25976571440696716,0.15755586326122284,0,0.40683484077453613,False,"['PBMD', 'TEXT', 'TEXT', 'PBMD', 'PBMD']","[468502519163922894, 468502519162369761, 468502519162367120, 468502519163864681, 468502519163823549]","[0.7914140224456787, 0.7811701893806458, 0.7827826738357544, 0.7888205647468567, 0.7768480777740479]"
361,MEDQA,0.09661731123924255,0.00898680929094553,0.8089668154716492,0.06640403717756271,0.019025076180696487,0,0.4327857494354248,False,"['PBMD', 'TEXT', 'PBMD', 'PBMD', 'TEXT']","[468502519163701341, 468502519162394177, 468502519163691349, 468502519163670902, 468502519162378763]","[0.771997332572937, 0.7785474061965942, 0.7827589511871338, 0.7736022472381592, 0.7699008584022522]"
362,MEDQA,0.6179634928703308,0.10738595575094223,0.08363226056098938,0.10738595575094223,0.08363226056098938,3,0.4044966697692871,False,"['PBMD', 'STAT', 'PBMD', 'PBMD', 'PBMD']","[468502519163345715, 468502519162749091, 468502519163883950, 468502519163620376, 468502519163283193]","[0.7900055646896362, 0.7521505355834961, 0.7544751167297363, 0.7513128519058228, 0.7559592723846436]"
363,MEDQA,0.003153047990053892,0.0007035400485619903,0.0019124201498925686,0.990658164024353,0.003572871210053563,3,0.3642609119415283,False,"['PBMD', 'PBMD', 'PBMD', 'PBMD', 'PBMD']","[468502519163478318, 468502519163922953, 468502519163905434, 468502519163730109, 468502519163693502]","[0.8091540336608887, 0.8068810105323792, 0.8098798990249634, 0.8148409128189087, 0.8113450407981873]"
364,MEDQA,0.06209352985024452,0.005775597877800465,0.05479734390974045,0.020158817991614342,0.8571746945381165,0,0.39470720291137695,False,"['PBMD', 'PBMD', 'PBMD', 'PBMD', 'STAT']","[468502519163876745, 468502519163583152, 468502519163937166, 468502519163809214, 468502519162802182]","[0.7683150768280029, 0.7582879066467285, 0.7672243118286133, 0.7713282108306885, 0.7547687292098999]"
365,MEDQA,0.3726941645145416,0.03928167372941971,0.03928167372941971,0.3726941645145416,0.17604824900627136,3,0.5967922210693359,False,"['PBMD', 'PBMD', 'PBMD', 'PBMD', 'PBMD']","[468502519163796711, 468502519163530195, 468502519163997529, 468502519163931999, 468502519163559823]","[0.8073728084564209, 0.7986948490142822, 0.791507363319397, 0.808955192565918, 0.79433673620224]"
366,MEDQA,0.8937549591064453,0.016369692981243134,0.016369692981243134,0.016369692981243134,0.057135842740535736,0,0.46944165229797363,False,"['PBMD', 'PBMD', 'PBMD', 'PBMD', 'PBMD']","[468502519163751292, 468502519163678703, 468502519163864178, 468502519163869850, 468502519163885309]","[0.7929927706718445, 0.7951064109802246, 0.7996926307678223, 0.7910634875297546, 0.8030858039855957]"
367,MEDQA,0.19092673063278198,0.2163483202457428,0.2163483202457428,0.13122189044952393,0.24515476822853088,3,0.5361490249633789,False,"['PBMD', 'PBMD', 'PBMD', 'PBMD', 'PBMD']","[468502519163963116, 468502519163774636, 468502519163418609, 468502519163519010, 468502519163361246]","[0.8231934309005737, 0.8386768102645874, 0.8176222443580627, 0.831139326095581, 0.8187092542648315]"
368,MEDQA,7.395887223538011e-05,0.00017741812916938215,0.0007017022580839694,0.9880703687667847,0.010976470075547695,3,0.3303349018096924,False,"['TEXT', 'PBMD', 'TEXT', 'PBMD', 'PBMD']","[468502519162311129, 468502519163903565, 468502519162336292, 468502519163910644, 468502519163157170]","[0.8131078481674194, 0.8085508346557617, 0.8110958337783813, 0.819955587387085, 0.8258296251296997]"
369,MEDQA,0.0022747230250388384,0.0020074360072612762,0.011551996693015099,0.06647714972496033,0.9176887273788452,4,0.24871420860290527,False,"['TEXT', 'STAT', 'STAT', 'STAT', 'PBMD']","[468502519162296789, 468502519162468738, 468502519162854803, 468502519162782718, 468502519163394887]","[0.7829794883728027, 0.7678033709526062, 0.7657908797264099, 0.7618115544319153, 0.7663052678108215]"
370,MEDQA,0.0014974124496802688,0.0008015071507543325,0.0009082265896722674,0.0008015071507543325,0.9959914088249207,4,0.5675396919250488,False,"['PBMD', 'PBMD', 'PBMD', 'PBMD', 'PBMD']","[468502519163021397, 468502519163714107, 468502519163055914, 468502519163458231, 468502519163800604]","[0.7994846105575562, 0.7902273535728455, 0.7914259433746338, 0.797371506690979, 0.7900848984718323]"
371,MEDQA,0.7340527772903442,0.05317460745573044,0.09934324026107788,0.06025472283363342,0.05317460745573044,0,0.5818991661071777,False,"['PBMD', 'TEXT', 'PBMD', 'PBMD', 'PBMD']","[468502519163896621, 468502519162334268, 468502519163860923, 468502519163899266, 468502519163698348]","[0.7877702713012695, 0.8195399641990662, 0.7862831950187683, 0.7919492721557617, 0.7913938760757446]"
372,MEDQA,0.030456194654107094,0.009887678548693657,0.012696030549705029,0.05689966306090355,0.8900604844093323,4,0.3740811347961426,False,"['TEXT', 'PBMD', 'TEXT', 'STAT', 'TEXT']","[468502519162327191, 468502519163146026, 468502519162395450, 468502519162940714, 468502519162327160]","[0.7972915172576904, 0.7907991409301758, 0.8311918377876282, 0.7819685935974121, 0.7787990570068359]"
373,MEDQA,0.3495842516422272,0.02532379887998104,0.18711897730827332,0.08838874101638794,0.3495842516422272,4,0.3776538372039795,False,"['PBMD', 'STAT', 'PBMD', 'PBMD', 'PBMD']","[468502519163798448, 468502519162470001, 468502519163798988, 468502519163625897, 468502519163480655]","[0.7594482898712158, 0.7530713081359863, 0.7597877979278564, 0.7545105218887329, 0.7588738799095154]"
374,MEDQA,0.0018938295543193817,0.00032909822766669095,0.002755505498498678,0.9810279607772827,0.013993611559271812,3,0.5218386650085449,False,"['TEXT', 'PBMD', 'PBMD', 'TEXT', 'PBMD']","[468502519162394786, 468502519163779848, 468502519163640412, 468502519162395135, 468502519163686279]","[0.7826293706893921, 0.7799532413482666, 0.7921285629272461, 0.7930166721343994, 0.7772812843322754]"
375,MEDQA,0.11736001819372177,0.6753602623939514,0.05543694645166397,0.08066028356552124,0.07118244469165802,1,0.4331519603729248,False,"['PBMD', 'PBMD', 'PBMD', 'PBMD', 'PBMD']","[468502519163970587, 468502519163731542, 468502519163976332, 468502519163904690, 468502519163843558]","[0.7718374729156494, 0.7517272233963013, 0.7480942010879517, 0.7519670724868774, 0.7571647763252258]"
376,MEDQA,0.051530905067920685,0.3360236883163452,0.29653987288475037,0.08496009558439255,0.23094548285007477,3,0.5271224975585938,False,"['PBMD', 'PBMD', 'PBMD', 'PBMD', 'PBMD']","[468502519163992315, 468502519163665120, 468502519163623149, 468502519163822956, 468502519163625586]","[0.7818722724914551, 0.7759467363357544, 0.7750384211540222, 0.7714964151382446, 0.7726982235908508]"
377,MEDQA,0.05928671360015869,0.01924757845699787,0.4380728602409363,0.3411714732646942,0.14222143590450287,4,0.5715453624725342,False,"['PBMD', 'PBMD', 'PBMD', 'PBMD', 'PBMD']","[468502519163813741, 468502519163764004, 468502519163548036, 468502519163748660, 468502519163563424]","[0.7884618639945984, 0.787652313709259, 0.7859126925468445, 0.8073548078536987, 0.7909005284309387]"
378,MEDQA,0.09842801839113235,0.04649410396814346,0.6418312788009644,0.08686241507530212,0.12638407945632935,0,0.5520439147949219,False,"['PBMD', 'PBMD', 'PBMD', 'PBMD', 'PBMD']","[468502519163057697, 468502519163738492, 468502519163996355, 468502519163733307, 468502519163733357]","[0.7876696586608887, 0.7906811833381653, 0.7875989675521851, 0.7937405109405518, 0.786248505115509]"
379,MEDQA,0.13550341129302979,0.11958134174346924,0.15354548394680023,0.41737988591194153,0.17398981750011444,3,0.49593329429626465,False,"['TEXT', 'TEXT', 'TEXT', 'TEXT', 'TEXT']","[468502519162391082, 468502519162294486, 468502519162412554, 468502519162391174, 468502519162325687]","[0.8112655878067017, 0.7808454036712646, 0.7848549485206604, 0.7976000308990479, 0.7808948159217834]"
380,MEDQA,0.10248569399118423,0.054856639355421066,0.24585041403770447,0.1914684772491455,0.4053387939929962,1,0.7341177463531494,False,"['PBMD', 'TEXT', 'PBMD', 'PBMD', 'PBMD']","[468502519163888661, 468502519162391082, 468502519163865485, 468502519163712863, 468502519163331379]","[0.793612003326416, 0.7852165699005127, 0.7937303781509399, 0.7942501306533813, 0.7879217863082886]"
381,MEDQA,0.20056529343128204,0.07378384470939636,0.07378384470939636,0.22727026045322418,0.42459672689437866,2,0.7330186367034912,False,"['PBMD', 'PBMD', 'PBMD', 'PBMD', 'PBMD']","[468502519163997531, 468502519163795471, 468502519163051565, 468502519163649019, 468502519163077735]","[0.7870078682899475, 0.7774456143379211, 0.7825016975402832, 0.7808538675308228, 0.7892127633094788]"
382,MEDQA,0.13548484444618225,0.08217570930719376,0.13548484444618225,0.17396599054336548,0.4728885591030121,2,0.5529868602752686,False,"['PBMD', 'PBMD', 'STAT', 'TEXT', 'TEXT']","[468502519163937364, 468502519163790042, 468502519162808820, 468502519162370387, 468502519162309834]","[0.7791023254394531, 0.7848975658416748, 0.7890406847000122, 0.7791751623153687, 0.7866685390472412]"
383,MEDQA,0.7987537980079651,0.021286066621541977,0.01657760515809059,0.006098560523241758,0.1572839468717575,0,0.39406657218933105,False,"['PBMD', 'PBMD', 'PBMD', 'PBMD', 'PBMD']","[468502519163772264, 468502519163623149, 468502519163741282, 468502519163016853, 468502519163718613]","[0.7747698426246643, 0.7786244750022888, 0.7736891508102417, 0.7714076042175293, 0.7873851656913757]"
384,MEDQA,0.14071263372898102,0.23199591040611267,0.0853465273976326,0.1594482958316803,0.38249659538269043,4,0.5189170837402344,False,"['PBMD', 'PBMD', 'PBMD', 'PBMD', 'PBMD']","[468502519163524070, 468502519163651642, 468502519163440416, 468502519163177229, 468502519163570559]","[0.7945632338523865, 0.808506429195404, 0.7900499105453491, 0.7849540114402771, 0.790374219417572]"
385,MEDQA,0.06294851005077362,0.0031340215355157852,0.049024343490600586,0.015915874391794205,0.8689773082733154,4,0.4431326389312744,False,"['PBMD', 'PBMD', 'PBMD', 'PBMD', 'PBMD']","[468502519163603463, 468502519163799004, 468502519163716122, 468502519163557131, 468502519163808686]","[0.8083809614181519, 0.8364063501358032, 0.815079927444458, 0.8070250153541565, 0.814877986907959]"
386,MEDQA,0.7026192545890808,0.06535377353429794,0.08391590416431427,0.07405552268028259,0.07405552268028259,3,0.3258976936340332,False,"['TEXT', 'STAT', 'STAT', 'PBMD', 'STAT']","[468502519162310288, 468502519162922302, 468502519162709727, 468502519163780001, 468502519162733948]","[0.7988157272338867, 0.8006576299667358, 0.777985692024231, 0.7820302248001099, 0.7761666774749756]"
387,MEDQA,0.0005522110150195658,0.9984209537506104,0.000334932905388996,0.00013962082448415458,0.0005522110150195658,1,0.46425580978393555,False,"['PBMD', 'PBMD', 'PBMD', 'PBMD', 'PBMD']","[468502519163341606, 468502519163691197, 468502519163387743, 468502519163596829, 468502519163992315]","[0.7766717076301575, 0.7774714231491089, 0.7755473852157593, 0.7830576300621033, 0.7856651544570923]"
388,MEDQA,0.0035574298817664385,0.002444983460009098,0.9863767027854919,0.005176030099391937,0.002444983460009098,2,0.533320426940918,False,"['PBMD', 'PBMD', 'PBMD', 'PBMD', 'PBMD']","[468502519163742127, 468502519163644224, 468502519163945763, 468502519163985774, 468502519163756747]","[0.8163530230522156, 0.8332530856132507, 0.7998690009117126, 0.8038197159767151, 0.801628589630127]"
389,MEDQA,0.013695215806365013,0.007330520078539848,0.1890566200017929,0.7477334141731262,0.04218423366546631,3,0.29076313972473145,False,"['TEXT', 'TEXT', 'STAT', 'STAT', 'STAT']","[468502519162407025, 468502519162306611, 468502519162476918, 468502519162476915, 468502519162834632]","[0.7765167355537415, 0.782272219657898, 0.7787349224090576, 0.7860990166664124, 0.7775787115097046]"
390,MEDQA,0.00511915935203433,0.003986805211752653,0.010837259702384472,0.004517642315477133,0.9755390882492065,0,0.47757792472839355,False,"['PBMD', 'PBMD', 'PBMD', 'PBMD', 'PBMD']","[468502519163961437, 468502519163573467, 468502519163793205, 468502519163541294, 468502519163733085]","[0.7848798632621765, 0.7618419528007507, 0.7457718849182129, 0.7665457129478455, 0.755577802658081]"
391,MEDQA,0.017291132360696793,0.8331333994865417,0.02515844814479351,0.03660532832145691,0.08781161159276962,1,0.25173020362854004,False,"['STAT', 'STAT', 'STAT', 'STAT', 'TEXT']","[468502519162811895, 468502519162733594, 468502519162489985, 468502519162490573, 468502519162343628]","[0.7728148102760315, 0.7902646064758301, 0.7715970277786255, 0.7832692861557007, 0.7736799716949463]"
392,MEDQA,0.0021757292561233044,0.0008004060364328325,0.994623064994812,0.0007063558441586792,0.0016944595845416188,2,0.5501668453216553,False,"['PBMD', 'PBMD', 'PBMD', 'PBMD', 'PBMD']","[468502519163571985, 468502519163980822, 468502519163355701, 468502519163180857, 468502519163268921]","[0.8200240135192871, 0.8119471669197083, 0.8015812039375305, 0.8083558082580566, 0.8004933595657349]"
393,MEDQA,0.5350820422172546,0.04977038502693176,0.03420665115118027,0.32454365491867065,0.05639722943305969,0,0.3825948238372803,False,"['STAT', 'STAT', 'STAT', 'TEXT', 'TEXT']","[468502519162923023, 468502519162923006, 468502519162923020, 468502519162416997, 468502519162417172]","[0.7771734595298767, 0.7974369525909424, 0.7750098705291748, 0.7713140249252319, 0.7643028497695923]"
394,MEDQA,0.27008533477783203,0.07738073915243149,0.06026418134570122,0.5045858025550842,0.08768386393785477,3,0.42413973808288574,False,"['PBMD', 'PBMD', 'TEXT', 'PBMD', 'PBMD']","[468502519163965786, 468502519163751404, 468502519162350699, 468502519163275888, 468502519163312257]","[0.7719332575798035, 0.7740326523780823, 0.781304121017456, 0.7721823453903198, 0.784076452255249]"
395,MEDQA,0.003797912271693349,0.009110718034207821,0.3873975872993469,0.5636601448059082,0.03603358566761017,2,0.4558136463165283,False,"['PBMD', 'PBMD', 'PBMD', 'PBMD', 'PBMD']","[468502519163577341, 468502519163817973, 468502519163860960, 468502519163984837, 468502519163714107]","[0.7925244569778442, 0.7863522171974182, 0.7976298928260803, 0.7844170928001404, 0.7985221743583679]"
396,MEDQA,0.0762624740600586,0.8198988437652588,0.031790927052497864,0.03602384030818939,0.03602384030818939,3,0.5139110088348389,False,"['PBMD', 'STAT', 'PBMD', 'PBMD', 'PBMD']","[468502519163540458, 468502519162900874, 468502519163530075, 468502519163956708, 468502519163992004]","[0.818439781665802, 0.7743130922317505, 0.7781623601913452, 0.7830387353897095, 0.787885844707489]"
397,MEDQA,0.7058632969856262,0.07439744472503662,0.0843033492565155,0.05113256722688675,0.0843033492565155,1,0.44387292861938477,False,"['PBMD', 'PBMD', 'TEXT', 'PBMD', 'PBMD']","[468502519163201790, 468502519163732390, 468502519162298861, 468502519163369936, 468502519163390170]","[0.780927836894989, 0.7834784984588623, 0.7834562063217163, 0.7947933673858643, 0.7792046666145325]"
398,MEDQA,0.034828685224056244,0.05067543312907219,0.10727989673614502,0.014518755488097668,0.7926971912384033,4,0.2978339195251465,False,"['STAT', 'STAT', 'STAT', 'TEXT', 'PBMD']","[468502519162706867, 468502519162439708, 468502519162973091, 468502519162345940, 468502519163390499]","[0.7787456512451172, 0.7814490795135498, 0.7985403537750244, 0.77824866771698, 0.7974115610122681]"
399,MEDQA,0.06194016709923744,0.21619240939617157,0.05466200038790703,0.518618643283844,0.14858673512935638,1,0.5408749580383301,False,"['PBMD', 'PBMD', 'PBMD', 'TEXT', 'TEXT']","[468502519163611314, 468502519163919636, 468502519163143858, 468502519162369501, 468502519162349175]","[0.7946144342422485, 0.7912290096282959, 0.7863113880157471, 0.7886462807655334, 0.7811830639839172]"
400,MEDQA,0.36902233958244324,0.1357557326555252,0.2536250948905945,0.0440734326839447,0.19752342998981476,1,0.4606752395629883,False,"['PBMD', 'PBMD', 'PBMD', 'PBMD', 'PBMD']","[468502519163730552, 468502519163720084, 468502519163164835, 468502519163684012, 468502519163776590]","[0.7542322278022766, 0.765119194984436, 0.7490752935409546, 0.7548397779464722, 0.7496002912521362]"
401,MEDQA,0.3523934483528137,0.02252775989472866,0.39931410551071167,0.03714200109243393,0.1886226236820221,2,0.3703196048736572,False,"['PBMD', 'TEXT', 'PBMD', 'STAT', 'TEXT']","[468502519163705101, 468502519162387160, 468502519163011764, 468502519162733923, 468502519162309489]","[0.7748202085494995, 0.761365532875061, 0.7623518705368042, 0.7690462470054626, 0.7782819867134094]"
402,MEDQA,0.020479325205087662,0.7684810161590576,0.03826041519641876,0.09178197383880615,0.08099730312824249,1,0.30987119674682617,False,"['PBMD', 'PBMD', 'PBMD', 'PBMD', 'PBMD']","[468502519163357361, 468502519163940494, 468502519163935877, 468502519163058666, 468502519163728603]","[0.7750903367996216, 0.7835588455200195, 0.775173544883728, 0.765998899936676, 0.7661405801773071]"
403,MEDQA,0.3358360528945923,0.07493515312671661,0.06613004207611084,0.2615493834018707,0.2615493834018707,4,0.38437318801879883,False,"['PBMD', 'PBMD', 'PBMD', 'PBMD', 'PBMD']","[468502519163836631, 468502519163905266, 468502519163264362, 468502519163922276, 468502519163566226]","[0.7808436155319214, 0.7861793041229248, 0.7838555574417114, 0.7723597288131714, 0.7723742723464966]"
404,MEDQA,0.0956110805273056,0.22935906052589417,0.024174265563488007,0.6234625577926636,0.027393033728003502,0,0.30999040603637695,False,"['PBMD', 'PBMD', 'PBMD', 'STAT', 'PBMD']","[468502519163723614, 468502519163535970, 468502519163885312, 468502519162990992, 468502519163410367]","[0.7582704424858093, 0.7840343713760376, 0.7582590579986572, 0.7580427527427673, 0.7582352161407471]"
405,MEDQA,0.11364775151014328,0.02535823918879032,0.07810887694358826,0.04180866852402687,0.7410764098167419,0,0.6001567840576172,False,"['PBMD', 'PBMD', 'PBMD', 'PBMD', 'PBMD']","[468502519163753914, 468502519163874211, 468502519163638369, 468502519163100878, 468502519163833219]","[0.8068417310714722, 0.8107675909996033, 0.7979392409324646, 0.8039233684539795, 0.8040285110473633]"
406,MEDQA,0.46379032731056213,0.2813030481338501,0.11726456135511398,0.11726456135511398,0.020377526059746742,2,0.3281388282775879,False,"['PBMD', 'STAT', 'PBMD', 'PBMD', 'PBMD']","[468502519163825295, 468502519162894368, 468502519163711251, 468502519163574140, 468502519163533163]","[0.7555877566337585, 0.7651951909065247, 0.754382312297821, 0.7592067718505859, 0.7606285214424133]"
407,MEDQA,0.00037985070957802236,0.00010882904462050647,0.9992679953575134,1.2997776138945483e-05,0.00023039108782541007,2,0.3664839267730713,False,"['STAT', 'TEXT', 'TEXT', 'TEXT', 'STAT']","[468502519162700592, 468502519162393755, 468502519162298307, 468502519162298306, 468502519162872853]","[0.7843829989433289, 0.7825268507003784, 0.7979433536529541, 0.7793813347816467, 0.7815148830413818]"
408,MEDQA,0.8634538650512695,0.02607404813170433,0.03793751448392868,0.02954576537013054,0.04298883676528931,0,0.47754693031311035,False,"['PBMD', 'PBMD', 'PBMD', 'PBMD', 'STAT']","[468502519163449138, 468502519163810331, 468502519163795278, 468502519163993900, 468502519162460882]","[0.779860258102417, 0.7824776768684387, 0.7829359769821167, 0.7832249402999878, 0.7840763926506042]"
409,MEDQA,0.025268742814660072,0.00638893898576498,0.9482026100158691,0.008203559555113316,0.011936109513044357,2,0.4574406147003174,False,"['PBMD', 'PBMD', 'PBMD', 'PBMD', 'PBMD']","[468502519163511321, 468502519163526553, 468502519163930759, 468502519163555640, 468502519163678977]","[0.8015323877334595, 0.8008363246917725, 0.8053340911865234, 0.8194983005523682, 0.7989667654037476]"
410,MEDQA,0.0173382256180048,0.008189997635781765,0.9466350078582764,0.0196467824280262,0.008189997635781765,2,0.3730902671813965,False,"['PBMD', 'PBMD', 'PBMD', 'PBMD', 'PBMD']","[468502519163195433, 468502519163014369, 468502519163187769, 468502519163269786, 468502519163013312]","[0.8466578722000122, 0.8218694925308228, 0.8288395404815674, 0.8280084133148193, 0.8404553532600403]"
411,MEDQA,0.001293239532969892,0.003515389747917652,0.9747201204299927,0.006567612290382385,0.013903635554015636,2,0.49249887466430664,False,"['TEXT', 'PBMD', 'PBMD', 'PBMD', 'PBMD']","[468502519162329715, 468502519163861680, 468502519163376563, 468502519163647080, 468502519163160508]","[0.7956981062889099, 0.8224904537200928, 0.8051740527153015, 0.7925292253494263, 0.7957481741905212]"
412,MEDQA,0.33743640780448914,0.08531728386878967,0.14066441357135773,0.2319164276123047,0.20466552674770355,0,0.6106569766998291,False,"['TEXT', 'TEXT', 'PBMD', 'TEXT', 'TEXT']","[468502519162391331, 468502519162395450, 468502519163784435, 468502519162329155, 468502519162394965]","[0.8093816041946411, 0.824238657951355, 0.7757875919342041, 0.7829539775848389, 0.7965641617774963]"
413,MEDQA,0.2113272100687027,0.6509336233139038,0.03240807726979256,0.03672316297888756,0.06860789656639099,1,0.4353346824645996,False,"['TEXT', 'PBMD', 'TEXT', 'PBMD', 'PBMD']","[468502519162406329, 468502519163330487, 468502519162329133, 468502519163129015, 468502519163133261]","[0.8102422952651978, 0.802242636680603, 0.8034083247184753, 0.8029723763465881, 0.8223752975463867]"
414,MEDQA,0.004009987693279982,0.0011488806921988726,0.004009987693279982,0.009619460441172123,0.9812116622924805,4,0.3997220993041992,False,"['PBMD', 'PBMD', 'TEXT', 'PBMD', 'STAT']","[468502519163319695, 468502519163695109, 468502519162329132, 468502519163875552, 468502519162424099]","[0.7928366661071777, 0.8030762672424316, 0.7943836450576782, 0.7913383841514587, 0.7942047119140625]"
415,MEDQA,0.07232394814491272,0.07232394814491272,0.15310980379581451,0.2860467731952667,0.4161955714225769,4,0.26578402519226074,False,"['TEXT', 'STAT', 'PBMD', 'TEXT', 'PBMD']","[468502519162325720, 468502519162744697, 468502519163906358, 468502519162325721, 468502519163442442]","[0.8020952939987183, 0.7398290038108826, 0.7497592568397522, 0.7369452714920044, 0.7626912593841553]"
416,MEDQA,0.21309149265289307,0.0691806823015213,0.10065729916095734,0.4511147141456604,0.1659558266401291,3,0.4242227077484131,False,"['PBMD', 'TEXT', 'PBMD', 'PBMD', 'PBMD']","[468502519163746652, 468502519162323784, 468502519163021773, 468502519163038113, 468502519163335074]","[0.7924041748046875, 0.7935610413551331, 0.792873740196228, 0.7973587512969971, 0.7968297600746155]"
417,MEDQA,0.17319642007350922,0.006715554278343916,0.0097710732370615,0.034104399383068085,0.7762125134468079,0,0.39660191535949707,False,"['TEXT', 'STAT', 'PBMD', 'TEXT', 'PBMD']","[468502519162296787, 468502519162794862, 468502519163706260, 468502519162296788, 468502519163196709]","[0.8066100478172302, 0.8200513124465942, 0.8036659955978394, 0.8369524478912354, 0.8090822696685791]"
418,MEDQA,0.01037917286157608,0.007133494131267071,0.04105042293667793,0.934303343296051,0.007133494131267071,3,0.5085396766662598,False,"['PBMD', 'PBMD', 'PBMD', 'PBMD', 'PBMD']","[468502519163431670, 468502519163635057, 468502519163511321, 468502519163122515, 468502519163773743]","[0.7546881437301636, 0.7670142650604248, 0.7586312294006348, 0.7616104483604431, 0.7574372291564941]"
419,MEDQA,0.023615675047039986,0.1744975596666336,0.7820437550544739,0.008687721565365791,0.01115525420755148,1,0.31580352783203125,False,"['PBMD', 'TEXT', 'TEXT', 'TEXT', 'PBMD']","[468502519163509254, 468502519162364584, 468502519162347164, 468502519162329672, 468502519163885679]","[0.7779830694198608, 0.7635204195976257, 0.7715573906898499, 0.7681915760040283, 0.7652397155761719]"
420,MEDQA,0.19514676928520203,0.25057339668273926,0.151980459690094,0.11836248636245728,0.28393685817718506,1,0.32480525970458984,False,"['TEXT', 'TEXT', 'PBMD', 'PBMD', 'TEXT']","[468502519162366246, 468502519162306066, 468502519163905981, 468502519163838184, 468502519162366771]","[0.7843496203422546, 0.7552616596221924, 0.7642277479171753, 0.7633582353591919, 0.7508220076560974]"
421,MEDQA,0.12099073827266693,0.09422768652439117,0.47852766513824463,0.19948001205921173,0.10677395761013031,2,0.42452263832092285,False,"['TEXT', 'PBMD', 'TEXT', 'PBMD', 'PBMD']","[468502519162391174, 468502519163648254, 468502519162391331, 468502519163997671, 468502519163834372]","[0.8399426937103271, 0.7918550372123718, 0.7992503643035889, 0.7799099683761597, 0.7823967933654785]"
422,MEDQA,0.08520921319723129,0.0516820028424263,0.04024998098611832,0.7134479880332947,0.10941080003976822,0,0.5902371406555176,False,"['PBMD', 'PBMD', 'PBMD', 'PBMD', 'PBMD']","[468502519163676555, 468502519163672136, 468502519163683661, 468502519163867513, 468502519163761463]","[0.7969015836715698, 0.8008289337158203, 0.8032195568084717, 0.7936652302742004, 0.7972173094749451]"
423,MEDQA,0.2163819968700409,0.07960248738527298,0.4042547643184662,0.1312423050403595,0.16851845383644104,4,0.5323801040649414,False,"['TEXT', 'TEXT', 'PBMD', 'PBMD', 'TEXT']","[468502519162329136, 468502519162329132, 468502519163768406, 468502519163320203, 468502519162295183]","[0.7720310688018799, 0.7777695655822754, 0.7708714604377747, 0.7897124886512756, 0.7851601243019104]"
424,MEDQA,0.1684739589691162,0.3566593527793884,0.45795968174934387,0.007402228657156229,0.00950464978814125,2,0.34351563453674316,False,"['PBMD', 'STAT', 'TEXT', 'STAT', 'PBMD']","[468502519163570185, 468502519162709878, 468502519162412458, 468502519162709858, 468502519163286435]","[0.807123064994812, 0.8111292123794556, 0.8079588413238525, 0.8060323596000671, 0.826151430606842]"
425,MEDQA,0.09993066638708115,0.08818850666284561,0.5750612616539001,0.21155321598052979,0.025266429409384727,2,0.3175342082977295,False,"['STAT', 'PBMD', 'PBMD', 'PBMD', 'PBMD']","[468502519162724270, 468502519163646250, 468502519163882904, 468502519163663042, 468502519163453350]","[0.7813851833343506, 0.785387396812439, 0.8022709488868713, 0.7751446962356567, 0.7956000566482544]"
426,MEDQA,0.29326164722442627,0.12224964052438736,0.33230897784233093,0.15697164833545685,0.09520811587572098,2,0.412261962890625,False,"['TEXT', 'PBMD', 'PBMD', 'TEXT', 'PBMD']","[468502519162327191, 468502519163608639, 468502519163506817, 468502519162327160, 468502519163976238]","[0.7844971418380737, 0.7753189206123352, 0.776533305644989, 0.7657938003540039, 0.7717076539993286]"
427,MEDQA,0.026497021317481995,0.8774608373641968,0.04950295388698578,0.034022849053144455,0.012516305781900883,1,0.5273311138153076,False,"['PBMD', 'TEXT', 'PBMD', 'TEXT', 'PBMD']","[468502519163258899, 468502519162299532, 468502519163401632, 468502519162321016, 468502519162993920]","[0.7093941569328308, 0.7102710604667664, 0.7162882685661316, 0.7194259166717529, 0.7115515470504761]"
428,MEDQA,0.5722203850746155,0.09943699091672897,0.05322479084134102,0.03658082336187363,0.23853693902492523,0,0.3794081211090088,False,"['STAT', 'STAT', 'PBMD', 'STAT', 'PBMD']","[468502519162799697, 468502519162906525, 468502519163581982, 468502519162425155, 468502519163976483]","[0.746353268623352, 0.753350019454956, 0.7621008157730103, 0.7485511302947998, 0.75003981590271]"
429,MEDQA,0.0034871650859713554,0.004477608483284712,0.005073795095086098,0.020067248493433,0.9668942093849182,4,0.4163804054260254,False,"['PBMD', 'PBMD', 'TEXT', 'STAT', 'PBMD']","[468502519163780951, 468502519163293307, 468502519162412637, 468502519162459819, 468502519163506141]","[0.7805266380310059, 0.7921456694602966, 0.7880464792251587, 0.7812425494194031, 0.7834322452545166]"
430,MEDQA,0.001888446044176817,0.9782392382621765,0.00513332849368453,0.0024248126428574324,0.012314215302467346,1,0.34953951835632324,False,"['TEXT', 'TEXT', 'PBMD', 'STAT', 'STAT']","[468502519162346220, 468502519162380471, 468502519163149778, 468502519162984189, 468502519162925102]","[0.7832762002944946, 0.8183084726333618, 0.7703279256820679, 0.7939574718475342, 0.7705419063568115]"
431,MEDQA,0.0004301781300455332,3.116200241493061e-05,0.00013965839752927423,0.0007092438754625618,0.9986897110939026,1,0.38929128646850586,False,"['TEXT', 'PBMD', 'STAT', 'PBMD', 'PBMD']","[468502519162370266, 468502519163866257, 468502519162801618, 468502519163771021, 468502519163742002]","[0.7548553943634033, 0.7668456435203552, 0.7550570964813232, 0.7589982748031616, 0.7646697759628296]"
432,MEDQA,0.09457474946975708,0.6988181471824646,0.018622873350977898,0.011295342817902565,0.17668889462947845,1,0.35458827018737793,False,"['STAT', 'TEXT', 'TEXT', 'TEXT', 'STAT']","[468502519162829177, 468502519162361527, 468502519162361530, 468502519162361685, 468502519162852561]","[0.7656757235527039, 0.7771607041358948, 0.768566906452179, 0.7731932997703552, 0.7649819850921631]"
433,MEDQA,0.00012325093848630786,0.000335030781570822,0.00020320643670856953,0.9987126588821411,0.0006259198999032378,3,0.4188518524169922,False,"['PBMD', 'PBMD', 'PBMD', 'PBMD', 'PBMD']","[468502519163476934, 468502519163158369, 468502519163680944, 468502519163891412, 468502519163157170]","[0.8218780159950256, 0.7999570369720459, 0.8028634190559387, 0.7990435361862183, 0.7995928525924683]"
434,MEDQA,0.002799333306029439,0.00042929165647365153,0.9966316819190979,3.109778481302783e-05,0.00010854192805709317,2,0.4885215759277344,False,"['PBMD', 'TEXT', 'TEXT', 'TEXT', 'PBMD']","[468502519163213433, 468502519162362978, 468502519162361594, 468502519162362966, 468502519163664324]","[0.7796847820281982, 0.785833477973938, 0.7791733741760254, 0.7924510836601257, 0.8026697635650635]"
435,MEDQA,0.0020451906602829695,0.0010947115952149034,0.052746158093214035,0.00916590727865696,0.9349480271339417,3,0.4072420597076416,False,"['PBMD', 'TEXT', 'TEXT', 'PBMD', 'TEXT']","[468502519163653146, 468502519162391888, 468502519162392012, 468502519163773160, 468502519162392014]","[0.7702341079711914, 0.8099045753479004, 0.79437255859375, 0.7678457498550415, 0.7791412472724915]"
436,MEDQA,0.012352989986538887,0.004010428674519062,0.9813195466995239,0.001894392422400415,0.0004226960882078856,2,0.41269373893737793,False,"['STAT', 'TEXT', 'STAT', 'TEXT', 'PBMD']","[468502519162754763, 468502519162385528, 468502519162814646, 468502519162306522, 468502519163674585]","[0.7951526045799255, 0.8030757308006287, 0.7868829965591431, 0.802008867263794, 0.7982235550880432]"
437,MEDQA,0.9349548816680908,0.0219880323857069,0.002975756535306573,0.008088944479823112,0.03199239447712898,0,0.5452778339385986,False,"['PBMD', 'PBMD', 'PBMD', 'PBMD', 'PBMD']","[468502519163586104, 468502519163580310, 468502519163696114, 468502519163582053, 468502519163838966]","[0.8045588731765747, 0.7918156981468201, 0.7943873405456543, 0.7944709658622742, 0.8076390027999878]"
438,MEDQA,0.26171478629112244,0.12362530827522278,0.23096248507499695,0.20382368564605713,0.1798737645149231,3,0.4527726173400879,False,"['PBMD', 'PBMD', 'PBMD', 'PBMD', 'PBMD']","[468502519163768151, 468502519163557356, 468502519163513288, 468502519163135864, 468502519163858637]","[0.7671459913253784, 0.7700392007827759, 0.7666772603988647, 0.7708598375320435, 0.7746576070785522]"
439,MEDQA,0.2255573272705078,0.08297790586948395,0.2255573272705078,0.09402628242969513,0.3718811571598053,0,0.43054866790771484,False,"['STAT', 'PBMD', 'PBMD', 'PBMD', 'PBMD']","[468502519162749091, 468502519163976483, 468502519163052780, 468502519163215757, 468502519163883950]","[0.7540898323059082, 0.7803831100463867, 0.7525564432144165, 0.7610566020011902, 0.7645425796508789]"
440,MEDQA,8.479409734718502e-05,4.53870088676922e-05,9.608429536456242e-05,5.827807035529986e-05,0.9997153878211975,4,0.31078600883483887,False,"['STAT', 'STAT', 'STAT', 'STAT', 'STAT']","[468502519162837994, 468502519162837989, 468502519162837993, 468502519162695808, 468502519162695815]","[0.7847165465354919, 0.7811400890350342, 0.8107469081878662, 0.7808067202568054, 0.7770144939422607]"
441,MEDQA,0.20083560049533844,0.0738832876086235,0.05754036083817482,0.5459277629852295,0.12181295454502106,3,0.4327576160430908,False,"['PBMD', 'PBMD', 'TEXT', 'PBMD', 'PBMD']","[468502519163308167, 468502519163192512, 468502519162394075, 468502519163742991, 468502519163245113]","[0.7993648052215576, 0.7910749912261963, 0.8035091161727905, 0.7881316542625427, 0.7985026240348816]"
442,MEDQA,0.015278560109436512,0.013483281247317791,0.9452510476112366,0.01961805857717991,0.006369051523506641,2,0.35030102729797363,False,"['STAT', 'PBMD', 'PBMD', 'PBMD', 'PBMD']","[468502519162847434, 468502519163548367, 468502519163532702, 468502519163866976, 468502519163783007]","[0.7413286566734314, 0.7523642778396606, 0.7429555058479309, 0.7475231289863586, 0.7523109912872314]"
443,MEDQA,0.08138705790042877,0.4683501720428467,0.2840687334537506,0.15205103158950806,0.014142950065433979,1,0.4133923053741455,False,"['PBMD', 'PBMD', 'PBMD', 'PBMD', 'PBMD']","[468502519163717628, 468502519163385299, 468502519163506817, 468502519163567765, 468502519163536943]","[0.8042989373207092, 0.7613250017166138, 0.7669423222541809, 0.7633712291717529, 0.7618290185928345]"
444,MEDQA,0.021490996703505516,0.006157273426651955,0.013034947216510773,0.9138203859329224,0.045496437698602676,3,0.3940000534057617,False,"['STAT', 'TEXT', 'STAT', 'PBMD', 'STAT']","[468502519162700597, 468502519162325687, 468502519162789540, 468502519163695791, 468502519162912671]","[0.753045916557312, 0.7767387628555298, 0.7529653906822205, 0.762303352355957, 0.753187894821167]"
445,MEDQA,0.016362857073545456,0.6140117049217224,0.03056984208524227,0.2559581398963928,0.08309745043516159,1,0.4493982791900635,False,"['PBMD', 'PBMD', 'PBMD', 'PBMD', 'PBMD']","[468502519163579613, 468502519163580009, 468502519163819557, 468502519163794450, 468502519163576079]","[0.7547391057014465, 0.7708834409713745, 0.7615839242935181, 0.7541941404342651, 0.7759945392608643]"
446,MEDQA,0.16185100376605988,0.2354918271303177,0.09816759824752808,0.16185100376605988,0.3426385819911957,0,0.5414190292358398,False,"['PBMD', 'TEXT', 'PBMD', 'PBMD', 'PBMD']","[468502519163766812, 468502519162343656, 468502519163834144, 468502519163631370, 468502519163616278]","[0.8074074983596802, 0.8054379820823669, 0.7989129424095154, 0.7922811508178711, 0.7937870025634766]"
447,MEDQA,0.7935546040534973,0.05073024705052376,0.027153944596648216,0.006865592673420906,0.12169554084539413,2,0.5717678070068359,False,"['PBMD', 'PBMD', 'PBMD', 'PBMD', 'PBMD']","[468502519163303544, 468502519163774100, 468502519163758027, 468502519163658573, 468502519163174873]","[0.7769746780395508, 0.7725268602371216, 0.7785970568656921, 0.7734885215759277, 0.7768880128860474]"
448,MEDQA,0.03210983797907829,0.046719539910554886,0.3911779224872589,0.34521329402923584,0.1847793608903885,4,0.4827868938446045,False,"['STAT', 'PBMD', 'STAT', 'STAT', 'TEXT']","[468502519162846575, 468502519163972598, 468502519162869041, 468502519162986826, 468502519162411825]","[0.8091734647750854, 0.7959526777267456, 0.7852808833122253, 0.8016515970230103, 0.7955050468444824]"
449,MEDQA,0.0002957151154987514,0.9988866448402405,0.00026096770307049155,0.0002957151154987514,0.00026096770307049155,1,0.24501991271972656,False,"['TEXT', 'STAT', 'TEXT', 'STAT', 'STAT']","[468502519162296785, 468502519162854803, 468502519162296789, 468502519162874346, 468502519162782718]","[0.7894502282142639, 0.8039262890815735, 0.807526171207428, 0.7851572632789612, 0.7887827754020691]"
450,MEDQA,0.05902929976582527,0.26455098390579224,0.07579512149095535,0.0405702069401741,0.5600544214248657,1,0.41864991188049316,False,"['PBMD', 'PBMD', 'PBMD', 'PBMD', 'PBMD']","[468502519163024608, 468502519163048881, 468502519163345257, 468502519162998310, 468502519163785478]","[0.7768193483352661, 0.7756391167640686, 0.7894313335418701, 0.7777600884437561, 0.782580554485321]"
451,MEDQA,1.5534801605099346e-06,3.927812883830484e-07,4.7850558075879235e-06,6.144133294583298e-06,0.9999871253967285,4,0.30601930618286133,False,"['STAT', 'STAT', 'TEXT', 'STAT', 'STAT']","[468502519162467234, 468502519162467232, 468502519162345296, 468502519162420286, 468502519162436110]","[0.7953380942344666, 0.7851420640945435, 0.8068165183067322, 0.8000251650810242, 0.7711349129676819]"
452,MEDQA,0.20137836039066315,0.15683361887931824,0.10779007524251938,0.05091642215847969,0.483081579208374,2,0.4324967861175537,False,"['PBMD', 'PBMD', 'PBMD', 'PBMD', 'PBMD']","[468502519163763449, 468502519163679107, 468502519163618986, 468502519163779848, 468502519163661114]","[0.7717281579971313, 0.7464014291763306, 0.7549598217010498, 0.7561517953872681, 0.7498978972434998]"
453,MEDQA,0.03200308233499527,0.01941084861755371,0.7283867597579956,0.07677140086889267,0.14342786371707916,2,0.3744935989379883,False,"['PBMD', 'TEXT', 'TEXT', 'TEXT', 'TEXT']","[468502519163618986, 468502519162342566, 468502519162395450, 468502519162394786, 468502519162327191]","[0.7750974893569946, 0.7714613676071167, 0.7686512470245361, 0.7998971343040466, 0.7672441005706787]"
454,MEDQA,0.3718811571598053,0.2255573272705078,0.2255573272705078,0.09402628242969513,0.08297790586948395,4,0.49774861335754395,False,"['PBMD', 'PBMD', 'PBMD', 'TEXT', 'PBMD']","[468502519163702377, 468502519163631505, 468502519163942491, 468502519162365439, 468502519163596597]","[0.7505645751953125, 0.7583463788032532, 0.7479944229125977, 0.7490182518959045, 0.7696136832237244]"
455,MEDQA,0.47104611992836,0.06374915689229965,0.1529262810945511,0.2857039272785187,0.026574604213237762,3,0.283496618270874,False,"['PBMD', 'PBMD', 'PBMD', 'TEXT', 'PBMD']","[468502519163434888, 468502519163359584, 468502519163455080, 468502519162364452, 468502519163021105]","[0.799953043460846, 0.793955385684967, 0.7873409986495972, 0.7857996225357056, 0.7862698435783386]"
456,MEDQA,0.013694598339498043,0.3116876184940338,0.008306194096803665,0.006468870211392641,0.6598427295684814,1,0.35485124588012695,False,"['PBMD', 'STAT', 'STAT', 'STAT', 'PBMD']","[468502519163579824, 468502519162949344, 468502519162990482, 468502519162899158, 468502519163742099]","[0.7942287921905518, 0.7841513752937317, 0.7919339537620544, 0.7793440222740173, 0.7849092483520508]"
457,MEDQA,0.1312960684299469,0.11586838215589523,0.519286036491394,0.1312960684299469,0.10225348174571991,2,0.42422986030578613,False,"['STAT', 'PBMD', 'TEXT', 'STAT', 'PBMD']","[468502519162716673, 468502519162999295, 468502519162328728, 468502519162912491, 468502519163643584]","[0.7982380986213684, 0.7977976202964783, 0.7963361740112305, 0.8008614778518677, 0.7921510338783264]"
458,MEDQA,0.008398681879043579,0.0016537985065951943,0.003501091618090868,0.9707556366920471,0.01569080352783203,3,0.4994335174560547,False,"['PBMD', 'PBMD', 'PBMD', 'PBMD', 'PBMD']","[468502519163926040, 468502519163587662, 468502519163981600, 468502519163706303, 468502519163509021]","[0.8064181804656982, 0.8023930788040161, 0.8097177743911743, 0.8096559047698975, 0.8045679926872253]"
459,MEDQA,7.887651008786634e-06,3.2880623166420264e-06,2.144085920008365e-05,0.00017952211783267558,0.9997878670692444,4,0.43881702423095703,False,"['STAT', 'TEXT', 'PBMD', 'PBMD', 'TEXT']","[468502519162460924, 468502519162389724, 468502519163621070, 468502519163723733, 468502519162307450]","[0.780289888381958, 0.790102481842041, 0.7698200345039368, 0.7715861797332764, 0.7934319972991943]"
460,MEDQA,0.00741945905610919,0.07976670563220978,0.029344528913497925,0.025896456092596054,0.8575728535652161,0,0.3902873992919922,False,"['PBMD', 'PBMD', 'PBMD', 'PBMD', 'PBMD']","[468502519163577111, 468502519163048881, 468502519163601131, 468502519163020082, 468502519163360146]","[0.8012696504592896, 0.7756814956665039, 0.7823275923728943, 0.7869025468826294, 0.7746431827545166]"
461,MEDQA,0.654342770576477,0.013580450788140297,0.022390378639101982,0.2407192587852478,0.06896721571683884,3,0.5248150825500488,False,"['PBMD', 'PBMD', 'PBMD', 'PBMD', 'PBMD']","[468502519163831273, 468502519163624302, 468502519163867345, 468502519163702830, 468502519163579846]","[0.7925400137901306, 0.7795644998550415, 0.7906168699264526, 0.7882982492446899, 0.777945339679718]"
462,MEDQA,0.05741199851036072,0.8980748057365417,0.023932883515954018,0.01281034853309393,0.007769869640469551,1,0.47350144386291504,False,"['TEXT', 'PBMD', 'PBMD', 'PBMD', 'STAT']","[468502519162387842, 468502519163747153, 468502519163870476, 468502519163430548, 468502519162458179]","[0.7845885157585144, 0.7900685667991638, 0.7948973774909973, 0.7970037460327148, 0.7842955589294434]"
463,MEDQA,0.1727316528558731,0.3227052092552185,0.11871661245822906,0.13452354073524475,0.25132307410240173,1,0.4734954833984375,False,"['PBMD', 'PBMD', 'PBMD', 'PBMD', 'PBMD']","[468502519163945407, 468502519163756078, 468502519163906671, 468502519163986009, 468502519163111795]","[0.7831889390945435, 0.7832098007202148, 0.7767931222915649, 0.7779450416564941, 0.7778187394142151]"
464,MEDQA,0.0006237978232093155,0.0007068554987199605,0.9953266382217407,0.0021772682666778564,0.0011654075933620334,2,0.3978447914123535,False,"['STAT', 'TEXT', 'PBMD', 'PBMD', 'PBMD']","[468502519162849049, 468502519162396082, 468502519163634418, 468502519163870297, 468502519163876200]","[0.7481512427330017, 0.7534409761428833, 0.7739744186401367, 0.7570986151695251, 0.7488150596618652]"
465,MEDQA,0.00041170231997966766,0.0012681323569267988,0.0005286362138576806,0.9557967185974121,0.04199477657675743,3,0.34851503372192383,False,"['STAT', 'PBMD', 'STAT', 'PBMD', 'PBMD']","[468502519162896281, 468502519163709248, 468502519162749091, 468502519163445260, 468502519163183177]","[0.7897307872772217, 0.7875748872756958, 0.7874326109886169, 0.7874546647071838, 0.7919973134994507]"
466,MEDQA,0.3819914758205414,0.1240144744515419,0.3819914758205414,0.04562237858772278,0.06638016551733017,2,0.4344921112060547,False,"['TEXT', 'PBMD', 'PBMD', 'PBMD', 'PBMD']","[468502519162393788, 468502519163777647, 468502519163903006, 468502519163752305, 468502519163225227]","[0.8140074610710144, 0.7756494283676147, 0.7746092081069946, 0.7741335034370422, 0.7844484448432922]"
467,MEDQA,0.129720538854599,0.009396924637258053,0.037165556102991104,0.5813671350479126,0.24234987795352936,4,0.30132031440734863,False,"['PBMD', 'PBMD', 'TEXT', 'PBMD', 'TEXT']","[468502519163087121, 468502519163345681, 468502519162306117, 468502519163067076, 468502519162369468]","[0.7797039747238159, 0.7798562049865723, 0.7739092111587524, 0.7763227224349976, 0.7791210412979126]"
468,MEDQA,0.15293927490711212,0.06375457346439362,0.06375457346439362,0.03412536159157753,0.6854262351989746,0,0.6157798767089844,False,"['STAT', 'PBMD', 'PBMD', 'PBMD', 'PBMD']","[468502519162441398, 468502519163800372, 468502519163856039, 468502519163553511, 468502519163795243]","[0.7637317776679993, 0.7587265968322754, 0.7664613127708435, 0.7608585357666016, 0.7570760250091553]"
469,MEDQA,0.6321964263916016,0.0755051001906395,0.0755051001906395,0.0356660820543766,0.18112730979919434,0,0.5819740295410156,False,"['PBMD', 'PBMD', 'PBMD', 'PBMD', 'PBMD']","[468502519163435802, 468502519163674915, 468502519163686279, 468502519163760049, 468502519163719420]","[0.7628286480903625, 0.7661175727844238, 0.7872357368469238, 0.7617584466934204, 0.7694960832595825]"
470,MEDQA,0.30629923939704895,0.07744457572698593,0.30629923939704895,0.0994408056139946,0.21051618456840515,0,0.3280045986175537,False,"['PBMD', 'PBMD', 'PBMD', 'PBMD', 'STAT']","[468502519163633146, 468502519163194057, 468502519163898190, 468502519163922283, 468502519162807126]","[0.7846449017524719, 0.7824478149414062, 0.7960992455482483, 0.7907339930534363, 0.7741807699203491]"
471,MEDQA,0.0036032183561474085,0.008643671870231628,0.04389618709683418,0.4719284772872925,0.4719284772872925,3,0.41646504402160645,False,"['PBMD', 'PBMD', 'PBMD', 'PBMD', 'PBMD']","[468502519163185097, 468502519163257950, 468502519163307943, 468502519163477074, 468502519163192512]","[0.8050197958946228, 0.8037828207015991, 0.8199527263641357, 0.813203752040863, 0.8189467191696167]"
472,MEDQA,0.2095121592283249,0.07707522064447403,0.2690189480781555,0.09896653890609741,0.34542715549468994,3,0.5023832321166992,False,"['PBMD', 'PBMD', 'PBMD', 'PBMD', 'PBMD']","[468502519163344495, 468502519163162805, 468502519163348920, 468502519163623893, 468502519163151555]","[0.7723369002342224, 0.7795969247817993, 0.7709861397743225, 0.7718933820724487, 0.7714605331420898]"
473,MEDQA,9.58247110247612e-05,3.110973193543032e-05,5.8120625908486545e-05,0.9970145225524902,0.0028004085179418325,3,0.2964043617248535,False,"['STAT', 'STAT', 'TEXT', 'STAT', 'TEXT']","[468502519162952386, 468502519162799665, 468502519162328131, 468502519162820227, 468502519162387755]","[0.7872443199157715, 0.7915685772895813, 0.7875862121582031, 0.7874726057052612, 0.8119696378707886]"
474,MEDQA,0.00013973544992040843,0.9992406368255615,0.00012331608741078526,6.600634515052661e-05,0.0004304154426790774,1,0.3280220031738281,False,"['TEXT', 'PBMD', 'TEXT', 'PBMD', 'PBMD']","[468502519162385639, 468502519163650785, 468502519162419159, 468502519163980717, 468502519163635259]","[0.7892381548881531, 0.7944514751434326, 0.7746811509132385, 0.7738450765609741, 0.7734375]"
475,MEDQA,0.019172120839357376,0.0048474716022610664,0.011628479696810246,0.04058738052845001,0.9237645268440247,3,0.37372922897338867,False,"['STAT', 'TEXT', 'TEXT', 'TEXT', 'TEXT']","[468502519162816857, 468502519162391079, 468502519162391174, 468502519162390966, 468502519162343628]","[0.7683175802230835, 0.7833470702171326, 0.7717140316963196, 0.791800320148468, 0.7933340072631836]"
476,MEDQA,9.603735088603571e-05,0.00012331439938861877,0.00012331439938861877,0.9992269277572632,0.00043040953460149467,3,0.4418764114379883,False,"['PBMD', 'PBMD', 'STAT', 'PBMD', 'STAT']","[468502519163728506, 468502519163877154, 468502519162918881, 468502519163789814, 468502519162879610]","[0.7832268476486206, 0.7940362691879272, 0.7875865697860718, 0.784760057926178, 0.776119589805603]"
477,MEDQA,0.051965657621622086,0.021662509068846703,0.0856768861413002,0.027815213426947594,0.8128796815872192,1,0.42644309997558594,False,"['STAT', 'STAT', 'STAT', 'TEXT', 'TEXT']","[468502519162446972, 468502519162758434, 468502519162914370, 468502519162356750, 468502519162359890]","[0.7882022857666016, 0.79612135887146, 0.7968270182609558, 0.7877116203308105, 0.787090539932251]"
478,MEDQA,0.055974483489990234,0.2842618525028229,0.6017823815345764,0.0493973046541214,0.00858396477997303,2,0.3733804225921631,False,"['PBMD', 'TEXT', 'PBMD', 'PBMD', 'PBMD']","[468502519163077562, 468502519162349083, 468502519163807991, 468502519163664065, 468502519163477145]","[0.7597836256027222, 0.7590641975402832, 0.7587645053863525, 0.759654700756073, 0.7672293782234192]"
479,MEDQA,0.0011013821931555867,0.0009719663648866117,0.04683196172118187,0.9406450986862183,0.010449622757732868,3,0.34102964401245117,False,"['TEXT', 'STAT', 'TEXT', 'TEXT', 'PBMD']","[468502519162412054, 468502519162913243, 468502519162412055, 468502519162382042, 468502519163385397]","[0.7811000347137451, 0.775779128074646, 0.7782055735588074, 0.7748545408248901, 0.7759112119674683]"
480,MEDQA,0.11477956920862198,0.4006200432777405,0.06143707409501076,0.3535459339618683,0.06961732357740402,1,0.40903186798095703,False,"['PBMD', 'PBMD', 'PBMD', 'PBMD', 'PBMD']","[468502519163733110, 468502519163813613, 468502519163971406, 468502519163123466, 468502519163244320]","[0.8015906810760498, 0.7962175607681274, 0.798692524433136, 0.7973544597625732, 0.8033041954040527]"
481,MEDQA,0.11734196543693542,0.5959116816520691,0.08064787834882736,0.05542842298746109,0.15067006647586823,0,0.1992177963256836,False,"['STAT', 'STAT', 'STAT', 'STAT', 'STAT']","[468502519162769879, 468502519162935007, 468502519162992123, 468502519162707596, 468502519162992105]","[0.7855616807937622, 0.7816300392150879, 0.8113878965377808, 0.7875239253044128, 0.7933650016784668]"
482,MEDQA,0.0006257886998355389,6.595763989025727e-05,0.9985033273696899,9.596780728315935e-05,0.0007091115112416446,2,0.473191499710083,False,"['PBMD', 'PBMD', 'PBMD', 'PBMD', 'PBMD']","[468502519163598603, 468502519163848204, 468502519163829413, 468502519163598601, 468502519163833231]","[0.7913907170295715, 0.801794171333313, 0.8304977416992188, 0.8092434406280518, 0.7999495267868042]"
483,MEDQA,0.0018732729367911816,0.0010026907548308372,0.9703794121742249,0.0008848714642226696,0.025859735906124115,3,0.510270357131958,False,"['PBMD', 'PBMD', 'PBMD', 'PBMD', 'PBMD']","[468502519163658735, 468502519163187943, 468502519163024756, 468502519163252836, 468502519163677023]","[0.7730485200881958, 0.7749450206756592, 0.7728626728057861, 0.7779288291931152, 0.7844644784927368]"
484,MEDQA,0.0002030440082307905,0.0002030440082307905,0.00017918572120834142,0.9979143738746643,0.0015003035077825189,3,0.3336467742919922,False,"['PBMD', 'STAT', 'STAT', 'PBMD', 'PBMD']","[468502519163705196, 468502519162782145, 468502519162702515, 468502519163757471, 468502519163470240]","[0.7615636587142944, 0.7334548830986023, 0.7548462152481079, 0.7397125959396362, 0.7533528804779053]"
485,MEDQA,0.00015232828445732594,0.9612963199615479,0.0011255622375756502,0.00015232828445732594,0.037273503839969635,4,0.4742090702056885,False,"['PBMD', 'PBMD', 'PBMD', 'PBMD', 'PBMD']","[468502519163780951, 468502519163752116, 468502519163793542, 468502519163362904, 468502519163542850]","[0.7828073501586914, 0.7779538035392761, 0.777606725692749, 0.7732973098754883, 0.7926496267318726]"
486,MEDQA,0.4006052315235138,0.005714326165616512,0.5828771591186523,0.003465914400294423,0.007337340619415045,2,0.3844118118286133,False,"['PBMD', 'PBMD', 'PBMD', 'PBMD', 'PBMD']","[468502519163397073, 468502519163247240, 468502519163883425, 468502519163345565, 468502519163594849]","[0.7787039279937744, 0.7828625440597534, 0.7917243838310242, 0.7720921635627747, 0.7865668535232544]"
487,MEDQA,0.009576499462127686,0.006581825669854879,0.0051259309984743595,0.21796013414859772,0.7607555985450745,3,0.3791961669921875,False,"['PBMD', 'PBMD', 'PBMD', 'PBMD', 'PBMD']","[468502519163429413, 468502519163849432, 468502519163890916, 468502519163397629, 468502519163535018]","[0.8152822852134705, 0.7962344884872437, 0.788248598575592, 0.8212874531745911, 0.7894960641860962]"
488,MEDQA,0.8230298757553101,0.021933002397418022,0.01708143949508667,0.011739890091121197,0.12621572613716125,0,0.4029805660247803,False,"['PBMD', 'PBMD', 'STAT', 'PBMD', 'TEXT']","[468502519163785668, 468502519163811052, 468502519162924844, 468502519163262704, 468502519162380686]","[0.8162214756011963, 0.8178113698959351, 0.8215153813362122, 0.8250248432159424, 0.8261969089508057]"
489,MEDQA,0.0013176514767110348,0.0001225606829393655,0.00022897348389960825,0.993119478225708,0.0052114129066467285,3,0.44275665283203125,False,"['PBMD', 'PBMD', 'PBMD', 'PBMD', 'PBMD']","[468502519163714107, 468502519163934936, 468502519163140392, 468502519163883732, 468502519163021397]","[0.8085165023803711, 0.7827848196029663, 0.781861424446106, 0.7814894914627075, 0.7935867309570312]"
490,MEDQA,0.03242271766066551,0.017354629933834076,0.8361929059028625,0.05345602333545685,0.06057361513376236,2,0.377408504486084,False,"['PBMD', 'TEXT', 'STAT', 'PBMD', 'PBMD']","[468502519163184931, 468502519162327956, 468502519162793154, 468502519163485000, 468502519163140186]","[0.8188494443893433, 0.8016107082366943, 0.8045602440834045, 0.8095839619636536, 0.795996904373169]"
491,MEDQA,0.9878338575363159,0.0021608779206871986,0.006655971985310316,0.0024485953617841005,0.00090078788343817,0,0.292783260345459,False,"['TEXT', 'TEXT', 'STAT', 'STAT', 'STAT']","[468502519162308364, 468502519162361703, 468502519162856935, 468502519162909477, 468502519162910361]","[0.7436368465423584, 0.7530454397201538, 0.7409442663192749, 0.7409442067146301, 0.7409442067146301]"
492,MEDQA,0.12653984129428864,0.05274965241551399,0.08696947991847992,0.3439709544181824,0.38977015018463135,2,0.5170626640319824,False,"['PBMD', 'PBMD', 'TEXT', 'PBMD', 'PBMD']","[468502519163739350, 468502519163768953, 468502519162380256, 468502519163879459, 468502519163070967]","[0.7995008230209351, 0.8010789155960083, 0.8010778427124023, 0.8011490702629089, 0.7926022410392761]"
493,MEDQA,0.46770259737968445,0.05585911124944687,0.09209610521793365,0.2503431737422943,0.1339990347623825,3,0.6080770492553711,False,"['PBMD', 'PBMD', 'PBMD', 'PBMD', 'PBMD']","[468502519163642460, 468502519163714107, 468502519163626604, 468502519163605665, 468502519163698814]","[0.7848498821258545, 0.7920546531677246, 0.7941610813140869, 0.7863801121711731, 0.7883188128471375]"
494,MEDQA,0.45708543062210083,0.148393914103508,0.19054155051708221,0.10198954492807388,0.10198954492807388,0,0.3942418098449707,False,"['PBMD', 'PBMD', 'PBMD', 'PBMD', 'PBMD']","[468502519163241620, 468502519163229261, 468502519163787123, 468502519163129741, 468502519163769125]","[0.768110990524292, 0.7790946960449219, 0.778222382068634, 0.7636416554450989, 0.7587459087371826]"
495,MEDQA,0.11149484664201736,0.8238416910171509,0.019374899566173553,0.017098288983106613,0.028190311044454575,0,0.5309953689575195,False,"['PBMD', 'PBMD', 'PBMD', 'PBMD', 'PBMD']","[468502519163862327, 468502519163687529, 468502519163346276, 468502519163667091, 468502519163982192]","[0.7909383773803711, 0.7880862951278687, 0.7847794890403748, 0.7874191999435425, 0.7811108827590942]"
496,MEDQA,0.05618617683649063,0.03007429465651512,0.05618617683649063,0.6844877600669861,0.17306560277938843,3,0.5265088081359863,False,"['PBMD', 'PBMD', 'TEXT', 'PBMD', 'PBMD']","[468502519163194658, 468502519163316469, 468502519162329136, 468502519163711419, 468502519163080704]","[0.8244761228561401, 0.832665741443634, 0.8140515089035034, 0.8035702705383301, 0.8082869648933411]"
497,MEDQA,0.16731584072113037,0.4013698399066925,0.21483780443668365,0.11499438434839249,0.10148219019174576,3,0.4685084819793701,False,"['PBMD', 'PBMD', 'STAT', 'TEXT', 'PBMD']","[468502519163671578, 468502519163454495, 468502519162489360, 468502519162363096, 468502519163492810]","[0.7708773016929626, 0.7820299863815308, 0.7758534550666809, 0.7746211290359497, 0.7711324691772461]"
498,MEDQA,0.1562630981206894,0.2919378876686096,0.2576342821121216,0.1379016935825348,0.1562630981206894,0,0.44370317459106445,False,"['TEXT', 'TEXT', 'PBMD', 'PBMD', 'TEXT']","[468502519162329177, 468502519162329226, 468502519163967114, 468502519163010076, 468502519162329132]","[0.7779449224472046, 0.7773046493530273, 0.772051215171814, 0.7673885822296143, 0.7721142768859863]"
499,MEDQA,0.3804672658443451,0.17971999943256378,0.20364946126937866,0.13996608555316925,0.09619718790054321,3,0.492656946182251,False,"['PBMD', 'PBMD', 'PBMD', 'PBMD', 'PBMD']","[468502519163721743, 468502519163591188, 468502519163530905, 468502519163502084, 468502519163869794]","[0.7760323286056519, 0.782222330570221, 0.7678813934326172, 0.7667248249053955, 0.7654781341552734]"
500,MEDQA,4.5342036173678935e-05,5.8220324717694893e-05,0.00013966330152470618,0.9987247586250305,0.0010319799184799194,1,0.286146879196167,False,"['STAT', 'PBMD', 'PBMD', 'PBMD', 'TEXT']","[468502519162712619, 468502519163223364, 468502519163285676, 468502519163890922, 468502519162326883]","[0.7864786386489868, 0.7953367233276367, 0.7916601896286011, 0.7876218557357788, 0.7865758538246155]"
501,MEDQA,0.08272459357976913,0.0644259825348854,0.7848691344261169,0.02370099537074566,0.04427928477525711,4,0.45383167266845703,False,"['PBMD', 'PBMD', 'PBMD', 'PBMD', 'PBMD']","[468502519163324309, 468502519163259392, 468502519163345479, 468502519163924457, 468502519163354848]","[0.789395809173584, 0.7968584299087524, 0.8014926314353943, 0.8056303262710571, 0.7926653623580933]"
502,MEDQA,0.015145509503781796,0.8269167542457581,0.09876112639904022,0.05286301672458649,0.006313587538897991,1,0.36392855644226074,False,"['PBMD', 'PBMD', 'PBMD', 'PBMD', 'PBMD']","[468502519163870056, 468502519163790830, 468502519163860192, 468502519163374149, 468502519163966129]","[0.8061805367469788, 0.8059545755386353, 0.8026318550109863, 0.7966893911361694, 0.8118262887001038]"
503,MEDQA,0.25808900594711304,0.7015586495399475,0.030824337154626846,0.004171620588749647,0.005356466397643089,1,0.30588769912719727,False,"['STAT', 'STAT', 'PBMD', 'PBMD', 'PBMD']","[468502519162851749, 468502519162437833, 468502519163430325, 468502519163404661, 468502519163184994]","[0.7797137498855591, 0.7650614380836487, 0.7945694327354431, 0.7741514444351196, 0.7828706502914429]"
504,MEDQA,0.005034611560404301,0.019912274554371834,0.9594271183013916,0.008300671353936195,0.007325316313654184,2,0.4081239700317383,False,"['PBMD', 'PBMD', 'PBMD', 'PBMD', 'PBMD']","[468502519163130190, 468502519163762224, 468502519163361930, 468502519163515970, 468502519163371142]","[0.8027521967887878, 0.7977519035339355, 0.8133437633514404, 0.8031493425369263, 0.8017375469207764]"
505,MEDQA,0.2323184311389923,0.43402794003486633,0.14090824127197266,0.0518372468650341,0.14090824127197266,1,0.5362238883972168,False,"['STAT', 'PBMD', 'PBMD', 'PBMD', 'PBMD']","[468502519162929330, 468502519163502775, 468502519163611314, 468502519163435181, 468502519163536937]","[0.7802950143814087, 0.7776220440864563, 0.7904423475265503, 0.7807914614677429, 0.7906616926193237]"
506,MEDQA,0.9922686219215393,0.0024595882277935743,0.003158173756673932,0.0006218812777660787,0.0014918155502527952,0,0.32718729972839355,False,"['TEXT', 'TEXT', 'PBMD', 'PBMD', 'TEXT']","[468502519162327457, 468502519162361512, 468502519163535025, 468502519163307560, 468502519162404470]","[0.7679076194763184, 0.7649050354957581, 0.7787771224975586, 0.7672724723815918, 0.7678974866867065]"
507,MEDQA,0.2943054437637329,0.05795218050479889,0.039829909801483154,0.48522764444351196,0.12268476188182831,3,0.5039539337158203,False,"['PBMD', 'PBMD', 'PBMD', 'PBMD', 'PBMD']","[468502519163644517, 468502519163917482, 468502519163746979, 468502519163379083, 468502519163809346]","[0.7937321662902832, 0.7990826964378357, 0.8054454326629639, 0.7963622212409973, 0.8134045004844666]"
508,MEDQA,0.6694042682647705,0.020214257761836052,0.27904921770095825,0.022905753925442696,0.00842655636370182,2,0.37138819694519043,False,"['TEXT', 'PBMD', 'PBMD', 'TEXT', 'PBMD']","[468502519162361539, 468502519163249275, 468502519163524923, 468502519162357299, 468502519163247123]","[0.7820327281951904, 0.7762250304222107, 0.7749032974243164, 0.7871571779251099, 0.7801709175109863]"
509,MEDQA,0.000108782020106446,8.471952605759725e-05,0.00026095451903529465,0.0007093478925526142,0.9988362193107605,4,0.5431475639343262,False,"['PBMD', 'PBMD', 'PBMD', 'PBMD', 'PBMD']","[468502519163906239, 468502519163618635, 468502519163133464, 468502519163709284, 468502519163763911]","[0.7765709757804871, 0.7751526832580566, 0.7866082787513733, 0.7750421166419983, 0.7743655443191528]"
510,MEDQA,0.9897957444190979,0.0021651694551110268,0.0011589316418394446,0.0016862356569617987,0.005193971563130617,0,0.5147113800048828,False,"['PBMD', 'PBMD', 'PBMD', 'TEXT', 'TEXT']","[468502519163747001, 468502519163815432, 468502519163708029, 468502519162340877, 468502519162340910]","[0.7561267614364624, 0.755700409412384, 0.7556462287902832, 0.765930712223053, 0.7582956552505493]"
511,MEDQA,0.12502004206180573,0.027895741164684296,0.01691962219774723,0.014931514859199524,0.815233051776886,0,0.42084169387817383,False,"['PBMD', 'PBMD', 'TEXT', 'TEXT', 'PBMD']","[468502519163077858, 468502519163519169, 468502519162392467, 468502519162390966, 468502519163890815]","[0.765789270401001, 0.770732581615448, 0.7891523838043213, 0.7964953184127808, 0.7728750705718994]"
512,MEDQA,0.5359251499176025,0.36833563446998596,0.03882228955626488,0.026682142168283463,0.03023482859134674,1,0.28020620346069336,False,"['TEXT', 'STAT', 'STAT', 'TEXT', 'STAT']","[468502519162326071, 468502519162452594, 468502519162469804, 468502519162394177, 468502519162469814]","[0.8015186190605164, 0.8086493611335754, 0.8163841962814331, 0.8279474973678589, 0.8023673892021179]"
513,MEDQA,0.09786476939916611,0.09786476939916611,0.18283545970916748,0.43859946727752686,0.18283545970916748,3,0.472015380859375,False,"['TEXT', 'TEXT', 'PBMD', 'PBMD', 'STAT']","[468502519162394635, 468502519162294194, 468502519163542491, 468502519163055672, 468502519162719804]","[0.8104464411735535, 0.7737396955490112, 0.772895872592926, 0.775766134262085, 0.7754141092300415]"
514,MEDQA,0.014737267978489399,0.04539398103952408,0.05143812298774719,0.5530118942260742,0.3354186713695526,1,0.39795875549316406,False,"['PBMD', 'PBMD', 'PBMD', 'PBMD', 'TEXT']","[468502519163971833, 468502519163439478, 468502519163655113, 468502519163506817, 468502519162395513]","[0.7953832149505615, 0.7992968559265137, 0.7944848537445068, 0.8116415739059448, 0.791477620601654]"
515,MEDQA,0.08098682016134262,0.2826717793941498,0.13352468609809875,0.2826717793941498,0.22014500200748444,3,0.4026916027069092,False,"['STAT', 'STAT', 'PBMD', 'STAT', 'STAT']","[468502519162741766, 468502519162775706, 468502519163694595, 468502519162431892, 468502519162761256]","[0.7579452395439148, 0.7605090141296387, 0.7577227354049683, 0.7643653750419617, 0.7630439400672913]"
516,MEDQA,0.0012856855755671859,0.0007798077422194183,0.9690266847610474,0.0030841997358947992,0.0258236862719059,4,0.4262199401855469,False,"['PBMD', 'PBMD', 'TEXT', 'PBMD', 'TEXT']","[468502519163880224, 468502519163564957, 468502519162394632, 468502519163811171, 468502519162394476]","[0.7673830986022949, 0.7621972560882568, 0.7519220113754272, 0.7607532143592834, 0.7702379822731018]"
517,MEDQA,0.19703233242034912,0.5355893969535828,0.05645070597529411,0.10546381026506424,0.10546381026506424,1,0.42740654945373535,False,"['PBMD', 'PBMD', 'PBMD', 'PBMD', 'PBMD']","[468502519163485434, 468502519163540509, 468502519163664819, 468502519163361522, 468502519163231539]","[0.7770420908927917, 0.7709947228431702, 0.7977436184883118, 0.7897557020187378, 0.7741387486457825]"
518,MEDQA,0.07258710265159607,0.09320367872714996,0.7803848385810852,0.030258802697062492,0.02356558106839657,2,0.484544038772583,False,"['PBMD', 'PBMD', 'PBMD', 'TEXT', 'STAT']","[468502519163678525, 468502519163270239, 468502519163511990, 468502519162307240, 468502519162708012]","[0.7780869007110596, 0.7650522589683533, 0.767085075378418, 0.7701612710952759, 0.7714241743087769]"
519,MEDQA,0.2862485349178314,0.10530494898557663,0.15321780741214752,0.4164891541004181,0.03873952850699425,3,0.5028069019317627,False,"['PBMD', 'STAT', 'PBMD', 'PBMD', 'PBMD']","[468502519163394544, 468502519162721515, 468502519163111999, 468502519163787420, 468502519163968794]","[0.7900729775428772, 0.7885684967041016, 0.8046683073043823, 0.7999443411827087, 0.7964520454406738]"
520,MEDQA,0.05424638092517853,0.4541993737220764,0.029035992920398712,0.008318952284753323,0.4541993737220764,1,0.42354345321655273,False,"['TEXT', 'PBMD', 'PBMD', 'STAT', 'PBMD']","[468502519162370081, 468502519163711242, 468502519163061538, 468502519162730442, 468502519162992690]","[0.7948462963104248, 0.7741991877555847, 0.7735111713409424, 0.7720018625259399, 0.773226797580719]"
521,MEDQA,0.928204357624054,0.03176140412688255,0.015003025531768799,0.008030541241168976,0.017000656574964523,0,0.47348833084106445,False,"['TEXT', 'PBMD', 'PBMD', 'PBMD', 'PBMD']","[468502519162294486, 468502519163607230, 468502519163696396, 468502519163542125, 468502519163315923]","[0.8039406538009644, 0.7851889729499817, 0.783380389213562, 0.7972204089164734, 0.7839174270629883]"
522,MEDQA,0.31078216433525085,0.18849891424179077,0.31078216433525085,0.1008961945772171,0.08904058486223221,3,0.5238759517669678,False,"['TEXT', 'PBMD', 'PBMD', 'PBMD', 'PBMD']","[468502519162419101, 468502519163688651, 468502519163218648, 468502519163579217, 468502519163738017]","[0.7740406394004822, 0.7878031730651855, 0.7781361937522888, 0.7790715098381042, 0.7768740653991699]"
523,MEDQA,0.010890256613492966,0.0021444186568260193,0.003120110835880041,0.0035355486907064915,0.9803096652030945,4,0.4080696105957031,False,"['STAT', 'TEXT', 'TEXT', 'TEXT', 'PBMD']","[468502519162858362, 468502519162378039, 468502519162414133, 468502519162414115, 468502519163527104]","[0.8004999756813049, 0.7996302843093872, 0.7950220108032227, 0.8006656169891357, 0.7874497175216675]"
524,MEDQA,0.0919836089015007,0.03834447264671326,0.15165534615516663,0.03834447264671326,0.6796720623970032,1,0.36438703536987305,False,"['PBMD', 'PBMD', 'PBMD', 'PBMD', 'PBMD']","[468502519163016853, 468502519163960983, 468502519163200986, 468502519163155001, 468502519163388751]","[0.8016841411590576, 0.7956043481826782, 0.7943568825721741, 0.8045104742050171, 0.7941401600837708]"
525,MEDQA,0.15669356286525726,0.08387202769517899,0.034963060170412064,0.546914279460907,0.1775570660829544,4,0.48340582847595215,False,"['PBMD', 'PBMD', 'PBMD', 'STAT', 'PBMD']","[468502519163665953, 468502519163550160, 468502519163731071, 468502519162468514, 468502519163899266]","[0.7864991426467896, 0.7770785093307495, 0.7744371891021729, 0.7764460444450378, 0.7914791107177734]"
526,MEDQA,0.3981579840183258,0.08884105831384659,0.08884105831384659,0.11407417804002762,0.3100857436656952,3,0.5149407386779785,False,"['TEXT', 'PBMD', 'TEXT', 'TEXT', 'PBMD']","[468502519162392811, 468502519163630784, 468502519162390647, 468502519162329155, 468502519163897008]","[0.7680426239967346, 0.7621529698371887, 0.7579243779182434, 0.7611009478569031, 0.774980902671814]"
527,MEDQA,0.8253772854804993,0.046564601361751556,0.03200335055589676,0.03626454621553421,0.05979013070464134,0,0.39125871658325195,False,"['TEXT', 'TEXT', 'STAT', 'PBMD', 'TEXT']","[468502519162338206, 468502519162327191, 468502519162468514, 468502519163521334, 468502519162395513]","[0.76542067527771, 0.7813674211502075, 0.7851321697235107, 0.7709035277366638, 0.7721295356750488]"
528,MEDQA,0.7958511114120483,0.050877057015895844,0.07402569055557251,0.039623092859983444,0.039623092859983444,3,0.35836267471313477,False,"['TEXT', 'PBMD', 'PBMD', 'PBMD', 'PBMD']","[468502519162311164, 468502519163359677, 468502519163169169, 468502519163503805, 468502519163473917]","[0.7674695253372192, 0.7636488676071167, 0.7538034319877625, 0.761060357093811, 0.7836170792579651]"
529,MEDQA,0.008510511368513107,0.00048013016930781305,0.983681321144104,0.0014789049746468663,0.0058491830714046955,2,0.5410523414611816,False,"['PBMD', 'PBMD', 'PBMD', 'PBMD', 'PBMD']","[468502519163673273, 468502519163454495, 468502519163759561, 468502519163982406, 468502519163382610]","[0.7666440606117249, 0.7650979161262512, 0.757895827293396, 0.7658519744873047, 0.7689434289932251]"
530,MEDQA,0.0019203552510589361,0.000428489176556468,0.002176047535613179,0.0007064591627568007,0.9947686195373535,0,0.42782020568847656,False,"['STAT', 'TEXT', 'PBMD', 'PBMD', 'PBMD']","[468502519162779121, 468502519162356049, 468502519163692458, 468502519163751643, 468502519163635429]","[0.77211594581604, 0.7537953853607178, 0.7606828808784485, 0.7631628513336182, 0.7551048398017883]"
531,MEDQA,0.2811121642589569,0.10341538488864899,0.24808062613010406,0.31854182481765747,0.04884997382760048,3,0.500352144241333,False,"['STAT', 'PBMD', 'PBMD', 'STAT', 'PBMD']","[468502519162877467, 468502519163173711, 468502519163532771, 468502519162763387, 468502519163989752]","[0.7938650846481323, 0.7875170707702637, 0.791681170463562, 0.7929277420043945, 0.7900459170341492]"
532,MEDQA,0.05160873010754585,0.7124364972114563,0.07509025186300278,0.10925567895174026,0.05160873010754585,1,0.45041942596435547,False,"['PBMD', 'TEXT', 'TEXT', 'TEXT', 'PBMD']","[468502519163536955, 468502519162352298, 468502519162367439, 468502519162358051, 468502519163587248]","[0.7639647722244263, 0.7722100019454956, 0.7643228769302368, 0.7782680988311768, 0.7569608688354492]"
533,MEDQA,0.02850056067109108,0.7350391745567322,0.12773065268993378,0.009252778254449368,0.09947673231363297,1,0.4329957962036133,False,"['PBMD', 'PBMD', 'PBMD', 'PBMD', 'PBMD']","[468502519163686766, 468502519163676539, 468502519163721119, 468502519163443293, 468502519163758108]","[0.8619930744171143, 0.8633278608322144, 0.8368179202079773, 0.8395898342132568, 0.8385847210884094]"
534,MEDQA,0.0023304088972508907,0.003842194564640522,0.9401540160179138,0.01721952110528946,0.036453727632761,2,0.358259916305542,False,"['STAT', 'STAT', 'STAT', 'TEXT', 'PBMD']","[468502519162825358, 468502519162477246, 468502519162909941, 468502519162328245, 468502519163515557]","[0.7807209491729736, 0.7917275428771973, 0.7763166427612305, 0.7737864851951599, 0.7718641757965088]"
535,MEDQA,0.2743394076824188,0.04767303913831711,0.03712780028581619,0.4523092210292816,0.18855053186416626,3,0.9735026359558105,False,"['PBMD', 'PBMD', 'PBMD', 'PBMD', 'PBMD']","[468502519163875774, 468502519163700077, 468502519163863186, 468502519163793203, 468502519163721290]","[0.7877359390258789, 0.812167763710022, 0.7862085103988647, 0.793637216091156, 0.7922155857086182]"
536,MEDQA,0.037447694689035416,0.022713175043463707,0.033047474920749664,0.054486073553562164,0.8523055911064148,4,0.47025203704833984,False,"['STAT', 'TEXT', 'PBMD', 'PBMD', 'PBMD']","[468502519162695295, 468502519162413274, 468502519163087093, 468502519163653302, 468502519163975523]","[0.7890840172767639, 0.7899801135063171, 0.7748376131057739, 0.7673688530921936, 0.7652506828308105]"
537,MEDQA,0.7377358078956604,0.017349883913993835,0.08810997754335403,0.02860512025654316,0.1281992644071579,0,0.5788183212280273,False,"['PBMD', 'STAT', 'TEXT', 'TEXT', 'STAT']","[468502519163750906, 468502519162935483, 468502519162392601, 468502519162364781, 468502519162829570]","[0.7685362696647644, 0.7653250694274902, 0.7724635601043701, 0.7757219076156616, 0.7694741487503052]"
538,MEDQA,0.299775630235672,0.0405702218413353,0.0405702218413353,0.5600546002388,0.059029318392276764,0,0.37747931480407715,False,"['TEXT', 'PBMD', 'PBMD', 'PBMD', 'PBMD']","[468502519162395018, 468502519163338689, 468502519163137238, 468502519163324309, 468502519163414604]","[0.7966234087944031, 0.7800664901733398, 0.7794012427330017, 0.780002236366272, 0.7841629981994629]"
539,MEDQA,0.0035283619072288275,0.0006947756628505886,0.01086812000721693,0.0065918476320803165,0.9783169627189636,4,0.3719167709350586,False,"['TEXT', 'STAT', 'TEXT', 'PBMD', 'PBMD']","[468502519162350695, 468502519162471461, 468502519162385292, 468502519163961772, 468502519163770448]","[0.7878822088241577, 0.791517972946167, 0.8013043403625488, 0.8014482259750366, 0.7887885570526123]"
540,MEDQA,0.0011545461602509022,0.000700267672073096,0.007528586778789759,0.004566318821161985,0.9860503077507019,4,0.3835015296936035,False,"['PBMD', 'PBMD', 'PBMD', 'PBMD', 'PBMD']","[468502519163356849, 468502519163659697, 468502519163481884, 468502519163243257, 468502519163256634]","[0.7516248226165771, 0.7579604387283325, 0.7551583051681519, 0.7700349688529968, 0.7596439123153687]"
541,MEDQA,0.09258399158716202,0.030057620257139206,0.07210448384284973,0.030057620257139206,0.7751962542533875,0,0.44695091247558594,False,"['PBMD', 'PBMD', 'PBMD', 'PBMD', 'PBMD']","[468502519163629257, 468502519163189015, 468502519163859872, 468502519163233012, 468502519163511874]","[0.7920559644699097, 0.7886690497398376, 0.787013828754425, 0.7975022792816162, 0.786454439163208]"
542,MEDQA,0.10785798728466034,0.0839998871088028,0.37646135687828064,0.1384923905134201,0.2931883931159973,2,0.44651365280151367,False,"['PBMD', 'PBMD', 'PBMD', 'STAT', 'PBMD']","[468502519163024410, 468502519163524139, 468502519163595532, 468502519162755524, 468502519163832945]","[0.8211093544960022, 0.8254948258399963, 0.8459914326667786, 0.8293277025222778, 0.8259857296943665]"
543,MEDQA,0.007271093782037497,0.00499734515324235,0.8404241800308228,0.1460438221693039,0.0012635266175493598,2,0.44300127029418945,False,"['TEXT', 'TEXT', 'PBMD', 'PBMD', 'PBMD']","[468502519162412554, 468502519162294494, 468502519163670888, 468502519163188285, 468502519163953870]","[0.7734091877937317, 0.7911909818649292, 0.773590087890625, 0.79741370677948, 0.7864813804626465]"
544,MEDQA,0.15468628704547882,0.25503459572792053,0.4764673113822937,0.05690590664744377,0.05690590664744377,2,0.50992751121521,False,"['STAT', 'PBMD', 'STAT', 'PBMD', 'PBMD']","[468502519162440789, 468502519163560180, 468502519162914842, 468502519163222154, 468502519163800347]","[0.7797084450721741, 0.7656767964363098, 0.7667747139930725, 0.7620035409927368, 0.767498254776001]"
545,MEDQA,0.009203124791383743,0.0038364334031939507,0.011817047372460365,0.938744306564331,0.03639906644821167,3,0.45749640464782715,False,"['STAT', 'TEXT', 'PBMD', 'PBMD', 'PBMD']","[468502519162871672, 468502519162359454, 468502519163571624, 468502519163119474, 468502519163119318]","[0.7939274311065674, 0.7908557057380676, 0.8027747869491577, 0.8092362880706787, 0.788692831993103]"
546,MEDQA,0.00402311235666275,0.0016770827351137996,0.00402311235666275,0.9844231009483337,0.005853593815118074,3,0.5839788913726807,False,"['PBMD', 'PBMD', 'PBMD', 'PBMD', 'PBMD']","[468502519163664672, 468502519163867513, 468502519163721290, 468502519163069769, 468502519163698496]","[0.7685618996620178, 0.7655497789382935, 0.7614932656288147, 0.778601348400116, 0.7631760835647583]"
547,MEDQA,0.05001049488782883,0.02084747515618801,0.1745537668466568,0.6903735399246216,0.06421474367380142,4,0.44143033027648926,False,"['PBMD', 'TEXT', 'PBMD', 'TEXT', 'TEXT']","[468502519163756702, 468502519162390966, 468502519163784115, 468502519162390647, 468502519162391331]","[0.7609635591506958, 0.8008629679679871, 0.7645844221115112, 0.7628942728042603, 0.782214879989624]"
548,MEDQA,0.2657454311847687,0.06719096750020981,0.09776227921247482,0.18264397978782654,0.38665732741355896,4,0.6547808647155762,False,"['PBMD', 'PBMD', 'PBMD', 'PBMD', 'PBMD']","[468502519163671392, 468502519163780832, 468502519163759232, 468502519163568051, 468502519163809693]","[0.8566001057624817, 0.8263015747070312, 0.8257178664207458, 0.8257904648780823, 0.8248926401138306]"
549,MEDQA,0.2574061155319214,0.6997023820877075,0.016455423086881638,0.016455423086881638,0.009980717673897743,1,0.4708404541015625,False,"['TEXT', 'PBMD', 'TEXT', 'TEXT', 'PBMD']","[468502519162384280, 468502519163505074, 468502519162352351, 468502519162416480, 468502519163395982]","[0.7977807521820068, 0.8017745018005371, 0.7969110608100891, 0.8035755157470703, 0.796927273273468]"
550,MEDQA,0.2989850342273712,0.1412305384874344,0.05195580795407295,0.4929429888725281,0.01488558854907751,0,0.22921085357666016,False,"['STAT', 'STAT', 'STAT', 'TEXT', 'STAT']","[468502519162786160, 468502519162474910, 468502519162474906, 468502519162332852, 468502519162475015]","[0.793845534324646, 0.8051396012306213, 0.7998881936073303, 0.798393726348877, 0.7816625237464905]"
551,MEDQA,0.12205534428358078,0.06533151865005493,0.06533151865005493,0.04490165039896965,0.7023800015449524,0,0.528325080871582,False,"['PBMD', 'PBMD', 'PBMD', 'TEXT', 'PBMD']","[468502519163666425, 468502519163641079, 468502519163598588, 468502519162297262, 468502519163832900]","[0.7879870533943176, 0.7852783203125, 0.7896894812583923, 0.7863445281982422, 0.7855681777000427]"
552,MEDQA,0.1618577539920807,0.26685830950737,0.12605492770671844,0.1428389549255371,0.30239006876945496,1,0.5920717716217041,False,"['PBMD', 'PBMD', 'PBMD', 'PBMD', 'PBMD']","[468502519163192500, 468502519163841957, 468502519163959911, 468502519163390130, 468502519163185062]","[0.793571412563324, 0.79432612657547, 0.7869656682014465, 0.7946839928627014, 0.788520097732544]"
553,MEDQA,7.477692270185798e-05,0.998999297618866,0.0001583027478773147,5.823632818646729e-05,0.000709463725797832,1,0.28282713890075684,False,"['STAT', 'TEXT', 'STAT', 'TEXT', 'STAT']","[468502519162766170, 468502519162345108, 468502519162440416, 468502519162394282, 468502519162440343]","[0.8037230968475342, 0.7986588478088379, 0.8118646740913391, 0.8033239841461182, 0.7912668585777283]"
554,MEDQA,0.20000189542770386,0.4234040379524231,0.1374591588973999,0.08337319642305374,0.15576164424419403,0,0.4037318229675293,False,"['TEXT', 'STAT', 'PBMD', 'PBMD', 'PBMD']","[468502519162357178, 468502519162937354, 468502519163692458, 468502519163722532, 468502519163626246]","[0.7725820541381836, 0.7746948003768921, 0.7968332767486572, 0.7893211841583252, 0.7940508127212524]"
555,MEDQA,0.0027546363417059183,0.0024309582076966763,0.9807184934616089,0.007487878203392029,0.0066080293618142605,2,0.3667638301849365,False,"['PBMD', 'TEXT', 'PBMD', 'PBMD', 'STAT']","[468502519163384526, 468502519162370266, 468502519163491173, 468502519162993722, 468502519162856935]","[0.7476019859313965, 0.7604007720947266, 0.7479360103607178, 0.7502188682556152, 0.7448272705078125]"
556,MEDQA,0.48343586921691895,0.057738181203603745,0.057738181203603745,0.10786912590265274,0.2932186722755432,0,0.402998685836792,False,"['PBMD', 'PBMD', 'STAT', 'TEXT', 'STAT']","[468502519163748202, 468502519163107538, 468502519162746196, 468502519162379170, 468502519162766500]","[0.7771191000938416, 0.7690311670303345, 0.7734878659248352, 0.7802565693855286, 0.7774534821510315]"
557,MEDQA,0.0016778548015281558,0.0019012584816664457,0.984876275062561,0.004024964291602373,0.007519623264670372,2,0.4120352268218994,False,"['PBMD', 'TEXT', 'PBMD', 'PBMD', 'PBMD']","[468502519163979886, 468502519162394786, 468502519163883950, 468502519163360454, 468502519163910424]","[0.7574803233146667, 0.7835080623626709, 0.7586788535118103, 0.7604920864105225, 0.7637187242507935]"
558,MEDQA,0.013306977227330208,0.01936153881251812,0.9328911900520325,0.015078781172633171,0.01936153881251812,2,0.41539502143859863,False,"['STAT', 'PBMD', 'STAT', 'TEXT', 'PBMD']","[468502519162749091, 468502519163107538, 468502519162773785, 468502519162379170, 468502519163817572]","[0.780225932598114, 0.7696712017059326, 0.7638378739356995, 0.7835710644721985, 0.769433856010437]"
559,MEDQA,0.00026092067128047347,0.9987066984176636,0.0002956618554890156,2.75008369499119e-05,0.0007092559244483709,1,0.1925051212310791,False,"['PBMD', 'PBMD', 'PBMD', 'PBMD', 'PBMD']","[468502519163207214, 468502519163424251, 468502519163288919, 468502519163308652, 468502519163255386]","[0.7079806327819824, 0.7072945237159729, 0.705129861831665, 0.7072780132293701, 0.7081682682037354]"
560,MEDQA,0.4428086280822754,0.06790690869092941,0.0769486054778099,0.14375890791416168,0.2685770094394684,0,0.5742635726928711,False,"['PBMD', 'PBMD', 'PBMD', 'TEXT', 'TEXT']","[468502519163941249, 468502519163645357, 468502519163759343, 468502519162394476, 468502519162391331]","[0.7919870018959045, 0.7817915081977844, 0.7815724611282349, 0.777230978012085, 0.7852375507354736]"
561,MEDQA,0.0011336739407852292,0.0008829061407595873,0.003956911154091358,0.9682241678237915,0.02580229938030243,3,0.5171289443969727,False,"['PBMD', 'PBMD', 'PBMD', 'PBMD', 'PBMD']","[468502519163924157, 468502519163389497, 468502519163165923, 468502519163978797, 468502519163733264]","[0.7830888032913208, 0.7806218266487122, 0.7898024320602417, 0.7688537240028381, 0.7884252667427063]"
562,MEDQA,0.00012335790961515158,0.9995794892311096,7.482035289285704e-05,1.891754800453782e-05,0.00020338280592113733,1,0.3819437026977539,False,"['STAT', 'PBMD', 'STAT', 'TEXT', 'STAT']","[468502519162821803, 468502519163807372, 468502519162453685, 468502519162348789, 468502519162812264]","[0.7882022857666016, 0.796886146068573, 0.7962939739227295, 0.7919954061508179, 0.8106041550636292]"
563,MEDQA,0.3140171468257904,0.0016478108009323478,0.012175766751170158,0.00738497544080019,0.6647742986679077,0,0.44603514671325684,False,"['PBMD', 'PBMD', 'PBMD', 'STAT', 'PBMD']","[468502519163176100, 468502519163509613, 468502519163150854, 468502519162704735, 468502519163305596]","[0.8068361878395081, 0.814276397228241, 0.7966134548187256, 0.8087033629417419, 0.8081789016723633]"
564,MEDQA,0.08138987421989441,0.13418921828269958,0.17230236530303955,0.5307286381721497,0.08138987421989441,0,0.42728400230407715,False,"['PBMD', 'TEXT', 'PBMD', 'PBMD', 'PBMD']","[468502519163992846, 468502519162390845, 468502519163636623, 468502519163735282, 468502519163994508]","[0.7508654594421387, 0.7463432550430298, 0.742074728012085, 0.7661721110343933, 0.767620325088501]"
565,MEDQA,0.06750340014696121,0.011730331927537918,0.8223598003387451,0.011730331927537918,0.08667608350515366,2,0.4687352180480957,False,"['PBMD', 'PBMD', 'PBMD', 'PBMD', 'PBMD']","[468502519163655074, 468502519163716648, 468502519163543372, 468502519163092246, 468502519163983589]","[0.8008182644844055, 0.8038867712020874, 0.7870391607284546, 0.8036956191062927, 0.784935712814331]"
566,MEDQA,0.05369781702756882,0.6541733145713806,0.07812986522912979,0.1003207340836525,0.11367827653884888,1,0.5545179843902588,False,"['TEXT', 'TEXT', 'PBMD', 'PBMD', 'PBMD']","[468502519162294486, 468502519162412554, 468502519163692458, 468502519163711373, 468502519163542125]","[0.7873855233192444, 0.7904661297798157, 0.7877202033996582, 0.7871267795562744, 0.7819937467575073]"
567,MEDQA,0.06627614796161652,0.027628010138869286,0.040198516100645065,0.058488499373197556,0.8074088096618652,4,0.3810255527496338,False,"['PBMD', 'STAT', 'STAT', 'STAT', 'PBMD']","[468502519163564656, 468502519162487977, 468502519162910477, 468502519162878739, 468502519163536955]","[0.7672220468521118, 0.777905285358429, 0.7604822516441345, 0.7604821920394897, 0.7571477293968201]"
568,MEDQA,0.9997026324272156,0.00013980004587210715,6.60368605167605e-05,1.6696734746801667e-05,7.482957153115422e-05,0,0.3929750919342041,False,"['PBMD', 'TEXT', 'PBMD', 'STAT', 'PBMD']","[468502519163582365, 468502519162414684, 468502519163732028, 468502519162857100, 468502519163814088]","[0.830085813999176, 0.8095768690109253, 0.8086942434310913, 0.7995116710662842, 0.817901074886322]"
569,MEDQA,0.00015572033589705825,0.01091683842241764,0.0016741515137255192,0.9827024936676025,0.0045508150942623615,1,0.5213100910186768,False,"['PBMD', 'STAT', 'STAT', 'TEXT', 'STAT']","[468502519163605171, 468502519162437009, 468502519162904691, 468502519162360870, 468502519162455367]","[0.773065447807312, 0.784508228302002, 0.7816224098205566, 0.7896719574928284, 0.7748254537582397]"
570,MEDQA,0.7895879745483398,0.044545505195856094,0.027018213644623756,0.044545505195856094,0.09430284053087234,0,0.3698399066925049,False,"['STAT', 'STAT', 'STAT', 'PBMD', 'PBMD']","[468502519162450679, 468502519162450681, 468502519162450672, 468502519163958465, 468502519163533074]","[0.7541806697845459, 0.7606641054153442, 0.7457897663116455, 0.7545733451843262, 0.752265214920044]"
571,MEDQA,0.001433950150385499,0.008251813240349293,0.953779935836792,0.032636553049087524,0.003897880669683218,2,0.4540719985961914,False,"['PBMD', 'PBMD', 'PBMD', 'PBMD', 'PBMD']","[468502519163570821, 468502519163631452, 468502519163537989, 468502519163976518, 468502519163001743]","[0.7699493169784546, 0.776634156703949, 0.7910252213478088, 0.7933276891708374, 0.791553258895874]"
572,MEDQA,0.030621502548456192,0.012764940969645977,0.8948915004730225,0.03469870984554291,0.027023382484912872,2,0.2549729347229004,False,"['STAT', 'STAT', 'STAT', 'PBMD', 'STAT']","[468502519162926191, 468502519162842901, 468502519162439175, 468502519163065047, 468502519162832865]","[0.7387235760688782, 0.759010910987854, 0.7564570307731628, 0.7472686171531677, 0.7450132369995117]"
573,MEDQA,0.11219615489244461,0.032144736498594284,0.6456443071365356,0.04677031934261322,0.16324444115161896,2,0.32877683639526367,False,"['STAT', 'TEXT', 'STAT', 'TEXT', 'PBMD']","[468502519162429583, 468502519162411157, 468502519162833871, 468502519162342970, 468502519163946011]","[0.7854391932487488, 0.7748532295227051, 0.786240816116333, 0.7822295427322388, 0.7892575860023499]"
574,MEDQA,0.07688844203948975,0.2090044468641281,0.5013756155967712,0.02828567661345005,0.18444578349590302,2,0.28964900970458984,False,"['STAT', 'STAT', 'TEXT', 'TEXT', 'TEXT']","[468502519162906485, 468502519162797047, 468502519162306698, 468502519162347362, 468502519162328873]","[0.7916681170463562, 0.7842514514923096, 0.7875239849090576, 0.7845223546028137, 0.7938461899757385]"
575,MEDQA,0.15539823472499847,0.4786602556705475,0.1371384561061859,0.15539823472499847,0.07340493053197861,2,0.361539363861084,False,"['PBMD', 'TEXT', 'PBMD', 'TEXT', 'PBMD']","[468502519163870167, 468502519162359865, 468502519163567267, 468502519162368388, 468502519163535027]","[0.7541857361793518, 0.7596575617790222, 0.7705943584442139, 0.7599364519119263, 0.750213623046875]"
576,MEDQA,0.004956393502652645,0.0034064759965986013,0.005616329610347748,0.9445213675498962,0.04149937257170677,4,0.37015509605407715,False,"['PBMD', 'TEXT', 'TEXT', 'TEXT', 'TEXT']","[468502519163617157, 468502519162329409, 468502519162336344, 468502519162336343, 468502519162307708]","[0.7954732179641724, 0.8286116123199463, 0.7998332977294922, 0.8065862655639648, 0.787215530872345]"
577,MEDQA,0.08211944997310638,0.36803382635116577,0.2529457211494446,0.2529457211494446,0.043955374509096146,1,0.5336415767669678,False,"['PBMD', 'PBMD', 'STAT', 'PBMD', 'PBMD']","[468502519163519169, 468502519163458262, 468502519162489774, 468502519163293102, 468502519163901679]","[0.7869939208030701, 0.784187912940979, 0.7954649329185486, 0.7851511240005493, 0.7799746990203857]"
578,MEDQA,0.0939982607960701,0.5409226417541504,0.10651398450136185,0.08295317739248276,0.17561186850070953,1,0.49717116355895996,False,"['PBMD', 'STAT', 'TEXT', 'PBMD', 'PBMD']","[468502519163791878, 468502519162808816, 468502519162393077, 468502519163761648, 468502519163984701]","[0.7600774765014648, 0.7665479183197021, 0.7996945977210999, 0.8017071485519409, 0.7604037523269653]"
579,MEDQA,0.1454375833272934,0.1867455542087555,0.3078913688659668,0.08821235597133636,0.27171316742897034,4,0.5777406692504883,False,"['PBMD', 'PBMD', 'STAT', 'PBMD', 'PBMD']","[468502519163896813, 468502519163571543, 468502519162928434, 468502519163674485, 468502519163096904]","[0.7919163703918457, 0.7880094051361084, 0.792896032333374, 0.7887226939201355, 0.7881116271018982]"
580,MEDQA,0.11816281080245972,0.19481752812862396,0.04346967115998268,0.6000802516937256,0.04346967115998268,0,0.4456288814544678,False,"['TEXT', 'PBMD', 'STAT', 'STAT', 'PBMD']","[468502519162361449, 468502519163765778, 468502519162853521, 468502519162910462, 468502519163292295]","[0.770579993724823, 0.7649582624435425, 0.7571715712547302, 0.7566821575164795, 0.7921444177627563]"
581,MEDQA,0.0717727318406105,0.029919322580099106,0.06333921104669571,0.06333921104669571,0.7716295123100281,3,0.5179111957550049,False,"['PBMD', 'PBMD', 'PBMD', 'PBMD', 'PBMD']","[468502519163586403, 468502519163969971, 468502519163485422, 468502519163816676, 468502519163573669]","[0.8043144345283508, 0.7773023247718811, 0.7855505347251892, 0.8001729249954224, 0.7889907360076904]"
582,MEDQA,0.5532394051551819,0.096138596534729,0.17961053550243378,0.07487281411886215,0.096138596534729,4,0.5200684070587158,False,"['PBMD', 'PBMD', 'PBMD', 'TEXT', 'TEXT']","[468502519163673410, 468502519163551696, 468502519163083062, 468502519162336141, 468502519162316878]","[0.7769372463226318, 0.7782741785049438, 0.7966269254684448, 0.7830312848091125, 0.7815462946891785]"
583,MEDQA,0.22875630855560303,0.08415474742650986,0.3771553933620453,0.20187674462795258,0.10805683583021164,4,0.4454803466796875,False,"['PBMD', 'PBMD', 'PBMD', 'PBMD', 'PBMD']","[468502519163642788, 468502519163246380, 468502519163987641, 468502519163965786, 468502519163764618]","[0.7639841437339783, 0.7624133229255676, 0.7875251770019531, 0.7703456878662109, 0.7788172960281372]"
584,MEDQA,0.09817712754011154,0.4985845983028412,0.14284688234329224,0.05255042761564255,0.20784097909927368,4,0.29303574562072754,False,"['STAT', 'STAT', 'STAT', 'STAT', 'STAT']","[468502519162916260, 468502519162462142, 468502519162790531, 468502519162815113, 468502519162486366]","[0.8226735591888428, 0.8362141847610474, 0.8009820580482483, 0.7947922348976135, 0.7977940440177917]"
585,MEDQA,0.0051464661955833435,0.0008943217108026147,0.006608193274587393,0.006608193274587393,0.9807428121566772,4,0.4114646911621094,False,"['STAT', 'TEXT', 'PBMD', 'PBMD', 'PBMD']","[468502519162774236, 468502519162412554, 468502519163692458, 468502519163663812, 468502519163889426]","[0.786057710647583, 0.7753005623817444, 0.7787344455718994, 0.7637117505073547, 0.7630598545074463]"
586,MEDQA,0.05491163581609726,0.7580317258834839,0.029392078518867493,0.02593841962516308,0.13172616064548492,1,0.34417104721069336,False,"['PBMD', 'PBMD', 'PBMD', 'PBMD', 'PBMD']","[468502519163519083, 468502519163297802, 468502519163836528, 468502519163157266, 468502519163906674]","[0.7739492058753967, 0.7741590738296509, 0.7783976197242737, 0.779865562915802, 0.7731242179870605]"
587,MEDQA,0.010679212398827076,0.04223710298538208,0.06145462766289711,0.03727411478757858,0.8483549356460571,4,0.4077591896057129,False,"['PBMD', 'TEXT', 'PBMD', 'PBMD', 'PBMD']","[468502519163156189, 468502519162378475, 468502519163700145, 468502519163958091, 468502519163860638]","[0.7499933242797852, 0.7751612067222595, 0.7940608263015747, 0.7544341087341309, 0.7443444132804871]"
588,MEDQA,0.6746007800102234,0.029639890417456627,0.06274764984846115,0.014000891707837582,0.21901080012321472,0,0.5192630290985107,False,"['PBMD', 'PBMD', 'PBMD', 'TEXT', 'PBMD']","[468502519163142330, 468502519163340386, 468502519163263267, 468502519162312947, 468502519163726005]","[0.7742292881011963, 0.7693703174591064, 0.767036497592926, 0.7597742080688477, 0.7624756693840027]"
589,MEDQA,0.005844057071954012,0.0006979730678722262,0.0040165577083826065,0.006622184067964554,0.9828192591667175,4,0.3017406463623047,False,"['STAT', 'STAT', 'TEXT', 'STAT', 'TEXT']","[468502519162490873, 468502519162490871, 468502519162295184, 468502519162490872, 468502519162295112]","[0.8115218877792358, 0.7849527597427368, 0.8026663064956665, 0.7783994674682617, 0.7811414003372192]"
590,MEDQA,0.06400740891695023,0.07252989709377289,0.6072853803634644,0.08218713849782944,0.1739901751279831,2,0.4662313461303711,False,"['PBMD', 'STAT', 'PBMD', 'PBMD', 'PBMD']","[468502519163532392, 468502519162927197, 468502519163836246, 468502519163147842, 468502519163550160]","[0.7692351341247559, 0.7736033201217651, 0.781425416469574, 0.7723077535629272, 0.776787519454956]"
591,MEDQA,0.023246226832270622,0.3209042549133301,0.41204923391342163,0.22055406868457794,0.023246226832270622,2,0.4301743507385254,False,"['PBMD', 'PBMD', 'PBMD', 'PBMD', 'TEXT']","[468502519163671068, 468502519163897669, 468502519163908514, 468502519163157170, 468502519162375137]","[0.7909841537475586, 0.7893147468566895, 0.8062955737113953, 0.7945107221603394, 0.8019116520881653]"
592,MEDQA,0.02056034654378891,0.7715213298797607,0.04932170733809471,0.006674967240542173,0.15192155539989471,1,0.43811655044555664,False,"['PBMD', 'PBMD', 'PBMD', 'PBMD', 'PBMD']","[468502519163562368, 468502519163550397, 468502519163804261, 468502519163738503, 468502519163566825]","[0.7648088932037354, 0.7635986804962158, 0.7724495530128479, 0.7601256966590881, 0.7615088820457458]"
593,MEDQA,0.023839611560106277,0.009937828406691551,0.014459455385804176,0.8945748209953308,0.0571882538497448,3,0.45699405670166016,False,"['PBMD', 'PBMD', 'PBMD', 'PBMD', 'PBMD']","[468502519163752088, 468502519163769421, 468502519163778876, 468502519163878253, 468502519163735478]","[0.7780570983886719, 0.7698146104812622, 0.7732115387916565, 0.765048623085022, 0.76500403881073]"
594,MEDQA,0.9576902389526367,0.009388864040374756,0.0023738769814372063,0.02552158012986183,0.005025497172027826,3,0.3749353885650635,False,"['PBMD', 'TEXT', 'PBMD', 'TEXT', 'PBMD']","[468502519163489889, 468502519162307148, 468502519163778867, 468502519162413120, 468502519163732140]","[0.7962133884429932, 0.7816328406333923, 0.7988282442092896, 0.7812595367431641, 0.7887413501739502]"
595,MEDQA,0.9853803515434265,0.010946586728096008,0.0004809594538528472,0.0004244452284183353,0.0027677305042743683,1,0.40274715423583984,False,"['STAT', 'STAT', 'PBMD', 'PBMD', 'PBMD']","[468502519162808942, 468502519162703928, 468502519163284563, 468502519163393906, 468502519163617629]","[0.7798131108283997, 0.795796275138855, 0.7834081649780273, 0.7855180501937866, 0.7933181524276733]"
596,MEDQA,0.08160997182130814,0.28484678268432617,0.07202054560184479,0.19577215611934662,0.3657505214214325,2,0.45653438568115234,False,"['PBMD', 'PBMD', 'PBMD', 'PBMD', 'PBMD']","[468502519163004733, 468502519163323021, 468502519163650025, 468502519163147726, 468502519163664219]","[0.7966014742851257, 0.8000349998474121, 0.783714771270752, 0.7971583604812622, 0.7908405065536499]"
597,MEDQA,0.01230805367231369,0.0035263164900243282,0.7614723443984985,0.004527880344539881,0.21816548705101013,2,0.3029663562774658,False,"['PBMD', 'PBMD', 'PBMD', 'PBMD', 'PBMD']","[468502519163741666, 468502519163191794, 468502519163096712, 468502519163087750, 468502519163079771]","[0.7683417201042175, 0.7707586288452148, 0.775460958480835, 0.7633385062217712, 0.7689844369888306]"
598,MEDQA,0.025868501514196396,0.020146409049630165,0.7559884190559387,0.029312850907444954,0.16868382692337036,1,0.3478727340698242,False,"['PBMD', 'PBMD', 'PBMD', 'STAT', 'STAT']","[468502519163856232, 468502519163304887, 468502519163962886, 468502519162811808, 468502519162811829]","[0.7686774730682373, 0.7724193930625916, 0.782020628452301, 0.7772440910339355, 0.7772440910339355]"
599,MEDQA,0.05116114765405655,0.024166813120245934,0.0398443378508091,0.7062578201293945,0.1785699427127838,3,0.3724484443664551,False,"['PBMD', 'PBMD', 'PBMD', 'PBMD', 'PBMD']","[468502519163700543, 468502519163754973, 468502519163906057, 468502519163447824, 468502519163309111]","[0.7593615651130676, 0.7613014578819275, 0.7525027394294739, 0.7621214985847473, 0.7550414800643921]"
600,MEDQA,0.07649137824773788,0.011730330996215343,0.021915145218372345,0.06750340014696121,0.8223597407341003,4,0.3610978126525879,False,"['TEXT', 'TEXT', 'PBMD', 'PBMD', 'TEXT']","[468502519162324835, 468502519162323144, 468502519163755162, 468502519163735038, 468502519162324839]","[0.8481338024139404, 0.8435980081558228, 0.8394883871078491, 0.8309962749481201, 0.8353537917137146]"
601,MEDQA,5.1410170271992683e-05,1.8912744053523056e-05,5.1410170271992683e-05,0.000552711368072778,0.9993256330490112,4,0.4067521095275879,False,"['PBMD', 'PBMD', 'PBMD', 'PBMD', 'PBMD']","[468502519163822207, 468502519163820551, 468502519163822604, 468502519163815134, 468502519163181602]","[0.8251608610153198, 0.7974265813827515, 0.8026885986328125, 0.8003288507461548, 0.811181902885437]"
602,MEDQA,0.7014265060424805,0.17734839022159576,0.08377344906330109,0.002529738936573267,0.03492197021842003,0,0.4638092517852783,False,"['PBMD', 'TEXT', 'PBMD', 'PBMD', 'PBMD']","[468502519163927242, 468502519162394396, 468502519163767517, 468502519163896983, 468502519163501143]","[0.7851039171218872, 0.8138667345046997, 0.7703568935394287, 0.7850874662399292, 0.761038601398468]"
603,MEDQA,0.014355311170220375,0.6916776299476624,0.03902178257703781,0.05677635595202446,0.19816896319389343,1,0.38245630264282227,False,"['TEXT', 'PBMD', 'TEXT', 'TEXT', 'PBMD']","[468502519162329901, 468502519163737198, 468502519162307023, 468502519162379170, 468502519163732094]","[0.7781286835670471, 0.7758227586746216, 0.7753693461418152, 0.7948870658874512, 0.7772796154022217]"
604,MEDQA,0.9998213648796082,0.00012338775559328496,2.7531530577107333e-05,1.3004973880015314e-05,1.4736566299689002e-05,0,0.3565833568572998,False,"['TEXT', 'TEXT', 'STAT', 'PBMD', 'PBMD']","[468502519162307802, 468502519162387510, 468502519162780806, 468502519163705196, 468502519162995877]","[0.8034362196922302, 0.7701252698898315, 0.769543468952179, 0.7923440933227539, 0.8051059246063232]"
605,MEDQA,0.0011451768223196268,0.0014704361092299223,0.0035273930989205837,0.9780483245849609,0.015808679163455963,2,0.5028383731842041,False,"['PBMD', 'PBMD', 'PBMD', 'PBMD', 'PBMD']","[468502519163751558, 468502519163773159, 468502519163970418, 468502519163792318, 468502519163866976]","[0.761237382888794, 0.7711377143859863, 0.7733767628669739, 0.760482907295227, 0.7619508504867554]"
606,MEDQA,0.05729981139302254,0.0505669042468071,0.0505669042468071,0.0505669042468071,0.7909994721412659,4,0.3019237518310547,False,"['PBMD', 'PBMD', 'STAT', 'TEXT', 'TEXT']","[468502519163223364, 468502519163059681, 468502519162946880, 468502519162411888, 468502519162294839]","[0.7951221466064453, 0.7705647349357605, 0.7811208963394165, 0.7737089395523071, 0.792252779006958]"
607,MEDQA,0.0025600772351026535,0.003287204308435321,0.07481642067432404,0.9114506244659424,0.007885592989623547,3,0.42728376388549805,False,"['PBMD', 'PBMD', 'PBMD', 'PBMD', 'PBMD']","[468502519163761946, 468502519163538832, 468502519163761945, 468502519163969653, 468502519163280714]","[0.8317174911499023, 0.8021447062492371, 0.8317291140556335, 0.8296432495117188, 0.8019356727600098]"
608,MEDQA,0.001892650849185884,0.0013007986126467586,0.0005422534886747599,0.9804173707962036,0.015846971422433853,3,0.4814000129699707,False,"['PBMD', 'PBMD', 'PBMD', 'STAT', 'PBMD']","[468502519163220727, 468502519163470338, 468502519163939787, 468502519162961197, 468502519163387099]","[0.787253737449646, 0.7717912793159485, 0.7656320929527283, 0.770551860332489, 0.77992844581604]"
609,MEDQA,0.0006242640083655715,0.0004861772758886218,0.00132156687323004,0.001497531426139176,0.9960705041885376,4,0.30295348167419434,False,"['STAT', 'PBMD', 'PBMD', 'PBMD', 'STAT']","[468502519162948341, 468502519163334243, 468502519163339848, 468502519163335859, 468502519162902948]","[0.7953969240188599, 0.7992533445358276, 0.7932851314544678, 0.7964123487472534, 0.7941029071807861]"
610,MEDQA,0.46016523241996765,0.40609440207481384,0.09061190485954285,0.02291027642786503,0.020218249410390854,1,0.4907190799713135,False,"['STAT', 'PBMD', 'PBMD', 'STAT', 'STAT']","[468502519162914550, 468502519163337732, 468502519163918752, 468502519162917402, 468502519162465468]","[0.7905911207199097, 0.8069813251495361, 0.7941267490386963, 0.7897279858589172, 0.788494348526001]"
611,MEDQA,0.01179931778460741,0.013370377942919731,0.9373359084129333,0.009189317934215069,0.028305092826485634,2,0.31510210037231445,False,"['STAT', 'STAT', 'STAT', 'STAT', 'TEXT']","[468502519162808005, 468502519162489774, 468502519162774317, 468502519162949728, 468502519162328245]","[0.7810961008071899, 0.7879814505577087, 0.7796534299850464, 0.7834135890007019, 0.7788888216018677]"
612,MEDQA,0.24760569632053375,0.07094021886587143,0.1928355097770691,0.08038580417633057,0.40823277831077576,1,0.4889650344848633,False,"['PBMD', 'PBMD', 'PBMD', 'PBMD', 'PBMD']","[468502519163699948, 468502519163922895, 468502519163987641, 468502519163915370, 468502519163402685]","[0.7811869382858276, 0.7747238874435425, 0.7803109884262085, 0.7705278396606445, 0.7686194777488708]"
613,MEDQA,0.5444357395172119,0.12148004025220871,0.09460874646902084,0.08349192887544632,0.15598344802856445,3,0.37785792350769043,False,"['PBMD', 'STAT', 'STAT', 'TEXT', 'TEXT']","[468502519163059750, 468502519162833073, 468502519162861440, 468502519162418848, 468502519162335259]","[0.7571510672569275, 0.7623688578605652, 0.7673584222793579, 0.7646966576576233, 0.7758903503417969]"
614,MEDQA,0.3095887005329132,0.03263041004538536,0.07827628403902054,0.4504489004611969,0.12905576825141907,3,0.7120256423950195,False,"['PBMD', 'PBMD', 'PBMD', 'PBMD', 'PBMD']","[468502519163604900, 468502519163798144, 468502519163758492, 468502519163584491, 468502519163008557]","[0.7887452244758606, 0.79738450050354, 0.7925621271133423, 0.7991427779197693, 0.796195924282074]"
615,MEDQA,0.3850565254688263,0.09735753387212753,0.29988232254981995,0.18188782036304474,0.03581583872437477,0,0.4850881099700928,False,"['STAT', 'PBMD', 'PBMD', 'PBMD', 'PBMD']","[468502519162809378, 468502519163423182, 468502519163403443, 468502519163791399, 468502519163284503]","[0.7562627196311951, 0.7605419158935547, 0.7698291540145874, 0.7831923961639404, 0.7670109272003174]"
616,MEDQA,0.13745056092739105,0.03066936694085598,0.09446829557418823,0.03938024491071701,0.6980315446853638,4,0.4646036624908447,False,"['PBMD', 'PBMD', 'PBMD', 'PBMD', 'PBMD']","[468502519163461716, 468502519163188370, 468502519163164072, 468502519163063357, 468502519163988079]","[0.8188421130180359, 0.8118049502372742, 0.8220328688621521, 0.8209999203681946, 0.817449688911438]"
617,MEDQA,0.01075595524162054,0.9682202339172363,0.005757248029112816,0.0014556602109223604,0.013810919597744942,1,0.36417365074157715,False,"['STAT', 'PBMD', 'TEXT', 'PBMD', 'PBMD']","[468502519162940856, 468502519163804294, 468502519162305449, 468502519163798028, 468502519163538252]","[0.779629111289978, 0.7868489027023315, 0.7703757882118225, 0.7789981365203857, 0.779484212398529]"
618,MEDQA,0.09831599146127701,0.12624023854732513,0.26725056767463684,0.4406217038631439,0.06757152825593948,2,0.4475669860839844,False,"['TEXT', 'TEXT', 'PBMD', 'TEXT', 'STAT']","[468502519162394786, 468502519162395450, 468502519163179489, 468502519162395135, 468502519162437008]","[0.7600495219230652, 0.7517536282539368, 0.7554551959037781, 0.7532933354377747, 0.7459811568260193]"
619,MEDQA,0.27999043464660645,0.14986807107925415,0.10300271958112717,0.3172707259654999,0.14986807107925415,3,0.42313718795776367,False,"['PBMD', 'PBMD', 'PBMD', 'PBMD', 'PBMD']","[468502519163571800, 468502519163550809, 468502519163752009, 468502519163458694, 468502519163079743]","[0.7728291749954224, 0.7674611806869507, 0.7603727579116821, 0.7682960629463196, 0.7596431970596313]"
620,MEDQA,0.10550662875175476,0.6071487069129944,0.15351122617721558,0.014278769493103027,0.11955466866493225,2,0.38763952255249023,False,"['PBMD', 'STAT', 'PBMD', 'TEXT', 'PBMD']","[468502519163431300, 468502519162966593, 468502519163162650, 468502519162390966, 468502519163648254]","[0.7941339015960693, 0.7751374244689941, 0.7776644229888916, 0.7771661877632141, 0.7778210639953613]"
621,MEDQA,0.022597884759306908,0.007336458656936884,0.005713640246540308,0.0034654978662729263,0.9608864784240723,4,0.45214104652404785,False,"['STAT', 'PBMD', 'STAT', 'TEXT', 'STAT']","[468502519162768166, 468502519163930354, 468502519162694256, 468502519162336721, 468502519162968930]","[0.7462016344070435, 0.7516364455223083, 0.7372936010360718, 0.7426674962043762, 0.7627609968185425]"
622,MEDQA,0.10188861191272736,0.0700269490480423,0.6643971800804138,0.061798568814992905,0.10188861191272736,2,0.49370646476745605,False,"['PBMD', 'PBMD', 'PBMD', 'PBMD', 'PBMD']","[468502519163785234, 468502519163799610, 468502519163922895, 468502519163577791, 468502519163782000]","[0.8039300441741943, 0.7914761304855347, 0.8010459542274475, 0.7849845290184021, 0.7949429750442505]"
623,MEDQA,0.9401463270187378,0.03217003867030144,0.017219381406903267,0.009216870181262493,0.001247367705218494,0,0.3956937789916992,False,"['PBMD', 'PBMD', 'PBMD', 'PBMD', 'PBMD']","[468502519163777064, 468502519163980822, 468502519163227646, 468502519163761171, 468502519163625752]","[0.758521318435669, 0.7581005692481995, 0.7755464315414429, 0.7695689797401428, 0.7605892419815063]"
624,MEDQA,0.00033513247035443783,6.599149492103606e-05,0.0003797548415604979,0.00020326812227722257,0.9990158081054688,4,0.39385366439819336,False,"['STAT', 'PBMD', 'PBMD', 'STAT', 'PBMD']","[468502519162701633, 468502519163697494, 468502519163867636, 468502519162926425, 468502519163818594]","[0.8076424598693848, 0.7857492566108704, 0.7829177379608154, 0.7940788865089417, 0.7796116471290588]"
625,MEDQA,0.11734188348054886,0.15066996216773987,0.15066996216773987,0.5258898138999939,0.05542837828397751,2,0.35697436332702637,False,"['STAT', 'PBMD', 'PBMD', 'PBMD', 'PBMD']","[468502519162740278, 468502519163328465, 468502519163128626, 468502519163029478, 468502519163440022]","[0.8355721831321716, 0.8582596778869629, 0.829599916934967, 0.8265740871429443, 0.8284198641777039]"
626,MEDQA,0.024613460525870323,0.0079908212646842,0.019168982282280922,0.024613460525870323,0.9236133098602295,4,0.4154810905456543,False,"['TEXT', 'PBMD', 'TEXT', 'PBMD', 'PBMD']","[468502519162298811, 468502519163927355, 468502519162329176, 468502519163492562, 468502519163494827]","[0.7875710725784302, 0.7862714529037476, 0.797552227973938, 0.7817946076393127, 0.7829149961471558]"
627,MEDQA,0.04600319638848305,0.019176986068487167,0.2647301256656647,0.43646618723869324,0.23362351953983307,3,0.36420631408691406,False,"['PBMD', 'PBMD', 'STAT', 'TEXT', 'TEXT']","[468502519163308640, 468502519163958842, 468502519162727829, 468502519162373764, 468502519162375925]","[0.7762287855148315, 0.7820596694946289, 0.7880348563194275, 0.7822567224502563, 0.7853956818580627]"
628,MEDQA,0.015280376188457012,0.007217938546091318,0.834280252456665,0.015280376188457012,0.12794102728366852,2,0.652531623840332,False,"['PBMD', 'PBMD', 'PBMD', 'PBMD', 'PBMD']","[468502519163073882, 468502519163710546, 468502519163180504, 468502519163800830, 468502519163024756]","[0.7918220162391663, 0.7978564500808716, 0.8037225008010864, 0.7907766103744507, 0.7904520034790039]"
629,MEDQA,0.10985161364078522,0.07549984008073807,0.08555252104997635,0.09694371372461319,0.6321523785591125,4,0.37720823287963867,False,"['TEXT', 'STAT', 'PBMD', 'PBMD', 'PBMD']","[468502519162418213, 468502519162808942, 468502519163962921, 468502519163471660, 468502519163393906]","[0.770645022392273, 0.7741508483886719, 0.7801100015640259, 0.7802861928939819, 0.7686313986778259]"
630,MEDQA,0.07389376312494278,0.01868326961994171,0.030803503468632698,0.25791457295417786,0.6187049150466919,4,0.49734973907470703,False,"['PBMD', 'PBMD', 'STAT', 'PBMD', 'PBMD']","[468502519163514395, 468502519163315781, 468502519162454991, 468502519163107251, 468502519163882368]","[0.7810049653053284, 0.7782350778579712, 0.782667338848114, 0.7791019082069397, 0.781105637550354]"
631,MEDQA,0.13226693868637085,0.8624887466430664,0.0027451126370579004,0.0006125174113549292,0.0018866865430027246,1,0.4593033790588379,False,"['TEXT', 'TEXT', 'TEXT', 'PBMD', 'PBMD']","[468502519162307372, 468502519162395513, 468502519162341742, 468502519163575446, 468502519163797752]","[0.7754347324371338, 0.8073499798774719, 0.7821304798126221, 0.7880049347877502, 0.7728975415229797]"
632,MEDQA,4.222753887006547e-06,3.4662477332858543e-07,5.422123649623245e-06,1.300699841522146e-05,0.9999769926071167,4,0.331500768661499,False,"['TEXT', 'PBMD', 'PBMD', 'PBMD', 'PBMD']","[468502519162344075, 468502519163611876, 468502519163536044, 468502519163203845, 468502519163186763]","[0.7973428964614868, 0.8226571083068848, 0.8091614246368408, 0.7984132170677185, 0.8055044412612915]"
633,MEDQA,0.014109541662037373,0.033847030252218246,0.8729264140129089,0.02986989915370941,0.0492471382021904,1,0.5415902137756348,False,"['PBMD', 'PBMD', 'PBMD', 'PBMD', 'PBMD']","[468502519163814804, 468502519163954436, 468502519163815225, 468502519163839823, 468502519163536431]","[0.7744184732437134, 0.7807314395904541, 0.7812596559524536, 0.7860845327377319, 0.7797423601150513]"
634,MEDQA,0.02864951454102993,0.013533073477447033,0.007243731524795294,0.7388807535171509,0.21169288456439972,0,0.4856719970703125,False,"['PBMD', 'PBMD', 'TEXT', 'PBMD', 'PBMD']","[468502519163973896, 468502519163684386, 468502519162312773, 468502519163148309, 468502519163729755]","[0.7816584706306458, 0.7660597562789917, 0.7654845118522644, 0.7709423303604126, 0.7683247923851013]"
635,MEDQA,0.05018322169780731,0.12038328498601913,0.6927579641342163,0.10623788088560104,0.030437661334872246,2,0.3673694133758545,False,"['STAT', 'PBMD', 'TEXT', 'PBMD', 'PBMD']","[468502519162754650, 468502519163889426, 468502519162412554, 468502519163188285, 468502519163881669]","[0.7601121664047241, 0.7579031586647034, 0.770240843296051, 0.7750665545463562, 0.7748018503189087]"
636,MEDQA,0.14370056986808777,0.010409634560346603,0.011795660480856895,0.007154430262744427,0.8269397020339966,0,0.31520605087280273,False,"['TEXT', 'STAT', 'PBMD', 'PBMD', 'STAT']","[468502519162307754, 468502519162874004, 468502519163506127, 468502519163302528, 468502519162460028]","[0.7540091276168823, 0.7622767090797424, 0.752846360206604, 0.7676657438278198, 0.7561129927635193]"
637,MEDQA,0.2592219412326813,0.2592219412326813,0.12244777381420135,0.1572260558605194,0.2018822580575943,0,0.3613312244415283,False,"['PBMD', 'PBMD', 'PBMD', 'PBMD', 'PBMD']","[468502519163396193, 468502519163396191, 468502519163974123, 468502519163455483, 468502519163234603]","[0.7487650513648987, 0.7507884502410889, 0.7519909143447876, 0.7577365636825562, 0.7627226114273071]"
638,MEDQA,0.14661630988121033,0.06111877039074898,0.39854443073272705,0.042006272822618484,0.35171422362327576,0,0.37565088272094727,False,"['TEXT', 'PBMD', 'PBMD', 'PBMD', 'STAT']","[468502519162395394, 468502519163417625, 468502519163527002, 468502519163307874, 468502519162484985]","[0.8447033762931824, 0.7723091244697571, 0.7747730612754822, 0.7879600524902344, 0.7673041820526123]"
639,MEDQA,0.10275550931692123,0.4605182409286499,0.11643724888563156,0.10275550931692123,0.2175334095954895,0,0.5153393745422363,False,"['PBMD', 'PBMD', 'PBMD', 'PBMD', 'PBMD']","[468502519163135677, 468502519163002600, 468502519163061065, 468502519163188320, 468502519163050374]","[0.7768588066101074, 0.7767202854156494, 0.7898402214050293, 0.7897859811782837, 0.7915571928024292]"
640,MEDQA,0.015356507152318954,0.011959659866988659,0.00725390063598752,0.015356507152318954,0.9500734806060791,4,0.43575453758239746,False,"['PBMD', 'STAT', 'TEXT', 'PBMD', 'STAT']","[468502519163543816, 468502519162760542, 468502519162357597, 468502519163764121, 468502519162944855]","[0.8081851005554199, 0.769034206867218, 0.7821975350379944, 0.7663416266441345, 0.7620194554328918]"
641,MEDQA,0.587466835975647,0.13108156621456146,0.04255595803260803,0.02277856133878231,0.2161169797182083,0,0.5291247367858887,False,"['PBMD', 'PBMD', 'PBMD', 'PBMD', 'PBMD']","[468502519163677526, 468502519163317457, 468502519163453189, 468502519163888757, 468502519163756935]","[0.7907865047454834, 0.8169052004814148, 0.7933447360992432, 0.8012245893478394, 0.7981218695640564]"
642,MEDQA,0.02402227371931076,0.9014291763305664,0.03084520995616913,0.012858196161687374,0.03084520995616913,1,0.4082210063934326,False,"['PBMD', 'PBMD', 'PBMD', 'PBMD', 'STAT']","[468502519163473208, 468502519163683661, 468502519163434422, 468502519163357133, 468502519162915277]","[0.7841847538948059, 0.7824094295501709, 0.788600742816925, 0.7789645791053772, 0.7925716638565063]"
643,MEDQA,0.09202249348163605,0.06324607133865356,0.06324607133865356,0.01099051907658577,0.7704948782920837,4,0.5005097389221191,False,"['STAT', 'STAT', 'PBMD', 'PBMD', 'PBMD']","[468502519162823792, 468502519162985495, 468502519163988989, 468502519163213433, 468502519163980247]","[0.7574855089187622, 0.7580560445785522, 0.7545263767242432, 0.7543643712997437, 0.7679085731506348]"
644,MEDQA,0.4632231593132019,0.08049611747264862,0.09121404588222504,0.1171211525797844,0.24794550240039825,1,0.361968994140625,False,"['PBMD', 'PBMD', 'PBMD', 'PBMD', 'PBMD']","[468502519163011801, 468502519162999838, 468502519163000318, 468502519163880825, 468502519163008022]","[0.791052520275116, 0.7884765863418579, 0.7868088483810425, 0.7937172651290894, 0.796058177947998]"
645,MEDQA,0.08383400738239288,0.6194542050361633,0.10764499753713608,0.05084789916872978,0.1382189244031906,1,0.34142446517944336,False,"['STAT', 'STAT', 'TEXT', 'TEXT', 'PBMD']","[468502519162700452, 468502519162759546, 468502519162416554, 468502519162416600, 468502519163250103]","[0.786949872970581, 0.7846997380256653, 0.8126598596572876, 0.7843035459518433, 0.7848178744316101]"
646,MEDQA,0.03551033139228821,0.9158235192298889,0.027655474841594696,0.002003355883061886,0.019007310271263123,1,0.48557209968566895,False,"['PBMD', 'PBMD', 'PBMD', 'PBMD', 'PBMD']","[468502519163101131, 468502519163628765, 468502519163817397, 468502519163543406, 468502519163862327]","[0.7784792184829712, 0.773745059967041, 0.8078745007514954, 0.7752648591995239, 0.7740627527236938]"
647,MEDQA,0.04932618513703346,0.011006159707903862,0.874327540397644,0.016013868153095245,0.04932618513703346,2,0.5043880939483643,False,"['PBMD', 'PBMD', 'PBMD', 'PBMD', 'PBMD']","[468502519163376563, 468502519163164647, 468502519163579890, 468502519163511939, 468502519163469689]","[0.7981984615325928, 0.7837032079696655, 0.7861843109130859, 0.7944734692573547, 0.7823319435119629]"
648,MEDQA,0.9989217519760132,0.00012327673903200775,2.750675776042044e-05,1.6683692592778243e-05,0.000910898728761822,0,0.346604585647583,False,"['STAT', 'PBMD', 'PBMD', 'TEXT', 'PBMD']","[468502519162965335, 468502519163952524, 468502519163578145, 468502519162365807, 468502519163962821]","[0.782978892326355, 0.7783138751983643, 0.7959229946136475, 0.7817771434783936, 0.786178708076477]"
649,MEDQA,0.07019243389368057,0.5877140164375305,0.04257386177778244,0.16838288307189941,0.1311367303133011,1,0.47724461555480957,False,"['PBMD', 'TEXT', 'PBMD', 'TEXT', 'PBMD']","[468502519163718770, 468502519162310411, 468502519163293493, 468502519162387125, 468502519163244215]","[0.7761339545249939, 0.767423152923584, 0.7662129402160645, 0.7672560214996338, 0.7728415727615356]"
650,MEDQA,0.039496731013059616,0.023955978453159332,0.8989414572715759,0.02114107646048069,0.016464687883853912,2,0.42383337020874023,False,"['PBMD', 'TEXT', 'PBMD', 'PBMD', 'PBMD']","[468502519163170992, 468502519162326798, 468502519163902732, 468502519163376201, 468502519163255009]","[0.7892101407051086, 0.7887499332427979, 0.7851404547691345, 0.7869625091552734, 0.7836378812789917]"
651,MEDQA,0.013589948415756226,0.9527289867401123,0.005665133707225323,0.008242720738053322,0.01977325789630413,3,0.5293505191802979,False,"['PBMD', 'PBMD', 'PBMD', 'PBMD', 'PBMD']","[468502519163252955, 468502519163924156, 468502519163751404, 468502519163646062, 468502519163869466]","[0.7960428595542908, 0.7958352565765381, 0.7928112745285034, 0.7902555465698242, 0.8249821662902832]"
652,MEDQA,0.020892944186925888,0.02367480657994747,0.22462032735347748,0.6105813384056091,0.12023059278726578,3,0.4618661403656006,False,"['PBMD', 'PBMD', 'PBMD', 'PBMD', 'PBMD']","[468502519163135215, 468502519163928235, 468502519163923294, 468502519163348714, 468502519163191316]","[0.7775636315345764, 0.7779058218002319, 0.7898968458175659, 0.7768612504005432, 0.7809966802597046]"
653,MEDQA,0.7884944677352905,0.03925682604312897,0.05711834877729416,0.05040676146745682,0.06472356617450714,0,0.4589657783508301,False,"['STAT', 'STAT', 'STAT', 'STAT', 'TEXT']","[468502519162974407, 468502519162912490, 468502519162894875, 468502519162450757, 468502519162414972]","[0.8018980026245117, 0.787136971950531, 0.8194464445114136, 0.7915199995040894, 0.7951197028160095]"
654,MEDQA,0.27171316742897034,0.1454375833272934,0.08821235597133636,0.3078913688659668,0.1867455542087555,1,0.613196611404419,False,"['PBMD', 'PBMD', 'TEXT', 'PBMD', 'TEXT']","[468502519163241545, 468502519163048866, 468502519162387125, 468502519163615700, 468502519162313380]","[0.7910631895065308, 0.7923705577850342, 0.7921241521835327, 0.789758026599884, 0.7967209815979004]"
655,MEDQA,0.23846296966075897,0.4455074667930603,0.27021393179893494,0.009246212430298328,0.03656947985291481,1,0.4875061511993408,False,"['STAT', 'STAT', 'TEXT', 'STAT', 'STAT']","[468502519162923209, 468502519162758156, 468502519162415482, 468502519162923219, 468502519162989963]","[0.7699764370918274, 0.7452136278152466, 0.7661896347999573, 0.7450845837593079, 0.761512815952301]"
656,MEDQA,0.0013224848080426455,0.0006246975972317159,0.0002604127221275121,0.9967623949050903,0.0010299521964043379,3,0.35707569122314453,False,"['TEXT', 'STAT', 'STAT', 'TEXT', 'PBMD']","[468502519162413120, 468502519162431046, 468502519162431048, 468502519162413132, 468502519163377551]","[0.79294753074646, 0.785704493522644, 0.8001237511634827, 0.7954515218734741, 0.7968891263008118]"
657,MEDQA,0.24846643209457397,0.2815493643283844,0.13299450278282166,0.05544035881757736,0.2815493643283844,3,0.6454296112060547,False,"['PBMD', 'PBMD', 'TEXT', 'TEXT', 'PBMD']","[468502519163956987, 468502519163193564, 468502519162390753, 468502519162391176, 468502519163184570]","[0.7861801385879517, 0.7905646562576294, 0.789696455001831, 0.789078950881958, 0.7947933673858643]"
658,MEDQA,0.5555869340896606,0.03134407103061676,0.024410786107182503,0.33698052167892456,0.0516776368021965,3,0.36049604415893555,False,"['TEXT', 'TEXT', 'TEXT', 'TEXT', 'TEXT']","[468502519162409455, 468502519162315461, 468502519162316066, 468502519162315716, 468502519162409476]","[0.7979076504707336, 0.8100899457931519, 0.8268100023269653, 0.8050869703292847, 0.8179047703742981]"
659,MEDQA,0.08696681261062622,0.04654997959733009,0.3897581994533539,0.08696681261062622,0.3897581994533539,3,0.5642781257629395,False,"['PBMD', 'PBMD', 'PBMD', 'TEXT', 'PBMD']","[468502519163849863, 468502519163471507, 468502519163849864, 468502519162383940, 468502519163871973]","[0.7998915910720825, 0.7992837429046631, 0.8027243614196777, 0.7957760691642761, 0.791969358921051]"
660,MEDQA,0.6902831792831421,0.22410213947296143,0.03032892756164074,0.011157387867569923,0.04412832483649254,0,0.3760836124420166,False,"['PBMD', 'PBMD', 'TEXT', 'PBMD', 'PBMD']","[468502519163883721, 468502519163923242, 468502519162362240, 468502519163521428, 468502519163768304]","[0.7648748755455017, 0.7695446014404297, 0.7787425518035889, 0.7845799922943115, 0.7591642141342163]"
661,MEDQA,0.47356900572776794,0.11973699927330017,0.36881589889526367,0.014300544746220112,0.02357761189341545,0,0.5128796100616455,False,"['PBMD', 'PBMD', 'PBMD', 'STAT', 'PBMD']","[468502519163778788, 468502519163785207, 468502519163187549, 468502519162970057, 468502519163955443]","[0.7838991284370422, 0.783987283706665, 0.7891191840171814, 0.7930657267570496, 0.7819517850875854]"
662,MEDQA,0.0034738315735012293,0.008333289064466953,0.0073541016317903996,0.017641572281718254,0.9631972312927246,4,0.5646767616271973,False,"['PBMD', 'PBMD', 'TEXT', 'PBMD', 'PBMD']","[468502519163875774, 468502519163618981, 468502519162394786, 468502519163867513, 468502519163992481]","[0.7788038849830627, 0.7745188474655151, 0.8065414428710938, 0.7790460586547852, 0.7756258845329285]"
663,MEDQA,0.027120523154735565,0.05741414427757263,0.01130551565438509,0.006051406729966402,0.8981083631515503,4,0.42989063262939453,False,"['PBMD', 'PBMD', 'PBMD', 'PBMD', 'PBMD']","[468502519163246680, 468502519163611324, 468502519163700543, 468502519163981879, 468502519163845361]","[0.80095374584198, 0.7972776889801025, 0.7893725633621216, 0.7931274771690369, 0.793269693851471]"
664,MEDQA,0.048280976712703705,0.05470951274037361,0.061994001269340515,0.16851715743541718,0.6664983034133911,3,0.3440985679626465,False,"['STAT', 'TEXT', 'PBMD', 'PBMD', 'PBMD']","[468502519162733882, 468502519162387016, 468502519163451719, 468502519163780001, 468502519163115309]","[0.7754632830619812, 0.784691333770752, 0.7823342084884644, 0.7757632732391357, 0.7971115708351135]"
665,MEDQA,0.1305697113275528,0.03740885108709335,0.08973916620016098,0.07919453829526901,0.6630877256393433,2,0.32145023345947266,False,"['TEXT', 'STAT', 'PBMD', 'STAT', 'STAT']","[468502519162356750, 468502519162919253, 468502519163782891, 468502519162899075, 468502519162877036]","[0.7829580307006836, 0.7762035131454468, 0.7939780950546265, 0.7656967639923096, 0.7668694257736206]"
666,MEDQA,0.7580152153968811,0.14926204085350037,0.029391439631581306,0.05491043999791145,0.008420788682997227,0,0.33786821365356445,False,"['TEXT', 'TEXT', 'STAT', 'PBMD', 'PBMD']","[468502519162308018, 468502519162294895, 468502519162816688, 468502519163611370, 468502519163528630]","[0.7897072434425354, 0.8099772334098816, 0.8022918701171875, 0.8142561316490173, 0.7886306643486023]"
667,MEDQA,0.9819239974021912,0.0035413708537817,0.00401289900764823,0.0008953987853601575,0.00962644349783659,0,0.3148515224456787,False,"['TEXT', 'PBMD', 'TEXT', 'PBMD', 'TEXT']","[468502519162407216, 468502519163962423, 468502519162418802, 468502519163821630, 468502519162357751]","[0.8220144510269165, 0.7829357981681824, 0.7770106792449951, 0.7797180414199829, 0.7734794020652771]"
668,MEDQA,0.02558683604001999,0.037228625267744064,0.04218555986881256,0.14724208414554596,0.7477569580078125,1,0.3338623046875,False,"['STAT', 'PBMD', 'STAT', 'PBMD', 'PBMD']","[468502519162766500, 468502519163862636, 468502519162471517, 468502519163883950, 468502519163392449]","[0.7822042107582092, 0.7580926418304443, 0.7612704038619995, 0.7555524110794067, 0.7811156511306763]"
669,MEDQA,0.16751478612422943,0.6625338196754456,0.1478312760591507,0.004464117810130119,0.017655927687883377,1,0.3607661724090576,False,"['TEXT', 'PBMD', 'PBMD', 'PBMD', 'PBMD']","[468502519162347859, 468502519163038544, 468502519163960618, 468502519163345168, 468502519163003787]","[0.781679630279541, 0.7994335889816284, 0.7821047306060791, 0.7843562364578247, 0.7848033308982849]"
670,MEDQA,0.45936501026153564,0.00841356348246336,0.0024105263873934746,0.45936501026153564,0.07044591009616852,4,0.33028197288513184,False,"['PBMD', 'PBMD', 'TEXT', 'STAT', 'PBMD']","[468502519163016025, 468502519163307874, 468502519162395421, 468502519162887792, 468502519163118556]","[0.8024832606315613, 0.8039199709892273, 0.7861887216567993, 0.7857807278633118, 0.7888141870498657]"
671,MEDQA,0.00013973326713312417,0.9992250204086304,0.0004304087196942419,9.603716898709536e-05,0.00010882436617976055,1,0.27391839027404785,False,"['STAT', 'STAT', 'TEXT', 'STAT', 'STAT']","[468502519162951280, 468502519162951273, 468502519162357821, 468502519162951288, 468502519162461668]","[0.7555660009384155, 0.7630215287208557, 0.761953592300415, 0.7902768850326538, 0.7591841220855713]"
672,MEDQA,0.4662218689918518,0.10402816534042358,0.06309626996517181,0.3630939722061157,0.0035596478264778852,1,0.5443384647369385,False,"['PBMD', 'PBMD', 'PBMD', 'PBMD', 'TEXT']","[468502519163632659, 468502519163611084, 468502519163477657, 468502519163862729, 468502519162320084]","[0.775173544883728, 0.7742181420326233, 0.7834742665290833, 0.7728846669197083, 0.7852053642272949]"
673,MEDQA,0.06960205733776093,0.008312780410051346,0.3534683883190155,0.11475438624620438,0.45386239886283875,4,0.5732965469360352,False,"['PBMD', 'PBMD', 'PBMD', 'PBMD', 'PBMD']","[468502519163363280, 468502519163195060, 468502519163032394, 468502519163466211, 468502519163322999]","[0.7776945233345032, 0.7730230689048767, 0.7777164578437805, 0.773318886756897, 0.7717102766036987]"
674,MEDQA,0.13178080320358276,0.8593187928199768,0.0012919334694743156,0.004509291145950556,0.003099187510088086,1,0.5441455841064453,False,"['PBMD', 'PBMD', 'PBMD', 'PBMD', 'PBMD']","[468502519163551675, 468502519163932075, 468502519163547671, 468502519163375246, 468502519163339559]","[0.7680034637451172, 0.7647326588630676, 0.7686712741851807, 0.7710959911346436, 0.7669317722320557]"
675,MEDQA,0.005829521454870701,0.0006144270300865173,0.673801064491272,0.3182810842990875,0.0014739339239895344,2,0.4976081848144531,False,"['PBMD', 'PBMD', 'PBMD', 'STAT', 'PBMD']","[468502519163875774, 468502519163451578, 468502519163910794, 468502519162751088, 468502519163575330]","[0.826256513595581, 0.8287384510040283, 0.8427284955978394, 0.8339378833770752, 0.8337549567222595]"
676,MEDQA,0.13987304270267487,0.05830776318907738,0.43083932995796204,0.07486864924430847,0.29611125588417053,1,0.455669641494751,False,"['PBMD', 'PBMD', 'PBMD', 'PBMD', 'PBMD']","[468502519163634227, 468502519163756241, 468502519163035616, 468502519163556475, 468502519163194257]","[0.779371440410614, 0.7795079350471497, 0.7899377346038818, 0.7833622097969055, 0.7800868153572083]"
677,MEDQA,0.0004876235907431692,0.0001793866977095604,9.601878264220431e-05,0.00020327176025602967,0.9990336894989014,0,0.304654598236084,False,"['TEXT', 'STAT', 'PBMD', 'PBMD', 'STAT']","[468502519162388493, 468502519162481240, 468502519163944311, 468502519163973230, 468502519162775297]","[0.7817032337188721, 0.7643575668334961, 0.7701370716094971, 0.7578655481338501, 0.753398060798645]"
678,MEDQA,0.6033984422683716,0.08166109770536423,0.19589479267597198,0.0925341546535492,0.026511477306485176,1,0.4463474750518799,False,"['PBMD', 'PBMD', 'PBMD', 'PBMD', 'PBMD']","[468502519163681116, 468502519163760807, 468502519163946243, 468502519163163771, 468502519163777099]","[0.8107857704162598, 0.81172776222229, 0.8049923181533813, 0.8195263743400574, 0.8093770742416382]"
679,MEDQA,0.1352899968624115,0.09298337250947952,0.09298337250947952,0.07241552323102951,0.6063277125358582,2,0.4410531520843506,False,"['TEXT', 'PBMD', 'TEXT', 'PBMD', 'PBMD']","[468502519162416486, 468502519163981143, 468502519162416485, 468502519163245113, 468502519163826267]","[0.8013724088668823, 0.8080061674118042, 0.7992000579833984, 0.7982693910598755, 0.8074365854263306]"
680,MEDQA,0.0013197490479797125,0.00149547157343477,0.0011646744096651673,0.0013197490479797125,0.9947004318237305,4,0.482471227645874,False,"['PBMD', 'PBMD', 'PBMD', 'PBMD', 'PBMD']","[468502519163991768, 468502519163796315, 468502519163595448, 468502519163525790, 468502519163813741]","[0.8207316994667053, 0.7995845079421997, 0.7941018342971802, 0.797571063041687, 0.7957186698913574]"
681,MEDQA,0.014957373030483723,0.9253799319267273,0.021762849763035774,0.006235160864889622,0.031664758920669556,1,0.5551149845123291,False,"['PBMD', 'PBMD', 'PBMD', 'PBMD', 'PBMD']","[468502519163630037, 468502519163675667, 468502519163916112, 468502519163701723, 468502519163880465]","[0.7858932614326477, 0.7880659699440002, 0.7945182919502258, 0.7865580320358276, 0.7876882553100586]"
682,MEDQA,0.001291939988732338,0.0016588838770985603,0.003099203109741211,0.9737406373023987,0.02020934224128723,3,0.6116678714752197,False,"['PBMD', 'PBMD', 'PBMD', 'PBMD', 'PBMD']","[468502519163209129, 468502519163657018, 468502519163960983, 468502519163666418, 468502519163700074]","[0.7966924905776978, 0.8086597323417664, 0.8021622896194458, 0.8010510206222534, 0.8078924417495728]"
683,MEDQA,0.03675296530127525,0.011931940913200378,0.7382030487060547,0.09990491718053818,0.11320710927248001,2,0.5419938564300537,False,"['PBMD', 'PBMD', 'PBMD', 'PBMD', 'PBMD']","[468502519163772630, 468502519163572883, 468502519163982000, 468502519163678427, 468502519163989135]","[0.8036962151527405, 0.8062958121299744, 0.7977595925331116, 0.8062810897827148, 0.8072338700294495]"
684,MEDQA,0.003189705079421401,0.8844168186187744,0.05653887242078781,0.005959153641015291,0.049895383417606354,1,0.33821654319763184,False,"['STAT', 'STAT', 'STAT', 'PBMD', 'STAT']","[468502519162804864, 468502519162786865, 468502519162789070, 468502519163495875, 468502519162901177]","[0.7843751907348633, 0.7900691628456116, 0.77923184633255, 0.7832045555114746, 0.8079298734664917]"
685,MEDQA,0.08678654581308365,0.07658885419368744,0.0526387020945549,0.3432474434375763,0.4407384395599365,3,0.3942105770111084,False,"['PBMD', 'PBMD', 'TEXT', 'PBMD', 'TEXT']","[468502519163371193, 468502519163196570, 468502519162399700, 468502519163233578, 468502519162399733]","[0.7845187783241272, 0.7830690145492554, 0.793933629989624, 0.7926560044288635, 0.7815773487091064]"
686,MEDQA,0.9483382105827332,0.0030183526687324047,0.0003181320207659155,0.0011103898286819458,0.04721497744321823,0,0.34568166732788086,False,"['STAT', 'PBMD', 'PBMD', 'PBMD', 'PBMD']","[468502519162454160, 468502519163459148, 468502519163501573, 468502519163283102, 468502519163901489]","[0.8219127058982849, 0.8385359644889832, 0.8681460618972778, 0.8298448324203491, 0.8227171301841736]"
687,MEDQA,0.25378644466400146,0.03434625640511513,0.01838422752916813,0.00362006900832057,0.6898630261421204,1,0.43108558654785156,False,"['TEXT', 'PBMD', 'PBMD', 'PBMD', 'PBMD']","[468502519162385413, 468502519163593986, 468502519163667091, 468502519163316937, 468502519163732576]","[0.7865747213363647, 0.7831445336341858, 0.7862480878829956, 0.7853409051895142, 0.7769726514816284]"
688,MEDQA,0.1057959720492363,0.1057959720492363,0.044102322310209274,0.41843119263648987,0.32587453722953796,0,0.6342761516571045,False,"['STAT', 'PBMD', 'PBMD', 'PBMD', 'PBMD']","[468502519162906525, 468502519163459530, 468502519163125341, 468502519163757914, 468502519163345715]","[0.7961376309394836, 0.7711196541786194, 0.7649447321891785, 0.7693704962730408, 0.7721558809280396]"
689,MEDQA,0.42753684520721436,0.20195409655570984,0.1782238632440567,0.08418700098991394,0.10809824615716934,2,0.5163326263427734,False,"['STAT', 'TEXT', 'PBMD', 'TEXT', 'PBMD']","[468502519162735592, 468502519162307358, 468502519163957325, 468502519162339247, 468502519163646186]","[0.8231862783432007, 0.789973258972168, 0.8046952486038208, 0.8005009293556213, 0.8073134422302246]"
690,MEDQA,0.07849393039941788,0.6572216153144836,0.11420799046754837,0.08894526958465576,0.06113113462924957,1,0.6158342361450195,False,"['PBMD', 'PBMD', 'PBMD', 'PBMD', 'PBMD']","[468502519163687023, 468502519163874211, 468502519163259397, 468502519163980715, 468502519163571378]","[0.7852885723114014, 0.7913839221000671, 0.7783387899398804, 0.799100399017334, 0.7810887098312378]"
691,MEDQA,0.011886230669915676,0.02220640331506729,0.9442402720451355,0.01729436405003071,0.004372699651867151,2,0.33127903938293457,False,"['PBMD', 'PBMD', 'STAT', 'PBMD', 'TEXT']","[468502519163880967, 468502519163534200, 468502519162806512, 468502519163365150, 468502519162372320]","[0.861724853515625, 0.8190186023712158, 0.8629591464996338, 0.8563084602355957, 0.8219770789146423]"
692,MEDQA,0.20469477772712708,0.2319495677947998,0.15941645205020905,0.3374846279621124,0.06645466387271881,3,0.3673853874206543,False,"['PBMD', 'PBMD', 'STAT', 'PBMD', 'STAT']","[468502519163697464, 468502519163617389, 468502519162423165, 468502519163946059, 468502519162734212]","[0.783322274684906, 0.7995797395706177, 0.7793692946434021, 0.7751730680465698, 0.7713491916656494]"
693,MEDQA,0.1935068815946579,0.023111101239919662,0.5260062217712402,0.03810376301407814,0.21927201747894287,2,0.3672049045562744,False,"['TEXT', 'PBMD', 'PBMD', 'TEXT', 'PBMD']","[468502519162412554, 468502519163968942, 468502519163902732, 468502519162390969, 468502519163315923]","[0.7756073474884033, 0.7775025367736816, 0.7782171368598938, 0.7931241989135742, 0.778875470161438]"
694,MEDQA,0.4871010184288025,0.003719062078744173,0.01666768081486225,0.005411203484982252,0.4871010184288025,0,0.4236271381378174,False,"['PBMD', 'TEXT', 'PBMD', 'PBMD', 'PBMD']","[468502519163667433, 468502519162409890, 468502519163079133, 468502519163796866, 468502519163460851]","[0.7617366313934326, 0.7719378471374512, 0.7890408039093018, 0.7826269268989563, 0.7600620985031128]"
695,MEDQA,0.19149576127529144,0.16899442672729492,0.13161298632621765,0.1025002971291542,0.40539655089378357,1,0.5643055438995361,False,"['PBMD', 'PBMD', 'TEXT', 'PBMD', 'PBMD']","[468502519163866973, 468502519163187769, 468502519162329121, 468502519163006897, 468502519163622222]","[0.8065113425254822, 0.8098959922790527, 0.8045628070831299, 0.8034946322441101, 0.8047834634780884]"
696,MEDQA,0.05856853723526001,0.014808445237576962,0.02154616080224514,0.8085137009620667,0.0965631902217865,3,0.4753897190093994,False,"['PBMD', 'PBMD', 'PBMD', 'PBMD', 'PBMD']","[468502519163801501, 468502519163790948, 468502519163542592, 468502519163696691, 468502519163347153]","[0.8140208721160889, 0.815027117729187, 0.8313016891479492, 0.8123093247413635, 0.8166693449020386]"
697,MEDQA,7.8869670687709e-06,2.1439000192913227e-05,6.603676592931151e-05,0.000203407573280856,0.999701201915741,4,0.27977895736694336,False,"['PBMD', 'PBMD', 'STAT', 'PBMD', 'TEXT']","[468502519163506633, 468502519163342553, 468502519162866848, 468502519163984003, 468502519162328306]","[0.8294186592102051, 0.7879392504692078, 0.7707081437110901, 0.770879864692688, 0.8026570677757263]"
698,MEDQA,0.15150679647922516,0.04340742528438568,0.023234320804476738,0.01243643555790186,0.769415020942688,0,0.3682587146759033,False,"['STAT', 'PBMD', 'PBMD', 'TEXT', 'PBMD']","[468502519162808861, 468502519163771134, 468502519163535268, 468502519162362240, 468502519163626247]","[0.7854337692260742, 0.763645350933075, 0.7665612101554871, 0.7800252437591553, 0.7735122442245483]"
699,MEDQA,0.3550800383090973,0.048054859042167664,0.07922907173633575,0.40235841274261475,0.11527761816978455,0,0.5008246898651123,False,"['PBMD', 'STAT', 'PBMD', 'PBMD', 'PBMD']","[468502519163782007, 468502519162785415, 468502519163736788, 468502519163961431, 468502519163924203]","[0.771767258644104, 0.7771117687225342, 0.7640151977539062, 0.7629796862602234, 0.7733917236328125]"
700,MEDQA,0.05231916159391403,0.2656986117362976,0.5624839663505554,0.05231916159391403,0.0671791285276413,2,0.48627376556396484,False,"['PBMD', 'PBMD', 'PBMD', 'PBMD', 'PBMD']","[468502519163962851, 468502519163962501, 468502519163729753, 468502519163860327, 468502519163674862]","[0.8014836311340332, 0.79300457239151, 0.785877525806427, 0.7800252437591553, 0.7865872383117676]"
701,MEDQA,0.12382116168737411,0.05848897621035576,0.2041465789079666,0.12382116168737411,0.48972219228744507,3,0.4430537223815918,False,"['PBMD', 'PBMD', 'PBMD', 'PBMD', 'PBMD']","[468502519163482210, 468502519163826888, 468502519163555142, 468502519163193917, 468502519163000160]","[0.7878507971763611, 0.7836112380027771, 0.7930470108985901, 0.7937214374542236, 0.7871289253234863]"
702,MEDQA,0.03152404725551605,0.03572142496705055,0.5587770938873291,0.26394760608673096,0.11002973467111588,3,0.47728967666625977,False,"['STAT', 'PBMD', 'STAT', 'PBMD', 'PBMD']","[468502519162985507, 468502519163114521, 468502519162771862, 468502519163618463, 468502519163531607]","[0.7755139470100403, 0.7776939272880554, 0.7684355974197388, 0.7815265655517578, 0.7801026701927185]"
703,MEDQA,0.0008030015742406249,0.00037931109545752406,0.0007086463738232851,0.00026069642626680434,0.997848391532898,4,0.4754929542541504,False,"['PBMD', 'PBMD', 'TEXT', 'PBMD', 'PBMD']","[468502519163073882, 468502519163563442, 468502519162349816, 468502519163428692, 468502519163852030]","[0.7915458083152771, 0.7859337329864502, 0.8012795448303223, 0.7856506705284119, 0.7869347333908081]"
704,MEDQA,0.04188954457640648,0.002677908865734935,0.0014333813451230526,0.0005975222447887063,0.9534016251564026,4,0.2727501392364502,False,"['PBMD', 'STAT', 'STAT', 'PBMD', 'PBMD']","[468502519163396798, 468502519162990478, 468502519162949339, 468502519163742099, 468502519163281334]","[0.7851852774620056, 0.8160271644592285, 0.8061561584472656, 0.7971224784851074, 0.7937818765640259]"
705,MEDQA,0.0050240689888596535,0.010635954327881336,0.009386195801198483,0.9574180841445923,0.017535723745822906,3,0.4721837043762207,False,"['PBMD', 'PBMD', 'PBMD', 'PBMD', 'PBMD']","[468502519163472009, 468502519163973896, 468502519163916366, 468502519163665386, 468502519163866257]","[0.787945032119751, 0.8037250638008118, 0.7829728722572327, 0.7836487293243408, 0.8068483471870422]"
706,MEDQA,0.06594796478748322,0.0032833556178957224,0.011460036970674992,0.008925085887312889,0.9103835225105286,2,0.35135984420776367,False,"['STAT', 'TEXT', 'TEXT', 'STAT', 'PBMD']","[468502519162808810, 468502519162357630, 468502519162361056, 468502519162928434, 468502519163751558]","[0.8148754835128784, 0.761617124080658, 0.7761263251304626, 0.7644777894020081, 0.7670073509216309]"
707,MEDQA,0.0013004698557779193,0.00015531896497122943,0.000422200741013512,0.9801695942878723,0.017952432855963707,3,0.5935356616973877,False,"['TEXT', 'PBMD', 'PBMD', 'PBMD', 'PBMD']","[468502519162329132, 468502519163659800, 468502519163674608, 468502519163749741, 468502519163979613]","[0.8202235102653503, 0.779268205165863, 0.7973464727401733, 0.7785331010818481, 0.7814408540725708]"
708,MEDQA,0.06908275932073593,0.27322760224342346,0.060965314507484436,0.45047613978385925,0.14624819159507751,1,0.44197535514831543,False,"['PBMD', 'PBMD', 'PBMD', 'PBMD', 'PBMD']","[468502519163701904, 468502519163817827, 468502519163279228, 468502519163992499, 468502519163330737]","[0.8070248365402222, 0.8152254819869995, 0.8061972260475159, 0.8075500726699829, 0.8042712211608887]"
709,MEDQA,0.6040537357330322,0.11894523352384567,0.134782612323761,0.0926346406340599,0.04958375170826912,1,0.38460278511047363,False,"['TEXT', 'PBMD', 'PBMD', 'PBMD', 'PBMD']","[468502519162400507, 468502519163458718, 468502519163515727, 468502519163344152, 468502519163252947]","[0.77571040391922, 0.7783071398735046, 0.7945889234542847, 0.7797102928161621, 0.7841632962226868]"
710,MEDQA,0.061804164201021194,0.042477335780858994,0.40301376581192017,0.21571773290634155,0.2769870460033417,3,0.4808664321899414,False,"['PBMD', 'PBMD', 'PBMD', 'PBMD', 'PBMD']","[468502519163213249, 468502519163983395, 468502519163932878, 468502519163798198, 468502519163803143]","[0.8111464381217957, 0.8116304874420166, 0.8003242611885071, 0.8075863122940063, 0.8083471059799194]"
711,MEDQA,9.608406980987638e-05,6.603754445677623e-05,0.9997130036354065,4.005379742011428e-05,8.479389362037182e-05,2,0.3366889953613281,False,"['STAT', 'PBMD', 'TEXT', 'PBMD', 'PBMD']","[468502519162735770, 468502519163382126, 468502519162389645, 468502519163824275, 468502519163850079]","[0.8005229234695435, 0.796416163444519, 0.7874155044555664, 0.7937790751457214, 0.7946954369544983]"
712,MEDQA,0.05210703983902931,0.0278908871114254,0.7193154692649841,0.059045009315013885,0.14164161682128906,2,0.4643712043762207,False,"['PBMD', 'PBMD', 'PBMD', 'TEXT', 'PBMD']","[468502519163018967, 468502519163613301, 468502519163224451, 468502519162407238, 468502519163962886]","[0.7909888029098511, 0.8029431700706482, 0.7899384498596191, 0.8061733245849609, 0.8132141828536987]"
713,MEDQA,0.9951722025871277,0.003167415037751198,0.00020248607324901968,0.000550414202734828,0.0009074796107597649,0,0.4220731258392334,False,"['PBMD', 'PBMD', 'STAT', 'PBMD', 'PBMD']","[468502519163333020, 468502519163768575, 468502519162763387, 468502519163043793, 468502519163003144]","[0.8138294219970703, 0.8025977611541748, 0.8085081577301025, 0.8082894682884216, 0.8288025259971619]"
714,MEDQA,0.045895159244537354,0.33912190794944763,0.0756683275103569,0.045895159244537354,0.49341943860054016,1,0.4252161979675293,False,"['STAT', 'PBMD', 'PBMD', 'STAT', 'PBMD']","[468502519162779121, 468502519163505320, 468502519163465104, 468502519162702105, 468502519163342647]","[0.7962536811828613, 0.8047058582305908, 0.8044915795326233, 0.7932584285736084, 0.7887345552444458]"
715,MEDQA,0.01718861237168312,0.010425420477986336,0.9384664297103882,0.005580325610935688,0.02833923138678074,1,0.3251523971557617,False,"['PBMD', 'PBMD', 'PBMD', 'PBMD', 'PBMD']","[468502519163361080, 468502519163882900, 468502519163314327, 468502519163730349, 468502519163659083]","[0.7756860852241516, 0.7767694592475891, 0.7807703018188477, 0.7889812588691711, 0.782644510269165]"
716,MEDQA,0.5052058696746826,0.01525589544326067,0.019588956609368324,0.34722259640693665,0.11272667348384857,3,0.39868640899658203,False,"['PBMD', 'PBMD', 'PBMD', 'PBMD', 'PBMD']","[468502519163815364, 468502519163570874, 468502519163119118, 468502519163054039, 468502519163942728]","[0.7553417086601257, 0.7532622218132019, 0.7699236869812012, 0.7676450610160828, 0.7603918313980103]"
717,MEDQA,0.17448700964450836,0.2240457534790039,0.19771969318389893,0.03435853123664856,0.36938899755477905,1,0.729179859161377,False,"['PBMD', 'PBMD', 'PBMD', 'PBMD', 'PBMD']","[468502519163611086, 468502519163527472, 468502519163092413, 468502519163624671, 468502519163326605]","[0.7874811291694641, 0.7851438522338867, 0.800261914730072, 0.7940220832824707, 0.8022729754447937]"
718,MEDQA,0.028851216658949852,0.8431561589241028,0.03704569861292839,0.05390116944909096,0.03704569861292839,4,0.3271362781524658,False,"['PBMD', 'STAT', 'PBMD', 'PBMD', 'STAT']","[468502519163909496, 468502519162743110, 468502519163811178, 468502519163810288, 468502519162779128]","[0.7791838645935059, 0.7831395864486694, 0.7851607203483582, 0.7838181853294373, 0.7833876013755798]"
719,MEDQA,0.2912258803844452,0.1766374260187149,0.13756535947322845,0.13756535947322845,0.2570059299468994,0,0.4295976161956787,False,"['PBMD', 'PBMD', 'PBMD', 'PBMD', 'PBMD']","[468502519163068030, 468502519163543926, 468502519163041535, 468502519163378790, 468502519163062667]","[0.7660136222839355, 0.7617475986480713, 0.7552179098129272, 0.7637588977813721, 0.7593028545379639]"
720,MEDQA,0.0010979191865772009,0.00232429476454854,0.007159331813454628,0.644462525844574,0.3449559509754181,1,0.5861063003540039,False,"['PBMD', 'TEXT', 'PBMD', 'PBMD', 'PBMD']","[468502519163918359, 468502519162320142, 468502519163584240, 468502519163504321, 468502519163961093]","[0.7898052930831909, 0.7847122550010681, 0.7867737412452698, 0.7974420785903931, 0.7925647497177124]"
721,MEDQA,0.052674826234579086,0.7271535396575928,0.06763581931591034,0.041023194789886475,0.11151260882616043,1,0.2943861484527588,False,"['TEXT', 'PBMD', 'PBMD', 'TEXT', 'TEXT']","[468502519162389521, 468502519163230971, 468502519163064012, 468502519162418077, 468502519162363035]","[0.7699279189109802, 0.7649657130241394, 0.7595162391662598, 0.7614681720733643, 0.769844651222229]"
722,MEDQA,0.0009107599616982043,5.8222936786478385e-05,0.00023027617135085166,3.116449443041347e-05,0.9987695813179016,4,0.4207642078399658,False,"['PBMD', 'PBMD', 'TEXT', 'PBMD', 'PBMD']","[468502519163944311, 468502519163429415, 468502519162386253, 468502519163472503, 468502519163926627]","[0.7735317349433899, 0.7579337358474731, 0.7582706809043884, 0.7606238126754761, 0.759293794631958]"
723,MEDQA,0.00043014297261834145,0.9986080527305603,0.000179310271050781,0.00055231450824067,0.00023023893299978226,3,0.38706183433532715,False,"['PBMD', 'PBMD', 'TEXT', 'PBMD', 'TEXT']","[468502519163986376, 468502519163862636, 468502519162306818, 468502519163303896, 468502519162307802]","[0.7873886823654175, 0.787354588508606, 0.7797178626060486, 0.7744489908218384, 0.7745495438575745]"
724,MEDQA,0.18212412297725677,0.05217943340539932,0.3402526378631592,0.3002718985080719,0.125171959400177,4,0.5224895477294922,False,"['PBMD', 'TEXT', 'TEXT', 'TEXT', 'PBMD']","[468502519163976238, 468502519162394786, 468502519162394965, 468502519162395450, 468502519163165854]","[0.7706799507141113, 0.7893279790878296, 0.7682973146438599, 0.8165649771690369, 0.771678626537323]"
725,MEDQA,0.0062974910251796246,0.028223397210240364,0.0026251845993101597,0.9346305131912231,0.028223397210240364,3,0.3906741142272949,False,"['PBMD', 'PBMD', 'PBMD', 'TEXT', 'PBMD']","[468502519163804175, 468502519163362764, 468502519163512563, 468502519162391888, 468502519163377347]","[0.754000186920166, 0.7524752616882324, 0.7679546475410461, 0.7577150464057922, 0.7668607234954834]"
726,MEDQA,0.037449587136507034,0.033049147576093674,0.16783742606639862,0.009468738920986652,0.7521951198577881,4,0.4232056140899658,False,"['TEXT', 'PBMD', 'TEXT', 'PBMD', 'PBMD']","[468502519162395018, 468502519163338689, 468502519162395450, 468502519163650487, 468502519163336425]","[0.7861377000808716, 0.7912907600402832, 0.7940694689750671, 0.8068904876708984, 0.7934864163398743]"
727,MEDQA,0.11334210634231567,0.7390833497047424,0.05353901907801628,0.02529004029929638,0.06874546408653259,1,0.5171668529510498,False,"['PBMD', 'PBMD', 'PBMD', 'PBMD', 'PBMD']","[468502519163131847, 468502519163733612, 468502519163640187, 468502519163738101, 468502519163861581]","[0.7925227880477905, 0.7935106158256531, 0.7855843901634216, 0.7876183986663818, 0.7961382269859314]"
728,MEDQA,6.604034570045769e-05,8.937588972912636e-06,8.479748794343323e-05,0.999755322933197,8.479748794343323e-05,3,0.2743654251098633,False,"['STAT', 'PBMD', 'PBMD', 'PBMD', 'PBMD']","[468502519162761437, 468502519163864785, 468502519163898529, 468502519163715192, 468502519163593007]","[0.8043802380561829, 0.8259015083312988, 0.8130641579627991, 0.8106435537338257, 0.8134200572967529]"
729,MEDQA,0.0009011459187604487,0.0007018131436780095,0.00048234863788820803,0.9882264733314514,0.009688231162726879,3,0.5586669445037842,False,"['PBMD', 'PBMD', 'PBMD', 'PBMD', 'PBMD']","[468502519163472502, 468502519163189086, 468502519163863934, 468502519163617765, 468502519163621259]","[0.7721166610717773, 0.7713714838027954, 0.7740581035614014, 0.78912752866745, 0.7965598106384277]"
730,MEDQA,0.007019826676696539,0.0004487624973990023,0.000576222431845963,0.5576539039611816,0.4343012869358063,3,0.3828096389770508,False,"['STAT', 'TEXT', 'PBMD', 'STAT', 'STAT']","[468502519162944408, 468502519162387485, 468502519163809136, 468502519162923968, 468502519162916208]","[0.7713130116462708, 0.7501991391181946, 0.7513279318809509, 0.7547678351402283, 0.7554505467414856]"
731,MEDQA,0.020197419449687004,0.8588160872459412,0.06221242994070053,0.02938706986606121,0.02938706986606121,1,0.37003374099731445,False,"['PBMD', 'PBMD', 'PBMD', 'PBMD', 'PBMD']","[468502519163650497, 468502519163113789, 468502519163908611, 468502519163969385, 468502519163822902]","[0.8026286959648132, 0.8181978464126587, 0.7989376187324524, 0.8300411701202393, 0.8107836246490479]"
732,MEDQA,0.0288388654589653,0.511181116104126,0.3513292968273163,0.08882995694875717,0.019820641726255417,1,0.46959567070007324,False,"['PBMD', 'PBMD', 'PBMD', 'STAT', 'STAT']","[468502519163365454, 468502519163740801, 468502519163876794, 468502519162878739, 468502519162910477]","[0.8053831458091736, 0.7705762386322021, 0.7761516571044922, 0.7797608375549316, 0.7797608375549316]"
733,MEDQA,0.0006260909722186625,0.0001396997831761837,0.9989855885505676,4.535387779469602e-05,0.00020326196681708097,2,0.4147477149963379,False,"['STAT', 'PBMD', 'PBMD', 'PBMD', 'PBMD']","[468502519162710945, 468502519163183678, 468502519163845071, 468502519163667194, 468502519163202143]","[0.7975277304649353, 0.795106053352356, 0.7859436273574829, 0.7961359620094299, 0.7844510078430176]"
734,MEDQA,0.36597487330436707,0.22197498381137848,0.19589224457740784,0.06359689682722092,0.1525610238313675,3,0.44884204864501953,False,"['PBMD', 'PBMD', 'PBMD', 'PBMD', 'PBMD']","[468502519163871094, 468502519163723852, 468502519163780832, 468502519163581685, 468502519163576841]","[0.7975038290023804, 0.7967524528503418, 0.7965044975280762, 0.7896544933319092, 0.7989529967308044]"
735,MEDQA,0.5425522327423096,0.04453539848327637,0.04453539848327637,0.03930235281586647,0.32907456159591675,0,0.5671930313110352,False,"['PBMD', 'TEXT', 'PBMD', 'PBMD', 'PBMD']","[468502519163939431, 468502519162329133, 468502519163870034, 468502519163753728, 468502519163770238]","[0.7878327965736389, 0.7898118495941162, 0.7846933007240295, 0.7939910888671875, 0.7840767502784729]"
736,MEDQA,0.2492016851902008,0.02976289764046669,0.020455719903111458,0.6774004101753235,0.023179367184638977,0,0.3786640167236328,False,"['PBMD', 'PBMD', 'PBMD', 'PBMD', 'PBMD']","[468502519163622915, 468502519163664673, 468502519163378987, 468502519163229878, 468502519163664360]","[0.7476750016212463, 0.7814733982086182, 0.7486429214477539, 0.7532049417495728, 0.7510794401168823]"
737,MEDQA,0.0354684516787529,0.005439263302832842,0.9147434234619141,0.013048113323748112,0.03130079805850983,3,0.4414958953857422,False,"['PBMD', 'PBMD', 'PBMD', 'PBMD', 'PBMD']","[468502519163455135, 468502519163780600, 468502519163180411, 468502519163354953, 468502519163144008]","[0.8069014549255371, 0.8057166337966919, 0.7955226898193359, 0.8044142723083496, 0.796101450920105]"
738,MEDQA,0.03206971660256386,0.6441375017166138,0.14372651278972626,0.03633975237607956,0.14372651278972626,0,0.28991007804870605,False,"['PBMD', 'PBMD', 'PBMD', 'PBMD', 'PBMD']","[468502519163555740, 468502519163805464, 468502519163536927, 468502519163477633, 468502519163687163]","[0.8003402948379517, 0.7989083528518677, 0.8036919832229614, 0.7993857860565186, 0.7850772142410278]"
739,MEDQA,0.7018061876296997,0.06527815014123917,0.08381880074739456,0.06527815014123917,0.08381880074739456,0,0.38664937019348145,False,"['TEXT', 'PBMD', 'PBMD', 'TEXT', 'TEXT']","[468502519162364754, 468502519163362189, 468502519163239832, 468502519162346718, 468502519162363049]","[0.7831258773803711, 0.7865336537361145, 0.7953137755393982, 0.7914406061172485, 0.7792439460754395]"
740,MEDQA,0.0004865362134296447,0.00017898668011184782,0.001029997132718563,0.0014986370224505663,0.9968059062957764,4,0.4480457305908203,False,"['TEXT', 'PBMD', 'PBMD', 'PBMD', 'PBMD']","[468502519162353424, 468502519163620141, 468502519163215177, 468502519163769296, 468502519163031619]","[0.7854398488998413, 0.809339165687561, 0.7948643565177917, 0.7892254590988159, 0.7958270907402039]"
741,MEDQA,0.9440853595733643,0.004954105243086815,0.03230482339859009,0.008167938329279423,0.010487840510904789,0,0.4960453510284424,False,"['PBMD', 'PBMD', 'PBMD', 'PBMD', 'PBMD']","[468502519163191794, 468502519163450078, 468502519163731253, 468502519163404021, 468502519163571583]","[0.751301646232605, 0.7573390603065491, 0.7570385932922363, 0.7453272342681885, 0.749342143535614]"
742,MEDQA,0.09456131607294083,0.4802219867706299,0.016432292759418488,0.034787166863679886,0.3739972710609436,1,0.417675256729126,False,"['PBMD', 'TEXT', 'PBMD', 'TEXT', 'PBMD']","[468502519163570205, 468502519162377452, 468502519163530815, 468502519162377458, 468502519163774634]","[0.7926281690597534, 0.78480064868927, 0.7753405570983887, 0.7873013019561768, 0.7743351459503174]"
743,MEDQA,0.015584160573780537,0.7508869171142578,0.16754552721977234,0.032991670072078705,0.032991670072078705,1,0.3659532070159912,False,"['PBMD', 'STAT', 'TEXT', 'TEXT', 'STAT']","[468502519163936386, 468502519162719804, 468502519162294194, 468502519162307418, 468502519162900572]","[0.7790670394897461, 0.7797034978866577, 0.7825044393539429, 0.7837598323822021, 0.774316668510437]"
744,MEDQA,0.0016173493349924684,0.009307201951742172,0.022326819598674774,0.9493604898452759,0.01738814450800419,3,0.38924479484558105,False,"['PBMD', 'PBMD', 'PBMD', 'PBMD', 'PBMD']","[468502519163968120, 468502519163912808, 468502519163145929, 468502519163678296, 468502519163553132]","[0.8131242990493774, 0.7971522808074951, 0.7976236939430237, 0.8003047704696655, 0.7935964465141296]"
745,MEDQA,0.1501649171113968,0.043022967875003815,0.1501649171113968,0.5241270661354065,0.13252007961273193,0,0.5398225784301758,False,"['PBMD', 'PBMD', 'PBMD', 'PBMD', 'PBMD']","[468502519163931999, 468502519163658249, 468502519163545410, 468502519163783490, 468502519163560399]","[0.7947484254837036, 0.7976838946342468, 0.8183568120002747, 0.8045880794525146, 0.7945886850357056]"
746,MEDQA,0.15335339307785034,0.25283700227737427,0.19690965116024017,0.1737721711397171,0.22312787175178528,1,0.4842255115509033,False,"['PBMD', 'PBMD', 'PBMD', 'STAT', 'STAT']","[468502519163649459, 468502519163541753, 468502519163782395, 468502519162928434, 468502519162810113]","[0.7649317979812622, 0.7642467617988586, 0.7601611614227295, 0.7716416120529175, 0.7708127498626709]"
747,MEDQA,0.05924070626497269,0.021793438121676445,0.014978396706283092,0.8177927136421204,0.0861947163939476,3,0.4179222583770752,False,"['STAT', 'TEXT', 'PBMD', 'PBMD', 'TEXT']","[468502519162851520, 468502519162347405, 468502519163759414, 468502519163736111, 468502519162329155]","[0.7872822284698486, 0.7959146499633789, 0.7744342088699341, 0.7861801981925964, 0.7778937220573425]"
748,MEDQA,0.02419530414044857,0.007855065166950226,0.907922089099884,0.001986071467399597,0.058041516691446304,0,0.4675023555755615,False,"['PBMD', 'TEXT', 'PBMD', 'PBMD', 'PBMD']","[468502519163567924, 468502519162390843, 468502519163737171, 468502519163816876, 468502519163904717]","[0.7805264592170715, 0.7762638330459595, 0.7767612934112549, 0.7808454036712646, 0.776902437210083]"
749,MEDQA,0.8637399673461914,0.013961056247353554,0.08034033328294754,0.008467808365821838,0.03349083289504051,2,0.2777366638183594,False,"['STAT', 'TEXT', 'STAT', 'TEXT', 'STAT']","[468502519162852561, 468502519162326916, 468502519162837908, 468502519162359561, 468502519162989101]","[0.7640674114227295, 0.7447691559791565, 0.7367293834686279, 0.7450480461120605, 0.7592771053314209]"
750,MEDQA,0.059694696217775345,0.4410874545574188,0.041027527302503586,0.017102817073464394,0.4410874545574188,1,0.38630008697509766,False,"['TEXT', 'STAT', 'PBMD', 'TEXT', 'PBMD']","[468502519162333157, 468502519162978158, 468502519163843661, 468502519162368727, 468502519163603566]","[0.7807505130767822, 0.78605055809021, 0.7984990477561951, 0.8033198714256287, 0.781033456325531]"
751,MEDQA,0.037419434636831284,0.061694223433732986,0.06990870833396912,0.6632753610610962,0.16770227253437042,2,0.23801684379577637,False,"['PBMD', 'PBMD', 'PBMD', 'PBMD', 'PBMD']","[468502519163705604, 468502519163413599, 468502519163642754, 468502519163705215, 468502519163857408]","[0.7684594392776489, 0.7661378979682922, 0.7718267440795898, 0.7751681804656982, 0.7672643661499023]"
752,MEDQA,0.06523493677377701,0.021178683266043663,0.17732693254947662,0.034917742013931274,0.7013416290283203,2,0.577357292175293,False,"['PBMD', 'PBMD', 'PBMD', 'PBMD', 'PBMD']","[468502519163581926, 468502519163149323, 468502519163130939, 468502519163607568, 468502519163671594]","[0.7693458199501038, 0.7732599973678589, 0.7710374593734741, 0.7763376235961914, 0.771218478679657]"
753,MEDQA,0.12666210532188416,0.015127631835639477,0.8259406685829163,0.015127631835639477,0.017141850665211678,2,0.39034199714660645,False,"['PBMD', 'PBMD', 'PBMD', 'PBMD', 'PBMD']","[468502519163480108, 468502519163944311, 468502519163138512, 468502519163974669, 468502519163943021]","[0.7872539162635803, 0.792963981628418, 0.7879064679145813, 0.7867659330368042, 0.7810447216033936]"
754,MEDQA,0.012110247276723385,0.8489938974380493,0.03730218857526779,0.022624921053647995,0.07896874099969864,1,0.424363374710083,False,"['STAT', 'STAT', 'PBMD', 'TEXT', 'PBMD']","[468502519162894875, 468502519162964916, 468502519163967599, 468502519162414983, 468502519163805392]","[0.7946425676345825, 0.7976815700531006, 0.8042126297950745, 0.7949710488319397, 0.7997197508811951]"
755,MEDQA,0.06494065374135971,0.009958972223103046,0.08338544517755508,0.05057583004236221,0.7911391258239746,3,0.5034835338592529,False,"['PBMD', 'PBMD', 'TEXT', 'TEXT', 'PBMD']","[468502519163994184, 468502519163188285, 468502519162393576, 468502519162377149, 468502519163702132]","[0.7726224660873413, 0.7611764073371887, 0.7603908777236938, 0.7621238231658936, 0.7768605351448059]"
756,MEDQA,0.01575814187526703,0.00511591974645853,0.9749217629432678,0.002738354494795203,0.0014657356077805161,2,0.5387306213378906,False,"['PBMD', 'PBMD', 'PBMD', 'PBMD', 'PBMD']","[468502519163854856, 468502519163830463, 468502519163593603, 468502519163848635, 468502519163016683]","[0.7772364020347595, 0.777275025844574, 0.7736685276031494, 0.7809895277023315, 0.7816206216812134]"
757,MEDQA,0.0760902687907219,0.8180474638938904,0.0317191407084465,0.027992043644189835,0.04615107923746109,4,0.5725276470184326,False,"['PBMD', 'PBMD', 'PBMD', 'PBMD', 'PBMD']","[468502519163880454, 468502519163529237, 468502519163627929, 468502519163742973, 468502519163972603]","[0.7610666155815125, 0.7576448917388916, 0.7603837847709656, 0.76296067237854, 0.758609414100647]"
758,MEDQA,0.01700519770383835,0.013243661262094975,0.8193563222885132,0.02474241703748703,0.12565237283706665,4,0.6730597019195557,False,"['PBMD', 'PBMD', 'PBMD', 'PBMD', 'PBMD']","[468502519163699904, 468502519163797752, 468502519163767180, 468502519163640187, 468502519163869466]","[0.786141037940979, 0.7806079387664795, 0.781341016292572, 0.796778678894043, 0.7740341424942017]"
759,MEDQA,0.2905070185661316,0.0393158495426178,0.050482552498579025,0.3291875720024109,0.2905070185661316,3,0.6560056209564209,False,"['PBMD', 'PBMD', 'PBMD', 'PBMD', 'PBMD']","[468502519163845420, 468502519163849959, 468502519163583491, 468502519163855061, 468502519163926646]","[0.8020660281181335, 0.8040218353271484, 0.782710075378418, 0.7829421758651733, 0.7967816591262817]"
760,MEDQA,0.10123540461063385,0.2428511083126068,0.31182700395584106,0.2428511083126068,0.10123540461063385,2,0.35571718215942383,False,"['STAT', 'STAT', 'TEXT', 'TEXT', 'PBMD']","[468502519162928434, 468502519162905100, 468502519162390966, 468502519162329132, 468502519163743843]","[0.766137421131134, 0.7602375745773315, 0.7822527885437012, 0.7623379230499268, 0.7582703828811646]"
761,MEDQA,0.22506733238697052,0.1986212134361267,0.1986212134361267,0.05021930858492851,0.3274710178375244,4,0.5929787158966064,False,"['PBMD', 'PBMD', 'PBMD', 'PBMD', 'PBMD']","[468502519163449425, 468502519163839043, 468502519163649091, 468502519163885713, 468502519163687133]","[0.7621778249740601, 0.7522048354148865, 0.7545896768569946, 0.7593666315078735, 0.7476533055305481]"
762,MEDQA,0.27504962682724,0.1668260395526886,0.24273043870925903,0.10118510574102402,0.21420887112617493,2,0.35611677169799805,False,"['PBMD', 'TEXT', 'STAT', 'TEXT', 'TEXT']","[468502519163738865, 468502519162394609, 468502519162852504, 468502519162353466, 468502519162394633]","[0.788835883140564, 0.8007505536079407, 0.7844148874282837, 0.8050703406333923, 0.7865220308303833]"
763,MEDQA,0.3213178217411041,0.09205909818410873,0.05583666265010834,0.4125802516937256,0.11820622533559799,0,0.4888451099395752,False,"['PBMD', 'TEXT', 'PBMD', 'TEXT', 'TEXT']","[468502519163078407, 468502519162368699, 468502519163294657, 468502519162367550, 468502519162297335]","[0.7980534434318542, 0.7925401926040649, 0.7913562655448914, 0.8000369071960449, 0.7942894697189331]"
764,MEDQA,0.02919935993850231,0.037492722272872925,0.042484816163778305,0.037492722272872925,0.8533303737640381,3,0.3350565433502197,False,"['STAT', 'TEXT', 'STAT', 'STAT', 'STAT']","[468502519162895707, 468502519162373484, 468502519162895706, 468502519162895712, 468502519162457583]","[0.7658032178878784, 0.7733207941055298, 0.7789230346679688, 0.7591416835784912, 0.7595708966255188]"
765,MEDQA,0.14299994707107544,0.4404708445072174,0.04642528295516968,0.16204017400741577,0.20806369185447693,3,0.32100558280944824,False,"['STAT', 'PBMD', 'TEXT', 'STAT', 'STAT']","[468502519162949399, 468502519163827020, 468502519162345761, 468502519162755860, 468502519162457864]","[0.7630703449249268, 0.7801713347434998, 0.7712324857711792, 0.7673392295837402, 0.7631125450134277]"
766,MEDQA,0.006925464607775211,0.05798620358109474,0.016613326966762543,0.011418160982429981,0.9070568680763245,4,0.5545716285705566,False,"['PBMD', 'STAT', 'PBMD', 'PBMD', 'PBMD']","[468502519163079415, 468502519162960463, 468502519163718770, 468502519163733110, 468502519163130086]","[0.8296046853065491, 0.8170341849327087, 0.8090416193008423, 0.8266656398773193, 0.8041790127754211]"
767,MEDQA,0.2635011374950409,0.632106363773346,0.0356610007584095,0.016845064237713814,0.05188645049929619,1,0.5279355049133301,False,"['PBMD', 'PBMD', 'PBMD', 'PBMD', 'PBMD']","[468502519163684600, 468502519163547799, 468502519163554181, 468502519163667091, 468502519163944401]","[0.7821359038352966, 0.7955634593963623, 0.7835302948951721, 0.7983373403549194, 0.7873509526252747]"
768,MEDQA,0.005563039798289537,0.8256282806396484,0.059808313846588135,0.01039312593638897,0.09860724210739136,1,0.47008514404296875,False,"['PBMD', 'PBMD', 'PBMD', 'PBMD', 'PBMD']","[468502519163845150, 468502519163603866, 468502519163662495, 468502519163032650, 468502519163856171]","[0.7685509920120239, 0.7585164904594421, 0.7626127600669861, 0.7567769289016724, 0.7664315700531006]"
769,MEDQA,0.0003293716872576624,0.014005240052938461,0.9818431735038757,0.0006972798728384078,0.003124991664662957,2,0.3918015956878662,False,"['PBMD', 'PBMD', 'TEXT', 'PBMD', 'PBMD']","[468502519163472326, 468502519163755427, 468502519162392811, 468502519163786610, 468502519163680917]","[0.772343635559082, 0.7685707807540894, 0.7921100854873657, 0.7681288123130798, 0.7708848714828491]"
770,MEDQA,0.08792297542095184,0.5059617757797241,0.07759175449609756,0.16426174342632294,0.16426174342632294,1,0.4417247772216797,False,"['PBMD', 'PBMD', 'PBMD', 'PBMD', 'PBMD']","[468502519163441833, 468502519163152402, 468502519163638961, 468502519163646118, 468502519163951854]","[0.7593271732330322, 0.7609619498252869, 0.7495543956756592, 0.7494935393333435, 0.7562685012817383]"
771,MEDQA,0.2348608672618866,0.059382129460573196,0.2661322355270386,0.05240454152226448,0.3872201144695282,2,0.6345272064208984,False,"['PBMD', 'PBMD', 'PBMD', 'PBMD', 'PBMD']","[468502519163886002, 468502519163126642, 468502519163870870, 468502519163731413, 468502519163997505]","[0.7531313300132751, 0.7606972455978394, 0.7485655546188354, 0.7648818492889404, 0.7493258714675903]"
772,MEDQA,0.0006121936603449285,0.0006937062717042863,0.017890920862555504,0.003992003854364157,0.9768111705780029,4,0.5639352798461914,False,"['STAT', 'PBMD', 'PBMD', 'PBMD', 'PBMD']","[468502519162888445, 468502519163761927, 468502519163287268, 468502519163133861, 468502519163426577]","[0.758653998374939, 0.7677576541900635, 0.7758883237838745, 0.7547752857208252, 0.7671236991882324]"
773,MEDQA,0.17058148980140686,0.04887241870164871,0.6746628880500793,0.06275342404842377,0.043129753321409225,0,0.37348341941833496,False,"['PBMD', 'PBMD', 'PBMD', 'PBMD', 'PBMD']","[468502519163844262, 468502519163355715, 468502519163243096, 468502519163401369, 468502519163419832]","[0.7670943737030029, 0.7687793970108032, 0.7740476727485657, 0.7961283326148987, 0.7745487689971924]"
774,MEDQA,0.0012240296928212047,0.0008412624592892826,0.0025912707205861807,0.5595586895942688,0.4357847571372986,4,0.34412455558776855,False,"['STAT', 'STAT', 'TEXT', 'STAT', 'PBMD']","[468502519162929857, 468502519162929848, 468502519162347662, 468502519162929898, 468502519163980866]","[0.8264093399047852, 0.8292058110237122, 0.8134443163871765, 0.8241122961044312, 0.8259680271148682]"
775,MEDQA,0.33607614040374756,0.2038404792547226,0.14009737968444824,0.17988860607147217,0.14009737968444824,0,0.266845703125,False,"['PBMD', 'PBMD', 'PBMD', 'PBMD', 'PBMD']","[468502519163266068, 468502519163626703, 468502519163128120, 468502519163280739, 468502519163153203]","[0.76706463098526, 0.7706947922706604, 0.7961851358413696, 0.765967071056366, 0.7800093293190002]"
776,MEDQA,0.14591585099697113,0.06892576813697815,0.5092963576316833,0.088502436876297,0.18735966086387634,1,0.3842911720275879,False,"['PBMD', 'PBMD', 'PBMD', 'PBMD', 'PBMD']","[468502519163995494, 468502519163678193, 468502519163734217, 468502519163755220, 468502519163287715]","[0.7369555234909058, 0.7592443823814392, 0.7400178909301758, 0.7367820739746094, 0.7487104535102844]"
777,MEDQA,0.0687827616930008,0.025303762406110764,0.1650012582540512,0.1650012582540512,0.5759109854698181,2,0.2961292266845703,False,"['TEXT', 'PBMD', 'TEXT', 'STAT', 'TEXT']","[468502519162326361, 468502519163650292, 468502519162393077, 468502519162450590, 468502519162369087]","[0.7661101818084717, 0.7595407366752625, 0.7607051730155945, 0.7603945732116699, 0.7580600380897522]"
778,MEDQA,0.3539082705974579,0.04226831719279289,0.10139641910791397,0.10139641910791397,0.40103062987327576,2,0.3927948474884033,False,"['PBMD', 'PBMD', 'PBMD', 'TEXT', 'TEXT']","[468502519163972604, 468502519163975667, 468502519163662134, 468502519162408353, 468502519162326703]","[0.7799622416496277, 0.7518724799156189, 0.7537123560905457, 0.7476511001586914, 0.7522470951080322]"
779,MEDQA,0.0806712955236435,0.010917671956121922,0.023112712427973747,0.018000198528170586,0.8672981262207031,4,0.45128440856933594,False,"['PBMD', 'PBMD', 'PBMD', 'PBMD', 'STAT']","[468502519163711032, 468502519163531739, 468502519163838909, 468502519163875433, 468502519162420830]","[0.8182463049888611, 0.8001657724380493, 0.8031598925590515, 0.7996657490730286, 0.7991354465484619]"
780,MEDQA,0.0018756218487396836,0.0035041230730712414,0.010793458670377731,0.012230590917170048,0.9715961813926697,3,0.5288693904876709,False,"['PBMD', 'PBMD', 'PBMD', 'PBMD', 'PBMD']","[468502519163750631, 468502519163703191, 468502519163369216, 468502519163760289, 468502519163264890]","[0.7650438547134399, 0.7611832618713379, 0.7566704750061035, 0.7570997476577759, 0.7683860063552856]"
781,MEDQA,0.004598299041390419,0.0009054588153958321,0.0011626321356743574,0.00037745138979516923,0.9929561614990234,4,0.3912661075592041,False,"['STAT', 'STAT', 'STAT', 'STAT', 'STAT']","[468502519162472908, 468502519162486019, 468502519162769507, 468502519162892967, 468502519162847819]","[0.8269520401954651, 0.8133840560913086, 0.8000854849815369, 0.7846393585205078, 0.7776949405670166]"
782,MEDQA,0.049981407821178436,0.006764248013496399,0.03892556205391884,0.01838713325560093,0.8859416842460632,4,0.40920352935791016,False,"['TEXT', 'PBMD', 'PBMD', 'STAT', 'TEXT']","[468502519162375457, 468502519163865783, 468502519163427553, 468502519162430580, 468502519162375627]","[0.7782117128372192, 0.8241507411003113, 0.7848241925239563, 0.7768564820289612, 0.78056800365448]"
783,MEDQA,0.3021877110004425,0.5645609498023987,0.02480507828295231,0.010340294800698757,0.09810598194599152,1,0.5021741390228271,False,"['PBMD', 'PBMD', 'PBMD', 'PBMD', 'PBMD']","[468502519163134822, 468502519163339178, 468502519163897252, 468502519163726849, 468502519163698656]","[0.7710915207862854, 0.7768213748931885, 0.771595299243927, 0.7761364579200745, 0.7709099650382996]"
784,MEDQA,0.02511918917298317,0.015235559083521366,0.11257639527320862,0.015235559083521366,0.8318333029747009,1,0.4857339859008789,False,"['PBMD', 'PBMD', 'STAT', 'PBMD', 'PBMD']","[468502519163756721, 468502519163133559, 468502519162698864, 468502519163859408, 468502519163769132]","[0.7936129570007324, 0.7770417928695679, 0.807405948638916, 0.7856695652008057, 0.7829540967941284]"
785,MEDQA,0.252267450094223,0.07227583229541779,0.36704695224761963,0.13502903282642365,0.17338070273399353,3,0.4755129814147949,False,"['TEXT', 'PBMD', 'PBMD', 'PBMD', 'PBMD']","[468502519162348439, 468502519163797752, 468502519163547500, 468502519163990380, 468502519163799767]","[0.8016615509986877, 0.8265498876571655, 0.809909462928772, 0.807930588722229, 0.8026442527770996]"
786,MEDQA,0.023586636409163475,0.026727160438895226,0.03028584085404873,0.03431835398077965,0.8850820064544678,4,0.3823268413543701,False,"['PBMD', 'PBMD', 'PBMD', 'PBMD', 'TEXT']","[468502519163268495, 468502519163252445, 468502519163769249, 468502519163443949, 468502519162380375]","[0.8012204170227051, 0.7919794321060181, 0.7917219996452332, 0.7899214029312134, 0.7907034754753113]"
787,MEDQA,0.34042221307754517,0.20647650957107544,0.26512107253074646,0.14190909266471863,0.0460711345076561,3,0.29300498962402344,False,"['PBMD', 'STAT', 'STAT', 'PBMD', 'PBMD']","[468502519163078291, 468502519162730066, 468502519162730043, 468502519163716860, 468502519163705916]","[0.7732630968093872, 0.7670626044273376, 0.7686021327972412, 0.7582826018333435, 0.7722529768943787]"
788,MEDQA,0.0009084653574973345,0.00010850071703316644,0.00026027968851849437,0.996253252029419,0.002469465136528015,3,0.49530911445617676,False,"['PBMD', 'PBMD', 'PBMD', 'PBMD', 'PBMD']","[468502519163980737, 468502519163715346, 468502519163469499, 468502519163505483, 468502519163172534]","[0.8086613416671753, 0.7996867299079895, 0.8015458583831787, 0.8014307022094727, 0.789311408996582]"
789,MEDQA,0.04578705504536629,0.0314689502120018,0.8115949630737305,0.03565899282693863,0.07549009472131729,2,0.6114177703857422,False,"['PBMD', 'PBMD', 'PBMD', 'PBMD', 'PBMD']","[468502519163692458, 468502519163840394, 468502519163699896, 468502519163997527, 468502519163975149]","[0.7949389219284058, 0.7983364462852478, 0.79477858543396, 0.8004220128059387, 0.802821159362793]"
790,MEDQA,0.03393794223666191,0.2841589152812958,0.13422717154026031,0.13422717154026031,0.4134487807750702,1,0.43354105949401855,False,"['PBMD', 'PBMD', 'STAT', 'PBMD', 'PBMD']","[468502519163567202, 468502519163695563, 468502519162439494, 468502519163920648, 468502519163727366]","[0.8266839981079102, 0.7994436025619507, 0.7954172492027283, 0.8099721670150757, 0.8217461705207825]"
791,MEDQA,0.2363460659980774,0.16243812441825867,0.184066504240036,0.20857466757297516,0.20857466757297516,0,0.336836576461792,False,"['PBMD', 'TEXT', 'PBMD', 'PBMD', 'PBMD']","[468502519163436630, 468502519162385381, 468502519163146032, 468502519163069458, 468502519163326246]","[0.7718840837478638, 0.7767271995544434, 0.7747004628181458, 0.7924270629882812, 0.7818155288696289]"
792,MEDQA,0.06898880004882812,0.03258800134062767,0.03258800134062767,0.025379562750458717,0.8404556512832642,2,0.3174421787261963,False,"['PBMD', 'PBMD', 'STAT', 'PBMD', 'STAT']","[468502519163780657, 468502519163447702, 468502519162909510, 468502519163108288, 468502519162928378]","[0.7792626619338989, 0.7718904614448547, 0.770538866519928, 0.7831360101699829, 0.7676293849945068]"
793,MEDQA,0.44691771268844604,0.30716174840927124,0.07766265422105789,0.06853705644607544,0.09972082078456879,1,0.4393954277038574,False,"['PBMD', 'PBMD', 'PBMD', 'STAT', 'PBMD']","[468502519163438951, 468502519163742268, 468502519163705196, 468502519162746696, 468502519163750996]","[0.7635585069656372, 0.7627860307693481, 0.7733818292617798, 0.7658630013465881, 0.7640210390090942]"
794,MEDQA,0.00023041079111862928,1.1471478501334786e-05,0.00010883835784625262,0.00029585330048576,0.9993534684181213,4,0.4523441791534424,False,"['PBMD', 'PBMD', 'PBMD', 'PBMD', 'PBMD']","[468502519163914364, 468502519163978765, 468502519163708966, 468502519163383407, 468502519163397181]","[0.7910199761390686, 0.8030216693878174, 0.7888732552528381, 0.7896081209182739, 0.7849215865135193]"
795,MEDQA,0.16520929336547852,0.03253164142370224,0.21213293075561523,0.34974807500839233,0.24037811160087585,2,0.6111030578613281,False,"['PBMD', 'PBMD', 'PBMD', 'PBMD', 'PBMD']","[468502519163798104, 468502519163613982, 468502519163559158, 468502519163715798, 468502519163974874]","[0.7918113470077515, 0.8003383874893188, 0.796294093132019, 0.7934641242027283, 0.793893575668335]"
796,MEDQA,0.005396865773946047,0.0012042034650221467,0.0013645412400364876,0.907613217830658,0.08442118018865585,3,0.35774755477905273,False,"['STAT', 'STAT', 'PBMD', 'PBMD', 'PBMD']","[468502519162923468, 468502519162923469, 468502519163643812, 468502519163735534, 468502519163613212]","[0.7578809261322021, 0.7522224187850952, 0.7590844631195068, 0.7566022872924805, 0.7555729746818542]"
797,MEDQA,0.031823694705963135,0.006266457028687,0.02478431724011898,0.007100826129317284,0.9300246834754944,4,0.6175088882446289,False,"['PBMD', 'PBMD', 'PBMD', 'PBMD', 'PBMD']","[468502519163875774, 468502519163680080, 468502519163728035, 468502519163702780, 468502519163793203]","[0.8118058443069458, 0.8238100409507751, 0.8182868957519531, 0.812199056148529, 0.8183978796005249]"
798,MEDQA,0.07291010767221451,0.06434294581413269,0.07291010767221451,0.4195687174797058,0.3702680766582489,2,0.44539809226989746,False,"['PBMD', 'STAT', 'STAT', 'PBMD', 'PBMD']","[468502519163674562, 468502519162463826, 468502519162713856, 468502519163628015, 468502519163720773]","[0.7974262237548828, 0.802553653717041, 0.8016795516014099, 0.8049259185791016, 0.7949085235595703]"
799,MEDQA,0.08047516644001007,0.0626741275191307,0.7635271549224854,0.0553097240626812,0.03801377862691879,2,0.6194632053375244,False,"['PBMD', 'PBMD', 'TEXT', 'PBMD', 'PBMD']","[468502519163758492, 468502519163652719, 468502519162390969, 468502519163584521, 468502519163582082]","[0.7792937755584717, 0.7728915214538574, 0.7924694418907166, 0.7733443379402161, 0.7737414240837097]"
800,MEDQA,0.13454416394233704,0.04949602857232094,0.7742481827735901,0.003164175432175398,0.03854754567146301,2,0.32878828048706055,False,"['PBMD', 'PBMD', 'STAT', 'TEXT', 'PBMD']","[468502519163345206, 468502519163243690, 468502519162791093, 468502519162393490, 468502519163377440]","[0.745025098323822, 0.7534299492835999, 0.7527967095375061, 0.7722370028495789, 0.7492207884788513]"
801,MEDQA,0.25731024146080017,0.2915706932544708,0.2003934234380722,0.09465914219617844,0.15606655180454254,1,0.3440830707550049,False,"['PBMD', 'PBMD', 'TEXT', 'PBMD', 'PBMD']","[468502519163755244, 468502519163855543, 468502519162371552, 468502519163672877, 468502519163742502]","[0.7787652611732483, 0.7847489714622498, 0.7647984027862549, 0.771077036857605, 0.785441517829895]"
802,MEDQA,0.19690965116024017,0.25283700227737427,0.15335339307785034,0.1737721711397171,0.22312787175178528,4,0.44195008277893066,False,"['PBMD', 'PBMD', 'PBMD', 'PBMD', 'PBMD']","[468502519163607016, 468502519163183624, 468502519163730349, 468502519163302534, 468502519163604506]","[0.7482532262802124, 0.7515841126441956, 0.7590997815132141, 0.7526956796646118, 0.7596035599708557]"
803,MEDQA,0.15250808000564575,0.2218979448080063,0.11877340823411942,0.2218979448080063,0.28492259979248047,1,0.4549901485443115,False,"['PBMD', 'PBMD', 'PBMD', 'PBMD', 'PBMD']","[468502519163618367, 468502519163906239, 468502519163535025, 468502519163309134, 468502519163939430]","[0.7648596167564392, 0.7747454047203064, 0.7672255039215088, 0.769565224647522, 0.7692301273345947]"
804,MEDQA,0.10938838869333267,0.014804108999669552,0.05855138972401619,0.8082769513130188,0.00897914543747902,0,0.49755382537841797,False,"['STAT', 'TEXT', 'TEXT', 'PBMD', 'PBMD']","[468502519162865120, 468502519162307512, 468502519162369957, 468502519163866464, 468502519163434422]","[0.7691908478736877, 0.756986677646637, 0.7564531564712524, 0.7765109539031982, 0.7667202949523926]"
805,MEDQA,0.046525340527296066,0.005556660238653421,0.9344865083694458,0.007134892512112856,0.006296520587056875,2,0.333784818649292,False,"['STAT', 'PBMD', 'PBMD', 'STAT', 'PBMD']","[468502519162717819, 468502519163390489, 468502519163411761, 468502519162707762, 468502519163707845]","[0.7664579153060913, 0.7621036767959595, 0.7655444145202637, 0.7683426141738892, 0.763801097869873]"
806,MEDQA,0.05891834571957588,0.921638011932373,0.014896891079843044,0.0033239456824958324,0.001222811290062964,1,0.39276814460754395,False,"['PBMD', 'PBMD', 'PBMD', 'PBMD', 'PBMD']","[468502519163872852, 468502519163181588, 468502519163770138, 468502519163776453, 468502519163827142]","[0.8078746199607849, 0.8056988716125488, 0.8203941583633423, 0.8182677030563354, 0.7986475229263306]"
807,MEDQA,0.24536576867103577,0.4045397639274597,0.31505587697029114,0.01221604272723198,0.02282257191836834,0,0.4850442409515381,False,"['PBMD', 'PBMD', 'TEXT', 'PBMD', 'PBMD']","[468502519163719805, 468502519163669308, 468502519162308036, 468502519163627432, 468502519163163711]","[0.7735964059829712, 0.8011168837547302, 0.7764385342597961, 0.7813271284103394, 0.774644672870636]"
808,MEDQA,0.0007019365439191461,0.0009013043600134552,0.0024499993305653334,0.9884002208709717,0.007546528708189726,3,0.5098176002502441,False,"['PBMD', 'PBMD', 'PBMD', 'TEXT', 'PBMD']","[468502519163537624, 468502519163535025, 468502519163576023, 468502519162361527, 468502519163728337]","[0.7765780091285706, 0.8066778779029846, 0.7723344564437866, 0.7933655977249146, 0.7823957800865173]"
809,MEDQA,0.022046057507395744,0.7300651669502258,0.028307698667049408,0.010413819923996925,0.20916718244552612,1,0.43703126907348633,False,"['TEXT', 'TEXT', 'PBMD', 'PBMD', 'STAT']","[468502519162335898, 468502519162389724, 468502519163977248, 468502519163776590, 468502519162906525]","[0.7852015495300293, 0.7758437395095825, 0.7751575708389282, 0.7774553894996643, 0.7794511318206787]"
810,MEDQA,0.5019936561584473,0.0679374560713768,0.07698322087526321,0.20926208794116974,0.14382359385490417,0,0.36009764671325684,False,"['STAT', 'STAT', 'STAT', 'STAT', 'STAT']","[468502519162847740, 468502519162858505, 468502519162860463, 468502519162985241, 468502519162918881]","[0.7683306932449341, 0.7849903702735901, 0.7547036409378052, 0.761989951133728, 0.7688641548156738]"
811,MEDQA,0.02981049194931984,0.0040344116277992725,0.0918227806687355,0.00314200296998024,0.8711903095245361,4,0.34510087966918945,False,"['PBMD', 'PBMD', 'TEXT', 'TEXT', 'PBMD']","[468502519163429413, 468502519163781985, 468502519162367432, 468502519162359122, 468502519163755689]","[0.809365451335907, 0.8353504538536072, 0.805889368057251, 0.8256268501281738, 0.8102389574050903]"
812,MEDQA,0.022207045927643776,0.008169515058398247,0.013469252735376358,0.01188657432794571,0.9442675709724426,4,0.3967609405517578,False,"['PBMD', 'STAT', 'PBMD', 'PBMD', 'TEXT']","[468502519163860719, 468502519162982524, 468502519163801259, 468502519163877012, 468502519162332218]","[0.7707616686820984, 0.7747309803962708, 0.7682292461395264, 0.773848295211792, 0.7806217670440674]"
813,MEDQA,0.11776170879602432,0.03373929113149643,0.24930152297019958,0.07142608612775803,0.5277713537216187,2,0.4967002868652344,False,"['PBMD', 'TEXT', 'PBMD', 'PBMD', 'PBMD']","[468502519163756034, 468502519162390966, 468502519163269202, 468502519163129768, 468502519163756009]","[0.7928420305252075, 0.8026483058929443, 0.7930671572685242, 0.7999568581581116, 0.8048929572105408]"
814,MEDQA,0.01107617374509573,0.016115738078951836,0.8798894286155701,0.01107617374509573,0.08184246718883514,4,0.3176255226135254,False,"['STAT', 'TEXT', 'PBMD', 'PBMD', 'PBMD']","[468502519162816329, 468502519162417193, 468502519163579026, 468502519163585190, 468502519163008038]","[0.8118042349815369, 0.792387068271637, 0.7902260422706604, 0.7876490354537964, 0.7941657304763794]"
815,MEDQA,0.6069905757904053,0.04982481896877289,0.1970609873533249,0.06397633254528046,0.08214724063873291,0,0.3696727752685547,False,"['TEXT', 'TEXT', 'STAT', 'TEXT', 'STAT']","[468502519162336344, 468502519162295183, 468502519162765784, 468502519162394897, 468502519162843936]","[0.7664136290550232, 0.7947075366973877, 0.7720314264297485, 0.7903537154197693, 0.7666922807693481]"
816,MEDQA,0.874614417552948,0.023307684808969498,0.020568959414958954,0.018152043223381042,0.06335686147212982,0,0.34119248390197754,False,"['STAT', 'TEXT', 'TEXT', 'PBMD', 'TEXT']","[468502519162791746, 468502519162308987, 468502519162354323, 468502519163657779, 468502519162306523]","[0.7819340825080872, 0.7850714921951294, 0.7873435020446777, 0.7810163497924805, 0.7924574613571167]"
817,MEDQA,0.13160575926303864,0.029365211725234985,0.75733882188797,0.033275146037340164,0.04841504991054535,2,0.2716939449310303,False,"['TEXT', 'TEXT', 'PBMD', 'PBMD', 'TEXT']","[468502519162325715, 468502519162326710, 468502519163730375, 468502519163860947, 468502519162326585]","[0.7898354530334473, 0.7493801116943359, 0.7595634460449219, 0.7665904760360718, 0.7912995219230652]"
818,MEDQA,0.00498167285695672,0.9493387937545776,0.008213389664888382,0.00498167285695672,0.03248458728194237,1,0.37540459632873535,False,"['PBMD', 'TEXT', 'STAT', 'TEXT', 'PBMD']","[468502519163527071, 468502519162314610, 468502519162969654, 468502519162314609, 468502519163527077]","[0.797184944152832, 0.7961478233337402, 0.7934873700141907, 0.7993201613426208, 0.7954931259155273]"
819,MEDQA,0.10239911824464798,0.07974851131439209,0.07037781178951263,0.07974851131439209,0.6677260994911194,4,0.36488866806030273,False,"['PBMD', 'PBMD', 'TEXT', 'TEXT', 'PBMD']","[468502519163733110, 468502519163541105, 468502519162313565, 468502519162387125, 468502519163079415]","[0.8057590126991272, 0.7872257828712463, 0.7941297888755798, 0.7976652383804321, 0.7869633436203003]"
820,MEDQA,0.001694318139925599,0.0009069031220860779,0.9945400357246399,0.0011644866317510605,0.001694318139925599,2,0.43467116355895996,False,"['PBMD', 'TEXT', 'PBMD', 'PBMD', 'PBMD']","[468502519163764958, 468502519162368856, 468502519163748996, 468502519163624938, 468502519163336231]","[0.8244445323944092, 0.828974723815918, 0.8458987474441528, 0.826910138130188, 0.8466247320175171]"
821,MEDQA,0.02217261493206024,0.0016061788192018867,0.004947379231452942,0.9428035616874695,0.028470201417803764,3,0.5054082870483398,False,"['STAT', 'TEXT', 'PBMD', 'PBMD', 'PBMD']","[468502519162818858, 468502519162366743, 468502519163593202, 468502519163835533, 468502519163848536]","[0.8002312779426575, 0.8250761032104492, 0.7994530200958252, 0.8065528869628906, 0.8043214082717896]"
822,MEDQA,0.17691893875598907,0.29169002175331116,0.08357059210538864,0.15613041818141937,0.29169002175331116,2,0.5311462879180908,False,"['TEXT', 'PBMD', 'PBMD', 'PBMD', 'TEXT']","[468502519162298812, 468502519163901224, 468502519163093351, 468502519163490777, 468502519162348901]","[0.7646685242652893, 0.7728246450424194, 0.7673906683921814, 0.7720092535018921, 0.765894889831543]"
823,MEDQA,0.10515820235013962,0.2226199060678482,0.0818972960114479,0.05628712847828865,0.5340374112129211,3,0.5471446514129639,False,"['PBMD', 'TEXT', 'PBMD', 'PBMD', 'PBMD']","[468502519163327161, 468502519162415783, 468502519163497357, 468502519163019704, 468502519163322406]","[0.7855534553527832, 0.7831311821937561, 0.7882966995239258, 0.7888842821121216, 0.7860984802246094]"
824,MEDQA,0.08640830218791962,0.7234878540039062,0.18292637169361115,0.002302703447639942,0.004874822683632374,1,0.3215677738189697,False,"['TEXT', 'STAT', 'STAT', 'TEXT', 'TEXT']","[468502519162340911, 468502519162452204, 468502519162452287, 468502519162340627, 468502519162395185]","[0.8031122088432312, 0.766909122467041, 0.7810289859771729, 0.7754091620445251, 0.7686744332313538]"
825,MEDQA,0.06393257528543472,0.014265285804867744,0.026651062071323395,0.882561981678009,0.01258907001465559,3,0.4754045009613037,False,"['PBMD', 'TEXT', 'PBMD', 'STAT', 'PBMD']","[468502519163796060, 468502519162387119, 468502519163869530, 468502519162424391, 468502519163376928]","[0.7856128215789795, 0.7865874767303467, 0.7913618087768555, 0.7905155420303345, 0.7841650247573853]"
826,MEDQA,0.09862926602363586,0.041114792227745056,0.5008807182312012,0.344249963760376,0.01512528769671917,2,0.4602077007293701,False,"['STAT', 'PBMD', 'STAT', 'STAT', 'STAT']","[468502519162852561, 468502519163474813, 468502519162829177, 468502519162928434, 468502519162989101]","[0.7839568853378296, 0.766453742980957, 0.751522421836853, 0.7679563760757446, 0.754806637763977]"
827,MEDQA,0.17187172174453735,0.5998912453651428,0.09199630469083786,0.018115146085619926,0.11812559515237808,1,0.47501707077026367,False,"['PBMD', 'TEXT', 'PBMD', 'PBMD', 'PBMD']","[468502519163284054, 468502519162352043, 468502519163184693, 468502519163362858, 468502519163320129]","[0.8046600818634033, 0.7961465716362, 0.7981994152069092, 0.8052892684936523, 0.7959907054901123]"
828,MEDQA,0.01350554171949625,0.028591232374310493,0.4472421109676361,0.0038694024551659822,0.5067917108535767,2,0.42579221725463867,False,"['TEXT', 'TEXT', 'PBMD', 'PBMD', 'PBMD']","[468502519162328728, 468502519162349440, 468502519163915453, 468502519163024756, 468502519163247821]","[0.8056743144989014, 0.8074215650558472, 0.7967302799224854, 0.8173656463623047, 0.7944741249084473]"
829,MEDQA,0.026289237663149834,0.020474078133702278,0.10397595167160034,0.7682841420173645,0.08097655326128006,4,0.4150538444519043,False,"['STAT', 'TEXT', 'TEXT', 'TEXT', 'STAT']","[468502519162851207, 468502519162394786, 468502519162395450, 468502519162335652, 468502519162915950]","[0.7788431644439697, 0.7338946461677551, 0.7733171582221985, 0.7473031282424927, 0.7484915256500244]"
830,MEDQA,0.024926312267780304,0.08700137585401535,0.0527690052986145,0.2679831087589264,0.5673202276229858,1,0.29374074935913086,False,"['TEXT', 'PBMD', 'STAT', 'TEXT', 'PBMD']","[468502519162368923, 468502519163232539, 468502519162772233, 468502519162361113, 468502519163922907]","[0.7652425169944763, 0.7671099901199341, 0.7662786245346069, 0.7700640559196472, 0.7859416007995605]"
831,MEDQA,0.28475046157836914,0.36562681198120117,0.3226645290851593,0.003584478981792927,0.023373739793896675,0,0.38448429107666016,False,"['PBMD', 'STAT', 'PBMD', 'TEXT', 'PBMD']","[468502519163538851, 468502519162720458, 468502519163468937, 468502519162306818, 468502519163946363]","[0.765487551689148, 0.7659739851951599, 0.7662838101387024, 0.7636298537254333, 0.7723555564880371]"
832,MEDQA,0.000860139902215451,0.0007590707973577082,0.9432579278945923,0.008160780183970928,0.04696204513311386,2,0.48684144020080566,False,"['STAT', 'PBMD', 'PBMD', 'PBMD', 'PBMD']","[468502519162884065, 468502519163459223, 468502519163048820, 468502519163870297, 468502519163572793]","[0.7808576822280884, 0.7857248187065125, 0.7907013893127441, 0.7781761884689331, 0.7929520010948181]"
833,MEDQA,0.13414530456066132,0.012477456592023373,0.4131966233253479,0.11838281899690628,0.32179784774780273,3,0.5292809009552002,False,"['PBMD', 'PBMD', 'PBMD', 'PBMD', 'PBMD']","[468502519163731071, 468502519163882979, 468502519163783249, 468502519163908816, 468502519163899266]","[0.7687411308288574, 0.7722227573394775, 0.7753435373306274, 0.7673396468162537, 0.7999892830848694]"
834,MEDQA,0.012177396565675735,0.00575219513848424,0.003953421954065561,0.9673704504966736,0.010746514424681664,3,0.35590076446533203,False,"['PBMD', 'PBMD', 'PBMD', 'PBMD', 'PBMD']","[468502519163957626, 468502519163508706, 468502519163047620, 468502519163277070, 468502519163199399]","[0.7410212755203247, 0.7609074115753174, 0.7444963455200195, 0.739881694316864, 0.7407498955726624]"
835,MEDQA,0.005140246823430061,0.0016687939641997218,0.9795576930046082,0.002751376014202833,0.010881902649998665,2,0.4458789825439453,False,"['PBMD', 'PBMD', 'PBMD', 'PBMD', 'PBMD']","[468502519163142734, 468502519163613153, 468502519163244689, 468502519163570492, 468502519163555640]","[0.8156740665435791, 0.8315249681472778, 0.827530562877655, 0.8080236911773682, 0.8174606561660767]"
836,MEDQA,0.03165590390563011,0.9251211285591125,0.014953190460801125,0.00906956847757101,0.01920027658343315,1,0.38504910469055176,False,"['STAT', 'PBMD', 'PBMD', 'PBMD', 'PBMD']","[468502519162721038, 468502519163866973, 468502519163755751, 468502519163889104, 468502519163166221]","[0.7635419964790344, 0.756956934928894, 0.7678296566009521, 0.7620498538017273, 0.7540181279182434]"
837,MEDQA,0.041263774037361145,0.04675798490643501,0.04675798490643501,0.8288050889968872,0.03641515597701073,3,0.5673236846923828,False,"['PBMD', 'PBMD', 'STAT', 'PBMD', 'STAT']","[468502519163865142, 468502519163469246, 468502519162736905, 468502519163684335, 468502519162888518]","[0.7822343707084656, 0.7795854806900024, 0.7722006440162659, 0.7742026448249817, 0.7750166058540344]"
838,MEDQA,0.9771732091903687,0.004525209777057171,0.0021375578362494707,0.009579868987202644,0.006584141403436661,0,0.3849797248840332,False,"['STAT', 'STAT', 'STAT', 'STAT', 'PBMD']","[468502519162928434, 468502519162754341, 468502519162878722, 468502519162910460, 468502519163703315]","[0.7648983001708984, 0.7616273760795593, 0.7616272568702698, 0.7616272568702698, 0.7609947323799133]"
839,MEDQA,0.013408621773123741,0.9400169849395752,0.028386054560542107,0.0009713172912597656,0.017217012122273445,1,0.492323637008667,False,"['PBMD', 'PBMD', 'PBMD', 'PBMD', 'PBMD']","[468502519163839230, 468502519163598603, 468502519163598601, 468502519163833231, 468502519163829413]","[0.7846708297729492, 0.7827798128128052, 0.7958246469497681, 0.7909967303276062, 0.7828583717346191]"
840,MEDQA,0.00015777480439282954,3.989171818830073e-05,6.577032036148012e-05,0.995667576789856,0.004069065675139427,3,0.4367036819458008,False,"['PBMD', 'PBMD', 'PBMD', 'STAT', 'PBMD']","[468502519163139424, 468502519163450565, 468502519163320679, 468502519162752129, 468502519163446873]","[0.7964705228805542, 0.7798303365707397, 0.790133535861969, 0.7790408134460449, 0.7858855724334717]"
841,MEDQA,0.0031478588934987783,0.9890278577804565,0.006664017215371132,0.0009018766577355564,0.0002583920140750706,1,0.4007229804992676,False,"['PBMD', 'PBMD', 'PBMD', 'PBMD', 'PBMD']","[468502519163956946, 468502519163752088, 468502519163956945, 468502519163860804, 468502519163909611]","[0.8065365552902222, 0.7919984459877014, 0.8026117086410522, 0.7943865060806274, 0.803979754447937]"
842,MEDQA,0.0014504266437143087,0.003070553531870246,0.010717283934354782,0.964739203453064,0.020022522658109665,2,0.3017566204071045,False,"['STAT', 'STAT', 'STAT', 'STAT', 'STAT']","[468502519162837832, 468502519162719551, 468502519162983771, 468502519162447842, 468502519162908240]","[0.7762844562530518, 0.7779963612556458, 0.7797008156776428, 0.777549147605896, 0.7862834930419922]"
843,MEDQA,0.29201585054397583,0.17711657285690308,0.034876320511102676,0.48145273327827454,0.014538613148033619,3,0.41172099113464355,False,"['PBMD', 'TEXT', 'PBMD', 'PBMD', 'PBMD']","[468502519163946375, 468502519162341612, 468502519163616623, 468502519163187153, 468502519163961772]","[0.771874189376831, 0.7766447067260742, 0.7592747807502747, 0.7610101103782654, 0.762915849685669]"
844,MEDQA,0.1153978630900383,0.061768025159835815,0.5171773433685303,0.1902589201927185,0.1153978630900383,0,0.4914059638977051,False,"['PBMD', 'PBMD', 'PBMD', 'PBMD', 'PBMD']","[468502519163692799, 468502519163244215, 468502519163560766, 468502519163158392, 468502519163671860]","[0.7593990564346313, 0.7457672953605652, 0.753103494644165, 0.7688195109367371, 0.7482142448425293]"
845,MEDQA,0.902572751045227,0.0078087844885885715,0.012874508276581764,0.011361714452505112,0.06538215279579163,0,0.3630659580230713,False,"['TEXT', 'TEXT', 'STAT', 'PBMD', 'TEXT']","[468502519162407524, 468502519162407525, 468502519162759505, 468502519163460780, 468502519162384603]","[0.8262621164321899, 0.8046945333480835, 0.8007662296295166, 0.7932291030883789, 0.7912416458129883]"
846,MEDQA,0.01685139909386635,0.00619928352534771,0.027783259749412537,0.716539740562439,0.23262639343738556,3,0.5111129283905029,False,"['STAT', 'PBMD', 'PBMD', 'PBMD', 'TEXT']","[468502519162794063, 468502519163567267, 468502519163890916, 468502519163781988, 468502519162367540]","[0.7934226989746094, 0.796927809715271, 0.7780191898345947, 0.789100170135498, 0.7795667052268982]"
847,MEDQA,0.00018398885731585324,3.622955046012066e-05,0.00020848667190875858,0.9042626619338989,0.0953085795044899,3,0.44126176834106445,False,"['PBMD', 'PBMD', 'PBMD', 'PBMD', 'PBMD']","[468502519163817084, 468502519163613145, 468502519163875133, 468502519163892919, 468502519163720483]","[0.8006805181503296, 0.7761793732643127, 0.7811561226844788, 0.7789533734321594, 0.7793242931365967]"
848,MEDQA,0.004206762183457613,0.006935778073966503,0.9084076881408691,0.03522278741002083,0.04522695392370224,2,0.3625819683074951,False,"['TEXT', 'PBMD', 'PBMD', 'PBMD', 'PBMD']","[468502519162379170, 468502519163360454, 468502519163002757, 468502519163303575, 468502519163987838]","[0.7647356986999512, 0.7549259066581726, 0.7602111101150513, 0.7530867457389832, 0.7540903687477112]"
849,MEDQA,0.00048751410213299096,8.471724868286401e-05,0.0005524258012883365,6.597785250050947e-05,0.9988093376159668,4,0.4781308174133301,False,"['PBMD', 'PBMD', 'PBMD', 'PBMD', 'PBMD']","[468502519163817467, 468502519163536377, 468502519163887441, 468502519163677104, 468502519163725065]","[0.7704337239265442, 0.7543256282806396, 0.75749671459198, 0.7530059814453125, 0.7481459975242615]"
850,MEDQA,0.0326465405523777,0.11394762992858887,0.8419654369354248,0.009353390894830227,0.0020870238076895475,2,0.26390552520751953,False,"['STAT', 'STAT', 'STAT', 'STAT', 'STAT']","[468502519162705470, 468502519162450945, 468502519162450942, 468502519162925796, 468502519162705468]","[0.7613381743431091, 0.7707160115242004, 0.7637678384780884, 0.7504552602767944, 0.7469502687454224]"
851,MEDQA,0.1395539492368698,0.2607210874557495,0.230085551738739,0.230085551738739,0.1395539492368698,2,0.5116825103759766,False,"['TEXT', 'STAT', 'PBMD', 'PBMD', 'PBMD']","[468502519162329169, 468502519162852626, 468502519163626604, 468502519163311567, 468502519163004480]","[0.780295193195343, 0.7929341197013855, 0.7818195819854736, 0.7796987891197205, 0.7761567831039429]"
852,MEDQA,0.08184630423784256,0.018262380734086037,0.018262380734086037,0.7765361666679382,0.10509274154901505,3,0.5191946029663086,False,"['PBMD', 'STAT', 'PBMD', 'PBMD', 'PBMD']","[468502519163814303, 468502519162835389, 468502519163148287, 468502519163714905, 468502519163939336]","[0.7923352122306824, 0.7834435105323792, 0.7999523282051086, 0.8103622198104858, 0.7945334911346436]"
853,MEDQA,7.477313920389861e-05,0.0001087942800950259,0.00015829474432393909,0.9989487528800964,0.0007094278116710484,3,0.4673335552215576,False,"['TEXT', 'STAT', 'PBMD', 'PBMD', 'PBMD']","[468502519162404978, 468502519162942796, 468502519163255022, 468502519163380729, 468502519163733759]","[0.777267336845398, 0.7989978790283203, 0.7826016545295715, 0.7851247787475586, 0.7791908383369446]"
854,MEDQA,0.2690189480781555,0.34542715549468994,0.09896653890609741,0.07707522064447403,0.2095121592283249,1,0.370471715927124,False,"['TEXT', 'PBMD', 'TEXT', 'PBMD', 'PBMD']","[468502519162375145, 468502519163147398, 468502519162295183, 468502519163234223, 468502519163326777]","[0.7946209907531738, 0.8267805576324463, 0.7822535634040833, 0.7750296592712402, 0.7740380764007568]"
855,MEDQA,0.012046795338392258,0.9569954872131348,0.0106312595307827,0.012046795338392258,0.008279633708298206,1,0.3872363567352295,False,"['PBMD', 'PBMD', 'PBMD', 'PBMD', 'PBMD']","[468502519163823549, 468502519163990008, 468502519163063937, 468502519163064053, 468502519163823355]","[0.8010279536247253, 0.7913743853569031, 0.8111344575881958, 0.7944283485412598, 0.8102836012840271]"
856,MEDQA,0.3949073553085327,0.06862460821866989,0.3949073553085327,0.05344489961862564,0.08811574429273605,3,0.40004754066467285,False,"['TEXT', 'STAT', 'TEXT', 'TEXT', 'PBMD']","[468502519162363933, 468502519162908419, 468502519162340923, 468502519162337793, 468502519163818493]","[0.7776405215263367, 0.7769501209259033, 0.7825603485107422, 0.7938224077224731, 0.7840261459350586]"
857,MEDQA,0.013631065376102924,0.003446473041549325,0.0018447641050443053,0.9556114673614502,0.025466183200478554,3,0.5154068470001221,False,"['PBMD', 'PBMD', 'PBMD', 'PBMD', 'PBMD']","[468502519163803538, 468502519163540865, 468502519163470912, 468502519163649404, 468502519163299962]","[0.7969887852668762, 0.8002416491508484, 0.8161330223083496, 0.8033198118209839, 0.7978255748748779]"
858,MEDQA,0.314860463142395,0.19097252190113068,0.314860463142395,0.010773932561278343,0.16853266954421997,0,0.39479541778564453,False,"['PBMD', 'PBMD', 'PBMD', 'PBMD', 'PBMD']","[468502519163676220, 468502519163624658, 468502519163625760, 468502519163905434, 468502519163191351]","[0.8003700375556946, 0.792580783367157, 0.8099015355110168, 0.7958598732948303, 0.7928205132484436]"
859,MEDQA,0.01226827036589384,0.005114175844937563,0.003514918265864253,0.9745894074440002,0.004513244144618511,3,0.5462605953216553,False,"['PBMD', 'PBMD', 'PBMD', 'PBMD', 'PBMD']","[468502519163336959, 468502519163548712, 468502519163047236, 468502519163413584, 468502519163450996]","[0.80748450756073, 0.7957063317298889, 0.8052360415458679, 0.7973952293395996, 0.7970691919326782]"
860,MEDQA,0.0016554748872295022,0.001875898684374988,0.001875898684374988,0.9717395901679993,0.022853124886751175,3,0.5388791561126709,False,"['STAT', 'STAT', 'PBMD', 'PBMD', 'PBMD']","[468502519162769425, 468502519162937050, 468502519163000721, 468502519163335962, 468502519163176119]","[0.7746512293815613, 0.7813184261322021, 0.770595908164978, 0.7942646741867065, 0.8137702345848083]"
861,MEDQA,0.005774282850325108,0.00350227952003479,0.0074143256060779095,0.01222415640950203,0.9710850119590759,2,0.3666262626647949,False,"['TEXT', 'PBMD', 'PBMD', 'STAT', 'PBMD']","[468502519162333767, 468502519163355356, 468502519163539722, 468502519162422798, 468502519163140975]","[0.7672134637832642, 0.7878056168556213, 0.7655282020568848, 0.7667057514190674, 0.7725182771682739]"
862,MEDQA,0.1523868888616562,0.08156682550907135,0.2217216193675995,0.2217216193675995,0.3226030468940735,1,0.5008561611175537,False,"['PBMD', 'PBMD', 'PBMD', 'PBMD', 'TEXT']","[468502519163995427, 468502519163757209, 468502519163255426, 468502519163616322, 468502519162308969]","[0.7524966597557068, 0.7570319771766663, 0.7531166672706604, 0.765841543674469, 0.7598140239715576]"
863,MEDQA,0.9264729022979736,0.02178855426609516,0.014975039288401604,0.014975039288401604,0.02178855426609516,0,0.6188755035400391,False,"['PBMD', 'TEXT', 'PBMD', 'PBMD', 'PBMD']","[468502519163799151, 468502519162329132, 468502519163479313, 468502519163835520, 468502519163640839]","[0.7704426050186157, 0.8069536685943604, 0.7879868745803833, 0.7863234281539917, 0.7819320559501648]"
864,MEDQA,0.0019214623607695103,0.0003339000977575779,0.0016956846229732037,0.0007068664999678731,0.9953421354293823,4,0.33554911613464355,False,"['STAT', 'STAT', 'STAT', 'STAT', 'STAT']","[468502519162905666, 468502519162694083, 468502519162694080, 468502519162948399, 468502519162949910]","[0.7993674278259277, 0.7741095423698425, 0.7870689034461975, 0.7786085605621338, 0.7768950462341309]"
865,MEDQA,0.0024981454480439425,0.012686628848314285,0.889401376247406,0.012686628848314285,0.08272721618413925,2,0.5257096290588379,False,"['PBMD', 'PBMD', 'PBMD', 'PBMD', 'PBMD']","[468502519163631452, 468502519163572258, 468502519163650807, 468502519163778553, 468502519163289350]","[0.7818992137908936, 0.7889981865882874, 0.783257246017456, 0.7802987098693848, 0.7814579606056213]"
866,MEDQA,0.01657923124730587,0.01657923124730587,0.9051952958106995,0.04506701976060867,0.01657923124730587,1,0.49429941177368164,False,"['PBMD', 'PBMD', 'PBMD', 'TEXT', 'STAT']","[468502519163832170, 468502519163944311, 468502519163763851, 468502519162297132, 468502519162978920]","[0.7568717002868652, 0.7647157907485962, 0.752866268157959, 0.7731907963752747, 0.7639743089675903]"
867,MEDQA,0.06263215839862823,0.06263215839862823,0.21860770881175995,0.24771498143672943,0.40841296315193176,1,0.5333085060119629,False,"['PBMD', 'PBMD', 'PBMD', 'PBMD', 'PBMD']","[468502519163490553, 468502519163700068, 468502519163647095, 468502519163994002, 468502519163419922]","[0.794376015663147, 0.8052186369895935, 0.799509584903717, 0.7972235679626465, 0.791181206703186]"
868,MEDQA,0.012694839388132095,0.023717083036899567,0.034508150070905685,0.889976978302002,0.039102859795093536,3,0.44200801849365234,False,"['TEXT', 'PBMD', 'TEXT', 'TEXT', 'TEXT']","[468502519162390647, 468502519163681081, 468502519162391082, 468502519162329121, 468502519162391174]","[0.773744523525238, 0.7839215397834778, 0.7717399597167969, 0.7726891040802002, 0.7971295714378357]"
869,MEDQA,0.2571899890899658,0.0736861601471901,0.0946149006485939,0.3742091953754425,0.20029975473880768,0,0.3881034851074219,False,"['PBMD', 'PBMD', 'PBMD', 'PBMD', 'PBMD']","[468502519163005445, 468502519163649842, 468502519163262460, 468502519163766809, 468502519163667736]","[0.8374431729316711, 0.7887538075447083, 0.7792447805404663, 0.7770254611968994, 0.777610182762146]"
870,MEDQA,0.3324475586414337,0.016551587730646133,0.044991884380578995,0.48370832204818726,0.12230061739683151,0,0.44379544258117676,False,"['PBMD', 'PBMD', 'PBMD', 'PBMD', 'STAT']","[468502519163776453, 468502519163046155, 468502519163978855, 468502519163611884, 468502519162844597]","[0.7898682355880737, 0.7867757081985474, 0.8037853240966797, 0.7860165238380432, 0.7831517457962036]"
871,MEDQA,0.005735649261623621,0.8512458205223083,0.03300638124346733,0.008345319889485836,0.10166681557893753,1,0.4590451717376709,False,"['TEXT', 'PBMD', 'STAT', 'PBMD', 'PBMD']","[468502519162328800, 468502519163849864, 468502519162974798, 468502519163809353, 468502519163962551]","[0.8053337931632996, 0.8028842210769653, 0.8134648203849792, 0.8067516088485718, 0.838583767414093]"
872,MEDQA,0.08517324924468994,0.03133348748087883,0.08517324924468994,0.7131468653678894,0.08517324924468994,3,0.42990636825561523,False,"['STAT', 'STAT', 'STAT', 'STAT', 'STAT']","[468502519162897949, 468502519162886366, 468502519162719895, 468502519162723678, 468502519162838074]","[0.782785177230835, 0.791743278503418, 0.7774481177330017, 0.7751407027244568, 0.7913272976875305]"
873,MEDQA,0.17523519694805145,0.03045131079852581,0.6930686235427856,0.08277524262666702,0.01846965216100216,2,0.4403359889984131,False,"['PBMD', 'STAT', 'PBMD', 'PBMD', 'STAT']","[468502519163604435, 468502519162958100, 468502519163258736, 468502519163685400, 468502519162958101]","[0.8145443201065063, 0.8216217756271362, 0.8165392875671387, 0.8294574022293091, 0.815976083278656]"
874,MEDQA,0.02578994818031788,0.0073889438062906265,0.02275954931974411,0.09001576155424118,0.8540458083152771,4,0.3510167598724365,False,"['STAT', 'TEXT', 'STAT', 'STAT', 'TEXT']","[468502519162758551, 468502519162394786, 468502519162878271, 468502519162852609, 468502519162395450]","[0.7643927335739136, 0.7758309245109558, 0.7969862222671509, 0.7646324634552002, 0.7689881920814514]"
875,MEDQA,0.000430248212069273,0.0001582794648129493,0.0003796927339863032,0.00017935414507519454,0.9988523721694946,4,0.294874906539917,False,"['PBMD', 'TEXT', 'PBMD', 'STAT', 'TEXT']","[468502519163181979, 468502519162312773, 468502519163003041, 468502519162937903, 468502519162355924]","[0.7885432243347168, 0.792830228805542, 0.8109487295150757, 0.7852969169616699, 0.7775881886482239]"
876,MEDQA,4.5147444325266406e-05,0.00020233681425452232,9.5577139290981e-05,0.994438648223877,0.005218334961682558,3,0.4992365837097168,False,"['PBMD', 'PBMD', 'PBMD', 'PBMD', 'PBMD']","[468502519163552007, 468502519163796274, 468502519163822115, 468502519163558117, 468502519163550355]","[0.7657492160797119, 0.7666590809822083, 0.7755045890808105, 0.7629919648170471, 0.7821448445320129]"
877,MEDQA,0.10341520607471466,0.8658849000930786,0.0035386737436056137,0.0010138469515368342,0.02614745870232582,1,0.43484067916870117,False,"['PBMD', 'PBMD', 'PBMD', 'PBMD', 'PBMD']","[468502519163679616, 468502519163758656, 468502519163111795, 468502519163457147, 468502519163718576]","[0.7547134160995483, 0.7606130242347717, 0.7518086433410645, 0.7590373158454895, 0.7525389194488525]"
878,MEDQA,0.0018040266586467624,0.0018040266586467624,0.009161602705717087,0.9345089197158813,0.05272138491272926,3,0.31456685066223145,False,"['PBMD', 'TEXT', 'STAT', 'TEXT', 'PBMD']","[468502519163336594, 468502519162418445, 468502519162983585, 468502519162418446, 468502519163615438]","[0.7235824465751648, 0.7264541983604431, 0.7258784174919128, 0.7514733076095581, 0.7263254523277283]"
879,MEDQA,0.0035569039173424244,0.0024446218740195036,0.005864342674612999,0.11778847128152847,0.8703456521034241,4,0.6294822692871094,False,"['PBMD', 'PBMD', 'PBMD', 'PBMD', 'PBMD']","[468502519163790247, 468502519163048790, 468502519163048866, 468502519163643241, 468502519163317551]","[0.8189722299575806, 0.8001740574836731, 0.7964844107627869, 0.8017043471336365, 0.8061899542808533]"
880,MEDQA,0.012254992499947548,0.005788848735392094,0.020205069333314896,0.8591413497924805,0.10260980576276779,2,0.5102736949920654,False,"['PBMD', 'PBMD', 'PBMD', 'PBMD', 'PBMD']","[468502519163787733, 468502519163966899, 468502519163844268, 468502519163269202, 468502519163763132]","[0.7831400036811829, 0.7804406881332397, 0.7830129265785217, 0.7915875911712646, 0.7720720171928406]"
881,MEDQA,0.9887373447418213,0.005879247561097145,0.001908712089061737,0.0013118373462930322,0.0021628541871905327,0,0.4312245845794678,False,"['PBMD', 'PBMD', 'TEXT', 'PBMD', 'PBMD']","[468502519163592451, 468502519163522574, 468502519162333421, 468502519163018700, 468502519163850540]","[0.788948655128479, 0.8078905940055847, 0.8047270774841309, 0.8065838813781738, 0.8010743856430054]"
882,MEDQA,0.16948756575584412,0.07065293192863464,0.1495722532272339,0.1495722532272339,0.4607149660587311,3,0.4911024570465088,False,"['STAT', 'TEXT', 'TEXT', 'PBMD', 'PBMD']","[468502519162749091, 468502519162391331, 468502519162329155, 468502519163177722, 468502519163892882]","[0.7837269902229309, 0.828839123249054, 0.7883844375610352, 0.7887726426124573, 0.7817497253417969]"
883,MEDQA,7.482671935576946e-05,0.9996645450592041,0.00015840816195122898,6.142151505628135e-06,9.60794131970033e-05,1,0.37460923194885254,False,"['TEXT', 'TEXT', 'TEXT', 'TEXT', 'TEXT']","[468502519162321158, 468502519162405875, 468502519162380489, 468502519162321378, 468502519162335087]","[0.8214179277420044, 0.7883726358413696, 0.788986086845398, 0.7822251915931702, 0.8135150671005249]"
884,MEDQA,0.9995658993721008,0.0003353169886395335,9.606993262423202e-05,1.209341917274287e-06,1.552825779072009e-06,0,0.27121973037719727,False,"['TEXT', 'STAT', 'TEXT', 'STAT', 'STAT']","[468502519162379787, 468502519162731610, 468502519162298537, 468502519162895070, 468502519162895071]","[0.7821861505508423, 0.7720781564712524, 0.8242024183273315, 0.8146268725395203, 0.7701395750045776]"
885,MEDQA,0.15052101016044617,0.023083144798874855,0.7644087672233582,0.0066134314984083176,0.05537358671426773,2,0.4034442901611328,False,"['STAT', 'STAT', 'TEXT', 'STAT', 'TEXT']","[468502519162852561, 468502519162829177, 468502519162364944, 468502519162712563, 468502519162355626]","[0.8015865683555603, 0.7659596800804138, 0.7532576322555542, 0.7539266347885132, 0.7605922222137451]"
886,MEDQA,0.055996861308813095,0.006687871180474758,0.13432948291301727,0.02997295930981636,0.7730128169059753,0,0.38552236557006836,False,"['TEXT', 'PBMD', 'PBMD', 'PBMD', 'PBMD']","[468502519162308958, 468502519163234656, 468502519163521338, 468502519163192825, 468502519163535271]","[0.7574954628944397, 0.751883327960968, 0.7594479918479919, 0.7567031383514404, 0.7509380578994751]"
887,MEDQA,0.18279406428337097,0.20713281631469727,0.2659637928009033,0.1613152027130127,0.18279406428337097,0,0.6511623859405518,False,"['PBMD', 'TEXT', 'PBMD', 'PBMD', 'PBMD']","[468502519163740102, 468502519162308036, 468502519163702781, 468502519163542344, 468502519163662521]","[0.7703741788864136, 0.7823105454444885, 0.7777694463729858, 0.7821879982948303, 0.7870337963104248]"
888,MEDQA,0.1895417869091034,0.04792366549372673,0.2433764636516571,0.27578166127204895,0.2433764636516571,0,0.3526792526245117,False,"['TEXT', 'PBMD', 'PBMD', 'PBMD', 'PBMD']","[468502519162372107, 468502519163953488, 468502519163628032, 468502519163628786, 468502519163206907]","[0.7772042751312256, 0.7662155032157898, 0.7754022479057312, 0.7625963687896729, 0.7591548562049866]"
889,MEDQA,0.04193361848592758,0.7432911992073059,0.11398740112781525,0.022445449605584145,0.07834231108427048,1,0.47615599632263184,False,"['PBMD', 'PBMD', 'STAT', 'PBMD', 'TEXT']","[468502519163441713, 468502519163443949, 468502519162911253, 468502519163933528, 468502519162406516]","[0.8036588430404663, 0.7933030128479004, 0.7860571146011353, 0.7913130521774292, 0.7839527130126953]"
890,MEDQA,0.8850564360618591,0.03028496541082859,0.023585954681038857,0.0111412163823843,0.049931466579437256,0,0.47875213623046875,False,"['STAT', 'PBMD', 'PBMD', 'STAT', 'PBMD']","[468502519162753628, 468502519163731114, 468502519163661703, 468502519162459587, 468502519163761149]","[0.8052230477333069, 0.8162078857421875, 0.8156633973121643, 0.8075345754623413, 0.8075090050697327]"
891,MEDQA,0.07131399214267731,0.06293438374996185,0.15097172558307648,0.6766083240509033,0.03817163035273552,0,0.42247581481933594,False,"['TEXT', 'PBMD', 'TEXT', 'PBMD', 'TEXT']","[468502519162407237, 468502519163864688, 468502519162377288, 468502519163013059, 468502519162407238]","[0.7743827104568481, 0.7787394523620605, 0.7926278710365295, 0.776555061340332, 0.7896609902381897]"
892,MEDQA,0.37335601449012756,0.10696829110383987,0.10696829110383987,0.039351433515548706,0.37335601449012756,4,0.6221468448638916,False,"['PBMD', 'TEXT', 'PBMD', 'PBMD', 'PBMD']","[468502519163713105, 468502519162391331, 468502519163774100, 468502519163463658, 468502519163762717]","[0.7778542637825012, 0.7807236909866333, 0.808337926864624, 0.8112858533859253, 0.7781949043273926]"
893,MEDQA,0.0002951435453724116,0.9969559907913208,0.0011673154076561332,0.0005514007643796504,0.0010301521979272366,1,0.39890456199645996,False,"['TEXT', 'PBMD', 'TEXT', 'STAT', 'STAT']","[468502519162409196, 468502519163872938, 468502519162409195, 468502519162421211, 468502519162929694]","[0.7678636312484741, 0.7726073861122131, 0.7667650580406189, 0.7676511406898499, 0.7814754247665405]"
894,MEDQA,0.999758780002594,0.00020341928757261485,2.1440235286718234e-05,6.1427303990058135e-06,1.0127650057256687e-05,0,0.33525538444519043,False,"['STAT', 'STAT', 'STAT', 'PBMD', 'TEXT']","[468502519162783551, 468502519162783554, 468502519162783569, 468502519163048736, 468502519162386207]","[0.7590190768241882, 0.7889978885650635, 0.775652289390564, 0.7720754146575928, 0.7528241872787476]"
895,MEDQA,0.4892785847187042,0.09634466469287872,0.051569581031799316,0.20396165549755096,0.15884549915790558,3,0.546222448348999,False,"['PBMD', 'TEXT', 'PBMD', 'PBMD', 'PBMD']","[468502519163284909, 468502519162366988, 468502519163974949, 468502519163526177, 468502519163924631]","[0.7797331809997559, 0.7866257429122925, 0.7782249450683594, 0.7916744947433472, 0.7734603881835938]"
896,MEDQA,0.0013156600762158632,0.0007042221259325743,0.0035763350315392017,0.002785252407193184,0.9916185736656189,4,0.36673665046691895,False,"['PBMD', 'TEXT', 'PBMD', 'PBMD', 'TEXT']","[468502519163349206, 468502519162370508, 468502519163582396, 468502519163417099, 468502519162357299]","[0.7800076603889465, 0.7800214290618896, 0.78441321849823, 0.7934688925743103, 0.781201958656311]"
897,MEDQA,0.10808247327804565,0.7047862410545349,0.08417471498250961,0.018781917169690132,0.08417471498250961,1,0.4217376708984375,False,"['STAT', 'PBMD', 'PBMD', 'PBMD', 'STAT']","[468502519162906526, 468502519163401366, 468502519163489344, 468502519163699948, 468502519162749091]","[0.7886236906051636, 0.7945173382759094, 0.7973635792732239, 0.7895342111587524, 0.8021807074546814]"
898,MEDQA,0.001690733595751226,0.0019158521899953485,0.9924359917640686,0.000798646011389792,0.0031587062403559685,2,0.38553810119628906,False,"['PBMD', 'PBMD', 'PBMD', 'PBMD', 'PBMD']","[468502519163669159, 468502519163914411, 468502519163623411, 468502519163704230, 468502519163249099]","[0.7814214825630188, 0.7644928693771362, 0.7607190012931824, 0.7660375833511353, 0.7586253881454468]"
899,MEDQA,0.4079296290874481,0.15006892383098602,0.13243535161018372,0.19269230961799622,0.11687380075454712,2,0.505725622177124,False,"['STAT', 'PBMD', 'PBMD', 'TEXT', 'PBMD']","[468502519162964118, 468502519163735346, 468502519163750745, 468502519162396082, 468502519163817622]","[0.7617124915122986, 0.7778698801994324, 0.7512314319610596, 0.789825439453125, 0.7509264349937439]"
900,MEDQA,0.2878759801387787,0.13598297536373138,0.19785408675670624,0.22419804334640503,0.15408891439437866,2,0.5076813697814941,False,"['PBMD', 'PBMD', 'PBMD', 'PBMD', 'PBMD']","[468502519163188318, 468502519163731071, 468502519163783417, 468502519163757082, 468502519163880861]","[0.7846867442131042, 0.7938570380210876, 0.7812396883964539, 0.7762936353683472, 0.7916712164878845]"
901,MEDQA,0.004963110666722059,0.004379929509013891,0.008182785473763943,0.03667270019650459,0.9458014369010925,4,0.5549299716949463,False,"['TEXT', 'PBMD', 'PBMD', 'PBMD', 'PBMD']","[468502519162375953, 468502519163888254, 468502519163876200, 468502519163613301, 468502519163962886]","[0.7696685194969177, 0.7703370451927185, 0.7907248735427856, 0.7692102789878845, 0.7745839357376099]"
902,MEDQA,0.14468897879123688,0.16395407915115356,0.21052120625972748,0.21052120625972748,0.2703145742416382,2,0.47768616676330566,False,"['PBMD', 'PBMD', 'PBMD', 'PBMD', 'PBMD']","[468502519163788288, 468502519163246259, 468502519163345715, 468502519163511455, 468502519163658145]","[0.7774056196212769, 0.7826038599014282, 0.7752640247344971, 0.7775002121925354, 0.7722507119178772]"
903,MEDQA,0.0036172582767903805,0.5368487238883972,0.018369952216744423,0.287354439496994,0.15380974113941193,1,0.5554490089416504,False,"['PBMD', 'PBMD', 'PBMD', 'PBMD', 'PBMD']","[468502519163758490, 468502519163141882, 468502519163626738, 468502519163983467, 468502519163817084]","[0.7996686697006226, 0.8006092309951782, 0.8036453127861023, 0.799332857131958, 0.8141385316848755]"
904,MEDQA,0.14911571145057678,0.004502904135733843,0.35771000385284424,0.029362624511122704,0.4593087434768677,2,0.36168336868286133,False,"['PBMD', 'STAT', 'STAT', 'PBMD', 'TEXT']","[468502519163970862, 468502519162975697, 468502519162461856, 468502519163692891, 468502519162347068]","[0.7762376666069031, 0.805192232131958, 0.7758590579032898, 0.7854098081588745, 0.7706021070480347]"
905,MEDQA,0.16834282875061035,0.01381842140108347,0.7544602155685425,0.025816207751631737,0.03756236284971237,0,0.5635647773742676,False,"['STAT', 'STAT', 'PBMD', 'STAT', 'PBMD']","[468502519162871792, 468502519162871782, 468502519163529961, 468502519162871794, 468502519163529960]","[0.8115838766098022, 0.8024129867553711, 0.8099026679992676, 0.7995922565460205, 0.8036131858825684]"
906,MEDQA,0.25187253952026367,0.10499609261751175,0.6042107939720154,0.02067495509982109,0.01824558526277542,4,0.3377559185028076,False,"['PBMD', 'PBMD', 'PBMD', 'PBMD', 'STAT']","[468502519163050288, 468502519163186083, 468502519163917026, 468502519163841715, 468502519162715844]","[0.7837581634521484, 0.7905250787734985, 0.7860516309738159, 0.7846887707710266, 0.7886456251144409]"
907,MEDQA,0.16960227489471436,0.08011443167924881,0.11656581610441208,0.3168587386608124,0.3168587386608124,0,0.5021803379058838,False,"['PBMD', 'PBMD', 'TEXT', 'PBMD', 'PBMD']","[468502519163692458, 468502519163484606, 468502519162390969, 468502519163458091, 468502519163170992]","[0.7976541519165039, 0.8074787855148315, 0.8057928085327148, 0.7997993230819702, 0.809185266494751]"
908,MEDQA,0.062016721814870834,0.19102495908737183,0.35688158869743347,0.03319516032934189,0.35688158869743347,2,0.40845727920532227,False,"['PBMD', 'PBMD', 'TEXT', 'PBMD', 'TEXT']","[468502519163766445, 468502519163323447, 468502519162377863, 468502519163140031, 468502519162377862]","[0.8325139880180359, 0.8095247745513916, 0.8342869877815247, 0.8087657690048218, 0.8151242136955261]"
909,MEDQA,0.17196184396743774,0.15175580978393555,0.2208033800125122,0.28351715207099915,0.17196184396743774,1,0.38837385177612305,False,"['PBMD', 'PBMD', 'PBMD', 'PBMD', 'PBMD']","[468502519163674577, 468502519163392401, 468502519163166474, 468502519163985658, 468502519163532780]","[0.7656213045120239, 0.7720106840133667, 0.765820324420929, 0.7673855423927307, 0.7856935262680054]"
910,MEDQA,0.08631828427314758,0.6378106474876404,0.09781143069267273,0.06722474843263626,0.11083487421274185,2,0.38039660453796387,False,"['PBMD', 'TEXT', 'PBMD', 'TEXT', 'TEXT']","[468502519163788055, 468502519162355628, 468502519163163409, 468502519162363382, 468502519162355619]","[0.8104067444801331, 0.796176552772522, 0.769902765750885, 0.7705342769622803, 0.770214855670929]"
911,MEDQA,0.6292229890823364,0.1239013522863388,0.03132716566324234,0.14039863646030426,0.07514996826648712,3,0.421464204788208,False,"['PBMD', 'PBMD', 'PBMD', 'PBMD', 'PBMD']","[468502519163869212, 468502519163659264, 468502519163231988, 468502519163088421, 468502519163849396]","[0.7536129951477051, 0.7603879570960999, 0.7532171607017517, 0.7565233707427979, 0.7533730268478394]"
912,MEDQA,0.09380962699651718,0.4764045774936676,0.12045393884181976,0.15466591715812683,0.15466591715812683,1,0.39075732231140137,False,"['PBMD', 'STAT', 'PBMD', 'PBMD', 'STAT']","[468502519163064287, 468502519162904045, 468502519163442877, 468502519163031724, 468502519162746196]","[0.7970259189605713, 0.7739808559417725, 0.7730655670166016, 0.7732513546943665, 0.7778854966163635]"
913,MEDQA,0.0489693209528923,0.038137342780828476,0.04321527108550072,0.6760005950927734,0.19367742538452148,4,0.6528480052947998,False,"['PBMD', 'PBMD', 'PBMD', 'PBMD', 'PBMD']","[468502519163347922, 468502519163350948, 468502519163015224, 468502519163621638, 468502519163688011]","[0.7906678915023804, 0.7812821865081787, 0.8096932768821716, 0.7803043723106384, 0.7921547889709473]"
914,MEDQA,0.21424522995948792,0.04218738526105881,0.3117249608039856,0.18907074630260468,0.24277164041996002,3,0.467193603515625,False,"['STAT', 'PBMD', 'PBMD', 'PBMD', 'PBMD']","[468502519162426251, 468502519163213556, 468502519163033728, 468502519163912380, 468502519163794214]","[0.8020095229148865, 0.7746698260307312, 0.7775043845176697, 0.7934049367904663, 0.7720337510108948]"
915,MEDQA,0.3271949291229248,0.0827278345823288,0.06442850083112717,0.19845375418663025,0.3271949291229248,0,0.33705568313598633,False,"['STAT', 'STAT', 'STAT', 'PBMD', 'PBMD']","[468502519162480130, 468502519162820613, 468502519162457454, 468502519163733332, 468502519163685470]","[0.8414312601089478, 0.8281375765800476, 0.8267334699630737, 0.8566990494728088, 0.8593698143959045]"
916,MEDQA,0.6963227391242981,0.06476810574531555,0.12100274860858917,0.0733918771147728,0.04451442137360573,0,0.43598055839538574,False,"['TEXT', 'PBMD', 'TEXT', 'PBMD', 'PBMD']","[468502519162412554, 468502519163692458, 468502519162294486, 468502519163299543, 468502519163170992]","[0.8103072047233582, 0.8013739585876465, 0.8143192529678345, 0.80300372838974, 0.8031089305877686]"
917,MEDQA,0.18158264458179474,0.1602461040019989,0.33924102783203125,0.08577356487512589,0.2331567257642746,4,0.562751293182373,False,"['PBMD', 'PBMD', 'PBMD', 'PBMD', 'PBMD']","[468502519163943954, 468502519163397883, 468502519163472990, 468502519163471350, 468502519163482598]","[0.8111537098884583, 0.8157294988632202, 0.8099089860916138, 0.8126417398452759, 0.8125523328781128]"
918,MEDQA,0.009611585177481174,0.9804084300994873,0.005829721689224243,0.0006144481594674289,0.003535904921591282,1,0.5639309883117676,False,"['PBMD', 'PBMD', 'PBMD', 'PBMD', 'PBMD']","[468502519163973896, 468502519163685476, 468502519163148309, 468502519163194050, 468502519163860625]","[0.8045663237571716, 0.7758498787879944, 0.8006864786148071, 0.7759721875190735, 0.782531201839447]"
919,MEDQA,0.04254908487200737,0.012190517038106918,0.16828490793704987,0.02277488447725773,0.7542005777359009,2,0.29367613792419434,False,"['TEXT', 'STAT', 'TEXT', 'STAT', 'STAT']","[468502519162359787, 468502519162989648, 468502519162359859, 468502519162857045, 468502519162910477]","[0.7541202902793884, 0.7516937255859375, 0.7595674991607666, 0.7901502847671509, 0.7883539199829102]"
920,MEDQA,0.9776846766471863,0.008458630181849003,0.005130418576300144,0.006587587762624025,0.0021386765874922276,0,0.3142521381378174,False,"['PBMD', 'STAT', 'STAT', 'STAT', 'PBMD']","[468502519163472690, 468502519162837618, 468502519162816111, 468502519162750017, 468502519163898194]","[0.8054080605506897, 0.7916299104690552, 0.8059033155441284, 0.7900533676147461, 0.8049834966659546]"
921,MEDQA,0.9593283534049988,0.028969205915927887,0.005034093279391527,0.0016343308379873633,0.005034093279391527,1,0.37537217140197754,False,"['PBMD', 'PBMD', 'PBMD', 'PBMD', 'PBMD']","[468502519163063252, 468502519163048614, 468502519163892093, 468502519163166287, 468502519163967065]","[0.7943968176841736, 0.7995701432228088, 0.8051546812057495, 0.8034700155258179, 0.7966651916503906]"
922,MEDQA,0.0379917286336422,0.08042849600315094,0.09113742411136627,0.6734195351600647,0.11702276766300201,0,0.36280131340026855,False,"['PBMD', 'PBMD', 'PBMD', 'PBMD', 'PBMD']","[468502519163388751, 468502519163946363, 468502519163482895, 468502519163330027, 468502519163376563]","[0.7978609204292297, 0.8019973039627075, 0.8040213584899902, 0.7946289777755737, 0.8211556673049927]"
923,MEDQA,0.009582968428730965,0.0039947759360075,0.9774894118309021,0.0074632237665355206,0.0014695958234369755,2,0.3121819496154785,False,"['STAT', 'STAT', 'STAT', 'STAT', 'STAT']","[468502519162843300, 468502519162752147, 468502519162879838, 468502519162463759, 468502519162868320]","[0.7842682600021362, 0.769373893737793, 0.7759552597999573, 0.7957763671875, 0.7766380310058594]"
924,MEDQA,0.9138951301574707,0.02149275317788124,0.00895951222628355,0.010152457281947136,0.04550015926361084,0,0.5126373767852783,False,"['PBMD', 'PBMD', 'PBMD', 'PBMD', 'PBMD']","[468502519163720084, 468502519163713121, 468502519163784936, 468502519163268898, 468502519163888753]","[0.7863620519638062, 0.7696149945259094, 0.7728443145751953, 0.7737892866134644, 0.7695131897926331]"
925,MEDQA,6.961638973734807e-06,9.421553954780393e-07,0.9999043941497803,2.9020429792581126e-06,8.481012628180906e-05,2,0.5383567810058594,False,"['STAT', 'PBMD', 'PBMD', 'PBMD', 'PBMD']","[468502519162465927, 468502519163579890, 468502519163422497, 468502519163164647, 468502519163859755]","[0.7840632200241089, 0.7848188281059265, 0.7836369276046753, 0.7978135943412781, 0.7820571660995483]"
926,MEDQA,0.1830100566148758,0.4390183091163635,0.1830100566148758,0.052433259785175323,0.14252837002277374,1,0.5281176567077637,False,"['PBMD', 'PBMD', 'PBMD', 'PBMD', 'STAT']","[468502519163787411, 468502519163667838, 468502519163793475, 468502519163649092, 468502519162721397]","[0.8150634765625, 0.8050916790962219, 0.7895675897598267, 0.7901862263679504, 0.7832871079444885]"
927,MEDQA,0.1388060301542282,0.035095661878585815,0.33297836780548096,0.4275526702404022,0.06556732952594757,2,0.5467054843902588,False,"['PBMD', 'PBMD', 'PBMD', 'PBMD', 'TEXT']","[468502519163069094, 468502519163756939, 468502519163900077, 468502519163303987, 468502519162384634]","[0.8063190579414368, 0.810543954372406, 0.807173490524292, 0.796909511089325, 0.7928335666656494]"
928,MEDQA,0.010824557393789291,0.0031012878753244877,0.006565426010638475,0.005113158840686083,0.9743956327438354,1,0.40166616439819336,False,"['TEXT', 'STAT', 'TEXT', 'PBMD', 'TEXT']","[468502519162308065, 468502519162943783, 468502519162389975, 468502519163740103, 468502519162350440]","[0.7672989368438721, 0.7828493714332581, 0.7954883575439453, 0.7717037796974182, 0.7678054571151733]"
929,MEDQA,0.0035600238479673862,0.0005459473468363285,0.9870959520339966,0.0002578872663434595,0.00854005292057991,2,0.37839818000793457,False,"['TEXT', 'PBMD', 'TEXT', 'PBMD', 'PBMD']","[468502519162331457, 468502519163991893, 468502519162331857, 468502519163856720, 468502519163592519]","[0.7807264924049377, 0.7969643473625183, 0.7837518453598022, 0.7813196778297424, 0.7924150228500366]"
930,MEDQA,0.9063520431518555,0.05113288387656212,0.03514308109879494,0.001982636982575059,0.005389366298913956,0,0.3754456043243408,False,"['PBMD', 'TEXT', 'PBMD', 'STAT', 'STAT']","[468502519163879418, 468502519162367768, 468502519163939149, 468502519162840756, 468502519162759004]","[0.7857820391654968, 0.7840157747268677, 0.7803137302398682, 0.7776439189910889, 0.7910648584365845]"
931,MEDQA,0.27110257744789124,0.18632589280605316,0.14511075615882874,0.2111348956823349,0.18632589280605316,0,0.36966753005981445,False,"['TEXT', 'PBMD', 'TEXT', 'PBMD', 'PBMD']","[468502519162368942, 468502519163553543, 468502519162369049, 468502519163106720, 468502519163890905]","[0.7783119082450867, 0.7781984806060791, 0.7929051518440247, 0.7772784233093262, 0.7850843071937561]"
932,MEDQA,0.06439435482025146,0.05015037581324577,0.05682781711220741,0.6923045516014099,0.13632285594940186,4,0.49790430068969727,False,"['TEXT', 'PBMD', 'PBMD', 'TEXT', 'PBMD']","[468502519162393788, 468502519163757914, 468502519163647571, 468502519162350686, 468502519163784936]","[0.7986573576927185, 0.7969910502433777, 0.7976201772689819, 0.7944126129150391, 0.7944080233573914]"
933,MEDQA,0.004576929844915867,0.0014859115472063422,0.0024498540442436934,0.003145674942061305,0.9883416295051575,0,0.4476914405822754,False,"['PBMD', 'PBMD', 'TEXT', 'PBMD', 'STAT']","[468502519163705196, 468502519163623152, 468502519162341382, 468502519163262696, 468502519162882474]","[0.7902525663375854, 0.7744275331497192, 0.7724032402038574, 0.7790205478668213, 0.7733275294303894]"
934,MEDQA,0.04761291667819023,0.24179832637310028,0.06927637755870819,0.1294253170490265,0.5118870735168457,1,0.28510403633117676,False,"['STAT', 'PBMD', 'STAT', 'TEXT', 'PBMD']","[468502519162951158, 468502519163537204, 468502519162479891, 468502519162419088, 468502519163541865]","[0.7737647891044617, 0.7660506963729858, 0.7807282209396362, 0.7770119905471802, 0.7860962152481079]"
935,MEDQA,0.0960131511092186,0.05823491886258125,0.02750822715461254,0.10879715532064438,0.7094465494155884,0,0.37735748291015625,False,"['PBMD', 'PBMD', 'PBMD', 'PBMD', 'TEXT']","[468502519163130340, 468502519163614842, 468502519163951843, 468502519163444870, 468502519162370924]","[0.781347930431366, 0.7749677896499634, 0.7793015241622925, 0.7862855792045593, 0.7731164693832397]"
936,MEDQA,0.027964601293206215,0.040688253939151764,0.08613703399896622,0.027964601293206215,0.8172454833984375,1,0.2660531997680664,False,"['PBMD', 'STAT', 'STAT', 'STAT', 'STAT']","[468502519163997773, 468502519162948399, 468502519162431048, 468502519162471711, 468502519162762179]","[0.7591030597686768, 0.7550073862075806, 0.7606080770492554, 0.7627291679382324, 0.7517458200454712]"
937,MEDQA,0.0067613073624670506,0.0028185322880744934,0.012631785124540329,0.3691549003124237,0.6086335182189941,3,0.5880026817321777,False,"['PBMD', 'PBMD', 'TEXT', 'PBMD', 'PBMD']","[468502519163110453, 468502519163985104, 468502519162378142, 468502519163113489, 468502519163860835]","[0.7857314348220825, 0.7879762053489685, 0.7994056344032288, 0.7834237217903137, 0.7862920761108398]"
938,MEDQA,0.17293857038021088,0.15261775255203247,0.4148580729961395,0.19596506655216217,0.06362054497003555,3,0.443159818649292,False,"['PBMD', 'PBMD', 'PBMD', 'PBMD', 'PBMD']","[468502519163329031, 468502519163188499, 468502519163870052, 468502519163512171, 468502519163070623]","[0.7695247530937195, 0.7717897891998291, 0.7706370949745178, 0.779597282409668, 0.7657677531242371]"
939,MEDQA,0.08518021553754807,0.03133605048060417,0.8081673979759216,0.008977929130196571,0.0663384199142456,0,0.35704588890075684,False,"['PBMD', 'PBMD', 'PBMD', 'PBMD', 'PBMD']","[468502519163434790, 468502519163824590, 468502519163616048, 468502519163259734, 468502519163047717]","[0.7995145320892334, 0.764746904373169, 0.7771898508071899, 0.782734751701355, 0.7778435349464417]"
940,MEDQA,0.9873899221420288,0.009680029936134815,0.0010202676057815552,0.00022765249013900757,0.0016821370227262378,0,0.3149571418762207,False,"['TEXT', 'TEXT', 'STAT', 'STAT', 'PBMD']","[468502519162328342, 468502519162342936, 468502519162966516, 468502519162756024, 468502519163878963]","[0.7947255373001099, 0.793329656124115, 0.8013182282447815, 0.783012866973877, 0.7941818237304688]"
941,MEDQA,0.9754098653793335,0.009562581777572632,0.007447346113622189,0.0010078886989504099,0.006572260055691004,0,0.36649036407470703,False,"['PBMD', 'PBMD', 'PBMD', 'TEXT', 'PBMD']","[468502519163734223, 468502519163734402, 468502519163706914, 468502519162415460, 468502519163640258]","[0.7866200804710388, 0.7746573090553284, 0.7840402126312256, 0.7734095454216003, 0.7911508083343506]"
942,MEDQA,0.24024736881256104,0.11348482966423035,0.06883202493190765,0.5086036920547485,0.06883202493190765,1,0.5968248844146729,False,"['PBMD', 'PBMD', 'PBMD', 'PBMD', 'PBMD']","[468502519163101308, 468502519163133814, 468502519163728573, 468502519163738874, 468502519163648386]","[0.7831506133079529, 0.7876763343811035, 0.787367045879364, 0.7788997292518616, 0.783007025718689]"
943,MEDQA,0.0004873286234214902,2.749319901340641e-05,0.0004300659929867834,0.0006257423665374517,0.9984293580055237,4,0.4640381336212158,False,"['STAT', 'PBMD', 'TEXT', 'PBMD', 'PBMD']","[468502519162766224, 468502519163156708, 468502519162398861, 468502519163414677, 468502519163398929]","[0.7872283458709717, 0.7783645391464233, 0.7775001525878906, 0.7726194858551025, 0.7813509702682495]"
944,MEDQA,0.023350462317466736,0.012498601339757442,0.04943292960524559,0.038498405367136,0.876219630241394,4,0.5255324840545654,False,"['PBMD', 'PBMD', 'PBMD', 'PBMD', 'PBMD']","[468502519163553133, 468502519163978797, 468502519163685450, 468502519163122050, 468502519163118806]","[0.7619837522506714, 0.7601903080940247, 0.7640039324760437, 0.7671959400177002, 0.771581768989563]"
945,MEDQA,0.08200189471244812,0.11931205540895462,0.153199702501297,0.47188833355903625,0.1735980212688446,1,0.2959098815917969,False,"['TEXT', 'TEXT', 'STAT', 'PBMD', 'TEXT']","[468502519162401501, 468502519162401383, 468502519162944172, 468502519163740566, 468502519162326101]","[0.7417255640029907, 0.7468996644020081, 0.7301225662231445, 0.736325204372406, 0.735029399394989]"
946,MEDQA,0.00010685901361284778,0.00042263561044819653,0.0024321002420037985,0.9811791777610779,0.01585928350687027,3,0.3726694583892822,False,"['TEXT', 'PBMD', 'TEXT', 'TEXT', 'TEXT']","[468502519162392811, 468502519163800131, 468502519162357338, 468502519162367636, 468502519162369741]","[0.7945391535758972, 0.7913699746131897, 0.7811403274536133, 0.7712670564651489, 0.7733897566795349]"
947,MEDQA,0.17178049683570862,0.05576896294951439,0.029850974678993225,0.6794050335884094,0.06319451332092285,1,0.39992403984069824,False,"['TEXT', 'PBMD', 'PBMD', 'PBMD', 'PBMD']","[468502519162307675, 468502519163187347, 468502519163297895, 468502519163863159, 468502519163993254]","[0.7914214134216309, 0.7879123091697693, 0.7801332473754883, 0.7827170491218567, 0.7815760374069214]"
948,MEDQA,0.004684609826654196,0.0025074908044189215,0.6952577233314514,0.28982654213905334,0.007723615504801273,3,0.4202425479888916,False,"['PBMD', 'PBMD', 'TEXT', 'PBMD', 'TEXT']","[468502519163648254, 468502519163844265, 468502519162390966, 468502519163198755, 468502519162391174]","[0.7754037380218506, 0.784078061580658, 0.7685853242874146, 0.7722619771957397, 0.7873202562332153]"
949,MEDQA,0.7732556462287903,0.014162671752274036,0.08150054514408112,0.012498513795435429,0.1185825988650322,0,0.4271891117095947,False,"['PBMD', 'PBMD', 'TEXT', 'TEXT', 'PBMD']","[468502519163714107, 468502519163653146, 468502519162392014, 468502519162391888, 468502519163704301]","[0.8099197149276733, 0.8070163726806641, 0.7949507236480713, 0.8081972599029541, 0.7949994802474976]"
950,MEDQA,0.8847484588623047,0.005961388349533081,0.04991409182548523,0.0028159604407846928,0.05656007304787636,0,0.34018754959106445,False,"['PBMD', 'PBMD', 'STAT', 'TEXT', 'PBMD']","[468502519163004864, 468502519163766449, 468502519162788035, 468502519162401429, 468502519163225905]","[0.7725820541381836, 0.7705522179603577, 0.7758730053901672, 0.7668914794921875, 0.7644079923629761]"
951,MEDQA,0.0035903947427868843,0.004610158037394285,0.09259749948978424,0.02066129632294178,0.8785406351089478,2,0.3534672260284424,False,"['PBMD', 'TEXT', 'PBMD', 'PBMD', 'PBMD']","[468502519163706569, 468502519162357516, 468502519163787650, 468502519163787646, 468502519163568332]","[0.781280517578125, 0.7620835900306702, 0.7670668363571167, 0.7726672887802124, 0.76209557056427]"
952,MEDQA,0.02232985384762287,0.002076999982818961,0.006397610064595938,0.9494895339012146,0.01970602571964264,0,0.330824613571167,False,"['PBMD', 'STAT', 'PBMD', 'STAT', 'PBMD']","[468502519163137931, 468502519162765444, 468502519163202142, 468502519162796066, 468502519163987740]","[0.8008031249046326, 0.7871475219726562, 0.782355785369873, 0.7780379056930542, 0.7971442937850952]"
953,MEDQA,0.00550086097791791,0.01027696207165718,0.8164001703262329,0.16075873374938965,0.0070632454007864,3,0.5866484642028809,False,"['TEXT', 'PBMD', 'PBMD', 'TEXT', 'PBMD']","[468502519162391082, 468502519163400170, 468502519163903378, 468502519162390966, 468502519163713347]","[0.7756943702697754, 0.7713041305541992, 0.7849355936050415, 0.768197774887085, 0.7650701999664307]"
954,MEDQA,0.1442534476518631,0.18522509932518005,0.3053845465183258,0.12730321288108826,0.23783372342586517,2,0.6064431667327881,False,"['PBMD', 'PBMD', 'TEXT', 'PBMD', 'PBMD']","[468502519163761927, 468502519163533004, 468502519162395018, 468502519163011755, 468502519163723267]","[0.7923141717910767, 0.778156578540802, 0.785062849521637, 0.7762804627418518, 0.7764864563941956]"
955,MEDQA,0.0001657952816458419,0.0025934746954590082,0.18181660771369934,0.8148455023765564,0.000578682404011488,3,0.366086483001709,False,"['STAT', 'PBMD', 'PBMD', 'STAT', 'PBMD']","[468502519162951325, 468502519163708978, 468502519163743188, 468502519162467587, 468502519163743187]","[0.7821210622787476, 0.8129358291625977, 0.7837790250778198, 0.8103353381156921, 0.7915958166122437]"
956,MEDQA,0.053139712661504745,0.44493335485458374,0.2698657214641571,0.14444871246814728,0.0876125767827034,1,0.544222354888916,False,"['PBMD', 'PBMD', 'TEXT', 'PBMD', 'PBMD']","[468502519163641602, 468502519163753640, 468502519162364126, 468502519163781984, 468502519163567267]","[0.7773101925849915, 0.7757740616798401, 0.7779412269592285, 0.7812379598617554, 0.7918094396591187]"
957,MEDQA,0.0014921497786417603,0.9924909472465515,0.0011620874283835292,0.0007986902492120862,0.004056083504110575,1,0.3139622211456299,False,"['STAT', 'STAT', 'STAT', 'STAT', 'PBMD']","[468502519162960204, 468502519162899152, 468502519162862047, 468502519162742054, 468502519163337732]","[0.8145273923873901, 0.8006749749183655, 0.8000998497009277, 0.8033130168914795, 0.7988936901092529]"
958,MEDQA,0.18600015342235565,0.11281479895114899,0.3066624104976654,0.08786025643348694,0.3066624104976654,2,0.5840864181518555,False,"['PBMD', 'PBMD', 'PBMD', 'PBMD', 'PBMD']","[468502519163692887, 468502519163060745, 468502519163062985, 468502519163697655, 468502519163703856]","[0.8016588091850281, 0.7970654368400574, 0.798731803894043, 0.8029696345329285, 0.7984985709190369]"
959,MEDQA,0.0004294047539588064,0.9968942403793335,0.0005513665964826941,0.0008022336987778544,0.0013226597802713513,1,0.24978232383728027,False,"['STAT', 'STAT', 'TEXT', 'STAT', 'STAT']","[468502519162764652, 468502519162423893, 468502519162351801, 468502519162987886, 468502519162726816]","[0.7686997056007385, 0.7537034749984741, 0.7493774890899658, 0.7544765472412109, 0.7551075220108032]"
960,MEDQA,0.1815371811389923,0.5591738820075989,0.11010786890983582,0.05201127380132675,0.09716985374689102,3,0.5277061462402344,False,"['PBMD', 'STAT', 'TEXT', 'PBMD', 'TEXT']","[468502519163997730, 468502519162894368, 468502519162354907, 468502519163640183, 468502519162329121]","[0.7901229858398438, 0.7644084095954895, 0.7660960555076599, 0.7708145976066589, 0.7875072360038757]"
961,MEDQA,0.678061306476593,0.038253601640462875,0.05565866082906723,0.19426782429218292,0.03375868499279022,0,0.4014003276824951,False,"['TEXT', 'PBMD', 'PBMD', 'PBMD', 'TEXT']","[468502519162379107, 468502519163709686, 468502519163719035, 468502519163574494, 468502519162378953]","[0.7931994199752808, 0.7857609391212463, 0.7765226364135742, 0.7915152907371521, 0.7854538559913635]"
962,MEDQA,0.012010539881885052,0.9541153311729431,0.006428778637200594,0.005006738007068634,0.022438641637563705,1,0.5166258811950684,False,"['PBMD', 'TEXT', 'TEXT', 'PBMD', 'TEXT']","[468502519163713975, 468502519162307708, 468502519162336349, 468502519163987064, 468502519162311156]","[0.8007394075393677, 0.7829962968826294, 0.7860528826713562, 0.7979402542114258, 0.7901867628097534]"
963,MEDQA,0.11222777515649796,0.010438809171319008,0.16329045593738556,0.14410331845283508,0.5699396729469299,4,0.5079097747802734,False,"['PBMD', 'PBMD', 'PBMD', 'PBMD', 'PBMD']","[468502519163383415, 468502519163714718, 468502519163956878, 468502519163612490, 468502519163674850]","[0.7755866646766663, 0.7751861810684204, 0.7898555994033813, 0.7775025367736816, 0.7715067863464355]"
964,MEDQA,0.22490724921226501,0.09375528991222382,0.3272381126880646,0.3272381126880646,0.026861339807510376,3,0.4739089012145996,False,"['PBMD', 'PBMD', 'PBMD', 'PBMD', 'PBMD']","[468502519163646372, 468502519163375643, 468502519163745114, 468502519163861156, 468502519163815442]","[0.8098299503326416, 0.7875875234603882, 0.7854546308517456, 0.7917116284370422, 0.7863450050354004]"
965,MEDQA,0.021336549893021584,0.9072531461715698,0.02739667147397995,0.01661692187190056,0.02739667147397995,3,0.4951622486114502,False,"['TEXT', 'TEXT', 'PBMD', 'PBMD', 'PBMD']","[468502519162307425, 468502519162307426, 468502519163756939, 468502519163955698, 468502519163769880]","[0.7635737657546997, 0.7665004730224609, 0.7659247517585754, 0.7581877112388611, 0.7616517543792725]"
966,MEDQA,0.007057776674628258,0.000511263613589108,0.06696232408285141,0.0010823450284078717,0.9243863224983215,2,0.4620513916015625,False,"['PBMD', 'PBMD', 'PBMD', 'PBMD', 'PBMD']","[468502519163485409, 468502519163315923, 468502519163257755, 468502519163191661, 468502519163740117]","[0.822616696357727, 0.8170809149742126, 0.8253363966941833, 0.848520040512085, 0.820975661277771]"
967,MEDQA,0.0022105160169303417,0.0032162817660719156,0.6129148006439209,0.3717516362667084,0.009906845167279243,2,0.3662991523742676,False,"['STAT', 'STAT', 'STAT', 'TEXT', 'TEXT']","[468502519162781313, 468502519162950077, 468502519162716935, 468502519162351805, 468502519162418409]","[0.7670349478721619, 0.7593743801116943, 0.7714853882789612, 0.7699848413467407, 0.7659552693367004]"
968,MEDQA,0.9871727228164673,0.0035603009164333344,0.0006186875398270786,0.00010751176159828901,0.008540717884898186,0,0.4328484535217285,False,"['TEXT', 'TEXT', 'PBMD', 'PBMD', 'PBMD']","[468502519162307205, 468502519162415055, 468502519163680586, 468502519163582365, 468502519163687911]","[0.8196362257003784, 0.8270634412765503, 0.8263114094734192, 0.8223997354507446, 0.8087958097457886]"
969,MEDQA,0.0350068099796772,0.030893400311470032,0.9028375148773193,0.02123270370066166,0.010029618628323078,2,0.3653261661529541,False,"['PBMD', 'PBMD', 'PBMD', 'PBMD', 'PBMD']","[468502519163364203, 468502519163561933, 468502519163421596, 468502519163481008, 468502519163802700]","[0.7956312894821167, 0.7805545330047607, 0.7792325019836426, 0.780924916267395, 0.8069104552268982]"
970,MEDQA,0.010437055490911007,0.0038395782466977835,0.004930115770548582,0.9395138025283813,0.04127935692667961,3,0.4364278316497803,False,"['PBMD', 'PBMD', 'PBMD', 'PBMD', 'TEXT']","[468502519163741768, 468502519163912768, 468502519163565742, 468502519163626245, 468502519162308082]","[0.784974217414856, 0.7688097953796387, 0.7644166350364685, 0.7693279981613159, 0.7629345655441284]"
971,MEDQA,0.04213537275791168,0.03718433901667595,0.03718433901667595,0.03718433901667595,0.846311628818512,4,0.41841721534729004,False,"['PBMD', 'PBMD', 'PBMD', 'PBMD', 'PBMD']","[468502519163631452, 468502519163563917, 468502519163605405, 468502519163628968, 468502519163266480]","[0.8177489638328552, 0.7991429567337036, 0.8004819750785828, 0.7946802377700806, 0.796048641204834]"
972,MEDQA,0.0683700367808342,0.16401119530200958,0.648676872253418,0.07747340947389603,0.04146852344274521,2,0.28458166122436523,False,"['TEXT', 'TEXT', 'STAT', 'STAT', 'TEXT']","[468502519162376830, 468502519162407238, 468502519162749478, 468502519162757954, 468502519162407237]","[0.7727291584014893, 0.8024324774742126, 0.7759115695953369, 0.7724353075027466, 0.7806897163391113]"
973,MEDQA,0.0822196751832962,0.7800785899162292,0.030246928334236145,0.01428763847798109,0.09316710382699966,1,0.38718438148498535,False,"['PBMD', 'PBMD', 'TEXT', 'TEXT', 'TEXT']","[468502519163664939, 468502519163245853, 468502519162368938, 468502519162393459, 468502519162307248]","[0.7895599603652954, 0.8040165901184082, 0.7859410047531128, 0.8276491165161133, 0.7963472008705139]"
974,MEDQA,0.0013026457745581865,0.0018953384133055806,0.007496208883821964,0.007496208883821964,0.9818096160888672,4,0.4807753562927246,False,"['PBMD', 'PBMD', 'PBMD', 'PBMD', 'PBMD']","[468502519163714107, 468502519163992481, 468502519163277680, 468502519163881669, 468502519163123368]","[0.770976722240448, 0.7747290134429932, 0.7779590487480164, 0.7761411070823669, 0.7690777778625488]"
975,MEDQA,0.0045800963416695595,0.0003759571991395205,0.9890254139900208,0.003566982690244913,0.0024515490513294935,2,0.3373265266418457,False,"['PBMD', 'PBMD', 'PBMD', 'PBMD', 'PBMD']","[468502519163507855, 468502519163255391, 468502519163361784, 468502519163229914, 468502519163871204]","[0.7766410112380981, 0.7584518194198608, 0.7677661180496216, 0.7531593441963196, 0.7654286026954651]"
976,MEDQA,0.2791183888912201,0.013896486721932888,0.4601884186267853,0.0549616701900959,0.19183507561683655,4,0.4297001361846924,False,"['PBMD', 'STAT', 'PBMD', 'TEXT', 'PBMD']","[468502519163454031, 468502519162849040, 468502519163355556, 468502519162309544, 468502519163403529]","[0.8038051128387451, 0.7905752062797546, 0.8070126175880432, 0.8028640747070312, 0.7914012670516968]"
977,MEDQA,0.00010869089601328596,0.9979994893074036,0.00029545248253270984,9.591937850927934e-05,0.0015004315646365285,1,0.27236366271972656,False,"['PBMD', 'STAT', 'STAT', 'PBMD', 'TEXT']","[468502519163737198, 468502519162475553, 468502519162912786, 468502519163158468, 468502519162379170]","[0.761854887008667, 0.7613648176193237, 0.7495381236076355, 0.7502785921096802, 0.7638182640075684]"
978,MEDQA,0.0005486803129315376,0.00010804156045196578,0.992037296295166,0.0006217362824827433,0.006684294901788235,2,0.5049593448638916,False,"['PBMD', 'PBMD', 'PBMD', 'PBMD', 'PBMD']","[468502519163404482, 468502519163478224, 468502519163355701, 468502519163611622, 468502519163634240]","[0.8047699928283691, 0.7949946522712708, 0.7962249517440796, 0.8111774921417236, 0.7955188751220703]"
979,MEDQA,0.3215085566043854,0.11827638745307922,0.11827638745307922,0.22096939384937286,0.22096939384937286,3,0.5374884605407715,False,"['PBMD', 'STAT', 'STAT', 'STAT', 'STAT']","[468502519163741103, 468502519162850123, 468502519162747813, 468502519162468952, 468502519162939669]","[0.8213028907775879, 0.8148455023765564, 0.8242965936660767, 0.8222740292549133, 0.810581386089325]"
980,MEDQA,0.2540213167667389,0.22417302429676056,0.13596782088279724,0.016239039599895477,0.3695988357067108,2,0.4993741512298584,False,"['PBMD', 'PBMD', 'PBMD', 'PBMD', 'TEXT']","[468502519163686354, 468502519163364223, 468502519163292143, 468502519163044365, 468502519162314482]","[0.8005982637405396, 0.7954925894737244, 0.8181250691413879, 0.7921190857887268, 0.7933827042579651]"
981,MEDQA,0.0031376411207020283,0.0011542735155671835,0.004028810653835535,0.9858174920082092,0.005861885379999876,3,0.5617504119873047,False,"['PBMD', 'PBMD', 'PBMD', 'PBMD', 'PBMD']","[468502519163721865, 468502519163715369, 468502519163964271, 468502519163908415, 468502519163021397]","[0.7751403450965881, 0.7866716980934143, 0.7832950353622437, 0.7704483270645142, 0.7739235162734985]"
982,MEDQA,0.00037886129575781524,0.9966651797294617,0.0008020493551157415,0.00022979098139330745,0.0019240163965150714,1,0.39522433280944824,False,"['PBMD', 'PBMD', 'PBMD', 'PBMD', 'PBMD']","[468502519163318854, 468502519163901811, 468502519163079680, 468502519163660755, 468502519163736541]","[0.7931502461433411, 0.7903580069541931, 0.813689112663269, 0.8000121712684631, 0.8207223415374756]"
983,MEDQA,0.012245254591107368,0.013875692151486874,0.4594998061656952,0.4594998061656952,0.05487942695617676,3,0.5017762184143066,False,"['PBMD', 'PBMD', 'PBMD', 'PBMD', 'PBMD']","[468502519163746158, 468502519163817151, 468502519163577116, 468502519163891157, 468502519163738420]","[0.7946745157241821, 0.794977068901062, 0.8074812293052673, 0.8038554191589355, 0.7937544584274292]"
984,MEDQA,0.09375102072954178,0.020918678492307663,0.050181303173303604,0.050181303173303604,0.7849676609039307,3,0.35393738746643066,False,"['PBMD', 'STAT', 'TEXT', 'TEXT', 'TEXT']","[468502519163815893, 468502519162989174, 468502519162396342, 468502519162392704, 468502519162361055]","[0.7435042262077332, 0.7588097453117371, 0.7484432458877563, 0.7604036927223206, 0.7405238747596741]"
985,MEDQA,0.4914505183696747,0.3827420473098755,0.07536637783050537,0.014840519987046719,0.035600557923316956,0,0.5109822750091553,False,"['STAT', 'PBMD', 'PBMD', 'PBMD', 'PBMD']","[468502519162705681, 468502519163748996, 468502519163867052, 468502519163425865, 468502519163783249]","[0.7746655941009521, 0.7865723371505737, 0.7740297317504883, 0.7806981205940247, 0.7777723073959351]"
986,MEDQA,0.1454785168170929,0.05351854860782623,0.5077698826789856,0.16484874486923218,0.12838433682918549,3,0.34601688385009766,False,"['PBMD', 'PBMD', 'TEXT', 'PBMD', 'PBMD']","[468502519163919815, 468502519163763449, 468502519162294199, 468502519163619047, 468502519163042824]","[0.7943374514579773, 0.7984806299209595, 0.7980567812919617, 0.7967959642410278, 0.7959664463996887]"
987,MEDQA,0.0725104957818985,0.8833586573600769,0.004090762231498957,0.009813227690756321,0.030226869508624077,1,0.46680617332458496,False,"['PBMD', 'PBMD', 'PBMD', 'PBMD', 'PBMD']","[468502519163716003, 468502519163695363, 468502519163577390, 468502519163996592, 468502519163242291]","[0.7726672291755676, 0.7812097072601318, 0.7684387564659119, 0.7720077633857727, 0.7697576880455017]"
988,MEDQA,0.10616235435009003,0.044255051761865616,0.1750321388244629,0.25467026233673096,0.4198802709579468,1,0.33102989196777344,False,"['STAT', 'STAT', 'PBMD', 'PBMD', 'PBMD']","[468502519162427441, 468502519162447150, 468502519163401264, 468502519163696873, 468502519163499159]","[0.755825400352478, 0.7605433464050293, 0.7588599324226379, 0.75791335105896, 0.7524935007095337]"
989,MEDQA,0.16044151782989502,0.05902313068509102,0.5599958896636963,0.11026973277330399,0.11026973277330399,1,0.5192029476165771,False,"['TEXT', 'PBMD', 'TEXT', 'PBMD', 'TEXT']","[468502519162329132, 468502519163356056, 468502519162329136, 468502519163633427, 468502519162329177]","[0.8072068691253662, 0.7803950905799866, 0.7937337160110474, 0.781008243560791, 0.7824946045875549]"
990,MEDQA,0.0035302387550473213,0.008468602783977985,0.9788373708724976,0.0006951452232897282,0.008468602783977985,4,0.47606611251831055,False,"['PBMD', 'PBMD', 'PBMD', 'TEXT', 'PBMD']","[468502519163617765, 468502519163621259, 468502519163253785, 468502519162417087, 468502519163634643]","[0.7794174551963806, 0.7975876331329346, 0.7954506874084473, 0.7792561054229736, 0.7797293663024902]"
991,MEDQA,0.004311134107410908,0.0026148350443691015,0.0026148350443691015,0.9309457540512085,0.05951336771249771,3,0.3522038459777832,False,"['TEXT', 'PBMD', 'PBMD', 'PBMD', 'PBMD']","[468502519162418284, 468502519163644166, 468502519163878350, 468502519163631795, 468502519163060890]","[0.7929526567459106, 0.7911267876625061, 0.7884525060653687, 0.7948562502861023, 0.7917272448539734]"
992,MEDQA,0.18576398491859436,0.07743794471025467,0.0469684898853302,0.041449543088674545,0.6483799815177917,4,0.40374135971069336,False,"['TEXT', 'PBMD', 'PBMD', 'PBMD', 'PBMD']","[468502519162414277, 468502519163748487, 468502519163381769, 468502519163735478, 468502519163954416]","[0.7422194480895996, 0.7585018277168274, 0.7740059494972229, 0.7352044582366943, 0.736429750919342]"
993,MEDQA,0.14305348694324493,0.06757368892431259,0.1836843341588974,0.30284425616264343,0.30284425616264343,0,0.426954984664917,False,"['TEXT', 'TEXT', 'PBMD', 'TEXT', 'PBMD']","[468502519162294486, 468502519162412554, 468502519163953636, 468502519162326798, 468502519163299543]","[0.7817370891571045, 0.786781370639801, 0.7833067178726196, 0.783001184463501, 0.7900311350822449]"
994,MEDQA,0.029587827622890472,0.05527733638882637,0.04878208041191101,0.19293686747550964,0.6734158396720886,1,0.5342745780944824,False,"['PBMD', 'PBMD', 'PBMD', 'PBMD', 'PBMD']","[468502519163758656, 468502519163867512, 468502519163676555, 468502519163741275, 468502519163557176]","[0.7670382261276245, 0.7739595770835876, 0.7756922841072083, 0.7747706174850464, 0.7653684616088867]"
995,MEDQA,0.007100794464349747,0.004880300257354975,0.005530104506760836,0.9300205707550049,0.05246816948056221,3,0.5942296981811523,False,"['PBMD', 'PBMD', 'PBMD', 'TEXT', 'TEXT']","[468502519163519347, 468502519163969020, 468502519163000721, 468502519162372069, 468502519162375597]","[0.7931356430053711, 0.7930460572242737, 0.7887750864028931, 0.7798824310302734, 0.782517671585083]"
996,MEDQA,0.2181302160024643,0.03345135226845741,0.11675669252872467,0.46178168058395386,0.1698799878358841,3,0.34438538551330566,False,"['STAT', 'TEXT', 'STAT', 'STAT', 'TEXT']","[468502519162438870, 468502519162323065, 468502519162489539, 468502519162481836, 468502519162336100]","[0.7580380439758301, 0.7503657937049866, 0.7522519826889038, 0.7779617309570312, 0.7398168444633484]"
997,MEDQA,0.13170062005519867,0.04844995215535164,0.10256855189800262,0.04844995215535164,0.668830931186676,4,0.3966054916381836,False,"['PBMD', 'PBMD', 'TEXT', 'PBMD', 'PBMD']","[468502519163390499, 468502519163321890, 468502519162329169, 468502519163988433, 468502519163662521]","[0.7928299903869629, 0.7817071676254272, 0.7893422842025757, 0.7771995663642883, 0.7832147479057312]"
998,MEDQA,0.0006818806868977845,0.9601594805717468,0.003923952579498291,0.0023799974005669355,0.032854851335287094,1,0.26421284675598145,False,"['PBMD', 'STAT', 'STAT', 'TEXT', 'PBMD']","[468502519163878169, 468502519162919163, 468502519162868049, 468502519162415460, 468502519163305993]","[0.7485018968582153, 0.7663928866386414, 0.7622503042221069, 0.7376941442489624, 0.747557520866394]"
999,MEDQA,0.0024445909075438976,0.007529870606958866,0.001903849421069026,0.11778698861598969,0.8703346848487854,4,0.25533151626586914,False,"['STAT', 'STAT', 'STAT', 'STAT', 'STAT']","[468502519162717783, 468502519162906195, 468502519162758921, 468502519162705191, 468502519162842504]","[0.7785899043083191, 0.7807809114456177, 0.792038083076477, 0.7749563455581665, 0.7817429304122925]"
1000,MEDQA,0.01081767212599516,0.003979599103331566,0.7583773732185364,0.009546562097966671,0.21727876365184784,2,0.6236732006072998,False,"['PBMD', 'PBMD', 'PBMD', 'PBMD', 'STAT']","[468502519163611319, 468502519163649834, 468502519163750628, 468502519163776672, 468502519162921785]","[0.7913490533828735, 0.7728534936904907, 0.7812753319740295, 0.7879524827003479, 0.7932742834091187]"
1001,MEDQA,0.003536983858793974,0.005146281328052282,0.980707585811615,0.003121377434581518,0.007487794850021601,2,0.38980793952941895,False,"['TEXT', 'PBMD', 'PBMD', 'TEXT', 'STAT']","[468502519162393788, 468502519163713121, 468502519163055672, 468502519162394635, 468502519162734193]","[0.7980368733406067, 0.7781175971031189, 0.7781018018722534, 0.7881636023521423, 0.7772800922393799]"
1002,MEDQA,0.05681826174259186,0.7843518853187561,0.020902268588542938,0.04425010457634926,0.09367747604846954,1,0.43256258964538574,False,"['PBMD', 'PBMD', 'PBMD', 'PBMD', 'PBMD']","[468502519163490556, 468502519163314561, 468502519163903809, 468502519163970418, 468502519163699896]","[0.7777955532073975, 0.7670254707336426, 0.7726659774780273, 0.7842364311218262, 0.7753958702087402]"
1003,MEDQA,0.209261953830719,0.44300755858421326,0.1269237995147705,0.07698316872119904,0.14382348954677582,4,0.5234420299530029,False,"['TEXT', 'PBMD', 'PBMD', 'TEXT', 'PBMD']","[468502519162329132, 468502519163934562, 468502519163181116, 468502519162394075, 468502519163285749]","[0.8214825987815857, 0.785982072353363, 0.7969048619270325, 0.7823770046234131, 0.7997438907623291]"
1004,MEDQA,0.02298453450202942,0.01085712481290102,0.14987799525260925,0.7611432671546936,0.0551370345056057,3,0.6173861026763916,False,"['PBMD', 'PBMD', 'PBMD', 'PBMD', 'TEXT']","[468502519163875774, 468502519163714107, 468502519163697588, 468502519163923180, 468502519162391888]","[0.7848617434501648, 0.7918468713760376, 0.7857898473739624, 0.7851487398147583, 0.7886308431625366]"
1005,MEDQA,0.0003350268816575408,5.137803964316845e-05,0.00020320407929830253,0.0007092519081197679,0.9987010955810547,4,0.5031356811523438,False,"['PBMD', 'PBMD', 'PBMD', 'PBMD', 'STAT']","[468502519163180861, 468502519163837747, 468502519163910585, 468502519163634240, 468502519162749091]","[0.7708224058151245, 0.7791845798492432, 0.7669396996498108, 0.7687146663665771, 0.7690410017967224]"
1006,MEDQA,0.07715431600809097,0.07715431600809097,0.6460051536560059,0.0874272882938385,0.11225886642932892,2,0.4343998432159424,False,"['PBMD', 'PBMD', 'PBMD', 'PBMD', 'PBMD']","[468502519163909747, 468502519163860189, 468502519163513863, 468502519163399242, 468502519163992080]","[0.8043568134307861, 0.7958654761314392, 0.7970495820045471, 0.7965475916862488, 0.7968266010284424]"
1007,MEDQA,0.023019939661026,0.360092431306839,0.5936920642852783,0.010873849503695965,0.012321685440838337,1,0.3977022171020508,False,"['PBMD', 'STAT', 'TEXT', 'PBMD', 'TEXT']","[468502519163845822, 468502519162722249, 468502519162386835, 468502519163620808, 468502519162371972]","[0.7790632247924805, 0.7770724892616272, 0.7805445194244385, 0.7804577350616455, 0.7774934768676758]"
1008,MEDQA,0.3425062894821167,0.16178850829601288,0.30226072669029236,0.1260010302066803,0.06744349002838135,4,0.5840907096862793,False,"['PBMD', 'PBMD', 'TEXT', 'PBMD', 'PBMD']","[468502519163897558, 468502519163781481, 468502519162390969, 468502519163761648, 468502519163946858]","[0.7778580188751221, 0.7586096525192261, 0.7680416107177734, 0.7544472217559814, 0.7579121589660645]"
1009,MEDQA,0.06540630757808685,0.20146562159061432,0.1078367754817009,0.3321606516838074,0.2931307554244995,3,0.4452989101409912,False,"['PBMD', 'PBMD', 'PBMD', 'PBMD', 'PBMD']","[468502519163204887, 468502519163261795, 468502519163365171, 468502519163751404, 468502519163040393]","[0.784944474697113, 0.7896191477775574, 0.7761934399604797, 0.7828063368797302, 0.8005422949790955]"
1010,MEDQA,0.8136383295059204,0.03154817968606949,0.03154817968606949,0.1101139709353447,0.013151238672435284,2,0.4197049140930176,False,"['PBMD', 'TEXT', 'PBMD', 'PBMD', 'TEXT']","[468502519163891412, 468502519162295183, 468502519163875558, 468502519163753933, 468502519162307351]","[0.7780354022979736, 0.7699832320213318, 0.7688652873039246, 0.7723995447158813, 0.7861554622650146]"
1011,MEDQA,0.34130486845970154,0.021818889304995537,0.0523407980799675,0.021818889304995537,0.5627166032791138,4,0.469163179397583,False,"['PBMD', 'TEXT', 'TEXT', 'PBMD', 'TEXT']","[468502519163746720, 468502519162355608, 468502519162346274, 468502519163863612, 468502519162417805]","[0.8023842573165894, 0.789914608001709, 0.7924603223800659, 0.7918999195098877, 0.789902925491333]"
1012,MEDQA,0.3037705421447754,0.18424615263938904,0.18424615263938904,0.14349104464054108,0.18424615263938904,0,0.4616665840148926,False,"['PBMD', 'PBMD', 'PBMD', 'PBMD', 'PBMD']","[468502519163140863, 468502519163648017, 468502519163378497, 468502519163289199, 468502519163133554]","[0.8323843479156494, 0.808580219745636, 0.8068534135818481, 0.8069182634353638, 0.8157296180725098]"
1013,MEDQA,0.0007934223976917565,0.0011544227600097656,0.0011544227600097656,0.9859448671340942,0.010952858254313469,3,0.42437028884887695,False,"['TEXT', 'PBMD', 'TEXT', 'PBMD', 'PBMD']","[468502519162393788, 468502519163404069, 468502519162393948, 468502519163956742, 468502519163752132]","[0.8057827353477478, 0.7831968069076538, 0.7851176261901855, 0.7766170501708984, 0.784574031829834]"
1014,MEDQA,0.017754334956407547,0.006531455088406801,0.9693538546562195,0.0018712931778281927,0.0044889990240335464,2,0.4512441158294678,False,"['PBMD', 'PBMD', 'TEXT', 'TEXT', 'TEXT']","[468502519163745547, 468502519163152074, 468502519162337339, 468502519162379436, 468502519162379707]","[0.7921035885810852, 0.7920975685119629, 0.8118626475334167, 0.7925970554351807, 0.7932518124580383]"
1015,MEDQA,0.9739782810211182,0.009548546746373177,0.004510414320975542,0.0024142509792000055,0.009548546746373177,0,0.35871171951293945,False,"['STAT', 'PBMD', 'PBMD', 'PBMD', 'TEXT']","[468502519162833477, 468502519163793603, 468502519163541801, 468502519163619222, 468502519162388659]","[0.7849130630493164, 0.7917702198028564, 0.7828752398490906, 0.7818366885185242, 0.7826927900314331]"
1016,MEDQA,0.28283393383026123,0.007537268567830324,0.00967804528772831,0.17154744267463684,0.5284033417701721,3,0.3999512195587158,False,"['TEXT', 'PBMD', 'PBMD', 'PBMD', 'TEXT']","[468502519162308036, 468502519163188803, 468502519163121036, 468502519163469589, 468502519162406967]","[0.7695844173431396, 0.782024621963501, 0.7662374377250671, 0.7707253694534302, 0.7651406526565552]"
1017,MEDQA,1.4736409866600297e-05,1.3706996924156556e-06,1.4736409866600297e-05,0.00015843132860027254,0.9998107552528381,4,0.4709510803222656,False,"['PBMD', 'PBMD', 'PBMD', 'PBMD', 'PBMD']","[468502519163365177, 468502519163585168, 468502519163988673, 468502519163174152, 468502519163311405]","[0.7694351077079773, 0.7780081629753113, 0.793084979057312, 0.7727744579315186, 0.7711238861083984]"
1018,MEDQA,0.02990611270070076,0.7712888121604919,0.1720978021621704,0.018138974905014038,0.008568244986236095,1,0.5067672729492188,False,"['PBMD', 'STAT', 'STAT', 'PBMD', 'STAT']","[468502519163751558, 468502519162847434, 468502519162853521, 468502519163866976, 468502519162792509]","[0.7413588166236877, 0.7493940591812134, 0.7483679056167603, 0.7485594749450684, 0.7568455934524536]"
1019,MEDQA,0.6485338807106018,0.06032305210828781,0.0469796396791935,0.09945589303970337,0.14470747113227844,0,0.4452800750732422,False,"['PBMD', 'PBMD', 'PBMD', 'PBMD', 'TEXT']","[468502519163961437, 468502519163793205, 468502519163760569, 468502519163892682, 468502519162361375]","[0.7833300828933716, 0.7948636412620544, 0.7919625043869019, 0.7843335866928101, 0.7937189936637878]"
1020,MEDQA,0.04466633126139641,0.02709149941802025,0.07364232838153839,0.15590082108974457,0.6986989974975586,3,0.550804615020752,False,"['PBMD', 'PBMD', 'PBMD', 'PBMD', 'PBMD']","[468502519163455797, 468502519163355701, 468502519163189392, 468502519163443749, 468502519163325251]","[0.7977356314659119, 0.7919499278068542, 0.787482738494873, 0.7852836847305298, 0.7970843315124512]"
1021,MEDQA,0.19202159345149994,0.022933708503842354,0.13197438418865204,0.40650972723960876,0.24656061828136444,4,0.45331406593322754,False,"['PBMD', 'PBMD', 'PBMD', 'PBMD', 'PBMD']","[468502519163729857, 468502519163739910, 468502519163347699, 468502519163001743, 468502519163148287]","[0.7810365557670593, 0.7713416218757629, 0.7666667699813843, 0.7749764919281006, 0.7716308236122131]"
1022,MEDQA,0.14835213124752045,0.14835213124752045,0.13092029094696045,0.05457569658756256,0.5177997946739197,0,0.5565030574798584,False,"['PBMD', 'PBMD', 'PBMD', 'PBMD', 'TEXT']","[468502519163390411, 468502519163108833, 468502519163540509, 468502519163472502, 468502519162374753]","[0.7829366326332092, 0.7735425233840942, 0.7772348523139954, 0.776424765586853, 0.77348393201828]"
1023,MEDQA,0.04122401401400566,0.015165467746555805,0.8280064463615417,0.028332822024822235,0.08727123588323593,3,0.4537067413330078,False,"['PBMD', 'STAT', 'PBMD', 'PBMD', 'PBMD']","[468502519163194822, 468502519162831492, 468502519163964530, 468502519163864337, 468502519163903375]","[0.7872490286827087, 0.7883564233779907, 0.7873259782791138, 0.79422926902771, 0.7925777435302734]"
1024,MEDQA,0.1850096583366394,0.017208578065037727,0.6457471251487732,0.09902853518724442,0.05300615355372429,2,0.47331714630126953,False,"['STAT', 'STAT', 'PBMD', 'TEXT', 'PBMD']","[468502519162984993, 468502519162874329, 468502519163088996, 468502519162319420, 468502519163347929]","[0.7512737512588501, 0.7688961029052734, 0.7528709769248962, 0.7718653678894043, 0.7616522908210754]"
1025,MEDQA,0.018401088193058968,0.28784143924713135,0.050019342452287674,0.6093603372573853,0.03437775745987892,3,0.2791025638580322,False,"['PBMD', 'PBMD', 'PBMD', 'PBMD', 'PBMD']","[468502519163460293, 468502519163540256, 468502519163154491, 468502519163323046, 468502519163498677]","[0.7791166305541992, 0.7783074378967285, 0.779897153377533, 0.77567058801651, 0.7831002473831177]"
1026,MEDQA,0.1602330058813095,0.4355584383010864,0.05894642323255539,0.04590751975774765,0.2993546426296234,0,0.39631104469299316,False,"['TEXT', 'PBMD', 'TEXT', 'PBMD', 'PBMD']","[468502519162362240, 468502519163643294, 468502519162307906, 468502519163974121, 468502519163267604]","[0.7876403331756592, 0.7604811191558838, 0.7668666243553162, 0.7686169147491455, 0.7637063264846802]"
1027,MEDQA,0.5760570764541626,0.03249891474843025,0.349396288394928,0.02233615703880787,0.019711589440703392,1,0.4659302234649658,False,"['STAT', 'STAT', 'PBMD', 'PBMD', 'STAT']","[468502519162919990, 468502519162801225, 468502519163016002, 468502519163187656, 468502519162801186]","[0.8039112091064453, 0.7847691774368286, 0.7741749882698059, 0.7789340019226074, 0.7888059616088867]"
1028,MEDQA,0.11390420794487,0.047482337802648544,0.14625589549541473,0.11390420794487,0.5784533023834229,4,0.5533714294433594,False,"['PBMD', 'PBMD', 'PBMD', 'PBMD', 'PBMD']","[468502519163138959, 468502519163436920, 468502519163351483, 468502519163024253, 468502519163833017]","[0.7658053636550903, 0.7581824660301208, 0.7565529346466064, 0.7454196214675903, 0.7468072175979614]"
1029,MEDQA,0.7320725917816162,0.03644774854183197,0.07715988159179688,0.07715988159179688,0.07715988159179688,0,0.4867215156555176,False,"['TEXT', 'PBMD', 'PBMD', 'PBMD', 'PBMD']","[468502519162394075, 468502519163737781, 468502519163632800, 468502519163535018, 468502519163535025]","[0.8063299059867859, 0.7788017392158508, 0.7667310237884521, 0.7710764408111572, 0.7826324701309204]"
1030,MEDQA,0.31154799461364746,0.06951575726270676,0.2749401330947876,0.21412360668182373,0.12987253069877625,0,0.4511587619781494,False,"['PBMD', 'PBMD', 'PBMD', 'PBMD', 'PBMD']","[468502519163428430, 468502519163459223, 468502519163574494, 468502519163763851, 468502519163660251]","[0.7792810797691345, 0.7741719484329224, 0.7719377279281616, 0.7781184911727905, 0.776170015335083]"
1031,MEDQA,2.1441388526000082e-05,2.5608085252315504e-06,4.005778828286566e-05,0.00012338666419964284,0.9998125433921814,4,0.3836526870727539,False,"['PBMD', 'PBMD', 'PBMD', 'PBMD', 'PBMD']","[468502519163805705, 468502519163830194, 468502519163104867, 468502519163031289, 468502519163854369]","[0.8178961277008057, 0.8188838958740234, 0.81900954246521, 0.8143143653869629, 0.8093010783195496]"
1032,MEDQA,0.0031198689248412848,0.2187197059392929,0.7634067535400391,0.005143794231116772,0.009609872475266457,2,0.6007890701293945,False,"['PBMD', 'PBMD', 'PBMD', 'PBMD', 'PBMD']","[468502519163663338, 468502519163959866, 468502519163542125, 468502519163955446, 468502519163325504]","[0.7921929359436035, 0.7722208499908447, 0.7746468186378479, 0.7737172245979309, 0.7765486240386963]"
1033,MEDQA,0.00026047328719869256,0.9969942569732666,0.00022986685507930815,0.0003344543220009655,0.0021809160243719816,1,0.3484683036804199,False,"['TEXT', 'TEXT', 'TEXT', 'PBMD', 'PBMD']","[468502519162361522, 468502519162357688, 468502519162396374, 468502519163737959, 468502519163387293]","[0.7518924474716187, 0.7527738809585571, 0.7515589594841003, 0.763445258140564, 0.7505436539649963]"
1034,MEDQA,0.008137630298733711,0.008137630298733711,0.7325261831283569,0.2098722755908966,0.04132629930973053,1,0.2767345905303955,False,"['PBMD', 'STAT', 'PBMD', 'STAT', 'PBMD']","[468502519163057879, 468502519162422725, 468502519163228675, 468502519162731833, 468502519163514516]","[0.7532696723937988, 0.7606171369552612, 0.7522457838058472, 0.7796875238418579, 0.7657852172851562]"
1035,MEDQA,0.00614962400868535,0.43112194538116455,0.005427023861557245,0.0037299355026334524,0.5535715222358704,1,0.2551734447479248,False,"['STAT', 'PBMD', 'PBMD', 'PBMD', 'PBMD']","[468502519162487528, 468502519163499138, 468502519163350134, 468502519163028186, 468502519163185333]","[0.7826661467552185, 0.7857404947280884, 0.7861013412475586, 0.7904978394508362, 0.787810206413269]"
1036,MEDQA,0.3870212435722351,0.16133445501327515,0.3014124631881714,0.05237763002514839,0.09785429388284683,1,0.27108335494995117,False,"['STAT', 'PBMD', 'STAT', 'STAT', 'STAT']","[468502519162968961, 468502519163372861, 468502519162820946, 468502519162713398, 468502519162429131]","[0.7546213865280151, 0.7471462488174438, 0.7627257704734802, 0.7462399005889893, 0.7478476166725159]"
1037,MEDQA,0.1675802320241928,0.025699259713292122,0.03299850597977638,0.7510424852371216,0.022679518908262253,0,0.39035725593566895,False,"['PBMD', 'PBMD', 'PBMD', 'TEXT', 'PBMD']","[468502519163257464, 468502519163636208, 468502519163598588, 468502519162295183, 468502519163727598]","[0.7717746496200562, 0.7712491750717163, 0.7669203281402588, 0.7671136856079102, 0.7665290832519531]"
1038,MEDQA,0.5696932077407837,0.16321983933448792,0.06004521995782852,0.022089403122663498,0.18495230376720428,0,0.45511341094970703,False,"['PBMD', 'PBMD', 'PBMD', 'PBMD', 'PBMD']","[468502519163734537, 468502519163360956, 468502519163514387, 468502519163583017, 468502519163758492]","[0.7699381113052368, 0.76512610912323, 0.7705867290496826, 0.7638293504714966, 0.7684254050254822]"
1039,MEDQA,0.10646803677082062,0.7866982817649841,0.023756230250000954,0.009903069585561752,0.07317434251308441,1,0.3993194103240967,False,"['STAT', 'STAT', 'TEXT', 'PBMD', 'PBMD']","[468502519162985113, 468502519162910462, 468502519162361422, 468502519163776555, 468502519163140544]","[0.7812989950180054, 0.7642923593521118, 0.763688325881958, 0.7702374458312988, 0.7827547788619995]"
1040,MEDQA,0.08449642360210419,0.26026731729507446,0.486243337392807,0.08449642360210419,0.08449642360210419,1,0.3783714771270752,False,"['PBMD', 'TEXT', 'PBMD', 'STAT', 'TEXT']","[468502519163959022, 468502519162329132, 468502519163673222, 468502519162928434, 468502519162295183]","[0.8075500726699829, 0.8284276127815247, 0.8000592589378357, 0.794813871383667, 0.7948939204216003]"
1041,MEDQA,0.4518749415874481,0.12946434319019318,0.12946434319019318,0.1883694976568222,0.1008269339799881,3,0.42197179794311523,False,"['PBMD', 'PBMD', 'PBMD', 'PBMD', 'PBMD']","[468502519163244653, 468502519163500922, 468502519163041438, 468502519163065082, 468502519163041487]","[0.80547034740448, 0.829491913318634, 0.8049697279930115, 0.8042325973510742, 0.8138066530227661]"
1042,MEDQA,0.0009098052396439016,0.0003346986195538193,0.0008029002929106355,0.00023003476962912828,0.9977225661277771,4,0.38066816329956055,False,"['PBMD', 'PBMD', 'PBMD', 'PBMD', 'PBMD']","[468502519163492162, 468502519163706918, 468502519163923517, 468502519163734402, 468502519163715689]","[0.7589983940124512, 0.7509081363677979, 0.7644999027252197, 0.7445107698440552, 0.7501252889633179]"
1043,MEDQA,0.024632275104522705,0.1103941947221756,0.024632275104522705,0.024632275104522705,0.8157089352607727,4,0.39351701736450195,False,"['STAT', 'PBMD', 'PBMD', 'PBMD', 'TEXT']","[468502519162815530, 468502519163625760, 468502519163459952, 468502519163676220, 468502519162307055]","[0.8043498992919922, 0.8044090270996094, 0.8234715461730957, 0.8211217522621155, 0.7983161211013794]"
1044,MEDQA,0.027944549918174744,0.9253963828086853,0.027944549918174744,0.007065488491207361,0.011649021878838539,1,0.37068867683410645,False,"['TEXT', 'PBMD', 'PBMD', 'PBMD', 'TEXT']","[468502519162322794, 468502519163631177, 468502519163065431, 468502519163989451, 468502519162308803]","[0.7473234534263611, 0.7624411582946777, 0.7528126835823059, 0.7693880796432495, 0.7498667240142822]"
1045,MEDQA,0.8568463325500488,0.04265986382961273,0.02931966818869114,0.022834181785583496,0.04833996295928955,0,0.37217044830322266,False,"['PBMD', 'PBMD', 'PBMD', 'PBMD', 'TEXT']","[468502519163644764, 468502519163628943, 468502519163906239, 468502519163490799, 468502519162362022]","[0.7474125623703003, 0.7592377662658691, 0.756731390953064, 0.7484831809997559, 0.746310293674469]"
1046,MEDQA,0.03443177044391632,0.04421126842498779,0.6103177070617676,0.13618029654026031,0.174858957529068,1,0.3872818946838379,False,"['STAT', 'STAT', 'PBMD', 'PBMD', 'PBMD']","[468502519162939267, 468502519162487934, 468502519163748219, 468502519163668200, 468502519163455979]","[0.7528623342514038, 0.7509922385215759, 0.7490894794464111, 0.7448872327804565, 0.7604811191558838]"
1047,MEDQA,0.3337239623069763,0.2599044740200043,0.20241381227970123,0.10834430903196335,0.0956135168671608,1,0.5180435180664062,False,"['PBMD', 'PBMD', 'PBMD', 'PBMD', 'PBMD']","[468502519163582365, 468502519163145952, 468502519163328737, 468502519163814088, 468502519163981386]","[0.7986915111541748, 0.7928695678710938, 0.7901263236999512, 0.7863553762435913, 0.7901794910430908]"
1048,MEDQA,0.16313864290714264,0.08732182532548904,0.5694097876548767,0.11212343722581863,0.06800629943609238,1,0.3463737964630127,False,"['PBMD', 'TEXT', 'TEXT', 'TEXT', 'TEXT']","[468502519163398598, 468502519162377117, 468502519162379544, 468502519162379542, 468502519162371720]","[0.7773675918579102, 0.7632763981819153, 0.7730243802070618, 0.7641605734825134, 0.766865611076355]"
1049,MEDQA,0.039967939257621765,0.027469534426927567,0.7084486484527588,0.13950181007385254,0.08461212366819382,2,0.5226054191589355,False,"['PBMD', 'PBMD', 'PBMD', 'PBMD', 'PBMD']","[468502519163130493, 468502519163438506, 468502519163124849, 468502519163695557, 468502519163034824]","[0.7699183225631714, 0.756996214389801, 0.7732107043266296, 0.765324592590332, 0.7610303163528442]"
1050,MEDQA,0.015085212886333466,0.006288452539592981,0.009149644523859024,0.933289110660553,0.036187544465065,3,0.4387199878692627,False,"['STAT', 'STAT', 'PBMD', 'PBMD', 'PBMD']","[468502519162984899, 468502519162984901, 468502519163466999, 468502519163326772, 468502519163488947]","[0.7890309691429138, 0.7970808744430542, 0.7857977151870728, 0.7788826823234558, 0.7843417525291443]"
1051,MEDQA,0.09271246194839478,0.3666849136352539,0.2855744957923889,0.08181846886873245,0.17320968210697174,3,0.4920647144317627,False,"['PBMD', 'PBMD', 'PBMD', 'PBMD', 'PBMD']","[468502519163991808, 468502519163327300, 468502519163378611, 468502519163509736, 468502519163517919]","[0.7929145097732544, 0.7858463525772095, 0.7942965626716614, 0.7902238368988037, 0.7880370020866394]"
1052,MEDQA,0.4964498281478882,0.16117365658283234,0.2069510668516159,0.05929247662425041,0.07613305002450943,1,0.40167737007141113,False,"['PBMD', 'PBMD', 'TEXT', 'PBMD', 'PBMD']","[468502519163701324, 468502519163163814, 468502519162417066, 468502519163302522, 468502519163146426]","[0.7880831956863403, 0.7757625579833984, 0.7840374708175659, 0.7797859907150269, 0.7921908497810364]"
1053,MEDQA,0.025688843801617622,0.7507380843162537,0.020006492733955383,0.013750247657299042,0.18981631100177765,1,0.4463534355163574,False,"['TEXT', 'PBMD', 'PBMD', 'PBMD', 'PBMD']","[468502519162329132, 468502519163887889, 468502519163090841, 468502519163061037, 468502519163069164]","[0.7697607278823853, 0.7768970727920532, 0.7765297889709473, 0.7716994881629944, 0.7673545479774475]"
1054,MEDQA,0.5680374503135681,0.14362235367298126,0.07687550783157349,0.14362235367298126,0.06784240156412125,0,0.5008313655853271,False,"['PBMD', 'PBMD', 'TEXT', 'STAT', 'PBMD']","[468502519163647681, 468502519163636922, 468502519162359896, 468502519162696606, 468502519163753797]","[0.7692919373512268, 0.7515118718147278, 0.7493078112602234, 0.7538619637489319, 0.7495874166488647]"
1055,MEDQA,0.25238314270973206,0.13509094715118408,0.2859875559806824,0.1530781090259552,0.1734602302312851,2,0.31940126419067383,False,"['STAT', 'PBMD', 'TEXT', 'PBMD', 'PBMD']","[468502519162829778, 468502519163538851, 468502519162380678, 468502519163946363, 468502519163014136]","[0.7641177177429199, 0.7650717496871948, 0.760728120803833, 0.7741451859474182, 0.773970365524292]"
1056,MEDQA,0.00025989761343225837,0.00033371514291502535,0.0005502032581716776,0.99479079246521,0.0040654828771948814,3,0.30179333686828613,False,"['PBMD', 'PBMD', 'PBMD', 'STAT', 'PBMD']","[468502519163918411, 468502519163364439, 468502519163283526, 468502519162916229, 468502519163742474]","[0.7735305428504944, 0.7474160194396973, 0.7499655485153198, 0.7704470753669739, 0.7506902813911438]"
1057,MEDQA,0.17125964164733887,0.5275168418884277,0.08089733123779297,0.19406260550022125,0.026263516396284103,1,0.6154677867889404,False,"['PBMD', 'PBMD', 'PBMD', 'PBMD', 'PBMD']","[468502519163860941, 468502519163878108, 468502519163775659, 468502519163780832, 468502519163860667]","[0.8178447484970093, 0.8057484030723572, 0.8128248453140259, 0.8193666934967041, 0.8215377330780029]"
1058,MEDQA,0.17983442544937134,0.14005517959594727,0.20377910137176514,0.29649683833122253,0.17983442544937134,3,0.5579633712768555,False,"['PBMD', 'PBMD', 'PBMD', 'PBMD', 'PBMD']","[468502519163611534, 468502519163637887, 468502519163701322, 468502519163883414, 468502519163983763]","[0.7479393482208252, 0.7469847798347473, 0.7565932273864746, 0.749941885471344, 0.7501199245452881]"
1059,MEDQA,0.9026187062263489,0.011362292803823948,0.011362292803823948,0.03965830057859421,0.034998323768377304,0,0.2992284297943115,False,"['STAT', 'STAT', 'STAT', 'PBMD', 'TEXT']","[468502519162712603, 468502519162782444, 468502519162975308, 468502519163721632, 468502519162418995]","[0.7747369408607483, 0.7650537490844727, 0.7683766484260559, 0.7719177603721619, 0.7634971737861633]"
1060,MEDQA,0.19716419279575348,0.2234163135290146,0.1055343896150589,0.056488487869501114,0.417396605014801,3,0.3959364891052246,False,"['PBMD', 'PBMD', 'PBMD', 'PBMD', 'PBMD']","[468502519163168687, 468502519163677704, 468502519163261540, 468502519163214479, 468502519163964051]","[0.7964414358139038, 0.8048718571662903, 0.7999630570411682, 0.8012702465057373, 0.808192789554596]"
1061,MEDQA,0.16489484906196594,0.060661427676677704,0.05353352054953575,0.06873840093612671,0.652171790599823,4,0.42284655570983887,False,"['PBMD', 'TEXT', 'TEXT', 'PBMD', 'TEXT']","[468502519163816676, 468502519162394177, 468502519162394075, 468502519163270812, 468502519162389266]","[0.8303011655807495, 0.7784057259559631, 0.8050894737243652, 0.7811775207519531, 0.7795692086219788]"
1062,MEDQA,0.3417012095451355,0.18289948999881744,0.1424422562122345,0.12570485472679138,0.20725226402282715,1,0.545060396194458,False,"['PBMD', 'PBMD', 'PBMD', 'PBMD', 'PBMD']","[468502519163846160, 468502519163608759, 468502519163820859, 468502519163769157, 468502519163812697]","[0.7612701654434204, 0.7573521733283997, 0.776093065738678, 0.7595576047897339, 0.7727000117301941]"
1063,MEDQA,7.465502130798995e-05,5.8141391491517425e-05,2.42369369516382e-05,0.997370719909668,0.0024722348898649216,3,0.6073179244995117,False,"['PBMD', 'PBMD', 'PBMD', 'PBMD', 'PBMD']","[468502519163656940, 468502519163883084, 468502519163581184, 468502519163816093, 468502519163453391]","[0.7935848832130432, 0.7914789319038391, 0.7700285911560059, 0.7694433331489563, 0.7748510241508484]"
1064,MEDQA,4.78498714073794e-06,7.338015848290524e-07,1.4738799109181855e-05,6.962115548958536e-06,0.9999728202819824,4,0.36058759689331055,False,"['PBMD', 'PBMD', 'PBMD', 'PBMD', 'PBMD']","[468502519163944165, 468502519163495875, 468502519163571873, 468502519163758449, 468502519163644215]","[0.7752394676208496, 0.8043617010116577, 0.7765176296234131, 0.7898246049880981, 0.7873759269714355]"
1065,MEDQA,0.22960422933101654,0.0310735534876585,0.20262502133846283,0.20262502133846283,0.33407217264175415,0,0.33519911766052246,False,"['STAT', 'STAT', 'STAT', 'STAT', 'TEXT']","[468502519162442432, 468502519162449693, 468502519162893258, 468502519162483790, 468502519162371759]","[0.8281015157699585, 0.764557957649231, 0.7712899446487427, 0.769813060760498, 0.778468906879425]"
1066,MEDQA,0.24892036616802216,0.04901532456278801,0.28206372261047363,0.17108029127120972,0.24892036616802216,0,0.5069270133972168,False,"['PBMD', 'PBMD', 'PBMD', 'PBMD', 'PBMD']","[468502519163037080, 468502519163717262, 468502519163614062, 468502519163651668, 468502519163332356]","[0.7716330289840698, 0.777315616607666, 0.7696489691734314, 0.7733622193336487, 0.7708231210708618]"
1067,MEDQA,0.0008703963248990476,0.0020879721269011497,0.954505443572998,0.0005982140428386629,0.041938044130802155,2,0.35808491706848145,False,"['STAT', 'STAT', 'STAT', 'TEXT', 'PBMD']","[468502519162981734, 468502519162749495, 468502519162756295, 468502519162374397, 468502519163868060]","[0.7891973853111267, 0.7894864678382874, 0.7959122657775879, 0.784734845161438, 0.7913771271705627]"
1068,MEDQA,0.1140507236123085,0.2414453774690628,0.18803784251213074,0.3100219964981079,0.14644402265548706,1,0.4649951457977295,False,"['PBMD', 'PBMD', 'PBMD', 'PBMD', 'PBMD']","[468502519163718645, 468502519163958165, 468502519163171127, 468502519163133895, 468502519163726142]","[0.8212547898292542, 0.8188189268112183, 0.8171089291572571, 0.8146450519561768, 0.8153036832809448]"
1069,MEDQA,0.10241112112998962,0.756721556186676,0.054816726595163345,0.03767494857311249,0.04837558791041374,1,0.456221342086792,False,"['TEXT', 'TEXT', 'PBMD', 'PBMD', 'PBMD']","[468502519162311607, 468502519162332354, 468502519163953433, 468502519163906955, 468502519163118631]","[0.8057728409767151, 0.8073990941047668, 0.8062953948974609, 0.8226653337478638, 0.8271292448043823]"
1070,MEDQA,4.539662040770054e-05,1.3708590813621413e-06,2.144384416169487e-05,4.784767952514812e-06,0.9999270439147949,4,0.2926754951477051,False,"['PBMD', 'STAT', 'STAT', 'STAT', 'STAT']","[468502519163046724, 468502519162934414, 468502519162857145, 468502519162807128, 468502519162855536]","[0.7963311076164246, 0.8095406293869019, 0.804326057434082, 0.7859898805618286, 0.8172909617424011]"
1071,MEDQA,0.24957771599292755,0.3204641342163086,0.22025157511234283,0.11789216846227646,0.09181451797485352,0,0.680126428604126,False,"['PBMD', 'PBMD', 'PBMD', 'PBMD', 'PBMD']","[468502519163863336, 468502519163982000, 468502519163757488, 468502519163276189, 468502519163387761]","[0.7820664644241333, 0.7932521104812622, 0.7867588996887207, 0.7678303718566895, 0.7845463752746582]"
1072,MEDQA,0.0004862715140916407,0.0005510178161785007,0.00022969838755670935,0.9962635636329651,0.0024694905150681734,3,0.49038219451904297,False,"['PBMD', 'PBMD', 'PBMD', 'PBMD', 'PBMD']","[468502519163929184, 468502519163591116, 468502519163473732, 468502519163980255, 468502519163643256]","[0.7779752612113953, 0.7728531956672668, 0.774819016456604, 0.7739992737770081, 0.7851470708847046]"
1073,MEDQA,0.19242551922798157,0.2799774706363678,0.2470792531967163,0.033438540995121,0.2470792531967163,4,0.4019486904144287,False,"['PBMD', 'PBMD', 'PBMD', 'PBMD', 'TEXT']","[468502519163646197, 468502519163103471, 468502519163548119, 468502519163800061, 468502519162352507]","[0.7967673540115356, 0.7981817722320557, 0.8064414858818054, 0.7965773344039917, 0.8229771852493286]"
1074,MEDQA,0.35763126611709595,0.19142623245716095,0.13156519830226898,0.2169143259525299,0.10246307402849197,2,0.4655001163482666,False,"['PBMD', 'PBMD', 'PBMD', 'TEXT', 'PBMD']","[468502519163592078, 468502519163626345, 468502519163577185, 468502519162419201, 468502519163283903]","[0.7782732248306274, 0.7859964370727539, 0.7799286246299744, 0.7804381251335144, 0.7880341410636902]"
1075,MEDQA,0.0003343903517816216,0.00022982290829531848,0.001924283686093986,0.0007079044007696211,0.9968036413192749,4,0.40788912773132324,False,"['PBMD', 'TEXT', 'PBMD', 'TEXT', 'PBMD']","[468502519163702947, 468502519162368938, 468502519163915375, 468502519162369856, 468502519163567268]","[0.7881472110748291, 0.8007157444953918, 0.788257360458374, 0.7991045713424683, 0.7875560522079468]"
1076,MEDQA,0.0031051605474203825,0.1320347934961319,0.0014667740324512124,0.002418301533907652,0.8609749674797058,1,0.32027149200439453,False,"['STAT', 'TEXT', 'STAT', 'TEXT', 'PBMD']","[468502519162438946, 468502519162308364, 468502519162428675, 468502519162306287, 468502519163607447]","[0.7534098625183105, 0.7891727685928345, 0.7528265714645386, 0.7861109972000122, 0.7562788724899292]"
1077,MEDQA,0.2649010717868805,0.14179131388664246,0.11042719334363937,0.3854287564754486,0.09745164960622787,0,0.5720102787017822,False,"['PBMD', 'PBMD', 'PBMD', 'PBMD', 'PBMD']","[468502519163583739, 468502519163880861, 468502519163328407, 468502519163157439, 468502519163899266]","[0.7733784914016724, 0.781427264213562, 0.7744715213775635, 0.7694109082221985, 0.7924128770828247]"
1078,MEDQA,0.02535823918879032,0.7410764098167419,0.04180866852402687,0.11364775151014328,0.07810887694358826,1,0.4630458354949951,False,"['STAT', 'STAT', 'TEXT', 'PBMD', 'PBMD']","[468502519162823237, 468502519162863958, 468502519162343628, 468502519163357119, 468502519163521923]","[0.8119859099388123, 0.8200355172157288, 0.79022216796875, 0.7945162653923035, 0.7916184067726135]"
1079,MEDQA,0.15165191888809204,0.07163529098033905,0.06321793049573898,0.03383811563253403,0.6796567440032959,4,0.38768458366394043,False,"['TEXT', 'PBMD', 'PBMD', 'PBMD', 'PBMD']","[468502519162356049, 468502519163694736, 468502519163218352, 468502519163434888, 468502519163655002]","[0.7964397072792053, 0.8088444471359253, 0.7835098505020142, 0.7829424142837524, 0.7844017744064331]"
1080,MEDQA,0.09760363399982452,0.04610469192266464,0.20662687718868256,0.013209214434027672,0.6364555954933167,3,0.28720545768737793,False,"['STAT', 'PBMD', 'PBMD', 'PBMD', 'PBMD']","[468502519162477691, 468502519163373889, 468502519163297600, 468502519163031627, 468502519163728009]","[0.7562084197998047, 0.7513246536254883, 0.7595090270042419, 0.7757835388183594, 0.7572349309921265]"
1081,MEDQA,0.00023039318330120295,1.668962613621261e-05,9.60421675699763e-05,0.0003798541729338467,0.9992770552635193,4,0.42353224754333496,False,"['PBMD', 'PBMD', 'TEXT', 'PBMD', 'PBMD']","[468502519163042305, 468502519163351193, 468502519162384616, 468502519163990812, 468502519163771221]","[0.8263117074966431, 0.8032996654510498, 0.805212140083313, 0.8151634931564331, 0.797598123550415]"
1082,MEDQA,4.0058279410004616e-05,2.1441652279463597e-05,0.9998248219490051,4.784279099112609e-06,0.00010888968972722068,2,0.3272519111633301,False,"['TEXT', 'PBMD', 'PBMD', 'PBMD', 'PBMD']","[468502519162385557, 468502519163616086, 468502519163678198, 468502519163034430, 468502519163323522]","[0.804440975189209, 0.8162828087806702, 0.8001710772514343, 0.8148658275604248, 0.8108879327774048]"
1083,MEDQA,0.8730266094207764,0.04346543550491333,0.049252789467573166,0.023265371099114418,0.010989783331751823,0,0.2924027442932129,False,"['STAT', 'STAT', 'PBMD', 'STAT', 'STAT']","[468502519162940989, 468502519162941003, 468502519163734557, 468502519162457026, 468502519162716410]","[0.7758215665817261, 0.7751840353012085, 0.7771083116531372, 0.769453227519989, 0.7688001394271851]"
1084,MEDQA,0.19355379045009613,0.19355379045009613,0.19355379045009613,0.17081062495708466,0.24852798879146576,3,0.6867172718048096,False,"['PBMD', 'PBMD', 'PBMD', 'PBMD', 'PBMD']","[468502519163227048, 468502519163138780, 468502519163699310, 468502519163944311, 468502519163219048]","[0.7775943279266357, 0.7773681879043579, 0.7741976380348206, 0.8004385828971863, 0.7780128717422485]"
1085,MEDQA,0.2331213355064392,0.09717942774295807,0.12478085607290268,0.20572885870933533,0.3391895294189453,0,0.5879886150360107,False,"['PBMD', 'PBMD', 'PBMD', 'TEXT', 'PBMD']","[468502519163058379, 468502519163809587, 468502519163110234, 468502519162398879, 468502519163800258]","[0.7857769727706909, 0.79572594165802, 0.788314938545227, 0.7786827683448792, 0.7800131440162659]"
1086,MEDQA,0.0030401626136153936,0.8429528474807739,0.0056797717697918415,0.14648324251174927,0.0018439518753439188,1,0.4675445556640625,False,"['TEXT', 'PBMD', 'PBMD', 'PBMD', 'PBMD']","[468502519162374805, 468502519163741018, 468502519163368917, 468502519163638845, 468502519163124174]","[0.7881819009780884, 0.7785331010818481, 0.7831377387046814, 0.7803131341934204, 0.7858664393424988]"
1087,MEDQA,0.00486350990831852,0.8179165720939636,0.009086232632398605,0.16105732321739197,0.007076364941895008,3,0.481705904006958,False,"['PBMD', 'STAT', 'STAT', 'PBMD', 'STAT']","[468502519163475866, 468502519162794416, 468502519162807672, 468502519163978765, 468502519162779121]","[0.7938750386238098, 0.7838882803916931, 0.7814432978630066, 0.78957599401474, 0.7887101173400879]"
1088,MEDQA,0.017747092992067337,0.9689583778381348,0.007398088462650776,0.0024018078111112118,0.0034946096129715443,1,0.48703527450561523,False,"['STAT', 'TEXT', 'PBMD', 'STAT', 'PBMD']","[468502519162474885, 468502519162352292, 468502519163978496, 468502519162868985, 468502519163332428]","[0.7955155372619629, 0.7955795526504517, 0.7980802059173584, 0.8237046599388123, 0.802528977394104]"
1089,MEDQA,0.08835771679878235,0.7398101091384888,0.04173722863197327,0.04173722863197327,0.08835771679878235,1,0.41689467430114746,False,"['PBMD', 'TEXT', 'PBMD', 'STAT', 'STAT']","[468502519163611801, 468502519162318855, 468502519163970329, 468502519162986212, 468502519162712922]","[0.7783702611923218, 0.7750264406204224, 0.7772260904312134, 0.7732570171356201, 0.7854459285736084]"
1090,MEDQA,0.0037832872476428747,0.0037832872476428747,0.26522892713546753,0.7209669351577759,0.0062375860288739204,3,0.4091179370880127,False,"['PBMD', 'TEXT', 'PBMD', 'TEXT', 'PBMD']","[468502519163282779, 468502519162352984, 468502519163239674, 468502519162308021, 468502519163831273]","[0.7455809712409973, 0.7475579380989075, 0.7405644655227661, 0.7455024719238281, 0.7478858232498169]"
1091,MEDQA,0.002330133458599448,0.0016014756402000785,0.002991950372233987,0.9400428533554077,0.05303358659148216,3,0.46690845489501953,False,"['TEXT', 'TEXT', 'TEXT', 'STAT', 'TEXT']","[468502519162391082, 468502519162391174, 468502519162390966, 468502519162888552, 468502519162390647]","[0.7845395803451538, 0.7923058271408081, 0.7921971678733826, 0.7830796241760254, 0.7835819721221924]"
1092,MEDQA,0.013377186842262745,0.022055253386497498,0.9378132224082947,0.013377186842262745,0.013377186842262745,2,0.4110414981842041,False,"['PBMD', 'PBMD', 'PBMD', 'PBMD', 'PBMD']","[468502519163728975, 468502519163541294, 468502519163786461, 468502519163770622, 468502519163746608]","[0.7735333442687988, 0.7736638784408569, 0.7940816283226013, 0.7756844758987427, 0.7803940773010254]"
1093,MEDQA,0.38374218344688416,0.2637419104576111,0.18126696348190308,0.08562445640563965,0.08562445640563965,1,0.4985518455505371,False,"['PBMD', 'PBMD', 'PBMD', 'PBMD', 'PBMD']","[468502519163767180, 468502519163635429, 468502519163783417, 468502519163406828, 468502519163731115]","[0.772158145904541, 0.7546923756599426, 0.769442617893219, 0.7535162568092346, 0.7677348852157593]"
1094,MEDQA,0.012335145846009254,0.001891655963845551,0.9799020290374756,0.0027523431926965714,0.0031188135035336018,2,0.3664052486419678,False,"['PBMD', 'PBMD', 'PBMD', 'PBMD', 'PBMD']","[468502519163611176, 468502519163962039, 468502519163341988, 468502519163077640, 468502519163411043]","[0.8017191886901855, 0.8095885515213013, 0.806699812412262, 0.8105306625366211, 0.8067709803581238]"
1095,MEDQA,0.41706082224845886,0.1534281075000763,0.04981081187725067,0.09305885434150696,0.2866414487361908,3,0.3002002239227295,False,"['PBMD', 'STAT', 'PBMD', 'PBMD', 'PBMD']","[468502519163051477, 468502519162838570, 468502519163309505, 468502519163066752, 468502519163066963]","[0.7473847270011902, 0.7420830130577087, 0.7493853569030762, 0.7399787306785583, 0.7501497268676758]"
1096,MEDQA,0.015293930657207966,0.011910924687981606,0.015293930657207966,0.650314450263977,0.3071867823600769,3,0.3991384506225586,False,"['PBMD', 'TEXT', 'STAT', 'STAT', 'TEXT']","[468502519163402772, 468502519162306958, 468502519162752042, 468502519162444227, 468502519162324077]","[0.8086787462234497, 0.7951546907424927, 0.7928085327148438, 0.8124537467956543, 0.7911152243614197]"
1097,MEDQA,0.01397303119301796,0.004536379128694534,0.9795851707458496,0.001012203050777316,0.000893266056664288,2,0.3304250240325928,False,"['PBMD', 'TEXT', 'PBMD', 'STAT', 'PBMD']","[468502519163391183, 468502519162414204, 468502519163906520, 468502519162844597, 468502519163512385]","[0.7905429005622864, 0.794928789138794, 0.7941324710845947, 0.7862417697906494, 0.8077675700187683]"
1098,MEDQA,0.48718735575675964,0.2030899077653885,0.058186233043670654,0.021405518054962158,0.23013100028038025,4,0.4455296993255615,False,"['STAT', 'PBMD', 'PBMD', 'PBMD', 'PBMD']","[468502519162803361, 468502519162999385, 468502519163962886, 468502519163969020, 468502519163710412]","[0.7518651485443115, 0.7467771172523499, 0.7531378269195557, 0.7467782497406006, 0.7479560375213623]"
1099,MEDQA,0.9995996356010437,0.0001794883282855153,9.607317042537034e-05,4.004925722256303e-05,8.478428208036348e-05,0,0.31157898902893066,False,"['PBMD', 'PBMD', 'PBMD', 'PBMD', 'PBMD']","[468502519163345635, 468502519163557144, 468502519163251154, 468502519163804601, 468502519163548123]","[0.778630256652832, 0.7796147465705872, 0.7822524309158325, 0.7732677459716797, 0.7766396999359131]"
1100,MEDQA,0.3605046272277832,0.1502806842327118,0.10328631103038788,0.19296422600746155,0.19296422600746155,1,0.4562358856201172,False,"['PBMD', 'PBMD', 'PBMD', 'PBMD', 'TEXT']","[468502519163870275, 468502519163580580, 468502519163614264, 468502519163919510, 468502519162417066]","[0.8013888597488403, 0.7907696962356567, 0.7897281646728516, 0.7999562621116638, 0.7849401235580444]"
1101,MEDQA,0.9473341703414917,0.01192517764866352,0.0049711535684764385,0.010523932054638863,0.025245599448680878,0,0.40888404846191406,False,"['PBMD', 'PBMD', 'STAT', 'PBMD', 'PBMD']","[468502519163552645, 468502519163420416, 468502519162741730, 468502519163420073, 468502519163507843]","[0.7414324879646301, 0.7587074041366577, 0.7521380186080933, 0.7383573651313782, 0.7531610727310181]"
1102,MEDQA,0.41882097721099854,0.07278016954660416,0.1978370100259781,0.13597126305103302,0.1745905578136444,3,0.5577602386474609,False,"['PBMD', 'PBMD', 'PBMD', 'PBMD', 'PBMD']","[468502519163797381, 468502519163803917, 468502519163555438, 468502519163731084, 468502519163940417]","[0.7437791228294373, 0.7483030557632446, 0.7477903366088867, 0.7502652406692505, 0.7451433539390564]"
1103,MEDQA,0.058712102472782135,0.045725032687187195,0.14084301888942719,0.4915904104709625,0.2631293833255768,3,0.3209974765777588,False,"['PBMD', 'TEXT', 'TEXT', 'STAT', 'TEXT']","[468502519163878963, 468502519162343740, 468502519162342936, 468502519162966516, 468502519162306950]","[0.7877150177955627, 0.7706588506698608, 0.7654393911361694, 0.7855180501937866, 0.7620704174041748]"
1104,MEDQA,0.16424904763698578,0.2108999639749527,0.16424904763698578,0.34771525859832764,0.11288661509752274,1,0.3770005702972412,False,"['TEXT', 'TEXT', 'PBMD', 'STAT', 'STAT']","[468502519162413274, 468502519162328510, 468502519163124270, 468502519162811834, 468502519162858790]","[0.7638794779777527, 0.7617205381393433, 0.7551183700561523, 0.7634961605072021, 0.7614091038703918]"
1105,MEDQA,0.16174933314323425,0.7249101996421814,0.021890390664339066,0.01504503097385168,0.07640497386455536,0,0.5522847175598145,False,"['PBMD', 'PBMD', 'PBMD', 'PBMD', 'PBMD']","[468502519163939431, 468502519163959022, 468502519163400754, 468502519163745519, 468502519163870027]","[0.8059388399124146, 0.808455228805542, 0.8011398315429688, 0.797701358795166, 0.7966457009315491]"
1106,MEDQA,0.0015616564778611064,0.07524482160806656,0.9166695475578308,0.005450716707855463,0.0010733096860349178,2,0.4030745029449463,False,"['PBMD', 'PBMD', 'PBMD', 'PBMD', 'PBMD']","[468502519163627391, 468502519163723257, 468502519163968394, 468502519163283523, 468502519163176962]","[0.7847028970718384, 0.7948358058929443, 0.783051609992981, 0.7790964841842651, 0.7798447012901306]"
1107,MEDQA,0.2760181725025177,0.029092099517583847,0.08960998058319092,0.08960998058319092,0.5156698226928711,0,0.3359396457672119,False,"['PBMD', 'PBMD', 'PBMD', 'PBMD', 'PBMD']","[468502519163404482, 468502519163203475, 468502519163004127, 468502519163413703, 468502519163271107]","[0.7731160521507263, 0.7799625396728516, 0.7787148952484131, 0.7820731997489929, 0.7742593884468079]"
1108,MEDQA,0.11537650972604752,0.1481463611125946,0.029171748086810112,0.517081618309021,0.19022370874881744,3,0.28276896476745605,False,"['PBMD', 'STAT', 'PBMD', 'STAT', 'PBMD']","[468502519163013675, 468502519162941038, 468502519163965686, 468502519162910555, 468502519163754215]","[0.7511849999427795, 0.74580979347229, 0.7521729469299316, 0.7841190099716187, 0.7475839257240295]"
1109,MEDQA,0.2095094919204712,0.1848914921283722,0.26901552081108093,0.12707392871379852,0.2095094919204712,1,0.7227346897125244,False,"['PBMD', 'PBMD', 'PBMD', 'PBMD', 'TEXT']","[468502519163499652, 468502519163768397, 468502519163667510, 468502519163859755, 468502519162391331]","[0.7688161134719849, 0.7777708768844604, 0.7775505185127258, 0.7638434171676636, 0.7711611390113831]"
1110,MEDQA,0.10604026913642883,0.006778927054256201,0.02088056690990925,0.6914693713188171,0.1748308390378952,3,0.4013404846191406,False,"['PBMD', 'PBMD', 'PBMD', 'PBMD', 'PBMD']","[468502519163765922, 468502519163647077, 468502519163397285, 468502519163071784, 468502519163978441]","[0.8115090131759644, 0.7922444343566895, 0.8148360252380371, 0.8066681623458862, 0.7914631962776184]"
1111,MEDQA,0.0004288563213776797,0.0007070645224303007,0.9956210255622864,0.0013209704775363207,0.0019220007816329598,2,0.5037639141082764,False,"['PBMD', 'PBMD', 'PBMD', 'PBMD', 'PBMD']","[468502519163525471, 468502519163769597, 468502519163241004, 468502519163664220, 468502519163503881]","[0.8300748467445374, 0.8256001472473145, 0.8302574157714844, 0.8372291326522827, 0.8380658030509949]"
1112,MEDQA,0.004550223238766193,0.0031273197382688522,0.9825746417045593,0.0031273197382688522,0.0066205356270074844,2,0.38138747215270996,False,"['STAT', 'PBMD', 'TEXT', 'PBMD', 'PBMD']","[468502519162968482, 468502519163621264, 468502519162370167, 468502519163054969, 468502519163622636]","[0.750480055809021, 0.7513742446899414, 0.7494202256202698, 0.7446223497390747, 0.7478338479995728]"
1113,MEDQA,0.773867666721344,0.0016928287222981453,0.002463051350787282,0.00025960366474464536,0.22171680629253387,4,0.36350297927856445,False,"['STAT', 'PBMD', 'PBMD', 'PBMD', 'STAT']","[468502519162953742, 468502519163819882, 468502519163851291, 468502519163950782, 468502519162435302]","[0.7651325464248657, 0.8037270903587341, 0.7890737056732178, 0.7768257856369019, 0.7753631472587585]"
1114,MEDQA,0.10648399591445923,0.22542661428451538,0.0829298198223114,0.04438913241028786,0.5407703518867493,3,0.4492039680480957,False,"['PBMD', 'PBMD', 'TEXT', 'PBMD', 'PBMD']","[468502519163548035, 468502519163809530, 468502519162349175, 468502519163738503, 468502519163024756]","[0.796614408493042, 0.8104000091552734, 0.7960647940635681, 0.8031615614891052, 0.7947123050689697]"
1115,MEDQA,0.012741132639348507,0.1208845004439354,0.05710179731249809,0.021006574854254723,0.7882659435272217,4,0.5248937606811523,False,"['PBMD', 'PBMD', 'PBMD', 'PBMD', 'PBMD']","[468502519163467540, 468502519163229936, 468502519163174439, 468502519163459954, 468502519163731542]","[0.7746403217315674, 0.7744091153144836, 0.7793092727661133, 0.771043062210083, 0.7698917984962463]"
1116,MEDQA,0.01356565859168768,0.008227987214922905,0.025343984365463257,0.7406598329544067,0.21220259368419647,3,0.4799463748931885,False,"['PBMD', 'PBMD', 'PBMD', 'PBMD', 'TEXT']","[468502519163955698, 468502519163644306, 468502519163922895, 468502519163624838, 468502519162394075]","[0.7743791341781616, 0.7845809459686279, 0.7940453886985779, 0.7798333764076233, 0.7870166897773743]"
1117,MEDQA,0.2755649983882904,0.11487258970737457,0.16713863611221313,0.3122560679912567,0.13016769289970398,2,0.5184051990509033,False,"['STAT', 'PBMD', 'PBMD', 'PBMD', 'PBMD']","[468502519162982524, 468502519163955767, 468502519163727772, 468502519163634240, 468502519163863742]","[0.7884357571601868, 0.7817813158035278, 0.7809849381446838, 0.7727357149124146, 0.7764409780502319]"
1118,MEDQA,1.0129455404239707e-05,1.1478176020318642e-05,1.3708727237826679e-06,0.9999369382858276,4.006276867585257e-05,3,0.27404093742370605,False,"['STAT', 'STAT', 'PBMD', 'STAT', 'PBMD']","[468502519162448935, 468502519162750260, 468502519163128128, 468502519162733349, 468502519163900078]","[0.7979517579078674, 0.779831051826477, 0.7975230813026428, 0.7856113910675049, 0.7791334986686707]"
1119,MEDQA,0.00017403007950633764,0.0004730627697426826,0.000883797591086477,0.9692017436027527,0.029267357662320137,3,0.32590627670288086,False,"['STAT', 'STAT', 'STAT', 'STAT', 'TEXT']","[468502519162745620, 468502519162717615, 468502519162963597, 468502519162780975, 468502519162351550]","[0.7943569421768188, 0.803755521774292, 0.786585807800293, 0.8044383525848389, 0.8006463646888733]"
1120,MEDQA,2.429277083138004e-05,8.93681135494262e-06,2.5604392703826306e-06,0.9996683597564697,0.00029594654915854335,3,0.3594982624053955,False,"['STAT', 'PBMD', 'STAT', 'PBMD', 'PBMD']","[468502519162960181, 468502519163658237, 468502519162792212, 468502519163671055, 468502519163705101]","[0.7792969346046448, 0.789275586605072, 0.7803559303283691, 0.7848770618438721, 0.7791363596916199]"
1121,MEDQA,0.5933423042297363,0.10310743004083633,0.06253781914710999,0.09099199622869492,0.15002042055130005,0,0.4471008777618408,False,"['PBMD', 'STAT', 'TEXT', 'TEXT', 'PBMD']","[468502519163749690, 468502519162910665, 468502519162360127, 468502519162363096, 468502519163541321]","[0.7927237749099731, 0.7911388874053955, 0.8049677014350891, 0.7912642955780029, 0.791897714138031]"
1122,MEDQA,0.13192330300807953,0.033355433493852615,0.0259772390127182,0.21750475466251373,0.5912392139434814,0,0.5328586101531982,False,"['TEXT', 'TEXT', 'PBMD', 'PBMD', 'PBMD']","[468502519162412083, 468502519162392467, 468502519163438237, 468502519163632513, 468502519163949993]","[0.7641216516494751, 0.8006584644317627, 0.7677165269851685, 0.7670725584030151, 0.7663116455078125]"
1123,MEDQA,0.20903871953487396,0.16279952228069305,0.08714030683040619,0.3041495382785797,0.2368718981742859,4,0.3628726005554199,False,"['PBMD', 'PBMD', 'PBMD', 'TEXT', 'PBMD']","[468502519163649697, 468502519163437471, 468502519163368853, 468502519162385228, 468502519163357870]","[0.7888935804367065, 0.8028503060340881, 0.7966545224189758, 0.7968500256538391, 0.7987857460975647]"
1124,MEDQA,0.008301670663058758,0.003921431954950094,0.9595426917076111,0.010659555904567242,0.01757463812828064,4,0.40488266944885254,False,"['PBMD', 'TEXT', 'PBMD', 'PBMD', 'PBMD']","[468502519163157170, 468502519162379633, 468502519163753420, 468502519163741707, 468502519163592699]","[0.8093276023864746, 0.7983057498931885, 0.8010175824165344, 0.8100253343582153, 0.8039947152137756]"
1125,MEDQA,0.007415817119181156,0.006544435862451792,0.003969401121139526,0.9712803959846497,0.010789950378239155,3,0.5197536945343018,False,"['PBMD', 'PBMD', 'PBMD', 'PBMD', 'PBMD']","[468502519163984607, 468502519163906556, 468502519163302194, 468502519163790247, 468502519163473068]","[0.7729325890541077, 0.7751089334487915, 0.7790788412094116, 0.7755690217018127, 0.7667666673660278]"
1126,MEDQA,0.2774673104286194,0.1020745262503624,0.14851754903793335,0.11566558480262756,0.3562750816345215,4,0.35645270347595215,False,"['STAT', 'TEXT', 'STAT', 'STAT', 'PBMD']","[468502519162978594, 468502519162356450, 468502519162437779, 468502519162841999, 468502519163873123]","[0.7944840788841248, 0.773737907409668, 0.7792652249336243, 0.7690893411636353, 0.7732659578323364]"
1127,MEDQA,0.03456815704703331,0.12065472453832626,0.7867676019668579,0.007713197730481625,0.050296369940042496,2,0.3874692916870117,False,"['PBMD', 'STAT', 'PBMD', 'PBMD', 'TEXT']","[468502519163821314, 468502519162780784, 468502519163709044, 468502519163578574, 468502519162346428]","[0.7864190936088562, 0.7735632658004761, 0.7906093597412109, 0.7934224605560303, 0.7806116342544556]"
1128,MEDQA,0.3127628266811371,0.10153922438621521,0.10153922438621521,0.029091473668813705,0.4550672173500061,0,0.4142625331878662,False,"['PBMD', 'TEXT', 'PBMD', 'PBMD', 'PBMD']","[468502519163937164, 468502519162325687, 468502519163361975, 468502519163753874, 468502519163527185]","[0.7821671962738037, 0.7814818620681763, 0.8013585805892944, 0.7861161231994629, 0.7806802988052368]"
1129,MEDQA,0.20641738176345825,0.046057943254709244,0.5611006021499634,0.0759367048740387,0.11048725992441177,2,0.9044642448425293,False,"['PBMD', 'PBMD', 'PBMD', 'PBMD', 'PBMD']","[468502519163697569, 468502519163716945, 468502519163610982, 468502519163881920, 468502519163772457]","[0.8137744665145874, 0.8181798458099365, 0.8086459040641785, 0.8089252710342407, 0.8055726885795593]"
1130,MEDQA,0.5256341099739075,0.08060860633850098,0.07113683968782425,0.10350349545478821,0.21911689639091492,0,0.5545358657836914,False,"['TEXT', 'PBMD', 'TEXT', 'PBMD', 'PBMD']","[468502519162391329, 468502519163632480, 468502519162391176, 468502519163820410, 468502519163734540]","[0.7870460748672485, 0.8017159700393677, 0.8101732730865479, 0.7879407405853271, 0.7828898429870605]"
1131,MEDQA,0.08712822198867798,0.05988229811191559,0.8266496062278748,0.009183247573673725,0.017156565561890602,0,0.27946901321411133,False,"['TEXT', 'STAT', 'PBMD', 'STAT', 'STAT']","[468502519162354897, 468502519162982074, 468502519163628943, 468502519162814835, 468502519162716150]","[0.7919039726257324, 0.7601639628410339, 0.767259955406189, 0.7621985673904419, 0.7681576609611511]"
1132,MEDQA,0.04896080121397972,0.05547986179590225,0.08072271198034286,0.04896080121397972,0.7658758163452148,4,0.5478987693786621,False,"['STAT', 'PBMD', 'PBMD', 'PBMD', 'PBMD']","[468502519162852561, 468502519163429347, 468502519163979104, 468502519163322402, 468502519163649458]","[0.8155031204223633, 0.7967926263809204, 0.805076003074646, 0.8076457977294922, 0.7991893291473389]"
1133,MEDQA,0.07690127938985825,0.036325592547655106,0.8267666697502136,0.007152933161705732,0.05285342410206795,2,0.3481872081756592,False,"['PBMD', 'PBMD', 'TEXT', 'STAT', 'STAT']","[468502519163873606, 468502519163867114, 468502519162335308, 468502519162908953, 468502519162830777]","[0.7599048614501953, 0.7787172794342041, 0.7881611585617065, 0.770133912563324, 0.7564195990562439]"
1134,MEDQA,0.6015356183052063,0.04937705025076866,0.07184318453073502,0.05595153197646141,0.22129260003566742,0,0.38177943229675293,False,"['PBMD', 'PBMD', 'PBMD', 'PBMD', 'PBMD']","[468502519163109041, 468502519163345479, 468502519163680447, 468502519163968819, 468502519163668347]","[0.7824112176895142, 0.7973631620407104, 0.7796047329902649, 0.7783299088478088, 0.7867234945297241]"
1135,MEDQA,0.6178018450737,0.05746452510356903,0.15620477497577667,0.09474298357963562,0.07378590852022171,4,0.4211573600769043,False,"['PBMD', 'PBMD', 'PBMD', 'PBMD', 'PBMD']","[468502519163568738, 468502519163574043, 468502519163853801, 468502519163679260, 468502519163994017]","[0.8032535314559937, 0.7956485748291016, 0.7997879981994629, 0.8146710395812988, 0.7943359613418579]"
1136,MEDQA,0.519805371761322,0.19122570753097534,0.19122570753097534,0.0903286263346672,0.007414625026285648,4,0.37821292877197266,False,"['PBMD', 'PBMD', 'PBMD', 'PBMD', 'PBMD']","[468502519163743216, 468502519163033507, 468502519163892847, 468502519163667584, 468502519163901500]","[0.7903164625167847, 0.7872453927993774, 0.7933353185653687, 0.8026562929153442, 0.8014106750488281]"
1137,MEDQA,0.02067028544843197,0.03407954052090645,0.22222651541233063,0.6040742993354797,0.1189492866396904,3,0.27723073959350586,False,"['STAT', 'PBMD', 'STAT', 'PBMD', 'STAT']","[468502519162765453, 468502519163137931, 468502519162464141, 468502519163857495, 468502519162441738]","[0.7583093643188477, 0.7619394659996033, 0.7548737525939941, 0.7575559020042419, 0.7792732119560242]"
1138,MEDQA,0.5117050409317017,0.07847250998020172,0.11417683213949203,0.05393331125378609,0.24171234667301178,4,0.35180139541625977,False,"['STAT', 'PBMD', 'PBMD', 'PBMD', 'PBMD']","[468502519162439163, 468502519163059851, 468502519163274614, 468502519163062062, 468502519163711439]","[0.8005728125572205, 0.800248384475708, 0.798812985420227, 0.803574800491333, 0.8097552061080933]"
1139,MEDQA,0.020861320197582245,0.023638973012566566,0.018410049378871918,0.050043705850839615,0.8870459198951721,0,0.4334533214569092,False,"['PBMD', 'TEXT', 'TEXT', 'PBMD', 'PBMD']","[468502519163219805, 468502519162363245, 468502519162361685, 468502519163531103, 468502519163960121]","[0.7594705820083618, 0.762367844581604, 0.7666992545127869, 0.7634841799736023, 0.7656232118606567]"
1140,MEDQA,0.4639451503753662,0.08062157779932022,0.09135621786117554,0.19340111315250397,0.17067588865756989,2,0.4169046878814697,False,"['PBMD', 'PBMD', 'PBMD', 'PBMD', 'PBMD']","[468502519163681033, 468502519163200986, 468502519163705196, 468502519163031627, 468502519163862636]","[0.781273603439331, 0.7861591577529907, 0.7892719507217407, 0.786108136177063, 0.7754485607147217]"
1141,MEDQA,0.09057176113128662,0.033319488167762756,0.5906020402908325,0.16921032965183258,0.1162964403629303,2,0.5229809284210205,False,"['PBMD', 'STAT', 'PBMD', 'PBMD', 'PBMD']","[468502519163817593, 468502519162816532, 468502519163733379, 468502519163611084, 468502519163753427]","[0.7943118810653687, 0.7998023629188538, 0.7957301735877991, 0.797621488571167, 0.8020746111869812]"
1142,MEDQA,0.19737853109836578,0.15371854603290558,0.2534390389919281,0.3687516152858734,0.02671227790415287,0,0.363889217376709,False,"['STAT', 'PBMD', 'STAT', 'STAT', 'STAT']","[468502519162928434, 468502519163626349, 468502519162857030, 468502519162910462, 468502519162878722]","[0.7963868379592896, 0.7771551609039307, 0.7566147446632385, 0.7592569589614868, 0.7779654860496521]"
1143,MEDQA,0.06823249906301498,0.007191651966422796,0.06823249906301498,0.025101331993937492,0.8312419652938843,2,0.36670398712158203,False,"['PBMD', 'PBMD', 'PBMD', 'PBMD', 'PBMD']","[468502519163784506, 468502519163457529, 468502519163950031, 468502519163765115, 468502519163256776]","[0.7938555479049683, 0.7912428379058838, 0.7908599376678467, 0.7901347875595093, 0.8220592141151428]"
1144,MEDQA,0.03402328118681908,0.026497360318899155,0.8774720430374146,0.005912360269576311,0.05609491094946861,2,0.3496980667114258,False,"['PBMD', 'PBMD', 'PBMD', 'PBMD', 'PBMD']","[468502519163041416, 468502519163284393, 468502519163684499, 468502519163113105, 468502519163041413]","[0.8039044737815857, 0.8071838617324829, 0.8058785200119019, 0.8007541298866272, 0.7964882254600525]"
1145,MEDQA,0.9915466904640198,0.002168999519199133,0.0014907300937920809,0.00020174839301034808,0.004591771867126226,0,0.3925654888153076,False,"['PBMD', 'PBMD', 'PBMD', 'PBMD', 'PBMD']","[468502519163806228, 468502519163477137, 468502519163379366, 468502519163545637, 468502519163075894]","[0.7984220385551453, 0.8154613375663757, 0.7896112203598022, 0.7917279601097107, 0.7938752174377441]"
1146,MEDQA,0.6309027671813965,0.18075667321681976,0.18075667321681976,0.007008696440607309,0.0005753088626079261,2,0.23398709297180176,False,"['PBMD', 'PBMD', 'PBMD', 'TEXT', 'PBMD']","[468502519163897427, 468502519163685549, 468502519163283754, 468502519162310229, 468502519163650785]","[0.7655337452888489, 0.7906519770622253, 0.769883930683136, 0.7634931206703186, 0.7726940512657166]"
1147,MEDQA,0.46804380416870117,0.04933145269751549,0.46804380416870117,0.011007335968315601,0.0035735585261136293,0,0.4835832118988037,False,"['TEXT', 'PBMD', 'PBMD', 'PBMD', 'PBMD']","[468502519162394597, 468502519163207826, 468502519163664702, 468502519163620141, 468502519163793472]","[0.7805742621421814, 0.791034460067749, 0.7768431901931763, 0.7731935977935791, 0.7890764474868774]"
1148,MEDQA,0.9881590008735657,0.010977454483509064,0.00022782980522606522,1.6503936421941034e-05,0.0006193056469783187,0,0.3032872676849365,False,"['STAT', 'PBMD', 'PBMD', 'PBMD', 'PBMD']","[468502519162465286, 468502519163252251, 468502519163000907, 468502519163906955, 468502519163281077]","[0.7893720269203186, 0.8049066066741943, 0.7961015105247498, 0.7854719161987305, 0.7867622971534729]"
1149,MEDQA,0.0021743192337453365,0.9939785003662109,0.0021743192337453365,0.0014943862333893776,0.00017847899289336056,1,0.3509035110473633,False,"['PBMD', 'PBMD', 'PBMD', 'PBMD', 'PBMD']","[468502519163641545, 468502519163864272, 468502519163101936, 468502519163621199, 468502519163726596]","[0.7796311974525452, 0.7712956666946411, 0.7825485467910767, 0.7742007970809937, 0.7829025983810425]"
1150,MEDQA,0.34961575269699097,0.04731534793972969,0.3961665630340576,0.16514678299427032,0.04175564646720886,0,0.44810938835144043,False,"['PBMD', 'PBMD', 'PBMD', 'PBMD', 'PBMD']","[468502519163868889, 468502519163942625, 468502519163622319, 468502519163188469, 468502519163520492]","[0.8128416538238525, 0.78861403465271, 0.7874351143836975, 0.7844952344894409, 0.7862184047698975]"
1151,MEDQA,0.12585759162902832,0.43928614258766174,0.11106892675161362,0.021870767697691917,0.3019166588783264,1,0.48877859115600586,False,"['PBMD', 'PBMD', 'PBMD', 'PBMD', 'PBMD']","[468502519163940797, 468502519163926627, 468502519163181045, 468502519163960421, 468502519163298519]","[0.768578052520752, 0.7635202407836914, 0.7646382451057434, 0.7651948928833008, 0.7732498645782471]"
1152,MEDQA,0.5448220372200012,0.2004288285970688,0.07373364269733429,0.07373364269733429,0.10728181898593903,1,0.40506935119628906,False,"['TEXT', 'TEXT', 'TEXT', 'PBMD', 'PBMD']","[468502519162349206, 468502519162395230, 468502519162390304, 468502519163829781, 468502519163918913]","[0.7815625667572021, 0.7932193875312805, 0.7777090668678284, 0.7826859951019287, 0.7721034288406372]"
1153,MEDQA,0.010664639994502068,0.010664639994502068,0.042179469019174576,0.08929393440485,0.8471972942352295,0,0.5275652408599854,False,"['PBMD', 'PBMD', 'PBMD', 'STAT', 'PBMD']","[468502519163753728, 468502519163457268, 468502519163673219, 468502519162749091, 468502519163539838]","[0.7946104407310486, 0.7888349294662476, 0.7912937998771667, 0.805027186870575, 0.8006367087364197]"
1154,MEDQA,0.08787234872579575,0.019606972113251686,0.017303090542554855,0.8337096571922302,0.04150795936584473,3,0.49526119232177734,False,"['STAT', 'STAT', 'PBMD', 'PBMD', 'PBMD']","[468502519162706426, 468502519162968367, 468502519163657779, 468502519163553928, 468502519163869506]","[0.8132078051567078, 0.8455197811126709, 0.8211711645126343, 0.8094882965087891, 0.8105363845825195]"
1155,MEDQA,0.02153448946774006,0.0033024209551513195,0.629330039024353,0.008976910263299942,0.33685609698295593,4,0.3289973735809326,False,"['PBMD', 'PBMD', 'TEXT', 'PBMD', 'PBMD']","[468502519163139959, 468502519163341608, 468502519162382836, 468502519163674332, 468502519163009261]","[0.7585784792900085, 0.7539368867874146, 0.7664021849632263, 0.7595027685165405, 0.7558575868606567]"
1156,MEDQA,0.07160235941410065,0.01409934088587761,0.6793442964553833,0.17176513373851776,0.06318886578083038,2,0.4228682518005371,False,"['PBMD', 'TEXT', 'PBMD', 'PBMD', 'PBMD']","[468502519163945724, 468502519162369666, 468502519163038736, 468502519163244275, 468502519163604212]","[0.7992134094238281, 0.7943936586380005, 0.8027783036231995, 0.787394642829895, 0.7945218086242676]"
1157,MEDQA,6.601734639843926e-05,3.533653944032267e-05,0.0002611036761663854,0.00023042317479848862,0.999407172203064,4,0.5495967864990234,False,"['PBMD', 'PBMD', 'PBMD', 'PBMD', 'PBMD']","[468502519163790849, 468502519163845595, 468502519163116747, 468502519163867788, 468502519163690133]","[0.7854032516479492, 0.7870341539382935, 0.7878558039665222, 0.7911628484725952, 0.8034818768501282]"
1158,MEDQA,0.13131459057331085,0.03762225806713104,0.048307936638593674,0.6668704748153687,0.11588471382856369,4,0.6060621738433838,False,"['TEXT', 'PBMD', 'PBMD', 'PBMD', 'TEXT']","[468502519162419047, 468502519163959256, 468502519163750997, 468502519163584168, 468502519162329088]","[0.7952632904052734, 0.7633136510848999, 0.7783545255661011, 0.7833930850028992, 0.7647261023521423]"
1159,MEDQA,0.9588633179664612,0.013677449896931648,0.007321011740714312,0.006460770033299923,0.013677449896931648,0,0.4417593479156494,False,"['PBMD', 'TEXT', 'PBMD', 'PBMD', 'PBMD']","[468502519163156825, 468502519162338726, 468502519163146908, 468502519163460226, 468502519163479633]","[0.808378279209137, 0.8064169883728027, 0.798117995262146, 0.8107213973999023, 0.8069756627082825]"
1160,MEDQA,0.00013974812463857234,0.00010883594950428233,0.9993313550949097,8.476152288494632e-05,0.00033523832098580897,2,0.4526095390319824,False,"['PBMD', 'PBMD', 'PBMD', 'PBMD', 'PBMD']","[468502519163042305, 468502519163622698, 468502519163406786, 468502519163285184, 468502519163410552]","[0.791206955909729, 0.7887690663337708, 0.7920103073120117, 0.7917320728302002, 0.7905838489532471]"
1161,MEDQA,0.42647531628608704,0.09515950828790665,0.13845625519752502,0.13845625519752502,0.20145267248153687,1,0.5106055736541748,False,"['PBMD', 'PBMD', 'PBMD', 'PBMD', 'PBMD']","[468502519163172319, 468502519163963351, 468502519163001320, 468502519163272846, 468502519163505933]","[0.7481147050857544, 0.7528504133224487, 0.7572382688522339, 0.7475619316101074, 0.7561596632003784]"
1162,MEDQA,0.03789529949426651,0.4616592526435852,0.03789529949426651,0.05513733625411987,0.4074128568172455,4,0.3963940143585205,False,"['STAT', 'PBMD', 'STAT', 'PBMD', 'PBMD']","[468502519162982329, 468502519163499463, 468502519162827782, 468502519163755884, 468502519163455314]","[0.7684797644615173, 0.7581069469451904, 0.768174409866333, 0.7612842321395874, 0.7573081851005554]"
1163,MEDQA,0.0454849898815155,0.005432407837361097,0.027588043361902237,0.007904106751084328,0.9135904908180237,2,0.3943662643432617,False,"['PBMD', 'TEXT', 'PBMD', 'PBMD', 'PBMD']","[468502519163770138, 468502519162319146, 468502519163653626, 468502519163922284, 468502519163345120]","[0.7654200792312622, 0.7654107809066772, 0.7723303437232971, 0.7832611203193665, 0.7616869211196899]"
1164,MEDQA,0.2037334144115448,0.03540355712175369,0.07494933903217316,0.05837060138583183,0.6275430917739868,0,0.4407362937927246,False,"['PBMD', 'PBMD', 'TEXT', 'PBMD', 'PBMD']","[468502519163826539, 468502519163909496, 468502519162390966, 468502519163702661, 468502519163578766]","[0.8175756931304932, 0.7819190621376038, 0.7976144552230835, 0.7834063172340393, 0.7819921374320984]"
1165,MEDQA,0.1934882402420044,0.6753402948379517,0.038100093603134155,0.0016740013379603624,0.09139736741781235,1,0.7234048843383789,False,"['PBMD', 'PBMD', 'PBMD', 'PBMD', 'PBMD']","[468502519163705196, 468502519163703924, 468502519163960983, 468502519163701322, 468502519163797752]","[0.7848150730133057, 0.8049537539482117, 0.7836870551109314, 0.7992505431175232, 0.8026043772697449]"
1166,MEDQA,0.001644750707782805,0.0021119017619639635,0.001644750707782805,0.9654446840286255,0.02915390394628048,3,0.3576343059539795,False,"['PBMD', 'PBMD', 'STAT', 'STAT', 'PBMD']","[468502519163111186, 468502519163469154, 468502519162910462, 468502519162878724, 468502519163264215]","[0.756344735622406, 0.7590447664260864, 0.7471827268600464, 0.7494973540306091, 0.7521846294403076]"
1167,MEDQA,0.1328042596578598,0.31858083605766296,0.46353238821029663,0.07108499854803085,0.013997465372085571,1,0.3976857662200928,False,"['PBMD', 'PBMD', 'TEXT', 'PBMD', 'PBMD']","[468502519163571984, 468502519163179325, 468502519162344034, 468502519163270990, 468502519163273238]","[0.7776054739952087, 0.7819098830223083, 0.7833317518234253, 0.8062911629676819, 0.7826350331306458]"
1168,MEDQA,0.9980959296226501,0.0008032007608562708,0.0006255334010347724,9.592864807927981e-05,0.0003794051881413907,0,0.40138721466064453,False,"['PBMD', 'PBMD', 'PBMD', 'PBMD', 'TEXT']","[468502519163632447, 468502519163902283, 468502519163531749, 468502519163540881, 468502519162346453]","[0.8062026500701904, 0.7980988025665283, 0.7928417921066284, 0.7962332367897034, 0.7856805920600891]"
1169,MEDQA,0.15821586549282074,0.6257559061050415,0.07473588734865189,0.0959627777338028,0.045329608023166656,2,0.3865334987640381,False,"['PBMD', 'PBMD', 'PBMD', 'PBMD', 'PBMD']","[468502519163613515, 468502519163758407, 468502519163898190, 468502519163362904, 468502519163898194]","[0.7959772348403931, 0.7994073629379272, 0.7930790185928345, 0.7878164052963257, 0.7893953919410706]"
1170,MEDQA,0.07282271236181259,0.007675457745790482,0.8871622681617737,0.008697432465851307,0.023642072454094887,0,0.4645500183105469,False,"['STAT', 'PBMD', 'STAT', 'TEXT', 'STAT']","[468502519162467900, 468502519163611314, 468502519162698092, 468502519162367885, 468502519162942796]","[0.7455860376358032, 0.7431386709213257, 0.7504364252090454, 0.747643768787384, 0.7733138799667358]"
1171,MEDQA,0.12573741376399994,0.040820956230163574,0.0524151511490345,0.6385472416877747,0.14247915148735046,3,0.6961817741394043,False,"['PBMD', 'PBMD', 'PBMD', 'PBMD', 'PBMD']","[468502519163968021, 468502519163807372, 468502519163770229, 468502519163827118, 468502519163491165]","[0.7817979454994202, 0.7796787619590759, 0.7959031462669373, 0.7744260430335999, 0.7867882251739502]"
1172,MEDQA,0.019214440137147903,0.03167925775051117,0.7210165858268738,0.14197658002376556,0.08611315488815308,4,0.436906099319458,False,"['PBMD', 'PBMD', 'PBMD', 'PBMD', 'TEXT']","[468502519163919511, 468502519163923070, 468502519163785966, 468502519163638959, 468502519162337339]","[0.7708337306976318, 0.7779508233070374, 0.7639774680137634, 0.7815431356430054, 0.7723827362060547]"
1173,MEDQA,0.38967978954315186,0.18407168984413147,0.04654061421751976,0.23635274171829224,0.14335519075393677,0,0.545393705368042,False,"['PBMD', 'PBMD', 'PBMD', 'PBMD', 'PBMD']","[468502519163480280, 468502519163527483, 468502519163624158, 468502519163991768, 468502519163021975]","[0.7550050020217896, 0.7680392861366272, 0.7628508806228638, 0.7650132179260254, 0.7581334114074707]"
1174,MEDQA,0.0159098319709301,0.02623087726533413,0.8686473369598389,0.055530764162540436,0.03368111327290535,2,0.46567320823669434,False,"['TEXT', 'PBMD', 'PBMD', 'PBMD', 'PBMD']","[468502519162416480, 468502519163064207, 468502519163192512, 468502519163678184, 468502519163412328]","[0.8097366094589233, 0.7980166673660278, 0.8104056119918823, 0.7940330505371094, 0.7988167405128479]"
1175,MEDQA,0.14368754625320435,0.16281931102275848,0.2369007170200348,0.11190397292375565,0.3446885049343109,1,0.3869457244873047,False,"['STAT', 'PBMD', 'STAT', 'TEXT', 'STAT']","[468502519162722932, 468502519163351193, 468502519162749957, 468502519162393788, 468502519162700868]","[0.7972087264060974, 0.7889723181724548, 0.7832745313644409, 0.7882271409034729, 0.799596905708313]"
1176,MEDQA,0.17074531316757202,0.05543288588523865,0.409596711397171,0.17074531316757202,0.1934797763824463,3,0.5496165752410889,False,"['TEXT', 'STAT', 'STAT', 'PBMD', 'STAT']","[468502519162329155, 468502519162749090, 468502519162749091, 468502519163783261, 468502519162906525]","[0.7895546555519104, 0.8114179372787476, 0.8016944527626038, 0.7885668277740479, 0.7858394384384155]"
1177,MEDQA,0.012694871053099632,0.06446988135576248,0.8899791836738586,0.018470928072929382,0.01438517402857542,2,0.43161654472351074,False,"['PBMD', 'PBMD', 'TEXT', 'PBMD', 'PBMD']","[468502519163936619, 468502519163363919, 468502519162367414, 468502519163214019, 468502519163384336]","[0.7718796730041504, 0.76839280128479, 0.7681306600570679, 0.7795857787132263, 0.7734901309013367]"
1178,MEDQA,0.29922184348106384,0.20565196871757507,0.33906278014183044,0.09714311361312866,0.058920275419950485,1,0.4100987911224365,False,"['TEXT', 'PBMD', 'PBMD', 'PBMD', 'PBMD']","[468502519162409225, 468502519163159118, 468502519163449218, 468502519163644349, 468502519163704310]","[0.7730852961540222, 0.7908272743225098, 0.7742458581924438, 0.771346926689148, 0.7726517915725708]"
1179,MEDQA,0.015134689398109913,0.010401909239590168,0.8263260126113892,0.11183106154203415,0.036306232213974,2,0.30220603942871094,False,"['STAT', 'STAT', 'STAT', 'TEXT', 'STAT']","[468502519162695125, 468502519162438102, 468502519162437779, 468502519162386447, 468502519162762626]","[0.7625682353973389, 0.7592092752456665, 0.7630621194839478, 0.7590236663818359, 0.7590459585189819]"
1180,MEDQA,0.11856602877378464,0.056006625294685364,0.038492754101753235,0.6823003888130188,0.10463415831327438,0,0.49057674407958984,False,"['PBMD', 'PBMD', 'PBMD', 'PBMD', 'PBMD']","[468502519163559825, 468502519163832893, 468502519163525400, 468502519163606730, 468502519163768780]","[0.74896240234375, 0.7568080425262451, 0.758699893951416, 0.7527883052825928, 0.7488860487937927]"
1181,MEDQA,0.07682187855243683,0.009175064042210579,0.02826118655502796,0.05982893705368042,0.8259129524230957,4,0.5757091045379639,False,"['PBMD', 'PBMD', 'PBMD', 'TEXT', 'TEXT']","[468502519163714806, 468502519163560700, 468502519163990661, 468502519162313465, 468502519162313718]","[0.8149760961532593, 0.8210161328315735, 0.8243911862373352, 0.8127740621566772, 0.8138591647148132]"
1182,MEDQA,0.4008610248565674,0.14746853709220886,0.11484860628843307,0.1893533319234848,0.14746853709220886,0,0.5008203983306885,False,"['PBMD', 'PBMD', 'PBMD', 'PBMD', 'PBMD']","[468502519163866725, 468502519163697652, 468502519163327528, 468502519163974204, 468502519163939208]","[0.8011090755462646, 0.8243168592453003, 0.800438642501831, 0.8010319471359253, 0.8076327443122864]"
1183,MEDQA,0.07477030903100967,0.07477030903100967,0.08472585678100586,0.6260440945625305,0.13968932628631592,2,0.42213964462280273,False,"['STAT', 'STAT', 'STAT', 'STAT', 'PBMD']","[468502519162928434, 468502519162754341, 468502519162878722, 468502519162910460, 468502519163647032]","[0.7747304439544678, 0.7675718665122986, 0.767571747303009, 0.767571747303009, 0.7538607120513916]"
1184,MEDQA,0.13838925957679749,0.03964918479323387,0.0449284166097641,0.1568155735731125,0.6202176213264465,4,0.2531723976135254,False,"['STAT', 'STAT', 'STAT', 'PBMD', 'PBMD']","[468502519162748174, 468502519162899925, 468502519162964988, 468502519163242792, 468502519163720701]","[0.7854100465774536, 0.7822471261024475, 0.7783854603767395, 0.7753433585166931, 0.7754412889480591]"
1185,MEDQA,0.4210008680820465,0.03455785661935806,0.4210008680820465,0.07315897941589355,0.05028138309717178,2,0.521141529083252,False,"['PBMD', 'STAT', 'STAT', 'TEXT', 'PBMD']","[468502519163872852, 468502519162698940, 468502519162938926, 468502519162331989, 468502519163670045]","[0.7932232022285461, 0.8035053610801697, 0.8005455732345581, 0.7890264987945557, 0.7935956120491028]"
1186,MEDQA,0.08632815629243851,0.019262414425611496,0.7228167653083801,0.010310427285730839,0.1612822264432907,2,0.3989684581756592,False,"['TEXT', 'PBMD', 'TEXT', 'PBMD', 'TEXT']","[468502519162416651, 468502519163440929, 468502519162354425, 468502519163740801, 468502519162351739]","[0.8061803579330444, 0.7955783009529114, 0.7828024625778198, 0.8092079758644104, 0.7804362177848816]"
1187,MEDQA,0.011640243232250214,0.924699068069458,0.021746838465332985,0.031641460955142975,0.010272478684782982,1,0.5679385662078857,False,"['STAT', 'TEXT', 'PBMD', 'PBMD', 'PBMD']","[468502519162700597, 468502519162308056, 468502519163691799, 468502519163527498, 468502519163777049]","[0.7551348209381104, 0.7696191072463989, 0.7566735744476318, 0.7560770511627197, 0.7662469744682312]"
1188,MEDQA,0.003569723106920719,0.0009025673498399556,0.9897852540016174,0.001158919301815331,0.004583614878356457,2,0.2930452823638916,False,"['STAT', 'STAT', 'TEXT', 'TEXT', 'TEXT']","[468502519162864306, 468502519162891271, 468502519162322479, 468502519162387231, 468502519162322481]","[0.8722792863845825, 0.869087815284729, 0.8219389319419861, 0.8544473052024841, 0.8594976663589478]"
1189,MEDQA,0.009686966426670551,0.00037560448981821537,0.00015657523181289434,0.9880974888801575,0.0016833425033837557,3,0.32663774490356445,False,"['PBMD', 'PBMD', 'PBMD', 'PBMD', 'PBMD']","[468502519163719940, 468502519163375514, 468502519163687650, 468502519163659255, 468502519163626247]","[0.7720374464988708, 0.7703840136528015, 0.7645174860954285, 0.767723023891449, 0.777954638004303]"
1190,MEDQA,0.000910878530703485,5.823051469633356e-05,9.600588964531198e-05,3.5318593290867284e-05,0.9988995790481567,4,0.3666539192199707,False,"['PBMD', 'PBMD', 'PBMD', 'STAT', 'PBMD']","[468502519163801176, 468502519163131843, 468502519163812294, 468502519162984991, 468502519163131982]","[0.8160842657089233, 0.8247053623199463, 0.8111100792884827, 0.7955244779586792, 0.8037745356559753]"
1191,MEDQA,0.11374354362487793,0.0885835587978363,0.18753139674663544,0.5097631812095642,0.10037831962108612,2,0.4168987274169922,False,"['PBMD', 'TEXT', 'TEXT', 'PBMD', 'TEXT']","[468502519163738865, 468502519162394632, 468502519162394633, 468502519163527452, 468502519162353354]","[0.7940328121185303, 0.8012731075286865, 0.7903885245323181, 0.8046985864639282, 0.7958206534385681]"
1192,MEDQA,0.9050063490867615,0.02411760203540325,0.051056962460279465,0.006909808609634638,0.012909221462905407,0,0.3726961612701416,False,"['TEXT', 'TEXT', 'TEXT', 'PBMD', 'TEXT']","[468502519162370306, 468502519162307906, 468502519162307907, 468502519163740728, 468502519162370305]","[0.7443033456802368, 0.7717618346214294, 0.7486324906349182, 0.7554309964179993, 0.7458362579345703]"
1193,MEDQA,0.602385938167572,0.049446847289800644,0.033984288573265076,0.11861682683229446,0.1955660730600357,3,0.4644176959991455,False,"['TEXT', 'PBMD', 'PBMD', 'STAT', 'PBMD']","[468502519162342230, 468502519163583681, 468502519163860608, 468502519162908428, 468502519163723961]","[0.793152928352356, 0.7976246476173401, 0.7937446236610413, 0.7939493060112, 0.7973231673240662]"
1194,MEDQA,0.18022531270980835,0.14035961031913757,0.0851324126124382,0.29714131355285645,0.29714131355285645,4,0.38230276107788086,False,"['TEXT', 'STAT', 'TEXT', 'PBMD', 'PBMD']","[468502519162395450, 468502519162721588, 468502519162394786, 468502519163283881, 468502519163779848]","[0.7638424634933472, 0.7788635492324829, 0.7705328464508057, 0.7619709372520447, 0.7723663449287415]"
1195,MEDQA,0.11733394116163254,0.36141395568847656,0.06280433386564255,0.048912063241004944,0.409535676240921,1,0.3549516201019287,False,"['TEXT', 'TEXT', 'TEXT', 'PBMD', 'TEXT']","[468502519162418384, 468502519162418409, 468502519162351805, 468502519163101949, 468502519162351812]","[0.7596123218536377, 0.7676191329956055, 0.778351902961731, 0.7609649300575256, 0.7642379403114319]"
1196,MEDQA,0.0011271106777712703,0.0030638049356639385,0.015559284016489983,0.9626188278198242,0.017630979418754578,3,0.5945937633514404,False,"['PBMD', 'PBMD', 'PBMD', 'PBMD', 'PBMD']","[468502519163152426, 468502519163738874, 468502519163027667, 468502519163790247, 468502519163979056]","[0.7881438732147217, 0.7992136478424072, 0.78575599193573, 0.7927490472793579, 0.792575478553772]"
1197,MEDQA,0.02678454853594303,0.03035087138414383,0.3697492778301239,0.41898083686828613,0.15413443744182587,2,0.4344303607940674,False,"['PBMD', 'PBMD', 'PBMD', 'TEXT', 'PBMD']","[468502519163696396, 468502519163681081, 468502519163692458, 468502519162326100, 468502519163542125]","[0.7808128595352173, 0.7984281182289124, 0.7745859622955322, 0.76468825340271, 0.7735545039176941]"
1198,MEDQA,0.0266074500977993,0.03416464105248451,0.04386826604604721,0.014241941273212433,0.8811177015304565,1,0.24144625663757324,False,"['PBMD', 'STAT', 'STAT', 'STAT', 'STAT']","[468502519163876814, 468502519162909477, 468502519162910361, 468502519162856935, 468502519162847996]","[0.7659469246864319, 0.7803611755371094, 0.7803611755371094, 0.7803611159324646, 0.7803611159324646]"
1199,MEDQA,0.8936115503311157,0.04449029639363289,0.02698473073542118,0.018546314910054207,0.016367066651582718,0,0.40447378158569336,False,"['PBMD', 'STAT', 'PBMD', 'STAT', 'STAT']","[468502519163915377, 468502519162474220, 468502519163087567, 468502519162809599, 468502519162470837]","[0.7815380096435547, 0.7769834995269775, 0.7588707208633423, 0.7615259885787964, 0.7584537863731384]"
1200,MEDQA,0.04073682054877281,0.9271657466888428,0.014986238442361355,0.009089612402021885,0.008021555840969086,1,0.514256477355957,False,"['STAT', 'PBMD', 'PBMD', 'PBMD', 'PBMD']","[468502519162771344, 468502519163960554, 468502519163277048, 468502519163871054, 468502519163403640]","[0.7734742164611816, 0.7600098252296448, 0.7686694860458374, 0.7597634792327881, 0.7659047245979309]"
1201,MEDQA,0.008702452294528484,0.00411074748262763,0.0076798866502940655,0.6913213729858398,0.28818562626838684,3,0.50518798828125,False,"['PBMD', 'STAT', 'PBMD', 'TEXT', 'PBMD']","[468502519163399170, 468502519162485918, 468502519163776672, 468502519162298861, 468502519163869466]","[0.7517533302307129, 0.7837847471237183, 0.7521462440490723, 0.760211706161499, 0.7600013017654419]"
1202,MEDQA,0.999718964099884,0.00017950974870473146,3.534756615408696e-05,7.887107130954973e-06,5.827828135807067e-05,0,0.42766737937927246,False,"['PBMD', 'PBMD', 'PBMD', 'PBMD', 'PBMD']","[468502519163279607, 468502519163114833, 468502519163705795, 468502519163730406, 468502519163436990]","[0.7971032857894897, 0.7790798544883728, 0.7913097739219666, 0.7803469896316528, 0.7776674032211304]"
1203,MEDQA,0.012248826213181019,0.0016576983034610748,0.00953939463943243,0.003509347327053547,0.973044753074646,2,0.42765331268310547,False,"['TEXT', 'TEXT', 'PBMD', 'TEXT', 'TEXT']","[468502519162332177, 468502519162357516, 468502519163761090, 468502519162357513, 468502519162357514]","[0.7525941729545593, 0.7352622151374817, 0.7343176603317261, 0.7610605955123901, 0.7441282272338867]"
1204,MEDQA,0.7935727834701538,0.005347051192075014,0.1770700216293335,0.0028620704542845488,0.021147998049855232,0,0.3704264163970947,False,"['TEXT', 'STAT', 'TEXT', 'PBMD', 'TEXT']","[468502519162407237, 468502519162733926, 468502519162407238, 468502519163634418, 468502519162375921]","[0.7923309803009033, 0.7758386135101318, 0.7825493216514587, 0.7789711952209473, 0.7730379700660706]"
1205,MEDQA,0.003074728650972247,0.0016457836609333754,0.0034841238521039486,0.02574438601732254,0.9660509824752808,4,0.41268253326416016,False,"['TEXT', 'PBMD', 'TEXT', 'PBMD', 'TEXT']","[468502519162390647, 468502519163384336, 468502519162356049, 468502519163536939, 468502519162390845]","[0.7836437821388245, 0.7789154052734375, 0.7790334224700928, 0.7699081897735596, 0.7860151529312134]"
1206,MEDQA,0.11103992164134979,0.08647798001766205,0.11103992164134979,0.05245154723525047,0.6389906406402588,0,0.3258051872253418,False,"['STAT', 'STAT', 'PBMD', 'PBMD', 'PBMD']","[468502519162818919, 468502519162943712, 468502519163823208, 468502519163874403, 468502519163406380]","[0.7597167491912842, 0.7553570866584778, 0.7480305433273315, 0.7616468071937561, 0.7537709474563599]"
1207,MEDQA,0.050304438918828964,0.4211938977241516,0.0939810648560524,0.1064944937825203,0.32802614569664,1,0.35337400436401367,False,"['TEXT', 'PBMD', 'PBMD', 'PBMD', 'PBMD']","[468502519162350756, 468502519163908738, 468502519163623322, 468502519163756939, 468502519163041724]","[0.7588143348693848, 0.7733893990516663, 0.7834900617599487, 0.7865753769874573, 0.7580759525299072]"
1208,MEDQA,0.14592328667640686,0.053682178258895874,0.053682178258895874,0.39666062593460083,0.35005176067352295,3,0.37660670280456543,False,"['PBMD', 'STAT', 'PBMD', 'PBMD', 'PBMD']","[468502519163748078, 468502519162756244, 468502519163024108, 468502519163617707, 468502519162992735]","[0.7966805100440979, 0.7981249690055847, 0.7798683643341064, 0.7976158261299133, 0.7788510918617249]"
1209,MEDQA,0.06196266785264015,0.6661614179611206,0.10215916484594345,0.07956163585186005,0.09015513956546783,0,0.32938075065612793,False,"['TEXT', 'PBMD', 'TEXT', 'TEXT', 'STAT']","[468502519162361512, 468502519163072278, 468502519162363245, 468502519162362240, 468502519162861865]","[0.7655705809593201, 0.7667407393455505, 0.7622588872909546, 0.7691040635108948, 0.7619955539703369]"
1210,MEDQA,0.13399799168109894,0.0812738835811615,0.09209538251161575,0.09209538251161575,0.6005373001098633,2,0.3913264274597168,False,"['PBMD', 'PBMD', 'PBMD', 'PBMD', 'PBMD']","[468502519163836989, 468502519163968021, 468502519163582365, 468502519163304904, 468502519163265527]","[0.8031548261642456, 0.785161554813385, 0.793237566947937, 0.8000212907791138, 0.7924949526786804]"
1211,MEDQA,0.3844042122364044,0.16024351119995117,0.2057567536830902,0.1247977763414383,0.1247977763414383,2,0.3676126003265381,False,"['TEXT', 'PBMD', 'PBMD', 'PBMD', 'PBMD']","[468502519162385525, 468502519163044678, 468502519163515936, 468502519163636280, 468502519163416864]","[0.790465235710144, 0.807936429977417, 0.8039827346801758, 0.7986068725585938, 0.8052130341529846]"
1212,MEDQA,0.058415863662958145,0.04549431800842285,0.8064060807228088,0.058415863662958145,0.03126775473356247,1,0.4315812587738037,False,"['STAT', 'STAT', 'PBMD', 'PBMD', 'PBMD']","[468502519162435658, 468502519162826705, 468502519163983395, 468502519163754068, 468502519163213249]","[0.8295304179191589, 0.8098883628845215, 0.8141827583312988, 0.8238893747329712, 0.8153694868087769]"
1213,MEDQA,0.0021650290582329035,0.0024532992392778397,0.029887301847338676,0.09205937385559082,0.8734350204467773,4,0.32436704635620117,False,"['PBMD', 'PBMD', 'STAT', 'PBMD', 'STAT']","[468502519163472326, 468502519163887883, 468502519162980472, 468502519163451254, 468502519162484910]","[0.7798831462860107, 0.7730637788772583, 0.774124264717102, 0.7778168320655823, 0.7811380624771118]"
1214,MEDQA,0.7134479880332947,0.08520921319723129,0.0516820028424263,0.04024998098611832,0.10941080003976822,0,0.5744683742523193,False,"['PBMD', 'PBMD', 'PBMD', 'PBMD', 'PBMD']","[468502519163757152, 468502519163868920, 468502519163990933, 468502519163632040, 468502519163770499]","[0.8194559812545776, 0.8146651983261108, 0.8084995150566101, 0.820894718170166, 0.8256040215492249]"
1215,MEDQA,0.01944877952337265,0.6440551280975342,0.015146724879741669,0.26848211884498596,0.05286726355552673,0,0.5217058658599854,False,"['STAT', 'STAT', 'PBMD', 'PBMD', 'PBMD']","[468502519162798433, 468502519162859274, 468502519163956988, 468502519163747688, 468502519163761148]","[0.774247944355011, 0.7668479084968567, 0.7694703340530396, 0.7625614404678345, 0.7889196276664734]"
1216,MEDQA,0.002464279066771269,0.00042822747491300106,0.0019191823666915298,0.0010272642830386758,0.994161069393158,0,0.4738302230834961,False,"['PBMD', 'PBMD', 'STAT', 'STAT', 'PBMD']","[468502519163179371, 468502519163644021, 468502519162898814, 468502519162813757, 468502519163719805]","[0.8056128025054932, 0.8091641664505005, 0.7919458150863647, 0.7890794277191162, 0.7932785749435425]"
1217,MEDQA,0.010897529311478138,0.0031221946701407433,0.0031221946701407433,0.0018937067361548543,0.9809643626213074,4,0.3741598129272461,False,"['STAT', 'TEXT', 'PBMD', 'STAT', 'PBMD']","[468502519162853279, 468502519162307984, 468502519163065505, 468502519162747811, 468502519163419152]","[0.7740659713745117, 0.7635360360145569, 0.7721658945083618, 0.7576649785041809, 0.7693812251091003]"
1218,MEDQA,0.1590229570865631,0.016760896891355515,0.2621845304965973,0.0069869812577962875,0.5550446510314941,1,0.3056678771972656,False,"['PBMD', 'STAT', 'TEXT', 'STAT', 'TEXT']","[468502519163570592, 468502519162968049, 468502519162345089, 468502519162947257, 468502519162351293]","[0.7499228119850159, 0.7735455632209778, 0.7509262561798096, 0.7547105550765991, 0.7620540857315063]"
1219,MEDQA,0.027709394693374634,0.010193715803325176,0.9176090955734253,0.01308899000287056,0.03139885514974594,2,0.3618345260620117,False,"['TEXT', 'PBMD', 'TEXT', 'TEXT', 'STAT']","[468502519162328261, 468502519163188285, 468502519162328249, 468502519162328244, 468502519162440181]","[0.7678608894348145, 0.7780432105064392, 0.7904400825500488, 0.7682832479476929, 0.7817103862762451]"
1220,MEDQA,0.20364323258399963,0.051489073783159256,0.6272653341293335,0.051489073783159256,0.06611327826976776,0,0.3327949047088623,False,"['PBMD', 'TEXT', 'PBMD', 'PBMD', 'PBMD']","[468502519162999881, 468502519162407554, 468502519163940417, 468502519163313500, 468502519163143032]","[0.7811638712882996, 0.796400785446167, 0.7899091839790344, 0.789503812789917, 0.7830641269683838]"
1221,MEDQA,0.001166387228295207,0.9961632490158081,0.0019230474717915058,3.991157791460864e-05,0.0007074496243149042,1,0.3388965129852295,False,"['STAT', 'STAT', 'TEXT', 'TEXT', 'PBMD']","[468502519162786673, 468502519162763819, 468502519162329180, 468502519162367729, 468502519163727717]","[0.8108503818511963, 0.7860971093177795, 0.7894129753112793, 0.7961411476135254, 0.7753847241401672]"
1222,MEDQA,0.03944281488656998,0.011300556361675262,0.480511873960495,0.04469456896185875,0.4240502417087555,3,0.42111992835998535,False,"['PBMD', 'PBMD', 'PBMD', 'TEXT', 'PBMD']","[468502519163714107, 468502519163021397, 468502519163836944, 468502519162389975, 468502519163090473]","[0.7639821767807007, 0.7444986701011658, 0.7466181516647339, 0.7469832897186279, 0.7486148476600647]"
1223,MEDQA,0.8292179107666016,0.07712928205728531,0.04128432646393776,0.005587226245552301,0.0467812716960907,0,0.3016674518585205,False,"['STAT', 'STAT', 'PBMD', 'STAT', 'PBMD']","[468502519162717338, 468502519162812262, 468502519163452270, 468502519162794732, 468502519163573143]","[0.8059482574462891, 0.8041142225265503, 0.7941977381706238, 0.8042357563972473, 0.8299959897994995]"
1224,MEDQA,0.4395405352115631,0.12593047320842743,0.16169792413711548,0.11113324761390686,0.16169792413711548,4,0.49950718879699707,False,"['PBMD', 'PBMD', 'PBMD', 'PBMD', 'TEXT']","[468502519163941451, 468502519163542491, 468502519163605847, 468502519163680638, 468502519162394635]","[0.7749556303024292, 0.7979913353919983, 0.7870079278945923, 0.7752904295921326, 0.8105540871620178]"
1225,MEDQA,0.026477642357349396,0.8768190741539001,0.014172459952533245,0.05605316534638405,0.026477642357349396,1,0.4687530994415283,False,"['PBMD', 'PBMD', 'PBMD', 'PBMD', 'PBMD']","[468502519163630928, 468502519163959085, 468502519163701899, 468502519163849907, 468502519163299261]","[0.8059941530227661, 0.8059011101722717, 0.7927845120429993, 0.7938661575317383, 0.7943274974822998]"
1226,MEDQA,0.0011691129766404629,5.820670776301995e-05,0.00012322359543759376,0.00015822223213035613,0.9984911680221558,4,0.26374197006225586,False,"['STAT', 'PBMD', 'TEXT', 'STAT', 'TEXT']","[468502519162801681, 468502519163206461, 468502519162416823, 468502519162910243, 468502519162312000]","[0.7766305208206177, 0.798995852470398, 0.7791413068771362, 0.7884746789932251, 0.7746912240982056]"
1227,MEDQA,0.0006257295026443899,0.0003349288599565625,0.0002955736708827317,0.0003349288599565625,0.998408854007721,2,0.3518381118774414,False,"['PBMD', 'TEXT', 'STAT', 'STAT', 'PBMD']","[468502519163319000, 468502519162324191, 468502519162457380, 468502519162710249, 468502519163782853]","[0.7778837084770203, 0.7897781729698181, 0.7774655818939209, 0.8000968098640442, 0.7747904658317566]"
1228,MEDQA,0.07600770145654678,0.07600770145654678,0.5616251826286316,0.05223928019404411,0.2341202050447464,2,0.5760605335235596,False,"['PBMD', 'PBMD', 'PBMD', 'PBMD', 'PBMD']","[468502519163193917, 468502519163612512, 468502519163713722, 468502519163069032, 468502519163775907]","[0.8111947178840637, 0.808707594871521, 0.7990671396255493, 0.8074672222137451, 0.8096215724945068]"
1229,MEDQA,0.13783717155456543,0.0737789198756218,0.15618996322155,0.25751373171806335,0.3746802508831024,3,0.4347813129425049,False,"['PBMD', 'PBMD', 'PBMD', 'PBMD', 'PBMD']","[468502519163610603, 468502519163654359, 468502519163358644, 468502519163492997, 468502519163354540]","[0.7748755216598511, 0.7762733697891235, 0.7729237675666809, 0.7847723960876465, 0.7811696529388428]"
1230,MEDQA,0.08130986988544464,0.04352203384041786,0.4129255712032318,0.049316927790641785,0.4129255712032318,4,0.3902101516723633,False,"['TEXT', 'TEXT', 'TEXT', 'TEXT', 'PBMD']","[468502519162414162, 468502519162414416, 468502519162414480, 468502519162348681, 468502519163830352]","[0.7824044823646545, 0.7805893421173096, 0.7821561098098755, 0.7675405144691467, 0.7732796669006348]"
1231,MEDQA,0.8091304898262024,0.05172597989439964,0.09663686156272888,0.014819742180407047,0.027686921879649162,0,0.3580446243286133,False,"['PBMD', 'PBMD', 'PBMD', 'PBMD', 'PBMD']","[468502519163136527, 468502519163537736, 468502519163943819, 468502519163246923, 468502519163459256]","[0.8088248372077942, 0.824665904045105, 0.8200017809867859, 0.8030714988708496, 0.8061808943748474]"
1232,MEDQA,0.005773897282779217,0.9710201621055603,0.0027273958548903465,0.0003257409844081849,0.020152879878878593,1,0.6676709651947021,False,"['TEXT', 'TEXT', 'STAT', 'PBMD', 'PBMD']","[468502519162392003, 468502519162351183, 468502519162974718, 468502519163623677, 468502519163744764]","[0.8182082176208496, 0.8223638534545898, 0.8351730108261108, 0.814637303352356, 0.8180598020553589]"
1233,MEDQA,0.14785513281822205,0.16754183173179626,0.16754183173179626,0.06163519248366356,0.455425888299942,1,0.5602796077728271,False,"['PBMD', 'PBMD', 'PBMD', 'TEXT', 'PBMD']","[468502519163690418, 468502519163640187, 468502519163535025, 468502519162346847, 468502519163689687]","[0.7633571624755859, 0.7635304927825928, 0.7638053894042969, 0.7606760263442993, 0.7584550976753235]"
1234,MEDQA,0.1790865659713745,0.021388839930295944,0.4296063482761383,0.07465439289808273,0.2952638566493988,2,0.37313103675842285,False,"['TEXT', 'STAT', 'TEXT', 'TEXT', 'PBMD']","[468502519162308304, 468502519162816443, 468502519162417536, 468502519162315848, 468502519163366818]","[0.7387353181838989, 0.7436714172363281, 0.747685432434082, 0.7368277311325073, 0.747900128364563]"
1235,MEDQA,0.3403564393520355,0.12521013617515564,0.3403564393520355,0.14188167452812195,0.05219535157084465,0,0.32280921936035156,False,"['PBMD', 'TEXT', 'PBMD', 'TEXT', 'PBMD']","[468502519163248275, 468502519162372107, 468502519163380317, 468502519162365421, 468502519163712269]","[0.7732397317886353, 0.7696380615234375, 0.7597531676292419, 0.7561838626861572, 0.7598096132278442]"
1236,MEDQA,0.009041350334882736,0.007978963665664196,0.05895701423287392,0.8138764500617981,0.11014620214700699,2,0.6070303916931152,False,"['PBMD', 'PBMD', 'PBMD', 'PBMD', 'PBMD']","[468502519163581085, 468502519163816676, 468502519163623603, 468502519163150469, 468502519163187766]","[0.809028685092926, 0.8062631487846375, 0.7960273623466492, 0.802028477191925, 0.7965604066848755]"
1237,MEDQA,0.5955584049224854,0.029651105403900146,0.05539556220173836,0.24826566874980927,0.07112930715084076,0,0.5355393886566162,False,"['PBMD', 'PBMD', 'PBMD', 'PBMD', 'PBMD']","[468502519163311572, 468502519163908248, 468502519163180857, 468502519163571985, 468502519163612148]","[0.7925350069999695, 0.7853432893753052, 0.7894555926322937, 0.7839129567146301, 0.7852214574813843]"
1238,MEDQA,0.1268310248851776,0.1268310248851776,0.08716960996389389,0.3906670808792114,0.26850131154060364,3,0.5268123149871826,False,"['PBMD', 'TEXT', 'PBMD', 'PBMD', 'PBMD']","[468502519163581033, 468502519162393576, 468502519163700068, 468502519163606238, 468502519163646187]","[0.7751011848449707, 0.7817214727401733, 0.7865980863571167, 0.7695348262786865, 0.7685145735740662]"
1239,MEDQA,0.02512875571846962,0.23841500282287598,0.0469466969370842,0.6480791568756104,0.041430313140153885,3,0.3661212921142578,False,"['STAT', 'PBMD', 'PBMD', 'PBMD', 'PBMD']","[468502519162471519, 468502519163949943, 468502519163351330, 468502519163079133, 468502519163119792]","[0.7734615802764893, 0.7710950970649719, 0.7767050862312317, 0.7741647958755493, 0.7725911140441895]"
1240,MEDQA,0.9324698448181152,0.02192959003150463,0.01935279369354248,0.02192959003150463,0.004318192135542631,0,0.24353647232055664,False,"['PBMD', 'PBMD', 'TEXT', 'PBMD', 'PBMD']","[468502519163176762, 468502519163357474, 468502519162354739, 468502519163433106, 468502519163248469]","[0.7811734676361084, 0.7909500002861023, 0.7620370388031006, 0.7794005870819092, 0.7604201436042786]"
1241,MEDQA,0.5928496718406677,0.062485892325639725,0.062485892325639725,0.13228264451026917,0.14989587664604187,4,0.5566244125366211,False,"['PBMD', 'PBMD', 'PBMD', 'PBMD', 'PBMD']","[468502519163935428, 468502519163941271, 468502519163747688, 468502519163560731, 468502519163543892]","[0.7872179746627808, 0.8051120042800903, 0.7909142971038818, 0.8002812266349792, 0.7863997220993042]"
1242,MEDQA,0.00037589072599075735,0.00017755822045728564,0.9888505339622498,0.0009017149568535388,0.009694349020719528,2,0.3304324150085449,False,"['PBMD', 'PBMD', 'TEXT', 'TEXT', 'PBMD']","[468502519163703498, 468502519163624200, 468502519162342011, 468502519162379481, 468502519163760307]","[0.7887992262840271, 0.788479208946228, 0.8362820148468018, 0.8285403251647949, 0.8171272277832031]"
1243,MEDQA,0.0037804110907018185,0.0015759097877889872,0.9250360727310181,0.002598235849291086,0.06700938940048218,4,0.4228799343109131,False,"['PBMD', 'PBMD', 'PBMD', 'PBMD', 'PBMD']","[468502519163489889, 468502519163878592, 468502519163540937, 468502519163672656, 468502519163283068]","[0.7919062972068787, 0.7877437472343445, 0.7916263937950134, 0.7964722514152527, 0.7877163290977478]"
1244,MEDQA,0.41142410039901733,0.3204174041748047,0.1335698515176773,0.07149478793144226,0.06309393048286438,0,0.5428786277770996,False,"['TEXT', 'STAT', 'PBMD', 'PBMD', 'PBMD']","[468502519162394632, 468502519162915034, 468502519163010128, 468502519163521301, 468502519163392460]","[0.7902162075042725, 0.792487621307373, 0.7899687886238098, 0.7897465229034424, 0.7886089086532593]"
1245,MEDQA,0.05746529623866081,0.039495281875133514,0.06511671096086502,0.13785208761692047,0.7000706195831299,1,0.5368618965148926,False,"['PBMD', 'STAT', 'PBMD', 'PBMD', 'PBMD']","[468502519163777649, 468502519162852635, 468502519163616623, 468502519163060468, 468502519163719420]","[0.7676069140434265, 0.7709607481956482, 0.7721474170684814, 0.7702063918113708, 0.7770981788635254]"
1246,MEDQA,0.30127179622650146,0.031753815710544586,0.1423107236623764,0.43834787607192993,0.08631581813097,2,0.6482734680175781,False,"['TEXT', 'PBMD', 'PBMD', 'PBMD', 'PBMD']","[468502519162313707, 468502519163504321, 468502519163886959, 468502519163738874, 468502519163712208]","[0.7987278699874878, 0.7976238131523132, 0.797717809677124, 0.8096627593040466, 0.7995157837867737]"
1247,MEDQA,0.17751774191856384,0.1566588580608368,0.17751774191856384,0.1566588580608368,0.33164680004119873,1,0.5776939392089844,False,"['PBMD', 'PBMD', 'PBMD', 'PBMD', 'PBMD']","[468502519163700092, 468502519163404473, 468502519163461061, 468502519163367633, 468502519163611622]","[0.7884923219680786, 0.790769100189209, 0.7925410270690918, 0.79708331823349, 0.7889966368675232]"
1248,MEDQA,0.004498975817114115,0.00032590472255833447,0.0035038061905652285,0.02016301080584526,0.9715083241462708,4,0.3590853214263916,False,"['PBMD', 'PBMD', 'PBMD', 'PBMD', 'PBMD']","[468502519163364372, 468502519163163040, 468502519163755682, 468502519163946363, 468502519163868128]","[0.7778290510177612, 0.7852277755737305, 0.7740651369094849, 0.7734998464584351, 0.8092365860939026]"
1249,MEDQA,0.006657685153186321,0.029837675392627716,0.320785254240036,0.5993057489395142,0.043413564562797546,3,0.5102748870849609,False,"['PBMD', 'PBMD', 'PBMD', 'PBMD', 'PBMD']","[468502519163314951, 468502519163639516, 468502519163346276, 468502519163361552, 468502519163944401]","[0.8114943504333496, 0.7972346544265747, 0.7939725518226624, 0.8038177490234375, 0.7962653040885925]"
1250,MEDQA,0.007463425863534212,0.0065864501520991325,0.033448755741119385,0.5928933620452881,0.359607994556427,1,0.30054306983947754,False,"['STAT', 'TEXT', 'TEXT', 'TEXT', 'STAT']","[468502519162445109, 468502519162395392, 468502519162339717, 468502519162340880, 468502519162906903]","[0.774040699005127, 0.7884835004806519, 0.772995114326477, 0.7846153974533081, 0.7765896320343018]"
1251,MEDQA,0.6850534677505493,0.05623261258006096,0.04962510988116264,0.15285609662532806,0.05623261258006096,0,0.35768938064575195,False,"['PBMD', 'PBMD', 'PBMD', 'PBMD', 'TEXT']","[468502519163303575, 468502519163278375, 468502519163329600, 468502519163679944, 468502519162342301]","[0.7463197112083435, 0.7587475776672363, 0.7540247440338135, 0.7464110255241394, 0.7490598559379578]"
1252,MEDQA,0.013654060661792755,0.9572235941886902,0.005023048259317875,0.012049666605889797,0.012049666605889797,1,0.37320876121520996,False,"['STAT', 'PBMD', 'TEXT', 'TEXT', 'PBMD']","[468502519162814126, 468502519163753914, 468502519162390966, 468502519162411051, 468502519163788346]","[0.7625552415847778, 0.7536498308181763, 0.7588388919830322, 0.7556478977203369, 0.7558019757270813]"
1253,MEDQA,0.004588515032082796,0.9908434152603149,0.002456055488437414,0.001314631663262844,0.0007973643951117992,1,0.37045907974243164,False,"['PBMD', 'TEXT', 'PBMD', 'STAT', 'PBMD']","[468502519163029914, 468502519162327132, 468502519163049485, 468502519162815933, 468502519163862636]","[0.7843751311302185, 0.7697767019271851, 0.765635073184967, 0.7718160152435303, 0.7888067960739136]"
1254,MEDQA,0.0009037281270138919,0.9910582304000854,0.00017795462918002158,0.00029339754837565124,0.007566823158413172,1,0.36846113204956055,False,"['TEXT', 'TEXT', 'TEXT', 'PBMD', 'PBMD']","[468502519162417537, 468502519162315848, 468502519162417538, 468502519163467548, 468502519163651319]","[0.8251791000366211, 0.8198971152305603, 0.8076959848403931, 0.8376905918121338, 0.8075675964355469]"
1255,MEDQA,0.1681508719921112,0.07942884415388107,0.4570814371109009,0.21590997278690338,0.07942884415388107,1,0.31614184379577637,False,"['PBMD', 'STAT', 'PBMD', 'PBMD', 'PBMD']","[468502519163291097, 468502519162838427, 468502519163673278, 468502519163354565, 468502519163707143]","[0.8144820928573608, 0.7915680408477783, 0.7860140204429626, 0.7927067875862122, 0.8030719757080078]"
1256,MEDQA,0.015276022255420685,0.1861000508069992,0.053318560123443604,0.009265376254916191,0.7360399961471558,1,0.32581543922424316,False,"['STAT', 'TEXT', 'PBMD', 'TEXT', 'STAT']","[468502519162988690, 468502519162379247, 468502519163509051, 468502519162295184, 468502519162948411]","[0.7818772196769714, 0.77995765209198, 0.7956688404083252, 0.7943688035011292, 0.7853848338127136]"
1257,MEDQA,0.008880107663571835,0.012920480221509933,0.021302271634340286,0.05110149085521698,0.9057956337928772,4,0.5154447555541992,False,"['TEXT', 'PBMD', 'STAT', 'PBMD', 'PBMD']","[468502519162413274, 468502519163124270, 468502519162749091, 468502519163169320, 468502519163793262]","[0.8021858334541321, 0.7756409049034119, 0.7756876945495605, 0.7728502750396729, 0.7748313546180725]"
1258,MEDQA,0.99068284034729,0.0035729603841900826,0.001687746960669756,0.0009033858077600598,0.0031531264539808035,0,0.46155524253845215,False,"['TEXT', 'PBMD', 'PBMD', 'PBMD', 'PBMD']","[468502519162327263, 468502519163892842, 468502519163944249, 468502519163692458, 468502519163343113]","[0.7911480665206909, 0.77016681432724, 0.775601327419281, 0.796671986579895, 0.7855353951454163]"
1259,MEDQA,0.009611694142222404,0.004540242720395327,0.9804194569587708,0.0035359447356313467,0.0018926548073068261,2,0.26930952072143555,False,"['STAT', 'STAT', 'STAT', 'STAT', 'STAT']","[468502519162926750, 468502519162490210, 468502519162490238, 468502519162718135, 468502519162719356]","[0.7735632658004761, 0.7659037709236145, 0.7712984681129456, 0.7729158997535706, 0.774627685546875]"
1260,MEDQA,0.31337305903434753,0.5166648030281067,0.054456066340208054,0.025723224505782127,0.08978287875652313,2,0.29403114318847656,False,"['PBMD', 'PBMD', 'PBMD', 'TEXT', 'PBMD']","[468502519163142928, 468502519163159383, 468502519163281474, 468502519162366857, 468502519163310984]","[0.7825096249580383, 0.7838559746742249, 0.7976927161216736, 0.77595055103302, 0.808451771736145]"
1261,MEDQA,0.002984248101711273,0.006317653227597475,0.019459741190075874,0.8274492621421814,0.1437891274690628,3,0.5118727684020996,False,"['PBMD', 'TEXT', 'PBMD', 'PBMD', 'PBMD']","[468502519163763406, 468502519162331925, 468502519163523925, 468502519163899266, 468502519163812863]","[0.7653338313102722, 0.7649458050727844, 0.7679851055145264, 0.7949646711349487, 0.7661982774734497]"
1262,MEDQA,0.6293533444404602,0.05853898078203201,0.09651446342468262,0.07516553997993469,0.14042772352695465,2,0.4612443447113037,False,"['PBMD', 'PBMD', 'PBMD', 'PBMD', 'PBMD']","[468502519163782000, 468502519163144106, 468502519163649351, 468502519163719759, 468502519163576679]","[0.8074085712432861, 0.7914800047874451, 0.7886325120925903, 0.7984252572059631, 0.7828536629676819]"
1263,MEDQA,0.0007882311474531889,0.0004780863528139889,0.001299573457799852,0.9794939756393433,0.017940059304237366,0,0.39528703689575195,False,"['TEXT', 'TEXT', 'PBMD', 'TEXT', 'PBMD']","[468502519162392811, 468502519162390570, 468502519163859660, 468502519162390647, 468502519163640297]","[0.7798179388046265, 0.7760416269302368, 0.7636361718177795, 0.7879346013069153, 0.7634727954864502]"
1264,MEDQA,0.01738809421658516,0.01534494012594223,0.06877125054597855,0.060690417885780334,0.8378053307533264,1,0.42310500144958496,False,"['PBMD', 'PBMD', 'TEXT', 'PBMD', 'PBMD']","[468502519163940099, 468502519163922895, 468502519162356049, 468502519163911005, 468502519163496720]","[0.7811413407325745, 0.7845407128334045, 0.7829850912094116, 0.7812840938568115, 0.7846322059631348]"
1265,MEDQA,0.031443435698747635,0.8109368681907654,0.024488171562552452,0.06656575202941895,0.06656575202941895,1,0.4922647476196289,False,"['PBMD', 'PBMD', 'PBMD', 'PBMD', 'TEXT']","[468502519163700543, 468502519163906239, 468502519163367662, 468502519163576023, 468502519162361527]","[0.7832338809967041, 0.7897570133209229, 0.7897270321846008, 0.7975683212280273, 0.7924047708511353]"
1266,MEDQA,0.0027101098094135523,0.0016437647864222527,0.0016437647864222527,0.9648659229278564,0.029136426746845245,2,0.5039052963256836,False,"['PBMD', 'PBMD', 'PBMD', 'PBMD', 'PBMD']","[468502519163747485, 468502519163525399, 468502519163816949, 468502519163894789, 468502519163657690]","[0.7833698391914368, 0.805363655090332, 0.7773325443267822, 0.7931896448135376, 0.7773314714431763]"
1267,MEDQA,0.14185982942581177,0.7204236388206482,0.0460551418364048,0.0246515404433012,0.067009836435318,1,0.42498040199279785,False,"['PBMD', 'PBMD', 'PBMD', 'PBMD', 'PBMD']","[468502519163761927, 468502519163921598, 468502519163539722, 468502519163719759, 468502519163164082]","[0.8004441261291504, 0.7849360704421997, 0.816745936870575, 0.7898508310317993, 0.7833268642425537]"
1268,MEDQA,0.021404024213552475,0.021404024213552475,0.045312318950891495,0.20307573676109314,0.7088039517402649,4,0.468397855758667,False,"['PBMD', 'PBMD', 'PBMD', 'PBMD', 'PBMD']","[468502519163019273, 468502519163824442, 468502519163292383, 468502519163994495, 468502519163041416]","[0.8313765525817871, 0.8091239929199219, 0.8094358444213867, 0.8145791888237, 0.8173381090164185]"
1269,MEDQA,0.2196907103061676,0.13324914872646332,0.2820884585380554,0.19387638568878174,0.17109529674053192,4,0.5886573791503906,False,"['PBMD', 'PBMD', 'PBMD', 'PBMD', 'PBMD']","[468502519163872852, 468502519163770138, 468502519163577474, 468502519163857495, 468502519163978855]","[0.7833420634269714, 0.7878201007843018, 0.7792455554008484, 0.7863689661026001, 0.786545991897583]"
1270,MEDQA,0.004231336060911417,0.9137141704559326,0.051548223942518234,0.006156557705253363,0.02434965781867504,2,0.40417981147766113,False,"['STAT', 'TEXT', 'PBMD', 'PBMD', 'PBMD']","[468502519162744130, 468502519162327317, 468502519163080677, 468502519163820833, 468502519163786461]","[0.8123496770858765, 0.781814455986023, 0.8013536930084229, 0.7730815410614014, 0.7883543968200684]"
1271,MEDQA,0.0008033693302422762,0.0002608158392831683,0.9983054399490356,0.0003348941681906581,0.0002955430536530912,2,0.38670873641967773,False,"['STAT', 'PBMD', 'TEXT', 'TEXT', 'PBMD']","[468502519162785882, 468502519163341271, 468502519162361512, 468502519162405236, 468502519163349520]","[0.7407240867614746, 0.741984486579895, 0.7368705868721008, 0.7354412078857422, 0.7520084381103516]"
1272,MEDQA,0.00042789464350789785,0.00042789464350789785,0.9933884143829346,0.0035827180836349726,0.0021730284206569195,2,0.4204442501068115,False,"['PBMD', 'PBMD', 'PBMD', 'PBMD', 'PBMD']","[468502519163461830, 468502519163285910, 468502519163386094, 468502519163189392, 468502519163130761]","[0.8133764863014221, 0.8004790544509888, 0.7999951839447021, 0.8205451965332031, 0.8114840984344482]"
