id,subject,probA,probB,probC,probD,result,answer,time,split,sources,ids,similarity
f73eedef-6191-47f0-ae23-2d16fff5e31c,Physiology,0.008056640625,0.010986328125,0.9296875,0.052490234375,True,C,0.032730817794799805,medmcqa_5,"['STAT', 'PBMD', 'PBMD']","[467572377850354369, 467572377853460109, 467572377852754405]","[0.813261866569519, 0.8102302551269531, 0.8096076250076294]"
7ee6add9-b943-4739-b95a-c67107cb5b55,Physiology,0.031982421875,0.2373046875,0.64453125,0.0869140625,False,B,0.0249631404876709,medmcqa_5,"['STAT', 'STAT', 'PBMD']","[467572377850298868, 467572377850750299, 467572377850829176]","[0.8231762051582336, 0.8082725405693054, 0.8053404092788696]"
f3e173d4-980d-4219-a594-7155446c4528,Physiology,0.58984375,0.19140625,0.1689453125,0.048583984375,False,B,0.03861403465270996,medmcqa_5,"['PBMD', 'STAT', 'TEXT']","[467572377854966492, 467572377850760836, 467523489549682176]","[0.8028459548950195, 0.7977026700973511, 0.7955909967422485]"
77020625-61bf-45a5-97f8-ac0c94d480a4,Physiology,0.000278472900390625,1.0,0.0002956390380859375,0.000518798828125,True,B,0.027091503143310547,medmcqa_5,"['STAT', 'PBMD', 'PBMD']","[467572377850391891, 467572377855124823, 467572377853203583]","[0.7235540747642517, 0.7226070165634155, 0.7164477705955505]"
847ac0d6-64fb-4327-93fb-ae9f2a2c4b80,Physiology,0.0135498046875,0.019775390625,0.94921875,0.016357421875,True,C,0.026768207550048828,medmcqa_5,"['TEXT', 'PBMD', 'STAT']","[467523489549949477, 467572377854266687, 467572377850790640]","[0.7358187437057495, 0.7344525456428528, 0.7247210741043091]"
f50da328-d36b-490c-a9ea-d486cb249bee,Physiology,0.07568359375,0.55859375,0.298828125,0.06689453125,True,B,0.032512664794921875,medmcqa_5,"['STAT', 'PBMD', 'PBMD']","[467572377850633723, 467572377854467258, 467572377855048577]","[0.8525369763374329, 0.8411921262741089, 0.8245800733566284]"
b375ac0a-fee9-4f58-8e21-4b5534667b61,Physiology,0.0966796875,0.00848388671875,0.55859375,0.337890625,True,C,0.033831119537353516,medmcqa_5,"['PBMD', 'PBMD', 'TEXT']","[467572377853291050, 467572377854525761, 467523489549953939]","[0.745891809463501, 0.7442123293876648, 0.7390516400337219]"
10a24de3-47bb-4ae1-9859-14873836ec6b,Physiology,0.1220703125,0.03955078125,0.546875,0.29296875,False,D,0.038150787353515625,medmcqa_5,"['TEXT', 'PBMD', 'TEXT']","[467523489549991550, 467572377853964116, 467523489549937906]","[0.7931419610977173, 0.7879793047904968, 0.7833976745605469]"
a4efb757-ec7f-4f69-a51e-a4585a851d6a,Physiology,0.0029754638671875,0.000705718994140625,0.99609375,0.001495361328125,True,C,0.03276658058166504,medmcqa_5,"['PBMD', 'PBMD', 'PBMD']","[467572377852659330, 467572377854358648, 467572377853515624]","[0.7989968657493591, 0.7761919498443604, 0.7720509171485901]"
13b6e541-aa69-4b50-b4d6-9af50cbb8aa9,Physiology,0.306640625,0.2109375,0.2109375,0.271484375,True,A,0.0341339111328125,medmcqa_5,"['STAT', 'PBMD', 'PBMD']","[467572377850382785, 467572377852076272, 467572377855711526]","[0.7741500735282898, 0.7700358629226685, 0.7619695663452148]"
8a7f180a-d10e-4b2b-ae57-3cc6e97f022a,Physiology,0.90625,0.037353515625,0.018798828125,0.037353515625,True,A,0.03338742256164551,medmcqa_5,"['TEXT', 'PBMD', 'TEXT']","[467523489549682213, 467572377853040592, 467523489549682142]","[0.8380495309829712, 0.8257216811180115, 0.814428448677063]"
b8d5faaf-fc26-43cf-8938-57e9cef3bc7d,Physiology,0.484375,0.427734375,0.0654296875,0.0213623046875,True,A,0.036557912826538086,medmcqa_5,"['PBMD', 'PBMD', 'PBMD']","[467572377852189852, 467572377853470707, 467572377854985432]","[0.7973083257675171, 0.794377326965332, 0.7928245067596436]"
83692d36-b8a1-4ce7-9d28-ea233ccb86c6,Physiology,0.349609375,0.04736328125,0.578125,0.025390625,True,C,0.02741861343383789,medmcqa_5,"['STAT', 'PBMD', 'PBMD']","[467572377850322800, 467572377854326274, 467572377850835532]","[0.7170405387878418, 0.699529230594635, 0.6939151287078857]"
b4f809c7-5795-4539-876c-10b5edd3f088,Physiology,0.59765625,0.03369140625,0.049072265625,0.3203125,True,A,0.03240847587585449,medmcqa_5,"['PBMD', 'PBMD', 'PBMD']","[467572377854002020, 467572377852728182, 467572377852214718]","[0.7704606652259827, 0.7697394490242004, 0.768545389175415]"
f3d737d6-a0df-4a32-8cd5-1b0d0cbe5211,Physiology,0.036376953125,0.390625,0.3046875,0.26953125,True,B,0.04567408561706543,medmcqa_5,"['PBMD', 'PBMD', 'PBMD']","[467572377856170585, 467572377854372508, 467572377852285680]","[0.7941333055496216, 0.7933826446533203, 0.7912884950637817]"
62eb368d-0730-4a2d-8b5c-09cef7f6f144,Physiology,0.07666015625,0.302734375,0.56640625,0.052734375,True,C,0.03827667236328125,medmcqa_5,"['PBMD', 'PBMD', 'PBMD']","[467572377854663207, 467572377854594970, 467572377854709133]","[0.7911508083343506, 0.7850566506385803, 0.7754782438278198]"
d1f589a8-5765-48a6-85e0-3fe0fee222fc,Physiology,0.0869140625,0.640625,0.267578125,0.003814697265625,False,C,0.03284502029418945,medmcqa_5,"['TEXT', 'STAT', 'STAT']","[467523489549990692, 467572377850749880, 467572377850710743]","[0.7409397959709167, 0.7395597696304321, 0.7361999154090881]"
78666cf5-64fe-476d-bcde-9d296d32e3f8,Physiology,0.1982421875,0.287109375,0.474609375,0.0390625,False,B,0.034734249114990234,medmcqa_5,"['PBMD', 'PBMD', 'PBMD']","[467572377854714284, 467572377854693556, 467572377855203509]","[0.793411374092102, 0.7728854417800903, 0.7625536918640137]"
03d2c494-117f-4700-958d-0f4d9cafdc69,Physiology,1.0,0.000553131103515625,0.00070953369140625,0.00019073486328125,True,A,0.04817771911621094,medmcqa_5,"['PBMD', 'PBMD', 'PBMD']","[467572377854462370, 467572377850798090, 467572377852363111]","[0.8589025735855103, 0.8321276903152466, 0.8318973779678345]"
8bb51b08-de49-4c3a-8f19-230323292a64,Physiology,0.0003566741943359375,0.00021648406982421875,0.0003566741943359375,1.0,True,D,0.03747749328613281,medmcqa_5,"['STAT', 'PBMD', 'STAT']","[467572377850225124, 467572377856295237, 467572377850285079]","[0.7976878881454468, 0.7872948050498962, 0.7850920557975769]"
46c48d4b-56ae-4ea0-8231-d4a16dda3553,Dental,0.000659942626953125,0.98828125,0.0020294189453125,0.008056640625,True,B,0.06156444549560547,medmcqa_5,"['PBMD', 'PBMD', 'PBMD']","[467572377855689456, 467572377854804038, 467572377855224472]","[0.8730193376541138, 0.8589030504226685, 0.8543381690979004]"
40961ae9-8d71-411c-b754-dd661236c8e0,Dental,0.06787109375,0.5,0.3046875,0.126953125,True,B,0.03260064125061035,medmcqa_5,"['PBMD', 'PBMD', 'PBMD']","[467572377854827117, 467572377855518007, 467572377850920540]","[0.7254893183708191, 0.7239481210708618, 0.7222257256507874]"
1a44c956-a7ce-410e-8a07-86a06e775fd6,Dental,0.000965118408203125,0.99609375,0.000705718994140625,0.0035858154296875,True,B,0.03792691230773926,medmcqa_5,"['TEXT', 'TEXT', 'PBMD']","[467523489549974963, 467523489549931056, 467572377856519205]","[0.8366528153419495, 0.8322895169258118, 0.8309586048126221]"
817bed24-6c30-481f-a793-f4ffac75e98f,Dental,0.3359375,0.3359375,0.2041015625,0.12353515625,False,B,0.02448272705078125,medmcqa_5,"['PBMD', 'PBMD', 'PBMD']","[467572377856640665, 467572377855957710, 467572377852263851]","[0.7582976818084717, 0.7569105625152588, 0.7530061602592468]"
554b22dc-cff1-4ae5-a455-61e16ca673e5,Dental,0.357421875,0.1689453125,0.357421875,0.1162109375,False,C,0.03348970413208008,medmcqa_5,"['PBMD', 'STAT', 'PBMD']","[467572377853672331, 467572377850363449, 467572377855254241]","[0.6653575897216797, 0.659537672996521, 0.6591132879257202]"
56c3ac96-1df4-441e-a0ef-a450b78c8f69,Dental,0.314453125,0.27734375,0.216796875,0.19140625,True,A,0.022100210189819336,medmcqa_5,"['STAT', 'STAT', 'STAT']","[467572377850772927, 467572377850315412, 467572377850247605]","[0.7901772260665894, 0.7839012145996094, 0.77377849817276]"
de465fd3-1d31-48af-a6c9-5bad3d863569,Dental,0.2890625,0.255859375,0.255859375,0.19921875,False,B,0.031987667083740234,medmcqa_5,"['PBMD', 'PBMD', 'PBMD']","[467572377855271626, 467572377852910447, 467572377852172346]","[0.7261948585510254, 0.7178511023521423, 0.7134304046630859]"
1718473b-e665-4698-8260-a3cafe53c010,Dental,0.3828125,0.04052734375,0.435546875,0.1416015625,False,D,0.025674104690551758,medmcqa_5,"['PBMD', 'STAT', 'PBMD']","[467572377852359889, 467572377850746865, 467572377856151652]","[0.8040703535079956, 0.797766923904419, 0.7802647352218628]"
17304376-6d26-4e05-b9a1-900636d60da7,Dental,0.34765625,0.447265625,0.060546875,0.14453125,False,A,0.025121450424194336,medmcqa_5,"['PBMD', 'PBMD', 'PBMD']","[467572377855607549, 467572377855724898, 467572377852755433]","[0.8222593069076538, 0.8218701481819153, 0.8040919303894043]"
bcb27ae4-085e-4a97-bf24-7d8d2b27ed91,Dental,0.0045166015625,0.97265625,0.01080322265625,0.01226806640625,True,B,0.02880406379699707,medmcqa_5,"['TEXT', 'PBMD', 'PBMD']","[467523489549986975, 467572377852811097, 467572377856683693]","[0.7836421132087708, 0.7385232448577881, 0.7361339330673218]"
722a716a-4683-4286-a827-58e5a6f0d4d4,Dental,0.037841796875,0.859375,0.02294921875,0.080078125,True,B,0.02542400360107422,medmcqa_5,"['STAT', 'PBMD', 'PBMD']","[467572377850782214, 467572377853694337, 467572377855348416]","[0.7105413675308228, 0.7091974020004272, 0.6979026198387146]"
5d3c78fb-4128-4a92-846f-fdc323f9f87b,Dental,0.0225830078125,0.0615234375,0.90234375,0.01287841796875,True,C,0.025053024291992188,medmcqa_5,"['PBMD', 'PBMD', 'PBMD']","[467572377855497227, 467572377854038777, 467572377853153908]","[0.7825509309768677, 0.7687498331069946, 0.7674100399017334]"
874f60ee-9d6a-4627-a5d7-ffbff2d7c17f,Dental,0.314453125,0.314453125,0.0546875,0.314453125,False,D,0.03296399116516113,medmcqa_5,"['PBMD', 'PBMD', 'PBMD']","[467572377854635578, 467572377852595122, 467572377855720644]","[0.8328705430030823, 0.8103740215301514, 0.7852779030799866]"
de00ead6-545f-4c86-9b69-97d33f48c9e7,Dental,0.0186767578125,0.0186767578125,0.95703125,0.006866455078125,True,C,0.03058624267578125,medmcqa_5,"['PBMD', 'PBMD', 'PBMD']","[467572377852494116, 467572377856420332, 467572377853758845]","[0.7724103331565857, 0.7561163902282715, 0.7554986476898193]"
73024892-41d0-424f-ad3d-102359c68f47,Dental,0.0157470703125,0.169921875,0.7578125,0.054931640625,False,B,0.03345489501953125,medmcqa_5,"['PBMD', 'PBMD', 'PBMD']","[467572377856151652, 467572377856772041, 467572377852991398]","[0.7502009272575378, 0.7486252188682556, 0.7442389726638794]"
746ad5de-4958-44ed-bea1-c119ad094d4b,Dental,0.28515625,0.322265625,0.1728515625,0.2216796875,False,D,0.03970527648925781,medmcqa_5,"['PBMD', 'PBMD', 'PBMD']","[467572377855081119, 467572377852513420, 467572377853806798]","[0.814150869846344, 0.8026648163795471, 0.7985532283782959]"
c4261b5a-aa7d-4cef-b343-aa20df2cd704,Dental,0.2294921875,0.4296875,0.2021484375,0.1396484375,False,C,0.02297377586364746,medmcqa_5,"['STAT', 'STAT', 'PBMD']","[467572377850624417, 467572377850624416, 467572377855550019]","[0.8091657161712646, 0.7903262376785278, 0.7864642143249512]"
bd906a5b-f739-47ab-8718-4eae42ee2d18,Dental,0.0712890625,0.46484375,0.055419921875,0.41015625,False,D,0.02614307403564453,medmcqa_5,"['PBMD', 'PBMD', 'PBMD']","[467572377853830875, 467572377853619384, 467572377854562096]","[0.711838960647583, 0.7071547508239746, 0.669314980506897]"
08b1e4f4-3e4a-4ef1-be0d-5de153d5afa4,Dental,0.08056640625,0.01239013671875,0.0380859375,0.8671875,True,D,0.02777409553527832,medmcqa_5,"['PBMD', 'PBMD', 'STAT']","[467572377854577908, 467572377853115015, 467572377850696546]","[0.7486240267753601, 0.7384714484214783, 0.7268639206886292]"
733d1052-272f-4e90-a0bc-da85a64a23ca,Dental,0.11572265625,0.66796875,0.19140625,0.02587890625,True,B,0.026859521865844727,medmcqa_5,"['PBMD', 'STAT', 'STAT']","[467572377856640530, 467572377850746874, 467572377850388588]","[0.7623136043548584, 0.7531174421310425, 0.7501880526542664]"
63153a87-da1d-4fc0-85cb-c4a68b21ba76,Surgery,0.2265625,0.12158203125,0.034912109375,0.6171875,True,D,0.02439117431640625,medmcqa_5,"['STAT', 'PBMD', 'TEXT']","[467572377850651519, 467572377850992778, 467523489549956151]","[0.7842397689819336, 0.7807630300521851, 0.779853880405426]"
7271fcc1-9019-4288-bb5b-ba13685593be,Surgery,0.6484375,0.1279296875,0.1640625,0.060302734375,True,A,0.03141474723815918,medmcqa_5,"['PBMD', 'STAT', 'PBMD']","[467572377856592301, 467572377850411365, 467572377855691737]","[0.8411055207252502, 0.80216383934021, 0.8013061285018921]"
5e39ae63-42b3-4451-8697-136a4ddb3abf,Surgery,0.00116729736328125,0.99609375,0.00180816650390625,0.000179290771484375,False,C,0.025743722915649414,medmcqa_5,"['PBMD', 'PBMD', 'PBMD']","[467572377853802220, 467572377852460901, 467572377850813521]","[0.792020320892334, 0.7850093841552734, 0.7835220098495483]"
23c79ac1-bc4d-4171-8c70-e63e52938ac7,Surgery,0.04150390625,0.9453125,0.01190185546875,0.001251220703125,False,A,0.036293983459472656,medmcqa_5,"['PBMD', 'PBMD', 'PBMD']","[467572377856604680, 467572377852763605, 467572377852388121]","[0.8046990633010864, 0.8012498617172241, 0.7999035120010376]"
6fe5a684-db90-485b-8fb9-6284298c4e9b,Surgery,0.103515625,0.46484375,0.0712890625,0.361328125,False,C,0.03606986999511719,medmcqa_5,"['PBMD', 'PBMD', 'PBMD']","[467572377852584120, 467572377856849258, 467572377853141292]","[0.7879021167755127, 0.7684693932533264, 0.7666439414024353]"
9e84db13-5f12-498c-af27-5ce8c490bebe,Surgery,0.005126953125,0.9765625,0.01019287109375,0.0079345703125,True,B,0.0348660945892334,medmcqa_5,"['PBMD', 'PBMD', 'PBMD']","[467572377856633719, 467572377853118247, 467572377852723180]","[0.7837226390838623, 0.7821974158287048, 0.7812849283218384]"
19fe8a6d-1258-4e3f-915c-9df28fa3445b,Surgery,0.1328125,0.28125,0.52734375,0.05908203125,True,C,0.03118109703063965,medmcqa_5,"['PBMD', 'PBMD', 'PBMD']","[467572377852840390, 467572377851009325, 467572377852167705]","[0.8202694058418274, 0.8124435544013977, 0.8109564781188965]"
3de5dd79-52f9-4365-a310-0e3a3a4f6d21,Surgery,0.004058837890625,0.9921875,0.0023040771484375,0.00191497802734375,True,B,0.03208208084106445,medmcqa_5,"['PBMD', 'PBMD', 'PBMD']","[467572377853478646, 467572377852902121, 467572377852694732]","[0.8054177761077881, 0.8051086664199829, 0.7984226942062378]"
74c0292e-a07f-41ed-8cde-966664aae7ca,Surgery,0.51171875,0.212890625,0.12890625,0.146484375,True,A,0.022817134857177734,medmcqa_5,"['PBMD', 'PBMD', 'STAT']","[467572377852736177, 467572377850846548, 467572377850252964]","[0.7357580065727234, 0.713899552822113, 0.7096377015113831]"
3f064489-726b-4676-a436-1002a1485fa0,Surgery,0.000911712646484375,1.0,0.000335693359375,0.00021648406982421875,True,B,0.04109811782836914,medmcqa_5,"['PBMD', 'PBMD', 'PBMD']","[467572377855167231, 467572377852134182, 467572377853196282]","[0.7518593072891235, 0.7203431129455566, 0.7098168730735779]"
d9925669-4bc2-4304-b400-8aa7cc0ebb55,Surgery,0.095703125,0.80078125,0.095703125,0.0089111328125,True,B,0.024871349334716797,medmcqa_5,"['PBMD', 'PBMD', 'PBMD']","[467572377855753179, 467572377853391260, 467572377854236399]","[0.7496132850646973, 0.7485467791557312, 0.7485396862030029]"
fb29042f-5aa1-4e66-a5ca-c14e88521531,Surgery,0.47265625,0.0927734375,0.416015625,0.018310546875,False,C,0.02756214141845703,medmcqa_5,"['PBMD', 'PBMD', 'PBMD']","[467572377853917846, 467572377852588539, 467572377852604549]","[0.8023971319198608, 0.7990297079086304, 0.7965541481971741]"
488e7a16-c150-4517-8108-943e8f6255b6,Surgery,0.33984375,0.024658203125,0.55859375,0.07568359375,True,C,0.02680516242980957,medmcqa_5,"['STAT', 'PBMD', 'PBMD']","[467572377850691559, 467572377855352577, 467572377854237856]","[0.7909417748451233, 0.7350489497184753, 0.7324512004852295]"
23e62908-f36c-43e2-97d1-4d8fb4a9da22,Surgery,0.041259765625,0.9375,0.01422119140625,0.00762939453125,True,B,0.023795604705810547,medmcqa_5,"['STAT', 'STAT', 'STAT']","[467572377850691496, 467572377850691495, 467572377850334882]","[0.842183530330658, 0.7856449484825134, 0.7643694281578064]"
4ce21880-2a83-4913-941c-62751642c1f0,Surgery,0.10546875,0.25390625,0.41796875,0.2236328125,True,C,0.023896455764770508,medmcqa_5,"['PBMD', 'PBMD', 'PBMD']","[467572377853159057, 467572377856298551, 467572377850961760]","[0.8614816665649414, 0.8574288487434387, 0.8529003858566284]"
919acd5c-4d64-4d78-8b39-428581ede0f3,Surgery,0.1748046875,0.1748046875,0.609375,0.0390625,False,D,0.04660320281982422,medmcqa_5,"['PBMD', 'PBMD', 'PBMD']","[467572377852444749, 467572377855167286, 467572377854488111]","[0.7807329297065735, 0.7671679854393005, 0.7622116208076477]"
88fd153e-860d-482a-a3af-d0d1091f92d8,Surgery,0.025634765625,0.21484375,0.01068115234375,0.75,True,D,0.03230643272399902,medmcqa_5,"['PBMD', 'PBMD', 'PBMD']","[467572377852890399, 467572377853221353, 467572377853115641]","[0.8236627578735352, 0.8235718607902527, 0.8196754455566406]"
1954d1b1-1c75-4ac2-bab1-ca73ebb3c4d1,Surgery,0.1552734375,0.09423828125,0.61328125,0.13671875,True,C,0.02507925033569336,medmcqa_5,"['PBMD', 'PBMD', 'PBMD']","[467572377854361616, 467572377855774238, 467572377852608438]","[0.7342548966407776, 0.7330424189567566, 0.7327958941459656]"
b6e5c783-8b3e-4957-b3bc-77cec94a79e0,Surgery,0.01190185546875,0.9453125,0.03662109375,0.004974365234375,True,B,0.025667905807495117,medmcqa_5,"['PBMD', 'PBMD', 'STAT']","[467572377854698719, 467572377853912073, 467572377850694694]","[0.8049169778823853, 0.8033520579338074, 0.7907892465591431]"
0e3200da-551b-4629-8e45-4be0f47e52e2,Surgery,0.0035858154296875,0.99609375,0.00090789794921875,0.00131988525390625,True,B,0.03881406784057617,medmcqa_5,"['PBMD', 'PBMD', 'PBMD']","[467572377853352180, 467572377856873664, 467572377853449076]","[0.7777641415596008, 0.7700023055076599, 0.7670462131500244]"
f0e42fb2-261a-4d8f-a652-63cece2e59fc,Orthopaedics,0.048583984375,0.31640625,0.31640625,0.31640625,False,D,0.03226304054260254,medmcqa_5,"['PBMD', 'PBMD', 'PBMD']","[467572377853709834, 467572377854766017, 467572377856590569]","[0.8475077152252197, 0.8387004733085632, 0.8314271569252014]"
81624899-2b15-45bd-833c-0e7b1132102e,Orthopaedics,0.66015625,0.0255126953125,0.310546875,0.0034637451171875,True,A,0.024967193603515625,medmcqa_5,"['PBMD', 'PBMD', 'PBMD']","[467572377852208895, 467572377856718435, 467572377854254523]","[0.7727261185646057, 0.7349022626876831, 0.7330738306045532]"
b5a99fb4-e815-47b2-bf7e-638ce63bb777,Orthopaedics,0.298828125,0.232421875,0.205078125,0.263671875,True,A,0.027651309967041016,medmcqa_5,"['PBMD', 'STAT', 'PBMD']","[467572377855197130, 467572377850754024, 467572377856620758]","[0.8166905045509338, 0.8029661774635315, 0.7761735916137695]"
a6dea512-081e-4e96-bbbc-d74f768a9cc7,Orthopaedics,0.003143310546875,0.0033416748046875,0.00799560546875,0.984375,True,D,0.026740074157714844,medmcqa_5,"['PBMD', 'PBMD', 'PBMD']","[467572377855050327, 467572377852556173, 467572377854573102]","[0.8215590119361877, 0.818916916847229, 0.8127098679542542]"
7f11f565-412a-49c0-be95-87e370aef40c,Orthopaedics,0.482421875,0.0576171875,0.375,0.083984375,True,A,0.02697920799255371,medmcqa_5,"['PBMD', 'PBMD', 'PBMD']","[467572377853911867, 467572377853070986, 467572377854081356]","[0.7999747395515442, 0.7923579216003418, 0.783272385597229]"
053f73df-b721-450d-8818-463fb7118169,Orthopaedics,0.99609375,0.0001678466796875,0.004058837890625,3.743171691894531e-05,True,A,0.03198528289794922,medmcqa_5,"['STAT', 'PBMD', 'PBMD']","[467572377850701688, 467572377856433459, 467572377853570381]","[0.7391727566719055, 0.7316797375679016, 0.724090039730072]"
92842d2e-445c-4f22-a01b-4af461a69332,Orthopaedics,0.16015625,0.81640625,0.0203857421875,0.0040283203125,False,A,0.03340339660644531,medmcqa_5,"['PBMD', 'PBMD', 'PBMD']","[467572377855654307, 467572377853595844, 467572377853395256]","[0.7269871234893799, 0.7064541578292847, 0.698110818862915]"
27873f75-9c2c-4f24-b8d1-15dac00577c3,Orthopaedics,0.365234375,0.322265625,0.09228515625,0.2216796875,True,A,0.023915529251098633,medmcqa_5,"['PBMD', 'TEXT', 'PBMD']","[467572377852213393, 467523489550009304, 467572377855604074]","[0.741555392742157, 0.7405860424041748, 0.7392524480819702]"
331d7b40-ea9c-4541-800b-c94d05bb006f,Orthopaedics,0.037353515625,0.8515625,0.0791015625,0.031005859375,True,B,0.029993295669555664,medmcqa_5,"['PBMD', 'PBMD', 'PBMD']","[467572377854987863, 467572377853460777, 467572377854229148]","[0.8076072931289673, 0.7876849174499512, 0.7876505851745605]"
16a5e613-6b77-4acd-8784-66101047b41d,Orthopaedics,0.95703125,0.00112152099609375,0.001434326171875,0.0419921875,True,A,0.02520895004272461,medmcqa_5,"['STAT', 'STAT', 'STAT']","[467572377850381904, 467572377850622246, 467572377850381880]","[0.8135581016540527, 0.7979081869125366, 0.7946556806564331]"
16af4736-4a64-47e3-8fde-a840c016dba9,Orthopaedics,0.220703125,0.36328125,0.1943359375,0.220703125,True,B,0.023919105529785156,medmcqa_5,"['PBMD', 'PBMD', 'STAT']","[467572377852918935, 467572377856261664, 467572377850673276]","[0.7650327086448669, 0.7638193964958191, 0.7598645687103271]"
8faa8605-6516-4e35-ae42-1dc2d22a7b47,Orthopaedics,0.0027618408203125,0.984375,0.01092529296875,0.00051116943359375,True,B,0.03957843780517578,medmcqa_5,"['PBMD', 'PBMD', 'PBMD']","[467572377854485301, 467572377855916815, 467572377853122733]","[0.8146474957466125, 0.8038619756698608, 0.8020287752151489]"
042e5c21-4b4a-4fc5-adca-0511ffd7abb3,Orthopaedics,0.125,0.33984375,0.30078125,0.234375,False,D,0.02802753448486328,medmcqa_5,"['PBMD', 'PBMD', 'PBMD']","[467572377854271505, 467572377856202086, 467572377852712684]","[0.7675050497055054, 0.7616874575614929, 0.7531380653381348]"
d3532dc5-4fb8-451a-9fcd-b0c68f90af50,Orthopaedics,0.00070953369140625,0.0013275146484375,0.99609375,1.1444091796875e-05,True,C,0.028817415237426758,medmcqa_5,"['PBMD', 'PBMD', 'PBMD']","[467572377852481316, 467572377854516513, 467572377853044165]","[0.7997052669525146, 0.6912320852279663, 0.6903401613235474]"
e60901da-eaa2-4707-8857-ad6cb46fb4e8,Orthopaedics,0.37890625,0.203125,0.294921875,0.123046875,True,A,0.0268709659576416,medmcqa_5,"['STAT', 'STAT', 'STAT']","[467572377850747938, 467572377850292184, 467572377850691390]","[0.7253232002258301, 0.7190693616867065, 0.7184184789657593]"
d2a541e7-3739-439a-a987-a54a3a2c1a4e,Orthopaedics,0.001495361328125,0.00075531005859375,0.99609375,0.00102996826171875,True,C,0.02768540382385254,medmcqa_5,"['PBMD', 'PBMD', 'STAT']","[467572377852892111, 467572377854839944, 467572377850298086]","[0.880885124206543, 0.8605809211730957, 0.85813307762146]"
66b893d8-e82a-41a6-b1d5-2b466a43184e,Orthopaedics,0.25390625,0.41796875,0.10546875,0.2236328125,False,D,0.02723860740661621,medmcqa_5,"['PBMD', 'PBMD', 'PBMD']","[467572377855681523, 467572377852287370, 467572377852855679]","[0.7544980049133301, 0.7543318867683411, 0.7521917223930359]"
3cdb8bec-d78d-4649-b4cb-39b0efa7c9dc,Orthopaedics,0.11572265625,0.7578125,0.09033203125,0.03759765625,True,B,0.027047157287597656,medmcqa_5,"['PBMD', 'PBMD', 'PBMD']","[467572377852318686, 467572377855087306, 467572377856758287]","[0.7199228405952454, 0.7139143347740173, 0.7114554643630981]"
47524498-d41c-43bc-b803-36fdd86aadf8,Orthopaedics,0.1845703125,0.443359375,0.026611328125,0.345703125,True,B,0.02550959587097168,medmcqa_5,"['STAT', 'STAT', 'PBMD']","[467572377850390606, 467572377850230992, 467572377856724038]","[0.7832400798797607, 0.7826312780380249, 0.7671005129814148]"
ad6d4463-55ce-4730-9644-a955dbe0d286,Orthopaedics,0.2197265625,0.765625,0.0115966796875,0.003326416015625,False,A,0.025336027145385742,medmcqa_5,"['PBMD', 'PBMD', 'PBMD']","[467572377854769679, 467572377854061927, 467572377855642472]","[0.8020477294921875, 0.7852405309677124, 0.7781627774238586]"
77b52b20-9ba2-46c3-8958-bb586d7c1122,Pharmacology,0.6796875,0.1953125,0.1181640625,0.006256103515625,True,A,0.03241086006164551,medmcqa_5,"['PBMD', 'PBMD', 'PBMD']","[467572377852067570, 467572377853088557, 467572377852955191]","[0.8263229727745056, 0.822335958480835, 0.8201578855514526]"
28536da6-3e58-4cbf-9760-1dc0bc4ebefb,Pharmacology,0.9453125,0.0267333984375,0.0267333984375,0.0020599365234375,True,A,0.040497541427612305,medmcqa_5,"['PBMD', 'PBMD', 'PBMD']","[467572377853634677, 467572377854380017, 467572377854488013]","[0.7025433778762817, 0.6992233395576477, 0.6961836218833923]"
7a2bf7a8-3f3d-4a8b-8b34-7d133fe35f33,Pharmacology,0.07373046875,0.0186767578125,0.90234375,0.006866455078125,True,C,0.026448726654052734,medmcqa_5,"['STAT', 'PBMD', 'STAT']","[467572377850751955, 467572377854096044, 467572377850232212]","[0.8001700043678284, 0.7962632179260254, 0.7811139225959778]"
027fa9d0-0e6a-4519-9854-d61b3b3f49a1,Pharmacology,0.0123291015625,0.98046875,0.006195068359375,0.00167083740234375,True,B,0.025695323944091797,medmcqa_5,"['PBMD', 'PBMD', 'PBMD']","[467572377852854815, 467572377853405025, 467572377855140686]","[0.8708217144012451, 0.8246815800666809, 0.8146753907203674]"
91443c03-189a-4330-8f1f-7cbfd8837a42,Pharmacology,0.98046875,0.01397705078125,0.0031280517578125,0.0015716552734375,True,A,0.031278133392333984,medmcqa_5,"['PBMD', 'PBMD', 'PBMD']","[467572377854748759, 467572377852801548, 467572377853993902]","[0.8010993003845215, 0.7962913513183594, 0.7925598621368408]"
0f845486-80ba-4c50-b2e6-f3e1214c8b05,Pharmacology,0.0390625,0.890625,0.0126953125,0.056884765625,True,B,0.0262603759765625,medmcqa_5,"['STAT', 'PBMD', 'STAT']","[467572377850758156, 467572377855315002, 467572377850662715]","[0.8025051355361938, 0.7929217219352722, 0.7851920127868652]"
6b099df3-7705-42a8-8002-74ca88326904,Pharmacology,0.03125,0.04833984375,0.0089111328125,0.91015625,True,D,0.037517547607421875,medmcqa_5,"['PBMD', 'PBMD', 'PBMD']","[467572377850978730, 467572377850957939, 467572377854394625]","[0.7923775911331177, 0.7874435186386108, 0.7750550508499146]"
3f37b840-2abd-4048-bd25-dfcddb5fbf7d,Pharmacology,0.1328125,0.150390625,0.671875,0.045654296875,False,D,0.026409149169921875,medmcqa_5,"['PBMD', 'PBMD', 'PBMD']","[467572377853447608, 467572377852073756, 467572377854775011]","[0.8400142192840576, 0.8223977088928223, 0.8183095455169678]"
46a664e8-d4a2-435b-9991-1a21ecb9f619,Pharmacology,0.330078125,0.03955078125,0.6171875,0.01202392578125,False,A,0.03862166404724121,medmcqa_5,"['STAT', 'PBMD', 'PBMD']","[467572377850774214, 467572377856656527, 467572377856026349]","[0.7851593494415283, 0.7844265103340149, 0.7678714990615845]"
3e3f49f5-38a0-4513-94cb-85a3249fcb77,Pharmacology,0.1689453125,0.458984375,0.31640625,0.054931640625,True,B,0.03926348686218262,medmcqa_5,"['PBMD', 'PBMD', 'PBMD']","[467572377850794790, 467572377852144129, 467572377855240844]","[0.747384250164032, 0.7458171248435974, 0.736431360244751]"
505e84d4-0eae-4de9-8861-c726fde461f6,Pharmacology,0.0147705078125,0.01153564453125,0.05859375,0.9140625,True,D,0.024852991104125977,medmcqa_5,"['PBMD', 'PBMD', 'PBMD']","[467572377853509326, 467572377852168331, 467572377853544244]","[0.8209701180458069, 0.8096712231636047, 0.8002431392669678]"
54c50a3d-fd53-42a1-8864-5c2e3f17bc7c,Pharmacology,0.0113525390625,0.021240234375,0.0064697265625,0.9609375,True,D,0.034545183181762695,medmcqa_5,"['PBMD', 'PBMD', 'PBMD']","[467572377853894811, 467572377853169644, 467572377856705523]","[0.77315753698349, 0.7647671103477478, 0.763950526714325]"
b2b5499b-f29d-4854-ba85-2c56496f021a,Pharmacology,0.01153564453125,0.9765625,0.009033203125,0.00177001953125,True,B,0.02795720100402832,medmcqa_5,"['STAT', 'STAT', 'STAT']","[467572377850276912, 467572377850396612, 467572377850385835]","[0.8278923034667969, 0.7758650779724121, 0.7488054037094116]"
307256f0-1f9f-4359-94fb-16d12c7b8fe1,Pharmacology,0.1396484375,0.095703125,0.1396484375,0.625,True,D,0.022084474563598633,medmcqa_5,"['STAT', 'STAT', 'PBMD']","[467572377850309952, 467572377850723923, 467572377854917433]","[0.7706621885299683, 0.7580318450927734, 0.7561824321746826]"
9c94431a-e053-465f-b389-3a6e381df358,Pharmacology,0.0008544921875,0.0003795623779296875,1.0,7.963180541992188e-05,True,C,0.032351016998291016,medmcqa_5,"['STAT', 'STAT', 'PBMD']","[467572377850637360, 467572377850637362, 467572377852470431]","[0.7713049650192261, 0.763730525970459, 0.7616756558418274]"
e05f3977-ef1b-4ae1-bd99-50f2aa833ffc,Pharmacology,0.36328125,0.59765625,0.03369140625,0.006622314453125,True,B,0.0484471321105957,medmcqa_5,"['PBMD', 'STAT', 'PBMD']","[467572377854345576, 467572377850688081, 467572377856534481]","[0.8061522245407104, 0.8011293411254883, 0.7718650102615356]"
bcdb324f-73e6-47c7-a5da-08cb3373a0b8,Pharmacology,0.06103515625,0.02880859375,0.166015625,0.7421875,True,D,0.025014638900756836,medmcqa_5,"['PBMD', 'PBMD', 'PBMD']","[467572377855240412, 467572377853264283, 467572377852821728]","[0.8147920370101929, 0.8052862882614136, 0.8034411072731018]"
d22c72c1-46a3-47aa-9732-0957b3585cf0,Pharmacology,0.9921875,0.008544921875,0.0003757476806640625,0.00011491775512695312,True,A,0.024852514266967773,medmcqa_5,"['PBMD', 'PBMD', 'STAT']","[467572377854930629, 467572377850946902, 467572377850652788]","[0.7646524906158447, 0.7640566825866699, 0.7625707387924194]"
32a850f4-102a-4d60-b54d-9829ddf60f55,Pharmacology,0.36328125,0.10400390625,0.006622314453125,0.52734375,True,D,0.027014732360839844,medmcqa_5,"['STAT', 'STAT', 'STAT']","[467572377850310971, 467572377850242744, 467572377850662955]","[0.8146714568138123, 0.7667640447616577, 0.7615994811058044]"
13e46876-2344-440c-af26-5b73722f4931,Pharmacology,0.01348876953125,0.032470703125,0.9453125,0.00872802734375,True,C,0.023932933807373047,medmcqa_5,"['PBMD', 'PBMD', 'PBMD']","[467572377854309236, 467572377853618139, 467572377856074355]","[0.8065664768218994, 0.7998102903366089, 0.7970514893531799]"
eb3c2655-40d5-48c2-a4bd-3970abe8227a,Social & Preventive Medicine,0.04931640625,0.134765625,0.134765625,0.68359375,True,D,0.033826351165771484,medmcqa_5,"['PBMD', 'STAT', 'PBMD']","[467572377852794140, 467572377850786028, 467572377855179985]","[0.8455954194068909, 0.8402464389801025, 0.8355709910392761]"
b3159ebc-ecaa-47d2-b7c0-1d0c263892ad,Social & Preventive Medicine,0.000335693359375,1.0,0.00058746337890625,0.000457763671875,True,B,0.02422356605529785,medmcqa_5,"['PBMD', 'PBMD', 'PBMD']","[467572377852046496, 467572377850999572, 467572377854734501]","[0.8350868225097656, 0.8243390917778015, 0.8108367919921875]"
762f5e16-f8b4-4102-802a-03740253a99c,Social & Preventive Medicine,0.44140625,0.126953125,0.267578125,0.1630859375,False,B,0.027415752410888672,medmcqa_5,"['STAT', 'STAT', 'PBMD']","[467572377850688901, 467572377850287458, 467572377853272971]","[0.8722152709960938, 0.8555001616477966, 0.828127384185791]"
fe1ac9e2-fb1d-491a-97b0-6ab1ac5a34a0,Social & Preventive Medicine,0.11279296875,0.6484375,0.185546875,0.05322265625,False,C,0.02835392951965332,medmcqa_5,"['TEXT', 'PBMD', 'PBMD']","[467523489549948783, 467572377854012053, 467572377854089827]","[0.7465767860412598, 0.7320845127105713, 0.7302928566932678]"
dad3b089-6bda-4334-9174-779abca0bf1d,Social & Preventive Medicine,0.033935546875,0.08154296875,0.875,0.007598876953125,True,C,0.03632497787475586,medmcqa_5,"['PBMD', 'PBMD', 'PBMD']","[467572377853552061, 467572377852163709, 467572377854327147]","[0.7688239216804504, 0.7662390470504761, 0.762911319732666]"
14908a70-2f2f-45c7-b13d-732d5d529da1,Social & Preventive Medicine,0.054931640625,0.458984375,0.1689453125,0.31640625,True,B,0.038605451583862305,medmcqa_5,"['PBMD', 'PBMD', 'PBMD']","[467572377850966327, 467572377856743436, 467572377856345551]","[0.8001304864883423, 0.7815148830413818, 0.7783652544021606]"
c6ad6205-d55b-4fa7-8337-d8e897f07554,Social & Preventive Medicine,0.08056640625,0.4375,0.181640625,0.30078125,True,B,0.03354477882385254,medmcqa_5,"['PBMD', 'PBMD', 'PBMD']","[467572377856627251, 467572377853801277, 467572377853043582]","[0.8422771692276001, 0.8383602499961853, 0.8355667591094971]"
da3716b6-019d-4d4d-8af1-22b586ce11e0,Social & Preventive Medicine,0.82421875,0.059814453125,0.03857421875,0.07666015625,True,A,0.036054372787475586,medmcqa_5,"['PBMD', 'PBMD', 'PBMD']","[467572377855356571, 467572377855081871, 467572377855960947]","[0.7689287066459656, 0.7654327154159546, 0.7557135820388794]"
56601e96-ed43-4630-b087-4e9c071ac494,Social & Preventive Medicine,0.1376953125,0.7890625,0.06494140625,0.00775146484375,True,B,0.027185678482055664,medmcqa_5,"['STAT', 'STAT', 'TEXT']","[467572377850730520, 467572377850401254, 467523489549930915]","[0.7730295658111572, 0.768951416015625, 0.7504204511642456]"
521e6628-634d-4bb7-8e87-7b8274dea19a,Social & Preventive Medicine,0.0177001953125,0.80078125,0.07421875,0.1083984375,True,B,0.03946042060852051,medmcqa_5,"['PBMD', 'PBMD', 'PBMD']","[467572377855721653, 467572377853274053, 467572377856936846]","[0.7763744592666626, 0.7706718444824219, 0.769698977470398]"
fa0a673f-f528-480d-9ff4-82dcb6f0f433,Social & Preventive Medicine,0.5234375,0.1328125,0.193359375,0.150390625,True,A,0.03744983673095703,medmcqa_5,"['PBMD', 'PBMD', 'PBMD']","[467572377856023294, 467572377856761777, 467572377856723328]","[0.7525901198387146, 0.7498016953468323, 0.730880618095398]"
2fdf6fb2-27c1-4d97-b070-3033edacc6e6,Social & Preventive Medicine,0.59375,0.1708984375,0.21875,0.014892578125,False,B,0.03524923324584961,medmcqa_5,"['PBMD', 'PBMD', 'PBMD']","[467572377852318883, 467572377854993922, 467572377852927311]","[0.8072270154953003, 0.7912049293518066, 0.7879129648208618]"
068bf288-2db6-4b3e-9d7a-96613a943117,Social & Preventive Medicine,0.00311279296875,0.0108642578125,0.00848388671875,0.9765625,True,D,0.025785446166992188,medmcqa_5,"['PBMD', 'PBMD', 'PBMD']","[467572377856674725, 467572377855982027, 467572377856885895]","[0.7587062120437622, 0.7140166163444519, 0.6982300281524658]"
58a52e4a-5daf-41c4-a865-cb2318ed162e,Social & Preventive Medicine,0.126953125,0.5703125,0.119140625,0.1845703125,True,B,0.0319514274597168,medmcqa_5,"['PBMD', 'PBMD', 'PBMD']","[467572377852959277, 467572377856150587, 467572377852099814]","[0.7415803670883179, 0.7313562035560608, 0.7284063696861267]"
61ae2742-29c1-4bd2-96ba-46cb46e9013c,Social & Preventive Medicine,0.2236328125,0.326171875,0.197265625,0.25390625,False,A,0.03370547294616699,medmcqa_5,"['STAT', 'PBMD', 'PBMD']","[467572377850225933, 467572377855636208, 467572377852086686]","[0.7258842587471008, 0.6696863770484924, 0.6652168035507202]"
89ac5f84-87b7-4308-a32a-6e1787bc0522,Social & Preventive Medicine,0.0036773681640625,0.037109375,0.95703125,0.00144195556640625,True,C,0.03211355209350586,medmcqa_5,"['PBMD', 'PBMD', 'PBMD']","[467572377855475348, 467572377856746998, 467572377852075924]","[0.6932002902030945, 0.6862208843231201, 0.6789632439613342]"
eaf93b56-8abb-4858-bc17-a04470673daf,Social & Preventive Medicine,0.00994873046875,0.06494140625,0.027099609375,0.8984375,True,D,0.02662825584411621,medmcqa_5,"['PBMD', 'PBMD', 'PBMD']","[467572377852864133, 467572377853284140, 467572377854925564]","[0.7506512403488159, 0.750039279460907, 0.739701509475708]"
2ad10582-e44c-455a-a1ed-dea2a90aacbd,Social & Preventive Medicine,0.08935546875,0.1015625,0.66015625,0.1474609375,True,C,0.03177452087402344,medmcqa_5,"['PBMD', 'PBMD', 'PBMD']","[467572377854674277, 467572377854288868, 467572377854178990]","[0.6808616518974304, 0.6719479560852051, 0.660518229007721]"
cfd50ceb-bc3a-48a3-aaee-ef7169690cad,Social & Preventive Medicine,0.1552734375,0.2255859375,0.328125,0.291015625,False,B,0.0353085994720459,medmcqa_5,"['STAT', 'PBMD', 'PBMD']","[467572377850417355, 467572377855823031, 467572377852555258]","[0.7682050466537476, 0.7537228465080261, 0.7489246129989624]"
b6b37b96-384a-415a-ad6a-a66584a7de9c,Social & Preventive Medicine,0.0033111572265625,0.00482177734375,0.0167236328125,0.9765625,True,D,0.02425980567932129,medmcqa_5,"['STAT', 'STAT', 'PBMD']","[467572377850394822, 467572377850344511, 467572377856178108]","[0.6705088019371033, 0.6648816466331482, 0.657414436340332]"
b9d5fd73-8752-4ba7-9c95-34ab3c13f8f5,Anatomy,0.0048828125,0.00335693359375,0.9921875,0.0009613037109375,True,C,0.024403095245361328,medmcqa_5,"['PBMD', 'STAT', 'PBMD']","[467572377852530203, 467572377850629513, 467572377853470341]","[0.8081849217414856, 0.7796200513839722, 0.777755081653595]"
412d1d48-d75f-46d9-b404-5427b07e1815,Anatomy,0.88671875,0.056640625,0.04150390625,0.0152587890625,True,A,0.03226208686828613,medmcqa_5,"['PBMD', 'TEXT', 'PBMD']","[467572377851000677, 467523489549989148, 467572377853113313]","[0.7758729457855225, 0.7626827955245972, 0.7537158727645874]"
b0386b8d-d1df-4a55-95d0-0f6eb7595aeb,Anatomy,0.043701171875,0.1728515625,0.53125,0.251953125,True,C,0.03012681007385254,medmcqa_5,"['STAT', 'TEXT', 'STAT']","[467572377850388092, 467523489549676334, 467572377850631537]","[0.8571823239326477, 0.8443411588668823, 0.8222231864929199]"
d084690e-3993-4781-acf6-a8787d17f219,Anatomy,0.16015625,0.205078125,0.55859375,0.07568359375,False,B,0.02616715431213379,medmcqa_5,"['PBMD', 'PBMD', 'PBMD']","[467572377853114532, 467572377854612654, 467572377853215212]","[0.6768654584884644, 0.6598854064941406, 0.6583155989646912]"
c109f731-1d6c-48a5-803c-42273acbd860,Anatomy,0.002166748046875,0.006683349609375,0.9921875,0.000274658203125,True,C,0.0470585823059082,medmcqa_5,"['PBMD', 'PBMD', 'PBMD']","[467572377854316772, 467572377852650657, 467572377854831955]","[0.7991050481796265, 0.796761691570282, 0.7960296869277954]"
b9f39c75-ae77-43f8-bf70-c9be644adc31,Anatomy,0.2236328125,0.60546875,0.10546875,0.06396484375,False,A,0.03900599479675293,medmcqa_5,"['PBMD', 'PBMD', 'PBMD']","[467572377852210692, 467572377852607317, 467572377855971391]","[0.7386582493782043, 0.7292509078979492, 0.7235029935836792]"
2e0a4a84-c9f4-4447-a4e3-69af7a425ebd,Anatomy,0.006805419921875,0.8359375,0.12890625,0.0269775390625,True,B,0.03316950798034668,medmcqa_5,"['TEXT', 'TEXT', 'STAT']","[467523489549674564, 467523489549674561, 467572377850757314]","[0.8012341260910034, 0.7936077117919922, 0.7901600003242493]"
cd766726-45b5-4bee-b07b-d565a014cb38,Anatomy,1.0,0.00016880035400390625,7.009506225585938e-05,8.940696716308594e-06,True,A,0.02227473258972168,medmcqa_5,"['PBMD', 'STAT', 'PBMD']","[467572377856958029, 467572377850232754, 467572377856526476]","[0.7951048612594604, 0.7417881488800049, 0.7327368855476379]"
39d57ee0-28db-461a-9a94-07b2428f8636,Anatomy,0.478515625,0.328125,0.1455078125,0.04736328125,False,C,0.025156259536743164,medmcqa_5,"['PBMD', 'STAT', 'STAT']","[467572377853863455, 467572377850713191, 467572377850664504]","[0.7932032942771912, 0.783347487449646, 0.7808482050895691]"
8760dd5d-4c10-480a-933f-dcd8802c1217,Anatomy,0.0089111328125,0.02001953125,0.96875,0.0037078857421875,True,C,0.03658580780029297,medmcqa_5,"['PBMD', 'PBMD', 'PBMD']","[467572377854527759, 467572377853466479, 467572377854770144]","[0.7564657926559448, 0.7552926540374756, 0.7531882524490356]"
d2e17299-1742-4280-a87e-2fb1e115b678,Anatomy,0.201171875,0.138671875,0.03955078125,0.62109375,False,B,0.03769493103027344,medmcqa_5,"['PBMD', 'PBMD', 'PBMD']","[467572377856101558, 467572377854703809, 467572377852555386]","[0.6682862639427185, 0.6616387367248535, 0.6599001288414001]"
8493a148-fa84-41a8-8535-aac54e183962,Anatomy,0.31640625,0.1923828125,0.359375,0.1318359375,False,A,0.03417849540710449,medmcqa_5,"['PBMD', 'PBMD', 'PBMD']","[467572377854215148, 467572377854207916, 467572377852319538]","[0.7353639006614685, 0.711796224117279, 0.7030140161514282]"
dce86bb6-0ff4-45b0-8d61-e30f2b17cb44,Anatomy,0.69921875,0.15625,0.06103515625,0.08349609375,True,A,0.03208565711975098,medmcqa_5,"['STAT', 'TEXT', 'PBMD']","[467572377850305511, 467523489549981126, 467572377853766595]","[0.7733452320098877, 0.7552699446678162, 0.7534189224243164]"
a7d06fbb-754a-4758-88e6-0796ed033fa4,Anatomy,0.0020294189453125,0.005889892578125,0.0023040771484375,0.98828125,False,B,0.030882596969604492,medmcqa_5,"['TEXT', 'PBMD', 'PBMD']","[467523489549675682, 467572377854088660, 467572377855724994]","[0.7761388421058655, 0.7566735148429871, 0.7554594278335571]"
53c50cb7-eaeb-459c-9182-cf4cc18db736,Anatomy,0.002777099609375,0.008544921875,0.98828125,0.001312255859375,True,C,0.03354239463806152,medmcqa_5,"['STAT', 'STAT', 'STAT']","[467572377850763411, 467572377850304778, 467572377850397544]","[0.8210480213165283, 0.8154383897781372, 0.8051496148109436]"
7676d18e-6fcb-4a61-9b3a-57e5c718131b,Anatomy,0.7421875,0.146484375,0.1005859375,0.0087890625,True,A,0.03254294395446777,medmcqa_5,"['PBMD', 'PBMD', 'PBMD']","[467572377850861822, 467572377850856067, 467572377855154363]","[0.7463226318359375, 0.7165991067886353, 0.7133235335350037]"
f326ee48-a531-47ae-81d2-3ae19ab4489b,Anatomy,0.00762939453125,0.173828125,0.038818359375,0.78125,False,B,0.03048110008239746,medmcqa_5,"['PBMD', 'STAT', 'STAT']","[467572377856593142, 467572377850693218, 467572377850692183]","[0.7714561223983765, 0.7657605409622192, 0.7641487717628479]"
7c011c0d-c4b8-4ee5-be16-9888c55d6c54,Anatomy,0.5234375,0.0294189453125,0.042724609375,0.40625,True,A,0.03434038162231445,medmcqa_5,"['PBMD', 'PBMD', 'PBMD']","[467572377853975397, 467572377854202556, 467572377853983388]","[0.8025760054588318, 0.7783797979354858, 0.7711730599403381]"
ac8f8e85-4d2d-4803-8310-0f51df7869e1,Anatomy,0.30078125,0.05224609375,0.63671875,0.01165771484375,False,A,0.02537250518798828,medmcqa_5,"['PBMD', 'STAT', 'PBMD']","[467572377856649994, 467572377850644681, 467572377852724683]","[0.7913897037506104, 0.7818565368652344, 0.7814304828643799]"
f0d31875-7bc2-4e41-a764-d64e5f0a3030,Anatomy,0.1337890625,0.1943359375,0.07177734375,0.6015625,False,C,0.03765559196472168,medmcqa_5,"['PBMD', 'PBMD', 'STAT']","[467572377854327563, 467572377854203219, 467572377850330327]","[0.700926661491394, 0.7007242441177368, 0.7004739046096802]"
841a3a83-003f-48f6-80ef-579d203a42f3,Pathology,0.00080108642578125,0.99609375,0.00180816650390625,0.0016937255859375,True,B,0.02564096450805664,medmcqa_5,"['STAT', 'PBMD', 'PBMD']","[467572377850385021, 467572377853498717, 467572377855858966]","[0.8498409390449524, 0.8059374690055847, 0.7953156232833862]"
29639fa9-254f-4cb6-be10-4731eb4a6fc7,Pathology,0.123046875,0.8046875,0.0546875,0.0189208984375,True,B,0.025049209594726562,medmcqa_5,"['PBMD', 'PBMD', 'PBMD']","[467572377855068578, 467572377853514154, 467572377855341508]","[0.8306578397750854, 0.8149083852767944, 0.811875581741333]"
928ffb35-6407-4710-a968-e06dc0baaf8e,Pathology,0.765625,0.09716796875,0.103515625,0.03564453125,True,A,0.024372100830078125,medmcqa_5,"['PBMD', 'PBMD', 'PBMD']","[467572377853063377, 467572377853980663, 467572377856721802]","[0.8529670834541321, 0.829355001449585, 0.8154351711273193]"
4f51da38-9696-4940-8137-7e8adc353cf9,Pathology,0.0037689208984375,0.2333984375,0.71875,0.0458984375,True,C,0.025633811950683594,medmcqa_5,"['STAT', 'TEXT', 'STAT']","[467572377850227543, 467523489549970892, 467572377850361195]","[0.7570317983627319, 0.7341955304145813, 0.7232252359390259]"
ebec8acd-938b-4967-a8d8-60f66e538dbb,Pathology,0.10400390625,0.1943359375,0.52734375,0.171875,False,A,0.03524494171142578,medmcqa_5,"['PBMD', 'PBMD', 'STAT']","[467572377853447559, 467572377855516962, 467572377850339407]","[0.7637549638748169, 0.7568570375442505, 0.7557185292243958]"
97e2e9b7-8bfe-4940-a4b1-8aa0c69b8f18,Pathology,0.03271484375,0.002227783203125,0.007781982421875,0.95703125,True,D,0.021918058395385742,medmcqa_5,"['STAT', 'STAT', 'STAT']","[467572377850754724, 467572377850782854, 467572377850782880]","[0.8405492305755615, 0.794158935546875, 0.790127158164978]"
668bdcad-6c9b-4180-91b9-ffe90c9a21b7,Pathology,0.1787109375,0.123046875,0.625,0.07470703125,True,C,0.021538734436035156,medmcqa_5,"['STAT', 'STAT', 'PBMD']","[467572377850239491, 467572377850645513, 467572377854759221]","[0.7014192938804626, 0.6811943054199219, 0.6721377968788147]"
1f9e8348-5224-444b-9ab6-ee3987d733ff,Pathology,0.99609375,0.001495361328125,0.00075531005859375,0.00070953369140625,True,A,0.02695178985595703,medmcqa_5,"['PBMD', 'PBMD', 'PBMD']","[467572377852727371, 467572377855331651, 467572377854770172]","[0.841766357421875, 0.8332306146621704, 0.8322932720184326]"
b61de4c4-1942-43a7-b5c9-fbe8a7e892b9,Pathology,0.87109375,0.11767578125,0.004852294921875,0.00799560546875,True,A,0.026473522186279297,medmcqa_5,"['STAT', 'PBMD', 'PBMD']","[467572377850225052, 467572377854515365, 467572377855606393]","[0.8446528911590576, 0.841697096824646, 0.8376103639602661]"
b26f0e8a-0ecb-4d9b-8b0b-e647186252f6,Pathology,0.166015625,0.310546875,0.310546875,0.212890625,True,B,0.033844947814941406,medmcqa_5,"['PBMD', 'PBMD', 'PBMD']","[467572377852599164, 467572377853776874, 467572377856517339]","[0.7072039246559143, 0.7003741264343262, 0.6944099068641663]"
6229d30a-cee9-4093-ba07-f3427e3ef695,Pathology,0.9609375,0.01458740234375,0.0240478515625,0.0009307861328125,True,A,0.031201601028442383,medmcqa_5,"['PBMD', 'PBMD', 'PBMD']","[467572377853871032, 467572377856246135, 467572377853882938]","[0.861871600151062, 0.8593371510505676, 0.8478806614875793]"
c0717c0c-2edb-4280-9e61-5aa507563400,Pathology,0.0225830078125,0.0576171875,0.90234375,0.0186767578125,True,C,0.021971702575683594,medmcqa_5,"['PBMD', 'STAT', 'STAT']","[467572377856466721, 467572377850756718, 467572377850643442]","[0.7616601586341858, 0.7615207433700562, 0.7605808973312378]"
746d02c5-57ed-4ae9-be3b-7b8847d54c6e,Pathology,0.890625,0.0028228759765625,0.1064453125,0.00171661376953125,True,A,0.024440288543701172,medmcqa_5,"['PBMD', 'PBMD', 'PBMD']","[467572377854843800, 467572377854466857, 467572377852131279]","[0.8550451397895813, 0.8229689598083496, 0.8187689185142517]"
5df25ae0-9e4d-4ac3-9a4e-01a32a9e6df2,Pathology,0.0006256103515625,1.0,0.00048828125,0.0001583099365234375,True,B,0.031688690185546875,medmcqa_5,"['PBMD', 'STAT', 'PBMD']","[467572377854135779, 467572377850703947, 467572377852592191]","[0.8054601550102234, 0.8046814203262329, 0.7984532117843628]"
4ab78d1b-0351-43fa-916d-ae260bd10b9b,Pathology,0.98828125,0.008544921875,0.0037841796875,0.0003986358642578125,True,A,0.0360260009765625,medmcqa_5,"['TEXT', 'PBMD', 'PBMD']","[467523489549945532, 467572377853270901, 467572377854847346]","[0.7991114854812622, 0.7894389629364014, 0.7884178757667542]"
d53b4a48-4976-4aaa-85c6-5373b66c4404,Pathology,0.2470703125,0.279296875,0.279296875,0.1923828125,False,D,0.026985645294189453,medmcqa_5,"['STAT', 'STAT', 'STAT']","[467572377850255644, 467572377850255637, 467572377850376846]","[0.7737511992454529, 0.7731548547744751, 0.7384787201881409]"
f7580a93-d08b-475f-8a21-0fbdb2f48af1,Pathology,0.0167236328125,0.96875,0.005767822265625,0.0069580078125,True,B,0.0382840633392334,medmcqa_5,"['PBMD', 'STAT', 'PBMD']","[467572377854667020, 467572377850237772, 467572377853528187]","[0.7934194803237915, 0.7862949371337891, 0.7830759286880493]"
d1b1d1f9-3989-4ffe-826d-da482f1750be,Pathology,0.287109375,0.5390625,0.1357421875,0.038818359375,True,B,0.0313878059387207,medmcqa_5,"['PBMD', 'PBMD', 'PBMD']","[467572377850960950, 467572377852284788, 467572377852035197]","[0.7345517873764038, 0.7340314388275146, 0.7218384742736816]"
346e4fa6-b52c-45a5-9969-9b5b1451f379,Pathology,0.51953125,0.11572265625,0.1484375,0.216796875,False,C,0.031038761138916016,medmcqa_5,"['PBMD', 'PBMD', 'PBMD']","[467572377853814547, 467572377853570460, 467572377852357509]","[0.8000404834747314, 0.7962380647659302, 0.7817554473876953]"
ff8ff831-0e4b-4fc5-b578-a7574ebc785c,Pathology,0.007232666015625,0.890625,0.09375,0.0081787109375,True,B,0.03453874588012695,medmcqa_5,"['PBMD', 'PBMD', 'PBMD']","[467572377852646644, 467572377855909739, 467572377853077981]","[0.8406327366828918, 0.8281009197235107, 0.8251285552978516]"
7116f1e2-76ee-4db6-9e5b-b293c5756e82,Ophthalmology,0.466796875,0.1181640625,0.220703125,0.1943359375,False,D,0.038927555084228516,medmcqa_5,"['STAT', 'PBMD', 'PBMD']","[467572377850368253, 467572377856773013, 467572377855399393]","[0.7358156442642212, 0.7063498497009277, 0.7045757174491882]"
fbb8720f-378e-46ec-ab62-774c74e95989,Ophthalmology,0.04150390625,0.734375,0.185546875,0.038818359375,True,B,0.030864477157592773,medmcqa_5,"['PBMD', 'PBMD', 'PBMD']","[467572377853170415, 467572377853765020, 467572377856570369]","[0.787040650844574, 0.7857422828674316, 0.7811858057975769]"
71f155f0-d4ea-4c58-85ce-204ae36744ce,Ophthalmology,0.333984375,0.1083984375,0.0703125,0.486328125,False,A,0.025262832641601562,medmcqa_5,"['PBMD', 'PBMD', 'PBMD']","[467572377852774657, 467572377853363137, 467572377852050468]","[0.8863838911056519, 0.8692512512207031, 0.8610668778419495]"
ed17fecc-c657-4098-b37b-5be9b77f9a81,Ophthalmology,0.18359375,0.162109375,0.388671875,0.267578125,False,A,0.03688311576843262,medmcqa_5,"['PBMD', 'PBMD', 'PBMD']","[467572377854536209, 467572377852936903, 467572377852099525]","[0.7737774848937988, 0.7313146591186523, 0.7308816909790039]"
a604f4f1-4656-418d-a44f-33f3761d07ae,Ophthalmology,0.99609375,0.00124359130859375,0.0033721923828125,0.00013065338134765625,True,A,0.02198004722595215,medmcqa_5,"['STAT', 'STAT', 'PBMD']","[467572377850643466, 467572377850384760, 467572377853297902]","[0.985870361328125, 0.8927580118179321, 0.8648051023483276]"
e690fa30-73fe-44d8-ad25-704e65dfaeb9,Ophthalmology,0.1865234375,0.57421875,0.0732421875,0.1650390625,True,B,0.027761459350585938,medmcqa_5,"['STAT', 'STAT', 'PBMD']","[467572377850325297, 467572377850286091, 467572377854961449]","[0.7554243803024292, 0.7504684329032898, 0.7481037378311157]"
64f50613-221b-4134-96b0-e7038621acb4,Ophthalmology,0.8046875,0.058349609375,0.0400390625,0.09619140625,True,A,0.0336453914642334,medmcqa_5,"['PBMD', 'PBMD', 'PBMD']","[467572377856102628, 467572377854378305, 467572377854376395]","[0.7643835544586182, 0.7478858232498169, 0.7452268004417419]"
cb3db90a-e0eb-4c67-b742-ed6b6c71b3b6,Ophthalmology,0.037109375,0.007293701171875,0.953125,0.00152587890625,True,C,0.03375363349914551,medmcqa_5,"['PBMD', 'PBMD', 'PBMD']","[467572377852413566, 467572377853212581, 467572377854984594]","[0.8055539131164551, 0.7989003658294678, 0.7987269163131714]"
a594cdee-a170-435c-89e8-4719166d7c2c,Ophthalmology,0.99609375,0.00141143798828125,0.000457763671875,0.00019073486328125,True,A,0.030819416046142578,medmcqa_5,"['STAT', 'STAT', 'STAT']","[467572377850725165, 467572377850725160, 467572377850649069]","[0.7676835060119629, 0.7551964521408081, 0.749225914478302]"
2e652816-9f5b-4036-b418-79dae574cc6d,Ophthalmology,0.32421875,0.1357421875,0.53515625,0.0052490234375,True,C,0.03323507308959961,medmcqa_5,"['PBMD', 'PBMD', 'PBMD']","[467572377855030802, 467572377854685537, 467572377853500545]","[0.8086838722229004, 0.7975257039070129, 0.792203426361084]"
347fdf37-2f39-4c03-baba-938c71badf0f,Ophthalmology,0.291015625,0.375,0.2265625,0.107421875,False,C,0.026534080505371094,medmcqa_5,"['TEXT', 'TEXT', 'TEXT']","[467523489549988820, 467523489549704258, 467523489549704381]","[0.6924976706504822, 0.6809192299842834, 0.6809192299842834]"
5ed8235f-ad28-48ba-8a5d-41c81d8c9faa,Ophthalmology,0.95703125,0.0419921875,0.00026702880859375,0.000301361083984375,True,A,0.025773048400878906,medmcqa_5,"['PBMD', 'PBMD', 'PBMD']","[467572377850942691, 467572377854597567, 467572377856648718]","[0.7584573030471802, 0.7567706108093262, 0.756466805934906]"
0baf7442-0f51-47ef-9cec-5c3ea85f6a1b,Ophthalmology,0.03369140625,0.6796875,0.038330078125,0.25,False,D,0.03203916549682617,medmcqa_5,"['PBMD', 'STAT', 'PBMD']","[467572377854214308, 467572377850237535, 467572377851009272]","[0.833989143371582, 0.8252772688865662, 0.8111903667449951]"
548f6b63-6c39-4e48-9f97-0e07d03a101f,Ophthalmology,0.19140625,0.216796875,0.314453125,0.27734375,False,A,0.04374194145202637,medmcqa_5,"['PBMD', 'PBMD', 'PBMD']","[467572377856441295, 467572377856445083, 467572377852573127]","[0.5634993314743042, 0.5519143342971802, 0.5502888560295105]"
a73850ed-5e67-4a8b-accc-17b11e9ce511,Ophthalmology,0.98828125,0.008544921875,0.0012359619140625,0.00014781951904296875,True,A,0.03223991394042969,medmcqa_5,"['PBMD', 'TEXT', 'PBMD']","[467572377854785691, 467523489549932005, 467572377852360778]","[0.8104434013366699, 0.8102933764457703, 0.801663875579834]"
3bcb7015-d971-41a8-bbd2-f31e0b14d141,Ophthalmology,0.028076171875,0.72265625,0.2353515625,0.01324462890625,True,B,0.02665424346923828,medmcqa_5,"['PBMD', 'PBMD', 'PBMD']","[467572377853690416, 467572377856320538, 467572377856095044]","[0.8537753224372864, 0.8387346267700195, 0.8313112258911133]"
34e7d550-4a15-4c7e-8b5f-0365532ea2b5,Ophthalmology,0.0634765625,0.055908203125,0.412109375,0.46875,False,C,0.03227829933166504,medmcqa_5,"['PBMD', 'PBMD', 'STAT']","[467572377855834885, 467572377854212826, 467572377850643470]","[0.8238697052001953, 0.8229882717132568, 0.8143243193626404]"
a533263a-e1ac-411f-b8ae-9c011737161f,Ophthalmology,0.00335693359375,0.98828125,0.0037994384765625,0.0026092529296875,True,B,0.034214019775390625,medmcqa_5,"['PBMD', 'PBMD', 'PBMD']","[467572377852316189, 467572377854715422, 467572377856406319]","[0.7870870232582092, 0.7853437066078186, 0.777496874332428]"
55832f51-e52e-436a-bb12-7a7805c93d09,Ophthalmology,0.00148773193359375,0.005889892578125,0.0010223388671875,0.9921875,True,D,0.02638530731201172,medmcqa_5,"['STAT', 'PBMD', 'PBMD']","[467572377850370802, 467572377854427228, 467572377855958612]","[0.7328241467475891, 0.7033953070640564, 0.6841545104980469]"
67261818-832b-41b2-b350-c4f2a1fa49ca,Ophthalmology,0.15234375,0.09228515625,0.6015625,0.15234375,True,C,0.0386805534362793,medmcqa_5,"['PBMD', 'PBMD', 'PBMD']","[467572377854665598, 467572377856261308, 467572377852776940]","[0.8051766753196716, 0.7951432466506958, 0.7894005179405212]"
d1b40a9c-9a74-4c91-a1b0-3de9231f4ed7,Gynaecology & Obstetrics,0.0517578125,0.5546875,0.3828125,0.01019287109375,True,B,0.05585050582885742,medmcqa_5,"['PBMD', 'PBMD', 'PBMD']","[467572377856344522, 467572377850808259, 467572377856007777]","[0.8216925859451294, 0.7993056774139404, 0.7930785417556763]"
e187342a-3441-4ebe-93aa-f664e0a84f5d,Gynaecology & Obstetrics,0.11669921875,0.279296875,0.59375,0.0108642578125,False,A,0.03158712387084961,medmcqa_5,"['PBMD', 'PBMD', 'PBMD']","[467572377852724613, 467572377856760147, 467572377855138197]","[0.7958775758743286, 0.795516848564148, 0.7939841747283936]"
1f5643f6-242d-4d23-85bb-eb21d0ef9831,Gynaecology & Obstetrics,0.1279296875,0.2099609375,0.26953125,0.392578125,False,A,0.03940773010253906,medmcqa_5,"['PBMD', 'PBMD', 'PBMD']","[467572377854727934, 467572377853479605, 467572377854193345]","[0.746675431728363, 0.743089497089386, 0.7355275750160217]"
d9278f98-0f6e-4338-a9d4-bb0e411912ee,Gynaecology & Obstetrics,0.19921875,0.7890625,0.007720947265625,0.004150390625,True,B,0.0339512825012207,medmcqa_5,"['PBMD', 'PBMD', 'PBMD']","[467572377854929176, 467572377852953989, 467572377853150526]","[0.8438354730606079, 0.8411660194396973, 0.8376035690307617]"
4010974e-982c-445d-9aba-5d16ad2b6769,Gynaecology & Obstetrics,0.1923828125,0.11669921875,0.6328125,0.058837890625,False,D,0.03196239471435547,medmcqa_5,"['PBMD', 'STAT', 'STAT']","[467572377850989624, 467572377850336337, 467572377850315213]","[0.7392978072166443, 0.73308265209198, 0.7270285487174988]"
7e1302e8-1a4f-4e5f-805d-9bfecd556940,Gynaecology & Obstetrics,0.87109375,0.04345703125,0.03173828125,0.052490234375,True,A,0.052361488342285156,medmcqa_5,"['PBMD', 'PBMD', 'PBMD']","[467572377856133714, 467572377853163994, 467572377852041303]","[0.808061420917511, 0.8060316443443298, 0.799904465675354]"
32c77bbd-7355-4932-ad0f-69caeae3a0cd,Gynaecology & Obstetrics,0.69921875,0.1767578125,0.06494140625,0.057373046875,True,A,0.041136741638183594,medmcqa_5,"['PBMD', 'PBMD', 'PBMD']","[467572377850889166, 467572377854457550, 467572377853541626]","[0.7876317501068115, 0.7862911820411682, 0.7833642959594727]"
6f37c7db-f9d1-422b-b9bd-751929f53092,Gynaecology & Obstetrics,0.396484375,0.1865234375,0.271484375,0.1455078125,False,D,0.033431291580200195,medmcqa_5,"['PBMD', 'PBMD', 'PBMD']","[467572377854213041, 467572377852579590, 467572377855076738]","[0.7280230522155762, 0.7154524922370911, 0.713836133480072]"
59d5b5c6-6d7e-4f7c-9d40-31d8e69b3a84,Gynaecology & Obstetrics,0.94921875,0.047119140625,0.004669189453125,0.000812530517578125,True,A,0.029721498489379883,medmcqa_5,"['PBMD', 'PBMD', 'PBMD']","[467572377854947284, 467572377852300250, 467572377850991623]","[0.831720769405365, 0.82308429479599, 0.8215746283531189]"
479d7d36-a8e5-4d2c-b9c2-4bafbf6aff9b,Gynaecology & Obstetrics,0.265625,0.0810546875,0.265625,0.38671875,True,D,0.022005081176757812,medmcqa_5,"['PBMD', 'PBMD', 'PBMD']","[467572377853354132, 467572377853357495, 467572377855418470]","[0.8425638675689697, 0.821485161781311, 0.8150541186332703]"
8f2e2b0a-1918-4ff2-b788-b99de6e3cf5f,Gynaecology & Obstetrics,0.53125,0.15234375,0.251953125,0.0634765625,False,C,0.02360367774963379,medmcqa_5,"['TEXT', 'PBMD', 'TEXT']","[467523489549964453, 467572377852118223, 467523489549964547]","[0.7933230996131897, 0.7677000164985657, 0.7564917802810669]"
823d7c1b-7f6b-4d15-9c77-e0715a2e5a57,Gynaecology & Obstetrics,0.0157470703125,0.9765625,0.00482177734375,0.0035247802734375,False,C,0.03738903999328613,medmcqa_5,"['PBMD', 'STAT', 'PBMD']","[467572377853393776, 467572377850677925, 467572377852937333]","[0.8236950039863586, 0.8187681436538696, 0.812512993812561]"
cdc381b0-9797-4acd-ab13-08cabf361744,Gynaecology & Obstetrics,1.0,0.00075531005859375,7.963180541992188e-05,5.14984130859375e-05,True,A,0.03595423698425293,medmcqa_5,"['PBMD', 'PBMD', 'PBMD']","[467572377851006235, 467572377855165003, 467572377852828039]","[0.8277987241744995, 0.8177661895751953, 0.8143681287765503]"
7a624926-6e2d-4e48-95a0-403936180171,Gynaecology & Obstetrics,0.00016880035400390625,0.0003795623779296875,1.0,7.486343383789062e-05,True,C,0.03575444221496582,medmcqa_5,"['STAT', 'PBMD', 'PBMD']","[467572377850651904, 467572377855355223, 467572377854627455]","[0.8180776238441467, 0.7377482652664185, 0.7221136689186096]"
190bc5bf-7b76-454e-bd42-596df8d0b24a,Gynaecology & Obstetrics,0.9921875,0.0048828125,0.0012359619140625,0.000354766845703125,True,A,0.027004003524780273,medmcqa_5,"['STAT', 'PBMD', 'PBMD']","[467572377850717476, 467572377855242051, 467572377856014359]","[0.8625484108924866, 0.8347731828689575, 0.8325289487838745]"
2fde345d-0a01-481b-aba2-2e8903677801,Gynaecology & Obstetrics,0.390625,0.1630859375,0.1435546875,0.3046875,False,D,0.03269004821777344,medmcqa_5,"['TEXT', 'PBMD', 'PBMD']","[467523489549985210, 467572377852271439, 467572377854173102]","[0.7735596895217896, 0.7688974738121033, 0.7675998210906982]"
145614bb-ac08-4adf-bbe5-3412891a5596,Gynaecology & Obstetrics,0.609375,0.1748046875,0.0184326171875,0.1982421875,True,A,0.026676416397094727,medmcqa_5,"['PBMD', 'PBMD', 'PBMD']","[467572377852203991, 467572377855014580, 467572377852299471]","[0.8512850999832153, 0.8508852124214172, 0.8455159068107605]"
d2f1bc03-a421-4c0e-9739-fb87f9a0f613,Gynaecology & Obstetrics,0.173828125,0.78125,0.0284423828125,0.018310546875,True,B,0.025395870208740234,medmcqa_5,"['PBMD', 'STAT', 'PBMD']","[467572377853457647, 467572377850634046, 467572377855182254]","[0.7851232290267944, 0.7753921151161194, 0.7677456140518188]"
7cc9fbe7-d69d-46f0-9add-dbdd67e7aa54,Gynaecology & Obstetrics,0.375,0.107421875,0.2265625,0.291015625,True,A,0.02610158920288086,medmcqa_5,"['PBMD', 'PBMD', 'STAT']","[467572377852551933, 467572377852241958, 467572377850243025]","[0.6840282678604126, 0.6837112903594971, 0.6812052726745605]"
9cc64ab9-b16b-45f5-a2d1-4f4374c636e5,Gynaecology & Obstetrics,0.859375,0.011474609375,0.0400390625,0.09033203125,True,A,0.04663562774658203,medmcqa_5,"['PBMD', 'PBMD', 'PBMD']","[467572377855733847, 467572377856866867, 467572377853537442]","[0.839597761631012, 0.8138617277145386, 0.8138316869735718]"
cee9783c-8750-40db-985e-d4f70a7cff28,Medicine,0.203125,0.486328125,0.203125,0.1083984375,False,C,0.032701969146728516,medmcqa_5,"['PBMD', 'PBMD', 'STAT']","[467572377854067049, 467572377852171800, 467572377850740595]","[0.8283047676086426, 0.8188598155975342, 0.8088605403900146]"
5c1c35b5-1e8a-4523-b10e-94dd46ac2124,Medicine,0.15234375,0.0927734375,0.53125,0.2216796875,False,A,0.031278133392333984,medmcqa_5,"['PBMD', 'PBMD', 'PBMD']","[467572377853839530, 467572377852288984, 467572377856054339]","[0.819490909576416, 0.81223064661026, 0.8095723390579224]"
6f79fd35-4f28-4975-9c1d-1dba2f16fe2d,Medicine,0.11328125,0.61328125,0.13671875,0.13671875,True,B,0.03611898422241211,medmcqa_5,"['PBMD', 'STAT', 'TEXT']","[467572377854749817, 467572377850307227, 467523489549709452]","[0.790547788143158, 0.7888376116752625, 0.7874001860618591]"
3bd9af21-16b2-43b7-b7f6-e96e1f8bf5d3,Medicine,0.99609375,0.00262451171875,0.000457763671875,0.0002613067626953125,True,A,0.031807899475097656,medmcqa_5,"['TEXT', 'TEXT', 'TEXT']","[467523489549953006, 467523489549958460, 467523489549686850]","[0.6466027498245239, 0.6300069689750671, 0.6284822225570679]"
ac6a6959-3139-431c-b49c-23b2a534bca9,Medicine,0.062255859375,0.1689453125,0.011474609375,0.7578125,True,D,0.03589177131652832,medmcqa_5,"['PBMD', 'PBMD', 'PBMD']","[467572377855803708, 467572377853179148, 467572377853682861]","[0.8132240176200867, 0.7968063950538635, 0.7944452166557312]"
597781b4-adbc-4413-8f98-a8b70c76dd0e,Medicine,0.357421875,0.31640625,0.24609375,0.080078125,False,D,0.02349996566772461,medmcqa_5,"['PBMD', 'STAT', 'PBMD']","[467572377853001995, 467572377850302541, 467572377852034091]","[0.8491060137748718, 0.8176217079162598, 0.8097985982894897]"
3e7ee088-cbf4-43d0-81bd-7a42ba32eaaa,Medicine,0.00064849853515625,0.00128936767578125,0.02587890625,0.97265625,False,C,0.024522781372070312,medmcqa_5,"['STAT', 'PBMD', 'PBMD']","[467572377850413177, 467572377855908359, 467572377856523515]","[0.7790189981460571, 0.7697763442993164, 0.7688091993331909]"
0e19d9b4-ac0b-44c9-9acd-afb721370abc,Medicine,0.1845703125,0.08203125,0.08740234375,0.64453125,True,D,0.03331160545349121,medmcqa_5,"['PBMD', 'PBMD', 'PBMD']","[467572377854302350, 467572377854391960, 467572377854290507]","[0.7960523962974548, 0.7824758887290955, 0.7816709280014038]"
a388695c-040b-4f2d-99d4-e2a3628246fc,Medicine,0.01129150390625,0.0128173828125,0.0198974609375,0.95703125,False,B,0.03211236000061035,medmcqa_5,"['STAT', 'PBMD', 'PBMD']","[467572377850641847, 467572377855700078, 467572377856376742]","[0.8212220668792725, 0.8197211027145386, 0.8160839676856995]"
27414952-e73e-4256-8173-0cc038f97b3d,Medicine,0.234375,0.076171875,0.1259765625,0.5625,False,B,0.04869842529296875,medmcqa_5,"['PBMD', 'PBMD', 'PBMD']","[467572377855223658, 467572377850854940, 467572377852958745]","[0.8372021913528442, 0.8349372744560242, 0.8269445896148682]"
583aa0ca-b765-4927-bd38-1fe659658585,Medicine,0.28125,0.318359375,0.248046875,0.150390625,False,C,0.023500680923461914,medmcqa_5,"['STAT', 'STAT', 'PBMD']","[467572377850767246, 467572377850293014, 467572377853621778]","[0.8268296122550964, 0.8151775598526001, 0.8120378255844116]"
a507440b-1800-4774-a8eb-e1c3e6a8b9d1,Medicine,0.26953125,0.26953125,0.11279296875,0.34765625,False,A,0.02286672592163086,medmcqa_5,"['PBMD', 'TEXT', 'PBMD']","[467572377853335179, 467523489549961720, 467572377856222333]","[0.7733312845230103, 0.7566661834716797, 0.754809558391571]"
afa3769f-e1ac-4944-aa07-a5cffeaf4345,Medicine,0.0301513671875,0.53515625,0.416015625,0.0194091796875,True,B,0.03271007537841797,medmcqa_5,"['PBMD', 'PBMD', 'PBMD']","[467572377853893673, 467572377854485045, 467572377854886528]","[0.8306041359901428, 0.8222302198410034, 0.8206925392150879]"
a90008e1-2043-45ae-82fc-6138281019ea,Medicine,0.1279296875,0.30859375,0.056884765625,0.5078125,True,D,0.045546770095825195,medmcqa_5,"['PBMD', 'PBMD', 'PBMD']","[467572377854775589, 467572377855131769, 467572377854995715]","[0.696643054485321, 0.6872438192367554, 0.6864722371101379]"
26487c80-887d-4d73-b8f4-46fbc4029d03,Medicine,0.0546875,0.8046875,0.07470703125,0.06591796875,True,B,0.02568960189819336,medmcqa_5,"['STAT', 'PBMD', 'TEXT']","[467572377850306676, 467572377856804557, 467523489549947774]","[0.813666582107544, 0.7628775835037231, 0.7604252099990845]"
509b0e36-7ef2-40ed-94a2-c989f952c044,Medicine,0.044921875,0.138671875,0.018798828125,0.796875,True,D,0.02519059181213379,medmcqa_5,"['STAT', 'STAT', 'STAT']","[467572377850310881, 467572377850771066, 467572377850371748]","[0.7650022506713867, 0.7638455033302307, 0.755501389503479]"
687d35d8-f545-4afb-be91-a496629a5c40,Medicine,0.2314453125,0.7109375,0.051513671875,0.004241943359375,True,B,0.03359270095825195,medmcqa_5,"['PBMD', 'TEXT', 'TEXT']","[467572377854789865, 467523489549953434, 467523489549936310]","[0.769832193851471, 0.7644476294517517, 0.7611526250839233]"
4c8541ed-eea6-4c08-a330-87a900adf122,Medicine,0.033935546875,0.7265625,0.07666015625,0.162109375,True,B,0.027605295181274414,medmcqa_5,"['PBMD', 'PBMD', 'PBMD']","[467572377855814247, 467572377853584102, 467572377853601542]","[0.8514837026596069, 0.8235454559326172, 0.8212746381759644]"
eaa2da68-a0d7-4f65-b0bb-5683a53ac249,Medicine,0.00058746337890625,0.0010986328125,1.0,1.7762184143066406e-05,True,C,0.027188539505004883,medmcqa_5,"['PBMD', 'PBMD', 'PBMD']","[467572377854804067, 467572377853785128, 467572377853977952]","[0.8631494641304016, 0.8320595622062683, 0.8273822069168091]"
632ce13b-9447-4f89-93af-147da80a4ed5,Medicine,0.01251220703125,0.02197265625,0.142578125,0.82421875,True,D,0.025604248046875,medmcqa_5,"['TEXT', 'STAT', 'STAT']","[467523489549974548, 467572377850266844, 467572377850663888]","[0.7949367761611938, 0.7887445688247681, 0.7849905490875244]"
51ab95e3-9958-4455-a9d8-5a74a45227e7,Microbiology,0.056640625,0.69140625,0.185546875,0.068359375,True,B,0.03857254981994629,medmcqa_5,"['PBMD', 'TEXT', 'PBMD']","[467572377852928200, 467523489549955036, 467572377854688690]","[0.7753657102584839, 0.7747818231582642, 0.7709947228431702]"
ce4c89ec-e732-4e07-bf4c-776d2342c826,Microbiology,0.1865234375,0.5390625,0.1865234375,0.087890625,True,B,0.025837421417236328,medmcqa_5,"['PBMD', 'PBMD', 'STAT']","[467572377856809324, 467572377853045894, 467572377850681556]","[0.7868224382400513, 0.7733982801437378, 0.7732951045036316]"
5d81be17-8fb6-4cf6-9d4d-9d0cefa27fdc,Microbiology,0.0859375,0.81640625,0.05908203125,0.04052734375,True,B,0.038556575775146484,medmcqa_5,"['TEXT', 'PBMD', 'PBMD']","[467523489549930222, 467572377850941659, 467572377852615894]","[0.8165465593338013, 0.8131585121154785, 0.8067100048065186]"
8c164874-5d36-43ea-b3b9-ad25b23025ff,Microbiology,0.310546875,0.0419921875,0.0693359375,0.578125,True,D,0.03418755531311035,medmcqa_5,"['PBMD', 'STAT', 'PBMD']","[467572377855512341, 467572377850721326, 467572377853285500]","[0.807604193687439, 0.802025556564331, 0.7980437278747559]"
3a9be702-4f83-4abd-b9a9-c2086333174a,Microbiology,0.765625,0.1708984375,0.055419921875,0.0096435546875,True,A,0.02500438690185547,medmcqa_5,"['STAT', 'PBMD', 'STAT']","[467572377850368912, 467572377854689503, 467572377850368914]","[0.8225860595703125, 0.8213095664978027, 0.8139572143554688]"
98e900a1-b7f2-4b6c-a3f8-5eba0a601cf4,Microbiology,0.06494140625,0.7890625,0.12109375,0.0238037109375,True,B,0.025079727172851562,medmcqa_5,"['PBMD', 'PBMD', 'PBMD']","[467572377852219495, 467572377853417228, 467572377856044253]","[0.8225761651992798, 0.8221105337142944, 0.8047177195549011]"
495d0907-4c10-48ed-bf21-b023299750ee,Microbiology,0.01239013671875,0.984375,0.0031280517578125,0.00079345703125,True,B,0.024010419845581055,medmcqa_5,"['PBMD', 'PBMD', 'PBMD']","[467572377852774657, 467572377853939599, 467572377852887481]","[0.8407935500144958, 0.8303940296173096, 0.8280688524246216]"
677185a0-b327-4f8b-a14a-fdbadf22d7c6,Microbiology,0.984375,0.0062255859375,0.0062255859375,0.002288818359375,True,A,0.030356168746948242,medmcqa_5,"['PBMD', 'PBMD', 'PBMD']","[467572377856452887, 467572377855961418, 467572377855592672]","[0.8297006487846375, 0.8271666169166565, 0.8166317343711853]"
2b500a19-8e08-4492-a91d-205ec99f3ae2,Microbiology,0.0079345703125,0.9140625,0.0751953125,0.001007080078125,True,B,0.050057411193847656,medmcqa_5,"['STAT', 'PBMD', 'PBMD']","[467572377850315692, 467572377856211241, 467572377855208045]","[0.7491990327835083, 0.6969248056411743, 0.6845808029174805]"
45f2ea2d-1935-42fc-85ac-887ebbdaba0c,Microbiology,0.375,0.291015625,0.107421875,0.2265625,False,B,0.032222747802734375,medmcqa_5,"['PBMD', 'PBMD', 'PBMD']","[467572377854523028, 467572377853854743, 467572377853366039]","[0.7404484748840332, 0.7328270077705383, 0.725761353969574]"
ae29e3d1-085f-4e58-935d-893261415feb,Microbiology,0.0177001953125,0.0546875,0.91015625,0.0167236328125,True,C,0.0398106575012207,medmcqa_5,"['PBMD', 'PBMD', 'PBMD']","[467572377852387514, 467572377854446050, 467572377855362735]","[0.7565187215805054, 0.7561823129653931, 0.7546740174293518]"
f89006c1-df22-4cf3-a68d-a892432e35ba,Microbiology,0.302734375,0.388671875,0.18359375,0.1259765625,True,B,0.02557969093322754,medmcqa_5,"['STAT', 'PBMD', 'PBMD']","[467572377850306701, 467572377854500478, 467572377850899154]","[0.8385467529296875, 0.7881213426589966, 0.7870940566062927]"
dcd55e20-6887-494f-ab9a-11a399716a14,Microbiology,0.0108642578125,0.0625,0.86328125,0.0625,True,C,0.032327890396118164,medmcqa_5,"['PBMD', 'PBMD', 'PBMD']","[467572377854697815, 467572377854235442, 467572377853517904]","[0.8579764366149902, 0.8496553897857666, 0.8464779257774353]"
7a06ba56-75e0-41a9-aa95-9628f7c0f806,Microbiology,0.00115203857421875,0.07568359375,0.921875,0.00101470947265625,True,C,0.03275322914123535,medmcqa_5,"['PBMD', 'PBMD', 'PBMD']","[467572377850873322, 467572377853215516, 467572377854848079]","[0.7093479633331299, 0.7070721387863159, 0.7066217064857483]"
46821216-d894-4b58-82e3-253e3192534e,Microbiology,0.00262451171875,0.00109100341796875,0.0029754638671875,0.9921875,True,D,0.03754258155822754,medmcqa_5,"['TEXT', 'PBMD', 'PBMD']","[467523489549996562, 467572377852261434, 467572377854150665]","[0.7023239731788635, 0.6972018480300903, 0.6790696978569031]"
e5324c21-4809-4ad3-985e-17fcd1a26c8d,Microbiology,0.00927734375,0.271484375,0.1455078125,0.57421875,True,D,0.03153514862060547,medmcqa_5,"['PBMD', 'PBMD', 'PBMD']","[467572377856499718, 467572377855888971, 467572377852854189]","[0.8055452704429626, 0.7919707298278809, 0.7919533848762512]"
0334b7b4-07dc-47d9-8067-74615261dbad,Microbiology,0.0693359375,0.84765625,0.05419921875,0.029052734375,True,B,0.03782510757446289,medmcqa_5,"['PBMD', 'PBMD', 'PBMD']","[467572377852210976, 467572377850947880, 467572377850996003]","[0.7789232134819031, 0.7776767015457153, 0.7666798830032349]"
cb68f16a-b773-4ab8-bd27-8f4760e4978e,Microbiology,0.57421875,0.06884765625,0.1455078125,0.2109375,True,A,0.026641130447387695,medmcqa_5,"['PBMD', 'PBMD', 'PBMD']","[467572377856911224, 467572377856211206, 467572377853966922]","[0.7915462851524353, 0.7790309190750122, 0.7775267362594604]"
89d58dd6-18a4-4e3e-b7be-5f2e7c8e8fae,Microbiology,0.384765625,0.298828125,0.2060546875,0.1103515625,True,A,0.026373624801635742,medmcqa_5,"['PBMD', 'PBMD', 'PBMD']","[467572377854901157, 467572377853716422, 467572377854118219]","[0.765717089176178, 0.7640703916549683, 0.7587072849273682]"
bc3c5cf5-3996-4727-82ec-3cf39f9629a8,Microbiology,0.008056640625,0.0024566650390625,0.98828125,0.00021457672119140625,True,C,0.02639603614807129,medmcqa_5,"['TEXT', 'PBMD', 'PBMD']","[467523489549929047, 467572377856712994, 467572377856247834]","[0.8200156688690186, 0.8180573582649231, 0.8144044876098633]"
351c6b21-7730-4fce-8ec7-001ae43b6969,Biochemistry,0.99609375,0.00170135498046875,0.00102996826171875,0.00022983551025390625,True,A,0.027759075164794922,medmcqa_5,"['TEXT', 'STAT', 'STAT']","[467523489549977143, 467572377850638589, 467572377850694797]","[0.8080971240997314, 0.8062613010406494, 0.8039233684539795]"
1d3ecdb0-6438-4153-93d1-809851413ff1,Biochemistry,0.01416015625,0.031982421875,0.02197265625,0.93359375,True,D,0.03445005416870117,medmcqa_5,"['STAT', 'STAT', 'TEXT']","[467572377850354705, 467572377850354721, 467523489549677599]","[0.7254607677459717, 0.7209217548370361, 0.7088683843612671]"
d67b3d34-768f-466b-94c2-975265526bf5,Biochemistry,0.000431060791015625,4.267692565917969e-05,0.0001583099365234375,1.0,True,D,0.04607105255126953,medmcqa_5,"['PBMD', 'PBMD', 'PBMD']","[467572377854894215, 467572377854872948, 467572377854531027]","[0.82447350025177, 0.8237571120262146, 0.8226004838943481]"
85a99d6f-3341-4fd7-a111-a8792ea01bd8,Biochemistry,0.00433349609375,0.99609375,0.00080108642578125,0.000354766845703125,True,B,0.03374981880187988,medmcqa_5,"['PBMD', 'PBMD', 'PBMD']","[467572377855514599, 467572377854694488, 467572377850908173]","[0.7622817158699036, 0.7572605013847351, 0.7537378072738647]"
1e4c3319-3b82-4051-9c82-6ea096b0924f,Biochemistry,0.0035552978515625,0.98828125,0.00909423828125,0.00061798095703125,True,B,0.02630305290222168,medmcqa_5,"['STAT', 'PBMD', 'PBMD']","[467572377850725430, 467572377852041884, 467572377852906255]","[0.6749639511108398, 0.6682863235473633, 0.6670475602149963]"
637747ff-6394-4eb8-9b05-abec8f92397b,Biochemistry,0.169921875,0.06640625,0.76171875,0.004241943359375,True,C,0.03339242935180664,medmcqa_5,"['STAT', 'PBMD', 'PBMD']","[467572377850728787, 467572377852209852, 467572377855027011]","[0.7914438843727112, 0.7886515855789185, 0.7826841473579407]"
0913dfd5-2b2b-440e-a8ab-d6a435d50631,Biochemistry,0.00020313262939453125,0.0023193359375,0.99609375,0.00022983551025390625,True,C,0.02758955955505371,medmcqa_5,"['PBMD', 'PBMD', 'PBMD']","[467572377854722668, 467572377853996906, 467572377852233910]","[0.733252763748169, 0.720612645149231, 0.7116812467575073]"
214bd057-b08c-4241-adda-1a0c80c010cc,Biochemistry,0.00848388671875,0.0054931640625,0.984375,0.0021514892578125,True,C,0.03165841102600098,medmcqa_5,"['STAT', 'PBMD', 'STAT']","[467572377850253586, 467572377854769224, 467572377850231501]","[0.8646047711372375, 0.8571673631668091, 0.8506718873977661]"
3ba5a305-c681-4c3b-83c9-5ea3d26c34ca,Biochemistry,0.236328125,0.2080078125,0.5,0.05615234375,False,B,0.025806427001953125,medmcqa_5,"['STAT', 'PBMD', 'PBMD']","[467572377850343895, 467572377850962276, 467572377855015643]","[0.8591770529747009, 0.8162326812744141, 0.7941533923149109]"
0b7c28ca-ee41-4ecd-93db-c7a60db5161a,Biochemistry,0.9921875,0.003814697265625,0.002044677734375,5.125999450683594e-05,True,A,0.02451157569885254,medmcqa_5,"['PBMD', 'PBMD', 'PBMD']","[467572377855652257, 467572377853571920, 467572377855620379]","[0.7831778526306152, 0.7770370244979858, 0.7719614505767822]"
77ded5ec-a12d-469a-a16f-fd7871c27c98,Biochemistry,0.000667572021484375,0.99609375,0.000518798828125,0.00102996826171875,True,B,0.025583505630493164,medmcqa_5,"['TEXT', 'STAT', 'STAT']","[467523489549946781, 467572377850393680, 467572377850272577]","[0.8498595952987671, 0.8480818867683411, 0.8426693677902222]"
a291b7c5-a1b0-41c1-b820-92ec3ae70897,Biochemistry,0.1337890625,0.07177734375,0.6015625,0.1943359375,False,D,0.03299760818481445,medmcqa_5,"['TEXT', 'TEXT', 'PBMD']","[467523489549945702, 467523489549678240, 467572377851001188]","[0.7751105427742004, 0.7738957405090332, 0.7714654803276062]"
2fe46123-3284-4ee9-8a65-d65a95552163,Biochemistry,0.13671875,0.17578125,0.61328125,0.0732421875,True,C,0.03466439247131348,medmcqa_5,"['PBMD', 'PBMD', 'PBMD']","[467572377854169102, 467572377854777068, 467572377854385575]","[0.7860596179962158, 0.785155177116394, 0.7849721908569336]"
3fcc1ba0-3450-4c02-a69b-f12c223a707e,Biochemistry,0.0003566741943359375,7.486343383789062e-05,0.0008544921875,1.0,True,D,0.03812575340270996,medmcqa_5,"['TEXT', 'PBMD', 'PBMD']","[467523489549677281, 467572377856751602, 467572377854623827]","[0.7532597184181213, 0.7285785675048828, 0.7281730771064758]"
a093694e-febc-4cf2-8643-b0930d676bef,Biochemistry,0.0108642578125,0.00958251953125,0.98046875,0.0008392333984375,True,C,0.03313112258911133,medmcqa_5,"['PBMD', 'PBMD', 'PBMD']","[467572377854951406, 467572377852065281, 467572377850965047]","[0.8104798793792725, 0.7938098907470703, 0.7910935878753662]"
5b5d6e9a-9b1d-4dff-889e-56930ddd49f0,Biochemistry,0.00096893310546875,0.99609375,0.00020313262939453125,0.00180816650390625,True,B,0.03751659393310547,medmcqa_5,"['PBMD', 'PBMD', 'PBMD']","[467572377852730980, 467572377852727791, 467572377855507688]","[0.8255434036254883, 0.813012957572937, 0.8030664324760437]"
5c0fc51c-183d-460b-a4f2-d1d8d5ed29ed,Biochemistry,0.0008544921875,0.000431060791015625,1.0,7.963180541992188e-05,True,C,0.03925061225891113,medmcqa_5,"['PBMD', 'PBMD', 'PBMD']","[467572377850801634, 467572377855347707, 467572377854000436]","[0.7806788682937622, 0.7760617136955261, 0.7729314565658569]"
94810410-6af5-4159-9668-f48cd4205024,Biochemistry,0.765625,0.048828125,0.014892578125,0.1708984375,True,A,0.032486677169799805,medmcqa_5,"['PBMD', 'PBMD', 'PBMD']","[467572377853849385, 467572377854176340, 467572377852265864]","[0.8134305477142334, 0.7982999682426453, 0.7977736592292786]"
5faa136c-eb3e-4ad9-9649-b03f9053866e,Biochemistry,0.0118408203125,0.94140625,0.044189453125,0.001708984375,True,B,0.031972646713256836,medmcqa_5,"['PBMD', 'PBMD', 'PBMD']","[467572377850875406, 467572377854081162, 467572377852654914]","[0.8184977173805237, 0.8171387910842896, 0.8137862086296082]"
2db0abf9-8445-424b-98ed-b3775bb3e4b9,Biochemistry,0.8671875,0.0115966796875,0.0123291015625,0.10986328125,True,A,0.032393693923950195,medmcqa_5,"['TEXT', 'PBMD', 'PBMD']","[467523489549678778, 467572377856118036, 467572377852595611]","[0.8368587493896484, 0.8343319296836853, 0.8143287301063538]"
006c9660-3a80-4a54-8b2a-5c5e860f8ffb,Forensic Medicine,0.2265625,0.69921875,0.036865234375,0.039306640625,True,B,0.024982929229736328,medmcqa_5,"['PBMD', 'PBMD', 'PBMD']","[467572377853998864, 467572377855394114, 467572377854871886]","[0.8123944997787476, 0.805361270904541, 0.8010725975036621]"
0562f9b0-ab89-4d48-a0aa-ff45d45ed81e,Forensic Medicine,0.00141143798828125,0.99609375,0.0006256103515625,0.00070953369140625,True,B,0.024717330932617188,medmcqa_5,"['STAT', 'STAT', 'STAT']","[467572377850271644, 467572377850271666, 467572377850271655]","[0.751578152179718, 0.7330354452133179, 0.7235276103019714]"
c1119ecc-0ead-4386-9097-0f77901b77e4,Forensic Medicine,0.94921875,0.032470703125,0.017333984375,0.000762939453125,True,A,0.03198099136352539,medmcqa_5,"['PBMD', 'PBMD', 'PBMD']","[467572377856412465, 467572377850803690, 467572377853353338]","[0.7842952609062195, 0.7719850540161133, 0.7637813091278076]"
7774e019-b96b-4a25-a2db-0f76e286f758,Forensic Medicine,0.73828125,0.11328125,0.10009765625,0.04736328125,True,A,0.025257349014282227,medmcqa_5,"['PBMD', 'PBMD', 'PBMD']","[467572377854895063, 467572377852302884, 467572377855049477]","[0.6904822587966919, 0.6849997043609619, 0.6845957040786743]"
70b8237b-2069-4fb6-943e-1f286f65dc07,Forensic Medicine,0.255859375,0.54296875,0.10693359375,0.09423828125,False,C,0.03294658660888672,medmcqa_5,"['STAT', 'PBMD', 'PBMD']","[467572377850255174, 467572377855743928, 467572377856447678]","[0.8195392489433289, 0.7902565002441406, 0.7870489358901978]"
20d2413a-06b5-4de0-bea5-2e8afbab4df2,Forensic Medicine,0.06591796875,0.296875,0.62890625,0.0101318359375,False,B,0.02378249168395996,medmcqa_5,"['PBMD', 'PBMD', 'PBMD']","[467572377854548540, 467572377856427948, 467572377852127442]","[0.6401403546333313, 0.6391854882240295, 0.6389227509498596]"
aad1e6ed-949c-4502-9b6d-1a02ad7c1ab2,Forensic Medicine,0.039794921875,0.0198974609375,0.037353515625,0.90234375,True,D,0.032631874084472656,medmcqa_5,"['PBMD', 'PBMD', 'STAT']","[467572377855765593, 467572377856290592, 467572377850226531]","[0.695260763168335, 0.69179767370224, 0.6905194520950317]"
dcdbfa96-0c27-4dc5-8790-8d722af5fd07,Forensic Medicine,0.0037384033203125,0.97265625,0.00897216796875,0.01385498046875,True,B,0.026031017303466797,medmcqa_5,"['PBMD', 'PBMD', 'STAT']","[467572377854607731, 467572377856613961, 467572377850789809]","[0.6776515245437622, 0.6621220707893372, 0.6439204216003418]"
126b14c4-e82a-4f9f-98c7-956fa9f3ac81,Forensic Medicine,0.021728515625,0.05224609375,0.92578125,0.001678466796875,True,C,0.033164024353027344,medmcqa_5,"['PBMD', 'PBMD', 'PBMD']","[467572377853046113, 467572377852929212, 467572377855508900]","[0.7461332082748413, 0.7342182397842407, 0.7267261743545532]"
0396b39b-e68a-432c-bda8-ff40fb3d0f53,Forensic Medicine,0.0031890869140625,0.01190185546875,0.04150390625,0.9453125,True,D,0.03324723243713379,medmcqa_5,"['PBMD', 'PBMD', 'PBMD']","[467572377852531915, 467572377853581317, 467572377850975879]","[0.8204275965690613, 0.816291093826294, 0.8133900165557861]"
4920ff30-cda7-45aa-b690-a9dfcafdd384,Forensic Medicine,0.150390625,0.41015625,0.2197265625,0.2197265625,False,D,0.03685712814331055,medmcqa_5,"['PBMD', 'PBMD', 'PBMD']","[467572377853092158, 467572377856096790, 467572377853185531]","[0.7180790305137634, 0.7171283960342407, 0.7170700430870056]"
9c8c25d1-f777-4b6b-b33a-f669e561fd3c,Forensic Medicine,0.373046875,0.255859375,0.255859375,0.11376953125,False,B,0.02655506134033203,medmcqa_5,"['TEXT', 'PBMD', 'STAT']","[467523489549996266, 467572377853295090, 467572377850671061]","[0.7284345030784607, 0.7266570925712585, 0.720188558101654]"
a7d19059-62bd-4d1f-aeee-998295e0eaab,Forensic Medicine,0.044677734375,0.8984375,0.053955078125,0.00323486328125,False,A,0.025935649871826172,medmcqa_5,"['STAT', 'STAT', 'TEXT']","[467572377850386242, 467572377850386152, 467523489549706915]","[0.6842318773269653, 0.6598715782165527, 0.6586173176765442]"
f975a563-2746-4aa3-902e-d1dec1ba9875,Forensic Medicine,0.0218505859375,0.142578125,0.0159912109375,0.8203125,True,D,0.03118300437927246,medmcqa_5,"['PBMD', 'PBMD', 'PBMD']","[467572377852190008, 467572377852761181, 467572377854967401]","[0.7356664538383484, 0.7250093221664429, 0.7184453010559082]"
b24e7952-7639-45cd-9f40-2682c6064203,Forensic Medicine,0.91796875,0.02294921875,0.037841796875,0.0216064453125,True,A,0.023982524871826172,medmcqa_5,"['PBMD', 'PBMD', 'PBMD']","[467572377850932693, 467572377853197520, 467572377852479865]","[0.7492057085037231, 0.7322377562522888, 0.7276179790496826]"
dfb57d4b-c66a-45aa-b9a7-253320347ea5,Forensic Medicine,0.0087890625,0.89453125,0.01361083984375,0.0830078125,True,B,0.03090047836303711,medmcqa_5,"['PBMD', 'PBMD', 'PBMD']","[467572377853948798, 467572377853323626, 467572377855274223]","[0.6668757796287537, 0.6586493849754333, 0.6454998850822449]"
23d4be0c-4b0c-4c40-9328-bf5f2d8e1a44,Forensic Medicine,0.00543212890625,0.0034942626953125,0.0201416015625,0.97265625,True,D,0.028406620025634766,medmcqa_5,"['PBMD', 'PBMD', 'PBMD']","[467572377854417797, 467572377853753666, 467572377854955396]","[0.7972010374069214, 0.7947741746902466, 0.776229977607727]"
ab82593e-d109-45e4-a067-bfab3a9a6eb5,Forensic Medicine,0.275390625,0.1669921875,0.3125,0.2431640625,True,C,0.025989055633544922,medmcqa_5,"['PBMD', 'PBMD', 'PBMD']","[467572377854124923, 467572377852827079, 467572377853592128]","[0.7998706102371216, 0.767737090587616, 0.7569878101348877]"
50601132-81ab-4240-b4b6-a3dd56d72d55,Forensic Medicine,0.1552734375,0.06494140625,0.0830078125,0.6953125,False,B,0.02744150161743164,medmcqa_5,"['STAT', 'PBMD', 'PBMD']","[467572377850275680, 467572377854279909, 467572377852566621]","[0.6220394372940063, 0.605109453201294, 0.5822131037712097]"
4d79e291-8a7b-4f4e-aba6-4e1123ba0d21,Forensic Medicine,0.004852294921875,0.00799560546875,0.0035400390625,0.984375,True,D,0.026801347732543945,medmcqa_5,"['STAT', 'PBMD', 'PBMD']","[467572377850629358, 467572377855193638, 467572377852753539]","[0.8044590950012207, 0.7884880304336548, 0.7842024564743042]"
c36425ca-a823-4950-922d-ccf6432d30dd,ENT,0.00141143798828125,1.0,0.0003147125244140625,0.00013065338134765625,True,B,0.02696514129638672,medmcqa_5,"['PBMD', 'PBMD', 'PBMD']","[467572377852197802, 467572377854680178, 467572377852187153]","[0.7927714586257935, 0.7900985479354858, 0.7868173122406006]"
f4b265f8-394c-47be-adfd-2f9cafc7c260,ENT,0.96875,0.0137939453125,0.00836181640625,0.01007080078125,True,A,0.04082489013671875,medmcqa_5,"['PBMD', 'TEXT', 'TEXT']","[467572377854276576, 467523489549676486, 467523489549676503]","[0.8149585723876953, 0.8032097816467285, 0.7923951148986816]"
aec75b88-8bf0-424a-8509-7b8957edd0e3,ENT,0.047607421875,0.12890625,0.166015625,0.65625,True,D,0.02373528480529785,medmcqa_5,"['PBMD', 'PBMD', 'STAT']","[467572377854795942, 467572377852584469, 467572377850740885]","[0.7346291542053223, 0.721001386642456, 0.7127856016159058]"
8d244a9c-d978-496b-8237-5fdc2a209342,ENT,0.68359375,0.11865234375,0.1953125,0.003814697265625,True,A,0.025511980056762695,medmcqa_5,"['PBMD', 'PBMD', 'STAT']","[467572377855957078, 467572377853158465, 467572377850402273]","[0.8069064617156982, 0.8064526319503784, 0.8053644895553589]"
e285f8f2-9e35-49ee-ac39-3de894d5f47c,ENT,0.046630859375,0.93359375,0.00811767578125,0.0103759765625,True,B,0.03363847732543945,medmcqa_5,"['PBMD', 'PBMD', 'PBMD']","[467572377856933896, 467572377855307247, 467572377855652160]","[0.7785053849220276, 0.7744617462158203, 0.7726854085922241]"
262d4100-f9b6-4f7e-931b-e52315171b97,ENT,0.0322265625,0.94140625,0.0172119140625,0.00921630859375,True,B,0.03252696990966797,medmcqa_5,"['PBMD', 'PBMD', 'PBMD']","[467572377854691814, 467572377852195442, 467572377854944812]","[0.8166226148605347, 0.8148380517959595, 0.8102068305015564]"
89fc9045-cfd8-4df6-afa5-8c3aab17f8eb,ENT,0.03564453125,0.232421875,0.298828125,0.43359375,True,D,0.03172779083251953,medmcqa_5,"['PBMD', 'PBMD', 'PBMD']","[467572377854041574, 467572377854109552, 467572377854951691]","[0.74924236536026, 0.7478809952735901, 0.7445218563079834]"
3fe3c32c-5a11-4bce-8f54-a2e957491831,ENT,0.9453125,0.004638671875,0.010498046875,0.04150390625,True,A,0.03220319747924805,medmcqa_5,"['STAT', 'STAT', 'PBMD']","[467572377850372598, 467572377850372600, 467572377853708201]","[0.8467421531677246, 0.8435264825820923, 0.8152322769165039]"
535a1097-e75b-42d3-82fc-8c64db26ddca,ENT,0.041259765625,0.2373046875,0.64453125,0.0771484375,False,A,0.02966022491455078,medmcqa_5,"['STAT', 'STAT', 'STAT']","[467572377850241247, 467572377850268038, 467572377850388649]","[0.7480687499046326, 0.7388222217559814, 0.7329877614974976]"
9c4f55e5-a588-40e3-be24-a823545ec697,ENT,0.2734375,0.1005859375,0.578125,0.047607421875,True,C,0.03266716003417969,medmcqa_5,"['PBMD', 'STAT', 'PBMD']","[467572377850853954, 467572377850765635, 467572377852817726]","[0.700599730014801, 0.6993283629417419, 0.693405032157898]"
d631ebae-3b57-4060-9ac5-759a1766f4fe,ENT,0.984375,0.01092529296875,0.0035552978515625,0.00010061264038085938,True,A,0.03914666175842285,medmcqa_5,"['PBMD', 'TEXT', 'PBMD']","[467572377853927786, 467523489549951492, 467572377854902075]","[0.8084039092063904, 0.8054295778274536, 0.80431067943573]"
01ce1ac3-f3f6-4baa-9797-1e830694340c,ENT,0.9765625,0.0157470703125,0.0074462890625,0.0003948211669921875,True,A,0.02715015411376953,medmcqa_5,"['STAT', 'PBMD', 'STAT']","[467572377850641685, 467572377855229620, 467572377850267640]","[0.7466909289360046, 0.7325056791305542, 0.7320430874824524]"
9a2d1b42-37ee-4971-9b08-fcc6a770387b,ENT,0.416015625,0.0439453125,0.251953125,0.287109375,True,A,0.027701139450073242,medmcqa_5,"['PBMD', 'PBMD', 'TEXT']","[467572377853313506, 467572377853272054, 467523489549947379]","[0.8159251809120178, 0.8129884004592896, 0.8102940320968628]"
ea02ec1a-85aa-48e0-827e-96612c029eee,ENT,0.2255859375,0.007720947265625,0.2890625,0.4765625,True,D,0.02850484848022461,medmcqa_5,"['STAT', 'TEXT', 'PBMD']","[467572377850683347, 467523489549980482, 467572377853109488]","[0.8545441031455994, 0.8378440141677856, 0.8285129070281982]"
02b5e3a9-e83c-4579-afc6-901bf0b2ea0e,ENT,0.859375,0.0908203125,0.033447265625,0.0157470703125,True,A,0.03291153907775879,medmcqa_5,"['STAT', 'PBMD', 'PBMD']","[467572377850333505, 467572377855880954, 467572377854055082]","[0.805595874786377, 0.800631582736969, 0.7970016598701477]"
9a703c66-4f32-413b-822d-bc4b47df24e4,ENT,0.00180816650390625,0.001922607421875,0.0002765655517578125,0.99609375,True,D,0.02575373649597168,medmcqa_5,"['PBMD', 'PBMD', 'PBMD']","[467572377854012869, 467572377855173439, 467572377852693628]","[0.8809451460838318, 0.8654319047927856, 0.8176968693733215]"
95aa027d-ac63-4982-a47f-888a96fdbe53,ENT,0.94140625,0.00982666015625,0.0322265625,0.0152587890625,True,A,0.0270383358001709,medmcqa_5,"['STAT', 'PBMD', 'PBMD']","[467572377850664083, 467572377856021445, 467572377853322561]","[0.5950361490249634, 0.5438902974128723, 0.5420709252357483]"
093e1f49-b08c-474b-9c01-e84369a4d445,ENT,0.470703125,0.1533203125,0.22265625,0.1533203125,False,B,0.026266098022460938,medmcqa_5,"['STAT', 'STAT', 'PBMD']","[467572377850768744, 467572377850344562, 467572377855319694]","[0.7490400671958923, 0.7398035526275635, 0.7345204949378967]"
19a74fb3-c9b3-4725-a602-ec85379b448a,ENT,0.2431640625,0.66015625,0.0791015625,0.01556396484375,True,B,0.026033639907836914,medmcqa_5,"['PBMD', 'PBMD', 'PBMD']","[467572377854446206, 467572377853311664, 467572377854468018]","[0.8262110352516174, 0.8155362606048584, 0.8136565089225769]"
424765d4-aaf5-4a7e-8306-3f59a79f0689,ENT,0.36328125,0.3203125,0.283203125,0.03369140625,False,B,0.03382706642150879,medmcqa_5,"['PBMD', 'PBMD', 'PBMD']","[467572377852297673, 467572377854748461, 467572377854114515]","[0.8135790824890137, 0.7960081100463867, 0.7827551364898682]"
298ca8d2-7522-44bc-a7e4-18e1cc98ebd0,Pediatrics,0.314453125,0.19140625,0.27734375,0.216796875,False,C,0.02978372573852539,medmcqa_5,"['PBMD', 'STAT', 'TEXT']","[467572377855167621, 467572377850776394, 467523489549979171]","[0.7617675065994263, 0.7515488266944885, 0.7487155199050903]"
24a1c781-c30b-411e-bdce-1da3a026a2e6,Pediatrics,0.2080078125,0.44140625,0.2080078125,0.142578125,False,A,0.026033639907836914,medmcqa_5,"['PBMD', 'STAT', 'PBMD']","[467572377854984991, 467572377850646866, 467572377854790394]","[0.7765167951583862, 0.774004340171814, 0.7706506848335266]"
714a6fa3-f1ec-4cd4-881d-28b22e1f2d63,Pediatrics,0.71875,0.05908203125,0.2060546875,0.016845703125,True,A,0.026055574417114258,medmcqa_5,"['TEXT', 'STAT', 'TEXT']","[467523489549965990, 467572377850294387, 467523489549977083]","[0.945085883140564, 0.8599831461906433, 0.8269342184066772]"
71a1566b-d130-4be1-a097-850508d34735,Pediatrics,0.287109375,0.2236328125,0.369140625,0.11962890625,False,A,0.033811092376708984,medmcqa_5,"['STAT', 'STAT', 'PBMD']","[467572377850224437, 467572377850282596, 467572377856341183]","[0.8239538669586182, 0.8185305595397949, 0.8157858848571777]"
6e0739f4-b554-47df-bf76-9150e08f5720,Pediatrics,0.9765625,0.016845703125,0.005462646484375,8.296966552734375e-05,True,A,0.03152036666870117,medmcqa_5,"['TEXT', 'PBMD', 'PBMD']","[467523489549693693, 467572377850878288, 467572377855354190]","[0.7942711710929871, 0.7717909216880798, 0.766845703125]"
fe2054b1-9e52-413a-babd-a6502a961824,Pediatrics,0.486328125,0.07958984375,0.0546875,0.37890625,True,A,0.02515697479248047,medmcqa_5,"['PBMD', 'PBMD', 'PBMD']","[467572377852963727, 467572377853372455, 467572377852269197]","[0.7985552549362183, 0.7886618971824646, 0.781226396560669]"
8f1348c2-7c4d-4951-9714-dd4b2723b19f,Pediatrics,0.0191650390625,0.92578125,0.040771484375,0.01495361328125,True,B,0.025104284286499023,medmcqa_5,"['PBMD', 'PBMD', 'PBMD']","[467572377855544214, 467572377852242294, 467572377853888106]","[0.8120280504226685, 0.8042457699775696, 0.8018065690994263]"
31ecfe9a-45f3-46db-802c-6bf6a560b55e,Pediatrics,0.2119140625,0.11376953125,0.1650390625,0.5078125,True,D,0.03429365158081055,medmcqa_5,"['PBMD', 'PBMD', 'PBMD']","[467572377853139229, 467572377853196787, 467572377852049372]","[0.7927728295326233, 0.7853813171386719, 0.7839783430099487]"
fdfbe5ca-1d5b-4492-a126-5beb70d352c6,Pediatrics,0.015869140625,0.263671875,0.71484375,0.003753662109375,True,C,0.03118157386779785,medmcqa_5,"['PBMD', 'PBMD', 'PBMD']","[467572377853495422, 467572377854943427, 467572377854811727]","[0.7807039022445679, 0.7790329456329346, 0.7771236896514893]"
3615748b-bfd9-4b2c-a15c-c87d998e6863,Pediatrics,0.046875,0.345703125,0.5703125,0.036376953125,True,C,0.03309750556945801,medmcqa_5,"['PBMD', 'PBMD', 'PBMD']","[467572377853202569, 467572377853242540, 467572377854410353]","[0.8727984428405762, 0.8624329566955566, 0.8574017882347107]"
3b0f8f8f-99ca-4016-a08d-26264eb3daba,Pediatrics,0.03173828125,0.33984375,0.5625,0.06689453125,False,B,0.024848461151123047,medmcqa_5,"['STAT', 'PBMD', 'STAT']","[467572377850653564, 467572377855083428, 467572377850746073]","[0.7441691160202026, 0.7236297726631165, 0.7034305334091187]"
c8ed0948-f3e7-40fc-a4f3-eeec566f2a1f,Pediatrics,0.298828125,0.33984375,0.263671875,0.09716796875,True,B,0.03112006187438965,medmcqa_5,"['STAT', 'PBMD', 'STAT']","[467572377850252900, 467572377852507140, 467572377850252899]","[0.8007239103317261, 0.7943325042724609, 0.7941390872001648]"
9d7f566a-b264-4c6b-93da-7757b560901e,Pediatrics,0.0120849609375,0.0225830078125,0.9609375,0.0028839111328125,True,C,0.03761458396911621,medmcqa_5,"['PBMD', 'PBMD', 'PBMD']","[467572377852560955, 467572377855433447, 467572377853425417]","[0.7629485130310059, 0.7596606016159058, 0.7514334321022034]"
e0e247dd-513d-4602-a4c8-b7a3acdcd5f0,Pediatrics,0.5859375,0.16796875,0.130859375,0.115234375,False,D,0.02604079246520996,medmcqa_5,"['PBMD', 'PBMD', 'PBMD']","[467572377854560137, 467572377854835737, 467572377855015927]","[0.8002095818519592, 0.7870758771896362, 0.7768216729164124]"
c00817fe-b7ea-444e-9e61-319c5497d427,Pediatrics,0.0751953125,0.43359375,0.43359375,0.05859375,False,A,0.034520626068115234,medmcqa_5,"['STAT', 'STAT', 'PBMD']","[467572377850735946, 467572377850735949, 467572377855143499]","[0.7797892093658447, 0.7498699426651001, 0.7473142743110657]"
b3e6c6d1-48ca-40d8-b1ae-9a45feb87116,Pediatrics,1.0,0.00170135498046875,0.0001392364501953125,8.487701416015625e-05,True,A,0.02426314353942871,medmcqa_5,"['STAT', 'STAT', 'STAT']","[467572377850306689, 467572377850244866, 467572377850244928]","[0.84916752576828, 0.842614471912384, 0.8373476266860962]"
112a0759-42f3-4cdd-84be-6483f2e53804,Pediatrics,0.9921875,0.0048828125,0.002044677734375,0.00066375732421875,True,A,0.03155231475830078,medmcqa_5,"['PBMD', 'PBMD', 'PBMD']","[467572377854226666, 467572377853708776, 467572377853849736]","[0.8168736696243286, 0.8160065412521362, 0.8158184289932251]"
74459b14-b86b-4dd6-acca-bc6dd7bad188,Pediatrics,0.10205078125,0.03125,0.27734375,0.58984375,True,D,0.025247573852539062,medmcqa_5,"['PBMD', 'PBMD', 'PBMD']","[467572377854080635, 467572377856135851, 467572377852121150]","[0.806708574295044, 0.8022984266281128, 0.7988598346710205]"
9fc8b8ee-4a3b-424c-b539-bd13f6be6d40,Pediatrics,0.00506591796875,0.90625,0.07421875,0.01556396484375,True,B,0.02614450454711914,medmcqa_5,"['STAT', 'STAT', 'STAT']","[467572377850378688, 467572377850378685, 467572377850307891]","[0.8280243873596191, 0.8234565258026123, 0.8229137659072876]"
837361af-b5c0-4c14-9548-0cf12b1aa3e3,Pediatrics,0.96875,0.02587890625,0.00421142578125,0.0004444122314453125,True,A,0.030786991119384766,medmcqa_5,"['STAT', 'STAT', 'TEXT']","[467572377850722921, 467572377850226783, 467523489549978877]","[0.7891297340393066, 0.7887094616889954, 0.777230978012085]"
883be1ed-d27e-4e94-8453-9bcbb4437bcb,Psychiatry,0.004486083984375,0.00016307830810546875,0.02587890625,0.96875,True,D,0.03284335136413574,medmcqa_5,"['PBMD', 'PBMD', 'PBMD']","[467572377852711210, 467572377853112462, 467572377852867857]","[0.859458327293396, 0.8519468307495117, 0.846680223941803]"
eb8c0d33-d4ab-4c73-b081-d3c16c4333dd,Psychiatry,0.390625,0.1630859375,0.208984375,0.2373046875,True,A,0.023422956466674805,medmcqa_5,"['PBMD', 'PBMD', 'PBMD']","[467572377853911559, 467572377856454627, 467572377853015309]","[0.8115538954734802, 0.8097530603408813, 0.8077125549316406]"
b790a80a-11fa-4659-ab44-cd79ea6095d8,Psychiatry,0.0201416015625,0.00543212890625,0.216796875,0.7578125,False,C,0.03748798370361328,medmcqa_5,"['PBMD', 'PBMD', 'PBMD']","[467572377852140035, 467572377854950164, 467572377855458490]","[0.8336536288261414, 0.772383987903595, 0.7608566880226135]"
9dfe13f9-7001-4fe1-af82-e590ee5b4fc7,Psychiatry,0.94921875,0.036865234375,0.006011962890625,0.006011962890625,True,A,0.03230643272399902,medmcqa_5,"['TEXT', 'PBMD', 'PBMD']","[467523489549976913, 467572377852279075, 467572377853984568]","[0.8197387456893921, 0.7956861853599548, 0.787510335445404]"
cd955cf3-4d18-4e4d-8986-173005ebf2b1,Psychiatry,0.0147705078125,0.00616455078125,0.97265625,0.004791259765625,True,C,0.03172779083251953,medmcqa_5,"['STAT', 'PBMD', 'PBMD']","[467572377850283374, 467572377852703869, 467572377856966086]","[0.747554361820221, 0.7423012852668762, 0.7264703512191772]"
2b07d749-6aae-4f68-88ce-a87fe4263590,Psychiatry,0.0106201171875,0.0224609375,0.0106201171875,0.95703125,True,D,0.02337932586669922,medmcqa_5,"['PBMD', 'PBMD', 'PBMD']","[467572377855161638, 467572377852155515, 467572377856110178]","[0.762174129486084, 0.7432646751403809, 0.7429588437080383]"
05c62b6d-1f52-47af-82b3-e5b151dbceae,Psychiatry,0.000335693359375,1.0,0.00019073486328125,0.00019073486328125,True,B,0.03316211700439453,medmcqa_5,"['STAT', 'PBMD', 'PBMD']","[467572377850759404, 467572377852030709, 467572377853594300]","[0.7924526929855347, 0.7422020435333252, 0.7360117435455322]"
1d939c71-c8f5-42a8-94a1-62b3f85c2445,Psychiatry,0.1171875,0.59765625,0.0380859375,0.248046875,False,C,0.03285694122314453,medmcqa_5,"['PBMD', 'PBMD', 'PBMD']","[467572377855088953, 467572377853971458, 467572377853157123]","[0.8492716550827026, 0.8359129428863525, 0.8244624137878418]"
8839c6d6-5c2f-40ec-9a99-cebba82e6cfd,Psychiatry,1.0,0.000431060791015625,6.580352783203125e-05,5.4836273193359375e-05,True,A,0.023046255111694336,medmcqa_5,"['STAT', 'PBMD', 'STAT']","[467572377850243165, 467572377854337734, 467572377850330836]","[0.8067147135734558, 0.7754808068275452, 0.7657946348190308]"
748f7d36-3003-4c7c-a466-3136f543c0b4,Psychiatry,0.0023193359375,0.99609375,0.00124359130859375,0.00012302398681640625,True,B,0.023561954498291016,medmcqa_5,"['PBMD', 'PBMD', 'STAT']","[467572377850809977, 467572377853565278, 467572377850707541]","[0.777292788028717, 0.7763824462890625, 0.7698396444320679]"
fd8ef88d-5c1d-408a-8821-22c2ad3a590f,Psychiatry,0.036865234375,0.0223388671875,0.83984375,0.1005859375,True,C,0.03497314453125,medmcqa_5,"['PBMD', 'PBMD', 'PBMD']","[467572377855814865, 467572377852858917, 467572377856381508]","[0.7758182883262634, 0.7701873779296875, 0.7693480849266052]"
2808a668-f004-4da9-b1db-921d288cd4e0,Psychiatry,0.0035858154296875,0.000705718994140625,0.0029754638671875,0.9921875,True,D,0.02367687225341797,medmcqa_5,"['PBMD', 'PBMD', 'PBMD']","[467572377852276150, 467572377854973123, 467572377852318162]","[0.769494891166687, 0.7629029750823975, 0.7621557712554932]"
ef19c341-f7eb-435c-845a-31d1bc7bd609,Psychiatry,0.00147247314453125,0.1328125,0.86328125,0.00177764892578125,True,C,0.03736162185668945,medmcqa_5,"['PBMD', 'PBMD', 'PBMD']","[467572377855817269, 467572377853827375, 467572377853840239]","[0.7682780027389526, 0.7665135860443115, 0.7656615972518921]"
a5f14e18-3470-49df-bf06-9aa54cf40abd,Psychiatry,0.037109375,0.00185394287109375,0.9609375,0.00072479248046875,True,C,0.03217482566833496,medmcqa_5,"['PBMD', 'PBMD', 'PBMD']","[467572377855943213, 467572377855674511, 467572377855812850]","[0.7975144386291504, 0.7952872514724731, 0.776408851146698]"
46f9097d-3901-4f3e-95f9-9523454d0a8d,Psychiatry,0.001495361328125,0.00090789794921875,0.0021820068359375,0.99609375,True,D,0.024018526077270508,medmcqa_5,"['PBMD', 'PBMD', 'PBMD']","[467572377856684912, 467572377855015408, 467572377856846742]","[0.8000545501708984, 0.7713272571563721, 0.7708160877227783]"
0a3261b6-dbfd-4a77-a14a-06069c17f087,Psychiatry,0.0016937255859375,0.99609375,0.000514984130859375,0.0029754638671875,True,B,0.025457143783569336,medmcqa_5,"['PBMD', 'PBMD', 'PBMD']","[467572377852127071, 467572377855006738, 467572377855913166]","[0.7653231024742126, 0.7568593621253967, 0.7477641105651855]"
39eb0f13-d1ca-408b-9475-731c9c82aa19,Psychiatry,0.76953125,0.220703125,0.008544921875,0.00148773193359375,False,B,0.03187847137451172,medmcqa_5,"['PBMD', 'PBMD', 'PBMD']","[467572377853448839, 467572377853292706, 467572377855993440]","[0.7470804452896118, 0.7452126741409302, 0.7444809079170227]"
f9b2df9a-27d1-4069-a13c-5c563f0fc9eb,Psychiatry,0.361328125,0.318359375,0.248046875,0.0712890625,False,B,0.0292510986328125,medmcqa_5,"['PBMD', 'PBMD', 'PBMD']","[467572377853485592, 467572377853056540, 467572377854108726]","[0.6417566537857056, 0.6241860389709473, 0.6209537386894226]"
962ad1c0-329d-479e-adb5-335536b3b908,Psychiatry,0.036865234375,0.94921875,0.00531005859375,0.00872802734375,True,B,0.026660442352294922,medmcqa_5,"['PBMD', 'PBMD', 'PBMD']","[467572377854037327, 467572377855050757, 467572377856266346]","[0.8124019503593445, 0.8065385818481445, 0.7852714657783508]"
0346fe2c-5307-4671-b8d2-4da4d8940442,Psychiatry,0.00170135498046875,0.99609375,0.00131988525390625,0.0004024505615234375,True,B,0.035466909408569336,medmcqa_5,"['PBMD', 'PBMD', 'PBMD']","[467572377853556066, 467572377854432326, 467572377856084846]","[0.7905023694038391, 0.7786901593208313, 0.7659879326820374]"
b54da3ac-d32d-43c3-8221-6e3b8cb5142d,Anaesthesia,0.49609375,0.341796875,0.019287109375,0.142578125,True,A,0.03300881385803223,medmcqa_5,"['PBMD', 'PBMD', 'PBMD']","[467572377852280661, 467572377855707785, 467572377853370932]","[0.8521143198013306, 0.8485797047615051, 0.8430888652801514]"
a8dc64e9-b176-42dc-bf7b-10d1e2d7c4c1,Anaesthesia,0.004058837890625,0.00116729736328125,0.9921875,0.000850677490234375,True,C,0.025888681411743164,medmcqa_5,"['PBMD', 'PBMD', 'PBMD']","[467572377852914092, 467572377853390611, 467572377852579668]","[0.8124736547470093, 0.7949485778808594, 0.7891370058059692]"
a00a959c-76c1-4f53-863f-98e8ad87725e,Anaesthesia,0.330078125,0.291015625,0.330078125,0.050537109375,True,A,0.02513289451599121,medmcqa_5,"['PBMD', 'PBMD', 'PBMD']","[467572377854407302, 467572377855658800, 467572377852923069]","[0.8396602272987366, 0.8290318250656128, 0.8209006786346436]"
f40f86c2-439d-4abf-acfc-ce2f1ee4a413,Anaesthesia,0.61328125,0.00823974609375,0.006805419921875,0.37109375,True,A,0.025848388671875,medmcqa_5,"['STAT', 'STAT', 'STAT']","[467572377850306878, 467572377850248560, 467572377850760969]","[0.7818217277526855, 0.7782053351402283, 0.7713730335235596]"
bd196a9c-0f6f-4c43-b9ba-aae4f6158e86,Anaesthesia,1.0,0.00102996826171875,0.000553131103515625,0.000335693359375,True,A,0.024522066116333008,medmcqa_5,"['PBMD', 'PBMD', 'PBMD']","[467572377852125326, 467572377856711918, 467572377854633298]","[0.8119998574256897, 0.8071374297142029, 0.7948365211486816]"
b68944de-ef65-49a0-8fdf-29b3ca529a97,Anaesthesia,0.546875,0.10791015625,0.11474609375,0.228515625,False,B,0.03597521781921387,medmcqa_5,"['PBMD', 'PBMD', 'STAT']","[467572377855764630, 467572377856891718, 467572377850319925]","[0.7676861882209778, 0.7494552135467529, 0.7470703125]"
f3d414a5-66da-43aa-a1f8-9bdc33f4492c,Anaesthesia,0.1962890625,0.1962890625,0.28515625,0.322265625,True,D,0.029526710510253906,medmcqa_5,"['PBMD', 'PBMD', 'STAT']","[467572377854419495, 467572377852048553, 467572377850771276]","[0.639232337474823, 0.6233345866203308, 0.6200403571128845]"
b6a2d770-5da9-44d0-80a1-a85cb481a384,Anaesthesia,0.66796875,0.10205078125,0.11572265625,0.11572265625,True,A,0.027492761611938477,medmcqa_5,"['PBMD', 'PBMD', 'PBMD']","[467572377856501894, 467572377855160721, 467572377856136824]","[0.8340591192245483, 0.8291217684745789, 0.8281785249710083]"
fce43fbd-f307-4a2c-8897-7ac57cbc0f6f,Anaesthesia,0.435546875,0.337890625,0.0458984375,0.181640625,False,B,0.03342604637145996,medmcqa_5,"['PBMD', 'PBMD', 'PBMD']","[467572377854098187, 467572377853670353, 467572377855092810]","[0.8374870419502258, 0.8092237114906311, 0.8015166521072388]"
c011159e-f694-48d6-9cca-d4c8f51ec648,Anaesthesia,0.99609375,0.0021820068359375,0.0002765655517578125,3.314018249511719e-05,True,A,0.03792619705200195,medmcqa_5,"['PBMD', 'PBMD', 'PBMD']","[467572377852127751, 467572377856454616, 467572377854800502]","[0.7814345359802246, 0.7778561115264893, 0.762747049331665]"
87c4aa7c-a012-46b4-9b95-379c56b374c2,Anaesthesia,0.9609375,0.0064697265625,0.003936767578125,0.029052734375,True,A,0.0249636173248291,medmcqa_5,"['STAT', 'PBMD', 'PBMD']","[467572377850251763, 467572377855475812, 467572377854108780]","[0.8099763989448547, 0.778450608253479, 0.772364616394043]"
4512c4eb-6995-41ea-bb53-fd394ad204e8,Anaesthesia,0.97265625,0.00653076171875,0.017822265625,0.004791259765625,True,A,0.047722816467285156,medmcqa_5,"['PBMD', 'PBMD', 'PBMD']","[467572377852922838, 467572377852876051, 467572377854358018]","[0.7659175395965576, 0.7581502199172974, 0.7580474615097046]"
e733b00e-92f3-4f78-951f-ddc12090ebf7,Anaesthesia,0.43359375,0.26171875,0.1806640625,0.1240234375,False,D,0.023693084716796875,medmcqa_5,"['PBMD', 'PBMD', 'PBMD']","[467572377854931991, 467572377854361565, 467572377852863871]","[0.744601309299469, 0.7284229397773743, 0.720848023891449]"
f9f0eabb-d2a5-4f24-b509-93ecc05371e4,Anaesthesia,0.0079345703125,0.017822265625,0.97265625,0.000736236572265625,True,C,0.027661800384521484,medmcqa_5,"['PBMD', 'PBMD', 'STAT']","[467572377854096548, 467572377850958534, 467572377850786511]","[0.7928217053413391, 0.7819170951843262, 0.767214834690094]"
c403aa56-c462-44e1-af85-3a42285d2252,Anaesthesia,0.044921875,0.484375,0.177734375,0.29296875,False,A,0.03228354454040527,medmcqa_5,"['PBMD', 'PBMD', 'PBMD']","[467572377854758587, 467572377850998656, 467572377852205725]","[0.8128732442855835, 0.799468994140625, 0.7875698804855347]"
edd05876-367c-404b-b074-5c29d7cf7b8f,Anaesthesia,0.0224609375,0.06884765625,0.7421875,0.166015625,True,C,0.0320587158203125,medmcqa_5,"['TEXT', 'TEXT', 'TEXT']","[467523489549981546, 467523489549981544, 467523489549981545]","[0.8026041388511658, 0.7844580411911011, 0.7611677646636963]"
c499560f-be25-4d9b-bee2-2be2d5a5faf0,Anaesthesia,0.482421875,0.0576171875,0.375,0.083984375,False,D,0.025766372680664062,medmcqa_5,"['STAT', 'STAT', 'STAT']","[467572377850278387, 467572377850278374, 467572377850278398]","[0.6628162264823914, 0.6628162264823914, 0.6628162264823914]"
25eab88d-6b83-4d3e-8345-9af3d21ac14c,Anaesthesia,0.0390625,0.65234375,0.1455078125,0.1650390625,True,B,0.026067256927490234,medmcqa_5,"['PBMD', 'PBMD', 'PBMD']","[467572377855669351, 467572377852800974, 467572377855585575]","[0.78407883644104, 0.7759076952934265, 0.7752156257629395]"
653fbea7-3a1f-41e2-87fc-e541eb92292b,Anaesthesia,0.04345703125,0.1181640625,0.8203125,0.019287109375,True,C,0.03321981430053711,medmcqa_5,"['PBMD', 'PBMD', 'TEXT']","[467572377854899622, 467572377854980523, 467523489549983498]","[0.7058249115943909, 0.7057669758796692, 0.6978039145469666]"
2f038814-5ef8-429e-a35e-e76973f38cb5,Anaesthesia,0.130859375,0.130859375,0.0703125,0.66796875,True,D,0.022747516632080078,medmcqa_5,"['STAT', 'STAT', 'STAT']","[467572377850654812, 467572377850727461, 467572377850272397]","[0.7960504293441772, 0.7933008670806885, 0.7930306196212769]"
8979e3c7-3d70-4d88-bb67-032ae9ca9fa2,Radiology,0.515625,0.244140625,0.1484375,0.08984375,True,A,0.03216218948364258,medmcqa_5,"['PBMD', 'PBMD', 'PBMD']","[467572377855895397, 467572377854836779, 467572377855142725]","[0.7412165403366089, 0.7370754480361938, 0.7361422777175903]"
5a1f91d9-660c-4395-9877-1b27721f074a,Radiology,0.1669921875,0.515625,0.3125,0.00732421875,True,B,0.036794185638427734,medmcqa_5,"['PBMD', 'PBMD', 'PBMD']","[467572377854312179, 467572377855474930, 467572377855593949]","[0.8100379705429077, 0.7999839782714844, 0.7960083484649658]"
51792de2-cb67-4321-ba2b-90febd992e5e,Radiology,0.98828125,0.002960205078125,0.008544921875,0.0002574920654296875,True,A,0.03553056716918945,medmcqa_5,"['PBMD', 'STAT', 'TEXT']","[467572377856590837, 467572377850299333, 467523489550007920]","[0.7781132459640503, 0.7669757604598999, 0.7665948867797852]"
06cd15f9-64eb-4adb-94c6-b356f2063b8c,Radiology,0.03662109375,0.94140625,0.0118408203125,0.00921630859375,True,B,0.03487873077392578,medmcqa_5,"['PBMD', 'PBMD', 'PBMD']","[467572377852298029, 467572377853207338, 467572377852201508]","[0.8300952911376953, 0.8171418905258179, 0.8108940720558167]"
049819f9-15f1-41a8-a2db-9c490daa97db,Radiology,0.01495361328125,0.040771484375,0.92578125,0.0191650390625,True,C,0.03189969062805176,medmcqa_5,"['PBMD', 'PBMD', 'PBMD']","[467572377852746110, 467572377854660626, 467572377854185583]","[0.8161298036575317, 0.8078636527061462, 0.7970728874206543]"
c8c9779d-0855-4933-a47c-4b22d33b2361,Radiology,0.98046875,0.01397705078125,0.0037689208984375,0.000743865966796875,True,A,0.028094053268432617,medmcqa_5,"['STAT', 'PBMD', 'PBMD']","[467572377850355990, 467572377853072051, 467572377856733498]","[0.7974366545677185, 0.7955878376960754, 0.753393292427063]"
879012d6-e876-4a5d-abb2-7f5b440aed29,Radiology,0.0031585693359375,0.9921875,0.00191497802734375,0.00109100341796875,True,B,0.03420519828796387,medmcqa_5,"['TEXT', 'PBMD', 'TEXT']","[467523489549955674, 467572377856593373, 467523489549956200]","[0.779778003692627, 0.7355507016181946, 0.7351158261299133]"
9b244d50-bb60-4dc1-a129-c34ec0716ddc,Radiology,0.01708984375,0.93359375,0.02197265625,0.0281982421875,False,C,0.03653764724731445,medmcqa_5,"['PBMD', 'PBMD', 'PBMD']","[467572377856698791, 467572377855706729, 467572377856562727]","[0.8102423548698425, 0.791791558265686, 0.7906999588012695]"
99aae6ac-1619-4537-a519-1d629b042eb2,Radiology,0.0277099609375,0.0245361328125,0.71484375,0.232421875,True,C,0.024029016494750977,medmcqa_5,"['STAT', 'PBMD', 'STAT']","[467572377850262263, 467572377853356332, 467572377850375227]","[0.8503646850585938, 0.82672518491745, 0.8263065814971924]"
7625a6cf-e07d-4462-bd8e-3f104f3e2f5b,Radiology,0.23046875,0.158203125,0.1796875,0.431640625,False,A,0.024392127990722656,medmcqa_5,"['PBMD', 'PBMD', 'PBMD']","[467572377851015881, 467572377852033822, 467572377853524895]","[0.8753405213356018, 0.8729420304298401, 0.8618724942207336]"
a03a406d-c0ea-41e7-ac2b-e7cee100bbfd,Radiology,0.2099609375,0.50390625,0.099609375,0.185546875,True,B,0.03348374366760254,medmcqa_5,"['PBMD', 'PBMD', 'PBMD']","[467572377855396221, 467572377855561877, 467572377854468954]","[0.597057044506073, 0.5959429740905762, 0.5917473435401917]"
61606fbf-3cad-43ed-aea7-2f6e7c180edb,Radiology,0.19140625,0.158203125,0.5546875,0.09619140625,False,B,0.031020402908325195,medmcqa_5,"['PBMD', 'PBMD', 'PBMD']","[467572377854127105, 467572377852809564, 467572377853773563]","[0.7676370143890381, 0.7672804594039917, 0.7602828145027161]"
988c1961-8dfd-4d50-a0df-ce879c5d8357,Radiology,0.000553131103515625,0.99609375,0.00159454345703125,0.000553131103515625,True,B,0.02571892738342285,medmcqa_5,"['PBMD', 'PBMD', 'PBMD']","[467572377856302540, 467572377853402048, 467572377853658899]","[0.7942591905593872, 0.7861346006393433, 0.7802900671958923]"
0f9f1879-a49b-4c7a-816e-6dd8d379a5fb,Radiology,0.287109375,0.6875,0.020751953125,0.0052490234375,True,B,0.026667118072509766,medmcqa_5,"['PBMD', 'PBMD', 'PBMD']","[467572377852950682, 467572377854948167, 467572377854106705]","[0.8664803504943848, 0.8478696346282959, 0.8467743396759033]"
7d8bb245-41d7-4e8a-b1e9-f0117a8834fa,Radiology,0.09619140625,0.09619140625,0.09619140625,0.7109375,True,D,0.030919551849365234,medmcqa_5,"['PBMD', 'PBMD', 'PBMD']","[467572377856339276, 467572377853924133, 467572377856877366]","[0.8472690582275391, 0.8222809433937073, 0.8217138051986694]"
4e5f5a65-b1f5-40a3-8ff3-d2a183188949,Radiology,0.13671875,0.0732421875,0.6953125,0.09423828125,True,C,0.03253436088562012,medmcqa_5,"['PBMD', 'PBMD', 'PBMD']","[467572377855417700, 467572377854079364, 467572377854790040]","[0.7951377630233765, 0.7836429476737976, 0.779941201210022]"
d13ada6e-5b76-4a7b-8ce7-02536b5e5456,Radiology,1.0,0.0008544921875,0.0003566741943359375,9.012222290039062e-05,True,A,0.02245926856994629,medmcqa_5,"['PBMD', 'STAT', 'STAT']","[467572377853029032, 467572377850625333, 467572377850280661]","[0.7610612511634827, 0.7581304907798767, 0.753466784954071]"
12b450e4-1e44-4808-8d77-bcb8a887dcba,Radiology,0.154296875,0.056640625,0.78515625,0.005615234375,True,C,0.025431394577026367,medmcqa_5,"['STAT', 'PBMD', 'STAT']","[467572377850359095, 467572377850988649, 467572377850359046]","[0.8539056777954102, 0.851635217666626, 0.8488385677337646]"
5a6cfd20-d8c0-403d-a27c-135476025a0c,Radiology,0.034912109375,0.107421875,0.06494140625,0.79296875,True,D,0.026708126068115234,medmcqa_5,"['STAT', 'PBMD', 'STAT']","[467572377850344776, 467572377852602902, 467572377850222880]","[0.7075775861740112, 0.7073261737823486, 0.7021359801292419]"
dd076e89-a9fb-4ead-b958-04f02261c567,Radiology,0.0927734375,0.77734375,0.046630859375,0.08203125,True,B,0.03222084045410156,medmcqa_5,"['PBMD', 'PBMD', 'PBMD']","[467572377852609886, 467572377856864351, 467572377856916795]","[0.7676466703414917, 0.75202476978302, 0.739255964756012]"
24cffebe-6032-4130-afd3-767e674be0a5,Skin,0.99609375,0.0027923583984375,0.000457763671875,4.8160552978515625e-05,True,A,0.028661489486694336,medmcqa_5,"['STAT', 'PBMD', 'STAT']","[467572377850674315, 467572377853581213, 467572377850398788]","[0.830575168132782, 0.8006560802459717, 0.7817897200584412]"
15c1e17e-275c-47ea-b32b-ccc742d975fc,Skin,0.1796875,0.0849609375,0.625,0.10888671875,True,C,0.03795599937438965,medmcqa_5,"['PBMD', 'PBMD', 'PBMD']","[467572377856033623, 467572377854911288, 467572377852702774]","[0.7371050119400024, 0.7340476512908936, 0.7332893013954163]"
51b17007-5f6b-45d7-875a-651574a91478,Skin,0.0010986328125,0.000553131103515625,0.99609375,0.000553131103515625,True,C,0.03220772743225098,medmcqa_5,"['PBMD', 'PBMD', 'PBMD']","[467572377853381454, 467572377856400601, 467572377855857531]","[0.8372371196746826, 0.8299757838249207, 0.8212195038795471]"
81e3fff3-bf82-4a50-a04a-de70ffec6d65,Skin,0.06787109375,0.041015625,0.73046875,0.162109375,True,C,0.03070664405822754,medmcqa_5,"['PBMD', 'PBMD', 'PBMD']","[467572377855525699, 467572377852524527, 467572377856389906]","[0.7312292456626892, 0.7263801097869873, 0.713632345199585]"
d5c9834e-7024-4229-9bc4-01a8b1944a42,Skin,0.00090789794921875,0.9921875,0.002044677734375,0.0033721923828125,False,D,0.025320053100585938,medmcqa_5,"['PBMD', 'PBMD', 'PBMD']","[467572377852570815, 467572377852977061, 467572377856514953]","[0.8055297136306763, 0.8010003566741943, 0.7980303168296814]"
449be6da-0714-41b5-a96c-7d955265b714,Skin,0.109375,0.80859375,0.06640625,0.0157470703125,True,B,0.03186321258544922,medmcqa_5,"['STAT', 'PBMD', 'PBMD']","[467572377850266982, 467572377852136707, 467572377854928491]","[0.7900622487068176, 0.7823225259780884, 0.7806023359298706]"
b9d0e253-4af0-4e71-bef6-91ee587f09d5,Skin,0.95703125,0.037109375,0.00469970703125,0.002227783203125,True,A,0.02574324607849121,medmcqa_5,"['STAT', 'STAT', 'STAT']","[467572377850746283, 467572377850746281, 467572377850746268]","[0.853114128112793, 0.8415378928184509, 0.8321950435638428]"
25652e3e-401d-4297-9830-89440013da10,Skin,0.53125,0.055908203125,0.04931640625,0.365234375,True,A,0.023778200149536133,medmcqa_5,"['PBMD', 'PBMD', 'PBMD']","[467572377856955297, 467572377853005944, 467572377853000419]","[0.7917377948760986, 0.7776533961296082, 0.7734163999557495]"
22457656-8307-4da3-a6a6-514dc195cbbc,Skin,0.9453125,0.03662109375,0.01348876953125,0.00494384765625,True,A,0.043736934661865234,medmcqa_5,"['PBMD', 'PBMD', 'PBMD']","[467572377853211878, 467572377854965357, 467572377854757282]","[0.793522298336029, 0.7712090015411377, 0.7612550258636475]"
16903427-fdd3-45e6-91f8-88c099bd89d1,Skin,0.92578125,0.01495361328125,0.05224609375,0.007080078125,True,A,0.03136038780212402,medmcqa_5,"['PBMD', 'PBMD', 'PBMD']","[467572377855598226, 467572377854901848, 467572377854056752]","[0.7899283170700073, 0.7814240455627441, 0.7809265851974487]"
e8e52631-322d-4df6-b8a6-9d232fcd8a4a,Skin,0.1708984375,0.248046875,0.1171875,0.462890625,True,D,0.026041030883789062,medmcqa_5,"['PBMD', 'PBMD', 'PBMD']","[467572377852893321, 467572377850947159, 467572377854699975]","[0.6946128606796265, 0.6849076151847839, 0.6846074461936951]"
fd18f52e-acb8-4c6a-a40a-eddcae88de19,Skin,0.9296875,0.0299072265625,0.03173828125,0.007568359375,True,A,0.028408050537109375,medmcqa_5,"['PBMD', 'STAT', 'STAT']","[467572377852150499, 467572377850678330, 467572377850678317]","[0.8045685291290283, 0.7898348569869995, 0.7898348569869995]"
2a6c8fa0-4872-488e-bd25-0e71c5710389,Skin,0.032470703125,0.94921875,0.011962890625,0.006011962890625,True,B,0.026641130447387695,medmcqa_5,"['STAT', 'PBMD', 'PBMD']","[467572377850320387, 467572377853412403, 467572377852134412]","[0.767564594745636, 0.7632263898849487, 0.7618290781974792]"
cc4e17c1-1d4f-4c3e-b2ec-7c4b7c59eb8e,Skin,0.330078125,0.291015625,0.1767578125,0.2001953125,False,C,0.02514362335205078,medmcqa_5,"['STAT', 'STAT', 'PBMD']","[467572377850757032, 467572377850743124, 467572377852953283]","[0.7463492155075073, 0.7462387681007385, 0.7435360550880432]"
ad646b77-77da-4224-9ec2-5e89d128ab49,Skin,0.93359375,0.02197265625,0.007598876953125,0.0361328125,True,A,0.031755924224853516,medmcqa_5,"['PBMD', 'PBMD', 'PBMD']","[467572377854413873, 467572377852251143, 467572377854623522]","[0.648812472820282, 0.6406242847442627, 0.6306653618812561]"
75603494-b684-4a4a-8f58-ef569d858dda,Skin,0.3125,0.2431640625,0.2431640625,0.201171875,True,A,0.035385847091674805,medmcqa_5,"['PBMD', 'PBMD', 'PBMD']","[467572377852933295, 467572377853761703, 467572377855119490]","[0.7301318645477295, 0.7166616320610046, 0.7161807417869568]"
26001e06-2be1-4a16-b654-f2e721c1639c,Skin,0.0037994384765625,0.9921875,0.0048828125,0.00084686279296875,True,B,0.0341029167175293,medmcqa_5,"['STAT', 'TEXT', 'STAT']","[467572377850247058, 467523489549960377, 467572377850386800]","[0.7317144870758057, 0.7261112928390503, 0.7102672457695007]"
81d3bc5f-5839-47b5-8195-24b3a0271af5,Skin,0.79296875,0.08349609375,0.01544189453125,0.107421875,True,A,0.026436805725097656,medmcqa_5,"['PBMD', 'STAT', 'TEXT']","[467572377853653508, 467572377850284653, 467523489549930907]","[0.8003878593444824, 0.8002737164497375, 0.7857286334037781]"
f1f8f99c-f97d-4624-8539-7134e4477730,Skin,0.99609375,0.001922607421875,0.001922607421875,0.0003337860107421875,True,A,0.03205561637878418,medmcqa_5,"['STAT', 'PBMD', 'PBMD']","[467572377850785660, 467572377855205547, 467572377853000419]","[0.8516956567764282, 0.8307920694351196, 0.8304227590560913]"
ca578fff-e925-4980-bc46-20e4eed5300b,Skin,0.02294921875,0.0022735595703125,0.00121307373046875,0.97265625,True,D,0.024679899215698242,medmcqa_5,"['STAT', 'PBMD', 'PBMD']","[467572377850278000, 467572377852848874, 467572377854793754]","[0.9362865686416626, 0.8940126895904541, 0.8722944855690002]"
