id,subject,probA,probB,probC,probD,result,answer,time,split,sources,ids,similarity,confident,add_ids
7dddfcb4-e0a3-4d71-b95e-49241da2abd5,Microbiology,0.91015625,0.035400390625,0.04833984375,0.006134033203125,True,A,9.409363031387329,medmcqa_5,"['PBMD', 'PBMD', 'PBMD', 'STAT', 'STAT']","[468043370484029138, 468043370483870795, 468043370484121795, 468043370482839337, 468043370482523101]","[0.8142101168632507, 0.7998166084289551, 0.7959532737731934, 0.7946810126304626, 0.7940652370452881]",4,"[468043370483870795, 468043370484029138, 468043370484121795, 468043370484027982, 468043370483820575, 468043370482523101, 468043370484053773, 468043370484029138, 468043370482839337, 468043370483316132, 468043370484029138, 468043370483759954, 468043370483870795, 468043370484015768, 468043370483725418, 468043370484029138, 468043370482947782, 468043370483870795, 468043370483759954, 468043370484015768]"
081dedb5-37f1-482c-a416-599ac0ab619a,Microbiology,0.984375,0.01025390625,0.0035552978515625,0.0014801025390625,True,A,9.21215295791626,medmcqa_5,"['STAT', 'PBMD', 'STAT', 'PBMD', 'STAT']","[468043370482852639, 468043370483728820, 468043370483073148, 468043370484112051, 468043370483063696]","[0.8638590574264526, 0.8177117109298706, 0.8037236928939819, 0.7952482104301453, 0.7847024202346802]",4,"[468043370482852639, 468043370483728820, 468043370483073148, 468043370483063696, 468043370484126823, 468043370482416956, 468043370482996017, 468043370483782549, 468043370483964483, 468043370484059063, 468043370483881344, 468043370483077846, 468043370483682110, 468043370483766770, 468043370482416664, 468043370483247163, 468043370482416664, 468043370483728764, 468043370482773811, 468043370484057128]"
326b16f4-3bd9-4656-9515-093e7d67ae21,Microbiology,0.044189453125,0.0072021484375,0.9453125,0.004364013671875,True,C,6.78808331489563,medmcqa_5,"['STAT', 'STAT', 'STAT', 'STAT', 'TEXT']","[468043370482807261, 468043370482511023, 468043370482506410, 468043370482807259, 468043370482457124]","[0.8110236525535583, 0.8098835349082947, 0.7981094121932983, 0.7858378291130066, 0.7850558161735535]",4,"[468043370482807256, 468043370482807258, 468043370482807257, 468043370483166161, 468043370483651352, 468043370482807261, 468043370482511023, 468043370482506410, 468043370482534115, 468043370482943905, 468043370482457157, 468043370482860203, 468043370482454801, 468043370482807272, 468043370482506410, 468043370482457124, 468043370482807265, 468043370482807272, 468043370482817479, 468043370482807273]"
0009b2fd-7e72-4ed0-b486-92ccb24e43f3,Microbiology,0.70703125,0.095703125,0.1787109375,0.02001953125,True,A,11.007261276245117,medmcqa_5,"['PBMD', 'PBMD', 'PBMD', 'STAT', 'PBMD']","[468043370483420231, 468043370484124417, 468043370483292303, 468043370482908504, 468043370483121067]","[0.8035728931427002, 0.7859330773353577, 0.7853775024414062, 0.784385085105896, 0.7815076112747192]",4,"[468043370482424318, 468043370482542924, 468043370483420231, 468043370484094452, 468043370483906367, 468043370484120504, 468043370483434566, 468043370483192573, 468043370483939078, 468043370483420231, 468043370482424318, 468043370482542924, 468043370483420231, 468043370484094452, 468043370483234201, 468043370482424318, 468043370483420231, 468043370483434566, 468043370483192573, 468043370482908504]"
7d01f5ce-d737-4838-bf15-68a4dea15b1a,Microbiology,0.022216796875,0.9453125,0.0208740234375,0.01116943359375,True,B,9.905565738677979,medmcqa_5,"['PBMD', 'PBMD', 'PBMD', 'PBMD', 'PBMD']","[468043370483844100, 468043370483103440, 468043370483293702, 468043370483162909, 468043370483675306]","[0.7879341840744019, 0.7720988988876343, 0.7671226859092712, 0.7645588517189026, 0.7636646032333374]",4,"[468043370483402166, 468043370483148701, 468043370483844100, 468043370483809969, 468043370483926641, 468043370483402166, 468043370483809969, 468043370483148701, 468043370483844100, 468043370483103440, 468043370483844100, 468043370484129321, 468043370483270969, 468043370483402166, 468043370483148701, 468043370483982913, 468043370482872650, 468043370483513061, 468043370483148701, 468043370482417140]"
58e40694-1799-476f-8618-af488bda8892,Microbiology,0.8203125,0.0673828125,0.0634765625,0.04931640625,True,A,11.463150978088379,medmcqa_5,"['PBMD', 'PBMD', 'PBMD', 'PBMD', 'PBMD']","[468043370483279749, 468043370483317643, 468043370483469359, 468043370483358132, 468043370483466920]","[0.814887523651123, 0.8119708299636841, 0.8018858432769775, 0.8016828298568726, 0.8001893758773804]",4,"[468043370483447487, 468043370483317643, 468043370483414925, 468043370483279706, 468043370483358132, 468043370483235775, 468043370483473298, 468043370483235184, 468043370483244388, 468043370483243021, 468043370483304463, 468043370483011662, 468043370482463325, 468043370483011563, 468043370483466920, 468043370483221236, 468043370483543177, 468043370483225278, 468043370483542471, 468043370484091976]"
1bb2cc45-79b6-45f8-add8-e6832e5090f0,Microbiology,0.05908203125,0.921875,0.01239013671875,0.004852294921875,True,B,11.121244668960571,medmcqa_5,"['PBMD', 'PBMD', 'PBMD', 'PBMD', 'PBMD']","[468043370484089832, 468043370484058338, 468043370484115067, 468043370484016894, 468043370483503337]","[0.733466625213623, 0.7282603979110718, 0.7268931865692139, 0.7262675166130066, 0.7253662347793579]",4,"[468043370482552695, 468043370482994939, 468043370482552700, 468043370482985327, 468043370482412421, 468043370483090574, 468043370482552695, 468043370482994939, 468043370483099046, 468043370482412421, 468043370482994939, 468043370482552695, 468043370482412421, 468043370482552700, 468043370482985327, 468043370482552695, 468043370482462874, 468043370482462905, 468043370482985327, 468043370482901809]"
87311a9e-97ac-43de-8964-55eb7ced00a9,Microbiology,0.02978515625,0.87109375,0.049072265625,0.049072265625,True,B,8.095905065536499,medmcqa_5,"['PBMD', 'PBMD', 'PBMD', 'PBMD', 'PBMD']","[468043370483984450, 468043370483131727, 468043370483885745, 468043370483119285, 468043370484120075]","[0.775170087814331, 0.7645646929740906, 0.7629871368408203, 0.7629629373550415, 0.7617545127868652]",4,"[468043370483885745, 468043370482949666, 468043370483619657, 468043370483132402, 468043370483436537, 468043370483885745, 468043370484120075, 468043370483561322, 468043370483903540, 468043370483539104, 468043370483561322, 468043370483885745, 468043370484120075, 468043370483136833, 468043370483445155, 468043370483984450, 468043370483132402, 468043370484120075, 468043370483869850, 468043370483727083]"
f23569ea-da84-4e74-aa14-69c64f04424d,Microbiology,0.21484375,0.115234375,0.455078125,0.21484375,False,D,7.2045300006866455,medmcqa_5,"['PBMD', 'PBMD', 'PBMD', 'PBMD', 'PBMD']","[468043370483802547, 468043370483309565, 468043370483307581, 468043370483637751, 468043370483128978]","[0.7871209383010864, 0.7750797271728516, 0.7738420963287354, 0.7735124230384827, 0.7722857594490051]",4,"[468043370483795745, 468043370483128978, 468043370483626926, 468043370483507200, 468043370484104886, 468043370484104886, 468043370483096243, 468043370483258397, 468043370483409567, 468043370483498657, 468043370483772658, 468043370483118501, 468043370482497066, 468043370483802547, 468043370483348194, 468043370483561972, 468043370483802547, 468043370483637751, 468043370483875882, 468043370483307581]"
3d3896ce-b736-4e9a-bb7e-cb4608cdd29a,Microbiology,0.053955078125,0.037109375,0.00885009765625,0.8984375,True,D,9.007744073867798,medmcqa_5,"['PBMD', 'PBMD', 'PBMD', 'PBMD', 'PBMD']","[468043370483116746, 468043370484064972, 468043370483263468, 468043370483827411, 468043370483502449]","[0.7796136736869812, 0.7636911869049072, 0.7599072456359863, 0.7589662671089172, 0.755763590335846]",4,"[468043370483858297, 468043370483323994, 468043370483820795, 468043370483307228, 468043370483703671, 468043370484067754, 468043370483649339, 468043370483984046, 468043370482397245, 468043370483985893, 468043370482963693, 468043370483257685, 468043370483417599, 468043370483551836, 468043370483962403, 468043370483308433, 468043370483685428, 468043370483944559, 468043370483263468, 468043370483820795]"
e068fa99-4331-4dbd-b6f8-ae387f5bae10,Microbiology,0.10595703125,0.0024871826171875,0.005279541015625,0.88671875,True,D,8.95016860961914,medmcqa_5,"['STAT', 'STAT', 'TEXT', 'STAT', 'STAT']","[468043370482844290, 468043370483038447, 468043370482412771, 468043370483038452, 468043370482564614]","[0.7787994146347046, 0.7714310884475708, 0.7654352784156799, 0.7426506280899048, 0.731521487236023]",4,"[468043370483575364, 468043370482523851, 468043370482412025, 468043370482523846, 468043370482523885, 468043370483746504, 468043370483889926, 468043370482387130, 468043370483652166, 468043370483013408, 468043370483038428, 468043370482917390, 468043370482523851, 468043370482783107, 468043370483038453, 468043370482931501, 468043370482931497, 468043370483418642, 468043370482931498, 468043370482931499]"
97a84ea2-f289-4103-a306-a1cb3526c24e,Microbiology,0.0263671875,0.019287109375,0.0247802734375,0.9296875,True,D,8.528029203414917,medmcqa_5,"['PBMD', 'PBMD', 'PBMD', 'PBMD', 'PBMD']","[468043370483900211, 468043370483702739, 468043370483810494, 468043370483893047, 468043370483907278]","[0.801866888999939, 0.7984820604324341, 0.7979878783226013, 0.7976004481315613, 0.7939473390579224]",4,"[468043370483983239, 468043370482413090, 468043370483747207, 468043370483871281, 468043370483055983, 468043370483900211, 468043370483984453, 468043370483880404, 468043370483358561, 468043370483983239, 468043370482410894, 468043370482382556, 468043370483276972, 468043370482413117, 468043370483056002, 468043370483276940, 468043370483055987, 468043370482790259, 468043370482413094, 468043370483773364]"
03b86472-e565-4e69-bd54-d84383824de1,Microbiology,0.84375,0.1005859375,0.053955078125,0.0028533935546875,True,A,7.951249122619629,medmcqa_5,"['PBMD', 'PBMD', 'PBMD', 'PBMD', 'PBMD']","[468043370483327894, 468043370483442637, 468043370483446312, 468043370483729659, 468043370483154869]","[0.7812246084213257, 0.7662805318832397, 0.7642530202865601, 0.7529879808425903, 0.7478863000869751]",4,"[468043370483327894, 468043370483766757, 468043370483472646, 468043370483732845, 468043370483947184, 468043370483446312, 468043370483442637, 468043370484086718, 468043370483609522, 468043370483704315, 468043370483369612, 468043370483278552, 468043370483396075, 468043370483459058, 468043370483592639, 468043370483805103, 468043370483979133, 468043370483444852, 468043370483263223, 468043370483135617]"
9a5e8865-e37c-41af-a902-1c10423dbdd4,Microbiology,0.50390625,0.4453125,0.034423828125,0.0162353515625,False,B,10.506484031677246,medmcqa_5,"['STAT', 'PBMD', 'PBMD', 'PBMD', 'TEXT']","[468043370483011026, 468043370483306755, 468043370484022811, 468043370483899717, 468043370482462923]","[0.7921540141105652, 0.7906776070594788, 0.7901323437690735, 0.7819736003875732, 0.7791070342063904]",4,"[468043370482931501, 468043370482462922, 468043370483865648, 468043370483575364, 468043370482412778, 468043370483575364, 468043370483306755, 468043370483391056, 468043370483419364, 468043370482523866, 468043370483235610, 468043370484067004, 468043370483984113, 468043370483071173, 468043370483446659, 468043370483423743, 468043370482564614, 468043370482416451, 468043370483514889, 468043370483365843]"
eff524ae-ed1d-4b56-815a-2b4aad9bcdcb,Social & Preventive Medicine,0.390625,0.208984375,0.1630859375,0.2373046875,True,A,9.422602891921997,medmcqa_5,"['PBMD', 'TEXT', 'PBMD', 'PBMD', 'PBMD']","[468043370483745124, 468043370482411520, 468043370483817419, 468043370483653878, 468043370484061649]","[0.7166524529457092, 0.7053418159484863, 0.7008339166641235, 0.6969022154808044, 0.6895755529403687]",4,"[468043370482990787, 468043370482534499, 468043370482822403, 468043370484003490, 468043370483943673, 468043370483745124, 468043370483817419, 468043370483736409, 468043370483653878, 468043370484061649, 468043370483735914, 468043370483474253, 468043370483821894, 468043370483556792, 468043370483749914, 468043370483736409, 468043370484007623, 468043370483816513, 468043370484003490, 468043370483011652]"
189b5073-7b54-4050-a030-0a519558f18e,Social & Preventive Medicine,0.060546875,0.5390625,0.0303955078125,0.37109375,False,D,9.482271194458008,medmcqa_5,"['STAT', 'STAT', 'STAT', 'STAT', 'STAT']","[468043370482976748, 468043370482989593, 468043370482859775, 468043370482989636, 468043370482776890]","[0.7814566493034363, 0.7739222049713135, 0.764448881149292, 0.7640438079833984, 0.7623858451843262]",4,"[468043370482989593, 468043370482859768, 468043370482417646, 468043370482989590, 468043370483783163, 468043370482942774, 468043370482942782, 468043370482942798, 468043370483006411, 468043370482942813, 468043370482776890, 468043370482989593, 468043370482976748, 468043370482417646, 468043370482989631, 468043370483018352, 468043370483018304, 468043370483018350, 468043370483018303, 468043370483493661]"
b771df48-ce3a-4e58-9dc8-54a42ee0e025,Social & Preventive Medicine,0.03173828125,0.0299072265625,0.9296875,0.00970458984375,True,C,8.051434516906738,medmcqa_5,"['PBMD', 'PBMD', 'PBMD', 'PBMD', 'PBMD']","[468043370483758347, 468043370483362912, 468043370483511180, 468043370483408378, 468043370483320795]","[0.7688770890235901, 0.7625060677528381, 0.7564444541931152, 0.754072904586792, 0.7534840703010559]",4,"[468043370483008912, 468043370482945250, 468043370483624974, 468043370484007624, 468043370484092492, 468043370483768131, 468043370483624974, 468043370483611218, 468043370483350249, 468043370483664250, 468043370482867963, 468043370482867958, 468043370483032460, 468043370483032462, 468043370483443469, 468043370483762199, 468043370483596405, 468043370483528494, 468043370483008912, 468043370482945250]"
66f9e092-4410-42f2-841c-588c65c9384c,Social & Preventive Medicine,0.0115966796875,0.003326416015625,0.984375,0.00201416015625,True,C,8.10078763961792,medmcqa_5,"['STAT', 'STAT', 'STAT', 'PBMD', 'STAT']","[468043370483026220, 468043370482945249, 468043370482945250, 468043370483308671, 468043370482792305]","[0.7671926021575928, 0.7574150562286377, 0.7395954132080078, 0.7345067858695984, 0.7326817512512207]",4,"[468043370482792305, 468043370483026230, 468043370483026228, 468043370483066657, 468043370483026216, 468043370482792305, 468043370483489295, 468043370482945249, 468043370483685306, 468043370483026223, 468043370482792305, 468043370483026228, 468043370483026226, 468043370482529863, 468043370483556234, 468043370482792305, 468043370483026220, 468043370483288536, 468043370483026216, 468043370483334720]"
2860cd26-5fec-445c-904e-67095651fd15,Social & Preventive Medicine,0.034912109375,0.8984375,0.02392578125,0.0419921875,True,B,7.169183731079102,medmcqa_5,"['PBMD', 'PBMD', 'PBMD', 'PBMD', 'PBMD']","[468043370483323022, 468043370483294043, 468043370483475348, 468043370483616048, 468043370483575854]","[0.7199952602386475, 0.7079797387123108, 0.7025067210197449, 0.6883435249328613, 0.6852437257766724]",4,"[468043370483323022, 468043370483922871, 468043370484006091, 468043370484078510, 468043370483564464, 468043370483948970, 468043370483026228, 468043370482433388, 468043370483274963, 468043370483294043, 468043370483564464, 468043370483539700, 468043370483323022, 468043370483905117, 468043370483948970, 468043370483323022, 468043370483861805, 468043370483304706, 468043370483578374, 468043370483323704]"
a95f4998-4d5f-43c4-ba66-78e1a1cb8b57,Social & Preventive Medicine,0.9140625,0.0546875,0.017822265625,0.0147705078125,True,A,7.875981330871582,medmcqa_5,"['PBMD', 'PBMD', 'PBMD', 'PBMD', 'PBMD']","[468043370483534709, 468043370483876385, 468043370483306681, 468043370483864784, 468043370483805046]","[0.6867510080337524, 0.6821936368942261, 0.679632306098938, 0.676936686038971, 0.6754305362701416]",4,"[468043370483733803, 468043370483945714, 468043370483292937, 468043370484086641, 468043370484056339, 468043370483302963, 468043370482964909, 468043370482831101, 468043370482778066, 468043370483565906, 468043370483733803, 468043370482778066, 468043370483302963, 468043370483757167, 468043370484104956, 468043370483878739, 468043370483945714, 468043370483302963, 468043370482494693, 468043370484029283]"
fff1837f-cb64-4f0a-9832-6d611b8e9f28,Social & Preventive Medicine,0.0196533203125,0.023681640625,0.9453125,0.010498046875,True,C,8.302752256393433,medmcqa_5,"['PBMD', 'PBMD', 'PBMD', 'PBMD', 'PBMD']","[468043370483547211, 468043370483683518, 468043370483685469, 468043370483700135, 468043370484044709]","[0.7875750064849854, 0.7488669753074646, 0.7481344938278198, 0.740070641040802, 0.7387686371803284]",4,"[468043370483051831, 468043370482554561, 468043370482980522, 468043370483882688, 468043370483685436, 468043370483683518, 468043370483547211, 468043370483685435, 468043370483051831, 468043370483685436, 468043370483648413, 468043370483422337, 468043370483685435, 468043370483989370, 468043370483683518, 468043370483771524, 468043370483547211, 468043370483683518, 468043370483882688, 468043370483772623]"
ac1196e0-224c-4c6c-a6b8-2853a776ade6,Social & Preventive Medicine,0.027587890625,0.859375,0.01019287109375,0.1025390625,True,B,7.444752216339111,medmcqa_5,"['PBMD', 'PBMD', 'PBMD', 'PBMD', 'PBMD']","[468043370483837980, 468043370483224345, 468043370483853333, 468043370483869591, 468043370483604975]","[0.7338435053825378, 0.7247669100761414, 0.7228107452392578, 0.7223219871520996, 0.7222380042076111]",4,"[468043370483837980, 468043370483869591, 468043370484063045, 468043370483873857, 468043370482951264, 468043370483709096, 468043370483755043, 468043370483343160, 468043370483741878, 468043370483798556, 468043370483043176, 468043370483343160, 468043370483502617, 468043370483782488, 468043370483798429, 468043370482401919, 468043370482979695, 468043370483502617, 468043370483343160, 468043370483068207]"
b8df6117-aaba-476a-b6b7-08ebee57de0e,Social & Preventive Medicine,0.040283203125,0.91796875,0.01483154296875,0.026123046875,True,B,7.7028725147247314,medmcqa_5,"['PBMD', 'STAT', 'PBMD', 'PBMD', 'PBMD']","[468043370483411382, 468043370482957248, 468043370483306681, 468043370484084721, 468043370483757167]","[0.6909180283546448, 0.6825722455978394, 0.6801422238349915, 0.6782890558242798, 0.6762086749076843]",4,"[468043370483945714, 468043370483350890, 468043370483858414, 468043370483302963, 468043370483292937, 468043370483945714, 468043370484056339, 468043370483749012, 468043370483302963, 468043370483876565, 468043370483876385, 468043370483575338, 468043370483302963, 468043370483618647, 468043370484031349, 468043370483302963, 468043370483945714, 468043370483208111, 468043370482964909, 468043370483292937]"
764c0c80-b716-45a1-9fe7-b13588090401,Social & Preventive Medicine,0.103515625,0.055419921875,0.81640625,0.0262451171875,True,C,10.824666023254395,medmcqa_5,"['PBMD', 'STAT', 'STAT', 'STAT', 'STAT']","[468043370483616048, 468043370482913898, 468043370482529858, 468043370482529857, 468043370482836548]","[0.7058346271514893, 0.7051254510879517, 0.6999921798706055, 0.6990179419517517, 0.6865578293800354]",4,"[468043370483026213, 468043370483026214, 468043370483026216, 468043370483026226, 468043370482792305, 468043370483616048, 468043370483241752, 468043370482792305, 468043370483288536, 468043370483026230, 468043370482529855, 468043370482529856, 468043370482529860, 468043370483026213, 468043370483026214, 468043370483288536, 468043370483825691, 468043370482477226, 468043370484052661, 468043370483683934]"
2cf2c4e4-e50a-494e-9894-50ed2d50df63,Social & Preventive Medicine,0.013916015625,0.00897216796875,0.9765625,0.0016632080078125,True,C,8.450109243392944,medmcqa_5,"['PBMD', 'PBMD', 'PBMD', 'PBMD', 'PBMD']","[468043370483302966, 468043370483774066, 468043370483323704, 468043370483525553, 468043370483693626]","[0.8059515953063965, 0.8010348677635193, 0.8008594512939453, 0.7988158464431763, 0.7892792224884033]",4,"[468043370483389585, 468043370483525553, 468043370482382350, 468043370482383776, 468043370482897065, 468043370482945259, 468043370483274963, 468043370482382349, 468043370482383776, 468043370483302966, 468043370483525553, 468043370482383776, 468043370483456224, 468043370482383782, 468043370483274963, 468043370482502697, 468043370483059961, 468043370482383786, 468043370483068206, 468043370483274963]"
99f70efa-2951-4dfb-ba1a-e4d9b7a0b08e,Social & Preventive Medicine,0.76953125,0.1826171875,0.028076171875,0.019287109375,True,A,8.0384840965271,medmcqa_5,"['TEXT', 'TEXT', 'PBMD', 'PBMD', 'PBMD']","[468043370482436961, 468043370482436960, 468043370484076441, 468043370483805661, 468043370483210068]","[0.6718257665634155, 0.6512686014175415, 0.6434310674667358, 0.6387206315994263, 0.6385708451271057]",4,"[468043370483322886, 468043370484116881, 468043370483650235, 468043370484062705, 468043370482476962, 468043370483060376, 468043370484112232, 468043370484127117, 468043370483306681, 468043370482494695, 468043370484127296, 468043370483598373, 468043370484123129, 468043370483258843, 468043370482774048, 468043370482975640, 468043370484119490, 468043370482893175, 468043370482982534, 468043370484119133]"
23f03d9b-b4b5-4a84-b7a5-7dcd77b9ed63,Social & Preventive Medicine,0.08740234375,0.50390625,0.390625,0.01953125,False,C,9.126276731491089,medmcqa_5,"['STAT', 'STAT', 'PBMD', 'STAT', 'PBMD']","[468043370482522409, 468043370482522406, 468043370483432069, 468043370482522407, 468043370483767143]","[0.7822086215019226, 0.7714216709136963, 0.7621420621871948, 0.759681224822998, 0.7547231912612915]",4,"[468043370482522407, 468043370482522409, 468043370482502691, 468043370482522406, 468043370484040314, 468043370482502697, 468043370482945253, 468043370482383786, 468043370482502691, 468043370482522407, 468043370482502691, 468043370483068206, 468043370482945253, 468043370482383786, 468043370484085962, 468043370482522409, 468043370482522406, 468043370482522407, 468043370482522408, 468043370483118824]"
8cc404b2-cdb1-4bea-be17-2dcd2edb48d8,Social & Preventive Medicine,0.060791015625,0.0269775390625,0.019775390625,0.89453125,True,D,9.667328357696533,medmcqa_5,"['STAT', 'PBMD', 'TEXT', 'TEXT', 'TEXT']","[468043370482949782, 468043370483861686, 468043370482453930, 468043370482453929, 468043370482389153]","[0.8293318748474121, 0.820148229598999, 0.8179994821548462, 0.8119872808456421, 0.7980973720550537]",4,"[468043370482453929, 468043370482949782, 468043370482453930, 468043370482447008, 468043370482446949, 468043370482949782, 468043370482453930, 468043370482453929, 468043370482389153, 468043370482989173, 468043370482949782, 468043370482453930, 468043370482453929, 468043370482389153, 468043370482989173, 468043370482949782, 468043370482453930, 468043370482453929, 468043370482389153, 468043370482989173]"
7a660bba-aabd-448d-9d13-38ee7837c97f,Dental,0.1259765625,0.1259765625,0.7265625,0.0206298828125,True,C,10.440528392791748,medmcqa_5,"['STAT', 'PBMD', 'STAT', 'PBMD', 'PBMD']","[468043370482771895, 468043370483730028, 468043370482771896, 468043370483540769, 468043370483864006]","[0.8385626077651978, 0.8309078812599182, 0.820248544216156, 0.8100377321243286, 0.798092246055603]",4,"[468043370483540769, 468043370483730028, 468043370484056100, 468043370482771896, 468043370482771895, 468043370483730028, 468043370482771895, 468043370482771876, 468043370482771896, 468043370482565407, 468043370483730028, 468043370482771895, 468043370484033952, 468043370484056100, 468043370484043501, 468043370482771895, 468043370483730028, 468043370484056100, 468043370482771896, 468043370483864014]"
e3ff3b29-7ef6-41d9-bc6e-e3d6b52d340c,Dental,0.08251953125,0.09326171875,0.53515625,0.287109375,False,D,8.307300567626953,medmcqa_5,"['PBMD', 'PBMD', 'PBMD', 'PBMD', 'PBMD']","[468043370483894821, 468043370483406228, 468043370483415449, 468043370484023940, 468043370483244255]","[0.7383435368537903, 0.7367648482322693, 0.7261327505111694, 0.718705952167511, 0.7160657644271851]",4,"[468043370483429794, 468043370484024682, 468043370483599570, 468043370484073726, 468043370483478207, 468043370483599570, 468043370483244255, 468043370483478207, 468043370483364415, 468043370483865009, 468043370483069547, 468043370482463869, 468043370483552219, 468043370483281143, 468043370483628612, 468043370483492769, 468043370483476684, 468043370483822823, 468043370483850207, 468043370483478207]"
70d4ab20-c407-4b78-a52f-cd38f5d86567,Dental,0.1494140625,0.7578125,0.080078125,0.01226806640625,True,B,8.56478476524353,medmcqa_5,"['PBMD', 'STAT', 'PBMD', 'PBMD', 'PBMD']","[468043370483501544, 468043370482864333, 468043370483540389, 468043370483148835, 468043370483826331]","[0.7854694724082947, 0.7732143402099609, 0.7695591449737549, 0.7688292860984802, 0.7685286998748779]",4,"[468043370484056660, 468043370483211424, 468043370483148835, 468043370483817090, 468043370483308610, 468043370483152474, 468043370484056660, 468043370483501544, 468043370483211424, 468043370483817055, 468043370484028526, 468043370483531045, 468043370483096635, 468043370483840578, 468043370483223193, 468043370483865283, 468043370483212265, 468043370483213011, 468043370483096635, 468043370483728925]"
92cf238d-78b7-4a6b-afd8-efa39e19084b,Dental,0.142578125,0.019287109375,0.01507568359375,0.82421875,True,D,9.353677749633789,medmcqa_5,"['PBMD', 'PBMD', 'PBMD', 'PBMD', 'PBMD']","[468043370484073723, 468043370483430261, 468043370483826866, 468043370483218223, 468043370483811454]","[0.7582069635391235, 0.7558825016021729, 0.7537497282028198, 0.7461297512054443, 0.742079496383667]",4,"[468043370484073723, 468043370483430261, 468043370483718887, 468043370483219077, 468043370483815917, 468043370483430261, 468043370483718887, 468043370483219077, 468043370484073723, 468043370483540462, 468043370484073723, 468043370483430261, 468043370483826866, 468043370483729184, 468043370483811454, 468043370483811454, 468043370483430261, 468043370483219077, 468043370484073723, 468043370483718887]"
ec25740a-5cbb-4b80-9d07-332c2734f5a7,Dental,0.01025390625,0.98046875,0.007049560546875,0.0015716552734375,True,B,9.683818340301514,medmcqa_5,"['PBMD', 'PBMD', 'PBMD', 'PBMD', 'PBMD']","[468043370484023405, 468043370483662972, 468043370484039171, 468043370483306022, 468043370483842091]","[0.7732235789299011, 0.7718802094459534, 0.7697210907936096, 0.7658535242080688, 0.7624080777168274]",4,"[468043370483751737, 468043370483054317, 468043370483836592, 468043370484039171, 468043370484023405, 468043370484023405, 468043370483640330, 468043370483736798, 468043370483757198, 468043370483640012, 468043370484023405, 468043370482898905, 468043370483807390, 468043370482502691, 468043370484091220, 468043370484023405, 468043370484089230, 468043370483846984, 468043370483393069, 468043370483409028]"
b807b86e-b050-49cb-9d49-a57279ab77b2,Dental,0.015869140625,0.003753662109375,0.9765625,0.0024261474609375,True,C,7.948986768722534,medmcqa_5,"['PBMD', 'PBMD', 'PBMD', 'PBMD', 'PBMD']","[468043370484039510, 468043370483895992, 468043370484023636, 468043370484060734, 468043370483537547]","[0.8033419847488403, 0.8008274435997009, 0.7827149629592896, 0.7698315978050232, 0.765631914138794]",4,"[468043370483895992, 468043370484039510, 468043370484023636, 468043370483900721, 468043370483209759, 468043370483895992, 468043370484039510, 468043370484023636, 468043370484021959, 468043370483540920, 468043370484039510, 468043370483895992, 468043370484023636, 468043370483540920, 468043370484060734, 468043370484039510, 468043370483895992, 468043370484060734, 468043370483537547, 468043370483540920]"
b6149b01-79a9-4d07-8cbc-828452b3906e,Dental,0.7578125,0.1318359375,0.021484375,0.09033203125,True,A,11.815625429153442,medmcqa_5,"['PBMD', 'PBMD', 'PBMD', 'PBMD', 'PBMD']","[468043370483928575, 468043370483927794, 468043370483985148, 468043370484087783, 468043370483943192]","[0.8082245588302612, 0.8035415410995483, 0.8001149892807007, 0.7977847456932068, 0.7974657416343689]",4,"[468043370483930245, 468043370483169092, 468043370483200608, 468043370483931499, 468043370483117445, 468043370483251853, 468043370483681332, 468043370483920469, 468043370484087783, 468043370483136637, 468043370483943192, 468043370483251853, 468043370483930245, 468043370483920469, 468043370483864848, 468043370484129156, 468043370483864848, 468043370483943192, 468043370483200608, 468043370483927794]"
5efc0877-615f-4154-ba76-46a27844c5a3,Dental,0.314453125,0.1318359375,0.51953125,0.033203125,False,B,11.887058734893799,medmcqa_5,"['PBMD', 'PBMD', 'PBMD', 'STAT', 'PBMD']","[468043370483213152, 468043370483135591, 468043370483828731, 468043370482517962, 468043370484058611]","[0.7954527139663696, 0.7948571443557739, 0.7871593832969666, 0.7744197249412537, 0.7709880471229553]",4,"[468043370483213152, 468043370483135591, 468043370483676284, 468043370484062153, 468043370483598589, 468043370483213152, 468043370483135591, 468043370483676284, 468043370483828731, 468043370483215751, 468043370483213152, 468043370483135591, 468043370484062153, 468043370483676284, 468043370483598589, 468043370483213152, 468043370483135591, 468043370484062153, 468043370482937225, 468043370483676284]"
60a30040-3784-41dc-b81d-be50cde12679,Dental,0.078125,0.1005859375,0.7421875,0.078125,True,C,11.652053117752075,medmcqa_5,"['PBMD', 'STAT', 'STAT', 'PBMD', 'PBMD']","[468043370483748979, 468043370482848575, 468043370483006905, 468043370483802199, 468043370483209679]","[0.7531306743621826, 0.747350811958313, 0.7414805293083191, 0.7411072254180908, 0.7398592233657837]",4,"[468043370483648927, 468043370483831562, 468043370483209988, 468043370483248895, 468043370484087451, 468043370483538128, 468043370483262506, 468043370482893533, 468043370483541442, 468043370483235366, 468043370483541442, 468043370483262506, 468043370483538128, 468043370484049887, 468043370484055741, 468043370483125144, 468043370483540384, 468043370484030516, 468043370483538128, 468043370483235366]"
52e11926-2d45-4bbd-aa2d-f1c4cf6e4682,Pathology,0.392578125,0.126953125,0.443359375,0.036376953125,True,C,9.740073680877686,medmcqa_5,"['PBMD', 'PBMD', 'PBMD', 'PBMD', 'PBMD']","[468043370483489084, 468043370483744284, 468043370483212548, 468043370483772569, 468043370483532941]","[0.8149979114532471, 0.8067271709442139, 0.804142951965332, 0.8025708794593811, 0.7930924296379089]",4,"[468043370483744284, 468043370483489084, 468043370482826350, 468043370483256158, 468043370482826351, 468043370483256158, 468043370484032869, 468043370483489084, 468043370483744284, 468043370483215503, 468043370483826412, 468043370483215503, 468043370483744284, 468043370483281873, 468043370484032869, 468043370482826350, 468043370482826351, 468043370484032869, 468043370483256158, 468043370483744284]"
5c98317f-be24-441a-9349-7f423d681dfc,Pathology,0.0146484375,0.96484375,0.0015411376953125,0.018798828125,True,B,9.332374572753906,medmcqa_5,"['PBMD', 'PBMD', 'PBMD', 'PBMD', 'PBMD']","[468043370483427491, 468043370483801015, 468043370484065038, 468043370483252489, 468043370483503011]","[0.7868242859840393, 0.778537929058075, 0.7737394571304321, 0.7729185819625854, 0.7719652652740479]",4,"[468043370483801015, 468043370483503011, 468043370483238338, 468043370483472636, 468043370483252489, 468043370483503011, 468043370484065038, 468043370483427550, 468043370483330979, 468043370483427492, 468043370483427492, 468043370484065038, 468043370484006626, 468043370483238338, 468043370484028035, 468043370483472636, 468043370483330979, 468043370483538797, 468043370483630605, 468043370483949905]"
0ba9328b-c265-4d98-8259-314789a2f00d,Pathology,0.01904296875,0.00274658203125,0.9765625,0.0019989013671875,True,C,8.368770360946655,medmcqa_5,"['STAT', 'STAT', 'STAT', 'TEXT', 'STAT']","[468043370482988749, 468043370483061825, 468043370483049600, 468043370482408191, 468043370483049602]","[0.8416773676872253, 0.8284412026405334, 0.8229129910469055, 0.8170908093452454, 0.8028579354286194]",4,"[468043370482550364, 468043370482408187, 468043370484003182, 468043370482552340, 468043370482778039, 468043370483061825, 468043370482988749, 468043370482550364, 468043370483049600, 468043370483019587, 468043370482988749, 468043370483061825, 468043370483049600, 468043370483982962, 468043370482408191, 468043370482501906, 468043370482501902, 468043370483021257, 468043370482909692, 468043370482909679]"
d95b767a-8152-4636-8d0a-0da18b352aa1,Pathology,0.046142578125,0.0150146484375,0.010986328125,0.9296875,True,D,11.857033252716064,medmcqa_5,"['PBMD', 'PBMD', 'PBMD', 'PBMD', 'PBMD']","[468043370483369520, 468043370483277063, 468043370483211486, 468043370483216232, 468043370483540499]","[0.8171530961990356, 0.8149490356445312, 0.799943208694458, 0.7884461879730225, 0.7877961993217468]",4,"[468043370483214185, 468043370483256678, 468043370482865457, 468043370482951240, 468043370483215931, 468043370483217044, 468043370482817386, 468043370483216232, 468043370482524525, 468043370482951240, 468043370483156757, 468043370482524525, 468043370483666228, 468043370482817388, 468043370483436456, 468043370483217044, 468043370483218265, 468043370483216232, 468043370483452277, 468043370483216518]"
da143133-e8d3-44d6-a66d-607ed0bcf458,Pathology,0.017822265625,0.0019989013671875,0.00482177734375,0.9765625,True,D,11.06790542602539,medmcqa_5,"['PBMD', 'PBMD', 'PBMD', 'PBMD', 'PBMD']","[468043370483812551, 468043370484085898, 468043370483737058, 468043370483095625, 468043370483755688]","[0.7568078637123108, 0.755878746509552, 0.7544342279434204, 0.7539432644844055, 0.7475652694702148]",4,"[468043370483095625, 468043370483517474, 468043370483471383, 468043370483812551, 468043370483628661, 468043370483921721, 468043370482783620, 468043370483517474, 468043370483095625, 468043370483471383, 468043370483921721, 468043370483095625, 468043370482824142, 468043370483517474, 468043370482783620, 468043370483095625, 468043370482852418, 468043370483471383, 468043370483517474, 468043370482554849]"
b9430ce6-2167-41f1-86a6-5d8c3e143d86,Pathology,0.008544921875,0.98828125,0.00115966796875,0.00179290771484375,True,B,9.7309889793396,medmcqa_5,"['STAT', 'STAT', 'STAT', 'TEXT', 'PBMD']","[468043370482841489, 468043370482932956, 468043370482932456, 468043370482493330, 468043370483471257]","[0.8241788148880005, 0.80792236328125, 0.7813822031021118, 0.7779558300971985, 0.7744134664535522]",4,"[468043370482841489, 468043370483471257, 468043370482932956, 468043370482932456, 468043370482950662, 468043370482950662, 468043370482841486, 468043370482841489, 468043370482829607, 468043370483513845, 468043370482932956, 468043370484061236, 468043370483274997, 468043370484061230, 468043370483019337, 468043370482841489, 468043370482932956, 468043370482441399, 468043370484061236, 468043370482932456]"
f32e7596-5c32-4ea2-922d-d2c60d0e3097,Pathology,0.01165771484375,0.984375,0.00051116943359375,0.0017852783203125,True,B,8.780747890472412,medmcqa_5,"['PBMD', 'PBMD', 'PBMD', 'PBMD', 'STAT']","[468043370483472684, 468043370483513291, 468043370483455059, 468043370483890892, 468043370482923662]","[0.7998692393302917, 0.7909625768661499, 0.7898373603820801, 0.7880892157554626, 0.7862536311149597]",4,"[468043370484076399, 468043370483548837, 468043370483956515, 468043370482884033, 468043370483598661, 468043370482884033, 468043370483022854, 468043370482923662, 468043370483548837, 468043370483000563, 468043370482960832, 468043370482960841, 468043370482960801, 468043370483410341, 468043370482960789, 468043370482786671, 468043370482786675, 468043370483564544, 468043370483431725, 468043370482884033]"
04e13397-4705-42d1-acbf-06e59fd3c4ee,Pathology,0.0703125,0.042724609375,0.859375,0.027587890625,True,C,9.283873081207275,medmcqa_5,"['STAT', 'STAT', 'STAT', 'PBMD', 'TEXT']","[468043370482848201, 468043370482948912, 468043370482848199, 468043370483213372, 468043370482373595]","[0.8023107051849365, 0.7880839705467224, 0.7868649363517761, 0.7799215316772461, 0.774003803730011]",4,"[468043370482848201, 468043370482948911, 468043370483141082, 468043370483649035, 468043370483932567, 468043370482848201, 468043370482990570, 468043370482848199, 468043370482948911, 468043370483425549, 468043370483932567, 468043370482848200, 468043370482990545, 468043370483649035, 468043370482948912, 468043370482848201, 468043370484029514, 468043370482948912, 468043370483213153, 468043370483025111]"
040be818-df88-4fad-959a-96d3cc4ee9f1,Pathology,0.02490234375,0.2353515625,0.640625,0.09814453125,True,C,11.75188136100769,medmcqa_5,"['PBMD', 'PBMD', 'PBMD', 'PBMD', 'PBMD']","[468043370483085774, 468043370483475556, 468043370483447252, 468043370483095967, 468043370484028072]","[0.8113644123077393, 0.8059715628623962, 0.8020309209823608, 0.7988364696502686, 0.797186017036438]",4,"[468043370483916056, 468043370483461667, 468043370483259432, 468043370483539822, 468043370484093186, 468043370483734132, 468043370483205269, 468043370484028072, 468043370482851150, 468043370483092444, 468043370483447252, 468043370483833685, 468043370483095967, 468043370483475556, 468043370483401814, 468043370484028847, 468043370482908686, 468043370483092444, 468043370483472414, 468043370483835553]"
a5c1e6f2-390a-4459-804e-4f27fde3571d,Pathology,0.031982421875,0.93359375,0.0206298828125,0.0133056640625,True,B,9.992368698120117,medmcqa_5,"['PBMD', 'TEXT', 'PBMD', 'PBMD', 'PBMD']","[468043370483664540, 468043370482454545, 468043370483678874, 468043370484080976, 468043370484079745]","[0.8163092136383057, 0.8131154775619507, 0.8098570108413696, 0.8078626394271851, 0.8071185946464539]",4,"[468043370483638146, 468043370483678446, 468043370483674747, 468043370482526103, 468043370483678874, 468043370483930513, 468043370483045360, 468043370483045359, 468043370483671570, 468043370483930339, 468043370483658057, 468043370483121955, 468043370483677096, 468043370482415231, 468043370483678874, 468043370483665558, 468043370483886251, 468043370482879346, 468043370483678874, 468043370483825746]"
0b749e6e-3f81-4303-9377-3b49a2bd6ee5,Pathology,0.8046875,0.09619140625,0.0849609375,0.01470947265625,True,A,8.02054500579834,medmcqa_5,"['PBMD', 'PBMD', 'STAT', 'PBMD', 'TEXT']","[468043370483465875, 468043370483904703, 468043370482948911, 468043370483212924, 468043370482394054]","[0.7779474854469299, 0.770122230052948, 0.7652574777603149, 0.7620959877967834, 0.7606819272041321]",4,"[468043370482948911, 468043370483288000, 468043370482983289, 468043370482457026, 468043370483904703, 468043370483904703, 468043370482948911, 468043370483123459, 468043370483217366, 468043370483852395, 468043370482457023, 468043370483288000, 468043370482948911, 468043370483912170, 468043370482457024, 468043370482948911, 468043370482848201, 468043370483141082, 468043370482942775, 468043370483932567]"
cb27bde3-31d6-452b-9d4e-cc6351540089,Pathology,0.7734375,0.02490234375,0.049560546875,0.15234375,True,A,8.626219749450684,medmcqa_5,"['STAT', 'STAT', 'PBMD', 'STAT', 'PBMD']","[468043370482846919, 468043370482846957, 468043370483290593, 468043370482846961, 468043370483214525]","[0.7501869201660156, 0.7370691299438477, 0.7359318733215332, 0.7348924279212952, 0.7329643964767456]",4,"[468043370483537869, 468043370483621568, 468043370482846959, 468043370483538359, 468043370482846961, 468043370482846961, 468043370482846955, 468043370482846940, 468043370482846919, 468043370483538359, 468043370483878800, 468043370483536237, 468043370483041695, 468043370483907414, 468043370483307317, 468043370483536237, 468043370483508689, 468043370483538359, 468043370483290593, 468043370482846964]"
0607ab4a-57c2-4893-ae71-327553d574ca,Pathology,0.73046875,0.1630859375,0.0341796875,0.072265625,True,A,9.65578031539917,medmcqa_5,"['STAT', 'PBMD', 'PBMD', 'PBMD', 'PBMD']","[468043370482517166, 468043370483218896, 468043370483214386, 468043370483487664, 468043370483215193]","[0.8317887187004089, 0.8304038643836975, 0.8075894117355347, 0.8074239492416382, 0.8072769045829773]",4,"[468043370483218896, 468043370483214386, 468043370483685833, 468043370484058199, 468043370482517166, 468043370483742447, 468043370483540958, 468043370483215193, 468043370483685833, 468043370483139675, 468043370483742447, 468043370483215193, 468043370483685833, 468043370484004342, 468043370483209954, 468043370483685833, 468043370483218896, 468043370483487664, 468043370483742447, 468043370483215193]"
02b97bc8-316d-45fb-b372-606a62db2218,Pediatrics,0.08251953125,0.0184326171875,0.1640625,0.734375,True,D,9.083918333053589,medmcqa_5,"['TEXT', 'PBMD', 'PBMD', 'PBMD', 'PBMD']","[468043370482476388, 468043370483284434, 468043370483168716, 468043370483543602, 468043370483201137]","[0.8211376070976257, 0.8208316564559937, 0.819516658782959, 0.81816565990448, 0.8178939819335938]",4,"[468043370483188135, 468043370482905582, 468043370482457031, 468043370482469921, 468043370483201137, 468043370483259623, 468043370482476389, 468043370483284434, 468043370482905582, 468043370482457031, 468043370483861714, 468043370483340665, 468043370483294050, 468043370482469998, 468043370483812836, 468043370483022750, 468043370483022729, 468043370483802681, 468043370483022757, 468043370484045622]"
87c9ed45-4f13-4ec7-9af1-571dc39c84a9,Pediatrics,0.984375,0.00848388671875,0.0031280517578125,0.0054931640625,True,A,10.85636591911316,medmcqa_5,"['PBMD', 'PBMD', 'PBMD', 'PBMD', 'PBMD']","[468043370483877711, 468043370483256569, 468043370483496052, 468043370484010332, 468043370483426665]","[0.8019744157791138, 0.7960640788078308, 0.7933211326599121, 0.7921026945114136, 0.7916914820671082]",4,"[468043370482462762, 468043370483817009, 468043370483893886, 468043370484044725, 468043370482462759, 468043370483229807, 468043370483320886, 468043370483426665, 468043370483008884, 468043370484018219, 468043370482815920, 468043370483814683, 468043370482426492, 468043370482872551, 468043370483893886, 468043370483292393, 468043370483739802, 468043370483320772, 468043370482426476, 468043370483040191]"
6f03967a-8c4b-4a57-8443-1c81d4543711,Pediatrics,0.0615234375,0.84765625,0.02734375,0.0615234375,False,A,11.256353378295898,medmcqa_5,"['PBMD', 'PBMD', 'PBMD', 'PBMD', 'PBMD']","[468043370484096385, 468043370483574785, 468043370483760250, 468043370483418545, 468043370483452111]","[0.8597975969314575, 0.856326162815094, 0.8530791997909546, 0.8492344617843628, 0.8423723578453064]",4,"[468043370482950385, 468043370482950389, 468043370482950396, 468043370483752932, 468043370482950384, 468043370483752937, 468043370483418545, 468043370483752934, 468043370483452111, 468043370483752936, 468043370483913404, 468043370483863117, 468043370483741185, 468043370483700032, 468043370484000603, 468043370483279261, 468043370483452111, 468043370483752937, 468043370483418545, 468043370483740125]"
77d35e3d-ce5c-426c-91da-17f5259efafa,Pediatrics,0.03955078125,0.0576171875,0.90234375,0.00022125244140625,False,A,10.555137872695923,medmcqa_5,"['STAT', 'PBMD', 'STAT', 'PBMD', 'STAT']","[468043370482505852, 468043370483816864, 468043370482797893, 468043370483119606, 468043370482780662]","[0.7578202486038208, 0.7571362853050232, 0.755759060382843, 0.7553820610046387, 0.7529762387275696]",4,"[468043370483913895, 468043370483774587, 468043370483037003, 468043370483119606, 468043370483860408, 468043370482797893, 468043370483336844, 468043370482956999, 468043370482430611, 468043370483729462, 468043370482430611, 468043370484096612, 468043370482435990, 468043370482797893, 468043370482890849, 468043370483336844, 468043370482909421, 468043370484123535, 468043370482797893, 468043370482956999]"
2097d24a-6816-485c-984d-90a5fbf2090e,Pediatrics,0.291015625,0.1376953125,0.48046875,0.0888671875,False,A,10.108897686004639,medmcqa_5,"['PBMD', 'PBMD', 'PBMD', 'PBMD', 'PBMD']","[468043370483647646, 468043370483690418, 468043370483844152, 468043370483963017, 468043370483488688]","[0.7767735719680786, 0.7727203369140625, 0.7717254161834717, 0.7703300714492798, 0.7702157497406006]",4,"[468043370483035408, 468043370482541557, 468043370482541556, 468043370483909833, 468043370483356418, 468043370483909833, 468043370483035408, 468043370483478674, 468043370483356418, 468043370483365956, 468043370483356418, 468043370483466902, 468043370483963017, 468043370483547755, 468043370483805863, 468043370483909833, 468043370483035408, 468043370483356418, 468043370483763002, 468043370482805771]"
cf8f9c7e-0fd4-4d09-8638-0b61f05a55a1,Pediatrics,0.96875,0.006134033203125,0.0228271484375,0.0025482177734375,True,A,9.47895884513855,medmcqa_5,"['PBMD', 'PBMD', 'PBMD', 'TEXT', 'PBMD']","[468043370483367516, 468043370483733966, 468043370483642881, 468043370482450053, 468043370483864424]","[0.788454532623291, 0.7830018401145935, 0.7730917930603027, 0.7715625166893005, 0.7688050270080566]",4,"[468043370483733966, 468043370483367516, 468043370483642881, 468043370483125460, 468043370483864424, 468043370483733966, 468043370483642881, 468043370483367516, 468043370482450055, 468043370483123521, 468043370483367516, 468043370483733966, 468043370482902286, 468043370483864424, 468043370483642881, 468043370483367516, 468043370483733966, 468043370483642881, 468043370483042844, 468043370483620804]"
1fc4e91a-649c-4eb8-bf21-abc171e8231f,Pediatrics,0.0654296875,0.0198974609375,0.8984375,0.0145263671875,True,C,11.407696723937988,medmcqa_5,"['PBMD', 'PBMD', 'PBMD', 'PBMD', 'PBMD']","[468043370483459638, 468043370483591069, 468043370483451367, 468043370483837910, 468043370483250846]","[0.835525631904602, 0.8346239328384399, 0.8308197855949402, 0.8303781151771545, 0.8301680088043213]",4,"[468043370483837910, 468043370483459638, 468043370483250846, 468043370483233109, 468043370482997430, 468043370483233109, 468043370483268594, 468043370482997430, 468043370483837910, 468043370482450861, 468043370483233109, 468043370483837910, 468043370483250846, 468043370483322653, 468043370483420170, 468043370483009548, 468043370482450218, 468043370483837910, 468043370482450224, 468043370483250846]"
0778d314-486a-4af0-b2bd-cab83e7e2166,Pediatrics,0.138671875,0.16796875,0.06982421875,0.625,True,D,13.562299966812134,medmcqa_5,"['PBMD', 'TEXT', 'PBMD', 'PBMD', 'PBMD']","[468043370484009334, 468043370482470395, 468043370483977054, 468043370483638526, 468043370483513803]","[0.805592954158783, 0.8052387237548828, 0.8027542233467102, 0.8009936213493347, 0.8004594445228577]",4,"[468043370482411727, 468043370482799879, 468043370482560949, 468043370482411764, 468043370483099683, 468043370483508141, 468043370482438944, 468043370482861616, 468043370483628971, 468043370484009334, 468043370483513803, 468043370484022191, 468043370483552095, 468043370483341393, 468043370482439180, 468043370483753484, 468043370482813992, 468043370483924599, 468043370483749102, 468043370483687325]"
920be195-ff47-4a12-9968-c79a5615141f,Pediatrics,0.0267333984375,0.023681640625,0.9453125,0.005615234375,True,C,11.93933916091919,medmcqa_5,"['STAT', 'PBMD', 'PBMD', 'PBMD', 'PBMD']","[468043370483020261, 468043370483481073, 468043370483895595, 468043370484076834, 468043370483607380]","[0.8043723106384277, 0.7860223650932312, 0.7808343768119812, 0.7787433862686157, 0.7755269408226013]",4,"[468043370482991503, 468043370483051266, 468043370483051263, 468043370483864617, 468043370483353764, 468043370482833107, 468043370482833093, 468043370482833138, 468043370482906631, 468043370482833091, 468043370483387651, 468043370483331869, 468043370483699024, 468043370483859957, 468043370483422065, 468043370482955979, 468043370483227215, 468043370483272327, 468043370482956002, 468043370482955994]"
f9739409-2790-47a9-80b7-98c70f0bcc16,Pediatrics,0.0096435546875,0.98046875,0.0024261474609375,0.007049560546875,True,B,11.703463792800903,medmcqa_5,"['PBMD', 'PBMD', 'PBMD', 'PBMD', 'PBMD']","[468043370483866866, 468043370484074928, 468043370483710608, 468043370483864023, 468043370484038655]","[0.8034868836402893, 0.8012499213218689, 0.7932162880897522, 0.7901626825332642, 0.7887438535690308]",4,"[468043370483799548, 468043370483900909, 468043370482797544, 468043370482797548, 468043370482797547, 468043370484014489, 468043370484074928, 468043370483799546, 468043370484031548, 468043370482523992, 468043370482518523, 468043370484003725, 468043370483748300, 468043370482447647, 468043370482523989, 468043370483063174, 468043370483050351, 468043370483909862, 468043370482818304, 468043370482518540]"
d0c2e565-6176-49a0-b3c8-8f0ac586d82f,Pediatrics,0.8984375,0.0211181640625,0.0419921875,0.037109375,True,A,9.111562967300415,medmcqa_5,"['PBMD', 'PBMD', 'STAT', 'STAT', 'STAT']","[468043370483132239, 468043370483649846, 468043370483036871, 468043370482550879, 468043370482809615]","[0.8373150825500488, 0.8217670321464539, 0.815332293510437, 0.8016993999481201, 0.8007106781005859]",4,"[468043370483132239, 468043370483446810, 468043370482861209, 468043370482550879, 468043370483775504, 468043370483336854, 468043370483857793, 468043370483269461, 468043370483657722, 468043370483809134, 468043370483906395, 468043370483902801, 468043370483796434, 468043370482963772, 468043370482441561, 468043370483036871, 468043370484120491, 468043370484037475, 468043370483132239, 468043370482809615]"
6101f100-7f2c-4957-8862-e5abfc113729,Pediatrics,0.9921875,0.002044677734375,0.002044677734375,0.0027923583984375,True,A,11.873200416564941,medmcqa_5,"['PBMD', 'PBMD', 'PBMD', 'PBMD', 'PBMD']","[468043370483226841, 468043370483228360, 468043370483542611, 468043370483223452, 468043370483223921]","[0.8206381797790527, 0.8104487061500549, 0.8097591996192932, 0.8032479286193848, 0.7960214614868164]",4,"[468043370483226841, 468043370483228360, 468043370483542611, 468043370482463800, 468043370483223452, 468043370483228360, 468043370483223452, 468043370483226841, 468043370483548802, 468043370483365060, 468043370482875891, 468043370483040192, 468043370483748678, 468043370483478903, 468043370483228360, 468043370483228360, 468043370482563848, 468043370483223452, 468043370482842529, 468043370483226841]"
dbd53f8c-f995-46d5-93fc-350207f988ec,Medicine,0.099609375,0.419921875,0.326171875,0.154296875,False,C,8.325442790985107,medmcqa_5,"['PBMD', 'PBMD', 'PBMD', 'TEXT', 'PBMD']","[468043370483881834, 468043370483417205, 468043370483815650, 468043370482399754, 468043370484050148]","[0.7614238858222961, 0.7606294751167297, 0.7575852870941162, 0.7551526427268982, 0.7532511353492737]",4,"[468043370483881834, 468043370483044250, 468043370483857157, 468043370483477798, 468043370483896872, 468043370483775420, 468043370483404555, 468043370483449543, 468043370483411003, 468043370483226274, 468043370484127983, 468043370482979135, 468043370483256667, 468043370483731360, 468043370484021980, 468043370483898074, 468043370482815002, 468043370483349015, 468043370483285684, 468043370483314693]"
3e76b92d-f48f-4a2f-98ed-d97420a71e53,Medicine,0.421875,0.4765625,0.05712890625,0.04443359375,True,B,7.470350027084351,medmcqa_5,"['STAT', 'PBMD', 'STAT', 'STAT', 'TEXT']","[468043370483028343, 468043370483285468, 468043370483028275, 468043370482994099, 468043370482410922]","[0.8095237016677856, 0.808698832988739, 0.8080421090126038, 0.8075242638587952, 0.8070335388183594]",4,"[468043370483235541, 468043370482932773, 468043370482932774, 468043370482932767, 468043370483403089, 468043370483028283, 468043370482932817, 468043370482458203, 468043370482932761, 468043370483028343, 468043370482932789, 468043370482932785, 468043370482994104, 468043370483028265, 468043370483094349, 468043370483028265, 468043370482994096, 468043370482932762, 468043370483028343, 468043370482994099]"
27c9ead8-7baf-4c63-bf48-a03e57812c44,Medicine,0.2041015625,0.1591796875,0.080078125,0.5546875,False,C,9.232420444488525,medmcqa_5,"['PBMD', 'PBMD', 'PBMD', 'STAT', 'PBMD']","[468043370483747664, 468043370483412472, 468043370483501448, 468043370482980192, 468043370483273543]","[0.849229633808136, 0.8436142802238464, 0.8351331949234009, 0.8275518417358398, 0.8250904083251953]",4,"[468043370482980192, 468043370483412472, 468043370482884024, 468043370482795156, 468043370482983272, 468043370482773194, 468043370482980192, 468043370482884024, 468043370483412472, 468043370483280119, 468043370483273543, 468043370482884024, 468043370483844450, 468043370483412472, 468043370483621439, 468043370482408725, 468043370483546795, 468043370482464011, 468043370483778817, 468043370482513554]"
11903811-5b78-46fa-8c61-06c5df9a3ccb,Medicine,0.96484375,0.0213623046875,0.0089111328125,0.00421142578125,True,A,11.6439790725708,medmcqa_5,"['PBMD', 'PBMD', 'PBMD', 'PBMD', 'PBMD']","[468043370483591263, 468043370483872375, 468043370484076421, 468043370483641121, 468043370483850335]","[0.816887378692627, 0.8137874603271484, 0.8129956126213074, 0.8021148443222046, 0.8020540475845337]",4,"[468043370482431619, 468043370482542513, 468043370482440849, 468043370482440848, 468043370482515266, 468043370482440850, 468043370482440848, 468043370483050751, 468043370482440847, 468043370482443450, 468043370484076420, 468043370483880575, 468043370483314409, 468043370482515356, 468043370483591263, 468043370483118173, 468043370482965356, 468043370482816389, 468043370482897216, 468043370482816403]"
52214090-675c-402d-b898-bb6c05aa3e95,Medicine,0.5390625,0.185546875,0.2236328125,0.05322265625,True,A,13.331802606582642,medmcqa_5,"['PBMD', 'PBMD', 'TEXT', 'PBMD', 'PBMD']","[468043370483856532, 468043370484068279, 468043370482452640, 468043370483815288, 468043370483231955]","[0.8125571012496948, 0.8011693954467773, 0.7971717119216919, 0.7962190508842468, 0.7902557253837585]",4,"[468043370482862455, 468043370482561806, 468043370482452640, 468043370483856532, 468043370483124554, 468043370482862455, 468043370483856532, 468043370482859923, 468043370482852142, 468043370483300588, 468043370483856532, 468043370482859923, 468043370482452640, 468043370483300588, 468043370482852142, 468043370482561806, 468043370482852142, 468043370483856532, 468043370482452640, 468043370482859923]"
c30d00e9-dc5c-43fd-9514-b0dd23249546,Medicine,0.0264892578125,0.03857421875,0.93359375,0.00140380859375,True,C,8.825787544250488,medmcqa_5,"['STAT', 'STAT', 'PBMD', 'STAT', 'STAT']","[468043370482925642, 468043370482925686, 468043370483407027, 468043370482925669, 468043370482911357]","[0.7795222997665405, 0.7775722742080688, 0.7747360467910767, 0.7704802751541138, 0.7653069496154785]",4,"[468043370482925686, 468043370482925669, 468043370482925595, 468043370482925598, 468043370482925592, 468043370482920175, 468043370482788752, 468043370482920178, 468043370483428886, 468043370483498846, 468043370482803293, 468043370482852134, 468043370482803295, 468043370483032396, 468043370483032517, 468043370482411021, 468043370482802739, 468043370483015314, 468043370483015318, 468043370482411023]"
a0de04fa-2223-40ca-9173-558fe5011dac,Medicine,0.55859375,0.140625,0.16015625,0.140625,True,A,11.298563957214355,medmcqa_5,"['PBMD', 'PBMD', 'STAT', 'TEXT', 'STAT']","[468043370483950828, 468043370483816216, 468043370482864493, 468043370482404115, 468043370482865578]","[0.8185291886329651, 0.8162127733230591, 0.8145794868469238, 0.8143907189369202, 0.8133615255355835]",4,"[468043370483950828, 468043370483889927, 468043370483816216, 468043370483848638, 468043370482422619, 468043370482865578, 468043370483816216, 468043370482550209, 468043370482865554, 468043370482793142, 468043370483654259, 468043370484061773, 468043370484012020, 468043370483490504, 468043370484019322, 468043370482404113, 468043370482802312, 468043370482422833, 468043370483312888, 468043370483404542]"
cd0df6a2-1e8f-41e9-8304-1b8742ea993d,Medicine,0.048583984375,0.109375,0.80859375,0.033447265625,False,B,12.298521757125854,medmcqa_5,"['PBMD', 'PBMD', 'PBMD', 'PBMD', 'PBMD']","[468043370483830658, 468043370483865192, 468043370483865191, 468043370483589078, 468043370484101685]","[0.839501678943634, 0.8373676538467407, 0.8345152139663696, 0.8342993259429932, 0.8331817388534546]",4,"[468043370482557786, 468043370484050723, 468043370482436061, 468043370483310282, 468043370482906365, 468043370483865192, 468043370483272535, 468043370484050723, 468043370483442609, 468043370483310282, 468043370482436061, 468043370483865192, 468043370482467706, 468043370483310282, 468043370483442609, 468043370482436061, 468043370483865192, 468043370482839511, 468043370484050748, 468043370482467706]"
8a85e4e4-e42b-41a9-87e2-6f8e7105262c,Medicine,0.0242919921875,0.00225830078125,0.00128936767578125,0.97265625,True,D,10.27500057220459,medmcqa_5,"['PBMD', 'TEXT', 'PBMD', 'PBMD', 'PBMD']","[468043370483280147, 468043370482428655, 468043370483253309, 468043370483285589, 468043370483746378]","[0.855259358882904, 0.8430257439613342, 0.816207230091095, 0.8146766424179077, 0.8102555274963379]",4,"[468043370483280147, 468043370484069517, 468043370483045216, 468043370483299118, 468043370483285589, 468043370483280147, 468043370482933302, 468043370482428655, 468043370482508460, 468043370483045216, 468043370483280147, 468043370483285589, 468043370483253309, 468043370482933302, 468043370483299118, 468043370483280147, 468043370482933302, 468043370482428655, 468043370482504683, 468043370482989423]"
17529d1c-10a7-46d0-8f1c-070aa64234e5,Medicine,0.043701171875,0.93359375,0.0181884765625,0.0048828125,True,B,9.382145166397095,medmcqa_5,"['PBMD', 'PBMD', 'PBMD', 'PBMD', 'PBMD']","[468043370483492082, 468043370483247440, 468043370483443467, 468043370483364565, 468043370483258024]","[0.8100795745849609, 0.8070429563522339, 0.805188775062561, 0.8048034906387329, 0.8043299913406372]",4,"[468043370483129631, 468043370483365551, 468043370483241465, 468043370483440881, 468043370482958131, 468043370482791440, 468043370483129631, 468043370483102098, 468043370482986369, 468043370483117635, 468043370483452809, 468043370484129625, 468043370483129631, 468043370483014956, 468043370482409654, 468043370482545008, 468043370483556388, 468043370483757306, 468043370483129631, 468043370482791440]"
b1cc4ab0-a82c-437a-88c2-00953f3618ff,Medicine,0.8828125,0.07275390625,0.0284423828125,0.01519775390625,True,A,9.163732767105103,medmcqa_5,"['STAT', 'TEXT', 'PBMD', 'PBMD', 'PBMD']","[468043370482864125, 468043370482430813, 468043370483985070, 468043370484000368, 468043370483334254]","[0.7680608034133911, 0.7680159211158752, 0.7632966041564941, 0.7601985335350037, 0.7601560354232788]",4,"[468043370482864113, 468043370483985070, 468043370482864153, 468043370482434376, 468043370482773230, 468043370482953333, 468043370483888667, 468043370482516487, 468043370484035060, 468043370483940621, 468043370482439742, 468043370482934856, 468043370483985070, 468043370482934854, 468043370482773230, 468043370482440353, 468043370483648067, 468043370482430813, 468043370483400202, 468043370482439734]"
d2dd3a90-bed4-4897-ab87-50fef0041b29,Medicine,0.01483154296875,0.9765625,0.003997802734375,0.003753662109375,True,B,8.349515199661255,medmcqa_5,"['STAT', 'TEXT', 'PBMD', 'PBMD', 'PBMD']","[468043370483044253, 468043370482399710, 468043370483144544, 468043370483154159, 468043370483195901]","[0.7940931916236877, 0.7910566926002502, 0.7879658937454224, 0.7866824865341187, 0.7852399945259094]",4,"[468043370483236984, 468043370482425993, 468043370484091940, 468043370483115277, 468043370484095034, 468043370483505022, 468043370482944555, 468043370483624384, 468043370483883821, 468043370483195901, 468043370482944555, 468043370483505022, 468043370482498398, 468043370483883821, 468043370483562181, 468043370482944595, 468043370483678275, 468043370483883821, 468043370483536313, 468043370483621663]"
789aa0f7-2666-4950-be7e-42b03b1b1a44,Medicine,0.04931640625,0.00970458984375,0.008056640625,0.93359375,True,D,9.493021249771118,medmcqa_5,"['PBMD', 'PBMD', 'PBMD', 'TEXT', 'PBMD']","[468043370483154933, 468043370483355559, 468043370484002689, 468043370482476277, 468043370483188967]","[0.7738553285598755, 0.7689769864082336, 0.7673363089561462, 0.7638925313949585, 0.7634245753288269]",4,"[468043370482935083, 468043370482498333, 468043370482472696, 468043370482459470, 468043370482476246, 468043370482459470, 468043370483656706, 468043370482977955, 468043370482472696, 468043370482484242, 468043370483056479, 468043370482844594, 468043370484083909, 468043370482476574, 468043370482384004, 468043370482864875, 468043370482459515, 468043370482476557, 468043370483156314, 468043370482476496]"
b6960906-d735-47a0-b71b-aa8af6cd26b3,Medicine,0.033935546875,0.038330078125,0.875,0.052490234375,True,C,9.570160865783691,medmcqa_5,"['TEXT', 'PBMD', 'PBMD', 'STAT', 'PBMD']","[468043370482423366, 468043370483810652, 468043370483914622, 468043370482900344, 468043370483477498]","[0.780292809009552, 0.7790260910987854, 0.7733349204063416, 0.770888090133667, 0.7687548398971558]",4,"[468043370483059635, 468043370482402007, 468043370482907530, 468043370482469153, 468043370483634197, 468043370482900344, 468043370482469052, 468043370482802054, 468043370482426895, 468043370482521400, 468043370483836750, 468043370484070835, 468043370483782235, 468043370483945214, 468043370483846955, 468043370482387081, 468043370482387368, 468043370482402013, 468043370482793433, 468043370482402014]"
1919416e-aa4f-4c7f-a845-46186f02f44f,Medicine,0.9921875,0.000904083251953125,0.005523681640625,0.002166748046875,True,A,9.468733549118042,medmcqa_5,"['PBMD', 'TEXT', 'PBMD', 'PBMD', 'PBMD']","[468043370483755695, 468043370482481653, 468043370483335813, 468043370483949184, 468043370483654352]","[0.7986011505126953, 0.7931715250015259, 0.7864283919334412, 0.7830052971839905, 0.7825305461883545]",4,"[468043370483909496, 468043370483795597, 468043370483799247, 468043370483949184, 468043370483827963, 468043370483755695, 468043370483335813, 468043370483064699, 468043370483533618, 468043370483127509, 468043370483799247, 468043370483773415, 468043370483795597, 468043370483064699, 468043370483909496, 468043370483755695, 468043370483799247, 468043370483909496, 468043370483533618, 468043370483064699]"
0190a0f3-416a-4d56-a172-7738b023fd28,Pharmacology,0.026611328125,0.01422119140625,0.9375,0.0220947265625,True,C,9.815616369247437,medmcqa_5,"['TEXT', 'PBMD', 'PBMD', 'PBMD', 'PBMD']","[468043370482466770, 468043370483830212, 468043370483942398, 468043370483937148, 468043370483215183]","[0.7763129472732544, 0.7734633684158325, 0.7637588977813721, 0.7574470043182373, 0.7538809180259705]",4,"[468043370483830212, 468043370483074630, 468043370482466770, 468043370483074631, 468043370483856016, 468043370483830212, 468043370483074630, 468043370482466770, 468043370483158244, 468043370482809670, 468043370483830212, 468043370484016976, 468043370482917065, 468043370483035528, 468043370483642472, 468043370482917068, 468043370483471150, 468043370482809670, 468043370483074630, 468043370482466770]"
57b1ba32-ffad-47ac-b906-d1b6dbca3bc6,Pharmacology,0.024169921875,0.96484375,0.0025482177734375,0.00836181640625,True,B,9.430238485336304,medmcqa_5,"['PBMD', 'PBMD', 'PBMD', 'PBMD', 'PBMD']","[468043370483287069, 468043370483306641, 468043370483577677, 468043370483103044, 468043370483270924]","[0.8067214488983154, 0.8024066090583801, 0.7994613647460938, 0.7985262274742126, 0.7978947162628174]",4,"[468043370483103044, 468043370482511690, 468043370483003429, 468043370483909076, 468043370483287069, 468043370482466091, 468043370483003460, 468043370483003464, 468043370483909076, 468043370483003429, 468043370482917066, 468043370482466091, 468043370483003464, 468043370483097918, 468043370483003429, 468043370482466091, 468043370482419930, 468043370482545623, 468043370483097918, 468043370483003429]"
593f6b1c-c039-46aa-b81e-f418ed39ed6c,Pharmacology,0.0458984375,0.06689453125,0.52734375,0.361328125,False,B,9.612702369689941,medmcqa_5,"['PBMD', 'STAT', 'PBMD', 'PBMD', 'PBMD']","[468043370483112667, 468043370482994441, 468043370483407074, 468043370483315232, 468043370483813282]","[0.8269346952438354, 0.8145177364349365, 0.8132424354553223, 0.8131024241447449, 0.8119310140609741]",4,"[468043370482907559, 468043370483112667, 468043370483683128, 468043370483306652, 468043370483315232, 468043370483468926, 468043370483403305, 468043370483390818, 468043370483339498, 468043370483104465, 468043370483059664, 468043370482907551, 468043370483059643, 468043370483753940, 468043370482859584, 468043370482944069, 468043370483387826, 468043370483112667, 468043370483315232, 468043370484122398]"
59ade17d-2139-4c4b-b0b5-ec6d6cf3c073,Pharmacology,0.73046875,0.01513671875,0.11181640625,0.1435546875,True,A,10.292210102081299,medmcqa_5,"['STAT', 'STAT', 'TEXT', 'STAT', 'STAT']","[468043370482819727, 468043370482855738, 468043370482466085, 468043370482807945, 468043370482855739]","[0.8417248725891113, 0.8237877488136292, 0.8187152743339539, 0.8138488531112671, 0.8113212585449219]",4,"[468043370482807945, 468043370483017609, 468043370482819727, 468043370482855738, 468043370482466085, 468043370482807945, 468043370482819727, 468043370482855738, 468043370483017609, 468043370482466085, 468043370482948624, 468043370482464924, 468043370482819727, 468043370482807945, 468043370482855738, 468043370482819727, 468043370483017609, 468043370482819744, 468043370482855738, 468043370482819747]"
aa8da3cd-fdc2-42ef-96f5-9de78597f924,Pharmacology,0.33984375,0.043212890625,0.5625,0.0556640625,True,C,9.578187942504883,medmcqa_5,"['STAT', 'PBMD', 'PBMD', 'PBMD', 'PBMD']","[468043370482510275, 468043370483125923, 468043370483624599, 468043370483401390, 468043370483252780]","[0.8855082988739014, 0.8514052033424377, 0.8314778208732605, 0.8290613293647766, 0.8272674083709717]",4,"[468043370482510275, 468043370483564433, 468043370483521100, 468043370483350290, 468043370483125923, 468043370484093092, 468043370483125923, 468043370484103585, 468043370482510275, 468043370483302315, 468043370483230750, 468043370483457417, 468043370483322174, 468043370482510275, 468043370483628656, 468043370482510275, 468043370483125923, 468043370483449952, 468043370483401390, 468043370483350290]"
2dd59aba-38c0-4aff-a000-1bcb640254ff,Pharmacology,0.8125,0.10986328125,0.048828125,0.02783203125,False,B,6.914100170135498,medmcqa_5,"['PBMD', 'STAT', 'PBMD', 'PBMD', 'PBMD']","[468043370484089633, 468043370482936062, 468043370483478450, 468043370483402785, 468043370483595620]","[0.7405498027801514, 0.7361109256744385, 0.7233845591545105, 0.7228007316589355, 0.7207620143890381]",4,"[468043370482975204, 468043370483067821, 468043370483400906, 468043370482986026, 468043370483869823, 468043370482857342, 468043370484023027, 468043370482853391, 468043370483067873, 468043370482986026, 468043370482957328, 468043370482853391, 468043370482792724, 468043370482975192, 468043370483067821, 468043370482975192, 468043370482975204, 468043370482792724, 468043370483067821, 468043370483293662]"
c273445f-2dc5-452f-94b4-ce6e37b4496d,Pharmacology,0.1455078125,0.053466796875,0.78515625,0.0162353515625,True,C,10.732767820358276,medmcqa_5,"['STAT', 'PBMD', 'STAT', 'STAT', 'STAT']","[468043370482964827, 468043370483611291, 468043370482908910, 468043370482549143, 468043370483060056]","[0.7933615446090698, 0.7860468626022339, 0.7823730707168579, 0.7765569686889648, 0.7749323844909668]",4,"[468043370483557959, 468043370482468882, 468043370483901332, 468043370483579159, 468043370483298297, 468043370482810743, 468043370482810758, 468043370482807555, 468043370482466527, 468043370482401184, 468043370483774935, 468043370483074562, 468043370483042676, 468043370483245433, 468043370482468882, 468043370483120308, 468043370483901332, 468043370482807555, 468043370483060056, 468043370483024366]"
f62dcc6b-7c3b-4308-b33c-c48ce3947b79,Pharmacology,0.022705078125,0.01141357421875,0.96484375,0.0030670166015625,True,C,9.594611406326294,medmcqa_5,"['PBMD', 'PBMD', 'PBMD', 'PBMD', 'PBMD']","[468043370483926914, 468043370483695125, 468043370483699223, 468043370483938815, 468043370483349305]","[0.7578493356704712, 0.7559462189674377, 0.7536128163337708, 0.7525838613510132, 0.7511693239212036]",4,"[468043370483673536, 468043370483679009, 468043370482494189, 468043370483920691, 468043370484110647, 468043370483166316, 468043370483400528, 468043370483391907, 468043370483695553, 468043370482494260, 468043370483016134, 468043370482494259, 468043370482494190, 468043370482467836, 468043370482494260, 468043370483641817, 468043370484110647, 468043370483166316, 468043370483276862, 468043370483673536]"
b0b23ecd-6076-476c-935b-a6384c8474ff,Pharmacology,0.0308837890625,0.00689697265625,0.00238037109375,0.9609375,True,D,9.673065900802612,medmcqa_5,"['TEXT', 'TEXT', 'STAT', 'STAT', 'STAT']","[468043370482465393, 468043370482465411, 468043370482944119, 468043370482931218, 468043370482944117]","[0.7781886458396912, 0.772570013999939, 0.7717614769935608, 0.771388053894043, 0.7703893780708313]",4,"[468043370483384661, 468043370482944118, 468043370482465391, 468043370483208668, 468043370482465407, 468043370483384661, 468043370483551761, 468043370482944119, 468043370482944118, 468043370482412250, 468043370482944119, 468043370482931253, 468043370483384661, 468043370483431831, 468043370482471590, 468043370483384661, 468043370483551761, 468043370482412250, 468043370482465393, 468043370482401098]"
2690d305-171f-4fbe-8053-c8ac73b7e550,Pharmacology,0.9296875,0.01507568359375,0.0218505859375,0.031982421875,True,A,8.839178323745728,medmcqa_5,"['STAT', 'TEXT', 'PBMD', 'PBMD', 'PBMD']","[468043370483031890, 468043370482395086, 468043370483433156, 468043370483827252, 468043370483467295]","[0.7925133109092712, 0.7737472057342529, 0.7719695568084717, 0.7709999084472656, 0.7706021070480347]",4,"[468043370482910682, 468043370483469262, 468043370483023990, 468043370483827252, 468043370482482800, 468043370483254274, 468043370482420930, 468043370483433156, 468043370482399909, 468043370483827252, 468043370484002087, 468043370483003555, 468043370484055968, 468043370482994094, 468043370483922071, 468043370483260198, 468043370482977194, 468043370483321433, 468043370483253038, 468043370483467295]"
1dc8c68f-0e81-40f3-860d-cfcc8d07be2a,Pharmacology,0.2412109375,0.166015625,0.015380859375,0.578125,True,D,9.106875658035278,medmcqa_5,"['PBMD', 'STAT', 'PBMD', 'PBMD', 'PBMD']","[468043370483093729, 468043370482836484, 468043370483123654, 468043370483616446, 468043370483263905]","[0.7992317080497742, 0.7877485156059265, 0.7830067276954651, 0.7804786562919617, 0.7801587581634521]",4,"[468043370482987488, 468043370482836484, 468043370483106332, 468043370482882781, 468043370482881319, 468043370482987488, 468043370482836484, 468043370483093729, 468043370483094450, 468043370483106332, 468043370483416567, 468043370482469213, 468043370482536047, 468043370483077142, 468043370482476470, 468043370482469213, 468043370483093729, 468043370482836484, 468043370482871845, 468043370483106332]"
e2784a8a-04af-4ced-8bf8-e6c496245df2,Pharmacology,0.003173828125,0.99609375,0.000705718994140625,0.00131988525390625,True,B,8.856263160705566,medmcqa_5,"['PBMD', 'TEXT', 'PBMD', 'TEXT', 'STAT']","[468043370483848560, 468043370482449106, 468043370483848553, 468043370482468530, 468043370482835172]","[0.7419847249984741, 0.7369657754898071, 0.7355989217758179, 0.7355982065200806, 0.7343779802322388]",4,"[468043370482934304, 468043370482883004, 468043370484023649, 468043370483880103, 468043370484010998, 468043370483231631, 468043370482934304, 468043370483453536, 468043370482449110, 468043370483349480, 468043370482468530, 468043370482447443, 468043370483692646, 468043370482802700, 468043370482818422, 468043370483349480, 468043370482934304, 468043370483368494, 468043370483427915, 468043370483231631]"
49b456da-591f-4221-b56b-9a04eaa21b77,Pharmacology,0.5703125,0.392578125,0.0284423828125,0.00921630859375,True,A,9.559255838394165,medmcqa_5,"['PBMD', 'PBMD', 'PBMD', 'PBMD', 'PBMD']","[468043370483858178, 468043370484125692, 468043370483865793, 468043370483698679, 468043370483875375]","[0.7905299663543701, 0.7767009735107422, 0.7744672894477844, 0.7729312181472778, 0.7720715403556824]",4,"[468043370483504087, 468043370483858178, 468043370484053453, 468043370483865793, 468043370483816171, 468043370482412493, 468043370483851296, 468043370483858178, 468043370483865793, 468043370483915308, 468043370482485688, 468043370483915308, 468043370483858178, 468043370482913075, 468043370483909193, 468043370482412493, 468043370482830943, 468043370483858178, 468043370482454712, 468043370482830951]"
c2966f39-a3e7-464d-9048-937bf330c794,Pharmacology,0.0400390625,0.01300048828125,0.91015625,0.035400390625,True,C,10.946647882461548,medmcqa_5,"['PBMD', 'PBMD', 'PBMD', 'PBMD', 'PBMD']","[468043370483551566, 468043370483239074, 468043370483258777, 468043370483740203, 468043370483883002]","[0.7824109196662903, 0.7646613121032715, 0.7592350244522095, 0.7567592859268188, 0.748930037021637]",4,"[468043370483551566, 468043370483740203, 468043370483764210, 468043370483051832, 468043370483051855, 468043370483551566, 468043370482470777, 468043370483548359, 468043370483133764, 468043370484106875, 468043370483551566, 468043370482470777, 468043370483133764, 468043370483051832, 468043370483548359, 468043370483551566, 468043370482794652, 468043370483051839, 468043370483051832, 468043370482470778]"
a02c8fe4-9c6b-4d40-8e5d-9870b83a73cb,Pharmacology,0.173828125,0.1533203125,0.06787109375,0.60546875,True,D,9.714793682098389,medmcqa_5,"['PBMD', 'PBMD', 'STAT', 'PBMD', 'PBMD']","[468043370484087038, 468043370483732551, 468043370482899791, 468043370483407943, 468043370483567369]","[0.750680685043335, 0.7478082776069641, 0.7468544840812683, 0.7415528297424316, 0.7383424043655396]",4,"[468043370483856448, 468043370482812520, 468043370482847474, 468043370483732551, 468043370483850711, 468043370483732551, 468043370482899791, 468043370483048659, 468043370484093279, 468043370483493734, 468043370483864770, 468043370484035059, 468043370483734730, 468043370484090271, 468043370482787410, 468043370482785848, 468043370483030408, 468043370482785872, 468043370482785846, 468043370482785845]"
ef382bac-08a7-4b34-a5dc-e9eee5dc3cd7,Pharmacology,0.5625,0.046142578125,0.341796875,0.04931640625,False,C,11.238798141479492,medmcqa_5,"['STAT', 'PBMD', 'PBMD', 'PBMD', 'PBMD']","[468043370482500209, 468043370484018125, 468043370484018132, 468043370483907429, 468043370484018126]","[0.8126211166381836, 0.7997159361839294, 0.7989150285720825, 0.7969643473625183, 0.7965246438980103]",4,"[468043370483637244, 468043370484018126, 468043370484018125, 468043370484120071, 468043370484115289, 468043370483874197, 468043370482500209, 468043370483909074, 468043370483339480, 468043370484095845, 468043370484018125, 468043370483809278, 468043370484018126, 468043370483637244, 468043370483247593, 468043370484018125, 468043370484018123, 468043370483637244, 468043370483247593, 468043370483634687]"
cbed1f88-337c-4896-b58b-daa523d9baf0,Pharmacology,0.01446533203125,0.01055908203125,0.0224609375,0.953125,True,D,10.98452615737915,medmcqa_5,"['TEXT', 'PBMD', 'STAT', 'STAT', 'PBMD']","[468043370482470395, 468043370484031479, 468043370482999840, 468043370482977203, 468043370483746780]","[0.7490058541297913, 0.7448585629463196, 0.7367690205574036, 0.734115481376648, 0.7336323261260986]",4,"[468043370483680793, 468043370483920898, 468043370483328858, 468043370483195402, 468043370483048907, 468043370482470876, 468043370483680793, 468043370482470890, 468043370482470901, 468043370483328858, 468043370483683151, 468043370483745915, 468043370484095515, 468043370483851307, 468043370483746764, 468043370482776838, 468043370483939469, 468043370482470886, 468043370483739971, 468043370482470885]"
0a905295-9f26-4b46-827f-1bbe23678338,Surgery,0.039306640625,0.953125,0.00604248046875,0.0022125244140625,True,B,9.670450210571289,medmcqa_5,"['STAT', 'PBMD', 'TEXT', 'TEXT', 'STAT']","[468043370482780408, 468043370483637103, 468043370482420540, 468043370482487234, 468043370482495530]","[0.7728870511054993, 0.7688318490982056, 0.7627142071723938, 0.7546488046646118, 0.7518251538276672]",4,"[468043370483637103, 468043370482420540, 468043370482511341, 468043370482495530, 468043370482511342, 468043370482511341, 468043370483077035, 468043370483637103, 468043370482796379, 468043370482487233, 468043370483637103, 468043370482511341, 468043370482511339, 468043370482511342, 468043370482487231, 468043370482511341, 468043370483637103, 468043370482511339, 468043370482511342, 468043370482487292]"
1bcbe056-96b4-41aa-a7aa-044d7d2ac555,Surgery,0.4296875,0.0849609375,0.4296875,0.0546875,True,A,11.324102878570557,medmcqa_5,"['PBMD', 'PBMD', 'PBMD', 'PBMD', 'PBMD']","[468043370483989014, 468043370483724279, 468043370483853719, 468043370483553767, 468043370484100914]","[0.8043152093887329, 0.8019776940345764, 0.797915518283844, 0.7873528003692627, 0.7870585918426514]",4,"[468043370483989014, 468043370484069189, 468043370482529453, 468043370483553767, 468043370482895028, 468043370484100912, 468043370483989014, 468043370482854059, 468043370483553767, 468043370484025102, 468043370482854059, 468043370482926643, 468043370483989014, 468043370482522686, 468043370484025102, 468043370484046353, 468043370483937542, 468043370482895028, 468043370483553767, 468043370482897402]"
49742408-b907-4963-a7b7-3e23f073e1bb,Surgery,0.0289306640625,0.0106201171875,0.95703125,0.0020904541015625,True,C,10.883943796157837,medmcqa_5,"['STAT', 'TEXT', 'TEXT', 'PBMD', 'TEXT']","[468043370483023724, 468043370482481669, 468043370482405291, 468043370483945716, 468043370482409771]","[0.8169362545013428, 0.8130406141281128, 0.8044841885566711, 0.8006219267845154, 0.7965805530548096]",4,"[468043370483023727, 468043370482409771, 468043370483023725, 468043370483764941, 468043370483023724, 468043370483014587, 468043370483023727, 468043370483764941, 468043370483945716, 468043370483023725, 468043370483023724, 468043370482405291, 468043370482811742, 468043370483023727, 468043370483014619, 468043370483023724, 468043370483023727, 468043370482409771, 468043370482405291, 468043370483945716]"
0c07c2bf-0cb4-4dba-91d6-f3cad091298b,Surgery,0.0693359375,0.061279296875,0.84375,0.02392578125,True,C,9.017424583435059,medmcqa_5,"['STAT', 'STAT', 'STAT', 'PBMD', 'PBMD']","[468043370483020972, 468043370482533229, 468043370482889422, 468043370483147762, 468043370483090627]","[0.7840163707733154, 0.7725661993026733, 0.7607415318489075, 0.760073184967041, 0.7560253739356995]",4,"[468043370483865270, 468043370483040454, 468043370483246417, 468043370483214841, 468043370483040456, 468043370483535944, 468043370483764100, 468043370483506416, 468043370484109023, 468043370484101360, 468043370482838169, 468043370483020979, 468043370483020957, 468043370483020983, 468043370482895421, 468043370482838169, 468043370483020979, 468043370483020957, 468043370483020983, 468043370483020863]"
9530266a-de00-449a-9428-d538b56740ab,Surgery,0.3671875,0.0771484375,0.53515625,0.0220947265625,True,C,8.446616649627686,medmcqa_5,"['STAT', 'STAT', 'STAT', 'STAT', 'PBMD']","[468043370483016505, 468043370482893530, 468043370482937244, 468043370483001095, 468043370483213895]","[0.7922114133834839, 0.7716292142868042, 0.7612559795379639, 0.7599010467529297, 0.7583581209182739]",4,"[468043370483016505, 468043370482893523, 468043370482949749, 468043370482838533, 468043370482893530, 468043370483016505, 468043370483213895, 468043370482978294, 468043370482505674, 468043370482937244, 468043370483016505, 468043370482778512, 468043370482505674, 468043370482978294, 468043370482937244, 468043370483016505, 468043370483213895, 468043370482937244, 468043370482778512, 468043370482978294]"
d60d9642-e4b5-4c01-b004-4422e0fb084e,Surgery,0.2578125,0.1005859375,0.0255126953125,0.6171875,True,D,6.687093496322632,medmcqa_5,"['STAT', 'PBMD', 'TEXT', 'PBMD', 'STAT']","[468043370482514526, 468043370483104468, 468043370482392533, 468043370483128805, 468043370483035589]","[0.8192959427833557, 0.7898370027542114, 0.7863143086433411, 0.7770327925682068, 0.7743542194366455]",4,"[468043370482392533, 468043370483169504, 468043370483186192, 468043370483594114, 468043370483158384, 468043370482392533, 468043370483158384, 468043370482514526, 468043370483104468, 468043370482800799, 468043370482392533, 468043370483158384, 468043370483251579, 468043370483186192, 468043370483346794, 468043370483626228, 468043370482392533, 468043370483169504, 468043370482392675, 468043370483251579]"
9603526f-8c7d-4618-963d-be8a05c28a94,Surgery,0.64453125,0.1962890625,0.049560546875,0.11181640625,True,A,10.486824035644531,medmcqa_5,"['PBMD', 'STAT', 'PBMD', 'STAT', 'PBMD']","[468043370483593260, 468043370482783747, 468043370483894229, 468043370483059448, 468043370483593261]","[0.8271420001983643, 0.8184235095977783, 0.808786153793335, 0.8055204153060913, 0.7950975298881531]",4,"[468043370482783747, 468043370483894229, 468043370483059380, 468043370484091661, 468043370483216058, 468043370483593260, 468043370483539830, 468043370484051701, 468043370482783747, 468043370483211724, 468043370482531248, 468043370483913048, 468043370483593261, 468043370483593260, 468043370482783747, 468043370483593260, 468043370483211724, 468043370483894229, 468043370483372596, 468043370483216058]"
2b2dd003-8c87-47d5-8080-8f64371932e0,Surgery,0.97265625,0.009521484375,0.0167236328125,0.0025634765625,True,A,8.551002025604248,medmcqa_5,"['PBMD', 'PBMD', 'STAT', 'PBMD', 'STAT']","[468043370483529098, 468043370483570752, 468043370482538312, 468043370483853378, 468043370482931363]","[0.780501127243042, 0.7784887552261353, 0.7630454301834106, 0.762677788734436, 0.7562733292579651]",4,"[468043370483529098, 468043370483570752, 468043370482538918, 468043370484086268, 468043370483762411, 468043370482886212, 468043370483570752, 468043370482556454, 468043370483895847, 468043370482905206, 468043370484086268, 468043370483037439, 468043370483288946, 468043370483570752, 468043370482886212, 468043370483570752, 468043370482886212, 468043370482556454, 468043370482905206, 468043370484001119]"
a94187fc-3135-4989-9cc3-e6d5bbce3044,Surgery,0.23828125,0.185546875,0.07275390625,0.50390625,True,D,11.142593622207642,medmcqa_5,"['STAT', 'PBMD', 'STAT', 'STAT', 'STAT']","[468043370482917407, 468043370483101913, 468043370482794001, 468043370482794005, 468043370483073933]","[0.7875211238861084, 0.781131386756897, 0.77811598777771, 0.7757138013839722, 0.77516770362854]",4,"[468043370483216465, 468043370483536656, 468043370482774976, 468043370483277019, 468043370482958628, 468043370483833267, 468043370482788564, 468043370482958628, 468043370483078207, 468043370482774976, 468043370483833267, 468043370483852813, 468043370482917385, 468043370482788564, 468043370482774976, 468043370482774976, 468043370482917384, 468043370482917360, 468043370483536906, 468043370483537373]"
b9558853-1ef8-40c5-93a0-4514d251569f,Surgery,0.031005859375,0.0025482177734375,0.001983642578125,0.96484375,True,D,9.103235244750977,medmcqa_5,"['STAT', 'STAT', 'STAT', 'STAT', 'PBMD']","[468043370482920698, 468043370482498747, 468043370482498748, 468043370482987768, 468043370484025926]","[0.7728523015975952, 0.7712641954421997, 0.7539769411087036, 0.7517620921134949, 0.73614102602005]",4,"[468043370482920698, 468043370482522932, 468043370482522931, 468043370482987768, 468043370482987765, 468043370482498748, 468043370482987768, 468043370482920698, 468043370483970049, 468043370482498747, 468043370483903401, 468043370483825520, 468043370483576871, 468043370483470320, 468043370483763691, 468043370482498747, 468043370482498748, 468043370482987768, 468043370482920698, 468043370482522932]"
4bf78fed-6576-4ea9-9ba9-1028d2eb6220,Surgery,0.185546875,0.041259765625,0.73046875,0.041259765625,True,C,8.905395030975342,medmcqa_5,"['PBMD', 'PBMD', 'STAT', 'PBMD', 'STAT']","[468043370483217650, 468043370484088688, 468043370482874926, 468043370483628959, 468043370482893488]","[0.7593062520027161, 0.751524031162262, 0.7487303614616394, 0.7468841671943665, 0.7464795708656311]",4,"[468043370483914392, 468043370482874926, 468043370482846374, 468043370482846335, 468043370483451502, 468043370483914392, 468043370483880777, 468043370482874926, 468043370483600278, 468043370483140491, 468043370482874926, 468043370483600278, 468043370483001991, 468043370483880777, 468043370483914392, 468043370483914392, 468043370483880777, 468043370483898419, 468043370483600278, 468043370483140491]"
18a9bc7e-60fc-43e9-a7b0-7549ec785817,Anatomy,0.8203125,0.07177734375,0.059326171875,0.04931640625,True,A,9.651039600372314,medmcqa_5,"['STAT', 'STAT', 'PBMD', 'PBMD', 'STAT']","[468043370483030195, 468043370483030199, 468043370483456390, 468043370483910849, 468043370483030185]","[0.8060418367385864, 0.7969515919685364, 0.7881516814231873, 0.7801365256309509, 0.7789803743362427]",4,"[468043370483030202, 468043370483030195, 468043370483209977, 468043370484053727, 468043370483456390, 468043370483030195, 468043370483030202, 468043370483456390, 468043370483030199, 468043370484053079, 468043370483030202, 468043370483030195, 468043370483456390, 468043370484053727, 468043370483829450, 468043370483064992, 468043370482939788, 468043370483030195, 468043370483030185, 468043370483030199]"
b057a579-865e-4b5d-bd32-c859e19078c6,Anatomy,0.015869140625,0.98046875,0.00177764892578125,0.0035247802734375,True,B,8.275589227676392,medmcqa_5,"['STAT', 'STAT', 'STAT', 'STAT', 'TEXT']","[468043370483063082, 468043370482863136, 468043370482873653, 468043370482898499, 468043370482371883]","[0.8162007927894592, 0.7946823835372925, 0.7867945432662964, 0.7769614458084106, 0.7769070863723755]",4,"[468043370483063082, 468043370482371883, 468043370483393349, 468043370483773008, 468043370482948954, 468043370482948954, 468043370482898492, 468043370482863136, 468043370482371441, 468043370482898499, 468043370483032917, 468043370482371901, 468043370482948954, 468043370482371902, 468043370482505670, 468043370483284621, 468043370483063082, 468043370482976174, 468043370483212968, 468043370482802645]"
17b12130-371e-4713-9135-28d973da9706,Anatomy,0.60546875,0.08203125,0.0283203125,0.28515625,True,A,8.297121047973633,medmcqa_5,"['STAT', 'STAT', 'STAT', 'STAT', 'TEXT']","[468043370482775556, 468043370482775539, 468043370482512868, 468043370482878188, 468043370482435512]","[0.8082062602043152, 0.7990073561668396, 0.787500262260437, 0.7826321721076965, 0.7818677425384521]",4,"[468043370482775247, 468043370482775539, 468043370482435512, 468043370482878188, 468043370483017150, 468043370482775247, 468043370482435512, 468043370482775539, 468043370483017150, 468043370482878188, 468043370482775247, 468043370482775539, 468043370482775556, 468043370482371899, 468043370482559504, 468043370482775247, 468043370482775556, 468043370482562125, 468043370483017150, 468043370482878188]"
0671ba93-8d80-4028-be83-24a1d3adec61,Anatomy,0.0830078125,0.0185546875,0.89453125,0.0038909912109375,True,C,7.286670923233032,medmcqa_5,"['STAT', 'STAT', 'STAT', 'STAT', 'PBMD']","[468043370482511332, 468043370482910924, 468043370482775569, 468043370483006884, 468043370483297332]","[0.8245234489440918, 0.8229285478591919, 0.8225867748260498, 0.8003314733505249, 0.7664772272109985]",4,"[468043370482511332, 468043370482910924, 468043370483023448, 468043370483045944, 468043370483209565, 468043370482910924, 468043370482511332, 468043370483006884, 468043370483023448, 468043370483045944, 468043370482511332, 468043370483209565, 468043370482910924, 468043370483023448, 468043370483045944, 468043370482511332, 468043370482910924, 468043370483209565, 468043370482775569, 468043370483023448]"
cbc66ce4-2ba3-4f5a-b22b-6640ac66581e,Anatomy,0.1875,0.044677734375,0.69921875,0.0693359375,False,A,9.897049903869629,medmcqa_5,"['PBMD', 'TEXT', 'STAT', 'TEXT', 'STAT']","[468043370483141323, 468043370482371808, 468043370482953832, 468043370482371947, 468043370483071686]","[0.7976301312446594, 0.7831857204437256, 0.7803515195846558, 0.7754807472229004, 0.7740258574485779]",4,"[468043370482939797, 468043370483071681, 468043370483071682, 468043370482993720, 468043370483346335, 468043370482369195, 468043370483030561, 468043370482953832, 468043370482371947, 468043370482779210, 468043370482371808, 468043370482540123, 468043370483064990, 468043370482371807, 468043370483030581, 468043370482371808, 468043370483064990, 468043370482371807, 468043370483064988, 468043370482953832]"
73ba7368-c001-4d15-b4a3-f0d46feb4b5b,Anatomy,0.80078125,0.054443359375,0.12255859375,0.022705078125,True,A,11.390979528427124,medmcqa_5,"['STAT', 'STAT', 'STAT', 'STAT', 'STAT']","[468043370482935605, 468043370482556103, 468043370482556074, 468043370483001952, 468043370482781647]","[0.8074930906295776, 0.8057113289833069, 0.8053008913993835, 0.79498291015625, 0.7845059037208557]",4,"[468043370482869102, 468043370482935605, 468043370482850199, 468043370482556102, 468043370482556074, 468043370482556074, 468043370483520286, 468043370483884625, 468043370483799721, 468043370483315937, 468043370483001952, 468043370482781647, 468043370482556102, 468043370482556103, 468043370482935605, 468043370482863997, 468043370482556103, 468043370483001952, 468043370483001951, 468043370484031735]"
17e8cd93-d7a6-4e1a-af3a-5d4229721ed2,Anatomy,1.0,0.00116729736328125,0.000457763671875,0.00010204315185546875,True,A,8.364309787750244,medmcqa_5,"['STAT', 'STAT', 'STAT', 'STAT', 'STAT']","[468043370482857952, 468043370482852856, 468043370482843881, 468043370482799097, 468043370482799095]","[0.7883833646774292, 0.7726967334747314, 0.7620532512664795, 0.7596155405044556, 0.7576644420623779]",4,"[468043370482857952, 468043370482852856, 468043370482799054, 468043370482852862, 468043370482799097, 468043370482857952, 468043370482852856, 468043370482799054, 468043370482852860, 468043370482852858, 468043370482857952, 468043370482852856, 468043370482799054, 468043370482852860, 468043370482852862, 468043370482857952, 468043370482852856, 468043370482799054, 468043370483830183, 468043370482852860]"
03c11d83-2266-4c72-89f9-fa2615c10ae2,Anatomy,0.0673828125,0.001312255859375,0.9296875,0.0020294189453125,True,C,7.8277223110198975,medmcqa_5,"['PBMD', 'STAT', 'STAT', 'PBMD', 'TEXT']","[468043370483416540, 468043370482964040, 468043370482931469, 468043370483414074, 468043370482371395]","[0.7903773784637451, 0.7873990535736084, 0.7861613035202026, 0.7731202840805054, 0.7726503610610962]",4,"[468043370482802621, 468043370482931468, 468043370482964040, 468043370482931469, 468043370482945340, 468043370482802621, 468043370483065231, 468043370482931469, 468043370482802618, 468043370482964040, 468043370482976177, 468043370482802631, 468043370482802618, 468043370482802621, 468043370482802624, 468043370482802621, 468043370482802618, 468043370482802624, 468043370482802625, 468043370482371469]"
638442d9-e6dd-42a0-9803-9042d9a88e09,Anatomy,0.0257568359375,0.96484375,0.0022430419921875,0.0057373046875,True,B,7.7609357833862305,medmcqa_5,"['STAT', 'STAT', 'STAT', 'STAT', 'STAT']","[468043370482507415, 468043370482892776, 468043370482797736, 468043370482885344, 468043370482892777]","[0.7925784587860107, 0.7767208218574524, 0.7766324281692505, 0.7751448750495911, 0.7744274139404297]",4,"[468043370482979851, 468043370482892776, 468043370482814439, 468043370482797736, 468043370482883165, 468043370482892776, 468043370482530789, 468043370482507415, 468043370482564732, 468043370483158504, 468043370483026968, 468043370482979851, 468043370483641772, 468043370482979849, 468043370482797736, 468043370482892776, 468043370482797736, 468043370482507415, 468043370482979851, 468043370482530789]"
b0b7042b-be4c-42ad-8507-897cb8e6efd6,Anatomy,0.008544921875,0.0040283203125,0.00061798095703125,0.98828125,True,D,8.071713924407959,medmcqa_5,"['PBMD', 'PBMD', 'PBMD', 'STAT', 'STAT']","[468043370483732557, 468043370483540299, 468043370483366851, 468043370483079049, 468043370482828450]","[0.7455855011940002, 0.7413083910942078, 0.7289012670516968, 0.728477418422699, 0.7254217267036438]",4,"[468043370483032672, 468043370482474893, 468043370482537723, 468043370483732557, 468043370483047361, 468043370483032672, 468043370484029077, 468043370482921409, 468043370482796200, 468043370482796201, 468043370483301678, 468043370483366851, 468043370482537723, 468043370482777033, 468043370483131130, 468043370482819765, 468043370483618006, 468043370483366851, 468043370483131130, 468043370482881013]"
582761e9-2e70-4d1e-91d8-c97da4737e47,Anatomy,0.98828125,0.00909423828125,0.0021514892578125,0.00179290771484375,True,A,7.8293797969818115,medmcqa_5,"['STAT', 'STAT', 'TEXT', 'STAT', 'STAT']","[468043370482813580, 468043370482892937, 468043370482371347, 468043370482991156, 468043370482908747]","[0.7661819458007812, 0.7648284435272217, 0.7565497159957886, 0.7539021372795105, 0.7517660856246948]",4,"[468043370482882350, 468043370482813580, 468043370482887941, 468043370484049027, 468043370483438238, 468043370482882350, 468043370483046265, 468043370482813580, 468043370482887941, 468043370482831764, 468043370482882350, 468043370483408225, 468043370482908747, 468043370482939783, 468043370482882346, 468043370482908747, 468043370482882350, 468043370482993720, 468043370482813580, 468043370483613305]"
21428c77-d386-4507-bb71-20c05b5f32b6,Anatomy,0.193359375,0.03369140625,0.0062255859375,0.765625,True,D,9.063668727874756,medmcqa_5,"['PBMD', 'PBMD', 'STAT', 'PBMD', 'TEXT']","[468043370483446344, 468043370483481560, 468043370482829607, 468043370483474477, 468043370482441401]","[0.7625223398208618, 0.7467383146286011, 0.7336785793304443, 0.7273560762405396, 0.7259629964828491]",4,"[468043370482560563, 468043370482829607, 468043370483983039, 468043370482950681, 468043370483481560, 468043370482932928, 468043370483481560, 468043370482505403, 468043370483926335, 468043370483273431, 468043370483926335, 468043370483474477, 468043370483481560, 468043370483390886, 468043370483164517, 468043370482932456, 468043370482441427, 468043370482932956, 468043370482841486, 468043370483164517]"
ba0534c9-3275-481d-8130-62a393d57b2a,Anatomy,0.046630859375,0.01422119140625,0.0021820068359375,0.9375,True,D,9.996661901473999,medmcqa_5,"['STAT', 'PBMD', 'TEXT', 'PBMD', 'STAT']","[468043370482866055, 468043370483525995, 468043370482371246, 468043370483700734, 468043370483058941]","[0.7364031672477722, 0.7267065644264221, 0.7235205173492432, 0.7226048707962036, 0.7225660681724548]",4,"[468043370483859675, 468043370482496044, 468043370483058944, 468043370482866055, 468043370483388032, 468043370483859675, 468043370482816517, 468043370482528430, 468043370482911172, 468043370482869709, 468043370482816513, 468043370483859675, 468043370483026702, 468043370482816514, 468043370483058944, 468043370483859675, 468043370483058941, 468043370482866055, 468043370483058944, 468043370483649204]"
2e268767-aa15-4fa6-9628-3f586ab729f9,Anatomy,0.32421875,0.3671875,0.173828125,0.134765625,True,B,9.259861707687378,medmcqa_5,"['STAT', 'STAT', 'STAT', 'STAT', 'PBMD']","[468043370482831257, 468043370482537477, 468043370483060865, 468043370482536654, 468043370483909987]","[0.8663113713264465, 0.8414195775985718, 0.8356249332427979, 0.8256492614746094, 0.8228029012680054]",4,"[468043370483909987, 468043370482831257, 468043370483060865, 468043370482537477, 468043370482536654, 468043370483909987, 468043370482370147, 468043370482370088, 468043370483508079, 468043370483412123, 468043370482831257, 468043370483073802, 468043370483909987, 468043370483717569, 468043370482370147, 468043370482831257, 468043370483909987, 468043370482537477, 468043370483600728, 468043370483060865]"
2bd3f36b-ca4b-4aaf-80ed-433c884e740c,Anatomy,0.98046875,0.00848388671875,0.009033203125,0.00311279296875,True,A,9.657729625701904,medmcqa_5,"['STAT', 'PBMD', 'PBMD', 'PBMD', 'PBMD']","[468043370482919113, 468043370483826955, 468043370484102595, 468043370484097652, 468043370484039695]","[0.7917945384979248, 0.7912682294845581, 0.7885133624076843, 0.7845728397369385, 0.7829585075378418]",4,"[468043370482919113, 468043370484039695, 468043370483478512, 468043370484097652, 468043370482811485, 468043370484097652, 468043370482395690, 468043370484019379, 468043370483442618, 468043370482395689, 468043370482811485, 468043370483646953, 468043370484097652, 468043370482919113, 468043370484039695, 468043370484097652, 468043370483129954, 468043370484039695, 468043370483374559, 468043370484102595]"
10bd1123-5a30-4895-b50c-4d176aa3a858,Anatomy,0.006683349609375,0.9921875,0.00109100341796875,0.00115966796875,True,B,9.00861144065857,medmcqa_5,"['STAT', 'STAT', 'PBMD', 'STAT', 'STAT']","[468043370482831061, 468043370482831062, 468043370483347822, 468043370482797428, 468043370482831064]","[0.7931771874427795, 0.7768763303756714, 0.7694702744483948, 0.7682818174362183, 0.7665694952011108]",4,"[468043370482831064, 468043370483109479, 468043370482831056, 468043370482831065, 468043370483347822, 468043370482831062, 468043370482831067, 468043370482459858, 468043370482831063, 468043370483016087, 468043370482831053, 468043370482831056, 468043370482831067, 468043370482369238, 468043370483347822, 468043370482459858, 468043370483562181, 468043370483609200, 468043370484106771, 468043370483709179]"
58be1fdb-ba8a-47c2-9e2e-b5433bba6128,Anatomy,0.9375,0.031982421875,0.020751953125,0.01043701171875,True,A,7.0866005420684814,medmcqa_5,"['PBMD', 'STAT', 'STAT', 'PBMD', 'STAT']","[468043370483539334, 468043370482848178, 468043370482518718, 468043370483730040, 468043370482937213]","[0.835312008857727, 0.8205100893974304, 0.8104172945022583, 0.7985333800315857, 0.7905099391937256]",4,"[468043370483539334, 468043370483730040, 468043370482848178, 468043370483751461, 468043370482518718, 468043370483539334, 468043370482848178, 468043370483730040, 468043370482518718, 468043370483751461, 468043370483539334, 468043370483730040, 468043370483751461, 468043370482848178, 468043370482518718, 468043370483539334, 468043370483730040, 468043370483751461, 468043370482998443, 468043370483755083]"
50e6ad3a-808e-4051-9036-f69e2a00fed0,Anatomy,0.1416015625,0.07080078125,0.07080078125,0.71875,True,D,7.258802175521851,medmcqa_5,"['STAT', 'PBMD', 'PBMD', 'STAT', 'STAT']","[468043370482840482, 468043370483348940, 468043370483536883, 468043370482850220, 468043370482912179]","[0.7694659233093262, 0.7639266848564148, 0.7581872344017029, 0.7575243711471558, 0.7553764581680298]",4,"[468043370482527141, 468043370483407574, 468043370482850220, 468043370483199699, 468043370482850219, 468043370483284621, 468043370483199699, 468043370483407574, 468043370482850219, 468043370482912179, 468043370483407574, 468043370482850219, 468043370483199699, 468043370482912179, 468043370482850220, 468043370482912179, 468043370482850219, 468043370483199699, 468043370483284621, 468043370482850220]"
94377365-084a-4a08-9081-c1f2aa7b1b84,Biochemistry,0.02978515625,0.046142578125,0.05224609375,0.87109375,True,D,7.549508333206177,medmcqa_5,"['TEXT', 'PBMD', 'PBMD', 'PBMD', 'PBMD']","[468043370482373971, 468043370483308737, 468043370483431358, 468043370483482248, 468043370483702838]","[0.7711938619613647, 0.7643157243728638, 0.7642221450805664, 0.7619678974151611, 0.759710431098938]",4,"[468043370483431358, 468043370483407149, 468043370483359666, 468043370483986605, 468043370483159973, 468043370483407149, 468043370483431358, 468043370482373892, 468043370483166012, 468043370482373896, 468043370483431358, 468043370484053279, 468043370483407149, 468043370483359666, 468043370483986605, 468043370483916211, 468043370483407149, 468043370483986605, 468043370483912779, 468043370483242688]"
2e4f5929-8c85-4561-9656-44bc930b581b,Biochemistry,0.4609375,0.5234375,0.01153564453125,0.006561279296875,True,B,9.156626462936401,medmcqa_5,"['PBMD', 'PBMD', 'PBMD', 'PBMD', 'STAT']","[468043370483594416, 468043370483803806, 468043370483925328, 468043370483689118, 468043370482814088]","[0.8195702433586121, 0.8185809850692749, 0.8146041631698608, 0.813226580619812, 0.8113880753517151]",4,"[468043370483017021, 468043370483017028, 468043370483898075, 468043370483651102, 468043370483925328, 468043370482832408, 468043370483925328, 468043370483594416, 468043370483799327, 468043370483803806, 468043370483199649, 468043370483688209, 468043370483689118, 468043370482979919, 468043370482923993, 468043370483796169, 468043370484099470, 468043370483416309, 468043370484128428, 468043370483690940]"
f453239e-7a50-4fcc-a6c3-a30bab8a7bbc,Biochemistry,0.0673828125,0.002777099609375,0.9296875,0.000659942626953125,True,C,7.123258590698242,medmcqa_5,"['TEXT', 'STAT', 'STAT', 'TEXT', 'TEXT']","[468043370482372517, 468043370482959023, 468043370483075181, 468043370482372514, 468043370482374605]","[0.8605254292488098, 0.7725673913955688, 0.7704612016677856, 0.7635444402694702, 0.759760320186615]",4,"[468043370482374605, 468043370482372493, 468043370482983198, 468043370482372514, 468043370482959023, 468043370482406019, 468043370483678431, 468043370484094393, 468043370483908314, 468043370483640545, 468043370482374605, 468043370482372517, 468043370482372514, 468043370483432585, 468043370482959023, 468043370482983198, 468043370482959023, 468043370482374605, 468043370482374423, 468043370482373487]"
175da91c-e2bf-466d-9a4f-cd8a1b4003d2,Biochemistry,0.38671875,0.08642578125,0.439453125,0.08642578125,False,A,8.191855430603027,medmcqa_5,"['TEXT', 'STAT', 'PBMD', 'PBMD', 'STAT']","[468043370482481336, 468043370482818676, 468043370484053440, 468043370484028771, 468043370482818684]","[0.7638143301010132, 0.7575517296791077, 0.7555886507034302, 0.7516505718231201, 0.7487693428993225]",4,"[468043370482977966, 468043370483759955, 468043370483356149, 468043370483320573, 468043370483432205, 468043370482481336, 468043370482481335, 468043370482373377, 468043370483877032, 468043370483249223, 468043370482504661, 468043370482818684, 468043370482897808, 468043370482818676, 468043370482372884, 468043370482481335, 468043370482977966, 468043370482481336, 468043370482893139, 468043370482504661]"
407c6552-4139-4426-8b6d-4be7e666c733,Biochemistry,0.008056640625,0.00109100341796875,0.9921875,0.000453948974609375,True,C,10.402265071868896,medmcqa_5,"['TEXT', 'TEXT', 'PBMD', 'PBMD', 'PBMD']","[468043370482374463, 468043370482372398, 468043370483570577, 468043370483510147, 468043370483835835]","[0.7478004097938538, 0.7035327553749084, 0.7033194303512573, 0.697279691696167, 0.6961523294448853]",4,"[468043370483080739, 468043370483680954, 468043370482374463, 468043370482374642, 468043370483701732, 468043370482372401, 468043370482374819, 468043370482807188, 468043370482374815, 468043370482372391, 468043370483633724, 468043370484021352, 468043370483701842, 468043370483087854, 468043370483807201, 468043370483633724, 468043370483701842, 468043370484021352, 468043370483702570, 468043370483701731]"
53273e2b-2ecc-4a66-873f-4926a4a22c52,Biochemistry,0.0255126953125,0.0120849609375,0.9609375,0.0030517578125,True,C,9.624318838119507,medmcqa_5,"['STAT', 'STAT', 'STAT', 'TEXT', 'PBMD']","[468043370482951776, 468043370483030294, 468043370482951778, 468043370482381342, 468043370483189386]","[0.8243868947029114, 0.8179020881652832, 0.8060762882232666, 0.793558657169342, 0.793437123298645]",4,"[468043370482951776, 468043370483030294, 468043370483885076, 468043370483412068, 468043370484116048, 468043370483168944, 468043370482951776, 468043370483030294, 468043370483696518, 468043370483920592, 468043370482951776, 468043370483885076, 468043370483292786, 468043370483159932, 468043370483672537, 468043370484081337, 468043370483151513, 468043370483395790, 468043370483030294, 468043370482541678]"
185c4942-7886-4e49-b242-6634e83b0efb,Biochemistry,0.0791015625,0.90234375,0.00830078125,0.010009765625,False,A,10.069105386734009,medmcqa_5,"['TEXT', 'PBMD', 'PBMD', 'PBMD', 'PBMD']","[468043370482372364, 468043370484074023, 468043370483647191, 468043370484066582, 468043370483428659]","[0.7664929032325745, 0.7661831378936768, 0.7638998031616211, 0.7626814842224121, 0.7581081986427307]",4,"[468043370482372364, 468043370483647191, 468043370483578656, 468043370483621326, 468043370482375861, 468043370483314917, 468043370483611785, 468043370483498078, 468043370483194546, 468043370483167881, 468043370483647191, 468043370483883582, 468043370483621326, 468043370483970190, 468043370482372364, 468043370482372364, 468043370483612642, 468043370482381298, 468043370483266754, 468043370483346382]"
77455482-e309-477c-a662-c2d26da66b19,Biochemistry,0.2177734375,0.169921875,0.150390625,0.462890625,True,D,10.989531993865967,medmcqa_5,"['PBMD', 'PBMD', 'PBMD', 'PBMD', 'PBMD']","[468043370483721357, 468043370483156032, 468043370483408712, 468043370483197258, 468043370483079948]","[0.7972677946090698, 0.7972179651260376, 0.7954557538032532, 0.7920781373977661, 0.7894555330276489]",4,"[468043370482372673, 468043370483184747, 468043370483267084, 468043370483163193, 468043370483161079, 468043370483188290, 468043370483184747, 468043370483165250, 468043370482548331, 468043370483857569, 468043370482372658, 468043370482935085, 468043370483184747, 468043370483857569, 468043370482372659, 468043370483132516, 468043370483267084, 468043370483857569, 468043370482372676, 468043370483082619]"
8b0d7f3b-3c6c-4973-83d1-9e3220b73538,Biochemistry,0.0179443359375,0.9765625,0.0016632080078125,0.0033111572265625,True,B,10.048668384552002,medmcqa_5,"['STAT', 'PBMD', 'PBMD', 'PBMD', 'PBMD']","[468043370482983115, 468043370483560186, 468043370483884663, 468043370483619058, 468043370483441299]","[0.835772693157196, 0.79109126329422, 0.7875336408615112, 0.7848212718963623, 0.7837015390396118]",4,"[468043370482983115, 468043370482860669, 468043370482816889, 468043370482899847, 468043370482548155, 468043370482983115, 468043370482899847, 468043370482563304, 468043370482816867, 468043370482860669, 468043370482983115, 468043370482563304, 468043370482548155, 468043370482816867, 468043370482816889, 468043370482983115, 468043370484004663, 468043370482548155, 468043370483716185, 468043370483535200]"
afa06daa-f47f-4e6a-92b4-c8da542e9aff,Biochemistry,0.59375,0.150390625,0.103515625,0.150390625,False,D,7.640181541442871,medmcqa_5,"['PBMD', 'PBMD', 'PBMD', 'PBMD', 'PBMD']","[468043370483205469, 468043370483087011, 468043370483153311, 468043370483234947, 468043370483553484]","[0.7774962186813354, 0.7751668691635132, 0.7746213674545288, 0.7733052372932434, 0.7715763449668884]",4,"[468043370483479439, 468043370483553484, 468043370483427120, 468043370483205787, 468043370483311306, 468043370484056228, 468043370483625641, 468043370483496151, 468043370483301033, 468043370483490968, 468043370483725925, 468043370483665434, 468043370483847735, 468043370483291611, 468043370483638547, 468043370482874964, 468043370484078746, 468043370483291611, 468043370483020303, 468043370482991238]"
8b91d707-6038-40de-8833-d865318f791e,Biochemistry,0.99609375,0.000965118408203125,0.00102996826171875,0.00180816650390625,True,A,9.45097804069519,medmcqa_5,"['STAT', 'TEXT', 'PBMD', 'PBMD', 'STAT']","[468043370483031321, 468043370482374151, 468043370483638645, 468043370483708922, 468043370482809394]","[0.8085050582885742, 0.7949901819229126, 0.790655791759491, 0.7845631837844849, 0.7829210758209229]",4,"[468043370483031321, 468043370482855660, 468043370483007275, 468043370482977560, 468043370482929536, 468043370482855660, 468043370483031321, 468043370482977560, 468043370482374151, 468043370482849327, 468043370482374151, 468043370483800374, 468043370482433404, 468043370483031321, 468043370482855660, 468043370482977560, 468043370482929536, 468043370483031321, 468043370483007275, 468043370483800374]"
acb04c70-4617-4968-9f93-ad46bc9fb8e8,Biochemistry,0.8046875,0.10205078125,0.0228271484375,0.0703125,True,A,7.400191783905029,medmcqa_5,"['TEXT', 'TEXT', 'STAT', 'STAT', 'STAT']","[468043370482374568, 468043370482374562, 468043370482835873, 468043370483017810, 468043370482910549]","[0.7788087129592896, 0.7578264474868774, 0.7515335083007812, 0.750483512878418, 0.7461668252944946]",4,"[468043370482374568, 468043370482373340, 468043370482372588, 468043370483030297, 468043370482983167, 468043370482910549, 468043370482835873, 468043370483017810, 468043370483017811, 468043370482951794, 468043370483017796, 468043370482372587, 468043370482835873, 468043370483017810, 468043370482374579, 468043370482835873, 468043370483017810, 468043370482374568, 468043370482372587, 468043370482374570]"
295f859b-9b57-4044-a59f-1dcde3f3fc0c,Biochemistry,0.0096435546875,0.984375,0.001678466796875,0.00244140625,True,B,9.558973550796509,medmcqa_5,"['PBMD', 'STAT', 'PBMD', 'STAT', 'PBMD']","[468043370483449728, 468043370482835674, 468043370483529418, 468043370483053927, 468043370483877292]","[0.8089245557785034, 0.8011800050735474, 0.792380690574646, 0.7798105478286743, 0.7766083478927612]",4,"[468043370483716192, 468043370483344052, 468043370483549892, 468043370483529418, 468043370483390180, 468043370482884006, 468043370483449728, 468043370483529418, 468043370482939358, 468043370482835674, 468043370483925065, 468043370483529418, 468043370483562270, 468043370483449728, 468043370483553521, 468043370483877292, 468043370483292533, 468043370484103302, 468043370482879121, 468043370483449728]"
ea74c4e3-b77c-4f4b-93f5-446329dca730,Biochemistry,0.125,0.63671875,0.03369140625,0.2060546875,True,B,7.096760511398315,medmcqa_5,"['TEXT', 'PBMD', 'PBMD', 'TEXT', 'TEXT']","[468043370482372406, 468043370483090791, 468043370483554224, 468043370482374800, 468043370482372419]","[0.7825678586959839, 0.7739356756210327, 0.7642976641654968, 0.759232759475708, 0.7587123513221741]",4,"[468043370483554224, 468043370483428958, 468043370483606742, 468043370483152126, 468043370483404980, 468043370483134379, 468043370483809616, 468043370483523040, 468043370483418295, 468043370482374459, 468043370482372406, 468043370483306539, 468043370484026835, 468043370483208132, 468043370484127520, 468043370482372407, 468043370483494244, 468043370483473085, 468043370483418929, 468043370482374800]"
b317e9f7-2bdd-4fdc-a43f-e0855f5712f9,Biochemistry,0.04541015625,0.0189208984375,0.9140625,0.0228271484375,True,C,7.574352979660034,medmcqa_5,"['PBMD', 'PBMD', 'PBMD', 'PBMD', 'PBMD']","[468043370483196924, 468043370483867098, 468043370483882037, 468043370483462061, 468043370483606297]","[0.7633452415466309, 0.7624690532684326, 0.7607961893081665, 0.7602018713951111, 0.7597700357437134]",4,"[468043370482927777, 468043370483030500, 468043370484063151, 468043370482927782, 468043370482428925, 468043370482927782, 468043370482372802, 468043370482927777, 468043370483006544, 468043370483193927, 468043370483006544, 468043370483006537, 468043370483863278, 468043370482394431, 468043370482974918, 468043370483882037, 468043370482927782, 468043370482838675, 468043370483006544, 468043370482974919]"
b6fbe1fc-11a5-4251-9326-d4c880d2799d,Biochemistry,0.96875,0.0137939453125,0.01300048828125,0.004486083984375,True,A,10.752188205718994,medmcqa_5,"['STAT', 'TEXT', 'STAT', 'PBMD', 'PBMD']","[468043370482983200, 468043370482372802, 468043370482818674, 468043370484100951, 468043370483296110]","[0.7476235032081604, 0.7416002750396729, 0.7379398941993713, 0.7342867851257324, 0.7319909334182739]",4,"[468043370483477803, 468043370483492904, 468043370483158039, 468043370483419357, 468043370482512503, 468043370482983200, 468043370483460135, 468043370483492904, 468043370483477803, 468043370482372802, 468043370483477803, 468043370483492904, 468043370482518594, 468043370482518595, 468043370482512503, 468043370482372802, 468043370482927782, 468043370482377017, 468043370482828047, 468043370483460135]"
ed24d502-040d-47a0-b3ed-d355cd0481a8,Biochemistry,0.0693359375,0.0224609375,0.89453125,0.01202392578125,True,C,7.9100213050842285,medmcqa_5,"['PBMD', 'TEXT', 'PBMD', 'PBMD', 'PBMD']","[468043370483153450, 468043370482372840, 468043370483424468, 468043370483743923, 468043370483485514]","[0.7765405178070068, 0.760709285736084, 0.7550462484359741, 0.7518528699874878, 0.7506905198097229]",4,"[468043370483153450, 468043370482372840, 468043370483272066, 468043370483241117, 468043370483444315, 468043370483153450, 468043370482372840, 468043370484118552, 468043370483444315, 468043370483444314, 468043370483153450, 468043370482372840, 468043370483241117, 468043370484008896, 468043370483424468, 468043370483153450, 468043370482372840, 468043370483444314, 468043370483444315, 468043370483564409]"
2842876c-766c-4b9b-a630-8233d82da426,Biochemistry,0.953125,0.01275634765625,0.025390625,0.00823974609375,True,A,9.297875165939331,medmcqa_5,"['PBMD', 'PBMD', 'PBMD', 'PBMD', 'PBMD']","[468043370483518729, 468043370483771115, 468043370483399846, 468043370483762999, 468043370483455059]","[0.7868890762329102, 0.7826806902885437, 0.7779041528701782, 0.7766279578208923, 0.7709903717041016]",4,"[468043370482884033, 468043370483022854, 468043370483548837, 468043370483000563, 468043370482923662, 468043370482786702, 468043370482786705, 468043370482786699, 468043370482786682, 468043370482786675, 468043370484076399, 468043370483022856, 468043370483881083, 468043370483598661, 468043370482884033, 468043370482960832, 468043370483410341, 468043370482960841, 468043370483463709, 468043370482960796]"
3082bf7d-871f-4f5a-9235-63668503c2e5,Physiology,0.828125,0.10498046875,0.049560546875,0.018310546875,True,A,9.816994905471802,medmcqa_5,"['PBMD', 'PBMD', 'PBMD', 'PBMD', 'PBMD']","[468043370483355006, 468043370483471603, 468043370483471599, 468043370483470668, 468043370483751760]","[0.764096736907959, 0.7628642320632935, 0.7535881996154785, 0.7495851516723633, 0.7469528317451477]",4,"[468043370483002262, 468043370482372184, 468043370483471603, 468043370482503563, 468043370483471599, 468043370483471603, 468043370484088861, 468043370483471599, 468043370483352976, 468043370483295567, 468043370483471599, 468043370483471603, 468043370483352976, 468043370483295567, 468043370483915126, 468043370483471603, 468043370483471599, 468043370483295567, 468043370483419544, 468043370482435855]"
6f0866d9-9829-4182-868c-023a402a638a,Physiology,0.390625,0.56640625,0.01611328125,0.0264892578125,True,B,8.127707242965698,medmcqa_5,"['STAT', 'STAT', 'TEXT', 'STAT', 'PBMD']","[468043370483021378, 468043370483060092, 468043370482393381, 468043370483068853, 468043370483598973]","[0.7904807329177856, 0.784439742565155, 0.7709123492240906, 0.769219160079956, 0.767207145690918]",4,"[468043370482955959, 468043370482393381, 468043370483265164, 468043370482852791, 468043370482443789, 468043370482443785, 468043370482393298, 468043370482905928, 468043370482801619, 468043370483598973, 468043370483272291, 468043370483393653, 468043370483065725, 468043370483203038, 468043370483893313, 468043370482927436, 468043370483481267, 468043370482440650, 468043370483181130, 468043370482377268]"
4a5c465a-979c-468e-a5c8-286d987f9d4d,Physiology,0.6171875,0.1376953125,0.12158203125,0.12158203125,True,A,8.705940008163452,medmcqa_5,"['PBMD', 'PBMD', 'PBMD', 'TEXT', 'PBMD']","[468043370483156633, 468043370483307055, 468043370483494568, 468043370482459470, 468043370483154933]","[0.7503583431243896, 0.7463727593421936, 0.7447630167007446, 0.743840217590332, 0.742249608039856]",4,"[468043370483156314, 468043370484008301, 468043370483181597, 468043370483160146, 468043370483179378, 468043370484121148, 468043370483015162, 468043370483156633, 468043370483138853, 468043370483390429, 468043370483390429, 468043370482469755, 468043370483187801, 468043370483297382, 468043370483234078, 468043370483588858, 468043370483307055, 468043370483159731, 468043370483197669, 468043370483425545]"
f8dab76a-a9f8-408d-ad30-fd8a5d1b74ab,Physiology,0.00628662109375,0.9921875,0.000797271728515625,0.00148773193359375,True,B,14.900753498077393,medmcqa_5,"['PBMD', 'PBMD', 'PBMD', 'PBMD', 'PBMD']","[468043370483225087, 468043370483461963, 468043370483226992, 468043370483768948, 468043370484022526]","[0.7659004926681519, 0.7599142789840698, 0.7581000924110413, 0.7565807104110718, 0.7517696022987366]",4,"[468043370483227216, 468043370483246985, 468043370483734022, 468043370482508476, 468043370483109107, 468043370483227216, 468043370483484703, 468043370482473211, 468043370483225087, 468043370482564400, 468043370482919779, 468043370484109620, 468043370482919777, 468043370482508479, 468043370482950978, 468043370483019906, 468043370483019874, 468043370483577424, 468043370482906276, 468043370483019891]"
66d7e017-f2f8-4325-8333-07c45a2fa0e7,Physiology,0.11572265625,0.04833984375,0.033203125,0.8046875,True,D,8.782278776168823,medmcqa_5,"['TEXT', 'STAT', 'PBMD', 'PBMD', 'TEXT']","[468043370482473578, 468043370482785881, 468043370483155204, 468043370483316399, 468043370482393050]","[0.7592212557792664, 0.7570949792861938, 0.7514651417732239, 0.7506753206253052, 0.750023365020752]",4,"[468043370483316399, 468043370483201699, 468043370484003898, 468043370483669373, 468043370482473842, 468043370482393050, 468043370482393051, 468043370483835020, 468043370483668226, 468043370482785880, 468043370482879951, 468043370483141709, 468043370483138120, 468043370483141710, 468043370483139174, 468043370482473343, 468043370482911506, 468043370482473578, 468043370483140278, 468043370482433920]"
2cf21e00-e098-4ed3-83d5-118302a0d9ea,Physiology,0.024169921875,0.96484375,0.00946044921875,0.0022430419921875,True,B,10.68868112564087,medmcqa_5,"['PBMD', 'PBMD', 'PBMD', 'PBMD', 'PBMD']","[468043370483751782, 468043370483457261, 468043370483650138, 468043370483437641, 468043370483128470]","[0.7287495732307434, 0.7275161743164062, 0.725032389163971, 0.7222777605056763, 0.7220999598503113]",4,"[468043370482402484, 468043370483948368, 468043370482873745, 468043370483928100, 468043370483710128, 468043370482437616, 468043370482849079, 468043370483975918, 468043370483818023, 468043370482907922, 468043370482893306, 468043370483446959, 468043370482893307, 468043370483911666, 468043370482893324, 468043370483420265, 468043370483446959, 468043370482893307, 468043370482944171, 468043370482437616]"
efd270a2-fc23-4227-9900-8410e5e21254,Physiology,0.024169921875,0.006103515625,0.96484375,0.00506591796875,True,C,9.763945579528809,medmcqa_5,"['STAT', 'PBMD', 'PBMD', 'TEXT', 'PBMD']","[468043370482797109, 468043370483756421, 468043370483760509, 468043370482475692, 468043370483770582]","[0.880851686000824, 0.8033819198608398, 0.7884478569030762, 0.786916971206665, 0.7866567373275757]",4,"[468043370482797109, 468043370483756421, 468043370483760509, 468043370483770582, 468043370484086651, 468043370482797109, 468043370482387032, 468043370483556669, 468043370483756421, 468043370483770582, 468043370482797109, 468043370483756421, 468043370482960052, 468043370484086651, 468043370482475692, 468043370482797109, 468043370482475692, 468043370483770483, 468043370483756421, 468043370483770582]"
133b6b41-ac32-4d94-b0c8-9004aa2214f4,Physiology,0.0859375,0.031494140625,0.015869140625,0.8671875,False,C,7.50197958946228,medmcqa_5,"['TEXT', 'TEXT', 'TEXT', 'PBMD', 'TEXT']","[468043370482394543, 468043370482474010, 468043370482394478, 468043370483107954, 468043370482393913]","[0.7711308002471924, 0.7682644128799438, 0.7677509188652039, 0.7647371888160706, 0.7629036903381348]",4,"[468043370483933041, 468043370482982672, 468043370482785611, 468043370482393187, 468043370484024202, 468043370482377642, 468043370482982642, 468043370482377741, 468043370482982683, 468043370483161941, 468043370482394225, 468043370482391592, 468043370482377640, 468043370482395019, 468043370482391645, 468043370482982679, 468043370482984569, 468043370483770427, 468043370483921852, 468043370483503840]"
9694e5f6-a417-49f7-a455-7a8d08c68f5c,Physiology,0.984375,0.00799560546875,0.002777099609375,0.0029449462890625,True,A,10.852996349334717,medmcqa_5,"['STAT', 'STAT', 'TEXT', 'TEXT', 'TEXT']","[468043370482963959, 468043370483061182, 468043370482394984, 468043370482394985, 468043370482394856]","[0.81439208984375, 0.8056658506393433, 0.8017041683197021, 0.8009454011917114, 0.7960188388824463]",4,"[468043370482394984, 468043370482536067, 468043370483034893, 468043370483061182, 468043370482521101, 468043370484068945, 468043370482536067, 468043370482963961, 468043370482394984, 468043370482947755, 468043370483129697, 468043370483564572, 468043370482939538, 468043370483018556, 468043370482963971, 468043370482536066, 468043370483034885, 468043370482384122, 468043370482437885, 468043370482914313]"
dfdb6250-ea23-4154-b381-ff16ea720fb8,Physiology,0.1826171875,0.38671875,0.046142578125,0.38671875,True,B,6.909931659698486,medmcqa_5,"['PBMD', 'PBMD', 'PBMD', 'PBMD', 'PBMD']","[468043370483144510, 468043370483395889, 468043370483907846, 468043370483236818, 468043370483153618]","[0.7562766075134277, 0.754327118396759, 0.7509135007858276, 0.7422866225242615, 0.7415514588356018]",4,"[468043370482788386, 468043370482879948, 468043370483153618, 468043370484068751, 468043370483395889, 468043370483153618, 468043370483137032, 468043370483144722, 468043370483150456, 468043370482393054, 468043370482785227, 468043370482473377, 468043370483613536, 468043370483622997, 468043370483592926, 468043370483835020, 468043370482935981, 468043370483395889, 468043370483294120, 468043370482788386]"
fef5262b-beee-4456-aef1-aa0f161733ea,Physiology,0.54296875,0.375,0.06103515625,0.0198974609375,False,B,8.8423752784729,medmcqa_5,"['PBMD', 'PBMD', 'PBMD', 'PBMD', 'PBMD']","[468043370483234110, 468043370483578254, 468043370483110945, 468043370483230968, 468043370483446409]","[0.7731393575668335, 0.7693899273872375, 0.7670946717262268, 0.767094612121582, 0.7627362012863159]",4,"[468043370483234110, 468043370482466734, 468043370483179992, 468043370484075554, 468043370484076414, 468043370482392413, 468043370483955736, 468043370482466728, 468043370483960021, 468043370482805408, 468043370482466732, 468043370482985589, 468043370483967035, 468043370483181304, 468043370483639914, 468043370482805408, 468043370483108671, 468043370482466734, 468043370483955967, 468043370482985590]"
ec80b06d-855f-41f7-82cf-8aa8d8ec9571,Physiology,0.0322265625,0.0184326171875,0.94140625,0.00677490234375,True,C,7.401038408279419,medmcqa_5,"['STAT', 'PBMD', 'STAT', 'TEXT', 'PBMD']","[468043370482879954, 468043370483232958, 468043370483070087, 468043370482473355, 468043370483137534]","[0.783223569393158, 0.7723758816719055, 0.7676515579223633, 0.7644391655921936, 0.7644193768501282]",4,"[468043370483152474, 468043370483395889, 468043370482785232, 468043370482444595, 468043370483070087, 468043370482785227, 468043370482785232, 468043370482433919, 468043370482393051, 468043370482965288, 468043370482879954, 468043370483152474, 468043370483577571, 468043370483395889, 468043370483143000, 468043370483070087, 468043370482553879, 468043370482857437, 468043370482785226, 468043370482789151]"
888d0ff6-14ae-4f05-af6b-8e7060ba016f,Physiology,0.1171875,0.6328125,0.12451171875,0.12451171875,False,A,9.44520378112793,medmcqa_5,"['PBMD', 'TEXT', 'TEXT', 'PBMD', 'PBMD']","[468043370483155357, 468043370482427147, 468043370482384112, 468043370484046254, 468043370483750200]","[0.7523683905601501, 0.748857855796814, 0.7467076182365417, 0.7452577352523804, 0.743291437625885]",4,"[468043370483466568, 468043370482997311, 468043370482536066, 468043370482387020, 468043370483142998, 468043370483444646, 468043370483029870, 468043370482946747, 468043370483431984, 468043370483755636, 468043370483071473, 468043370483194996, 468043370482809518, 468043370482995940, 468043370483058112, 468043370482836484, 468043370483093729, 468043370483250411, 468043370483094450, 468043370482384111]"
bc46c956-a37d-4804-91ac-fa804db85897,Gynaecology & Obstetrics,0.0830078125,0.1552734375,0.023681640625,0.73828125,True,D,10.468034267425537,medmcqa_5,"['PBMD', 'PBMD', 'STAT', 'PBMD', 'PBMD']","[468043370483829739, 468043370483642387, 468043370482948303, 468043370483595838, 468043370483345739]","[0.7775416970252991, 0.7757664918899536, 0.7747020125389099, 0.7717633843421936, 0.7705559730529785]",4,"[468043370482389347, 468043370483292184, 468043370484128931, 468043370482557853, 468043370482948303, 468043370482389347, 468043370483829739, 468043370483825761, 468043370484036087, 468043370482948303, 468043370482389347, 468043370482557853, 468043370482948303, 468043370483829739, 468043370483642387, 468043370483848030, 468043370483978588, 468043370483829739, 468043370483848025, 468043370483728753]"
f8844c8c-594b-417e-81a5-e46ebe4b65d8,Gynaecology & Obstetrics,0.94140625,0.0250244140625,0.007171630859375,0.0267333984375,True,A,12.326623439788818,medmcqa_5,"['STAT', 'PBMD', 'TEXT', 'PBMD', 'PBMD']","[468043370482863230, 468043370483968649, 468043370482382828, 468043370483711916, 468043370483638496]","[0.8078970909118652, 0.8060214519500732, 0.8045775890350342, 0.8010238409042358, 0.7954361438751221]",4,"[468043370482987460, 468043370483959365, 468043370482447801, 468043370483969377, 468043370483635295, 468043370482863230, 468043370483719101, 468043370483961230, 468043370483974316, 468043370483711916, 468043370483979165, 468043370483711916, 468043370482461819, 468043370483638496, 468043370483978401, 468043370482863230, 468043370482447688, 468043370482863220, 468043370483959365, 468043370482987460]"
bc8e9ed4-81fd-4c8e-9381-ae6c4d193066,Gynaecology & Obstetrics,0.0517578125,0.31640625,0.037841796875,0.59375,True,D,12.389975547790527,medmcqa_5,"['PBMD', 'PBMD', 'PBMD', 'PBMD', 'PBMD']","[468043370483588557, 468043370483734664, 468043370483498154, 468043370483920884, 468043370483670994]","[0.8196971416473389, 0.8075612783432007, 0.8056293725967407, 0.7996826171875, 0.7959024310112]",4,"[468043370482525329, 468043370482836531, 468043370483498154, 468043370482544373, 468043370483920884, 468043370483734664, 468043370483182119, 468043370483920884, 468043370482459388, 468043370483194565, 468043370483734664, 468043370482992633, 468043370483920884, 468043370483182119, 468043370482448529, 468043370483734664, 468043370483920884, 468043370482992681, 468043370482836530, 468043370482544373]"
e45de5c9-41f3-4aed-a77a-9a1cc3ee63db,Gynaecology & Obstetrics,0.00799560546875,0.98828125,0.0020294189453125,0.003143310546875,True,B,7.196805000305176,medmcqa_5,"['PBMD', 'TEXT', 'PBMD', 'PBMD', 'PBMD']","[468043370483249523, 468043370482408618, 468043370483880506, 468043370483697255, 468043370483590276]","[0.7696301341056824, 0.7564890384674072, 0.7530471086502075, 0.74895840883255, 0.7447888255119324]",4,"[468043370482445853, 468043370484044675, 468043370483697255, 468043370484099345, 468043370482445843, 468043370482445853, 468043370484097827, 468043370483759277, 468043370483514597, 468043370484044675, 468043370483759277, 468043370483632403, 468043370484044675, 468043370482401355, 468043370483736429, 468043370482445853, 468043370483648826, 468043370484044675, 468043370483759277, 468043370484040008]"
6bb818fb-dbe5-4580-8f45-d6e875bf0516,Gynaecology & Obstetrics,0.1298828125,0.00830078125,0.017578125,0.84375,True,D,11.089043140411377,medmcqa_5,"['TEXT', 'TEXT', 'PBMD', 'STAT', 'STAT']","[468043370482436069, 468043370482450924, 468043370483747446, 468043370482992705, 468043370483020306]","[0.7970005869865417, 0.7878341674804688, 0.7864516377449036, 0.771390438079834, 0.7707810401916504]",4,"[468043370482401299, 468043370482450899, 468043370482961993, 468043370482897093, 468043370483912003, 468043370482961990, 468043370482450924, 468043370482961993, 468043370483912003, 468043370482401299, 468043370482962015, 468043370482962028, 468043370482450850, 468043370484052977, 468043370483912005, 468043370483912005, 468043370482450997, 468043370484052977, 468043370482450960, 468043370482450961]"
7b08c0f1-55fc-45d7-b4e1-b6e4666a1f88,Gynaecology & Obstetrics,0.0546875,0.0177001953125,0.91015625,0.0177001953125,True,C,7.461845636367798,medmcqa_5,"['PBMD', 'PBMD', 'PBMD', 'PBMD', 'PBMD']","[468043370483901879, 468043370484056894, 468043370484101415, 468043370483646321, 468043370483270233]","[0.8405545949935913, 0.8244415521621704, 0.8226392269134521, 0.8161711692810059, 0.812012791633606]",4,"[468043370482793630, 468043370483901879, 468043370484101415, 468043370483705715, 468043370483809968, 468043370483901879, 468043370484101415, 468043370482454896, 468043370483705715, 468043370482793630, 468043370483901879, 468043370484101415, 468043370483809968, 468043370483690335, 468043370483756499, 468043370483901879, 468043370484101415, 468043370484043318, 468043370482382961, 468043370483718534]"
250445f9-5a5a-45c0-9035-f581f79f5030,Gynaecology & Obstetrics,0.07275390625,0.0184326171875,0.0208740234375,0.88671875,True,D,10.564152002334595,medmcqa_5,"['PBMD', 'PBMD', 'PBMD', 'PBMD', 'PBMD']","[468043370483239852, 468043370483718961, 468043370483641016, 468043370483550774, 468043370483795956]","[0.8544018268585205, 0.8449541330337524, 0.8409927487373352, 0.8290722370147705, 0.8254547119140625]",4,"[468043370483641016, 468043370482404666, 468043370484043991, 468043370483692473, 468043370483795956, 468043370484043991, 468043370482404629, 468043370483641016, 468043370483901951, 468043370483745660, 468043370483641016, 468043370482404666, 468043370483647448, 468043370484075090, 468043370483692473, 468043370483101746, 468043370482388980, 468043370483021411, 468043370482536187, 468043370482388829]"
770a2934-5df3-4d53-a79c-0d4358b95016,Gynaecology & Obstetrics,0.984375,0.01092529296875,0.0014801025390625,0.00157928466796875,True,A,9.629787683486938,medmcqa_5,"['PBMD', 'PBMD', 'PBMD', 'PBMD', 'PBMD']","[468043370483305450, 468043370483676327, 468043370483156885, 468043370483325721, 468043370483188416]","[0.790471076965332, 0.7666369080543518, 0.7660459876060486, 0.7659325003623962, 0.7642906308174133]",4,"[468043370484077259, 468043370483203132, 468043370483195414, 468043370483499524, 468043370483325721, 468043370483203132, 468043370484077259, 468043370483499524, 468043370483195414, 468043370484066685, 468043370483499524, 468043370484077259, 468043370483596887, 468043370484066685, 468043370483203132, 468043370483203132, 468043370484077259, 468043370483499524, 468043370483195414, 468043370483325721]"
c34c9996-5391-4655-9249-948fe2cb0d2b,Gynaecology & Obstetrics,0.52734375,0.361328125,0.0458984375,0.06689453125,True,A,11.049985408782959,medmcqa_5,"['STAT', 'PBMD', 'PBMD', 'TEXT', 'PBMD']","[468043370482995656, 468043370483304326, 468043370483711324, 468043370482449132, 468043370483837917]","[0.7776621580123901, 0.7731609344482422, 0.7700939178466797, 0.7698663473129272, 0.7696366906166077]",4,"[468043370482449132, 468043370482995656, 468043370483891057, 468043370484127790, 468043370483865984, 468043370482449132, 468043370482995656, 468043370483662118, 468043370484127790, 468043370482995635, 468043370483895570, 468043370483068898, 468043370482450976, 468043370482888835, 468043370483662118, 468043370483662118, 468043370482449132, 468043370483369090, 468043370483893572, 468043370482995656]"
23c2e953-ff3a-48f2-9056-939ee23af812,Gynaecology & Obstetrics,0.10693359375,0.7890625,0.09423828125,0.0087890625,False,A,11.67400312423706,medmcqa_5,"['TEXT', 'STAT', 'STAT', 'TEXT', 'TEXT']","[468043370482492824, 468043370483012079, 468043370483012073, 468043370482385637, 468043370482390087]","[0.8501918911933899, 0.8354580998420715, 0.8280477523803711, 0.8245553970336914, 0.8210884928703308]",4,"[468043370483012079, 468043370483012073, 468043370482492824, 468043370482385637, 468043370483012074, 468043370483012060, 468043370482836461, 468043370483012073, 468043370482390087, 468043370483012079, 468043370482787441, 468043370482385753, 468043370482386350, 468043370482390303, 468043370482810173, 468043370482385637, 468043370483326937, 468043370483419488, 468043370482390082, 468043370483509578]"
d1872344-cb7a-4782-820e-6ea25a23ac9a,Gynaecology & Obstetrics,0.2138671875,0.703125,0.0478515625,0.034912109375,True,B,8.84451699256897,medmcqa_5,"['PBMD', 'STAT', 'PBMD', 'PBMD', 'PBMD']","[468043370483497898, 468043370482883128, 468043370483900405, 468043370484121819, 468043370483341342]","[0.7661900520324707, 0.7619326710700989, 0.75766921043396, 0.7571101784706116, 0.756690502166748]",4,"[468043370482452521, 468043370482983778, 468043370483485389, 468043370482452530, 468043370482452289, 468043370482899028, 468043370482899037, 468043370482899035, 468043370483776790, 468043370483520869, 468043370483015704, 468043370483776790, 468043370482899028, 468043370482446198, 468043370482452520, 468043370483776790, 468043370482446198, 468043370483520869, 468043370482823265, 468043370483325910]"
4e9c6e74-1604-4599-91c2-02d22adcb765,Gynaecology & Obstetrics,0.045654296875,0.9140625,0.0167236328125,0.02294921875,True,B,10.4563307762146,medmcqa_5,"['PBMD', 'PBMD', 'PBMD', 'PBMD', 'PBMD']","[468043370484086546, 468043370484030240, 468043370483895234, 468043370483783418, 468043370483900774]","[0.7938796281814575, 0.7843509316444397, 0.7831236720085144, 0.7820886373519897, 0.7761508226394653]",4,"[468043370482847254, 468043370483806073, 468043370482847255, 468043370483833813, 468043370482390038, 468043370482390018, 468043370483760087, 468043370483806073, 468043370482428353, 468043370482390038, 468043370483870377, 468043370483194468, 468043370483806339, 468043370482534890, 468043370483894517, 468043370483032639, 468043370482382913, 468043370482847302, 468043370483055407, 468043370483466085]"
8d77827e-91fd-4d45-a89e-0b7e2e0e9c99,Gynaecology & Obstetrics,0.5703125,0.06787109375,0.26953125,0.0927734375,True,A,10.213500261306763,medmcqa_5,"['STAT', 'PBMD', 'PBMD', 'TEXT', 'TEXT']","[468043370482983809, 468043370483308516, 468043370483385851, 468043370482452544, 468043370482452517]","[0.7652439475059509, 0.7568507790565491, 0.7558619976043701, 0.7527937293052673, 0.7521746754646301]",4,"[468043370483308516, 468043370483220426, 468043370483343363, 468043370483468762, 468043370482419157, 468043370483385851, 468043370482452576, 468043370482823276, 468043370482401307, 468043370482452553, 468043370483073588, 468043370483073508, 468043370483506882, 468043370482858526, 468043370482452543, 468043370483073525, 468043370483073588, 468043370482401307, 468043370483385851, 468043370482452543]"
