id,subject,probA,probB,probC,probD,result,answer,time,split,sources,ids,similarity,confident,add_ids
a1fa0704-7aab-4226-990d-5790d34c5d27,Microbiology,0.041015625,0.11181640625,0.02197265625,0.82421875,True,D,0.26169681549072266,medmcqa_4,"['PBMD', 'PBMD', 'PBMD', 'PBMD', 'PBMD']","[468043370483946951, 468043370483705176, 468043370484122862, 468043370483684762, 468043370483967343]","[0.7795547246932983, 0.7599616050720215, 0.7596291303634644, 0.7556419968605042, 0.7543405294418335]",1,"[-1, -1, -1, -1, -1]"
080ecd84-88cb-49eb-a9f5-03569b7fa1f0,Microbiology,0.25,0.322265625,0.142578125,0.28515625,True,B,11.837844133377075,medmcqa_4,"['PBMD', 'PBMD', 'STAT', 'PBMD', 'PBMD']","[468043370483650045, 468043370483871448, 468043370482558809, 468043370483535459, 468043370483552118]","[0.7918741703033447, 0.7871211767196655, 0.7848860621452332, 0.7847684025764465, 0.7838889360427856]",4,"[468043370484047270, 468043370484048087, 468043370482938124, 468043370482999754, 468043370482999735, 468043370483187113, 468043370482779530, 468043370483200594, 468043370482779529, 468043370483794589, 468043370484040059, 468043370482808547, 468043370482909039, 468043370483520788, 468043370483298504, 468043370482499249, 468043370483944542, 468043370483823677, 468043370484006097, 468043370483169364]"
97ad9005-24a1-4eb2-b57a-64e7060897c0,Microbiology,0.0274658203125,0.00421142578125,0.96484375,0.00186920166015625,True,C,0.310929536819458,medmcqa_4,"['PBMD', 'STAT', 'PBMD', 'PBMD', 'PBMD']","[468043370483225861, 468043370482950183, 468043370483530523, 468043370483960885, 468043370484125569]","[0.7798221111297607, 0.7730218768119812, 0.7714923620223999, 0.770421028137207, 0.7695070505142212]",1,"[-1, -1, -1, -1, -1]"
415631ce-90ea-4872-a5cf-3fe2c83e3b4d,Microbiology,0.125,0.004547119140625,0.00244140625,0.8671875,True,D,0.3068094253540039,medmcqa_4,"['STAT', 'STAT', 'STAT', 'PBMD', 'TEXT']","[468043370482775921, 468043370482957350, 468043370482775919, 468043370483577730, 468043370482463207]","[0.8183169960975647, 0.8149070143699646, 0.813862681388855, 0.79448401927948, 0.793598473072052]",1,"[-1, -1, -1, -1, -1]"
f7469b1f-dda2-476a-9b27-312a080e0c8a,Microbiology,0.0286865234375,0.016357421875,0.064453125,0.890625,True,D,0.2605578899383545,medmcqa_4,"['PBMD', 'PBMD', 'PBMD', 'PBMD', 'PBMD']","[468043370483240376, 468043370483239138, 468043370483943150, 468043370483551222, 468043370483928719]","[0.8030883073806763, 0.7993150353431702, 0.7870845198631287, 0.7867060899734497, 0.7830641269683838]",1,"[-1, -1, -1, -1, -1]"
e99cd253-50f5-421d-a17b-eeb17ed1999c,Microbiology,0.03173828125,0.171875,0.6015625,0.1953125,False,B,8.588122606277466,medmcqa_4,"['PBMD', 'PBMD', 'PBMD', 'PBMD', 'TEXT']","[468043370483119204, 468043370483238364, 468043370483901879, 468043370483494831, 468043370482470718]","[0.7895362973213196, 0.78731369972229, 0.7865732908248901, 0.7852339148521423, 0.7850207090377808]",4,"[468043370483263301, 468043370483264494, 468043370483123401, 468043370483434707, 468043370483979142, 468043370482470718, 468043370482904443, 468043370484125028, 468043370483684027, 468043370483549967, 468043370483267793, 468043370483261658, 468043370483640316, 468043370483443429, 468043370483125174, 468043370483494831, 468043370483615516, 468043370483261449, 468043370483941940, 468043370483268342]"
e974e66a-b20d-4557-84df-bbb0af02f12a,Microbiology,0.043212890625,0.92578125,0.01806640625,0.01239013671875,True,B,0.30826449394226074,medmcqa_4,"['PBMD', 'PBMD', 'PBMD', 'PBMD', 'PBMD']","[468043370483732589, 468043370483551051, 468043370483645508, 468043370483332046, 468043370483645511]","[0.7414730191230774, 0.7361415028572083, 0.7353028655052185, 0.7306343913078308, 0.7304730415344238]",1,"[-1, -1, -1, -1, -1]"
176fbf9b-b17d-4a54-9e1e-e3a312424349,Microbiology,0.275390625,0.11474609375,0.58203125,0.0272216796875,True,C,7.870080471038818,medmcqa_4,"['PBMD', 'PBMD', 'PBMD', 'PBMD', 'TEXT']","[468043370483668973, 468043370483656440, 468043370483181630, 468043370483310134, 468043370482444346]","[0.7774518132209778, 0.7732537388801575, 0.7719099521636963, 0.7718836069107056, 0.7632979154586792]",3,"[468043370482512554, 468043370484103820, 468043370483011653, 468043370482789317, 468043370482415166, 468043370484016011, 468043370483660093, 468043370482454474, 468043370483055198, 468043370483919259, 468043370483593764, 468043370482860115, 468043370482880466, 468043370483569498, 468043370482808308]"
77a7b433-d391-4cef-b44e-5a9fd45d4756,Microbiology,0.05517578125,0.0216064453125,0.91796875,0.003753662109375,False,B,0.21187162399291992,medmcqa_4,"['TEXT', 'PBMD', 'PBMD', 'PBMD', 'PBMD']","[468043370482417622, 468043370483643672, 468043370483423641, 468043370483250981, 468043370484100194]","[0.815451979637146, 0.806235134601593, 0.8026473522186279, 0.7976089715957642, 0.7959287166595459]",1,"[-1, -1, -1, -1, -1]"
f8d6c4a7-2037-44be-bbf6-8a1ea4b0de54,Microbiology,0.042724609375,0.0751953125,0.859375,0.021484375,True,C,0.16575312614440918,medmcqa_4,"['TEXT', 'STAT', 'STAT', 'TEXT', 'STAT']","[468043370482439368, 468043370482908490, 468043370482506442, 468043370482462981, 468043370482854606]","[0.7282243371009827, 0.7269083261489868, 0.7158610224723816, 0.7131744027137756, 0.7119748592376709]",1,"[-1, -1, -1, -1, -1]"
68d5b275-e544-4393-9c77-8e801e483a33,Microbiology,0.99609375,0.002471923828125,0.0010986328125,0.00020313262939453125,True,A,0.2102336883544922,medmcqa_4,"['STAT', 'TEXT', 'STAT', 'TEXT', 'TEXT']","[468043370482820869, 468043370482455826, 468043370482960263, 468043370482399340, 468043370482471195]","[0.8101560473442078, 0.8085048198699951, 0.8040033578872681, 0.799411416053772, 0.7986146807670593]",1,"[-1, -1, -1, -1, -1]"
ba3d2acf-22c5-416f-9d73-63d879a0a03c,Microbiology,0.9921875,0.0029754638671875,0.0035858154296875,0.00017833709716796875,True,A,0.20597529411315918,medmcqa_4,"['STAT', 'PBMD', 'STAT', 'PBMD', 'PBMD']","[468043370482882729, 468043370483641511, 468043370482558961, 468043370483608384, 468043370483290439]","[0.7600618004798889, 0.7599747180938721, 0.7556347846984863, 0.7511188387870789, 0.7472856640815735]",1,"[-1, -1, -1, -1, -1]"
45af739b-3110-487d-b75c-73dfb33df1e4,Microbiology,0.014404296875,0.0081787109375,0.9453125,0.0303955078125,True,C,0.30674004554748535,medmcqa_4,"['PBMD', 'PBMD', 'PBMD', 'PBMD', 'PBMD']","[468043370483264547, 468043370483146427, 468043370483439688, 468043370483268831, 468043370483440335]","[0.7810522317886353, 0.774510383605957, 0.7698068022727966, 0.7621067762374878, 0.7618811130523682]",1,"[-1, -1, -1, -1, -1]"
251fc405-17b6-4179-9800-1cb17a52a1a1,Microbiology,0.84765625,0.061279296875,0.044921875,0.0478515625,True,A,9.079298734664917,medmcqa_4,"['PBMD', 'PBMD', 'PBMD', 'PBMD', 'PBMD']","[468043370483510035, 468043370483185265, 468043370483646891, 468043370484086292, 468043370483231124]","[0.7934367656707764, 0.7882642149925232, 0.7854713201522827, 0.7811099290847778, 0.7799458503723145]",4,"[468043370483646891, 468043370483739980, 468043370483725416, 468043370483318018, 468043370484092886, 468043370483646891, 468043370483796687, 468043370483263178, 468043370483241287, 468043370482413944, 468043370482881844, 468043370482921799, 468043370482881821, 468043370483646887, 468043370483500012, 468043370483646891, 468043370483318018, 468043370482414009, 468043370483235171, 468043370484092886]"
9700977a-4009-4233-8fab-fe55e727be6b,Microbiology,0.8515625,0.12255859375,0.025634765625,0.002105712890625,True,A,0.3086397647857666,medmcqa_4,"['PBMD', 'PBMD', 'PBMD', 'PBMD', 'PBMD']","[468043370483187776, 468043370483290117, 468043370483166721, 468043370483159810, 468043370483252368]","[0.8344265222549438, 0.8242440223693848, 0.808282732963562, 0.8064231276512146, 0.8050510883331299]",1,"[-1, -1, -1, -1, -1]"
6150409c-32c4-4db3-93a7-63b2f7ac66c5,Microbiology,0.46484375,0.0810546875,0.1337890625,0.3203125,False,D,11.911177396774292,medmcqa_4,"['PBMD', 'PBMD', 'STAT', 'PBMD', 'PBMD']","[468043370483306094, 468043370483905530, 468043370482839545, 468043370483110426, 468043370483091734]","[0.8049538731575012, 0.7934030890464783, 0.7880899310112, 0.7804464101791382, 0.7800891995429993]",4,"[468043370483110426, 468043370483962963, 468043370482466857, 468043370483968946, 468043370483108243, 468043370482882029, 468043370482511971, 468043370483971931, 468043370483354665, 468043370483277261, 468043370483074067, 468043370483342012, 468043370483082879, 468043370482399418, 468043370482820869, 468043370483980688, 468043370483110426, 468043370483949040, 468043370483107833, 468043370483973715]"
db465e84-d92a-49f2-a5f9-3c0c771aa507,Microbiology,0.008056640625,0.98828125,0.002166748046875,0.0003528594970703125,True,B,0.21244597434997559,medmcqa_4,"['PBMD', 'PBMD', 'PBMD', 'STAT', 'PBMD']","[468043370483916338, 468043370483129001, 468043370483266867, 468043370483040757, 468043370483262422]","[0.7585364580154419, 0.7568318247795105, 0.7476083636283875, 0.7452774047851562, 0.7451609373092651]",1,"[-1, -1, -1, -1, -1]"
818e92da-69f5-41d8-a15a-f22c851140fb,Microbiology,0.1025390625,0.027587890625,0.85546875,0.01300048828125,True,C,0.21077919006347656,medmcqa_4,"['TEXT', 'STAT', 'PBMD', 'STAT', 'STAT']","[468043370482417312, 468043370482980552, 468043370483905404, 468043370482992857, 468043370482980524]","[0.7922778129577637, 0.7554665803909302, 0.7546802163124084, 0.7526462078094482, 0.7496691942214966]",1,"[-1, -1, -1, -1, -1]"
0f2fc319-7fca-4f39-b2e9-be49e7abe79d,Microbiology,0.007537841796875,0.0033416748046875,0.98828125,0.00061798095703125,True,C,0.16532039642333984,medmcqa_4,"['TEXT', 'PBMD', 'TEXT', 'STAT', 'TEXT']","[468043370482396495, 468043370484002298, 468043370482384051, 468043370482837073, 468043370482425998]","[0.7861217260360718, 0.7766541242599487, 0.7746769189834595, 0.7722902894020081, 0.7659965753555298]",1,"[-1, -1, -1, -1, -1]"
24ba87cd-83d3-4768-b6fa-c246bde2b821,Microbiology,0.16796875,0.08984375,0.70703125,0.03515625,True,C,0.21097779273986816,medmcqa_4,"['PBMD', 'STAT', 'STAT', 'STAT', 'PBMD']","[468043370483193930, 468043370483046926, 468043370482779532, 468043370482558809, 468043370484077161]","[0.793606698513031, 0.7765457630157471, 0.774403989315033, 0.7681607007980347, 0.7642824053764343]",1,"[-1, -1, -1, -1, -1]"
02e841ba-5ecf-4f3b-974e-e1a077bcae5a,Social & Preventive Medicine,0.07470703125,0.51953125,0.05126953125,0.35546875,True,B,12.998992681503296,medmcqa_4,"['TEXT', 'PBMD', 'PBMD', 'PBMD', 'PBMD']","[468043370482412003, 468043370483497353, 468043370483115153, 468043370483615876, 468043370483281732]","[0.7754151225090027, 0.7731401324272156, 0.7699905633926392, 0.7605703473091125, 0.7592816352844238]",4,"[468043370483045063, 468043370483045126, 468043370483653571, 468043370482416450, 468043370483045152, 468043370483045063, 468043370483045126, 468043370483045059, 468043370482416450, 468043370483045152, 468043370483045063, 468043370483045059, 468043370483653571, 468043370482416450, 468043370483045126, 468043370483653571, 468043370483045063, 468043370483456414, 468043370482416450, 468043370483017292]"
90896a33-2ebb-4fee-b954-d37984ba6847,Social & Preventive Medicine,0.7890625,0.06494140625,0.0732421875,0.0732421875,False,B,5.773874282836914,medmcqa_4,"['TEXT', 'STAT', 'PBMD', 'PBMD', 'STAT']","[468043370482494540, 468043370483043908, 468043370483249523, 468043370484049437, 468043370483043905]","[0.7107167840003967, 0.690649151802063, 0.6865025758743286, 0.6859344244003296, 0.6851754784584045]",4,"[468043370482400848, 468043370483866821, 468043370483801488, 468043370483212636, 468043370483192560, 468043370483801488, 468043370482400848, 468043370483866821, 468043370484108684, 468043370483212636, 468043370482400848, 468043370483866821, 468043370483212636, 468043370483801488, 468043370483192560, 468043370482400848, 468043370483345586, 468043370482400845, 468043370483801488, 468043370484035180]"
007d53f1-6364-4482-b62e-5b51134a222c,Social & Preventive Medicine,0.291015625,0.166015625,0.478515625,0.06494140625,False,D,11.622307300567627,medmcqa_4,"['TEXT', 'PBMD', 'PBMD', 'PBMD', 'PBMD']","[468043370482412003, 468043370483497353, 468043370483115153, 468043370483828705, 468043370483281732]","[0.7897626161575317, 0.7827395796775818, 0.777760922908783, 0.77679842710495, 0.7760603427886963]",4,"[468043370483045059, 468043370484054231, 468043370483017292, 468043370483456414, 468043370483045126, 468043370483045126, 468043370482416450, 468043370483045057, 468043370482416452, 468043370483532415, 468043370482416450, 468043370483045063, 468043370483653571, 468043370483045126, 468043370482462924, 468043370482472444, 468043370483045063, 468043370483045059, 468043370483017292, 468043370483045057]"
4c8ba505-85f6-426b-9f60-bea158011d06,Social & Preventive Medicine,0.9921875,0.005523681640625,0.0027923583984375,0.000202178955078125,True,A,0.1303119659423828,medmcqa_4,"['STAT', 'STAT', 'STAT', 'STAT', 'PBMD']","[468043370482989376, 468043370482787145, 468043370482938550, 468043370482794772, 468043370483655022]","[0.7753334045410156, 0.7753334045410156, 0.7635495662689209, 0.7585810422897339, 0.7565875053405762]",1,"[-1, -1, -1, -1, -1]"
ddb3f2a6-295a-4d4b-8478-5c15049b62a8,Social & Preventive Medicine,0.265625,0.10400390625,0.41015625,0.2197265625,False,A,8.54715371131897,medmcqa_4,"['PBMD', 'PBMD', 'PBMD', 'PBMD', 'PBMD']","[468043370483536874, 468043370483683363, 468043370483725290, 468043370483410509, 468043370483463633]","[0.7184582352638245, 0.7013432383537292, 0.6996134519577026, 0.696578323841095, 0.6916816830635071]",4,"[468043370483397111, 468043370483291975, 468043370483417446, 468043370483350283, 468043370483410509, 468043370483754121, 468043370483617801, 468043370483588495, 468043370483291975, 468043370483410509, 468043370483754121, 468043370483455858, 468043370483220054, 468043370483291975, 468043370483397111, 468043370483754121, 468043370483291975, 468043370483410509, 468043370483397111, 468043370483839719]"
607d0116-5f85-4d42-87d2-e6fd96abc366,Social & Preventive Medicine,0.00159454345703125,0.0003566741943359375,0.0002765655517578125,0.99609375,True,D,0.23508667945861816,medmcqa_4,"['PBMD', 'PBMD', 'PBMD', 'TEXT', 'PBMD']","[468043370483325312, 468043370483310799, 468043370483352690, 468043370482406263, 468043370483699332]","[0.7750285863876343, 0.7631980180740356, 0.7565211057662964, 0.7559295892715454, 0.7556703686714172]",1,"[-1, -1, -1, -1, -1]"
78cde0de-1205-4bcb-a646-992a909fd268,Social & Preventive Medicine,0.34765625,0.14453125,0.23828125,0.26953125,True,A,25.72827959060669,medmcqa_4,"['PBMD', 'PBMD', 'PBMD', 'PBMD', 'PBMD']","[468043370483249523, 468043370483350995, 468043370483590276, 468043370483505799, 468043370483411688]","[0.7655490040779114, 0.7529212236404419, 0.7519345879554749, 0.7441086769104004, 0.7392193078994751]",4,"[468043370482451453, 468043370482445838, 468043370482450233, 468043370483068670, 468043370483799921, 468043370482445838, 468043370482445839, 468043370484046570, 468043370482451453, 468043370483590276, 468043370482445839, 468043370482445838, 468043370482445847, 468043370484046570, 468043370482562496, 468043370483249523, 468043370484046570, 468043370482966144, 468043370482445838, 468043370482445839]"
bf96e90e-8e47-4660-93c7-bd01ec8735fb,Social & Preventive Medicine,0.94921875,0.041748046875,0.006011962890625,0.0011138916015625,True,A,0.19478511810302734,medmcqa_4,"['TEXT', 'PBMD', 'PBMD', 'STAT', 'PBMD']","[468043370482383754, 468043370483881127, 468043370483358520, 468043370482549615, 468043370483743049]","[0.7406607866287231, 0.7278485894203186, 0.7198261022567749, 0.7191864848136902, 0.7173283696174622]",1,"[-1, -1, -1, -1, -1]"
1acc9c45-12a8-4fd0-92e6-c7980c21348a,Social & Preventive Medicine,0.248046875,0.248046875,0.361328125,0.1416015625,False,A,10.803500652313232,medmcqa_4,"['PBMD', 'PBMD', 'PBMD', 'PBMD', 'PBMD']","[468043370483202312, 468043370483945049, 468043370483198885, 468043370483457631, 468043370483955558]","[0.7626357674598694, 0.756921648979187, 0.7482040524482727, 0.7469993233680725, 0.7468615770339966]",4,"[468043370483863396, 468043370483988471, 468043370483457631, 468043370483168244, 468043370483626733, 468043370483659885, 468043370483350454, 468043370483418637, 468043370483192777, 468043370483202312, 468043370483863396, 468043370483988471, 468043370483418638, 468043370484079046, 468043370482410590, 468043370483350454, 468043370483201671, 468043370483457631, 468043370483192777, 468043370483418637]"
b65ef6a8-7a2f-4538-926c-4bc0c0640313,Social & Preventive Medicine,0.263671875,0.16015625,0.1416015625,0.435546875,True,D,9.676971673965454,medmcqa_4,"['PBMD', 'STAT', 'STAT', 'STAT', 'PBMD']","[468043370483338171, 468043370482803867, 468043370483018274, 468043370482984215, 468043370483127510]","[0.7626720666885376, 0.754399299621582, 0.7520573139190674, 0.7470917701721191, 0.7467575073242188]",4,"[468043370482558282, 468043370482984215, 468043370483223048, 468043370483752256, 468043370483127510, 468043370482984215, 468043370482933174, 468043370483127510, 468043370483338171, 468043370482823580, 468043370483127510, 468043370483752256, 468043370483338171, 468043370483223048, 468043370483425143, 468043370483830561, 468043370482984215, 468043370483127510, 468043370482923355, 468043370483052796]"
b92c7401-27d9-4cc0-80f1-5e6369047365,Social & Preventive Medicine,0.35546875,0.244140625,0.045166015625,0.35546875,True,A,10.607696771621704,medmcqa_4,"['PBMD', 'PBMD', 'STAT', 'PBMD', 'PBMD']","[468043370483314363, 468043370483574503, 468043370483040554, 468043370483466305, 468043370483490389]","[0.7782174348831177, 0.7697940468788147, 0.7518388032913208, 0.7452749609947205, 0.7451255917549133]",4,"[468043370483574503, 468043370483466305, 468043370483314363, 468043370483087994, 468043370482536785, 468043370483574503, 468043370482865205, 468043370483466305, 468043370482963909, 468043370482933914, 468043370483574503, 468043370482963909, 468043370483466305, 468043370482933914, 468043370483040554, 468043370483574503, 468043370483314363, 468043370483040554, 468043370483466305, 468043370483767248]"
3b261ffc-4ab3-4e68-a7b8-8e3881edfa55,Social & Preventive Medicine,0.8046875,0.0274658203125,0.0107421875,0.158203125,True,A,0.30687689781188965,medmcqa_4,"['PBMD', 'PBMD', 'PBMD', 'PBMD', 'PBMD']","[468043370483090574, 468043370483095578, 468043370483099046, 468043370484042449, 468043370483098329]","[0.8501136898994446, 0.8451055288314819, 0.8431267738342285, 0.8408321142196655, 0.8369420766830444]",1,"[-1, -1, -1, -1, -1]"
cc956481-f985-449c-ac18-22c7109b641b,Social & Preventive Medicine,0.2216796875,0.03857421875,0.7265625,0.01251220703125,True,C,8.057871341705322,medmcqa_4,"['PBMD', 'STAT', 'STAT', 'PBMD', 'PBMD']","[468043370483599701, 468043370483010560, 468043370483026221, 468043370483568963, 468043370484078849]","[0.74039226770401, 0.7362960577011108, 0.7313851714134216, 0.7245012521743774, 0.7236747741699219]",4,"[468043370483026227, 468043370483288536, 468043370482961213, 468043370484078845, 468043370483568963, 468043370483066642, 468043370483498714, 468043370482508514, 468043370482792305, 468043370483599701, 468043370483026227, 468043370484078845, 468043370484103134, 468043370483568963, 468043370483026221, 468043370482433384, 468043370482961213, 468043370483026227, 468043370483026221, 468043370483026216]"
98e20d31-45bf-46c2-80cd-a9020dcaf014,Social & Preventive Medicine,0.3125,0.275390625,0.2431640625,0.1669921875,True,A,11.231629848480225,medmcqa_4,"['PBMD', 'PBMD', 'PBMD', 'PBMD', 'PBMD']","[468043370483306681, 468043370483641129, 468043370484085383, 468043370484084721, 468043370484049470]","[0.7305934429168701, 0.7153856158256531, 0.7122074961662292, 0.7116012573242188, 0.7083257436752319]",4,"[468043370483878739, 468043370483828393, 468043370483723852, 468043370483306681, 468043370484059565, 468043370482784407, 468043370484059565, 468043370483438000, 468043370483684806, 468043370482784404, 468043370482851911, 468043370482897059, 468043370482851888, 468043370482897012, 468043370483964568, 468043370483692538, 468043370484067631, 468043370483955282, 468043370484123479, 468043370483817401]"
dd8ed71b-5a18-4683-a64f-6187c82c94ed,Social & Preventive Medicine,0.0035858154296875,0.0015869140625,0.00131988525390625,0.9921875,True,D,0.2139585018157959,medmcqa_4,"['PBMD', 'PBMD', 'PBMD', 'PBMD', 'PBMD']","[468043370483484425, 468043370483463616, 468043370483402187, 468043370483612140, 468043370483106973]","[0.7306913137435913, 0.7270352840423584, 0.7200579047203064, 0.712563693523407, 0.7125391960144043]",1,"[-1, -1, -1, -1, -1]"
46653ca7-d61a-4d6a-a135-91309eff9b49,Social & Preventive Medicine,0.0147705078125,0.005767822265625,0.0084228515625,0.97265625,True,D,0.23532795906066895,medmcqa_4,"['PBMD', 'PBMD', 'PBMD', 'TEXT', 'PBMD']","[468043370483313557, 468043370483801499, 468043370483545362, 468043370482406265, 468043370484065834]","[0.7265911102294922, 0.7247475981712341, 0.7237738370895386, 0.7221076488494873, 0.7200247645378113]",1,"[-1, -1, -1, -1, -1]"
af9a1805-2fda-43e1-9c73-64731258f12c,Social & Preventive Medicine,0.2333984375,0.263671875,0.361328125,0.1416015625,False,B,9.823921918869019,medmcqa_4,"['PBMD', 'STAT', 'PBMD', 'PBMD', 'TEXT']","[468043370483656103, 468043370482923231, 468043370484025174, 468043370484078283, 468043370482450711]","[0.7948093414306641, 0.7937962412834167, 0.793577253818512, 0.7923420667648315, 0.7922258377075195]",4,"[468043370483026228, 468043370482522406, 468043370482433388, 468043370483026226, 468043370483666734, 468043370482929691, 468043370484082853, 468043370484029694, 468043370483666734, 468043370484045014, 468043370483708427, 468043370483986272, 468043370483798209, 468043370484039561, 468043370483460038, 468043370483708427, 468043370483666734, 468043370483798209, 468043370483460038, 468043370483640170]"
b55fd5c5-4bb5-41d9-b78f-0932ac3854e6,Social & Preventive Medicine,0.291015625,0.48046875,0.12158203125,0.10693359375,False,A,3.655036211013794,medmcqa_4,"['STAT', 'STAT', 'TEXT', 'STAT', 'STAT']","[468043370483066645, 468043370482559497, 468043370482381535, 468043370483066644, 468043370483066651]","[0.730917751789093, 0.7186011075973511, 0.7141814231872559, 0.7105966806411743, 0.7104430794715881]",2,"[468043370483066651, 468043370483026228, 468043370482792305, 468043370482529863, 468043370483066642, 468043370482792305, 468043370483026228, 468043370483564479, 468043370483026216, 468043370483066651]"
579951c3-517c-41e4-ac39-0a48f474c01b,Social & Preventive Medicine,0.54296875,0.17578125,0.17578125,0.1064453125,False,C,10.930957317352295,medmcqa_4,"['PBMD', 'PBMD', 'PBMD', 'PBMD', 'PBMD']","[468043370483249523, 468043370483306025, 468043370483268479, 468043370483634350, 468043370483089013]","[0.765418529510498, 0.756962776184082, 0.7545863389968872, 0.7545130252838135, 0.7520918250083923]",4,"[468043370483249523, 468043370483556792, 468043370483590276, 468043370483212636, 468043370483748955, 468043370483249523, 468043370482451453, 468043370482966144, 468043370483613644, 468043370483590276, 468043370482966144, 468043370483249523, 468043370483556792, 468043370483484092, 468043370483837980, 468043370483556792, 468043370483249523, 468043370483748955, 468043370483212636, 468043370483392017]"
1badc5bb-d61a-48ea-9288-3754612f74a5,Social & Preventive Medicine,0.212890625,0.310546875,0.310546875,0.166015625,False,A,13.768635272979736,medmcqa_4,"['TEXT', 'TEXT', 'TEXT', 'TEXT', 'TEXT']","[468043370482480474, 468043370482480335, 468043370482479703, 468043370482423540, 468043370482467398]","[0.7074525952339172, 0.6966478228569031, 0.6941405534744263, 0.6891984939575195, 0.6891984343528748]",4,"[468043370483754547, 468043370483818810, 468043370483749914, 468043370483413163, 468043370483634350, 468043370482451775, 468043370484007193, 468043370482964856, 468043370483042707, 468043370483519832, 468043370483634350, 468043370483749914, 468043370483735914, 468043370483578375, 468043370482451775, 468043370483527683, 468043370483754547, 468043370482451775, 468043370483412876, 468043370483634350]"
ad724a47-320a-4b79-81d9-8bea8da0f4a5,Dental,0.875,0.0218505859375,0.03173828125,0.07177734375,True,A,0.3109104633331299,medmcqa_4,"['PBMD', 'PBMD', 'PBMD', 'PBMD', 'PBMD']","[468043370483536874, 468043370483256811, 468043370483851612, 468043370483538630, 468043370483750510]","[0.7455747723579407, 0.7446873188018799, 0.7415201663970947, 0.7395583391189575, 0.7354381680488586]",1,"[-1, -1, -1, -1, -1]"
8abcdea2-c351-4df7-ab42-8898201f9949,Dental,0.2041015625,0.490234375,0.1240234375,0.1806640625,False,C,9.982104539871216,medmcqa_4,"['PBMD', 'PBMD', 'PBMD', 'PBMD', 'PBMD']","[468043370483839161, 468043370484090194, 468043370484057379, 468043370483218594, 468043370483211324]","[0.7360125780105591, 0.734764039516449, 0.7318316102027893, 0.7311541438102722, 0.729790449142456]",4,"[468043370483730029, 468043370484035665, 468043370483839161, 468043370483217742, 468043370483215333, 468043370483217742, 468043370484035665, 468043370483735723, 468043370483213384, 468043370483725076, 468043370483217742, 468043370484035665, 468043370483213384, 468043370483871868, 468043370483215333, 468043370484035665, 468043370483217742, 468043370483839161, 468043370483871868, 468043370483216444]"
175a37d0-a4ea-4c5e-b1c1-bf1fec51d2bc,Dental,0.349609375,0.09423828125,0.10693359375,0.44921875,True,D,9.55176830291748,medmcqa_4,"['PBMD', 'PBMD', 'STAT', 'PBMD', 'PBMD']","[468043370483254477, 468043370483538860, 468043370482807738, 468043370483905497, 468043370483213025]","[0.7758128643035889, 0.7750372290611267, 0.7655531167984009, 0.7653765678405762, 0.7600285410881042]",4,"[468043370483905497, 468043370483815895, 468043370483538860, 468043370483842743, 468043370483214903, 468043370484046827, 468043370484054844, 468043370483216722, 468043370483536119, 468043370483317684, 468043370483214903, 468043370483885633, 468043370483536946, 468043370483219669, 468043370483752345, 468043370483752345, 468043370482807731, 468043370483815895, 468043370482807759, 468043370484090522]"
985566bc-67a2-4f42-8bc5-4bd8bfc84bab,Dental,0.1474609375,0.66015625,0.06982421875,0.1220703125,True,B,0.21445822715759277,medmcqa_4,"['PBMD', 'PBMD', 'PBMD', 'PBMD', 'PBMD']","[468043370483921289, 468043370484104226, 468043370483540924, 468043370484014635, 468043370483830675]","[0.793543815612793, 0.7932257652282715, 0.7848700284957886, 0.7827661037445068, 0.7814007997512817]",1,"[-1, -1, -1, -1, -1]"
f40c0c62-826b-4dee-831d-2dcd9eacedf4,Dental,0.65625,0.30859375,0.02099609375,0.01446533203125,True,A,4.409497261047363,medmcqa_4,"['PBMD', 'STAT', 'PBMD', 'STAT', 'PBMD']","[468043370483642531, 468043370482949199, 468043370483643928, 468043370482949197, 468043370483539588]","[0.771910548210144, 0.76352459192276, 0.7596874237060547, 0.7591248750686646, 0.7537228465080261]",2,"[468043370483643928, 468043370483642531, 468043370483123457, 468043370482949199, 468043370483648664, 468043370483643928, 468043370483248111, 468043370483211498, 468043370483539344, 468043370483908696]"
36afb87d-0e47-49c4-a770-62b80978844d,Dental,0.00970458984375,0.0023040771484375,0.98828125,0.000213623046875,True,C,0.26021528244018555,medmcqa_4,"['PBMD', 'PBMD', 'PBMD', 'PBMD', 'PBMD']","[468043370483757029, 468043370483750528, 468043370483826849, 468043370483210570, 468043370483217426]","[0.7740773558616638, 0.7509795427322388, 0.7496805191040039, 0.7475088834762573, 0.7430413365364075]",1,"[-1, -1, -1, -1, -1]"
ed4c848b-b400-4d78-9c27-417bb44cced3,Dental,0.40625,0.109375,0.1240234375,0.359375,True,A,8.834529161453247,medmcqa_4,"['PBMD', 'PBMD', 'PBMD', 'PBMD', 'PBMD']","[468043370483655989, 468043370483643928, 468043370484057536, 468043370483642531, 468043370483214088]","[0.7956491112709045, 0.7936146259307861, 0.7766748666763306, 0.773421585559845, 0.7718063592910767]",4,"[468043370483643928, 468043370484057536, 468043370483211498, 468043370483553968, 468043370483642531, 468043370483211498, 468043370484057536, 468043370483643928, 468043370483212376, 468043370483539344, 468043370484057536, 468043370483217391, 468043370483643928, 468043370483553968, 468043370483211498, 468043370483643928, 468043370484054897, 468043370484057536, 468043370483655989, 468043370483211498]"
b7021f6a-0299-49df-a478-009fe45c5d92,Dental,0.138671875,0.375,0.2578125,0.2275390625,False,A,8.810404062271118,medmcqa_4,"['PBMD', 'PBMD', 'PBMD', 'PBMD', 'PBMD']","[468043370483209928, 468043370484097819, 468043370483254462, 468043370483209755, 468043370483247171]","[0.7441493272781372, 0.7417678833007812, 0.7402377128601074, 0.7387946844100952, 0.7383788228034973]",4,"[468043370484055494, 468043370483216645, 468043370482895439, 468043370483211727, 468043370483538203, 468043370483549645, 468043370483231634, 468043370483237989, 468043370483540924, 468043370483986943, 468043370483553563, 468043370483252085, 468043370483053422, 468043370484056483, 468043370482975084, 468043370483549645, 468043370483780648, 468043370483827117, 468043370483210999, 468043370483540354]"
e6ffb56f-8545-4c0a-ba5f-2f5294d6a544,Dental,0.09130859375,0.46484375,0.03369140625,0.41015625,False,D,8.606026411056519,medmcqa_4,"['PBMD', 'PBMD', 'PBMD', 'PBMD', 'PBMD']","[468043370483219326, 468043370483211819, 468043370483537219, 468043370483536704, 468043370483858071]","[0.7721856832504272, 0.729243278503418, 0.7287406325340271, 0.7142730355262756, 0.713887631893158]",4,"[468043370483219326, 468043370483537861, 468043370483886707, 468043370484093686, 468043370483537551, 468043370483219326, 468043370483886707, 468043370483537551, 468043370483211819, 468043370483537861, 468043370483537861, 468043370483428417, 468043370483211387, 468043370483219326, 468043370483652143, 468043370483256869, 468043370483219326, 468043370483539700, 468043370483886707, 468043370483541047]"
04adb80a-e020-4328-a871-e403f6d5861f,Dental,0.11376953125,0.7421875,0.11376953125,0.02880859375,False,D,10.213189363479614,medmcqa_4,"['PBMD', 'PBMD', 'PBMD', 'PBMD', 'PBMD']","[468043370483536464, 468043370483214605, 468043370483214608, 468043370483536463, 468043370483766275]","[0.7464486360549927, 0.7415629625320435, 0.7309717535972595, 0.7244855761528015, 0.7244438529014587]",4,"[468043370483214605, 468043370484054584, 468043370484020348, 468043370483536464, 468043370483214849, 468043370483214605, 468043370483030015, 468043370483914043, 468043370484102695, 468043370483536464, 468043370483904016, 468043370483030016, 468043370483030017, 468043370483214605, 468043370484054584, 468043370483214605, 468043370484020348, 468043370484054584, 468043370483538547, 468043370483914043]"
fb4ea4bd-0f5f-40fa-b377-d0ae72b374a1,Dental,0.04443359375,0.09375,0.8359375,0.0252685546875,True,C,4.3239288330078125,medmcqa_4,"['STAT', 'PBMD', 'PBMD', 'PBMD', 'STAT']","[468043370482854158, 468043370483538051, 468043370483539088, 468043370483541463, 468043370483012452]","[0.7257093191146851, 0.7233046889305115, 0.7213492393493652, 0.7185977697372437, 0.7156293988227844]",2,"[468043370482779900, 468043370482860520, 468043370483818609, 468043370483045935, 468043370482559141, 468043370482921408, 468043370483504513, 468043370482921420, 468043370483984239, 468043370483355023]"
4710c6bb-67b6-47ab-85e1-7cac22bd35cf,Dental,0.86328125,0.01904296875,0.11669921875,0.0012969970703125,False,C,0.1651928424835205,medmcqa_4,"['PBMD', 'PBMD', 'STAT', 'PBMD', 'STAT']","[468043370484105934, 468043370483214604, 468043370483018718, 468043370483214605, 468043370483018722]","[0.7294983863830566, 0.7151699662208557, 0.7042489051818848, 0.6997672915458679, 0.6976980566978455]",1,"[-1, -1, -1, -1, -1]"
2d635300-8808-4fb1-867f-cb4876001cbd,Dental,0.058837890625,0.86328125,0.048828125,0.02783203125,True,B,0.16571879386901855,medmcqa_4,"['PBMD', 'PBMD', 'PBMD', 'PBMD', 'PBMD']","[468043370483287543, 468043370483211347, 468043370483724431, 468043370483214910, 468043370484058462]","[0.7584530115127563, 0.7497190237045288, 0.7489809989929199, 0.7472257614135742, 0.7446367740631104]",1,"[-1, -1, -1, -1, -1]"
79f62df5-e7d6-4526-9866-59ba4c498cfc,Dental,0.421875,0.291015625,0.2265625,0.060791015625,False,B,7.8315205574035645,medmcqa_4,"['STAT', 'STAT', 'STAT', 'PBMD', 'PBMD']","[468043370482984986, 468043370482984982, 468043370482984987, 468043370484036340, 468043370483588730]","[0.8181337118148804, 0.7871444821357727, 0.7846884727478027, 0.7713146805763245, 0.7696329951286316]",4,"[468043370483588730, 468043370483740467, 468043370483842743, 468043370483538788, 468043370482984986, 468043370483588730, 468043370483740467, 468043370483842743, 468043370483729168, 468043370482984986, 468043370483842743, 468043370483588730, 468043370482984982, 468043370483538788, 468043370482984986, 468043370482984986, 468043370482984982, 468043370483842743, 468043370483588730, 468043370482984987]"
8c968c9b-35b1-4394-959a-fe3c80e283e5,Dental,0.09130859375,0.16015625,0.6328125,0.11669921875,True,C,5.755159378051758,medmcqa_4,"['STAT', 'STAT', 'STAT', 'STAT', 'TEXT']","[468043370482949996, 468043370482547820, 468043370482547828, 468043370482949997, 468043370482462101]","[0.8108184933662415, 0.8018954992294312, 0.7702696323394775, 0.7659743428230286, 0.7599235773086548]",3,"[468043370482949996, 468043370482547820, 468043370482547819, 468043370482547828, 468043370482949992, 468043370482949996, 468043370482547820, 468043370482547828, 468043370482987555, 468043370482949997, 468043370482949996, 468043370482547820, 468043370482547819, 468043370482949997, 468043370482547828]"
53b25799-4578-4b4b-aa22-5c9aa6b4f62c,Dental,0.036865234375,0.007720947265625,0.00640869140625,0.94921875,False,A,0.2129228115081787,medmcqa_4,"['STAT', 'PBMD', 'STAT', 'STAT', 'PBMD']","[468043370483040939, 468043370483214124, 468043370483020963, 468043370483036204, 468043370483217413]","[0.792012095451355, 0.7735456824302673, 0.7731103301048279, 0.7719885110855103, 0.7639199495315552]",1,"[-1, -1, -1, -1, -1]"
01024fa5-94ba-4fa4-b322-6e9733f3553f,Dental,0.3359375,0.279296875,0.216796875,0.1689453125,True,A,6.50766134262085,medmcqa_4,"['PBMD', 'PBMD', 'STAT', 'STAT', 'PBMD']","[468043370483925321, 468043370483538601, 468043370483029154, 468043370482498235, 468043370483567356]","[0.7325692176818848, 0.7243026494979858, 0.7186741828918457, 0.7149037718772888, 0.7147453427314758]",4,"[468043370483538601, 468043370483217626, 468043370483540216, 468043370483236462, 468043370483261737, 468043370483551686, 468043370483538601, 468043370483925321, 468043370483217969, 468043370483769155, 468043370483323295, 468043370483925321, 468043370483361409, 468043370483599022, 468043370483236038, 468043370483551686, 468043370484041259, 468043370483135395, 468043370483925321, 468043370483244428]"
a115b765-ec7a-4e63-abac-50516a65b46a,Dental,0.96875,0.0177001953125,0.0107421875,0.00225830078125,True,A,11.210686683654785,medmcqa_4,"['PBMD', 'PBMD', 'PBMD', 'PBMD', 'STAT']","[468043370483217768, 468043370484115279, 468043370483209783, 468043370483981383, 468043370482855285]","[0.8203922510147095, 0.8105324506759644, 0.8069125413894653, 0.804896354675293, 0.8037406802177429]",4,"[468043370484031829, 468043370483915129, 468043370482457390, 468043370483217768, 468043370483229580, 468043370483217768, 468043370483886719, 468043370483711032, 468043370482855294, 468043370484112715, 468043370483428097, 468043370483501856, 468043370483237079, 468043370483494121, 468043370483216694, 468043370483538189, 468043370483643784, 468043370484119275, 468043370483779197, 468043370483212801]"
de4374af-70ba-41e4-b46a-5159e73a690e,Dental,0.3671875,0.32421875,0.22265625,0.0869140625,False,D,9.061912059783936,medmcqa_4,"['PBMD', 'PBMD', 'PBMD', 'PBMD', 'PBMD']","[468043370484056125, 468043370483230581, 468043370483431636, 468043370483536301, 468043370483778576]","[0.7870078682899475, 0.7852157354354858, 0.783922016620636, 0.780982494354248, 0.774229884147644]",4,"[468043370483247229, 468043370483642398, 468043370483829097, 468043370483431636, 468043370483536710, 468043370483247229, 468043370483642398, 468043370483214675, 468043370483815901, 468043370483778576, 468043370483247229, 468043370483778576, 468043370483642398, 468043370483214675, 468043370483815905, 468043370483247229, 468043370483778576, 468043370483642398, 468043370484030516, 468043370483536301]"
a8c33cc0-c274-4e1b-9ff2-8ced913073f0,Dental,0.10791015625,0.037353515625,0.796875,0.057861328125,True,C,0.21477365493774414,medmcqa_4,"['PBMD', 'PBMD', 'STAT', 'STAT', 'STAT']","[468043370483215554, 468043370483540435, 468043370482869193, 468043370482533191, 468043370482533180]","[0.8424609303474426, 0.834330141544342, 0.8174548745155334, 0.8103271126747131, 0.8097202777862549]",1,"[-1, -1, -1, -1, -1]"
d945a9d8-2cd7-4c27-9abd-0fa469d2c9f1,Pathology,0.08935546875,0.84765625,0.05419921875,0.0078125,True,B,0.1984724998474121,medmcqa_4,"['STAT', 'PBMD', 'PBMD', 'PBMD', 'PBMD']","[468043370483036196, 468043370483214447, 468043370483726035, 468043370483269333, 468043370483213362]","[0.8065083622932434, 0.8000922203063965, 0.7957804203033447, 0.7953091263771057, 0.7945440411567688]",1,"[-1, -1, -1, -1, -1]"
07de5578-ca50-423e-ba9c-1b428a5b6153,Pathology,0.83984375,0.09423828125,0.030517578125,0.036865234375,True,A,0.30727696418762207,medmcqa_4,"['PBMD', 'PBMD', 'PBMD', 'PBMD', 'PBMD']","[468043370484102606, 468043370483742460, 468043370483984198, 468043370483678062, 468043370483976988]","[0.8246959447860718, 0.8115525245666504, 0.8109416365623474, 0.8003673553466797, 0.7994880676269531]",1,"[-1, -1, -1, -1, -1]"
b1cd5c0a-0f81-40eb-88e6-06d69054daae,Pathology,0.0255126953125,0.07861328125,0.05078125,0.84375,False,B,9.307880878448486,medmcqa_4,"['PBMD', 'PBMD', 'PBMD', 'PBMD', 'PBMD']","[468043370483489084, 468043370483196709, 468043370484032869, 468043370483826412, 468043370483667046]","[0.8010646104812622, 0.7834113240242004, 0.7807543277740479, 0.7796212434768677, 0.7781248092651367]",4,"[468043370482456225, 468043370483967373, 468043370483967361, 468043370483306816, 468043370483940703, 468043370483659929, 468043370482933692, 468043370483644700, 468043370483850235, 468043370483466512, 468043370483095538, 468043370483017098, 468043370483652260, 468043370483017107, 468043370483256068, 468043370483210087, 468043370483212261, 468043370484093187, 468043370484051753, 468043370482458561]"
ee5e4f25-9cee-48ea-b4aa-b631162d4543,Pathology,0.0189208984375,0.012939453125,0.96875,0.000827789306640625,True,C,0.21289300918579102,medmcqa_4,"['PBMD', 'PBMD', 'PBMD', 'PBMD', 'PBMD']","[468043370483222529, 468043370483221030, 468043370483827278, 468043370483746203, 468043370483989277]","[0.7849844694137573, 0.7826985120773315, 0.7697659730911255, 0.7619803547859192, 0.7607681155204773]",1,"[-1, -1, -1, -1, -1]"
40013980-4b7a-4cc7-8c38-f2f45215bcbf,Pathology,0.93359375,0.030029296875,0.0206298828125,0.01708984375,False,B,0.21228337287902832,medmcqa_4,"['PBMD', 'STAT', 'STAT', 'PBMD', 'TEXT']","[468043370483224911, 468043370482941248, 468043370482508493, 468043370483895277, 468043370482409528]","[0.8163716793060303, 0.8148602843284607, 0.8064631819725037, 0.8051645159721375, 0.7966009974479675]",1,"[-1, -1, -1, -1, -1]"
aa928f6b-b194-44e7-ae8e-88a92c365fdc,Pathology,0.25,0.302734375,0.28515625,0.162109375,True,B,7.88449501991272,medmcqa_4,"['TEXT', 'STAT', 'STAT', 'STAT', 'STAT']","[468043370482456166, 468043370482530879, 468043370482530826, 468043370482530877, 468043370482530878]","[0.7391401529312134, 0.7334403395652771, 0.731482207775116, 0.7280397415161133, 0.7271857857704163]",4,"[468043370482530843, 468043370482456166, 468043370483395180, 468043370482905771, 468043370482902142, 468043370482530843, 468043370482530879, 468043370483213561, 468043370483020104, 468043370482890333, 468043370482530823, 468043370482456166, 468043370482459582, 468043370482530891, 468043370482457853, 468043370482530843, 468043370483020104, 468043370482530879, 468043370482858274, 468043370482530877]"
4fbc569b-3b88-490f-b1b9-0af7c459eee0,Pathology,0.0081787109375,0.01055908203125,0.032470703125,0.94921875,True,D,0.3082153797149658,medmcqa_4,"['PBMD', 'PBMD', 'PBMD', 'PBMD', 'PBMD']","[468043370483673443, 468043370483936256, 468043370484014677, 468043370483680050, 468043370483706329]","[0.7663909792900085, 0.7648055553436279, 0.7641912698745728, 0.7616946697235107, 0.7614778876304626]",1,"[-1, -1, -1, -1, -1]"
bb0813aa-65ec-4eb5-8101-76df41f138e5,Pathology,0.020263671875,0.9765625,0.0016632080078125,0.0032958984375,True,B,0.21094036102294922,medmcqa_4,"['PBMD', 'STAT', 'STAT', 'PBMD', 'STAT']","[468043370483421532, 468043370482516302, 468043370482812093, 468043370484042358, 468043370482887912]","[0.7952896952629089, 0.7941272854804993, 0.7799934148788452, 0.7784014940261841, 0.7751419544219971]",1,"[-1, -1, -1, -1, -1]"
a1111432-f1c4-4e04-b61b-449b435e99ad,Pathology,0.01092529296875,0.984375,0.0029449462890625,0.00244140625,True,B,0.30651116371154785,medmcqa_4,"['STAT', 'PBMD', 'PBMD', 'PBMD', 'PBMD']","[468043370482839311, 468043370483500795, 468043370483953509, 468043370483744508, 468043370483709615]","[0.7473981976509094, 0.7441205382347107, 0.7416512370109558, 0.7393686175346375, 0.7388195395469666]",1,"[-1, -1, -1, -1, -1]"
f06f787a-ac63-41ec-b508-2b6d9848264d,Pathology,0.025634765625,0.057861328125,0.90625,0.01214599609375,True,C,0.16573810577392578,medmcqa_4,"['STAT', 'STAT', 'PBMD', 'PBMD', 'PBMD']","[468043370482983106, 468043370482849643, 468043370483802919, 468043370483119482, 468043370483953571]","[0.837584376335144, 0.7713750004768372, 0.7693363428115845, 0.7658184766769409, 0.7635412812232971]",1,"[-1, -1, -1, -1, -1]"
5a6abefa-9edd-429c-8489-f7d4a3fd2770,Pathology,0.1474609375,0.703125,0.1015625,0.0478515625,True,B,0.16532325744628906,medmcqa_4,"['PBMD', 'PBMD', 'STAT', 'STAT', 'PBMD']","[468043370483216460, 468043370483619772, 468043370483028677, 468043370482852762, 468043370484048007]","[0.7621620893478394, 0.7618569135665894, 0.7604715824127197, 0.7600558996200562, 0.7593170404434204]",1,"[-1, -1, -1, -1, -1]"
7ef97e72-288b-4b7d-8942-2a9c9fc21daa,Pathology,0.01092529296875,0.002288818359375,0.000579833984375,0.984375,True,D,0.16573619842529297,medmcqa_4,"['PBMD', 'STAT', 'PBMD', 'PBMD', 'PBMD']","[468043370483936133, 468043370482550883, 468043370484081978, 468043370483188646, 468043370483964085]","[0.8013451099395752, 0.8013187050819397, 0.7910983562469482, 0.790337085723877, 0.7890196442604065]",1,"[-1, -1, -1, -1, -1]"
74c96399-8699-43ba-b5ae-c8e309721ee5,Pathology,0.8359375,0.014404296875,0.01123046875,0.13671875,True,A,0.16573786735534668,medmcqa_4,"['STAT', 'STAT', 'PBMD', 'STAT', 'TEXT']","[468043370482548037, 468043370482801907, 468043370483614928, 468043370482950557, 468043370482438737]","[0.8149672746658325, 0.8119597434997559, 0.809389591217041, 0.8030406832695007, 0.7858729958534241]",1,"[-1, -1, -1, -1, -1]"
e5be7962-590f-4590-bb2b-84860a14a42a,Pathology,0.88671875,0.060302734375,0.0208740234375,0.0322265625,False,B,0.16780710220336914,medmcqa_4,"['PBMD', 'PBMD', 'STAT', 'PBMD', 'STAT']","[468043370483246278, 468043370483259030, 468043370482808053, 468043370483335137, 468043370482827069]","[0.8114258646965027, 0.7795571088790894, 0.7716715335845947, 0.769930362701416, 0.7685366272926331]",1,"[-1, -1, -1, -1, -1]"
1c84e0de-2784-45de-a25d-79ed40cf0fe2,Pathology,0.85546875,0.0201416015625,0.06201171875,0.06201171875,True,A,5.315200567245483,medmcqa_4,"['PBMD', 'PBMD', 'PBMD', 'PBMD', 'PBMD']","[468043370483212283, 468043370483214110, 468043370483124604, 468043370483215627, 468043370483215013]","[0.8257476091384888, 0.8201230764389038, 0.7972504496574402, 0.7933772802352905, 0.7926658391952515]",2,"[468043370483214110, 468043370483212283, 468043370483046756, 468043370483010476, 468043370483757729, 468043370482976454, 468043370483209935, 468043370482976447, 468043370483864964, 468043370483121237]"
97f2545e-5688-4cc1-9837-9a9ec14d6f3d,Pathology,0.31640625,0.0084228515625,0.00482177734375,0.671875,True,D,5.188686847686768,medmcqa_4,"['PBMD', 'PBMD', 'PBMD', 'PBMD', 'PBMD']","[468043370483959940, 468043370483977223, 468043370483973895, 468043370483958857, 468043370483973409]","[0.8328949809074402, 0.8105653524398804, 0.8058071136474609, 0.8043607473373413, 0.8037054538726807]",2,"[468043370483959940, 468043370483961482, 468043370482974822, 468043370483712451, 468043370483705318, 468043370483232862, 468043370482399346, 468043370483097726, 468043370483110828, 468043370482392413]"
29d2e3e3-3b3c-4b84-af19-e8e98c5e104e,Pathology,0.054931640625,0.035400390625,0.051513671875,0.859375,False,C,0.19484663009643555,medmcqa_4,"['PBMD', 'PBMD', 'STAT', 'TEXT', 'STAT']","[468043370483248477, 468043370483237659, 468043370482508447, 468043370482391468, 468043370482805630]","[0.7133293151855469, 0.7114759087562561, 0.7048618793487549, 0.7026238441467285, 0.701161801815033]",1,"[-1, -1, -1, -1, -1]"
f37b26c3-1be2-4ebd-8a21-a44172a0b092,Pathology,0.05224609375,0.1416015625,0.71875,0.0859375,False,B,9.916533708572388,medmcqa_4,"['PBMD', 'STAT', 'PBMD', 'PBMD', 'PBMD']","[468043370483166563, 468043370483077653, 468043370483536237, 468043370483695030, 468043370483816821]","[0.7657083868980408, 0.7642943263053894, 0.7606715559959412, 0.760330319404602, 0.7595399618148804]",4,"[468043370483666299, 468043370482901045, 468043370483198704, 468043370484006890, 468043370484128799, 468043370483058360, 468043370484051751, 468043370483236638, 468043370482993640, 468043370483829485, 468043370483211484, 468043370483233316, 468043370483117639, 468043370483519047, 468043370483219243, 468043370484031829, 468043370484108125, 468043370483419792, 468043370483915129, 468043370483643836]"
8e7413da-351b-468d-8168-961cd50bda0a,Pathology,0.01019287109375,0.9765625,0.003997802734375,0.00848388671875,True,B,0.23556780815124512,medmcqa_4,"['PBMD', 'PBMD', 'PBMD', 'PBMD', 'PBMD']","[468043370483940495, 468043370483757411, 468043370483201795, 468043370483818051, 468043370483353882]","[0.7939174771308899, 0.7859522700309753, 0.785706102848053, 0.7776095271110535, 0.7757517695426941]",1,"[-1, -1, -1, -1, -1]"
f0e43051-15d7-4c2a-ba6e-daa8a5e30c11,Pathology,0.97265625,0.01153564453125,0.01080322265625,0.0037384033203125,True,A,0.2389061450958252,medmcqa_4,"['PBMD', 'PBMD', 'PBMD', 'PBMD', 'PBMD']","[468043370483142869, 468043370483461061, 468043370483472370, 468043370483484855, 468043370483370563]","[0.8055585622787476, 0.8005375266075134, 0.7938690185546875, 0.7929613590240479, 0.7874802947044373]",1,"[-1, -1, -1, -1, -1]"
e448b7f6-af8c-4683-8b76-ec282a126797,Pediatrics,0.09912109375,0.1533203125,0.734375,0.013427734375,True,C,0.23917388916015625,medmcqa_4,"['PBMD', 'STAT', 'PBMD', 'PBMD', 'PBMD']","[468043370483564337, 468043370482503536, 468043370483577029, 468043370483205377, 468043370483194316]","[0.7812017798423767, 0.778143048286438, 0.7750689387321472, 0.7746533155441284, 0.7720304727554321]",1,"[-1, -1, -1, -1, -1]"
c6da06a8-62d4-49b1-9bce-e4584bbadc62,Pediatrics,0.1845703125,0.236328125,0.56640625,0.01104736328125,False,A,5.046802043914795,medmcqa_4,"['PBMD', 'PBMD', 'PBMD', 'PBMD', 'PBMD']","[468043370483894626, 468043370483752940, 468043370483451408, 468043370483752947, 468043370483267440]","[0.8240244388580322, 0.8145396113395691, 0.8085005879402161, 0.8049819469451904, 0.8049072623252869]",2,"[468043370483752940, 468043370483737323, 468043370483311126, 468043370483894626, 468043370483651511, 468043370483311126, 468043370483737323, 468043370483752940, 468043370483651511, 468043370483535731]"
f204b864-ca16-4d18-9d0c-6c6a9cb3533a,Pediatrics,0.056640625,0.03662109375,0.88671875,0.0220947265625,True,C,0.2152693271636963,medmcqa_4,"['PBMD', 'PBMD', 'PBMD', 'TEXT', 'PBMD']","[468043370483458770, 468043370483915070, 468043370483219329, 468043370482441072, 468043370483293936]","[0.7599728107452393, 0.7591686248779297, 0.7515100836753845, 0.7460787296295166, 0.7455612421035767]",1,"[-1, -1, -1, -1, -1]"
fa73f211-d8c8-4926-910b-d8a1f5444208,Pediatrics,0.71875,0.0859375,0.01318359375,0.181640625,True,A,12.349058389663696,medmcqa_4,"['STAT', 'STAT', 'STAT', 'PBMD', 'PBMD']","[468043370483078064, 468043370483036935, 468043370482543762, 468043370483794277, 468043370483576508]","[0.8592038154602051, 0.8505675792694092, 0.8313103318214417, 0.8222295641899109, 0.820979654788971]",4,"[468043370483492271, 468043370482989795, 468043370483576508, 468043370483386553, 468043370483064496, 468043370483036935, 468043370483078064, 468043370482878079, 468043370482462248, 468043370483453987, 468043370483576508, 468043370482462251, 468043370483042780, 468043370483516556, 468043370483491967, 468043370483078064, 468043370483036935, 468043370482797731, 468043370483864792, 468043370483277085]"
1d7c2dff-73e6-46d8-8d10-ab6ee7464701,Pediatrics,0.875,0.0218505859375,0.09814453125,0.006256103515625,True,A,0.2124178409576416,medmcqa_4,"['TEXT', 'PBMD', 'PBMD', 'PBMD', 'PBMD']","[468043370482441447, 468043370483395974, 468043370483192721, 468043370484060330, 468043370483149487]","[0.8189595341682434, 0.8127274513244629, 0.8089038729667664, 0.8037716746330261, 0.800048291683197]",1,"[-1, -1, -1, -1, -1]"
2a9cc59f-8f5f-4035-8010-07d1cc7a2f64,Pediatrics,0.1533203125,0.345703125,0.1533203125,0.345703125,False,D,9.164127588272095,medmcqa_4,"['PBMD', 'STAT', 'STAT', 'PBMD', 'STAT']","[468043370483370515, 468043370483017479, 468043370482537092, 468043370483618431, 468043370482890954]","[0.8217668533325195, 0.8214519619941711, 0.8162976503372192, 0.8133699297904968, 0.8122678399085999]",4,"[468043370483017479, 468043370482537092, 468043370483500315, 468043370482890954, 468043370483370515, 468043370483017479, 468043370482537092, 468043370483912007, 468043370482890954, 468043370483500315, 468043370482537092, 468043370483260111, 468043370483017479, 468043370482890954, 468043370483500315, 468043370482890948, 468043370483017479, 468043370483260111, 468043370483370515, 468043370483266843]"
c7c97482-3fe5-4798-bd40-50926d7595f8,Pediatrics,0.28125,0.0908203125,0.55859375,0.07080078125,False,A,10.163297891616821,medmcqa_4,"['STAT', 'STAT', 'PBMD', 'TEXT', 'STAT']","[468043370482554272, 468043370482814615, 468043370483506402, 468043370482463252, 468043370483032238]","[0.8468170166015625, 0.842631459236145, 0.8322587013244629, 0.8276370167732239, 0.8239976167678833]",4,"[468043370483506402, 468043370483516059, 468043370483023110, 468043370483023107, 468043370482554272, 468043370483023133, 468043370482463252, 468043370483252991, 468043370482410743, 468043370483944767, 468043370483506402, 468043370482554272, 468043370482814615, 468043370483032235, 468043370483032238, 468043370483506402, 468043370482554272, 468043370482814615, 468043370483280600, 468043370483943442]"
16f26f56-f5ab-4542-910b-eca95b907278,Pediatrics,0.0625,0.03564453125,0.037841796875,0.86328125,False,C,0.24080491065979004,medmcqa_4,"['PBMD', 'PBMD', 'PBMD', 'PBMD', 'PBMD']","[468043370484008935, 468043370483592246, 468043370483389331, 468043370483848679, 468043370483569787]","[0.7893374562263489, 0.7885169982910156, 0.7825618982315063, 0.7823578715324402, 0.7812529802322388]",1,"[-1, -1, -1, -1, -1]"
b0a05a95-cb2d-4ec4-9e19-c25742e18221,Pediatrics,0.1904296875,0.0257568359375,0.032958984375,0.75,True,D,0.16557073593139648,medmcqa_4,"['STAT', 'STAT', 'TEXT', 'STAT', 'STAT']","[468043370482987001, 468043370482997053, 468043370482404478, 468043370482928784, 468043370482997933]","[0.705834150314331, 0.704930305480957, 0.7047940492630005, 0.6981327533721924, 0.6957634091377258]",1,"[-1, -1, -1, -1, -1]"
5f5f1b55-68a6-4c77-a46a-97d7157a4adc,Pediatrics,0.1318359375,0.12353515625,0.033203125,0.7109375,True,D,8.887762308120728,medmcqa_4,"['PBMD', 'STAT', 'PBMD', 'PBMD', 'PBMD']","[468043370483550237, 468043370482977483, 468043370484081503, 468043370483755417, 468043370484109700]","[0.8342615365982056, 0.8210565447807312, 0.8193234205245972, 0.8172362446784973, 0.8097754716873169]",3,"[468043370482977483, 468043370483316552, 468043370482931462, 468043370484081503, 468043370482977461, 468043370482977483, 468043370482931462, 468043370483550237, 468043370484109700, 468043370484081503, 468043370483316552, 468043370484081503, 468043370482931452, 468043370482977483, 468043370483550237]"
470d2dcb-0af2-4dae-8598-208eff783a95,Pediatrics,0.380859375,0.58984375,0.013916015625,0.0130615234375,True,B,5.3777570724487305,medmcqa_4,"['PBMD', 'TEXT', 'STAT', 'STAT', 'PBMD']","[468043370483741399, 468043370482369733, 468043370483041036, 468043370482880054, 468043370483876388]","[0.7856401801109314, 0.784816324710846, 0.77829909324646, 0.7782336473464966, 0.7777378559112549]",2,"[468043370483322376, 468043370483139374, 468043370483778058, 468043370483916276, 468043370483951201, 468043370483916276, 468043370482836212, 468043370482383015, 468043370483487067, 468043370483285083]"
72676291-2690-40d6-b2f1-30cfdb015e45,Pediatrics,0.1171875,0.8125,0.01904296875,0.052001953125,True,B,4.742286920547485,medmcqa_4,"['PBMD', 'STAT', 'STAT', 'PBMD', 'PBMD']","[468043370483531173, 468043370482498345, 468043370482806958, 468043370484023124, 468043370483574213]","[0.81732177734375, 0.8055703043937683, 0.8032540082931519, 0.8031126260757446, 0.8004133701324463]",2,"[468043370482498345, 468043370483531173, 468043370484008921, 468043370482990429, 468043370483574213, 468043370482498327, 468043370482505389, 468043370482498326, 468043370482498350, 468043370483246214]"
fe3802ce-0adf-40e0-a69b-1c70aec9fe94,Pediatrics,0.1552734375,0.06884765625,0.6953125,0.078125,True,C,9.784427165985107,medmcqa_4,"['PBMD', 'PBMD', 'PBMD', 'PBMD', 'PBMD']","[468043370483259097, 468043370483122888, 468043370483235004, 468043370483234091, 468043370483108818]","[0.7922533750534058, 0.7916462421417236, 0.7863700985908508, 0.7849019765853882, 0.7844507098197937]",4,"[468043370483523835, 468043370483235004, 468043370483259097, 468043370483588504, 468043370483148801, 468043370482409282, 468043370483523835, 468043370483536628, 468043370483799570, 468043370483829314, 468043370483523835, 468043370483012531, 468043370482471048, 468043370482409488, 468043370483588504, 468043370483983540, 468043370483959262, 468043370483956915, 468043370483972970, 468043370483959261]"
2719953f-15c7-4003-83ed-0baf2654d35a,Pediatrics,0.0027008056640625,0.9609375,0.031005859375,0.00347900390625,True,B,0.21517372131347656,medmcqa_4,"['PBMD', 'PBMD', 'PBMD', 'PBMD', 'TEXT']","[468043370483273327, 468043370483166091, 468043370483189785, 468043370483681998, 468043370482441692]","[0.7730609178543091, 0.7653483152389526, 0.7575928568840027, 0.757370114326477, 0.7564381957054138]",1,"[-1, -1, -1, -1, -1]"
39c3bcbb-31e3-492b-86c0-0a217e856f43,Pediatrics,0.15625,0.74609375,0.017578125,0.07861328125,True,B,5.998613595962524,medmcqa_4,"['PBMD', 'PBMD', 'PBMD', 'PBMD', 'PBMD']","[468043370483532686, 468043370483316577, 468043370483475418, 468043370483912402, 468043370483341350]","[0.8270587921142578, 0.8250921964645386, 0.8229122161865234, 0.8210179209709167, 0.8189007043838501]",2,"[468043370483316577, 468043370483532686, 468043370483283808, 468043370482975784, 468043370482463643, 468043370482902426, 468043370483276532, 468043370483326245, 468043370482459009, 468043370482463643]"
913d6913-f5de-41a9-8159-d7ac61d57c47,Pediatrics,0.0205078125,0.03173828125,0.021728515625,0.92578125,True,D,5.061925649642944,medmcqa_4,"['PBMD', 'PBMD', 'PBMD', 'PBMD', 'TEXT']","[468043370483681396, 468043370483186898, 468043370483165701, 468043370483922600, 468043370482453422]","[0.7918354272842407, 0.7886489629745483, 0.784640908241272, 0.7789980173110962, 0.7715437412261963]",2,"[468043370483926983, 468043370483165701, 468043370482860245, 468043370483922600, 468043370483657943, 468043370483923585, 468043370483675952, 468043370483200082, 468043370482860245, 468043370483181467]"
25c67dc6-f8bd-4ef4-ac07-6ae8a02e0412,Pediatrics,0.008544921875,0.984375,0.0014801025390625,0.00457763671875,True,B,0.21292424201965332,medmcqa_4,"['PBMD', 'PBMD', 'PBMD', 'PBMD', 'PBMD']","[468043370483328046, 468043370483649088, 468043370483564698, 468043370483679261, 468043370483276528]","[0.8347464799880981, 0.8211520314216614, 0.8173640370368958, 0.8137091994285583, 0.8055083155632019]",1,"[-1, -1, -1, -1, -1]"
0f86c441-70a5-466d-b59f-1512fe88cbfd,Pediatrics,0.376953125,0.228515625,0.228515625,0.1669921875,False,D,12.013480186462402,medmcqa_4,"['STAT', 'PBMD', 'PBMD', 'PBMD', 'PBMD']","[468043370482791778, 468043370483281656, 468043370483341483, 468043370483478396, 468043370483845888]","[0.8412284255027771, 0.8238072991371155, 0.8198433518409729, 0.8191496729850769, 0.81706303358078]",4,"[468043370483258837, 468043370483341483, 468043370483492252, 468043370483963143, 468043370483617805, 468043370482791778, 468043370483037430, 468043370483492252, 468043370482938464, 468043370483845888, 468043370483037431, 468043370483341483, 468043370483963143, 468043370483617805, 468043370483273130, 468043370483313950, 468043370483341483, 468043370482427414, 468043370483617805, 468043370483258837]"
761c3922-2330-4ccc-9fc2-64911995760b,Pediatrics,0.015869140625,0.9765625,0.00188446044921875,0.004241943359375,True,B,0.23743557929992676,medmcqa_4,"['PBMD', 'PBMD', 'PBMD', 'PBMD', 'PBMD']","[468043370483897277, 468043370484099709, 468043370483318639, 468043370483279689, 468043370483397650]","[0.7459618449211121, 0.7404724955558777, 0.7243435382843018, 0.7220720052719116, 0.7199692726135254]",1,"[-1, -1, -1, -1, -1]"
5900458a-b839-47eb-a745-b93e35ba2d40,Pediatrics,0.171875,0.2197265625,0.142578125,0.466796875,False,B,8.983805894851685,medmcqa_4,"['STAT', 'STAT', 'STAT', 'TEXT', 'STAT']","[468043370482946489, 468043370482798002, 468043370483008189, 468043370482463024, 468043370482821373]","[0.8005650043487549, 0.7992053031921387, 0.7896053791046143, 0.7877094745635986, 0.7826781272888184]",4,"[468043370483760066, 468043370482463027, 468043370483340638, 468043370483504073, 468043370482798000, 468043370484021759, 468043370483008189, 468043370482798002, 468043370483472146, 468043370482798000, 468043370483983087, 468043370483008189, 468043370483796339, 468043370483299599, 468043370483800336, 468043370484022475, 468043370482941148, 468043370483803643, 468043370483275546, 468043370483758577]"
6456df80-5db3-44f0-bc53-e3209b525d2f,Medicine,0.7265625,0.142578125,0.07177734375,0.0595703125,True,A,11.689570665359497,medmcqa_4,"['TEXT', 'PBMD', 'PBMD', 'STAT', 'STAT']","[468043370482404409, 468043370483457649, 468043370483299913, 468043370483049404, 468043370482816952]","[0.7885321378707886, 0.7855421304702759, 0.7811564207077026, 0.778984010219574, 0.7781848907470703]",4,"[468043370482445310, 468043370482515151, 468043370482445285, 468043370482816922, 468043370483948431, 468043370482547581, 468043370482508500, 468043370483775571, 468043370483724033, 468043370484019267, 468043370482518827, 468043370482429195, 468043370483457649, 468043370482518856, 468043370482991255, 468043370483468915, 468043370483634028, 468043370482782129, 468043370482481533, 468043370483989037]"
ee55a9bc-62bb-4952-957a-1902ff5b4376,Medicine,0.00970458984375,0.00168609619140625,0.98828125,0.00061798095703125,True,C,0.2371368408203125,medmcqa_4,"['PBMD', 'PBMD', 'PBMD', 'STAT', 'STAT']","[468043370484060702, 468043370483988921, 468043370484078617, 468043370482980532, 468043370482554566]","[0.8156040906906128, 0.8101658821105957, 0.8050989508628845, 0.7870684266090393, 0.7847669720649719]",1,"[-1, -1, -1, -1, -1]"
7b72d179-65aa-41e3-aeb6-98b35bf0af83,Medicine,0.0189208984375,0.96875,0.003082275390625,0.009521484375,True,B,0.3086259365081787,medmcqa_4,"['PBMD', 'PBMD', 'PBMD', 'PBMD', 'PBMD']","[468043370483095625, 468043370483471383, 468043370483986249, 468043370484085898, 468043370483764936]","[0.8122717142105103, 0.7759968042373657, 0.7736936807632446, 0.7695437073707581, 0.7652722597122192]",1,"[-1, -1, -1, -1, -1]"
8a82f9e4-b38f-43f6-9d8d-4ef8a6a4bcbf,Medicine,0.06982421875,0.75,0.051025390625,0.1298828125,True,B,14.169760704040527,medmcqa_4,"['PBMD', 'PBMD', 'PBMD', 'PBMD', 'PBMD']","[468043370484124417, 468043370483925897, 468043370483638842, 468043370483636396, 468043370483795259]","[0.8024691939353943, 0.7993757128715515, 0.7988712787628174, 0.7934728264808655, 0.7914262413978577]",4,"[468043370484104957, 468043370482404001, 468043370482424333, 468043370482424332, 468043370483399081, 468043370482424332, 468043370482424316, 468043370483647023, 468043370482424333, 468043370483201105, 468043370482424332, 468043370482424330, 468043370482404001, 468043370482424316, 468043370484124417, 468043370482424332, 468043370484094452, 468043370483197107, 468043370484124417, 468043370482424330]"
dea59f76-e4ae-491a-a2e7-62563ab83040,Medicine,0.251953125,0.11865234375,0.56640625,0.0634765625,True,C,8.718746900558472,medmcqa_4,"['PBMD', 'PBMD', 'PBMD', 'PBMD', 'PBMD']","[468043370483853056, 468043370483285591, 468043370483539873, 468043370483221931, 468043370483828409]","[0.8586835861206055, 0.817262589931488, 0.8157305121421814, 0.8140351176261902, 0.8126739263534546]",3,"[468043370483372433, 468043370483078122, 468043370483040544, 468043370482900766, 468043370483033542, 468043370482900766, 468043370483511160, 468043370482387340, 468043370482424113, 468043370482374027, 468043370483372433, 468043370482900766, 468043370483438086, 468043370483469967, 468043370483745983]"
93b48788-a643-45c3-ad41-304738ff6f55,Medicine,0.0810546875,0.01092529296875,0.87109375,0.038330078125,True,C,0.3099026679992676,medmcqa_4,"['PBMD', 'PBMD', 'PBMD', 'PBMD', 'PBMD']","[468043370483724411, 468043370483821343, 468043370483914591, 468043370483938348, 468043370483822615]","[0.7916889786720276, 0.7892651557922363, 0.7858546376228333, 0.7857568860054016, 0.7856748700141907]",1,"[-1, -1, -1, -1, -1]"
04c3b35b-a3b2-41a1-b540-12a59137a97c,Medicine,0.8984375,0.06494140625,0.0164794921875,0.0198974609375,True,A,0.2123429775238037,medmcqa_4,"['PBMD', 'PBMD', 'PBMD', 'PBMD', 'PBMD']","[468043370483885267, 468043370483806161, 468043370484113991, 468043370483486985, 468043370483720689]","[0.7691764235496521, 0.767818808555603, 0.7674374580383301, 0.76528000831604, 0.7607107758522034]",1,"[-1, -1, -1, -1, -1]"
97bd8c32-3ea6-41e1-856e-b9a91d20e643,Medicine,0.056884765625,0.890625,0.0390625,0.014404296875,True,B,0.2355184555053711,medmcqa_4,"['PBMD', 'STAT', 'PBMD', 'PBMD', 'STAT']","[468043370483759035, 468043370482852145, 468043370483655159, 468043370483394881, 468043370482802731]","[0.8011261224746704, 0.7963363528251648, 0.7931753993034363, 0.7927442193031311, 0.7923905253410339]",1,"[-1, -1, -1, -1, -1]"
edcb831f-c060-498e-a756-c2047eb19c15,Medicine,0.01397705078125,0.98046875,0.00167083740234375,0.0031280517578125,True,B,0.30702686309814453,medmcqa_4,"['PBMD', 'PBMD', 'PBMD', 'PBMD', 'PBMD']","[468043370484029921, 468043370483805340, 468043370483847487, 468043370483770625, 468043370483984579]","[0.8056150674819946, 0.798614501953125, 0.7948129177093506, 0.784966766834259, 0.7846537232398987]",1,"[-1, -1, -1, -1, -1]"
18d5c4a1-cb81-41a8-9bfc-b6f7dec431d2,Medicine,0.01031494140625,0.984375,0.0010223388671875,0.0027618408203125,True,B,0.16536736488342285,medmcqa_4,"['PBMD', 'STAT', 'STAT', 'PBMD', 'STAT']","[468043370484054031, 468043370482839251, 468043370482839254, 468043370483476606, 468043370482839240]","[0.7888436317443848, 0.782352864742279, 0.7799177169799805, 0.7787370681762695, 0.7782028317451477]",1,"[-1, -1, -1, -1, -1]"
f7da806e-72c7-4e47-9a89-46abf9f8fae6,Medicine,0.93359375,0.0595703125,0.005218505859375,0.001800537109375,True,A,0.20106148719787598,medmcqa_4,"['STAT', 'STAT', 'STAT', 'STAT', 'STAT']","[468043370482807882, 468043370483036671, 468043370482516749, 468043370482556500, 468043370482562325]","[0.7531365156173706, 0.7493630647659302, 0.7458916902542114, 0.7424948215484619, 0.7380545139312744]",1,"[-1, -1, -1, -1, -1]"
d5d4cd74-e0f0-4e39-bc84-cc7551c627bd,Medicine,0.208984375,0.236328125,0.11181640625,0.443359375,True,D,11.249393463134766,medmcqa_4,"['STAT', 'PBMD', 'TEXT', 'PBMD', 'PBMD']","[468043370483063706, 468043370483126852, 468043370482436806, 468043370483753484, 468043370483238409]","[0.7635128498077393, 0.7635109424591064, 0.7614768743515015, 0.7590370178222656, 0.7559672594070435]",4,"[468043370483652293, 468043370483014045, 468043370484029400, 468043370483849954, 468043370482411702, 468043370483268581, 468043370482980097, 468043370482508202, 468043370483414394, 468043370483358258, 468043370484029400, 468043370483063662, 468043370482411934, 468043370483667157, 468043370484046377, 468043370483159388, 468043370482411934, 468043370483794729, 468043370483983656, 468043370483441731]"
d0697a02-3e59-40a9-a2e4-8fae8ebf5e9b,Medicine,0.0830078125,0.5078125,0.30859375,0.10009765625,False,C,11.153655052185059,medmcqa_4,"['PBMD', 'PBMD', 'PBMD', 'PBMD', 'PBMD']","[468043370483944534, 468043370483938780, 468043370483228244, 468043370483695320, 468043370483373464]","[0.8178020715713501, 0.7998464703559875, 0.799344539642334, 0.7907147407531738, 0.7857441902160645]",4,"[468043370483716592, 468043370482811750, 468043370482472103, 468043370483698426, 468043370483802218, 468043370483545541, 468043370482920864, 468043370483544827, 468043370483543909, 468043370483228078, 468043370482909453, 468043370482772917, 468043370482920864, 468043370482423100, 468043370482772957, 468043370483544828, 468043370482403957, 468043370482811736, 468043370483221056, 468043370483554658]"
12f0cd05-7053-437d-8c8d-edc889a21004,Medicine,0.3828125,0.205078125,0.0751953125,0.337890625,False,B,8.398186683654785,medmcqa_4,"['STAT', 'STAT', 'STAT', 'STAT', 'TEXT']","[468043370482978540, 468043370482906174, 468043370482960866, 468043370482935804, 468043370482419633]","[0.7755499482154846, 0.77521812915802, 0.7656394243240356, 0.7510107755661011, 0.7496811151504517]",4,"[468043370483462937, 468043370483655388, 468043370483578168, 468043370484098451, 468043370484114511, 468043370482906908, 468043370484114515, 468043370483884536, 468043370483704217, 468043370484000895, 468043370483884536, 468043370482906908, 468043370483631903, 468043370483462937, 468043370483405669, 468043370483405669, 468043370483288742, 468043370483884536, 468043370482906908, 468043370483631903]"
a57f4abd-70df-4d6c-92b8-a8174bfa37da,Medicine,0.053955078125,0.8984375,0.047607421875,0.001434326171875,True,B,0.23752045631408691,medmcqa_4,"['PBMD', 'PBMD', 'PBMD', 'PBMD', 'PBMD']","[468043370483475459, 468043370483323765, 468043370483877253, 468043370483699426, 468043370483146445]","[0.7832980155944824, 0.7720545530319214, 0.7700387239456177, 0.7687520980834961, 0.7664842009544373]",1,"[-1, -1, -1, -1, -1]"
747359d5-2ce7-439e-b229-d04381853421,Medicine,0.0986328125,0.470703125,0.06396484375,0.3671875,True,B,11.698124408721924,medmcqa_4,"['TEXT', 'PBMD', 'PBMD', 'PBMD', 'PBMD']","[468043370482404431, 468043370483097662, 468043370483204906, 468043370483083720, 468043370483084298]","[0.8022513389587402, 0.8012505769729614, 0.797841489315033, 0.7974428534507751, 0.7973184585571289]",4,"[468043370482404542, 468043370482999973, 468043370483414481, 468043370482999963, 468043370483203628, 468043370483014382, 468043370482504268, 468043370482844652, 468043370482476182, 468043370483055253, 468043370482999973, 468043370482787710, 468043370482895114, 468043370482844652, 468043370482993145, 468043370482999973, 468043370482895114, 468043370483083720, 468043370482787710, 468043370483055252]"
8d7403ad-85b7-4f4f-868e-93b7ecf53e72,Medicine,0.451171875,0.2734375,0.1875,0.0888671875,True,A,9.321557760238647,medmcqa_4,"['TEXT', 'TEXT', 'PBMD', 'PBMD', 'PBMD']","[468043370482382172, 468043370482420030, 468043370483745619, 468043370484049753, 468043370483888838]","[0.7900795936584473, 0.7603243589401245, 0.7564525604248047, 0.7562854290008545, 0.7534826397895813]",4,"[468043370482382172, 468043370483231942, 468043370483755768, 468043370483631304, 468043370482936638, 468043370483409029, 468043370483558409, 468043370483348436, 468043370483237574, 468043370483598350, 468043370482916420, 468043370482936638, 468043370482916433, 468043370482916456, 468043370483816223, 468043370482916420, 468043370482935734, 468043370484049753, 468043370482914688, 468043370482936638]"
3e2e85ff-abd6-4b35-bab8-b5fe0b78bdd9,Medicine,0.020263671875,0.97265625,0.0027313232421875,0.0029144287109375,True,B,0.21276140213012695,medmcqa_4,"['TEXT', 'STAT', 'TEXT', 'PBMD', 'PBMD']","[468043370482410537, 468043370483025874, 468043370482454750, 468043370483437723, 468043370484123787]","[0.7750701904296875, 0.7745953798294067, 0.7735853791236877, 0.7691245675086975, 0.7685574293136597]",1,"[-1, -1, -1, -1, -1]"
ad7de085-c01b-48bf-a1fe-fc7a33dab3d2,Medicine,0.86328125,0.02294921875,0.01226806640625,0.10302734375,True,A,0.235520601272583,medmcqa_4,"['PBMD', 'PBMD', 'PBMD', 'PBMD', 'PBMD']","[468043370483102566, 468043370483431778, 468043370484039947, 468043370483547808, 468043370483473062]","[0.7946807146072388, 0.7915542125701904, 0.7902480363845825, 0.7899016737937927, 0.7891548871994019]",1,"[-1, -1, -1, -1, -1]"
b64a9cd7-d076-4c55-8be1-f9c44fece6cc,Medicine,0.154296875,0.025146484375,0.78515625,0.03662109375,True,C,0.30753493309020996,medmcqa_4,"['PBMD', 'STAT', 'PBMD', 'TEXT', 'PBMD']","[468043370483960188, 468043370482861517, 468043370483978401, 468043370482461821, 468043370483147481]","[0.813643217086792, 0.7998924255371094, 0.7994595766067505, 0.7990063428878784, 0.7984767556190491]",1,"[-1, -1, -1, -1, -1]"
3fd17b81-42d6-41dc-915f-d4b612074dc5,Pharmacology,0.29296875,0.08935546875,0.546875,0.06982421875,True,C,9.285770416259766,medmcqa_4,"['TEXT', 'TEXT', 'PBMD', 'PBMD', 'PBMD']","[468043370482468882, 468043370482468885, 468043370483190966, 468043370483427273, 468043370483276246]","[0.8206123113632202, 0.8114920854568481, 0.8107420206069946, 0.8045934438705444, 0.8042983412742615]",4,"[468043370482468882, 468043370483427273, 468043370483248652, 468043370482863817, 468043370483579159, 468043370482468882, 468043370483427273, 468043370483190966, 468043370483248652, 468043370483298297, 468043370483190966, 468043370483427273, 468043370484045351, 468043370482468882, 468043370482468885, 468043370482468882, 468043370483427273, 468043370483190966, 468043370483248652, 468043370483276246]"
ce25cfa6-0524-4cfc-889b-a17312f2642b,Pharmacology,0.55078125,0.427734375,0.01007080078125,0.01141357421875,True,A,4.662390232086182,medmcqa_4,"['TEXT', 'STAT', 'STAT', 'STAT', 'PBMD']","[468043370482436112, 468043370482835265, 468043370482825286, 468043370482951614, 468043370483255606]","[0.7978510856628418, 0.7750924825668335, 0.76788729429245, 0.7622874975204468, 0.7621572017669678]",2,"[468043370482436112, 468043370484024123, 468043370483841733, 468043370482977077, 468043370482825286, 468043370483801092, 468043370482951614, 468043370482405039, 468043370482825286, 468043370483841733]"
acf13a25-349e-4480-bc59-50c9f8e752fd,Pharmacology,0.37109375,0.064453125,0.5390625,0.023681640625,False,A,8.15540862083435,medmcqa_4,"['PBMD', 'STAT', 'PBMD', 'STAT', 'PBMD']","[468043370483126670, 468043370483052448, 468043370483342305, 468043370482827864, 468043370483459056]","[0.7447311282157898, 0.7430904507637024, 0.7362145781517029, 0.7305818200111389, 0.7282781004905701]",4,"[468043370483342305, 468043370483126670, 468043370483078293, 468043370483052448, 468043370482532650, 468043370483342305, 468043370483231639, 468043370483126670, 468043370483341387, 468043370483866548, 468043370483126670, 468043370483342305, 468043370483078293, 468043370483052448, 468043370483459056, 468043370483046791, 468043370484057562, 468043370483465668, 468043370482941560, 468043370482944128]"
e995894b-0611-4ae2-ae1f-0d35025845ae,Pharmacology,0.96875,0.00738525390625,0.024169921875,0.001129150390625,True,A,0.2513856887817383,medmcqa_4,"['PBMD', 'PBMD', 'PBMD', 'PBMD', 'STAT']","[468043370483290484, 468043370483535835, 468043370483797301, 468043370483982080, 468043370482515613]","[0.7681992053985596, 0.7560542225837708, 0.7531722187995911, 0.7519057989120483, 0.749576210975647]",1,"[-1, -1, -1, -1, -1]"
16cf928c-960f-4c05-9320-2992e01f9211,Pharmacology,0.0029754638671875,0.0027923583984375,0.9921875,0.0004024505615234375,True,C,0.21263957023620605,medmcqa_4,"['PBMD', 'STAT', 'PBMD', 'PBMD', 'PBMD']","[468043370483247877, 468043370482779282, 468043370483411513, 468043370483343627, 468043370483444306]","[0.7486854791641235, 0.7337638735771179, 0.7327085733413696, 0.7323213815689087, 0.7293869256973267]",1,"[-1, -1, -1, -1, -1]"
27a7c775-991f-4c8d-8ba3-3783c3bf92db,Pharmacology,0.0498046875,0.006744384765625,0.00360107421875,0.94140625,True,D,0.21320390701293945,medmcqa_4,"['PBMD', 'PBMD', 'STAT', 'PBMD', 'PBMD']","[468043370483211231, 468043370484055974, 468043370483048236, 468043370483854488, 468043370483457719]","[0.7913284301757812, 0.7859365344047546, 0.780879557132721, 0.7805905342102051, 0.777672290802002]",1,"[-1, -1, -1, -1, -1]"
a5e849d9-c662-4105-9637-5d870028c593,Pharmacology,0.26953125,0.23828125,0.185546875,0.306640625,False,A,10.305368185043335,medmcqa_4,"['PBMD', 'PBMD', 'PBMD', 'TEXT', 'PBMD']","[468043370483503354, 468043370483420046, 468043370483089129, 468043370482424150, 468043370483118499]","[0.7936868667602539, 0.7794627547264099, 0.7759047746658325, 0.770166277885437, 0.7635682821273804]",4,"[468043370483503354, 468043370483089129, 468043370483108387, 468043370483420193, 468043370483420046, 468043370483503354, 468043370482991230, 468043370483089129, 468043370483466703, 468043370483926947, 468043370483503354, 468043370483474258, 468043370483277085, 468043370483243658, 468043370483479857, 468043370483420046, 468043370483089129, 468043370483503354, 468043370483977057, 468043370483655291]"
8b72fc76-d0bf-4cd2-b7dc-05d030560c52,Pharmacology,0.9765625,0.0157470703125,0.005462646484375,0.0025787353515625,True,A,0.12941575050354004,medmcqa_4,"['TEXT', 'STAT', 'STAT', 'STAT', 'STAT']","[468043370482468912, 468043370482932911, 468043370482945102, 468043370483004875, 468043370482932918]","[0.7588364481925964, 0.7472479343414307, 0.7414370775222778, 0.7401590347290039, 0.735698938369751]",1,"[-1, -1, -1, -1, -1]"
24c43902-b574-4f4a-8bb8-6f5a9d5c4880,Pharmacology,0.2021484375,0.703125,0.039794921875,0.05419921875,False,A,8.79702115058899,medmcqa_4,"['PBMD', 'PBMD', 'PBMD', 'PBMD', 'STAT']","[468043370483361855, 468043370483482891, 468043370483428131, 468043370483820946, 468043370482992207]","[0.7850045561790466, 0.7724960446357727, 0.7708498239517212, 0.7634673118591309, 0.7618792057037354]",4,"[468043370483408237, 468043370483011912, 468043370483428131, 468043370483820946, 468043370484086039, 468043370482467773, 468043370483520856, 468043370483915165, 468043370483520858, 468043370483569980, 468043370483235145, 468043370483825417, 468043370483273468, 468043370483215540, 468043370483769528, 468043370484086242, 468043370483915165, 468043370483520858, 468043370484086244, 468043370482959295]"
c35aba8a-eb2e-44e5-8383-5b92cce06d2c,Pharmacology,0.36328125,0.0673828125,0.52734375,0.040771484375,True,C,10.911345481872559,medmcqa_4,"['PBMD', 'STAT', 'PBMD', 'TEXT', 'PBMD']","[468043370483553627, 468043370482834749, 468043370483554882, 468043370482467642, 468043370483892399]","[0.7646589875221252, 0.7630630731582642, 0.762299120426178, 0.7611072063446045, 0.7610500454902649]",4,"[468043370482834749, 468043370483240454, 468043370484044599, 468043370483892399, 468043370483402957, 468043370483441726, 468043370482834749, 468043370483554882, 468043370484093510, 468043370483553627, 468043370483064926, 468043370482467643, 468043370482913556, 468043370483064925, 468043370482467642, 468043370483553627, 468043370483437490, 468043370483725126, 468043370483554882, 468043370483263100]"
a570d3c3-865a-41b6-8e21-dccbf7feec4c,Pharmacology,0.61328125,0.1455078125,0.1064453125,0.13671875,True,A,12.775151491165161,medmcqa_4,"['PBMD', 'PBMD', 'PBMD', 'PBMD', 'PBMD']","[468043370483423638, 468043370483230164, 468043370484078739, 468043370484055231, 468043370483232730]","[0.8050051331520081, 0.7935923933982849, 0.7831330895423889, 0.7830482125282288, 0.7813544273376465]",4,"[468043370482992861, 468043370483648431, 468043370483687255, 468043370482417061, 468043370483648430, 468043370482470803, 468043370483423638, 468043370482470287, 468043370482470795, 468043370483848251, 468043370482470782, 468043370483700137, 468043370483232730, 468043370482470803, 468043370482470781, 468043370482417063, 468043370482470820, 468043370483700137, 468043370483700124, 468043370482470782]"
3f50c7e4-d166-4d0e-8a68-d309be739f05,Pharmacology,0.11376953125,0.7890625,0.06494140625,0.0306396484375,True,B,0.21263599395751953,medmcqa_4,"['STAT', 'PBMD', 'TEXT', 'PBMD', 'STAT']","[468043370482853790, 468043370483655662, 468043370482467828, 468043370484048946, 468043370482806638]","[0.8163636922836304, 0.7912139296531677, 0.7855201959609985, 0.7817886471748352, 0.7816390991210938]",1,"[-1, -1, -1, -1, -1]"
9e56e9b3-c4aa-44a9-ac78-e7aba802f443,Pharmacology,0.03271484375,0.00537109375,0.9609375,0.0027008056640625,True,C,0.21212434768676758,medmcqa_4,"['STAT', 'PBMD', 'PBMD', 'STAT', 'STAT']","[468043370482923600, 468043370483624798, 468043370483800001, 468043370482795236, 468043370483072690]","[0.8183165788650513, 0.8122775554656982, 0.7931110858917236, 0.7901391386985779, 0.7892928123474121]",1,"[-1, -1, -1, -1, -1]"
ccf42c4f-0647-43d9-a5e5-0620d871de97,Pharmacology,0.0186767578125,0.95703125,0.00823974609375,0.0174560546875,True,B,0.3086206912994385,medmcqa_4,"['PBMD', 'PBMD', 'STAT', 'PBMD', 'PBMD']","[468043370483805397, 468043370484119612, 468043370482787238, 468043370484115678, 468043370484094566]","[0.7821888327598572, 0.7764087915420532, 0.7762948274612427, 0.7689052224159241, 0.7684045433998108]",1,"[-1, -1, -1, -1, -1]"
2f6be3a1-0736-4ec3-9e42-aa9732e401d6,Pharmacology,0.75390625,0.1787109375,0.06591796875,0.0037078857421875,True,A,0.21250033378601074,medmcqa_4,"['STAT', 'STAT', 'STAT', 'STAT', 'STAT']","[468043370482998064, 468043370482959529, 468043370482835171, 468043370482937843, 468043370483016041]","[0.8039679527282715, 0.7994600534439087, 0.7985633015632629, 0.7978929281234741, 0.7963396906852722]",1,"[-1, -1, -1, -1, -1]"
8ecb4d6b-8ab1-40d7-af48-fa8fe50bd21f,Pharmacology,0.08203125,0.8828125,0.0284423828125,0.00634765625,True,B,0.2099602222442627,medmcqa_4,"['STAT', 'STAT', 'PBMD', 'STAT', 'STAT']","[468043370482929218, 468043370482852897, 468043370484110315, 468043370483045325, 468043370482929219]","[0.7908858060836792, 0.7830686569213867, 0.7785382270812988, 0.7763041853904724, 0.7760910391807556]",1,"[-1, -1, -1, -1, -1]"
d3d896df-5856-43da-9baa-4f4ddaefde74,Pharmacology,0.9921875,0.004058837890625,0.00159454345703125,0.0002765655517578125,True,A,0.21261000633239746,medmcqa_4,"['PBMD', 'STAT', 'PBMD', 'PBMD', 'PBMD']","[468043370483340993, 468043370482867467, 468043370483772666, 468043370483446360, 468043370483509785]","[0.7484295964241028, 0.7403022646903992, 0.724920392036438, 0.723917543888092, 0.7204410433769226]",1,"[-1, -1, -1, -1, -1]"
cb562414-2015-43ec-88f7-78a52605b511,Pharmacology,0.02490234375,0.1728515625,0.0264892578125,0.77734375,True,D,9.10516905784607,medmcqa_4,"['PBMD', 'STAT', 'STAT', 'PBMD', 'STAT']","[468043370483933575, 468043370482960238, 468043370482844435, 468043370483205875, 468043370482527091]","[0.7907434701919556, 0.7812284231185913, 0.774482250213623, 0.7737569808959961, 0.7691407799720764]",4,"[468043370483933575, 468043370483012707, 468043370483071784, 468043370482527091, 468043370483082193, 468043370483933575, 468043370483562888, 468043370484025276, 468043370483389301, 468043370484008213, 468043370483933575, 468043370483071784, 468043370483012707, 468043370483056501, 468043370482844435, 468043370482465997, 468043370483933575, 468043370483205875, 468043370482882873, 468043370483692966]"
10050537-157e-47df-8995-ca68cd67467e,Pharmacology,0.7421875,0.07373046875,0.146484375,0.037109375,True,A,0.16518664360046387,medmcqa_4,"['STAT', 'TEXT', 'STAT', 'PBMD', 'STAT']","[468043370482504985, 468043370482467194, 468043370482812549, 468043370483446406, 468043370482772878]","[0.7438458204269409, 0.7360354065895081, 0.7331582307815552, 0.7250834107398987, 0.7204914689064026]",1,"[-1, -1, -1, -1, -1]"
3ece38c1-ecea-4d9e-9287-a771ef5a29a6,Pharmacology,0.93359375,0.02197265625,0.030029296875,0.01416015625,True,A,0.0842747688293457,medmcqa_4,"['TEXT', 'STAT', 'STAT', 'STAT', 'STAT']","[468043370482467727, 468043370482899393, 468043370482818622, 468043370482504983, 468043370482537916]","[0.7801495790481567, 0.760109543800354, 0.7601094245910645, 0.7571131587028503, 0.7516080737113953]",1,"[-1, -1, -1, -1, -1]"
e0ea5246-43ba-48c4-a316-7e93709f39ae,Surgery,0.119140625,0.390625,0.267578125,0.22265625,False,D,11.450031518936157,medmcqa_4,"['PBMD', 'PBMD', 'PBMD', 'STAT', 'PBMD']","[468043370484100087, 468043370483504809, 468043370483547964, 468043370482500506, 468043370483762963]","[0.7593497633934021, 0.7586797475814819, 0.7582399249076843, 0.7562475204467773, 0.7489327788352966]",4,"[468043370483838602, 468043370483873318, 468043370483939832, 468043370483463593, 468043370483842015, 468043370483075501, 468043370483075545, 468043370483075502, 468043370483838591, 468043370484058747, 468043370482895271, 468043370483059380, 468043370483838598, 468043370483762963, 468043370483735274, 468043370482500470, 468043370482500469, 468043370482494032, 468043370482547071, 468043370483275750]"
87da7c54-7d62-4641-a820-0cdd9a4fcbc6,Surgery,0.043701171875,0.01104736328125,0.9375,0.0091552734375,True,C,0.1655869483947754,medmcqa_4,"['STAT', 'PBMD', 'STAT', 'PBMD', 'STAT']","[468043370482561595, 468043370483749160, 468043370482810833, 468043370483415521, 468043370482864764]","[0.8165894746780396, 0.8157679438591003, 0.797893762588501, 0.7928436994552612, 0.7893493175506592]",1,"[-1, -1, -1, -1, -1]"
a629e297-c858-4665-8991-b4c49606bf38,Surgery,0.3515625,0.212890625,0.08349609375,0.3515625,False,D,4.577488899230957,medmcqa_4,"['PBMD', 'PBMD', 'PBMD', 'STAT', 'PBMD']","[468043370483864802, 468043370483815804, 468043370483216514, 468043370482795892, 468043370483692025]","[0.7912147045135498, 0.7737209796905518, 0.7714787125587463, 0.770182728767395, 0.7658708095550537]",2,"[468043370484024982, 468043370483815804, 468043370483728909, 468043370483900008, 468043370483216514, 468043370483864802, 468043370483216514, 468043370483215832, 468043370483815804, 468043370483879396]"
5eb13f65-9515-424e-ac36-0b92caf71771,Surgery,0.390625,0.2373046875,0.208984375,0.1630859375,False,D,11.190595626831055,medmcqa_4,"['TEXT', 'PBMD', 'TEXT', 'PBMD', 'TEXT']","[468043370482485239, 468043370483400099, 468043370482491846, 468043370483727536, 468043370482491804]","[0.7874791622161865, 0.7873616814613342, 0.7838436365127563, 0.7764961123466492, 0.7720352411270142]",4,"[468043370483400100, 468043370483915120, 468043370482485323, 468043370483886275, 468043370482485322, 468043370483400100, 468043370483065852, 468043370483915120, 468043370482485323, 468043370483886275, 468043370482485404, 468043370484127724, 468043370483492937, 468043370482485324, 468043370482485322, 468043370482485404, 468043370482528224, 468043370483492937, 468043370483449945, 468043370483218601]"
ed111e74-8d76-4f2f-ac59-56e7ddc2be88,Surgery,0.0712890625,0.921875,0.00130462646484375,0.0037689208984375,True,B,3.942389965057373,medmcqa_4,"['PBMD', 'PBMD', 'PBMD', 'STAT', 'STAT']","[468043370484086104, 468043370483646537, 468043370483478667, 468043370482520818, 468043370482520793]","[0.7798636555671692, 0.7655254006385803, 0.7501854300498962, 0.748993992805481, 0.7448886036872864]",2,"[468043370482520798, 468043370482520819, 468043370484086104, 468043370482923950, 468043370482868137, 468043370484086104, 468043370484009998, 468043370482520816, 468043370483478667, 468043370482520798]"
eae98f93-8d7a-4920-9c80-298de99d64a8,Surgery,0.014892578125,0.0245361328125,0.04052734375,0.921875,True,D,0.2352595329284668,medmcqa_4,"['TEXT', 'PBMD', 'PBMD', 'PBMD', 'STAT']","[468043370482458566, 468043370483826412, 468043370483809570, 468043370483216509, 468043370482854107]","[0.8245776295661926, 0.8087913393974304, 0.8014713525772095, 0.7927173972129822, 0.791621208190918]",1,"[-1, -1, -1, -1, -1]"
078f8c25-6cf7-4811-9d12-0e0f4ad00e83,Surgery,0.0267333984375,0.0284423828125,0.94140625,0.001708984375,True,C,0.12414073944091797,medmcqa_4,"['PBMD', 'STAT', 'PBMD', 'PBMD', 'PBMD']","[468043370483218896, 468043370482517166, 468043370483364871, 468043370484058199, 468043370483536545]","[0.8229523301124573, 0.8050082921981812, 0.8049761056900024, 0.7967114448547363, 0.7954670190811157]",1,"[-1, -1, -1, -1, -1]"
41bd5f29-e1b9-4a88-8933-0561cd5324be,Surgery,0.251953125,0.2373046875,0.416015625,0.0927734375,False,B,9.133145809173584,medmcqa_4,"['STAT', 'STAT', 'PBMD', 'PBMD', 'PBMD']","[468043370482937225, 468043370482937297, 468043370483611763, 468043370483694710, 468043370484062153]","[0.7982600331306458, 0.7579840421676636, 0.746169924736023, 0.7453229427337646, 0.7452662587165833]",4,"[468043370482937225, 468043370484062153, 468043370483598589, 468043370483611763, 468043370483694710, 468043370482937225, 468043370484062153, 468043370483611763, 468043370483774191, 468043370483598589, 468043370483611763, 468043370482937225, 468043370483694710, 468043370483598589, 468043370483219486, 468043370482937225, 468043370483611763, 468043370483598589, 468043370483774191, 468043370483694710]"
d84a0b3e-1f4c-4c23-a0a1-811a66c6bdbd,Surgery,0.02099609375,0.94921875,0.004119873046875,0.02685546875,True,B,0.16971158981323242,medmcqa_4,"['PBMD', 'PBMD', 'PBMD', 'PBMD', 'PBMD']","[468043370483113627, 468043370483367990, 468043370484102457, 468043370483631173, 468043370483312882]","[0.7956827282905579, 0.784333348274231, 0.7793086171150208, 0.7750857472419739, 0.7745157480239868]",1,"[-1, -1, -1, -1, -1]"
3c0e960b-7757-45aa-a7e9-98c238eed3e7,Surgery,0.25,0.38671875,0.220703125,0.142578125,True,B,9.017141342163086,medmcqa_4,"['STAT', 'PBMD', 'PBMD', 'STAT', 'STAT']","[468043370483075515, 468043370483975633, 468043370483209924, 468043370483075504, 468043370483075501]","[0.7914761304855347, 0.7909598350524902, 0.7805951237678528, 0.7772365212440491, 0.7764652967453003]",4,"[468043370483075501, 468043370483075514, 468043370483075515, 468043370483075505, 468043370484058747, 468043370483075501, 468043370483075514, 468043370484058747, 468043370483075515, 468043370483075502, 468043370483075501, 468043370483075514, 468043370483075515, 468043370483075505, 468043370483075504, 468043370483075502, 468043370484058747, 468043370483075501, 468043370483075514, 468043370483075503]"
dcf755f4-a047-4777-b656-544752fb83d7,Surgery,0.1884765625,0.54296875,0.146484375,0.12158203125,True,B,11.07310676574707,medmcqa_4,"['STAT', 'PBMD', 'PBMD', 'PBMD', 'PBMD']","[468043370482899959, 468043370483519568, 468043370483435891, 468043370483321688, 468043370483603235]","[0.7938563823699951, 0.7406039834022522, 0.7311485409736633, 0.7266507744789124, 0.7211084365844727]",4,"[468043370482899959, 468043370483321688, 468043370482533041, 468043370483150513, 468043370484078101, 468043370482899959, 468043370483519568, 468043370484078101, 468043370482533041, 468043370482832172, 468043370482899959, 468043370482533041, 468043370483519568, 468043370483371452, 468043370483321688, 468043370482899959, 468043370482563640, 468043370484078101, 468043370482533041, 468043370483519568]"
86c24b0d-be4b-477d-8683-af6094c476d6,Surgery,0.006256103515625,0.004302978515625,0.98828125,0.0019073486328125,True,C,0.21192407608032227,medmcqa_4,"['STAT', 'STAT', 'STAT', 'STAT', 'STAT']","[468043370482502196, 468043370483056313, 468043370482502194, 468043370482867138, 468043370482794986]","[0.8425024151802063, 0.8361333608627319, 0.8312585949897766, 0.8128549456596375, 0.8119812607765198]",1,"[-1, -1, -1, -1, -1]"
fa7ee43b-5ca6-4b65-a72d-9bafd53b25df,Surgery,0.24609375,0.31640625,0.19140625,0.24609375,False,A,8.57892107963562,medmcqa_4,"['STAT', 'PBMD', 'PBMD', 'PBMD', 'PBMD']","[468043370482795826, 468043370483767266, 468043370483810674, 468043370483816800, 468043370483704132]","[0.7405722141265869, 0.7344209551811218, 0.7237127423286438, 0.7205950617790222, 0.7176982760429382]",4,"[468043370483767266, 468043370483816800, 468043370483243461, 468043370484113000, 468043370484076983, 468043370483767266, 468043370483957341, 468043370483868174, 468043370483773231, 468043370483243461, 468043370483767266, 468043370483211740, 468043370483816800, 468043370483810674, 468043370484113000, 468043370483816800, 468043370483767266, 468043370482795826, 468043370483116588, 468043370484113000]"
395a115c-ac63-49db-8cca-eaef6396794a,Surgery,0.06298828125,0.0233154296875,0.87109375,0.040771484375,True,C,0.21550703048706055,medmcqa_4,"['PBMD', 'PBMD', 'STAT', 'TEXT', 'TEXT']","[468043370483895664, 468043370483192131, 468043370482921914, 468043370482408239, 468043370482485850]","[0.8129170536994934, 0.7824987769126892, 0.7819728255271912, 0.780549168586731, 0.7787935137748718]",1,"[-1, -1, -1, -1, -1]"
e96f4302-770c-4b98-a01a-cae2bd1dfea0,Surgery,0.6796875,0.171875,0.07177734375,0.076171875,True,A,0.1984388828277588,medmcqa_4,"['PBMD', 'PBMD', 'STAT', 'PBMD', 'PBMD']","[468043370483833239, 468043370483773052, 468043370482504983, 468043370484025800, 468043370483408219]","[0.7442649602890015, 0.740357518196106, 0.7352834939956665, 0.7279677391052246, 0.7274157404899597]",1,"[-1, -1, -1, -1, -1]"
0adb3713-fdcf-4c09-96c3-a0d2423f9684,Surgery,0.162109375,0.365234375,0.265625,0.2080078125,False,A,9.388973712921143,medmcqa_4,"['TEXT', 'STAT', 'STAT', 'STAT', 'STAT']","[468043370482493044, 468043370482793380, 468043370483052123, 468043370482521362, 468043370482521336]","[0.8103601932525635, 0.7740391492843628, 0.7669261693954468, 0.7663467526435852, 0.7662794589996338]",4,"[468043370482778415, 468043370482793380, 468043370482886225, 468043370483000296, 468043370482869151, 468043370482849129, 468043370482793380, 468043370482521330, 468043370483938428, 468043370483794338, 468043370482778415, 468043370482886225, 468043370483000296, 468043370482869151, 468043370483052121, 468043370482778415, 468043370483052121, 468043370482521362, 468043370482869151, 468043370482793380]"
99ebfb54-f46f-4053-8ef1-3c931d657bdb,Surgery,0.002044677734375,0.9921875,0.0002288818359375,0.004058837890625,True,B,0.16764497756958008,medmcqa_4,"['PBMD', 'STAT', 'STAT', 'STAT', 'STAT']","[468043370484032416, 468043370482818080, 468043370482495974, 468043370482989194, 468043370482508448]","[0.7960084676742554, 0.7836652398109436, 0.7792326211929321, 0.7772254943847656, 0.7697389125823975]",1,"[-1, -1, -1, -1, -1]"
d4a07671-8036-4d23-9aed-b13b7e8b99b5,Surgery,0.11474609375,0.353515625,0.484375,0.0478515625,True,C,7.3754706382751465,medmcqa_4,"['PBMD', 'PBMD', 'STAT', 'PBMD', 'STAT']","[468043370484108890, 468043370483411889, 468043370482550950, 468043370483482150, 468043370482861313]","[0.7476727962493896, 0.7355853319168091, 0.7351157665252686, 0.732555627822876, 0.7319971323013306]",3,"[468043370483020276, 468043370482960221, 468043370483416343, 468043370483499519, 468043370483062099, 468043370482371574, 468043370482505676, 468043370482914831, 468043370482779836, 468043370482505684, 468043370483458528, 468043370483025803, 468043370483720785, 468043370482865979, 468043370482555559]"
986ca051-80d8-4e46-9351-574892825c07,Surgery,0.04052734375,0.92578125,0.0296630859375,0.005859375,False,C,0.1279006004333496,medmcqa_4,"['STAT', 'STAT', 'STAT', 'STAT', 'STAT']","[468043370483001948, 468043370482898789, 468043370482777304, 468043370483069052, 468043370482827009]","[0.8580242395401001, 0.8470994830131531, 0.8390398025512695, 0.829404890537262, 0.8223239183425903]",1,"[-1, -1, -1, -1, -1]"
27e5fe55-e6b8-49eb-b141-78c1e4fd1e14,Surgery,0.009033203125,0.0024261474609375,0.007476806640625,0.98046875,True,D,0.23552727699279785,medmcqa_4,"['PBMD', 'TEXT', 'TEXT', 'STAT', 'TEXT']","[468043370483410039, 468043370482407221, 468043370482405369, 468043370482776118, 468043370482491091]","[0.8109891414642334, 0.8058980107307434, 0.7954984903335571, 0.7940650582313538, 0.7919514775276184]",1,"[-1, -1, -1, -1, -1]"
eacfff8d-51f4-440b-b560-43c3a7240da5,Anatomy,0.82421875,0.04638671875,0.10498046875,0.02490234375,True,A,0.23546433448791504,medmcqa_4,"['STAT', 'STAT', 'PBMD', 'STAT', 'TEXT']","[468043370482932956, 468043370482932456, 468043370483471257, 468043370482829607, 468043370482493330]","[0.8015450835227966, 0.8010660409927368, 0.7851116061210632, 0.7788593769073486, 0.7730380892753601]",1,"[-1, -1, -1, -1, -1]"
93c4a1a4-7b8b-4d71-b246-3125604bc899,Anatomy,0.0225830078125,0.003936767578125,0.013671875,0.9609375,True,D,0.23324060440063477,medmcqa_4,"['TEXT', 'PBMD', 'PBMD', 'STAT', 'PBMD']","[468043370482371909, 468043370483213109, 468043370484078335, 468043370482807735, 468043370483495726]","[0.7830071449279785, 0.7820436358451843, 0.774115264415741, 0.7702432870864868, 0.7677536010742188]",1,"[-1, -1, -1, -1, -1]"
983ba1e1-f056-4437-9d35-095261dc2305,Anatomy,0.078125,0.0211181640625,0.89453125,0.004425048828125,True,C,0.23550987243652344,medmcqa_4,"['TEXT', 'PBMD', 'PBMD', 'PBMD', 'PBMD']","[468043370482492200, 468043370483143381, 468043370484113613, 468043370483210934, 468043370483240793]","[0.7997978925704956, 0.7996084690093994, 0.7954752445220947, 0.7846413254737854, 0.7760601043701172]",1,"[-1, -1, -1, -1, -1]"
9f83f560-e7d6-4ad7-8e04-34e3e4830f23,Anatomy,0.0179443359375,0.9765625,0.0022735595703125,0.00213623046875,True,B,0.23545455932617188,medmcqa_4,"['STAT', 'STAT', 'STAT', 'TEXT', 'STAT']","[468043370482944173, 468043370482853602, 468043370482787866, 468043370482371611, 468043370482957803]","[0.828086793422699, 0.8183907866477966, 0.8182969093322754, 0.8033782243728638, 0.8021481037139893]",1,"[-1, -1, -1, -1, -1]"
77e009e5-3114-4561-a767-b0e6940ef658,Anatomy,0.09521484375,0.177734375,0.703125,0.0240478515625,False,D,7.464181423187256,medmcqa_4,"['PBMD', 'STAT', 'PBMD', 'PBMD', 'PBMD']","[468043370483110994, 468043370482953831, 468043370483317841, 468043370484018815, 468043370483495725]","[0.7912228107452393, 0.7853313088417053, 0.7836230397224426, 0.7832501530647278, 0.7817379236221313]",3,"[468043370482953831, 468043370483110994, 468043370483252866, 468043370484030618, 468043370483317841, 468043370482908745, 468043370482511330, 468043370482791996, 468043370483030555, 468043370483209046, 468043370482813248, 468043370482817374, 468043370482939551, 468043370483110994, 468043370482887938]"
69c15b27-e061-413c-a011-854ea197f141,Anatomy,0.015869140625,0.984375,0.000843048095703125,0.0003299713134765625,True,B,0.2375335693359375,medmcqa_4,"['STAT', 'STAT', 'STAT', 'STAT', 'PBMD']","[468043370482938895, 468043370483042405, 468043370482512145, 468043370482537642, 468043370483128469]","[0.7790254354476929, 0.7670397758483887, 0.7622284889221191, 0.7602072954177856, 0.7550696730613708]",1,"[-1, -1, -1, -1, -1]"
c7dddaf3-1c36-425d-8208-07125d469486,Anatomy,0.9296875,0.0218505859375,0.0361328125,0.01171875,True,A,0.16570210456848145,medmcqa_4,"['STAT', 'TEXT', 'STAT', 'STAT', 'STAT']","[468043370482879984, 468043370482371589, 468043370483068412, 468043370482542954, 468043370483000717]","[0.8425147533416748, 0.834844708442688, 0.8086864948272705, 0.8059737086296082, 0.7930895090103149]",1,"[-1, -1, -1, -1, -1]"
4839c894-ec48-45dc-b147-f2e81c11f78a,Anatomy,0.0115966796875,0.98046875,0.0037689208984375,0.002593994140625,True,B,0.16573047637939453,medmcqa_4,"['STAT', 'PBMD', 'PBMD', 'STAT', 'STAT']","[468043370483040875, 468043370483535912, 468043370483326042, 468043370483030556, 468043370482866567]","[0.8086881637573242, 0.7837344408035278, 0.7811412215232849, 0.7762953639030457, 0.7737451791763306]",1,"[-1, -1, -1, -1, -1]"
16176470-5cc0-4b2a-b9c0-45c3d39dc69b,Anatomy,0.94140625,0.018310546875,0.038818359375,0.00299072265625,True,A,0.16573572158813477,medmcqa_4,"['STAT', 'STAT', 'STAT', 'STAT', 'STAT']","[468043370482924711, 468043370482937886, 468043370483078603, 468043370482945341, 468043370482945342]","[0.8269370198249817, 0.813500165939331, 0.8040314316749573, 0.8009404540061951, 0.7921545505523682]",1,"[-1, -1, -1, -1, -1]"
4533155d-56f9-45a9-bd1b-9eb25c7f0ed0,Anatomy,0.005218505859375,0.9921875,0.00131988525390625,0.00031280517578125,True,B,0.1984846591949463,medmcqa_4,"['STAT', 'STAT', 'STAT', 'STAT', 'TEXT']","[468043370482801771, 468043370483030548, 468043370483040874, 468043370482801770, 468043370482393987]","[0.8097172379493713, 0.7938376665115356, 0.7928635478019714, 0.7842555642127991, 0.7768460512161255]",1,"[-1, -1, -1, -1, -1]"
2435f8a2-f34c-4185-82f4-d73c72fe9ee2,Anatomy,0.026123046875,0.921875,0.03369140625,0.0179443359375,False,C,0.21300268173217773,medmcqa_4,"['PBMD', 'STAT', 'PBMD', 'PBMD', 'PBMD']","[468043370483471253, 468043370482807744, 468043370483537622, 468043370483495725, 468043370483540736]","[0.739031970500946, 0.735815703868866, 0.7310881614685059, 0.7310027480125427, 0.727753221988678]",1,"[-1, -1, -1, -1, -1]"
3a47fb60-772b-40ad-abf8-81754f074d86,Anatomy,0.06103515625,0.84375,0.039306640625,0.057373046875,True,B,9.226980209350586,medmcqa_4,"['STAT', 'STAT', 'STAT', 'STAT', 'PBMD']","[468043370482955144, 468043370482774170, 468043370482563630, 468043370482849454, 468043370483545452]","[0.7543989419937134, 0.7541444301605225, 0.7534650564193726, 0.7523971199989319, 0.7513843178749084]",4,"[468043370482924708, 468043370482787873, 468043370482958433, 468043370482553917, 468043370482528803, 468043370482800684, 468043370482851713, 468043370482371929, 468043370483545452, 468043370483025170, 468043370482775579, 468043370482933094, 468043370482542955, 468043370482787036, 468043370482851713, 468043370483545452, 468043370482787873, 468043370483030186, 468043370482851713, 468043370482933093]"
d9ed2e31-f28c-470c-a0f1-38749131b723,Anatomy,0.28125,0.2197265625,0.03369140625,0.46484375,True,D,8.410256147384644,medmcqa_4,"['PBMD', 'PBMD', 'TEXT', 'PBMD', 'PBMD']","[468043370484013681, 468043370484035966, 468043370482371945, 468043370483609473, 468043370483632223]","[0.780962347984314, 0.7656186819076538, 0.7654849886894226, 0.7641726732254028, 0.7571890354156494]",4,"[468043370483521217, 468043370483864364, 468043370482917413, 468043370482993690, 468043370483002597, 468043370483196000, 468043370483149396, 468043370483465223, 468043370483357268, 468043370483144539, 468043370483628667, 468043370483037002, 468043370482846976, 468043370483010084, 468043370483514375, 468043370483465223, 468043370483290023, 468043370482512643, 468043370483196000, 468043370483357268]"
ce49098b-cc48-4168-859e-936e3e0c7459,Anatomy,0.162109375,0.8203125,0.01031494140625,0.007110595703125,True,B,0.19822239875793457,medmcqa_4,"['STAT', 'PBMD', 'STAT', 'STAT', 'STAT']","[468043370483025169, 468043370483746435, 468043370482918801, 468043370482542982, 468043370482986641]","[0.7539352178573608, 0.7451830506324768, 0.7440076470375061, 0.737326979637146, 0.7368244528770447]",1,"[-1, -1, -1, -1, -1]"
d810c51c-b15e-40e7-9d7c-2eff29038877,Anatomy,0.3671875,0.470703125,0.10498046875,0.056396484375,False,D,6.432065486907959,medmcqa_4,"['PBMD', 'PBMD', 'PBMD', 'PBMD', 'PBMD']","[468043370483978183, 468043370483235085, 468043370483182113, 468043370483451506, 468043370483406315]","[0.8052022457122803, 0.7790857553482056, 0.7747337818145752, 0.7710540890693665, 0.76578289270401]",3,"[468043370483978183, 468043370483773531, 468043370483366248, 468043370483370608, 468043370483455726, 468043370483978183, 468043370483773531, 468043370483974359, 468043370483844066, 468043370483984581, 468043370483111986, 468043370483116510, 468043370483536987, 468043370482392333, 468043370483401912]"
df241854-3751-4087-bd3e-a203da28e38c,Anatomy,0.11669921875,0.04296875,0.671875,0.169921875,True,C,7.673166513442993,medmcqa_4,"['PBMD', 'PBMD', 'STAT', 'STAT', 'PBMD']","[468043370483630628, 468043370483393731, 468043370483049008, 468043370483049021, 468043370483578510]","[0.7617581486701965, 0.7548956871032715, 0.7443506717681885, 0.7411937117576599, 0.7411112785339355]",4,"[468043370483049008, 468043370483413262, 468043370483393731, 468043370482915110, 468043370483203038, 468043370483149636, 468043370483866478, 468043370483507800, 468043370483822245, 468043370482818234, 468043370483049008, 468043370483393731, 468043370482915110, 468043370483049007, 468043370482369275, 468043370483492643, 468043370483507800, 468043370482381552, 468043370482437399, 468043370484051964]"
0e46082c-1abc-4330-a12d-6948554559a2,Anatomy,0.083984375,0.703125,0.177734375,0.032958984375,False,C,5.808321475982666,medmcqa_4,"['PBMD', 'TEXT', 'PBMD', 'PBMD', 'TEXT']","[468043370483607771, 468043370482394403, 468043370483594754, 468043370484011668, 468043370482394379]","[0.7625234127044678, 0.7567595839500427, 0.7559573650360107, 0.7526768445968628, 0.7489750981330872]",3,"[468043370483265861, 468043370482394306, 468043370483613200, 468043370484011668, 468043370482392241, 468043370482423481, 468043370482394268, 468043370482822791, 468043370482394255, 468043370483522229, 468043370483295969, 468043370482394284, 468043370483607771, 468043370482392242, 468043370483490265]"
a1ab9a3e-f95b-4f09-9da7-e01bcd2a7e10,Anatomy,0.07958984375,0.91015625,0.0069580078125,0.003082275390625,True,B,0.16555237770080566,medmcqa_4,"['STAT', 'STAT', 'TEXT', 'STAT', 'STAT']","[468043370482831067, 468043370482831069, 468043370482459858, 468043370482831064, 468043370482831053]","[0.785521388053894, 0.744471549987793, 0.7363178730010986, 0.7360237240791321, 0.7356610894203186]",1,"[-1, -1, -1, -1, -1]"
9baccdab-543d-4508-8192-493ac564b258,Anatomy,0.000804901123046875,1.0,0.00021648406982421875,0.00010204315185546875,True,B,0.12611126899719238,medmcqa_4,"['STAT', 'STAT', 'STAT', 'STAT', 'STAT']","[468043370482829175, 468043370483069766, 468043370482844090, 468043370482540130, 468043370482514162]","[0.7469733357429504, 0.743844211101532, 0.7417402267456055, 0.7415949106216431, 0.740805447101593]",1,"[-1, -1, -1, -1, -1]"
9adb4841-8e99-4f24-8f3e-54c8d169f62b,Anatomy,0.1396484375,0.1396484375,0.51953125,0.203125,False,B,9.959530353546143,medmcqa_4,"['PBMD', 'PBMD', 'PBMD', 'PBMD', 'PBMD']","[468043370483983751, 468043370483487980, 468043370483487983, 468043370483461776, 468043370483820091]","[0.7480942606925964, 0.7406892776489258, 0.737777054309845, 0.7345994114875793, 0.7305396199226379]",4,"[468043370482864799, 468043370482905917, 468043370482395760, 468043370482815532, 468043370482512869, 468043370482864799, 468043370482562118, 468043370482512869, 468043370482857790, 468043370482905917, 468043370482857757, 468043370482371428, 468043370482562118, 468043370482371430, 468043370482775247, 468043370482512868, 468043370482862100, 468043370482395760, 468043370482435512, 468043370482371423]"
1ec93a8b-e2dd-4468-bee1-74100f803516,Forensic Medicine,0.3828125,0.2470703125,0.2470703125,0.1240234375,True,A,11.156661987304688,medmcqa_4,"['PBMD', 'PBMD', 'PBMD', 'PBMD', 'PBMD']","[468043370483851335, 468043370484054307, 468043370483956390, 468043370483798611, 468043370483743695]","[0.7671400904655457, 0.7381998300552368, 0.7350966930389404, 0.7339789271354675, 0.7302632927894592]",4,"[468043370482772453, 468043370484027801, 468043370483794959, 468043370483873798, 468043370484056830, 468043370483473318, 468043370483461803, 468043370483208590, 468043370483203122, 468043370482772453, 468043370483654327, 468043370483203696, 468043370483743695, 468043370483556546, 468043370484088234, 468043370483873798, 468043370482536768, 468043370483832077, 468043370482772453, 468043370483799911]"
8db7e145-052a-4774-9a5f-db3c4e9ac1d6,Forensic Medicine,0.1181640625,0.2353515625,0.08154296875,0.56640625,False,C,11.071125984191895,medmcqa_4,"['PBMD', 'PBMD', 'PBMD', 'PBMD', 'PBMD']","[468043370483186583, 468043370483869740, 468043370483844248, 468043370483871741, 468043370483883461]","[0.7229557633399963, 0.7009326815605164, 0.6999291181564331, 0.6974794268608093, 0.6931715607643127]",4,"[468043370483505180, 468043370482532955, 468043370482499224, 468043370482532958, 468043370483155948, 468043370483505180, 468043370482499224, 468043370483730173, 468043370482532955, 468043370482532958, 468043370483505180, 468043370483730173, 468043370483844248, 468043370483758342, 468043370483200909, 468043370483505180, 468043370483730173, 468043370483758342, 468043370483844248, 468043370482499224]"
5051fb2c-dfee-47c4-86b2-39af036755ae,Forensic Medicine,0.5625,0.20703125,0.142578125,0.08642578125,False,C,2.8840291500091553,medmcqa_4,"['PBMD', 'PBMD', 'PBMD', 'STAT', 'PBMD']","[468043370483503209, 468043370483757755, 468043370483367444, 468043370482869063, 468043370483509805]","[0.7333517074584961, 0.7327012419700623, 0.728060781955719, 0.7203130125999451, 0.7148305773735046]",2,"[468043370483367444, 468043370484088254, 468043370483627140, 468043370483136667, 468043370483503209, 468043370483757755, 468043370483627140, 468043370482869063, 468043370483485085, 468043370483367444]"
9b33051b-e39d-4342-acd7-8bc45abdf2d6,Forensic Medicine,0.6796875,0.1513671875,0.04345703125,0.1259765625,True,A,0.21221160888671875,medmcqa_4,"['PBMD', 'PBMD', 'PBMD', 'PBMD', 'PBMD']","[468043370483290726, 468043370483406574, 468043370483131664, 468043370483414665, 468043370483105273]","[0.748752772808075, 0.7323101162910461, 0.729515016078949, 0.7254782319068909, 0.7243314981460571]",1,"[-1, -1, -1, -1, -1]"
d2a908d2-59df-4591-9a9c-1212a0ce7347,Forensic Medicine,0.1025390625,0.0277099609375,0.859375,0.00897216796875,True,C,0.20995569229125977,medmcqa_4,"['PBMD', 'PBMD', 'PBMD', 'PBMD', 'PBMD']","[468043370483525179, 468043370483732868, 468043370483558827, 468043370483652187, 468043370484062540]","[0.7383604049682617, 0.7321670055389404, 0.7314114570617676, 0.7245509028434753, 0.7230274677276611]",1,"[-1, -1, -1, -1, -1]"
cd0edc92-8fb3-4f97-b0ce-d74446009179,Forensic Medicine,0.158203125,0.625,0.1787109375,0.03759765625,False,A,7.609463214874268,medmcqa_4,"['STAT', 'PBMD', 'PBMD', 'PBMD', 'PBMD']","[468043370482885642, 468043370483349543, 468043370483655977, 468043370483965266, 468043370483489063]","[0.790579080581665, 0.7770313024520874, 0.7717932462692261, 0.7637860178947449, 0.7634896039962769]",3,"[468043370484055819, 468043370482400973, 468043370483563350, 468043370484022224, 468043370482925867, 468043370484055819, 468043370483349543, 468043370482524823, 468043370482777277, 468043370483363439, 468043370482777277, 468043370484055819, 468043370484063771, 468043370483569459, 468043370482802237]"
734e0bc2-f9d4-4ae2-a7f5-eae1c1500352,Forensic Medicine,0.0123291015625,0.98046875,0.0035400390625,0.0037689208984375,True,B,0.16969728469848633,medmcqa_4,"['PBMD', 'PBMD', 'PBMD', 'PBMD', 'PBMD']","[468043370483413384, 468043370483627959, 468043370483597758, 468043370484056752, 468043370483320262]","[0.7762486934661865, 0.7634914517402649, 0.7490326762199402, 0.7460435032844543, 0.7422726154327393]",1,"[-1, -1, -1, -1, -1]"
eda8d5c0-449d-4c34-ad66-8a269fcdcb39,Biochemistry,0.00909423828125,0.000331878662109375,0.00014781951904296875,0.9921875,True,D,0.21203899383544922,medmcqa_4,"['PBMD', 'PBMD', 'TEXT', 'PBMD', 'PBMD']","[468043370483101856, 468043370483449217, 468043370482461970, 468043370484002426, 468043370483081128]","[0.8268523812294006, 0.813818633556366, 0.8099963665008545, 0.8096131086349487, 0.8071998953819275]",1,"[-1, -1, -1, -1, -1]"
1cabf1e4-1586-4f15-98d8-001bdccbd3c2,Biochemistry,0.05322265625,0.046875,0.01434326171875,0.88671875,False,C,11.007273197174072,medmcqa_4,"['PBMD', 'PBMD', 'STAT', 'PBMD', 'PBMD']","[468043370483566833, 468043370483908275, 468043370483044558, 468043370483667007, 468043370483276246]","[0.7951530814170837, 0.7921122312545776, 0.7895641326904297, 0.7895052433013916, 0.7873370051383972]",4,"[468043370482880613, 468043370482523739, 468043370483426215, 468043370483071754, 468043370483844401, 468043370482977872, 468043370482965249, 468043370482820569, 468043370482373984, 468043370482964795, 468043370482468882, 468043370483107815, 468043370483427273, 468043370483190966, 468043370483103643, 468043370483044558, 468043370483033542, 468043370482462261, 468043370483864538, 468043370482977873]"
bdf95c69-99f7-4884-b014-53ec47ef3130,Biochemistry,0.01904296875,0.00579833984375,0.9765625,0.0003261566162109375,True,C,0.1669764518737793,medmcqa_4,"['TEXT', 'TEXT', 'STAT', 'TEXT', 'STAT']","[468043370482400419, 468043370482376619, 468043370482888445, 468043370482376262, 468043370483027837]","[0.7832485437393188, 0.7741895318031311, 0.7730503678321838, 0.759617269039154, 0.7554212808609009]",1,"[-1, -1, -1, -1, -1]"
bc68c59c-2c2a-4e86-921f-cb1ff395c4d5,Biochemistry,0.37890625,0.06201171875,0.1796875,0.37890625,True,A,9.324566125869751,medmcqa_4,"['PBMD', 'PBMD', 'PBMD', 'PBMD', 'STAT']","[468043370483870910, 468043370483911966, 468043370484056766, 468043370484121783, 468043370482953593]","[0.6909452080726624, 0.6829391717910767, 0.6775771975517273, 0.6767376661300659, 0.6734093427658081]",4,"[468043370482384374, 468043370483911213, 468043370483931316, 468043370483829581, 468043370484054373, 468043370482384374, 468043370483829581, 468043370483190050, 468043370483911213, 468043370484100217, 468043370482778188, 468043370482373011, 468043370483852853, 468043370484122017, 468043370482428933, 468043370482384374, 468043370483911213, 468043370483829581, 468043370483029353, 468043370483029338]"
81f36a50-554d-4c45-a8e2-8df9dce0ca2f,Biochemistry,0.0115966796875,0.0035400390625,0.0031280517578125,0.98046875,True,D,0.31210851669311523,medmcqa_4,"['TEXT', 'TEXT', 'TEXT', 'PBMD', 'TEXT']","[468043370482374633, 468043370482374546, 468043370482374563, 468043370483082082, 468043370482374505]","[0.7909603118896484, 0.7904825210571289, 0.7886232137680054, 0.7847570776939392, 0.7808270454406738]",1,"[-1, -1, -1, -1, -1]"
1738bd76-9a60-42d8-8a35-90cb6542d4a5,Biochemistry,0.058837890625,0.01904296875,0.91796875,0.0024261474609375,True,C,0.235457181930542,medmcqa_4,"['TEXT', 'PBMD', 'STAT', 'STAT', 'TEXT']","[468043370482373133, 468043370483812833, 468043370482561407, 468043370483044131, 468043370482373130]","[0.7799580097198486, 0.7643749713897705, 0.760568380355835, 0.7549784183502197, 0.7547698616981506]",1,"[-1, -1, -1, -1, -1]"
0844f1cb-0ac7-4d91-ae09-45cb590b533d,Biochemistry,0.9921875,0.00335693359375,0.0031585693359375,0.00131988525390625,True,A,0.21205759048461914,medmcqa_4,"['STAT', 'STAT', 'STAT', 'STAT', 'STAT']","[468043370482946549, 468043370482537115, 468043370482966791, 468043370482938852, 468043370482543357]","[0.8327080011367798, 0.8137003779411316, 0.8015123605728149, 0.7855457067489624, 0.775892972946167]",1,"[-1, -1, -1, -1, -1]"
0ef0297d-91cb-4320-9d3e-6d04ae3e9c07,Biochemistry,0.875,0.010986328125,0.0810546875,0.033935546875,True,A,0.21055030822753906,medmcqa_4,"['TEXT', 'PBMD', 'TEXT', 'PBMD', 'STAT']","[468043370482373830, 468043370483721372, 468043370482373783, 468043370483370031, 468043370482532640]","[0.8022499084472656, 0.7911612391471863, 0.7889270782470703, 0.7865896821022034, 0.785602331161499]",1,"[-1, -1, -1, -1, -1]"
e29e5110-d051-49bc-a105-14ddc2fa2ae8,Biochemistry,0.65234375,0.2890625,0.04443359375,0.01275634765625,True,A,7.051631450653076,medmcqa_4,"['PBMD', 'TEXT', 'TEXT', 'TEXT', 'TEXT']","[468043370483197238, 468043370482376118, 468043370482376119, 468043370482376124, 468043370482376128]","[0.7809884548187256, 0.779335081577301, 0.7780998945236206, 0.7773981690406799, 0.7728239893913269]",3,"[468043370483814992, 468043370482806973, 468043370482405544, 468043370482373889, 468043370483864045, 468043370482806973, 468043370482373889, 468043370483814992, 468043370483864045, 468043370482405544, 468043370483427159, 468043370483347712, 468043370483961827, 468043370483253651, 468043370483234598]"
54f0597f-d43c-4813-b202-935ae07e4e20,Biochemistry,0.04345703125,0.322265625,0.6015625,0.033935546875,False,A,4.484684228897095,medmcqa_4,"['PBMD', 'PBMD', 'PBMD', 'PBMD', 'PBMD']","[468043370483302941, 468043370483479757, 468043370483782743, 468043370483272096, 468043370483761122]","[0.7799727916717529, 0.7717329859733582, 0.7714066505432129, 0.7681583166122437, 0.7672848701477051]",2,"[468043370483272096, 468043370482372931, 468043370483563141, 468043370484025703, 468043370483830907, 468043370483272096, 468043370483286000, 468043370484025703, 468043370483563141, 468043370483096029]"
ea373189-624d-4fb7-bb2b-2168c1e77d61,Biochemistry,0.99609375,0.00170135498046875,0.00159454345703125,0.00010204315185546875,True,A,0.2374422550201416,medmcqa_4,"['TEXT', 'PBMD', 'TEXT', 'PBMD', 'STAT']","[468043370482374992, 468043370483589929, 468043370482391868, 468043370483575975, 468043370482878391]","[0.7897610664367676, 0.7821748852729797, 0.7798792123794556, 0.7797863483428955, 0.7767887711524963]",1,"[-1, -1, -1, -1, -1]"
23d04e70-f243-4c16-a7c4-827051a5b62b,Biochemistry,0.1015625,0.1787109375,0.6640625,0.057861328125,True,C,6.047102689743042,medmcqa_4,"['PBMD', 'TEXT', 'TEXT', 'STAT', 'PBMD']","[468043370483931316, 468043370482456532, 468043370482373011, 468043370483029342, 468043370483186314]","[0.8345094919204712, 0.8225862383842468, 0.8223422169685364, 0.810677170753479, 0.8062347769737244]",2,"[468043370483029342, 468043370483030497, 468043370482373011, 468043370482384374, 468043370482456531, 468043370483030497, 468043370482456532, 468043370482373011, 468043370483029342, 468043370482384374]"
dd032c3c-d1fc-42c9-bdbf-09d5fcef74fd,Biochemistry,0.024169921875,0.96484375,0.005401611328125,0.00421142578125,True,B,0.31162381172180176,medmcqa_4,"['PBMD', 'PBMD', 'PBMD', 'PBMD', 'PBMD']","[468043370483165335, 468043370483188740, 468043370483190210, 468043370483187074, 468043370483274337]","[0.7381105422973633, 0.7375845909118652, 0.7313482761383057, 0.7302485704421997, 0.7270338535308838]",1,"[-1, -1, -1, -1, -1]"
79e1618e-0e20-40ba-b104-8397f32985cc,Biochemistry,0.0224609375,0.95703125,0.0186767578125,0.0028533935546875,True,B,0.23557639122009277,medmcqa_4,"['PBMD', 'PBMD', 'PBMD', 'TEXT', 'PBMD']","[468043370484029514, 468043370483110486, 468043370483300023, 468043370482442806, 468043370483344044]","[0.8037717938423157, 0.7948875427246094, 0.7896648645401001, 0.7879159450531006, 0.7867648601531982]",1,"[-1, -1, -1, -1, -1]"
31a240fd-6563-4450-a2c1-9dd108c57a84,Biochemistry,0.0035247802734375,0.017822265625,0.9765625,0.0030975341796875,True,C,0.23530244827270508,medmcqa_4,"['PBMD', 'PBMD', 'PBMD', 'TEXT', 'PBMD']","[468043370484081924, 468043370483794186, 468043370484077517, 468043370482381303, 468043370483366254]","[0.7683125138282776, 0.7665495276451111, 0.7606990337371826, 0.7558345794677734, 0.7519327402114868]",1,"[-1, -1, -1, -1, -1]"
9a17b183-56ee-4cb1-865c-ee83d2b40d52,Biochemistry,0.11962890625,0.11279296875,0.11962890625,0.6484375,False,B,5.2558324337005615,medmcqa_4,"['TEXT', 'PBMD', 'PBMD', 'PBMD', 'TEXT']","[468043370482373599, 468043370483188051, 468043370483732808, 468043370483164968, 468043370482372518]","[0.7877819538116455, 0.7683491110801697, 0.7668789029121399, 0.7646019458770752, 0.7633458971977234]",2,"[468043370483538588, 468043370483187057, 468043370482464425, 468043370482904571, 468043370483666964, 468043370482464425, 468043370483187057, 468043370483666964, 468043370483813186, 468043370482374085]"
0e7917ea-310b-4477-9897-f4901f728448,Biochemistry,0.09912109375,0.09326171875,0.50390625,0.3046875,False,D,9.917007207870483,medmcqa_4,"['PBMD', 'PBMD', 'STAT', 'TEXT', 'PBMD']","[468043370483849428, 468043370483266211, 468043370483029354, 468043370482428928, 468043370483167928]","[0.8018776774406433, 0.7984353303909302, 0.7942848205566406, 0.7925223708152771, 0.7917140126228333]",4,"[468043370483181111, 468043370483849428, 468043370483161442, 468043370483167928, 468043370483157897, 468043370482428928, 468043370483181111, 468043370482373000, 468043370483029338, 468043370483849428, 468043370483186497, 468043370483266211, 468043370483306517, 468043370483849428, 468043370483181111, 468043370483849428, 468043370483181111, 468043370483167928, 468043370483029354, 468043370483186497]"
1f154298-9b29-4661-a4da-3b88bc5acc64,Biochemistry,0.02734375,0.9609375,0.00689697265625,0.003692626953125,True,B,0.2371833324432373,medmcqa_4,"['STAT', 'TEXT', 'TEXT', 'PBMD', 'STAT']","[468043370483022497, 468043370482372874, 468043370482372877, 468043370483884599, 468043370483022491]","[0.8809102773666382, 0.8176122307777405, 0.8067231774330139, 0.7928807139396667, 0.7922366261482239]",1,"[-1, -1, -1, -1, -1]"
b8e2e066-a036-4d14-8364-4e91a93812d5,Biochemistry,0.009033203125,0.98046875,0.0040283203125,0.004852294921875,True,B,0.3117361068725586,medmcqa_4,"['PBMD', 'PBMD', 'PBMD', 'PBMD', 'PBMD']","[468043370483168998, 468043370483420599, 468043370483969206, 468043370483298725, 468043370483849436]","[0.8386971950531006, 0.8358455896377563, 0.830740213394165, 0.8297252655029297, 0.8243488073348999]",1,"[-1, -1, -1, -1, -1]"
b3278b6a-2f6e-4a05-87c1-18772ca70c83,Biochemistry,0.039306640625,0.00469970703125,0.953125,0.0025177001953125,True,C,0.23344850540161133,medmcqa_4,"['TEXT', 'TEXT', 'PBMD', 'PBMD', 'PBMD']","[468043370482373055, 468043370482373056, 468043370483193799, 468043370483160267, 468043370483196916]","[0.8285794258117676, 0.8201359510421753, 0.8124080896377563, 0.8099462985992432, 0.8049336075782776]",1,"[-1, -1, -1, -1, -1]"
b944ada9-d776-4c2a-9180-3ae5f393f72d,Physiology,0.1826171875,0.72265625,0.03369140625,0.06298828125,False,A,0.30916738510131836,medmcqa_4,"['PBMD', 'PBMD', 'PBMD', 'STAT', 'PBMD']","[468043370483505550, 468043370483598283, 468043370483425964, 468043370482832654, 468043370483563241]","[0.8149814009666443, 0.8133642673492432, 0.8085345029830933, 0.8057541847229004, 0.8001499176025391]",1,"[-1, -1, -1, -1, -1]"
be168ef1-fee0-4f80-9c60-6259e78b56b9,Physiology,0.09423828125,0.7421875,0.12890625,0.03466796875,True,B,9.23519229888916,medmcqa_4,"['PBMD', 'TEXT', 'PBMD', 'PBMD', 'PBMD']","[468043370483857371, 468043370482403819, 468043370483832601, 468043370483842847, 468043370483724791]","[0.8144574165344238, 0.8120777010917664, 0.7929555177688599, 0.7835221886634827, 0.7829246520996094]",4,"[468043370482403819, 468043370483724791, 468043370483857371, 468043370483832601, 468043370482489013, 468043370483724791, 468043370483857371, 468043370483989120, 468043370482403819, 468043370483832601, 468043370483724791, 468043370482475523, 468043370482403819, 468043370483857371, 468043370483821439, 468043370482403819, 468043370483857371, 468043370483724791, 468043370484011912, 468043370483989120]"
b8a31186-4e61-46f8-bf04-c3e22f907418,Physiology,0.345703125,0.3046875,0.26953125,0.08203125,False,C,9.845611810684204,medmcqa_4,"['STAT', 'TEXT', 'TEXT', 'TEXT', 'STAT']","[468043370482896854, 468043370482418197, 468043370482418203, 468043370482418204, 468043370482911344]","[0.7310605049133301, 0.7199537754058838, 0.716419517993927, 0.71360182762146, 0.71192467212677]",4,"[468043370482553784, 468043370482474297, 468043370482381566, 468043370483505000, 468043370482979306, 468043370483412745, 468043370482418197, 468043370483323132, 468043370483632261, 468043370483590199, 468043370482553784, 468043370482381566, 468043370482418193, 468043370483505000, 468043370482474297, 468043370482553784, 468043370482381566, 468043370483505000, 468043370482979306, 468043370482474297]"
1a9cdc6b-3c9c-44a2-95d1-68461bf113fc,Physiology,0.275390625,0.189453125,0.0791015625,0.455078125,True,D,11.679943799972534,medmcqa_4,"['PBMD', 'PBMD', 'PBMD', 'PBMD', 'PBMD']","[468043370483703190, 468043370483666135, 468043370484107603, 468043370483353574, 468043370483698861]","[0.7633131742477417, 0.7572817206382751, 0.7471166253089905, 0.7452391982078552, 0.7451454401016235]",4,"[468043370483822247, 468043370483876356, 468043370482905982, 468043370483725792, 468043370483814044, 468043370483822247, 468043370482443354, 468043370483677391, 468043370483942097, 468043370483876356, 468043370483725792, 468043370483893985, 468043370483822247, 468043370483726995, 468043370484066007, 468043370483875913, 468043370483983981, 468043370483876356, 468043370483822247, 468043370483893978]"
6530c9cc-2e1e-4b4a-9f7f-de0431d05799,Physiology,0.9921875,0.003814697265625,0.0024566650390625,0.000751495361328125,True,A,0.23719549179077148,medmcqa_4,"['TEXT', 'TEXT', 'TEXT', 'TEXT', 'TEXT']","[468043370482392166, 468043370482379440, 468043370482392160, 468043370482379375, 468043370482379439]","[0.7937315702438354, 0.7890729904174805, 0.7890455722808838, 0.7838224172592163, 0.7818434834480286]",1,"[-1, -1, -1, -1, -1]"
f4c75eb8-18d8-41bd-81fa-6a03e4519193,Physiology,0.9375,0.0341796875,0.0118408203125,0.01519775390625,True,A,0.30623793601989746,medmcqa_4,"['PBMD', 'PBMD', 'PBMD', 'TEXT', 'PBMD']","[468043370483592926, 468043370483622997, 468043370483458445, 468043370482473377, 468043370483613536]","[0.8115208148956299, 0.8081157803535461, 0.79798424243927, 0.7909462451934814, 0.7880254983901978]",1,"[-1, -1, -1, -1, -1]"
6b63e6bd-ebb1-439d-a8f6-c35a37b7436c,Physiology,0.25390625,0.34765625,0.25390625,0.14453125,False,A,11.223904132843018,medmcqa_4,"['STAT', 'PBMD', 'STAT', 'STAT', 'TEXT']","[468043370482925185, 468043370483626200, 468043370482504274, 468043370482505029, 468043370482404351]","[0.8106831312179565, 0.8078344464302063, 0.8012930154800415, 0.7930551171302795, 0.7915437817573547]",4,"[468043370482925185, 468043370483626200, 468043370482935536, 468043370482471611, 468043370482844634, 468043370482925185, 468043370482935536, 468043370482461627, 468043370482471611, 468043370482504277, 468043370482925185, 468043370482935536, 468043370483626200, 468043370482471611, 468043370482504675, 468043370482925185, 468043370482935536, 468043370483626200, 468043370482526562, 468043370482526565]"
c2d32d1d-8609-4fef-91f6-580329f7a7e5,Physiology,0.96875,0.011474609375,0.0167236328125,0.00225830078125,False,B,0.30597424507141113,medmcqa_4,"['TEXT', 'TEXT', 'PBMD', 'PBMD', 'PBMD']","[468043370482428092, 468043370482388619, 468043370483360961, 468043370483884510, 468043370484126894]","[0.7488588690757751, 0.7366994023323059, 0.7354810237884521, 0.731268048286438, 0.7305523753166199]",1,"[-1, -1, -1, -1, -1]"
7837431a-55a0-4471-8810-6ca014c03a35,Physiology,0.248046875,0.10302734375,0.05517578125,0.59375,False,C,4.590079307556152,medmcqa_4,"['TEXT', 'PBMD', 'TEXT', 'PBMD', 'PBMD']","[468043370482472799, 468043370483344321, 468043370482472897, 468043370483678845, 468043370483406419]","[0.827455997467041, 0.7867539525032043, 0.7864401340484619, 0.7818464636802673, 0.7781209349632263]",2,"[468043370482466461, 468043370482466460, 468043370483678845, 468043370483344321, 468043370482466380, 468043370483604091, 468043370482466461, 468043370483678845, 468043370482472799, 468043370482472897]"
6920ce2b-f9c9-49aa-9e6e-c94aeb13e709,Physiology,0.1806640625,0.40625,0.296875,0.1162109375,True,B,7.108904123306274,medmcqa_4,"['TEXT', 'TEXT', 'TEXT', 'TEXT', 'STAT']","[468043370482476242, 468043370482427081, 468043370482476199, 468043370482427154, 468043370482882762]","[0.7971084117889404, 0.788064181804657, 0.7734583616256714, 0.7732449769973755, 0.7703887224197388]",3,"[468043370483921613, 468043370482427156, 468043370482427081, 468043370483904563, 468043370482474667, 468043370482427081, 468043370483838034, 468043370483238470, 468043370483553155, 468043370482394927, 468043370483077144, 468043370483925072, 468043370483923121, 468043370482394927, 468043370483061173]"
38d19909-c427-44de-9fff-8b43342040ea,Physiology,0.240234375,0.240234375,0.30859375,0.2119140625,True,C,27.253843069076538,medmcqa_4,"['STAT', 'STAT', 'TEXT', 'TEXT', 'PBMD']","[468043370482555976, 468043370482861197, 468043370482475713, 468043370482475712, 468043370483616647]","[0.7641430497169495, 0.7565431594848633, 0.756476640701294, 0.7520563006401062, 0.7503361701965332]",4,"[468043370482952409, 468043370483039596, 468043370482475712, 468043370483505550, 468043370482422170, 468043370483473849, 468043370483239944, 468043370482555978, 468043370483637356, 468043370482928514, 468043370482475712, 468043370483039596, 468043370483298515, 468043370483473849, 468043370482511621, 468043370483039596, 468043370483505550, 468043370483598283, 468043370482475712, 468043370483249162]"
e262d5f1-129a-4aa9-9c08-5b875b97ebb6,Physiology,0.00433349609375,0.9921875,0.000904083251953125,0.002044677734375,True,B,0.23739218711853027,medmcqa_4,"['TEXT', 'PBMD', 'TEXT', 'TEXT', 'PBMD']","[468043370482469331, 468043370483369530, 468043370482427474, 468043370482476502, 468043370483598751]","[0.7989112138748169, 0.7892469167709351, 0.7813320755958557, 0.7811232805252075, 0.7793480157852173]",1,"[-1, -1, -1, -1, -1]"
bc7fdabc-0c33-4e85-befe-0015ca601164,Physiology,0.0048828125,0.001800537109375,0.0012359619140625,0.9921875,True,D,0.21305179595947266,medmcqa_4,"['TEXT', 'STAT', 'PBMD', 'STAT', 'PBMD']","[468043370482476843, 468043370482820265, 468043370483533802, 468043370482998661, 468043370483262381]","[0.8027771711349487, 0.7884353995323181, 0.7844060063362122, 0.7828757762908936, 0.7822011709213257]",1,"[-1, -1, -1, -1, -1]"
01de6945-cd63-4096-9fda-e70148ee977d,Physiology,0.92578125,0.023193359375,0.046142578125,0.0037841796875,True,A,0.2353191375732422,medmcqa_4,"['TEXT', 'TEXT', 'TEXT', 'TEXT', 'TEXT']","[468043370482394190, 468043370482394194, 468043370482458628, 468043370482394363, 468043370482488269]","[0.808881402015686, 0.8020492792129517, 0.8006190061569214, 0.7981817126274109, 0.7970231175422668]",1,"[-1, -1, -1, -1, -1]"
74d6497b-16bd-44f8-bba0-a9a139482e77,Physiology,0.32421875,0.345703125,0.185546875,0.14453125,False,C,10.990594625473022,medmcqa_4,"['PBMD', 'PBMD', 'STAT', 'PBMD', 'PBMD']","[468043370483612859, 468043370483188025, 468043370482955787, 468043370483610623, 468043370483344033]","[0.771160364151001, 0.7633175849914551, 0.7622026801109314, 0.7565815448760986, 0.7550944685935974]",4,"[468043370482993607, 468043370482478827, 468043370482436521, 468043370482835655, 468043370482402881, 468043370482402881, 468043370482799262, 468043370482436521, 468043370483166135, 468043370482884915, 468043370483610623, 468043370482978615, 468043370483299969, 468043370483188025, 468043370483709209, 468043370483610623, 468043370483302506, 468043370482496617, 468043370482978615, 468043370482799263]"
b4c3fa06-01fe-4c3c-8521-25299a221d43,Physiology,0.08642578125,0.0247802734375,0.0150146484375,0.875,True,D,0.12598133087158203,medmcqa_4,"['STAT', 'STAT', 'PBMD', 'PBMD', 'STAT']","[468043370483074828, 468043370482908097, 468043370483630304, 468043370483574748, 468043370482877898]","[0.7792621850967407, 0.7562513947486877, 0.754867434501648, 0.7533770203590393, 0.7522571086883545]",1,"[-1, -1, -1, -1, -1]"
10105277-cd6c-4309-82b7-3f1866a336e0,Physiology,0.059814453125,0.87890625,0.00811767578125,0.052734375,True,B,0.30831074714660645,medmcqa_4,"['PBMD', 'PBMD', 'PBMD', 'PBMD', 'PBMD']","[468043370483622870, 468043370484015566, 468043370483296809, 468043370483356543, 468043370483571171]","[0.768366277217865, 0.7665977478027344, 0.7606650590896606, 0.7589817047119141, 0.7574805021286011]",1,"[-1, -1, -1, -1, -1]"
ca435de5-729e-4d62-8d92-116f5afb5a48,Physiology,0.244140625,0.158203125,0.4296875,0.16796875,True,C,21.60490322113037,medmcqa_4,"['TEXT', 'TEXT', 'TEXT', 'STAT', 'STAT']","[468043370482472614, 468043370482377224, 468043370482472538, 468043370482987748, 468043370482987756]","[0.789444088935852, 0.7854408621788025, 0.7809084057807922, 0.7801470756530762, 0.772829532623291]",4,"[468043370482472614, 468043370482987748, 468043370482472538, 468043370482377222, 468043370482377224, 468043370482377222, 468043370482377224, 468043370482472538, 468043370482987748, 468043370482472536, 468043370482377224, 468043370482987748, 468043370482377222, 468043370482472538, 468043370482377225, 468043370482377224, 468043370482472538, 468043370482472536, 468043370482987748, 468043370482377222]"
dcded707-a751-431c-bba8-9b04446cc735,Physiology,0.0625,0.1318359375,0.71484375,0.0908203125,True,C,5.955568790435791,medmcqa_4,"['STAT', 'TEXT', 'PBMD', 'STAT', 'STAT']","[468043370482808715, 468043370482378787, 468043370483423956, 468043370482901588, 468043370482847048]","[0.8464639186859131, 0.8370838165283203, 0.832574725151062, 0.8278023600578308, 0.8214156627655029]",2,"[468043370483922557, 468043370483208910, 468043370483167657, 468043370483834054, 468043370484008309, 468043370482381774, 468043370482808715, 468043370482788382, 468043370482473949, 468043370482378787]"
98893c1c-a979-476e-8b82-ef3bd2a02da7,Physiology,0.9296875,0.038330078125,0.010986328125,0.019287109375,True,A,0.16518688201904297,medmcqa_4,"['PBMD', 'PBMD', 'PBMD', 'PBMD', 'PBMD']","[468043370483800153, 468043370483275907, 468043370483464576, 468043370483559296, 468043370483471102]","[0.7941847443580627, 0.7838888764381409, 0.7783758044242859, 0.7768803238868713, 0.7763626575469971]",1,"[-1, -1, -1, -1, -1]"
5dd20354-df6d-4a05-9895-d742e7852803,Gynaecology & Obstetrics,0.0291748046875,0.96484375,0.0030670166015625,0.002716064453125,True,B,0.21264314651489258,medmcqa_4,"['PBMD', 'STAT', 'STAT', 'STAT', 'TEXT']","[468043370483605133, 468043370482982871, 468043370482982870, 468043370483014738, 468043370482384748]","[0.7701116800308228, 0.7675087451934814, 0.7656190395355225, 0.7637864947319031, 0.7626444101333618]",1,"[-1, -1, -1, -1, -1]"
6efd1009-b52d-4598-a30d-a06fd9867c56,Gynaecology & Obstetrics,0.9375,0.038818359375,0.01953125,0.002471923828125,True,A,0.21335577964782715,medmcqa_4,"['TEXT', 'STAT', 'STAT', 'PBMD', 'STAT']","[468043370482436069, 468043370482825598, 468043370482962016, 468043370483865181, 468043370483020485]","[0.7865403890609741, 0.7820219993591309, 0.7692411541938782, 0.7689718008041382, 0.765171468257904]",1,"[-1, -1, -1, -1, -1]"
83d4ffd3-ac6f-4c98-88c6-96ddbe0db146,Gynaecology & Obstetrics,0.09619140625,0.85546875,0.0157470703125,0.03125,True,B,0.30837559700012207,medmcqa_4,"['TEXT', 'PBMD', 'PBMD', 'PBMD', 'TEXT']","[468043370482452702, 468043370484077741, 468043370483123726, 468043370483308516, 468043370482452602]","[0.7971885204315186, 0.7941892147064209, 0.7863315343856812, 0.7829450964927673, 0.7705034017562866]",1,"[-1, -1, -1, -1, -1]"
42924e5a-723d-478f-ab78-a46ec8e8041b,Gynaecology & Obstetrics,0.59375,0.08056640625,0.0625,0.263671875,True,A,7.684082269668579,medmcqa_4,"['STAT', 'TEXT', 'STAT', 'TEXT', 'PBMD']","[468043370482917343, 468043370482449177, 468043370482831158, 468043370482449556, 468043370483348261]","[0.7547352313995361, 0.7501994371414185, 0.7397422790527344, 0.7391824722290039, 0.735849916934967]",2,"[468043370483058337, 468043370483055779, 468043370482853567, 468043370482933041, 468043370482796700, 468043370484088334, 468043370483365568, 468043370482449008, 468043370483845024, 468043370482451606]"
48b657a1-b046-40e2-b0bf-a2ece3cbcb8e,Gynaecology & Obstetrics,0.75,0.08984375,0.08984375,0.06982421875,False,C,0.3087472915649414,medmcqa_4,"['PBMD', 'PBMD', 'PBMD', 'PBMD', 'PBMD']","[468043370483960188, 468043370483950666, 468043370483711588, 468043370483711916, 468043370483953903]","[0.804175853729248, 0.7918680906295776, 0.7915118932723999, 0.7856704592704773, 0.7855964303016663]",1,"[-1, -1, -1, -1, -1]"
4391391c-04bb-4ca1-abba-9f4b3a6c2a81,Gynaecology & Obstetrics,0.10888671875,0.8046875,0.0703125,0.0167236328125,False,A,0.21251201629638672,medmcqa_4,"['PBMD', 'PBMD', 'PBMD', 'PBMD', 'TEXT']","[468043370483355824, 468043370483573191, 468043370483334964, 468043370483753658, 468043370482391108]","[0.841951847076416, 0.8271867632865906, 0.8261323571205139, 0.8242457509040833, 0.8233981728553772]",1,"[-1, -1, -1, -1, -1]"
f1f7b5b5-1446-4c3b-b863-6f933689cb95,Gynaecology & Obstetrics,0.0194091796875,0.93359375,0.0133056640625,0.033935546875,True,B,0.21303510665893555,medmcqa_4,"['PBMD', 'PBMD', 'STAT', 'PBMD', 'PBMD']","[468043370483851587, 468043370483364621, 468043370482840358, 468043370483198730, 468043370483459450]","[0.7722548246383667, 0.7588677406311035, 0.7573134303092957, 0.7529204487800598, 0.7487295866012573]",1,"[-1, -1, -1, -1, -1]"
d2aaf9d3-3ec9-450c-94cd-7df423fe49e8,Gynaecology & Obstetrics,0.037353515625,0.0093994140625,0.1572265625,0.796875,True,D,0.31150269508361816,medmcqa_4,"['PBMD', 'PBMD', 'PBMD', 'PBMD', 'PBMD']","[468043370483947159, 468043370483977073, 468043370483591277, 468043370483495215, 468043370483297339]","[0.7926810383796692, 0.7845414876937866, 0.7826458215713501, 0.7813054323196411, 0.7800140380859375]",1,"[-1, -1, -1, -1, -1]"
6e814124-0dfa-4060-a9a5-c6510f5301d4,Gynaecology & Obstetrics,0.1015625,0.10791015625,0.039794921875,0.75,True,D,0.309520959854126,medmcqa_4,"['PBMD', 'PBMD', 'PBMD', 'PBMD', 'PBMD']","[468043370483711588, 468043370483974625, 468043370483638496, 468043370483968649, 468043370483978401]","[0.8242542743682861, 0.8224961757659912, 0.8212746381759644, 0.8202247619628906, 0.8177182078361511]",1,"[-1, -1, -1, -1, -1]"
3717f6b4-9504-4284-be95-e2f899c94187,Gynaecology & Obstetrics,0.1572265625,0.138671875,0.546875,0.1572265625,True,C,12.250486373901367,medmcqa_4,"['PBMD', 'TEXT', 'PBMD', 'TEXT', 'TEXT']","[468043370484001312, 468043370482450833, 468043370483499144, 468043370482451740, 468043370482449518]","[0.7842732071876526, 0.7780184745788574, 0.773020327091217, 0.7653232216835022, 0.7640590071678162]",4,"[468043370482510962, 468043370483671542, 468043370482450966, 468043370482452789, 468043370482450957, 468043370482510962, 468043370482452787, 468043370484052977, 468043370482401297, 468043370482450836, 468043370483616785, 468043370482449227, 468043370482451869, 468043370482451868, 468043370482451740, 468043370482451740, 468043370482449227, 468043370482450966, 468043370483846713, 468043370482450863]"
10baae45-ecc0-4efa-bbb9-cd5b33b79770,Gynaecology & Obstetrics,0.150390625,0.318359375,0.1708984375,0.361328125,True,D,9.142011404037476,medmcqa_4,"['STAT', 'STAT', 'STAT', 'PBMD', 'PBMD']","[468043370483017212, 468043370482919767, 468043370483017209, 468043370483658666, 468043370484117383]","[0.7614750266075134, 0.7513694763183594, 0.7472267746925354, 0.7460528612136841, 0.7456580400466919]",4,"[468043370483526288, 468043370483043581, 468043370483043582, 468043370483540356, 468043370483471472, 468043370482996295, 468043370482919767, 468043370483281717, 468043370483007923, 468043370482432357, 468043370483017177, 468043370483542441, 468043370483473455, 468043370483857267, 468043370483017175, 468043370483462058, 468043370483672840, 468043370483500098, 468043370483657775, 468043370484117383]"
21618a55-4eaf-457c-a8fa-a1a2149c566a,Gynaecology & Obstetrics,0.83203125,0.0390625,0.050048828125,0.07763671875,True,A,0.21248555183410645,medmcqa_4,"['PBMD', 'PBMD', 'PBMD', 'PBMD', 'PBMD']","[468043370483106325, 468043370483243707, 468043370483870380, 468043370484044983, 468043370483391738]","[0.7840667963027954, 0.7806491255760193, 0.768958568572998, 0.7687593102455139, 0.7646121978759766]",1,"[-1, -1, -1, -1, -1]"
014ba2fe-d596-4265-bf46-616641ea4a9f,Gynaecology & Obstetrics,0.2451171875,0.45703125,0.1484375,0.1484375,False,C,9.939752101898193,medmcqa_4,"['PBMD', 'PBMD', 'STAT', 'STAT', 'PBMD']","[468043370483356025, 468043370483949000, 468043370482870470, 468043370482858551, 468043370484071845]","[0.8073638677597046, 0.8052891492843628, 0.8030852675437927, 0.795491099357605, 0.7921005487442017]",4,"[468043370483116619, 468043370482845182, 468043370483120050, 468043370483122797, 468043370482895140, 468043370483982031, 468043370484024479, 468043370483782757, 468043370482540386, 468043370484036161, 468043370484072381, 468043370483949000, 468043370483826624, 468043370482447824, 468043370483815604, 468043370483356025, 468043370483420825, 468043370482461823, 468043370483733827, 468043370483949000]"
de803c1d-d6b5-49b1-ba45-ed4abe3ec0ef,Gynaecology & Obstetrics,0.4921875,0.1591796875,0.08544921875,0.263671875,False,D,10.15397596359253,medmcqa_4,"['TEXT', 'PBMD', 'PBMD', 'TEXT', 'TEXT']","[468043370482453183, 468043370484028435, 468043370483492178, 468043370482453242, 468043370482453177]","[0.822023868560791, 0.8186891078948975, 0.8116246461868286, 0.810712456703186, 0.8092824220657349]",4,"[468043370483640123, 468043370484013561, 468043370482454061, 468043370483492178, 468043370483640124, 468043370484019334, 468043370482453242, 468043370484028435, 468043370482454052, 468043370482453177, 468043370482453158, 468043370482453203, 468043370482453242, 468043370483574029, 468043370483856416, 468043370482454118, 468043370483640134, 468043370483775417, 468043370482454180, 468043370484013561]"
a6cc1419-094c-4675-b250-ba45e4569bd2,Gynaecology & Obstetrics,0.91796875,0.040283203125,0.029541015625,0.0130615234375,True,A,8.498929977416992,medmcqa_4,"['TEXT', 'PBMD', 'TEXT', 'TEXT', 'STAT']","[468043370482462416, 468043370484071805, 468043370482382923, 468043370482462417, 468043370482782322]","[0.784300684928894, 0.7741735577583313, 0.7731295228004456, 0.7730433940887451, 0.770370602607727]",3,"[468043370483011024, 468043370482384642, 468043370482384643, 468043370482462417, 468043370482522083, 468043370482384640, 468043370482787448, 468043370482428423, 468043370482384637, 468043370482384982, 468043370482384470, 468043370482787448, 468043370482450602, 468043370482462416, 468043370482917498]"
114fa1dd-9f36-4b84-9f6a-68303bc63931,Gynaecology & Obstetrics,0.1943359375,0.06298828125,0.72265625,0.019287109375,False,A,0.20984601974487305,medmcqa_4,"['STAT', 'STAT', 'TEXT', 'STAT', 'STAT']","[468043370482814771, 468043370482556670, 468043370482389830, 468043370483057200, 468043370483057204]","[0.7913939356803894, 0.7843810319900513, 0.7843135595321655, 0.7833250761032104, 0.7811414003372192]",1,"[-1, -1, -1, -1, -1]"
7f0270fd-7d45-43ec-b77e-0038115bb845,Gynaecology & Obstetrics,0.310546875,0.1142578125,0.51171875,0.06494140625,False,A,5.512458324432373,medmcqa_4,"['PBMD', 'PBMD', 'PBMD', 'PBMD', 'PBMD']","[468043370483645066, 468043370483766429, 468043370483314659, 468043370483362560, 468043370484032947]","[0.8646184802055359, 0.8391526341438293, 0.836385190486908, 0.8319438099861145, 0.8309640288352966]",2,"[468043370483766429, 468043370483645066, 468043370482424271, 468043370483327904, 468043370483314659, 468043370483766429, 468043370484060032, 468043370483808723, 468043370484075039, 468043370484069425]"
5b612728-c228-4423-8fd8-fde0ff1d3f68,Gynaecology & Obstetrics,0.203125,0.23046875,0.486328125,0.07958984375,True,C,8.64788293838501,medmcqa_4,"['TEXT', 'PBMD', 'PBMD', 'PBMD', 'PBMD']","[468043370482408618, 468043370484114195, 468043370483524202, 468043370484046770, 468043370484001527]","[0.7732272148132324, 0.7660923004150391, 0.7629399299621582, 0.7612223625183105, 0.7609725594520569]",4,"[468043370484029271, 468043370484086210, 468043370483598522, 468043370484029285, 468043370484116482, 468043370483839436, 468043370483314660, 468043370483941845, 468043370483872062, 468043370483564506, 468043370483748854, 468043370482452801, 468043370482451800, 468043370483300078, 468043370482452777, 468043370482454337, 468043370483809788, 468043370483208101, 468043370482460834, 468043370483968014]"
21d61ebe-1fce-4629-b499-37b681908cc0,Gynaecology & Obstetrics,0.11474609375,0.029052734375,0.0078125,0.84765625,True,D,5.966049432754517,medmcqa_4,"['PBMD', 'TEXT', 'PBMD', 'PBMD', 'PBMD']","[468043370483151829, 468043370482450685, 468043370484011141, 468043370483508191, 468043370484025006]","[0.7937033772468567, 0.7723482847213745, 0.7662679553031921, 0.7660648226737976, 0.7657567262649536]",2,"[468043370484069245, 468043370483484292, 468043370483448369, 468043370483302087, 468043370484070209, 468043370483900780, 468043370483151829, 468043370484025006, 468043370484055454, 468043370483496594]"
721d3b8f-c3a4-4f82-899a-db8078710935,Gynaecology & Obstetrics,0.07373046875,0.0947265625,0.79296875,0.03955078125,False,B,11.975556135177612,medmcqa_4,"['PBMD', 'PBMD', 'PBMD', 'PBMD', 'PBMD']","[468043370483495232, 468043370483285244, 468043370483684540, 468043370483573186, 468043370483814436]","[0.8209416270256042, 0.8106101751327515, 0.805840253829956, 0.8043215870857239, 0.8014869689941406]",4,"[468043370483109807, 468043370483342005, 468043370483489475, 468043370483590828, 468043370482865198, 468043370484097277, 468043370483590828, 468043370483694379, 468043370483814436, 468043370483165176, 468043370483114544, 468043370483111490, 468043370483120749, 468043370483814436, 468043370483573186, 468043370483533231, 468043370483514577, 468043370483262624, 468043370483207597, 468043370483527322]"
7af75a95-3b56-4e2e-b091-3c3eef052b67,Radiology,0.2275390625,0.166015625,0.546875,0.061279296875,True,C,7.51745343208313,medmcqa_4,"['STAT', 'PBMD', 'STAT', 'STAT', 'STAT']","[468043370482828207, 468043370483482160, 468043370483077984, 468043370483064743, 468043370482978582]","[0.7131136655807495, 0.70615154504776, 0.7023406028747559, 0.697375476360321, 0.6958249807357788]",4,"[468043370483739745, 468043370483417605, 468043370483455473, 468043370483299313, 468043370483770201, 468043370483491897, 468043370484019627, 468043370483210465, 468043370483491711, 468043370483397866, 468043370483847470, 468043370483392363, 468043370484065798, 468043370483802678, 468043370483153276, 468043370482950664, 468043370482493998, 468043370483046716, 468043370484061234, 468043370482932466]"
2f703c9f-2d54-4833-b319-25f8dc8b500c,Radiology,0.00958251953125,0.00579833984375,0.0084228515625,0.9765625,True,D,0.21191883087158203,medmcqa_4,"['STAT', 'STAT', 'PBMD', 'PBMD', 'PBMD']","[468043370483037953, 468043370483037934, 468043370483732569, 468043370483749185, 468043370483467631]","[0.7352082133293152, 0.7329673767089844, 0.7130051255226135, 0.7126094698905945, 0.7093392610549927]",1,"[-1, -1, -1, -1, -1]"
be51a97c-7791-4710-8fd5-87de14ec3c09,Radiology,0.470703125,0.4140625,0.043701171875,0.072265625,False,B,6.992794752120972,medmcqa_4,"['PBMD', 'PBMD', 'PBMD', 'PBMD', 'STAT']","[468043370483463631, 468043370483147134, 468043370483540497, 468043370484051500, 468043370483052182]","[0.7311403155326843, 0.7310400605201721, 0.726762056350708, 0.7258002758026123, 0.722804605960846]",3,"[468043370483054349, 468043370482950914, 468043370483389132, 468043370483057768, 468043370482797792, 468043370483623933, 468043370483147134, 468043370483473318, 468043370484044331, 468043370483389132, 468043370482810400, 468043370482856952, 468043370484044331, 468043370482889390, 468043370483489658]"
ddf70117-84c0-4fe8-a4f4-143205abf2c9,Radiology,0.123046875,0.048095703125,0.80078125,0.0274658203125,False,A,10.636662721633911,medmcqa_4,"['PBMD', 'PBMD', 'PBMD', 'PBMD', 'PBMD']","[468043370484010070, 468043370483373151, 468043370483828257, 468043370484032431, 468043370483854681]","[0.7651378512382507, 0.7640985250473022, 0.7598296403884888, 0.7578766942024231, 0.7557821273803711]",4,"[468043370483335922, 468043370483568043, 468043370484047843, 468043370482562019, 468043370483552535, 468043370483828257, 468043370483445151, 468043370483857250, 468043370483163629, 468043370483441644, 468043370482465048, 468043370483278662, 468043370482562021, 468043370483059921, 468043370483059923, 468043370483318950, 468043370483512434, 468043370482851405, 468043370483275957, 468043370482851462]"
0f2b4bd8-8032-44cf-bf8e-ff24900ded1e,Radiology,0.76953125,0.1259765625,0.091796875,0.012451171875,True,A,0.3086965084075928,medmcqa_4,"['PBMD', 'PBMD', 'TEXT', 'STAT', 'PBMD']","[468043370483591425, 468043370484126835, 468043370482369756, 468043370482997565, 468043370483373176]","[0.8017177581787109, 0.8008968234062195, 0.7900463938713074, 0.7813608050346375, 0.7805508971214294]",1,"[-1, -1, -1, -1, -1]"
d7f6905a-377d-4fa0-a5a5-d7f5c8d8ac4f,Radiology,0.30859375,0.5078125,0.07763671875,0.1064453125,False,A,5.798699617385864,medmcqa_4,"['PBMD', 'PBMD', 'PBMD', 'PBMD', 'PBMD']","[468043370483275964, 468043370484077201, 468043370484026243, 468043370483403952, 468043370483356518]","[0.748153030872345, 0.7464264631271362, 0.7434523105621338, 0.7422102689743042, 0.7394348978996277]",3,"[468043370483576977, 468043370482546996, 468043370483425980, 468043370483365048, 468043370482546997, 468043370483763409, 468043370483822185, 468043370482773475, 468043370483288303, 468043370483372505, 468043370483640824, 468043370483403056, 468043370483491034, 468043370482411218, 468043370482526462]"
d5070ff9-a3de-4f6c-a9ba-12918fa6ef04,Radiology,0.03955078125,0.84765625,0.08935546875,0.0255126953125,False,C,5.326546669006348,medmcqa_4,"['PBMD', 'PBMD', 'PBMD', 'STAT', 'STAT']","[468043370483894146, 468043370483773388, 468043370483837693, 468043370482951966, 468043370482946511]","[0.8113361597061157, 0.8035227060317993, 0.7994468212127686, 0.7994000315666199, 0.7958065271377563]",2,"[468043370483773388, 468043370484064495, 468043370482836122, 468043370482775876, 468043370483837693, 468043370483077442, 468043370483029899, 468043370482819434, 468043370483469428, 468043370482536155]"
a1fa6f97-be57-47b3-a946-c71ac455345b,Radiology,0.11767578125,0.046142578125,0.0191650390625,0.81640625,True,D,9.338663101196289,medmcqa_4,"['PBMD', 'STAT', 'STAT', 'PBMD', 'STAT']","[468043370483289585, 468043370482560330, 468043370482952055, 468043370483133666, 468043370482560321]","[0.78337562084198, 0.7665407657623291, 0.7638740539550781, 0.759782075881958, 0.7589166164398193]",4,"[468043370482560330, 468043370483289585, 468043370482560327, 468043370483216586, 468043370482889390, 468043370483289585, 468043370483212921, 468043370483429591, 468043370482408436, 468043370483741823, 468043370483928057, 468043370482864556, 468043370483303165, 468043370483471250, 468043370482877889, 468043370483291479, 468043370483986466, 468043370482861127, 468043370482429649, 468043370483624494]"
44c45759-5d60-46e2-a099-b67024101321,Radiology,0.154296875,0.050048828125,0.69140625,0.10595703125,True,C,4.076617956161499,medmcqa_4,"['PBMD', 'PBMD', 'PBMD', 'PBMD', 'PBMD']","[468043370483601977, 468043370483489785, 468043370484052150, 468043370483146280, 468043370483735570]","[0.773242712020874, 0.7716081738471985, 0.7702430486679077, 0.7687548398971558, 0.7665095329284668]",2,"[468043370482880425, 468043370483209593, 468043370483601977, 468043370482918688, 468043370483735570, 468043370484073320, 468043370482918688, 468043370483395560, 468043370483211977, 468043370484052164]"
