id,subject,probA,probB,probC,probD,result,answer,time,split,sources,ids,similarity,confident,add_ids
43b91e2e-4010-45d7-9e9e-be49ac4ed250,Microbiology,0.041748046875,0.00531005859375,0.953125,0.00104522705078125,True,C,0.20079612731933594,medmcqa_2,"['STAT', 'STAT', 'STAT', 'STAT', 'TEXT']","[468043370482508466, 468043370482822381, 468043370482863940, 468043370482863941, 468043370482470677]","[0.7837201356887817, 0.7804117798805237, 0.7729934453964233, 0.7674628496170044, 0.7663564085960388]",1,"[-1, -1, -1, -1, -1]"
6d740ff7-c57b-4f62-a953-14e8b41fba76,Microbiology,0.71484375,0.0849609375,0.1591796875,0.042724609375,False,C,0.3044097423553467,medmcqa_2,"['PBMD', 'PBMD', 'PBMD', 'PBMD', 'PBMD']","[468043370483743209, 468043370483239460, 468043370483396145, 468043370483104648, 468043370484091619]","[0.771330714225769, 0.7663590908050537, 0.765731930732727, 0.7630149126052856, 0.760664701461792]",1,"[-1, -1, -1, -1, -1]"
83e62b82-7186-4bd8-81ad-c035cebd98c9,Microbiology,0.337890625,0.0517578125,0.5546875,0.054931640625,False,D,9.410141706466675,medmcqa_2,"['PBMD', 'PBMD', 'PBMD', 'STAT', 'PBMD']","[468043370484035433, 468043370483727816, 468043370483742926, 468043370482926462, 468043370484097283]","[0.8389129638671875, 0.8359037041664124, 0.8307284116744995, 0.8222359418869019, 0.8148788213729858]",4,"[468043370483742926, 468043370482561828, 468043370484035433, 468043370483036366, 468043370482878327, 468043370482926462, 468043370483695900, 468043370482839322, 468043370482778024, 468043370482561828, 468043370482926462, 468043370484035433, 468043370483727816, 468043370482839322, 468043370482878327, 468043370483727816, 468043370482926462, 468043370484035433, 468043370482878327, 468043370483036366]"
1f9e0b7b-8eab-4fb0-a1c7-9ff074f3e1d8,Microbiology,0.796875,0.0240478515625,0.083984375,0.09521484375,True,A,0.13241362571716309,medmcqa_2,"['STAT', 'PBMD', 'PBMD', 'STAT', 'STAT']","[468043370482839545, 468043370483091734, 468043370483109209, 468043370483013227, 468043370482521306]","[0.7889552116394043, 0.7837905287742615, 0.7676953673362732, 0.7593625783920288, 0.7593624591827393]",1,"[-1, -1, -1, -1, -1]"
f2ed694c-991d-40e5-a191-25c076168ea6,Microbiology,0.020263671875,0.91796875,0.04296875,0.020263671875,False,D,0.16573429107666016,medmcqa_2,"['STAT', 'STAT', 'PBMD', 'STAT', 'STAT']","[468043370482961946, 468043370482529012, 468043370484118775, 468043370482830918, 468043370482535199]","[0.7934771776199341, 0.7878373265266418, 0.7706013321876526, 0.7677918076515198, 0.7599169015884399]",1,"[-1, -1, -1, -1, -1]"
7095637c-81c9-42f8-8484-54c3eedf5623,Microbiology,0.06591796875,0.91015625,0.01300048828125,0.0107421875,True,B,0.23352742195129395,medmcqa_2,"['TEXT', 'PBMD', 'TEXT', 'TEXT', 'STAT']","[468043370482417180, 468043370483729935, 468043370482417313, 468043370482417228, 468043370482794646]","[0.7847123742103577, 0.7842452526092529, 0.7823578715324402, 0.7820999026298523, 0.7806202173233032]",1,"[-1, -1, -1, -1, -1]"
26160738-1887-4252-86d4-1719a5a80bd3,Microbiology,0.078125,0.89453125,0.0174560546875,0.00775146484375,True,B,0.30652284622192383,medmcqa_2,"['PBMD', 'PBMD', 'PBMD', 'PBMD', 'PBMD']","[468043370483464219, 468043370483263609, 468043370483440066, 468043370483127954, 468043370483446948]","[0.8364347219467163, 0.8312350511550903, 0.8299401998519897, 0.829666018486023, 0.8295067548751831]",1,"[-1, -1, -1, -1, -1]"
2c4a6f65-70ac-45ad-9bd5-54de396908fd,Microbiology,0.09814453125,0.01409912109375,0.01409912109375,0.875,True,D,4.4392991065979,medmcqa_2,"['TEXT', 'TEXT', 'TEXT', 'PBMD', 'PBMD']","[468043370482416661, 468043370482416660, 468043370482416892, 468043370483556872, 468043370483415858]","[0.7633275985717773, 0.7563568353652954, 0.7508111000061035, 0.7413737177848816, 0.7362741231918335]",2,"[468043370483077860, 468043370482458248, 468043370482416661, 468043370484103876, 468043370483796141, 468043370483111336, 468043370483110307, 468043370483725831, 468043370483118930, 468043370483221306]"
1e94a9ca-55e4-4e9a-bf7b-cb2dc4ba2ab5,Microbiology,0.353515625,0.515625,0.07861328125,0.05419921875,True,B,10.636049270629883,medmcqa_2,"['STAT', 'PBMD', 'PBMD', 'PBMD', 'TEXT']","[468043370482852389, 468043370483868326, 468043370483625008, 468043370483944656, 468043370482415640]","[0.7679008841514587, 0.7671470046043396, 0.7659131288528442, 0.7587121725082397, 0.7577558755874634]",4,"[468043370483640556, 468043370484095022, 468043370483963231, 468043370484068219, 468043370483763957, 468043370483359144, 468043370484083920, 468043370483183469, 468043370483110547, 468043370483922194, 468043370483640556, 468043370483963231, 468043370484068219, 468043370483763957, 468043370482506461, 468043370483763957, 468043370483640556, 468043370484068219, 468043370483963231, 468043370482506461]"
7ea82e60-afcc-43a2-ba90-8424f3294ac1,Microbiology,0.859375,0.0400390625,0.06640625,0.035400390625,True,A,0.16731023788452148,medmcqa_2,"['PBMD', 'PBMD', 'PBMD', 'PBMD', 'PBMD']","[468043370484105705, 468043370483667027, 468043370483397940, 468043370483522021, 468043370483807161]","[0.7482702732086182, 0.7337790727615356, 0.7332687377929688, 0.7315720915794373, 0.730352520942688]",1,"[-1, -1, -1, -1, -1]"
a074e962-7c67-42ab-9215-76af20ac3d70,Microbiology,0.140625,0.28125,0.408203125,0.169921875,True,C,10.144070863723755,medmcqa_2,"['PBMD', 'STAT', 'PBMD', 'PBMD', 'PBMD']","[468043370483263872, 468043370483074117, 468043370483103297, 468043370483725400, 468043370483322896]","[0.8272457122802734, 0.8249080181121826, 0.8024818897247314, 0.8003793358802795, 0.800275444984436]",4,"[468043370483322896, 468043370483074117, 468043370484007269, 468043370483483091, 468043370482511159, 468043370483725400, 468043370483807637, 468043370483467434, 468043370484059251, 468043370483263872, 468043370482908976, 468043370483074117, 468043370482893579, 468043370483263872, 468043370482511161, 468043370483725400, 468043370483074117, 468043370483807637, 468043370483728842, 468043370484124490]"
80b1797f-6a00-42e2-92a1-6f913e5deded,Microbiology,0.02392578125,0.89453125,0.057373046875,0.0224609375,True,B,0.23904180526733398,medmcqa_2,"['PBMD', 'PBMD', 'PBMD', 'PBMD', 'STAT']","[468043370483666712, 468043370483670553, 468043370483658195, 468043370483668480, 468043370482922380]","[0.7969425916671753, 0.7936805486679077, 0.7915617823600769, 0.7905507683753967, 0.7885526418685913]",1,"[-1, -1, -1, -1, -1]"
138f2721-a8f6-4456-a302-e63411415f00,Microbiology,0.6953125,0.2412109375,0.036865234375,0.025390625,True,A,5.701149225234985,medmcqa_2,"['PBMD', 'PBMD', 'PBMD', 'PBMD', 'PBMD']","[468043370483928719, 468043370483764148, 468043370483939090, 468043370484112235, 468043370483672525]","[0.8304433822631836, 0.8233180046081543, 0.8219581842422485, 0.8162238597869873, 0.8113681077957153]",2,"[468043370483703437, 468043370483953485, 468043370482417521, 468043370483928719, 468043370483783164, 468043370483928719, 468043370483764148, 468043370483672525, 468043370483697508, 468043370483783164]"
b2378ac9-d9c4-415f-9e8d-f77a39b6117a,Microbiology,0.8671875,0.026123046875,0.0859375,0.021728515625,True,A,0.30890965461730957,medmcqa_2,"['PBMD', 'PBMD', 'PBMD', 'PBMD', 'PBMD']","[468043370483365956, 468043370483080197, 468043370483231581, 468043370483195143, 468043370483239569]","[0.7823110222816467, 0.7785466909408569, 0.7762636542320251, 0.7755580544471741, 0.7703608274459839]",1,"[-1, -1, -1, -1, -1]"
8692345e-a600-4355-a964-bb514b16d977,Microbiology,0.9765625,0.0179443359375,0.0016632080078125,0.00213623046875,True,A,0.16517138481140137,medmcqa_2,"['STAT', 'TEXT', 'STAT', 'STAT', 'STAT']","[468043370482862311, 468043370482462490, 468043370482814690, 468043370482814699, 468043370482862312]","[0.7943431735038757, 0.7743761539459229, 0.7617204785346985, 0.7580479979515076, 0.7526508569717407]",1,"[-1, -1, -1, -1, -1]"
653d9209-e3ec-4f56-bb30-6e9f74c210df,Microbiology,0.30078125,0.1328125,0.181640625,0.384765625,False,C,8.581682443618774,medmcqa_2,"['TEXT', 'TEXT', 'STAT', 'PBMD', 'STAT']","[468043370482462958, 468043370482416327, 468043370482952427, 468043370483090672, 468043370482952424]","[0.8083494901657104, 0.8003347516059875, 0.7903116345405579, 0.7867617607116699, 0.7805670499801636]",4,"[468043370482462958, 468043370482794742, 468043370482416341, 468043370482416353, 468043370482416327, 468043370482978813, 468043370482416330, 468043370482794742, 468043370482416336, 468043370482416353, 468043370482416341, 468043370482462958, 468043370482794742, 468043370482416329, 468043370482416353, 468043370482978813, 468043370483805823, 468043370482416336, 468043370482416330, 468043370483724934]"
8e686bff-ca17-4507-89bc-cce7d6ab9e7f,Microbiology,0.13671875,0.12060546875,0.69140625,0.05029296875,True,C,0.21399188041687012,medmcqa_2,"['PBMD', 'PBMD', 'PBMD', 'PBMD', 'PBMD']","[468043370483458549, 468043370483222638, 468043370484055183, 468043370484125823, 468043370483100064]","[0.8095837831497192, 0.8015583157539368, 0.7979298830032349, 0.7922123074531555, 0.7884178161621094]",1,"[-1, -1, -1, -1, -1]"
dbf438a0-20c0-4eb7-a94a-f337ffabf5af,Microbiology,0.3671875,0.251953125,0.0927734375,0.287109375,False,B,9.57193899154663,medmcqa_2,"['PBMD', 'PBMD', 'PBMD', 'PBMD', 'PBMD']","[468043370483643506, 468043370483225278, 468043370483882692, 468043370483542838, 468043370483543177]","[0.7796381115913391, 0.7768762111663818, 0.7687423825263977, 0.765373945236206, 0.7619745135307312]",4,"[468043370483228550, 468043370483543177, 468043370483649400, 468043370483639636, 468043370483742949, 468043370483875551, 468043370484048843, 468043370484091976, 468043370483236047, 468043370483877845, 468043370482413018, 468043370483811059, 468043370484024452, 468043370483875884, 468043370483546997, 468043370483767447, 468043370484129235, 468043370483660984, 468043370483858729, 468043370482533406]"
409873c7-dd6c-4284-a0b2-dda6e861d639,Microbiology,0.1728515625,0.0869140625,0.73046875,0.01104736328125,True,C,7.056942701339722,medmcqa_2,"['TEXT', 'PBMD', 'TEXT', 'TEXT', 'PBMD']","[468043370482411375, 468043370484004395, 468043370482412484, 468043370482412483, 468043370483080350]","[0.824018120765686, 0.8234438896179199, 0.8210515379905701, 0.8046280741691589, 0.7999507188796997]",3,"[468043370484004395, 468043370483396078, 468043370483080350, 468043370483856272, 468043370483761390, 468043370483622245, 468043370483506844, 468043370482808547, 468043370482950181, 468043370482412483, 468043370483080350, 468043370483438647, 468043370483574846, 468043370483240164, 468043370484004395]"
9010a09d-b097-4371-afbc-c2532fe02740,Microbiology,0.99609375,0.00180816650390625,0.00075531005859375,0.000457763671875,True,A,0.21186518669128418,medmcqa_2,"['TEXT', 'TEXT', 'PBMD', 'TEXT', 'STAT']","[468043370482391540, 468043370482376810, 468043370483205982, 468043370482376811, 468043370483019905]","[0.8206745982170105, 0.7958683967590332, 0.7903353571891785, 0.7853758931159973, 0.777221143245697]",1,"[-1, -1, -1, -1, -1]"
a5b0d222-214a-4d53-9dda-e37cf9f4d3f4,Social & Preventive Medicine,0.06103515625,0.07861328125,0.84375,0.0164794921875,False,D,9.97343373298645,medmcqa_2,"['STAT', 'STAT', 'STAT', 'STAT', 'STAT']","[468043370482959018, 468043370482864444, 468043370482958279, 468043370482816612, 468043370482548735]","[0.73093581199646, 0.7261468768119812, 0.714228630065918, 0.7123399972915649, 0.7105917930603027]",4,"[468043370482792309, 468043370483236704, 468043370483683933, 468043370482945247, 468043370482518997, 468043370482852246, 468043370484062854, 468043370484008743, 468043370484025181, 468043370483703571, 468043370482469888, 468043370482428789, 468043370484027471, 468043370482933303, 468043370482428799, 468043370484008743, 468043370484024211, 468043370484051993, 468043370483778966, 468043370483984409]"
ea95e89d-6de0-424d-968e-b1af4512871f,Social & Preventive Medicine,0.1748046875,0.13671875,0.609375,0.07763671875,True,C,22.7567081451416,medmcqa_2,"['TEXT', 'PBMD', 'TEXT', 'STAT', 'STAT']","[468043370482383783, 468043370483760080, 468043370482401023, 468043370482897063, 468043370482518970]","[0.7902688980102539, 0.7867720127105713, 0.7766807675361633, 0.7730114459991455, 0.7728304862976074]",3,"[468043370482383783, 468043370483014311, 468043370483760080, 468043370483806652, 468043370482466224, 468043370483966907, 468043370482383783, 468043370483797307, 468043370483966906, 468043370483251065, 468043370482383783, 468043370483014311, 468043370483098273, 468043370483752585, 468043370483866532]"
23d97589-5dbe-4c51-b3ff-3d102f13d781,Social & Preventive Medicine,0.2236328125,0.47265625,0.10546875,0.197265625,False,D,13.722653865814209,medmcqa_2,"['PBMD', 'PBMD', 'STAT', 'PBMD', 'PBMD']","[468043370484051363, 468043370484047194, 468043370482935614, 468043370484046770, 468043370483508534]","[0.707624077796936, 0.7057256102561951, 0.7049478888511658, 0.7041241526603699, 0.70375657081604]",3,"[468043370483249523, 468043370482451775, 468043370484123129, 468043370483412876, 468043370483601817, 468043370483654154, 468043370484044675, 468043370483578375, 468043370484114195, 468043370483880506, 468043370483609451, 468043370482445838, 468043370483955145, 468043370483578375, 468043370483557532]"
22c12f88-d394-4d93-8be6-336a477a51b4,Social & Preventive Medicine,0.10693359375,0.10693359375,0.69921875,0.0888671875,True,C,7.651355266571045,medmcqa_2,"['PBMD', 'PBMD', 'PBMD', 'PBMD', 'PBMD']","[468043370484034328, 468043370483210251, 468043370483693605, 468043370483684724, 468043370484007651]","[0.6957094073295593, 0.6906901001930237, 0.6878409385681152, 0.6867793798446655, 0.6864952445030212]",4,"[468043370483621751, 468043370483724301, 468043370483807297, 468043370483104680, 468043370483540211, 468043370483826332, 468043370483731158, 468043370483205883, 468043370483540211, 468043370484075300, 468043370483363440, 468043370483647230, 468043370483258225, 468043370483647236, 468043370483693605, 468043370483868614, 468043370483880828, 468043370483862773, 468043370483916286, 468043370483363440]"
fe1ce20a-009c-45a2-8279-bff1d2e4abcf,Social & Preventive Medicine,0.2734375,0.423828125,0.2412109375,0.06103515625,True,B,47.3162624835968,medmcqa_2,"['STAT', 'PBMD', 'PBMD', 'PBMD', 'STAT']","[468043370482923231, 468043370483411091, 468043370483747579, 468043370484025174, 468043370482522406]","[0.7894330620765686, 0.7655212879180908, 0.7622547149658203, 0.7616040110588074, 0.7594410181045532]",4,"[468043370482457240, 468043370483422206, 468043370483415426, 468043370482418170, 468043370484042993, 468043370483670416, 468043370483473858, 468043370483752592, 468043370483751738, 468043370484042988, 468043370483241752, 468043370483066656, 468043370483532103, 468043370483246982, 468043370483887058, 468043370482450711, 468043370482935811, 468043370483802774, 468043370483712482, 468043370484097479]"
6a2018d0-b742-44ff-a1df-5d0ce3483984,Social & Preventive Medicine,0.287109375,0.287109375,0.25390625,0.173828125,True,A,49.919580936431885,medmcqa_2,"['PBMD', 'PBMD', 'PBMD', 'TEXT', 'PBMD']","[468043370483704388, 468043370483416721, 468043370484093920, 468043370482411692, 468043370483251541]","[0.8015660047531128, 0.8013409972190857, 0.7922067642211914, 0.7895567417144775, 0.7883532047271729]",4,"[468043370482918056, 468043370482812103, 468043370483460457, 468043370483416721, 468043370483653939, 468043370483704388, 468043370483416721, 468043370483134987, 468043370484093920, 468043370483084652, 468043370483704388, 468043370483416721, 468043370483251541, 468043370484093920, 468043370483084652, 468043370482918056, 468043370482918057, 468043370482400989, 468043370482981861, 468043370483021272]"
9dbe9f17-d9ee-46fe-b3d3-8c6c19758be6,Social & Preventive Medicine,0.12109375,0.032470703125,0.83984375,0.007720947265625,True,C,0.23744463920593262,medmcqa_2,"['PBMD', 'PBMD', 'PBMD', 'PBMD', 'PBMD']","[468043370484104804, 468043370483524863, 468043370483808737, 468043370484091220, 468043370483743049]","[0.7608181238174438, 0.7539392709732056, 0.7529793977737427, 0.7486931681632996, 0.7463436722755432]",1,"[-1, -1, -1, -1, -1]"
e49551cd-0938-4688-a453-9913cac000db,Social & Preventive Medicine,0.015869140625,0.98046875,0.00130462646484375,0.00177764892578125,True,B,0.2130434513092041,medmcqa_2,"['PBMD', 'STAT', 'PBMD', 'PBMD', 'PBMD']","[468043370483482820, 468043370482898911, 468043370483910569, 468043370484128855, 468043370483909914]","[0.7320473790168762, 0.7222342491149902, 0.7206403017044067, 0.7135610580444336, 0.7108179330825806]",1,"[-1, -1, -1, -1, -1]"
ef1fe490-ef5b-40a4-8aae-062d5976bd90,Social & Preventive Medicine,0.2080078125,0.18359375,0.56640625,0.04345703125,False,A,7.782145977020264,medmcqa_2,"['STAT', 'TEXT', 'TEXT', 'STAT', 'STAT']","[468043370482537118, 468043370482422389, 468043370482433391, 468043370482890960, 468043370483077921]","[0.7776402831077576, 0.7667438983917236, 0.7634016275405884, 0.7616674900054932, 0.7565133571624756]",3,"[468043370483351019, 468043370483798481, 468043370483822851, 468043370483392830, 468043370483017479, 468043370484122680, 468043370483500315, 468043370482797107, 468043370483017479, 468043370482890958, 468043370483017479, 468043370482797107, 468043370483500315, 468043370482890958, 468043370484122680]"
6aa90491-889d-4f74-802a-a1346c68b5aa,Social & Preventive Medicine,0.435546875,0.298828125,0.08544921875,0.181640625,True,A,10.901616096496582,medmcqa_2,"['PBMD', 'PBMD', 'PBMD', 'STAT', 'PBMD']","[468043370484029517, 468043370483528947, 468043370483694042, 468043370482820908, 468043370484029516]","[0.8142789006233215, 0.8131110668182373, 0.7983071804046631, 0.7959587574005127, 0.7950942516326904]",4,"[468043370483528947, 468043370484029517, 468043370484029516, 468043370483738036, 468043370484095765, 468043370483528947, 468043370484029517, 468043370483227834, 468043370482993195, 468043370484095765, 468043370484029517, 468043370483528947, 468043370484029516, 468043370482820908, 468043370483738036, 468043370483738036, 468043370484029516, 468043370483825287, 468043370484029517, 468043370483747868]"
f681a332-bcb8-4fdf-98da-ca4e560f00d2,Social & Preventive Medicine,0.03076171875,0.1669921875,0.79296875,0.00830078125,True,C,0.23890352249145508,medmcqa_2,"['PBMD', 'PBMD', 'PBMD', 'STAT', 'PBMD']","[468043370483408107, 468043370483869128, 468043370483596028, 468043370482979691, 468043370483226819]","[0.7952723503112793, 0.7948565483093262, 0.7842545509338379, 0.7776475548744202, 0.7769095301628113]",1,"[-1, -1, -1, -1, -1]"
484de2a0-f89b-4e79-88c3-11cb2da4fcde,Social & Preventive Medicine,0.447265625,0.39453125,0.1357421875,0.023681640625,False,B,9.496918439865112,medmcqa_2,"['PBMD', 'PBMD', 'STAT', 'PBMD', 'PBMD']","[468043370484029517, 468043370483528947, 468043370482820908, 468043370483694042, 468043370484029516]","[0.8090890049934387, 0.8074443340301514, 0.8062626123428345, 0.800790548324585, 0.7994002103805542]",4,"[468043370484029517, 468043370483528947, 468043370482820908, 468043370484029516, 468043370482837614, 468043370484029517, 468043370483738036, 468043370484029516, 468043370484038558, 468043370483227834, 468043370483738036, 468043370484029517, 468043370483528947, 468043370483479503, 468043370483227834, 468043370484029517, 468043370483528947, 468043370483738036, 468043370484029516, 468043370484038558]"
8be0f11a-fb38-4996-95b7-b3fcf36de7c4,Social & Preventive Medicine,0.08447265625,0.2158203125,0.45703125,0.244140625,True,C,6.891784191131592,medmcqa_2,"['PBMD', 'PBMD', 'PBMD', 'PBMD', 'PBMD']","[468043370483911888, 468043370483685777, 468043370483407665, 468043370483280255, 468043370483641802]","[0.7327939867973328, 0.7199689149856567, 0.713888943195343, 0.7095032930374146, 0.7048428654670715]",3,"[468043370483911888, 468043370482416534, 468043370483685777, 468043370482511006, 468043370483945973, 468043370483911888, 468043370483685777, 468043370484063524, 468043370483780800, 468043370483317976, 468043370482929086, 468043370484033939, 468043370482981801, 468043370483547244, 468043370483910636]"
91f22318-7737-491a-8096-d504ac9c8aae,Social & Preventive Medicine,0.984375,0.00799560546875,0.002593994140625,0.0035552978515625,True,A,0.16560029983520508,medmcqa_2,"['STAT', 'STAT', 'STAT', 'PBMD', 'STAT']","[468043370483026220, 468043370482945249, 468043370482792305, 468043370483308671, 468043370482945250]","[0.7704823017120361, 0.7575496435165405, 0.742199182510376, 0.7368537783622742, 0.7325766086578369]",1,"[-1, -1, -1, -1, -1]"
4f50899d-3016-461b-bd81-c1c29fbe6d29,Social & Preventive Medicine,0.55859375,0.263671875,0.12451171875,0.05517578125,True,A,4.6681365966796875,medmcqa_2,"['PBMD', 'PBMD', 'PBMD', 'PBMD', 'PBMD']","[468043370483621768, 468043370483348323, 468043370484020373, 468043370483461286, 468043370483533008]","[0.7410742044448853, 0.7204060554504395, 0.7185159921646118, 0.7166076898574829, 0.7138701677322388]",2,"[468043370483844619, 468043370483653874, 468043370483535261, 468043370484087491, 468043370483655777, 468043370483354012, 468043370483302340, 468043370484086133, 468043370484086132, 468043370483899315]"
5969f19a-3697-4e23-a8de-b63dbe06997e,Social & Preventive Medicine,0.232421875,0.04052734375,0.71484375,0.0108642578125,True,C,7.2762792110443115,medmcqa_2,"['PBMD', 'PBMD', 'PBMD', 'PBMD', 'TEXT']","[468043370483312349, 468043370483449507, 468043370483842783, 468043370483324108, 468043370482439506]","[0.768885612487793, 0.7553218603134155, 0.7552220821380615, 0.7549151182174683, 0.7536200284957886]",4,"[468043370483536831, 468043370483358126, 468043370483725833, 468043370483393823, 468043370483504086, 468043370483019553, 468043370483210974, 468043370483161608, 468043370483435990, 468043370483312349, 468043370483655767, 468043370483840024, 468043370483782046, 468043370483603885, 468043370483348863, 468043370483868818, 468043370483679619, 468043370483116867, 468043370482529221, 468043370483274456]"
f5f3cd4b-3180-4f0e-b585-d681407b89d0,Social & Preventive Medicine,0.13671875,0.6953125,0.056884765625,0.11328125,False,C,8.993859052658081,medmcqa_2,"['STAT', 'STAT', 'PBMD', 'PBMD', 'PBMD']","[468043370482820908, 468043370482837614, 468043370483528947, 468043370484046457, 468043370483466539]","[0.8416229486465454, 0.8254289627075195, 0.8104520440101624, 0.8057557344436646, 0.8013691306114197]",4,"[468043370483528947, 468043370484029517, 468043370482820908, 468043370483782647, 468043370483738036, 468043370482820908, 468043370482837614, 468043370483528947, 468043370484029517, 468043370484046457, 468043370483528947, 468043370483227834, 468043370483417603, 468043370484029516, 468043370484046457, 468043370483528947, 468043370482820908, 468043370484029517, 468043370483738036, 468043370483782647]"
bbb8ca0b-54ed-4f08-a87d-8eef087e37f1,Social & Preventive Medicine,0.23828125,0.0086669921875,0.10546875,0.6484375,True,D,6.552467584609985,medmcqa_2,"['PBMD', 'PBMD', 'PBMD', 'PBMD', 'PBMD']","[468043370483093194, 468043370484123469, 468043370483100284, 468043370483450292, 468043370483298637]","[0.7236809730529785, 0.7211539149284363, 0.7154773473739624, 0.7147423028945923, 0.7143774628639221]",3,"[468043370482494676, 468043370483837980, 468043370483956286, 468043370483212636, 468043370483735914, 468043370482494676, 468043370484045961, 468043370483805663, 468043370483298637, 468043370483592366, 468043370482494676, 468043370484064513, 468043370483801499, 468043370482406240, 468043370483315948]"
8f13c7e0-8ca3-4dac-9e30-de740fe777c3,Social & Preventive Medicine,0.0252685546875,0.019775390625,0.004669189453125,0.94921875,True,D,5.766132831573486,medmcqa_2,"['PBMD', 'PBMD', 'PBMD', 'PBMD', 'PBMD']","[468043370483549003, 468043370483849411, 468043370483447992, 468043370483625249, 468043370483250633]","[0.7699906826019287, 0.7654221057891846, 0.7648969888687134, 0.7641292810440063, 0.7633060216903687]",3,"[468043370483351143, 468043370484110531, 468043370483018801, 468043370483455406, 468043370482412373, 468043370483019553, 468043370483312349, 468043370483890529, 468043370483210974, 468043370483223793, 468043370483868818, 468043370483679619, 468043370483274456, 468043370483488463, 468043370483116867]"
6506849d-8885-4adf-88b7-4e010e026d6c,Social & Preventive Medicine,0.09765625,0.87109375,0.0218505859375,0.00909423828125,False,A,0.16974186897277832,medmcqa_2,"['PBMD', 'TEXT', 'PBMD', 'TEXT', 'PBMD']","[468043370483590276, 468043370482451454, 468043370483496808, 468043370482451453, 468043370483249523]","[0.7654982805252075, 0.7533836960792542, 0.7501660585403442, 0.7451063394546509, 0.7394360303878784]",1,"[-1, -1, -1, -1, -1]"
55cf89e3-a464-43f3-8790-669a47a1be85,Dental,0.51953125,0.09033203125,0.357421875,0.03125,False,C,7.5412819385528564,medmcqa_2,"['PBMD', 'PBMD', 'PBMD', 'PBMD', 'PBMD']","[468043370483210347, 468043370483536073, 468043370483278636, 468043370483467708, 468043370483278631]","[0.8200734853744507, 0.8121512532234192, 0.8028528690338135, 0.7937881350517273, 0.7904655933380127]",4,"[468043370483413116, 468043370483210347, 468043370483211847, 468043370483467708, 468043370483211845, 468043370483413116, 468043370483826868, 468043370483829172, 468043370483215571, 468043370483214008, 468043370483413116, 468043370483215571, 468043370483211847, 468043370483829172, 468043370483297715, 468043370483413116, 468043370483215571, 468043370483829172, 468043370483536699, 468043370483211847]"
e7fa6148-7a14-4133-a1d3-c443b970c349,Dental,0.298828125,0.12451171875,0.4921875,0.08544921875,True,C,11.482841730117798,medmcqa_2,"['PBMD', 'PBMD', 'PBMD', 'PBMD', 'STAT']","[468043370484057379, 468043370483839161, 468043370484078153, 468043370483652271, 468043370482552634]","[0.7868757247924805, 0.7748256921768188, 0.7712060809135437, 0.767701268196106, 0.76673424243927]",4,"[468043370483643526, 468043370483642531, 468043370483217391, 468043370483216760, 468043370482497729, 468043370484078153, 468043370483652271, 468043370484057379, 468043370483217391, 468043370483216760, 468043370483643526, 468043370483211350, 468043370483642531, 468043370483539332, 468043370483217391, 468043370483218213, 468043370483652271, 468043370483643928, 468043370483839161, 468043370483642531]"
7876791e-f9f6-404e-8c3c-32106bc3bffb,Dental,1.0,0.0010986328125,0.00012302398681640625,7.009506225585938e-05,True,A,0.30864405632019043,medmcqa_2,"['PBMD', 'PBMD', 'PBMD', 'PBMD', 'PBMD']","[468043370484020876, 468043370484044027, 468043370483363329, 468043370483817074, 468043370483365172]","[0.8125547766685486, 0.7955895662307739, 0.7860985994338989, 0.7843701243400574, 0.7839234471321106]",1,"[-1, -1, -1, -1, -1]"
dac44c4d-224b-489e-a7f7-72879f6c4c70,Dental,0.0269775390625,0.019775390625,0.953125,0.001953125,True,C,0.20673918724060059,medmcqa_2,"['PBMD', 'PBMD', 'PBMD', 'PBMD', 'PBMD']","[468043370483540733, 468043370483777492, 468043370484062555, 468043370483539740, 468043370483540460]","[0.772590160369873, 0.7712554335594177, 0.7671267986297607, 0.766937792301178, 0.7554880380630493]",1,"[-1, -1, -1, -1, -1]"
362a094c-f1d9-4faa-97ab-48242be3dd4b,Dental,0.54296875,0.12890625,0.1376953125,0.1884765625,False,B,8.554867506027222,medmcqa_2,"['TEXT', 'TEXT', 'PBMD', 'PBMD', 'PBMD']","[468043370482392563, 468043370482392682, 468043370483814575, 468043370483454112, 468043370483479311]","[0.75922030210495, 0.7519516348838806, 0.7497893571853638, 0.7465972304344177, 0.7458733916282654]",4,"[468043370483782182, 468043370482392563, 468043370483952835, 468043370482934692, 468043370482482779, 468043370483073235, 468043370482834913, 468043370482392563, 468043370482476400, 468043370482800801, 468043370482840333, 468043370482834913, 468043370483650205, 468043370482840337, 468043370483073235, 468043370483346791, 468043370483201758, 468043370483145214, 468043370483498043, 468043370483341779]"
163e1bfc-0b55-4bbe-9eb4-e18802ccfd24,Dental,0.361328125,0.10986328125,0.28125,0.248046875,True,A,7.583588123321533,medmcqa_2,"['PBMD', 'PBMD', 'PBMD', 'PBMD', 'PBMD']","[468043370484098486, 468043370483539576, 468043370483915261, 468043370483212213, 468043370483539845]","[0.7736873626708984, 0.7653838396072388, 0.7551792860031128, 0.7538501620292664, 0.753669798374176]",4,"[468043370483251076, 468043370483651936, 468043370483212213, 468043370484117351, 468043370483213200, 468043370483251076, 468043370484098486, 468043370483651936, 468043370483213200, 468043370484117351, 468043370483651936, 468043370484059753, 468043370483213200, 468043370483540514, 468043370484098486, 468043370483213887, 468043370483212213, 468043370483651936, 468043370484098486, 468043370483213200]"
0d4f60ed-dd1c-4e67-9f18-91f79a392d09,Dental,0.388671875,0.1259765625,0.388671875,0.09814453125,False,D,7.734408378601074,medmcqa_2,"['PBMD', 'TEXT', 'TEXT', 'PBMD', 'PBMD']","[468043370483145853, 468043370482394054, 468043370482394026, 468043370483646705, 468043370483276479]","[0.7858903408050537, 0.7802847027778625, 0.7658350467681885, 0.7647208571434021, 0.7645788192749023]",4,"[468043370483215905, 468043370483212924, 468043370484019961, 468043370483218757, 468043370483648004, 468043370483864019, 468043370483126806, 468043370483216455, 468043370483821254, 468043370483673887, 468043370482879030, 468043370483602038, 468043370482879038, 468043370483538176, 468043370483648004, 468043370483821694, 468043370484019961, 468043370483248059, 468043370483539824, 468043370483935225]"
0ac39111-d0b2-4dda-978c-e7faa6640bd4,Dental,0.5390625,0.2236328125,0.01434326171875,0.2236328125,False,B,6.84782338142395,medmcqa_2,"['PBMD', 'PBMD', 'PBMD', 'PBMD', 'PBMD']","[468043370483268479, 468043370483556792, 468043370483345586, 468043370483249523, 468043370484035180]","[0.7937935590744019, 0.7903317213058472, 0.7866017818450928, 0.7857460975646973, 0.7674119472503662]",3,"[468043370483212636, 468043370483821894, 468043370483556792, 468043370484035180, 468043370483801488, 468043370482862252, 468043370482400848, 468043370482862253, 468043370483801488, 468043370483866821, 468043370483212636, 468043370483556792, 468043370483773807, 468043370483735914, 468043370482400848]"
769fac02-71ac-4554-bade-5d6a9a5edfb4,Dental,0.076171875,0.234375,0.67578125,0.01239013671875,True,C,4.2255754470825195,medmcqa_2,"['PBMD', 'PBMD', 'PBMD', 'PBMD', 'PBMD']","[468043370483130869, 468043370483209727, 468043370483266802, 468043370484031289, 468043370483651655]","[0.784609854221344, 0.7782621383666992, 0.765666127204895, 0.7625570297241211, 0.7594417929649353]",2,"[468043370483755165, 468043370483263873, 468043370483147873, 468043370483243463, 468043370484055756, 468043370483209727, 468043370483266802, 468043370483435427, 468043370483127398, 468043370483091649]"
4e29b7d3-c58d-41ef-863f-70fddda43bc5,Dental,0.341796875,0.171875,0.341796875,0.142578125,True,A,8.492947578430176,medmcqa_2,"['TEXT', 'STAT', 'STAT', 'STAT', 'STAT']","[468043370482376338, 468043370483008355, 468043370482502702, 468043370482980278, 468043370482957247]","[0.7075919508934021, 0.707340657711029, 0.6966133117675781, 0.690459132194519, 0.6873947978019714]",4,"[468043370484040682, 468043370484032152, 468043370484116385, 468043370483852549, 468043370483691770, 468043370482793999, 468043370483494685, 468043370482450578, 468043370483063132, 468043370482562491, 468043370482448629, 468043370482449281, 468043370483299742, 468043370483452430, 468043370483533728, 468043370482938434, 468043370482489603, 468043370483057091, 468043370482980278, 468043370482450578]"
63be6ad9-c40b-4731-8733-9bbe611387d2,Dental,0.34375,0.126953125,0.0869140625,0.44140625,True,D,3.863539695739746,medmcqa_2,"['PBMD', 'PBMD', 'PBMD', 'PBMD', 'PBMD']","[468043370483755625, 468043370484078322, 468043370483826313, 468043370483686359, 468043370483537586]","[0.7895791530609131, 0.784213662147522, 0.7770158052444458, 0.7715381383895874, 0.7651183009147644]",2,"[468043370484048648, 468043370483686359, 468043370483214595, 468043370483537861, 468043370484058553, 468043370483755625, 468043370483897925, 468043370483288554, 468043370483537861, 468043370483750514]"
6d599732-8a50-4969-a176-ce4f99bd4b03,Dental,0.1318359375,0.216796875,0.24609375,0.40625,False,B,6.403205871582031,medmcqa_2,"['PBMD', 'PBMD', 'PBMD', 'PBMD', 'PBMD']","[468043370483194530, 468043370483946114, 468043370483424002, 468043370483683949, 468043370483685828]","[0.7659063339233398, 0.7538424730300903, 0.7493032813072205, 0.7490873336791992, 0.7439855933189392]",4,"[468043370483225378, 468043370483194530, 468043370483860876, 468043370482990787, 468043370482534499, 468043370483225378, 468043370483735925, 468043370483729965, 468043370483943673, 468043370482892839, 468043370483225378, 468043370482410550, 468043370483194530, 468043370483685828, 468043370482534499, 468043370483225378, 468043370483194530, 468043370483685827, 468043370483685828, 468043370483424002]"
461c8a4f-a185-459a-879b-c3d15b2a4682,Dental,0.859375,0.1025390625,0.0228271484375,0.0157470703125,True,A,0.26624441146850586,medmcqa_2,"['PBMD', 'PBMD', 'PBMD', 'PBMD', 'PBMD']","[468043370483684012, 468043370483438702, 468043370483557842, 468043370483801713, 468043370483910435]","[0.7908753752708435, 0.7877247333526611, 0.7776325345039368, 0.7728866934776306, 0.7698598504066467]",1,"[-1, -1, -1, -1, -1]"
55b01624-a67f-4680-b4df-f5f693a5ba90,Dental,0.40234375,0.333984375,0.1396484375,0.123046875,False,D,5.281692028045654,medmcqa_2,"['TEXT', 'TEXT', 'TEXT', 'TEXT', 'TEXT']","[468043370482423540, 468043370482372730, 468043370482471377, 468043370482467398, 468043370482467917]","[0.6942577362060547, 0.6942577362060547, 0.6942577362060547, 0.6942576766014099, 0.6942576766014099]",4,"[468043370484088873, 468043370483345886, 468043370483224310, 468043370483537662, 468043370483266059, 468043370483224310, 468043370482473908, 468043370483574047, 468043370482810778, 468043370482810771, 468043370483257319, 468043370483911268, 468043370482556802, 468043370483796824, 468043370483715614, 468043370483224310, 468043370483882430, 468043370483217018, 468043370483214910, 468043370483283618]"
5502e908-10f1-4588-afd2-6bfd63d1b1f3,Dental,0.12451171875,0.435546875,0.1416015625,0.298828125,False,C,9.594652891159058,medmcqa_2,"['PBMD', 'PBMD', 'PBMD', 'PBMD', 'PBMD']","[468043370483826334, 468043370483652120, 468043370483817063, 468043370483766920, 468043370483259724]","[0.7668332457542419, 0.7632268667221069, 0.7598644495010376, 0.7565083503723145, 0.7555190920829773]",4,"[468043370483652120, 468043370484027578, 468043370483211607, 468043370484069374, 468043370483151680, 468043370483265240, 468043370483755165, 468043370483538802, 468043370484035864, 468043370483261263, 468043370483652120, 468043370483817063, 468043370483212735, 468043370483217742, 468043370482966138, 468043370483871868, 468043370483542063, 468043370483215709, 468043370483237329, 468043370483219237]"
1470a21a-b226-4cd1-904d-85cd841d5afa,Dental,0.10693359375,0.451171875,0.3984375,0.044677734375,False,A,9.190556764602661,medmcqa_2,"['PBMD', 'PBMD', 'PBMD', 'PBMD', 'PBMD']","[468043370483537775, 468043370483537312, 468043370484054897, 468043370483642531, 468043370483864840]","[0.7618856430053711, 0.7452558279037476, 0.739823043346405, 0.7306782007217407, 0.7274343967437744]",4,"[468043370483217708, 468043370483537775, 468043370483537312, 468043370483371920, 468043370483815847, 468043370483537775, 468043370483537312, 468043370483217708, 468043370484056454, 468043370483846670, 468043370483537775, 468043370483537312, 468043370483538547, 468043370483217708, 468043370484056454, 468043370483537775, 468043370483217708, 468043370484054897, 468043370483537312, 468043370483215997]"
4ffc9c91-2230-44f7-826f-91b8d683ab20,Dental,0.16796875,0.70703125,0.025634765625,0.1015625,False,A,0.2128748893737793,medmcqa_2,"['PBMD', 'PBMD', 'PBMD', 'PBMD', 'TEXT']","[468043370483613846, 468043370483740600, 468043370483529584, 468043370483943525, 468043370482477842]","[0.7177377939224243, 0.7096740007400513, 0.7052733302116394, 0.6901506781578064, 0.6882315874099731]",1,"[-1, -1, -1, -1, -1]"
39b3ec62-cf74-489a-b61c-8615b27e3e48,Dental,0.80859375,0.1806640625,0.01019287109375,0.001373291015625,True,A,0.1919717788696289,medmcqa_2,"['PBMD', 'PBMD', 'STAT', 'PBMD', 'PBMD']","[468043370483532195, 468043370483441858, 468043370482933550, 468043370483772192, 468043370483089748]","[0.735088586807251, 0.7331652641296387, 0.7215906381607056, 0.7169036865234375, 0.7140448093414307]",1,"[-1, -1, -1, -1, -1]"
0ada062a-c400-4012-af5e-31144ba41401,Dental,0.32421875,0.173828125,0.134765625,0.3671875,False,C,8.198036909103394,medmcqa_2,"['PBMD', 'PBMD', 'PBMD', 'PBMD', 'PBMD']","[468043370483461632, 468043370483606475, 468043370483566197, 468043370483823285, 468043370483500704]","[0.775924026966095, 0.7751042246818542, 0.7688021659851074, 0.7643345594406128, 0.7641202211380005]",4,"[468043370482437978, 468043370483348774, 468043370482880169, 468043370484087289, 468043370483500704, 468043370483794676, 468043370483829393, 468043370483422296, 468043370483652213, 468043370483848286, 468043370483577044, 468043370483512505, 468043370483457387, 468043370483461632, 468043370483484195, 468043370483606475, 468043370483461632, 468043370483350478, 468043370483484195, 468043370483407184]"
39dea240-7448-438e-a215-545b98c8ef65,Dental,0.1591796875,0.71484375,0.080078125,0.045654296875,True,B,0.1696462631225586,medmcqa_2,"['PBMD', 'PBMD', 'PBMD', 'PBMD', 'PBMD']","[468043370483540032, 468043370483212251, 468043370483427276, 468043370483540491, 468043370483142662]","[0.7932808995246887, 0.7850167751312256, 0.7778726816177368, 0.7772866487503052, 0.7702438831329346]",1,"[-1, -1, -1, -1, -1]"
f9bb7193-94ef-47e5-abf3-095faf372aea,Pathology,0.0157470703125,0.006561279296875,0.97265625,0.004791259765625,True,C,0.2357478141784668,medmcqa_2,"['STAT', 'PBMD', 'PBMD', 'PBMD', 'TEXT']","[468043370482542693, 468043370483199345, 468043370484082269, 468043370483198844, 468043370482458820]","[0.8040517568588257, 0.7927803993225098, 0.7909461259841919, 0.7824128270149231, 0.7792822122573853]",1,"[-1, -1, -1, -1, -1]"
71a5084e-36a1-4cc3-bee0-9de613f5fd24,Pathology,0.022216796875,0.392578125,0.57421875,0.01190185546875,False,B,11.48395037651062,medmcqa_2,"['PBMD', 'PBMD', 'PBMD', 'PBMD', 'PBMD']","[468043370483195753, 468043370483167193, 468043370484112702, 468043370483113320, 468043370484036284]","[0.8384908437728882, 0.8054832220077515, 0.8049429655075073, 0.8039289116859436, 0.8011221885681152]",4,"[468043370483195753, 468043370483113320, 468043370483212924, 468043370483209685, 468043370483184294, 468043370483538902, 468043370483195753, 468043370483167193, 468043370483195191, 468043370483184294, 468043370483195753, 468043370484036284, 468043370483219757, 468043370484112702, 468043370483539130, 468043370484006897, 468043370483865280, 468043370482989530, 468043370483653476, 468043370482989522]"
b69ced59-82cc-43b7-b3b8-829f8ee8930b,Pathology,0.06689453125,0.005157470703125,0.007476806640625,0.921875,True,D,0.2622196674346924,medmcqa_2,"['TEXT', 'PBMD', 'PBMD', 'PBMD', 'PBMD']","[468043370482455144, 468043370483218410, 468043370483921218, 468043370483701814, 468043370483281550]","[0.8017904758453369, 0.7901260852813721, 0.7860029935836792, 0.7851462364196777, 0.7843418121337891]",1,"[-1, -1, -1, -1, -1]"
d2ca31a3-800c-4bf7-b150-a3981acc7587,Pathology,0.06689453125,0.006622314453125,0.0027618408203125,0.921875,True,D,0.21119379997253418,medmcqa_2,"['PBMD', 'PBMD', 'PBMD', 'PBMD', 'PBMD']","[468043370483537924, 468043370483535984, 468043370483216189, 468043370483216188, 468043370483211685]","[0.8210127949714661, 0.811562180519104, 0.8010762929916382, 0.7970232963562012, 0.7925833463668823]",1,"[-1, -1, -1, -1, -1]"
1fbd609b-f47b-451c-abbd-a33c4e0e96a6,Pathology,0.0115966796875,0.005157470703125,0.0013885498046875,0.98046875,True,D,0.2357802391052246,medmcqa_2,"['STAT', 'PBMD', 'TEXT', 'PBMD', 'PBMD']","[468043370482553881, 468043370483648495, 468043370482493277, 468043370483655001, 468043370483214109]","[0.7747721672058105, 0.7734808325767517, 0.7706029415130615, 0.7671139240264893, 0.7661957740783691]",1,"[-1, -1, -1, -1, -1]"
57eb90ac-1025-4763-b6c0-ff5581ef2126,Pathology,0.93359375,0.0595703125,0.007110595703125,0.00140380859375,True,A,4.540183067321777,medmcqa_2,"['STAT', 'STAT', 'STAT', 'TEXT', 'TEXT']","[468043370483072876, 468043370483072886, 468043370482975005, 468043370482408435, 468043370482464233]","[0.8336040377616882, 0.8253967761993408, 0.8200619220733643, 0.8158251047134399, 0.8145161271095276]",2,"[468043370482981856, 468043370483072876, 468043370483212044, 468043370483537088, 468043370482933620, 468043370483062212, 468043370482459842, 468043370483062205, 468043370483140061, 468043370483289691]"
727846e5-b373-427f-bf08-541ec8c75262,Pathology,0.55859375,0.0458984375,0.384765625,0.01025390625,True,A,4.746591329574585,medmcqa_2,"['PBMD', 'PBMD', 'PBMD', 'PBMD', 'PBMD']","[468043370483574205, 468043370483214363, 468043370483555376, 468043370484124128, 468043370483522722]","[0.7714672088623047, 0.7655970454216003, 0.7542861700057983, 0.7497437000274658, 0.7471389770507812]",2,"[468043370483402372, 468043370482429649, 468043370482861118, 468043370482914402, 468043370483331977, 468043370483310233, 468043370482947117, 468043370482893388, 468043370482560324, 468043370483216579]"
059d6968-3cf3-49e4-a30c-c15b1f3b3308,Pathology,0.353515625,0.1015625,0.353515625,0.189453125,True,A,9.754563093185425,medmcqa_2,"['PBMD', 'PBMD', 'PBMD', 'PBMD', 'PBMD']","[468043370483161611, 468043370483193837, 468043370483707660, 468043370483731104, 468043370483809432]","[0.7995167970657349, 0.7944567799568176, 0.782535195350647, 0.7775863409042358, 0.7719443440437317]",4,"[468043370483648002, 468043370483459380, 468043370483161611, 468043370482394051, 468043370484058297, 468043370483041662, 468043370482512451, 468043370483638160, 468043370483161611, 468043370483211694, 468043370483161611, 468043370483459380, 468043370483193837, 468043370483539836, 468043370483536237, 468043370483161611, 468043370483707660, 468043370483638160, 468043370483539836, 468043370483643980]"
d2f3fa53-c024-4179-bf34-169fd7b99fc9,Pathology,0.03466796875,0.0034332275390625,0.0087890625,0.953125,True,D,0.25026845932006836,medmcqa_2,"['STAT', 'PBMD', 'PBMD', 'PBMD', 'PBMD']","[468043370482510014, 468043370483686261, 468043370483542613, 468043370484116805, 468043370484093949]","[0.8581362366676331, 0.8095548152923584, 0.7934645414352417, 0.7913686037063599, 0.7913450598716736]",1,"[-1, -1, -1, -1, -1]"
35e5b5ae-82da-4f68-a011-91818a64c684,Pathology,0.042724609375,0.9140625,0.03125,0.01385498046875,True,B,0.25821447372436523,medmcqa_2,"['STAT', 'PBMD', 'PBMD', 'PBMD', 'PBMD']","[468043370482887379, 468043370483833517, 468043370484004887, 468043370483870355, 468043370483888521]","[0.7648215889930725, 0.7551474571228027, 0.7521501183509827, 0.7475541830062866, 0.7370615005493164]",1,"[-1, -1, -1, -1, -1]"
1c27560a-931b-4594-8d6e-d8038663078d,Pathology,0.058349609375,0.0228271484375,0.9140625,0.0045166015625,True,C,0.14603495597839355,medmcqa_2,"['STAT', 'STAT', 'STAT', 'STAT', 'PBMD']","[468043370482498056, 468043370482867155, 468043370483059744, 468043370482788889, 468043370483136329]","[0.8365188837051392, 0.8317105770111084, 0.8272645473480225, 0.8237267732620239, 0.8200638294219971]",1,"[-1, -1, -1, -1, -1]"
f3f3ad74-951f-4907-913d-f5c6c6c2dd2a,Pathology,0.0306396484375,0.015380859375,0.11376953125,0.83984375,True,D,0.30626463890075684,medmcqa_2,"['TEXT', 'PBMD', 'STAT', 'PBMD', 'TEXT']","[468043370482447697, 468043370483968649, 468043370482836350, 468043370484070807, 468043370482447699]","[0.8126155138015747, 0.8049545288085938, 0.8043421506881714, 0.8011749982833862, 0.7991267442703247]",1,"[-1, -1, -1, -1, -1]"
6f46c045-c710-4abd-ab73-62bc510167b5,Pathology,0.73046875,0.1435546875,0.0341796875,0.0927734375,True,A,0.16574716567993164,medmcqa_2,"['PBMD', 'PBMD', 'PBMD', 'PBMD', 'PBMD']","[468043370483535903, 468043370483192245, 468043370483214671, 468043370483539331, 468043370484110780]","[0.7903226017951965, 0.7847757339477539, 0.7809861302375793, 0.7802678942680359, 0.7768034934997559]",1,"[-1, -1, -1, -1, -1]"
f90b63af-1880-4eee-9405-bb1ef156af1e,Pathology,0.23828125,0.10595703125,0.08251953125,0.57421875,True,D,7.38348126411438,medmcqa_2,"['PBMD', 'PBMD', 'STAT', 'STAT', 'STAT']","[468043370483506581, 468043370483413922, 468043370483052726, 468043370482909466, 468043370482925118]","[0.7363348603248596, 0.732404887676239, 0.726118803024292, 0.7236400246620178, 0.7232056260108948]",4,"[468043370482903407, 468043370482949545, 468043370483491708, 468043370482847355, 468043370483008439, 468043370482463728, 468043370482903413, 468043370482878649, 468043370482847346, 468043370483885061, 468043370482903407, 468043370483491708, 468043370482949545, 468043370482847355, 468043370482903413, 468043370482847346, 468043370482903413, 468043370482463728, 468043370482560873, 468043370482841739]"
11dce32c-3739-443e-a77c-224198dc55a1,Pathology,0.017578125,0.00885009765625,0.9609375,0.0120849609375,False,A,0.20982861518859863,medmcqa_2,"['PBMD', 'PBMD', 'PBMD', 'PBMD', 'PBMD']","[468043370484048561, 468043370484033759, 468043370483537637, 468043370484007670, 468043370484015379]","[0.7497832775115967, 0.7433754205703735, 0.7359312176704407, 0.7333766222000122, 0.733246386051178]",1,"[-1, -1, -1, -1, -1]"
00eb7f90-ec76-4b2a-89e8-9f716b070bfa,Pathology,0.13671875,0.064453125,0.78515625,0.011962890625,True,C,0.2105414867401123,medmcqa_2,"['TEXT', 'PBMD', 'TEXT', 'PBMD', 'PBMD']","[468043370482381805, 468043370483536147, 468043370482391177, 468043370483536903, 468043370483360114]","[0.805012583732605, 0.8043749332427979, 0.7861745953559875, 0.7861442565917969, 0.7792387008666992]",1,"[-1, -1, -1, -1, -1]"
11e91efd-b528-4686-bc2c-3c654cea7a6b,Pathology,1.0,0.00075531005859375,0.00058746337890625,0.000179290771484375,True,A,0.1654195785522461,medmcqa_2,"['STAT', 'STAT', 'STAT', 'STAT', 'STAT']","[468043370483014166, 468043370482937581, 468043370483014177, 468043370483014190, 468043370483014162]","[0.8198504447937012, 0.7962872385978699, 0.7877158522605896, 0.7862914204597473, 0.783228874206543]",1,"[-1, -1, -1, -1, -1]"
9b8ebf6f-3451-401c-838d-f2f50a3e7d8a,Pathology,0.99609375,0.0023193359375,0.00180816650390625,0.00014781951904296875,True,A,0.26024746894836426,medmcqa_2,"['PBMD', 'PBMD', 'PBMD', 'PBMD', 'PBMD']","[468043370484092723, 468043370483693616, 468043370483813618, 468043370483662636, 468043370483673383]","[0.8569070100784302, 0.8464158773422241, 0.8393512964248657, 0.8304218053817749, 0.8292478322982788]",1,"[-1, -1, -1, -1, -1]"
b55d9ee8-ae0e-4a10-a2a5-f8553f94abec,Pathology,0.953125,0.02880859375,0.00994873046875,0.0068359375,True,A,0.16546988487243652,medmcqa_2,"['STAT', 'STAT', 'PBMD', 'PBMD', 'STAT']","[468043370482497585, 468043370482896987, 468043370483465040, 468043370483444130, 468043370482896946]","[0.7920739054679871, 0.7717359066009521, 0.7712984085083008, 0.7670794129371643, 0.7665198445320129]",1,"[-1, -1, -1, -1, -1]"
fa5def89-71cb-4aba-9c23-af07401b10b0,Pathology,0.0164794921875,0.01287841796875,0.9609375,0.0113525390625,True,C,0.20175838470458984,medmcqa_2,"['STAT', 'STAT', 'STAT', 'PBMD', 'TEXT']","[468043370482882188, 468043370482856827, 468043370483045627, 468043370483890706, 468043370482455231]","[0.763904333114624, 0.762162446975708, 0.7612094283103943, 0.7538812160491943, 0.7530369758605957]",1,"[-1, -1, -1, -1, -1]"
641f160f-eef0-4b8c-9cb8-3241d2d63173,Pediatrics,0.08837890625,0.0732421875,0.65234375,0.1865234375,False,D,4.974850654602051,medmcqa_2,"['PBMD', 'PBMD', 'PBMD', 'PBMD', 'PBMD']","[468043370483160732, 468043370483763986, 468043370483811501, 468043370483506872, 468043370483765244]","[0.7946184277534485, 0.7809783816337585, 0.7800878286361694, 0.7785732746124268, 0.7764421105384827]",2,"[468043370483756890, 468043370483327908, 468043370483474263, 468043370483399249, 468043370483439855, 468043370483249118, 468043370483772686, 468043370484094377, 468043370483497212, 468043370483845413]"
1a54dc09-051e-419b-879e-6d435f34f711,Pediatrics,0.07080078125,0.8125,0.020263671875,0.09716796875,False,A,0.3117256164550781,medmcqa_2,"['PBMD', 'PBMD', 'PBMD', 'PBMD', 'PBMD']","[468043370483849366, 468043370483937846, 468043370483524202, 468043370483742369, 468043370483764830]","[0.7462267875671387, 0.7431508898735046, 0.7422851324081421, 0.7412928342819214, 0.7404357194900513]",1,"[-1, -1, -1, -1, -1]"
7f2895f8-0a13-45fc-bfd1-a3d5b7fbb121,Pediatrics,0.92578125,0.024658203125,0.00799560546875,0.040771484375,True,A,0.23707985877990723,medmcqa_2,"['TEXT', 'PBMD', 'TEXT', 'TEXT', 'STAT']","[468043370482436130, 468043370484102877, 468043370482464663, 468043370482417938, 468043370482999021]","[0.7956824898719788, 0.7896773219108582, 0.7739955186843872, 0.7714409828186035, 0.7713090181350708]",1,"[-1, -1, -1, -1, -1]"
6918034a-534e-462d-a6d2-68d66fe748cc,Pediatrics,0.0096435546875,0.984375,0.004852294921875,0.00189971923828125,True,B,0.2389059066772461,medmcqa_2,"['PBMD', 'PBMD', 'PBMD', 'PBMD', 'PBMD']","[468043370484055272, 468043370483936441, 468043370483487271, 468043370483858359, 468043370483573797]","[0.8319919109344482, 0.7903730869293213, 0.7886549830436707, 0.7837836742401123, 0.7835798263549805]",1,"[-1, -1, -1, -1, -1]"
a8741f5b-b523-461f-b335-3dbe021ad8de,Pediatrics,0.0157470703125,0.004241943359375,0.9765625,0.0029144287109375,True,C,0.2605764865875244,medmcqa_2,"['STAT', 'STAT', 'TEXT', 'TEXT', 'STAT']","[468043370482563633, 468043370482860444, 468043370482457480, 468043370482486012, 468043370482954807]","[0.7940559983253479, 0.7786837220191956, 0.7669463157653809, 0.7630578279495239, 0.7623297572135925]",1,"[-1, -1, -1, -1, -1]"
71aace23-dcbd-489a-b9b7-b3f52adfc9f1,Pediatrics,0.07177734375,0.0247802734375,0.87109375,0.03173828125,True,C,0.2130436897277832,medmcqa_2,"['TEXT', 'PBMD', 'PBMD', 'PBMD', 'PBMD']","[468043370482403683, 468043370483557668, 468043370483624151, 468043370483514025, 468043370483468920]","[0.8029577136039734, 0.7794909477233887, 0.7615892291069031, 0.7585583925247192, 0.7583965063095093]",1,"[-1, -1, -1, -1, -1]"
f31cf6f2-74fe-4d49-a8a7-ae85b1359d2b,Pediatrics,0.03857421875,0.93359375,0.01416015625,0.01507568359375,False,C,0.2617957592010498,medmcqa_2,"['TEXT', 'PBMD', 'PBMD', 'TEXT', 'STAT']","[468043370482383058, 468043370483636896, 468043370483481096, 468043370482444346, 468043370483028066]","[0.8013518452644348, 0.8002887964248657, 0.8002246022224426, 0.7972255349159241, 0.7944282293319702]",1,"[-1, -1, -1, -1, -1]"
26a782ca-42b0-441b-a24f-3a368f66727c,Pediatrics,0.00958251953125,0.9765625,0.0030975341796875,0.01226806640625,True,B,8.00687551498413,medmcqa_2,"['STAT', 'PBMD', 'PBMD', 'STAT', 'PBMD']","[468043370482829604, 468043370483864788, 468043370484085383, 468043370483011674, 468043370483563413]","[0.7463526129722595, 0.7415023446083069, 0.7369625568389893, 0.731606125831604, 0.7314630746841431]",3,"[468043370483011648, 468043370483342541, 468043370483011579, 468043370482945244, 468043370483338853, 468043370482855358, 468043370482855427, 468043370483913010, 468043370483822299, 468043370483850085, 468043370482975812, 468043370482975755, 468043370482543762, 468043370483011489, 468043370483011579]"
33a697bc-627a-4a24-b381-19c181fcdded,Pediatrics,0.98046875,0.014892578125,0.0035247802734375,0.0025787353515625,True,A,0.21082043647766113,medmcqa_2,"['STAT', 'STAT', 'PBMD', 'STAT', 'STAT']","[468043370482912136, 468043370483068270, 468043370483925287, 468043370482936963, 468043370482986201]","[0.7892075181007385, 0.7788270115852356, 0.7771061658859253, 0.7760554552078247, 0.7747514247894287]",1,"[-1, -1, -1, -1, -1]"
277484ef-0832-433c-ba20-92a56041c894,Pediatrics,0.06982421875,0.1669921875,0.01287841796875,0.75,False,B,5.843918323516846,medmcqa_2,"['PBMD', 'PBMD', 'STAT', 'TEXT', 'STAT']","[468043370483748679, 468043370483487067, 468043370482499867, 468043370482463938, 468043370482880054]","[0.7737767100334167, 0.7611324787139893, 0.7545379996299744, 0.7531782388687134, 0.7466824054718018]",2,"[468043370483748679, 468043370482463938, 468043370483741399, 468043370483599170, 468043370483865639, 468043370483748679, 468043370482463938, 468043370483779305, 468043370482876474, 468043370483777204]"
3ed188d6-3605-4419-b71e-118167218468,Pediatrics,0.78515625,0.10009765625,0.07763671875,0.03662109375,True,A,10.422718048095703,medmcqa_2,"['STAT', 'PBMD', 'PBMD', 'PBMD', 'STAT']","[468043370482502122, 468043370483353187, 468043370484103574, 468043370483900455, 468043370482828837]","[0.8122694492340088, 0.7974159717559814, 0.7922306060791016, 0.7909715175628662, 0.788882851600647]",4,"[468043370482502122, 468043370483900455, 468043370483642603, 468043370482426105, 468043370482426106, 468043370482502122, 468043370483900455, 468043370483353187, 468043370483374301, 468043370483882192, 468043370482502122, 468043370483314080, 468043370483642603, 468043370483977052, 468043370482828831, 468043370482502122, 468043370483374301, 468043370483900455, 468043370483353187, 468043370482828837]"
8a5481db-d909-4ff3-9f52-52f004f3c6fb,Pediatrics,0.00701904296875,0.9765625,0.0025787353515625,0.01312255859375,True,B,0.2622215747833252,medmcqa_2,"['PBMD', 'PBMD', 'PBMD', 'PBMD', 'PBMD']","[468043370484008933, 468043370483718536, 468043370483619228, 468043370483699743, 468043370483939727]","[0.8036872148513794, 0.8031389713287354, 0.8015307784080505, 0.7992898225784302, 0.7947407960891724]",1,"[-1, -1, -1, -1, -1]"
f1cbc766-a7ea-44ec-ba8b-997ffc3a028a,Pediatrics,0.09716796875,0.0859375,0.71875,0.09716796875,True,C,7.765836000442505,medmcqa_2,"['PBMD', 'PBMD', 'PBMD', 'PBMD', 'TEXT']","[468043370483963140, 468043370484076982, 468043370483370113, 468043370483748575, 468043370482372966]","[0.7763458490371704, 0.7758806347846985, 0.7747191786766052, 0.7730345129966736, 0.7730143666267395]",3,"[468043370482524781, 468043370482554466, 468043370482554435, 468043370483814534, 468043370482554448, 468043370482998593, 468043370483683771, 468043370482785927, 468043370482998625, 468043370483593828, 468043370482512544, 468043370484103820, 468043370483310134, 468043370483470086, 468043370483643203]"
b98c9b26-1cf3-4d2f-80e5-ba589c91b94f,Pediatrics,0.51171875,0.07861328125,0.3984375,0.010009765625,True,A,7.602778673171997,medmcqa_2,"['STAT', 'STAT', 'PBMD', 'STAT', 'PBMD']","[468043370482797893, 468043370482985677, 468043370484010637, 468043370482505852, 468043370483655117]","[0.7903023958206177, 0.7872413992881775, 0.774628758430481, 0.7735415697097778, 0.7704735994338989]",3,"[468043370482797893, 468043370483037048, 468043370482505852, 468043370483037003, 468043370482956999, 468043370482797893, 468043370483751947, 468043370483336844, 468043370482956999, 468043370483220239, 468043370482797893, 468043370482956999, 468043370482920596, 468043370482430611, 468043370482909423]"
238019d8-3c6b-486e-9d00-fda1273d22e7,Pediatrics,0.267578125,0.18359375,0.388671875,0.162109375,False,D,13.911693811416626,medmcqa_2,"['PBMD', 'STAT', 'STAT', 'STAT', 'PBMD']","[468043370483161364, 468043370482896208, 468043370482896209, 468043370482911443, 468043370484061649]","[0.7691400647163391, 0.767738938331604, 0.765876293182373, 0.7639124393463135, 0.763837456703186]",4,"[468043370482911443, 468043370482896208, 468043370482462862, 468043370482462860, 468043370482896209, 468043370482896208, 468043370482462876, 468043370482462907, 468043370482462862, 468043370482911443, 468043370482896208, 468043370482462907, 468043370482462876, 468043370482896209, 468043370483860880, 468043370482896208, 468043370482462876, 468043370482462907, 468043370482896209, 468043370482911443]"
87e68531-25dc-4647-a84c-28b40279d8fe,Pediatrics,0.40234375,0.09521484375,0.455078125,0.0478515625,False,D,5.013987064361572,medmcqa_2,"['TEXT', 'PBMD', 'TEXT', 'STAT', 'PBMD']","[468043370482405808, 468043370483759223, 468043370482405620, 468043370482847930, 468043370483255289]","[0.789018452167511, 0.7750340700149536, 0.7741451263427734, 0.7725446224212646, 0.7721899151802063]",2,"[468043370482886330, 468043370482985128, 468043370482860371, 468043370482886344, 468043370482873999, 468043370482886349, 468043370482934176, 468043370482886344, 468043370482991622, 468043370482991624]"
e16742f8-aa56-4a27-9d8d-b7643e5f27c5,Pediatrics,0.08447265625,0.10205078125,0.75390625,0.05810546875,True,C,0.19745159149169922,medmcqa_2,"['PBMD', 'TEXT', 'PBMD', 'TEXT', 'TEXT']","[468043370483211409, 468043370482442507, 468043370483320329, 468043370482460037, 468043370482462283]","[0.7524538636207581, 0.7438225150108337, 0.7427763938903809, 0.7423167824745178, 0.7405599355697632]",1,"[-1, -1, -1, -1, -1]"
14e05154-05a2-4472-a63e-261d765893ae,Pediatrics,0.8125,0.09716796875,0.01318359375,0.07568359375,True,A,0.23325300216674805,medmcqa_2,"['PBMD', 'PBMD', 'PBMD', 'PBMD', 'PBMD']","[468043370483156818, 468043370483185427, 468043370483853354, 468043370483372553, 468043370483779367]","[0.7920045256614685, 0.7727714776992798, 0.7687806487083435, 0.7687525749206543, 0.7673416137695312]",1,"[-1, -1, -1, -1, -1]"
08773184-d813-48bd-b8ac-fdcaab87d67c,Pediatrics,0.57421875,0.19921875,0.060546875,0.1650390625,False,C,6.696188926696777,medmcqa_2,"['STAT', 'PBMD', 'PBMD', 'STAT', 'PBMD']","[468043370482937414, 468043370483835580, 468043370484025111, 468043370483072247, 468043370483866143]","[0.7765707969665527, 0.7513277530670166, 0.748835563659668, 0.7440569996833801, 0.7423363327980042]",3,"[468043370483727606, 468043370483506715, 468043370483489155, 468043370483279737, 468043370483725460, 468043370482913048, 468043370482825852, 468043370483097739, 468043370482849077, 468043370483878828, 468043370484025111, 468043370483866143, 468043370483727606, 468043370483203457, 468043370483878828]"
84fe7359-1ad3-4031-bf62-e4474bb33a86,Pediatrics,0.447265625,0.13671875,0.17578125,0.240234375,True,A,9.797286987304688,medmcqa_2,"['STAT', 'STAT', 'PBMD', 'TEXT', 'TEXT']","[468043370482864283, 468043370482564094, 468043370484078678, 468043370482419156, 468043370482403646]","[0.7972304821014404, 0.7721425294876099, 0.7711669206619263, 0.7636610865592957, 0.7618170380592346]",4,"[468043370482864283, 468043370482564094, 468043370482564100, 468043370482564092, 468043370482564086, 468043370482864283, 468043370482564087, 468043370482883306, 468043370482564100, 468043370482564094, 468043370482864283, 468043370482564100, 468043370483020217, 468043370482564094, 468043370482486353, 468043370482864283, 468043370482564100, 468043370482564094, 468043370483320747, 468043370482564087]"
3084edf2-d176-43aa-87f4-412ea4098b47,Medicine,0.035888671875,0.87109375,0.0247802734375,0.0673828125,True,B,0.3082466125488281,medmcqa_2,"['STAT', 'PBMD', 'STAT', 'PBMD', 'STAT']","[468043370482939308, 468043370483944635, 468043370483017331, 468043370483510494, 468043370483017332]","[0.8449835777282715, 0.8257554173469543, 0.8189986348152161, 0.8181042075157166, 0.8164352178573608]",1,"[-1, -1, -1, -1, -1]"
b934e553-46ba-4692-a9cc-cc1ae26e7d4f,Medicine,0.1826171875,0.412109375,0.3203125,0.08642578125,True,B,12.801690340042114,medmcqa_2,"['STAT', 'STAT', 'STAT', 'STAT', 'STAT']","[468043370482517962, 468043370483076433, 468043370482929655, 468043370482995672, 468043370482934711]","[0.7917671799659729, 0.7735168933868408, 0.764310896396637, 0.7635483741760254, 0.7621854543685913]",4,"[468043370482780564, 468043370482922065, 468043370482788818, 468043370483076436, 468043370483076433, 468043370482788818, 468043370482922065, 468043370483983584, 468043370483526888, 468043370483100787, 468043370483076433, 468043370482922065, 468043370483290232, 468043370483743993, 468043370482421744, 468043370483118824, 468043370482788818, 468043370483752207, 468043370483526888, 468043370483100787]"
ff7fb7f6-d85e-44f5-af84-9dc2d140b067,Medicine,0.0167236328125,0.97265625,0.00225830078125,0.0079345703125,True,B,0.18404936790466309,medmcqa_2,"['STAT', 'STAT', 'STAT', 'TEXT', 'STAT']","[468043370482527359, 468043370482515401, 468043370483071490, 468043370482469441, 468043370482527380]","[0.8264006972312927, 0.8156816959381104, 0.8024795651435852, 0.801827073097229, 0.8001074194908142]",1,"[-1, -1, -1, -1, -1]"
d6a8de08-5a4c-404b-8622-217e17e5751b,Medicine,0.205078125,0.1416015625,0.0203857421875,0.6328125,False,B,3.673147201538086,medmcqa_2,"['STAT', 'STAT', 'STAT', 'TEXT', 'STAT']","[468043370483012422, 468043370482951656, 468043370482513730, 468043370482439593, 468043370482796088]","[0.7661325931549072, 0.7650201916694641, 0.7635335922241211, 0.7606364488601685, 0.7602524757385254]",2,"[468043370482865087, 468043370483621895, 468043370482796070, 468043370483900846, 468043370482904769, 468043370482872689, 468043370483900846, 468043370482773840, 468043370482934856, 468043370483057973]"
fcf2426c-5371-4141-b4ba-5a941e305824,Medicine,0.2470703125,0.279296875,0.1923828125,0.279296875,False,C,9.438852310180664,medmcqa_2,"['PBMD', 'PBMD', 'STAT', 'STAT', 'STAT']","[468043370484107957, 468043370483136794, 468043370482802166, 468043370482556906, 468043370482861889]","[0.7846823930740356, 0.7663891315460205, 0.7641288042068481, 0.7613075971603394, 0.7534545660018921]",4,"[468043370484016914, 468043370482785108, 468043370483136794, 468043370482946578, 468043370483803776, 468043370483136794, 468043370482893585, 468043370482948764, 468043370482812024, 468043370482511104, 468043370483722331, 468043370483426381, 468043370483828236, 468043370483949283, 468043370484054272, 468043370483399978, 468043370483468899, 468043370483280970, 468043370484107957, 468043370482556903]"
c87fcef2-1b7d-44e2-85c0-618b956f675e,Medicine,0.036376953125,0.01177978515625,0.9375,0.01513671875,True,C,0.21184825897216797,medmcqa_2,"['STAT', 'STAT', 'STAT', 'TEXT', 'TEXT']","[468043370482524094, 468043370482922193, 468043370482558476, 468043370482410001, 468043370482410024]","[0.8212901949882507, 0.8197054862976074, 0.8130308985710144, 0.810877799987793, 0.8082470893859863]",1,"[-1, -1, -1, -1, -1]"
80eccba1-1f33-4548-90bc-885cf7d98961,Medicine,0.1337890625,0.283203125,0.11767578125,0.466796875,False,C,11.592878103256226,medmcqa_2,"['STAT', 'STAT', 'STAT', 'STAT', 'TEXT']","[468043370482519667, 468043370482938848, 468043370482559733, 468043370483024773, 468043370482383239]","[0.7716506719589233, 0.7561795115470886, 0.7557513117790222, 0.7508174777030945, 0.740046501159668]",4,"[468043370482900031, 468043370482518780, 468043370483632942, 468043370482559733, 468043370483374152, 468043370483024773, 468043370482938848, 468043370482960855, 468043370482938851, 468043370482519667, 468043370482543358, 468043370483024771, 468043370482422347, 468043370482786655, 468043370482559751, 468043370482537113, 468043370482934092, 468043370483498577, 468043370482422340, 468043370483256973]"
98cdca63-3ab9-437c-b89a-0466c580fd07,Medicine,0.82421875,0.031982421875,0.111328125,0.033935546875,True,A,7.267284631729126,medmcqa_2,"['STAT', 'TEXT', 'PBMD', 'TEXT', 'PBMD']","[468043370482535275, 468043370482418251, 468043370483111447, 468043370482403684, 468043370484030940]","[0.8138064742088318, 0.8114845752716064, 0.7994836568832397, 0.7861514687538147, 0.7859662175178528]",2,"[468043370482403633, 468043370482506706, 468043370483326854, 468043370482864282, 468043370483111447, 468043370483295741, 468043370483343197, 468043370483400512, 468043370483455399, 468043370483523946]"
18d0dc33-09df-4256-b62f-51390ede8e4d,Medicine,0.10986328125,0.048828125,0.71484375,0.12451171875,False,B,0.23589873313903809,medmcqa_2,"['TEXT', 'TEXT', 'TEXT', 'TEXT', 'STAT']","[468043370482445184, 468043370482432102, 468043370482432105, 468043370482445167, 468043370482842862]","[0.822529673576355, 0.8214705586433411, 0.82143235206604, 0.8159512281417847, 0.8147236108779907]",1,"[-1, -1, -1, -1, -1]"
7c521214-ce91-4932-8158-f97bf43d4aac,Medicine,0.034423828125,0.78125,0.1279296875,0.056640625,True,B,0.3046398162841797,medmcqa_2,"['PBMD', 'PBMD', 'PBMD', 'PBMD', 'TEXT']","[468043370483620413, 468043370484099431, 468043370483373043, 468043370483370360, 468043370482404451]","[0.8318539261817932, 0.830843448638916, 0.8290292024612427, 0.8285034894943237, 0.8278946876525879]",1,"[-1, -1, -1, -1, -1]"
aa9f6ffb-1c54-4556-b121-b0b5578f33e9,Medicine,0.9296875,0.038330078125,0.0205078125,0.010986328125,True,A,0.16530966758728027,medmcqa_2,"['PBMD', 'STAT', 'PBMD', 'PBMD', 'PBMD']","[468043370483485490, 468043370483061133, 468043370483621671, 468043370483493344, 468043370483233472]","[0.7869486808776855, 0.7854506373405457, 0.7804827094078064, 0.7632573843002319, 0.7602351903915405]",1,"[-1, -1, -1, -1, -1]"
ae860b65-53a5-4547-b627-494174e15c3c,Medicine,0.9296875,0.0233154296875,0.0361328125,0.00970458984375,True,A,0.21146035194396973,medmcqa_2,"['STAT', 'STAT', 'STAT', 'STAT', 'PBMD']","[468043370483055242, 468043370482843365, 468043370482843366, 468043370482504263, 468043370483095360]","[0.7729854583740234, 0.7643550634384155, 0.7591339945793152, 0.7574748992919922, 0.7569968700408936]",1,"[-1, -1, -1, -1, -1]"
288022ee-c8bd-42e6-8e0a-81838367119a,Medicine,0.9453125,0.04150390625,0.01190185546875,0.0008087158203125,True,A,0.21100211143493652,medmcqa_2,"['PBMD', 'PBMD', 'PBMD', 'TEXT', 'PBMD']","[468043370483498213, 468043370483485802, 468043370483508822, 468043370482409944, 468043370483349831]","[0.7989540696144104, 0.789487898349762, 0.7741780877113342, 0.772017776966095, 0.7713813781738281]",1,"[-1, -1, -1, -1, -1]"
7de13c5c-b968-4884-87c7-d2b5c8b1840c,Medicine,0.7109375,0.1025390625,0.0849609375,0.1025390625,False,B,0.21288275718688965,medmcqa_2,"['TEXT', 'STAT', 'STAT', 'TEXT', 'STAT']","[468043370482439802, 468043370482864135, 468043370482546917, 468043370482493181, 468043370482981218]","[0.801751434803009, 0.7968196272850037, 0.7960197329521179, 0.7950528264045715, 0.7932593822479248]",1,"[-1, -1, -1, -1, -1]"
5101251c-4a2d-455e-81ec-547c58511440,Medicine,0.1923828125,0.169921875,0.359375,0.279296875,True,C,16.883917570114136,medmcqa_2,"['STAT', 'STAT', 'STAT', 'STAT', 'PBMD']","[468043370482525766, 468043370482857406, 468043370482786579, 468043370482932782, 468043370483359386]","[0.7846345901489258, 0.7651478052139282, 0.7641397714614868, 0.762291669845581, 0.7546747326850891]",4,"[468043370483359386, 468043370482525766, 468043370483901228, 468043370482421252, 468043370484058415, 468043370482525766, 468043370482786579, 468043370483187492, 468043370483187489, 468043370482421106, 468043370482525766, 468043370482421106, 468043370482934560, 468043370482786588, 468043370483187492, 468043370482786579, 468043370482525766, 468043370482516712, 468043370482934560, 468043370483455413]"
96134923-f73b-48f4-8361-c964c3ab16b2,Medicine,0.97265625,0.01080322265625,0.00653076171875,0.011474609375,True,A,0.21507573127746582,medmcqa_2,"['PBMD', 'STAT', 'TEXT', 'TEXT', 'STAT']","[468043370483310085, 468043370482564475, 468043370482439945, 468043370482402177, 468043370482933379]","[0.7977984547615051, 0.7891985774040222, 0.7852127552032471, 0.7846903800964355, 0.7839716076850891]",1,"[-1, -1, -1, -1, -1]"
732401b0-673b-4842-baed-ddd00626c561,Medicine,0.96875,0.0101318359375,0.0167236328125,0.00421142578125,True,A,0.2126462459564209,medmcqa_2,"['PBMD', 'STAT', 'PBMD', 'STAT', 'STAT']","[468043370483856532, 468043370482561806, 468043370483815288, 468043370482827867, 468043370482852142]","[0.8227971196174622, 0.8158332705497742, 0.814887285232544, 0.8145517110824585, 0.8088356256484985]",1,"[-1, -1, -1, -1, -1]"
2c7e29e5-6824-4217-af1e-7c5b40d57ea5,Medicine,0.11669921875,0.140625,0.6328125,0.10986328125,True,C,11.910462617874146,medmcqa_2,"['TEXT', 'TEXT', 'PBMD', 'PBMD', 'STAT']","[468043370482466589, 468043370482466432, 468043370483231278, 468043370483981257, 468043370482545628]","[0.7869049310684204, 0.784958004951477, 0.7733821868896484, 0.7716028690338135, 0.7711350917816162]",4,"[468043370482466400, 468043370483945951, 468043370483710510, 468043370482545628, 468043370482545627, 468043370483039415, 468043370482526061, 468043370483775971, 468043370483888244, 468043370482898164, 468043370482419042, 468043370482565031, 468043370483539634, 468043370482842049, 468043370482842048, 468043370483390877, 468043370482830674, 468043370483561211, 468043370482505337, 468043370483537243]"
d4208506-5d94-4956-8af6-8dd7c471ae8b,Medicine,0.017822265625,0.00897216796875,0.97265625,0.001373291015625,True,C,0.16554665565490723,medmcqa_2,"['STAT', 'STAT', 'STAT', 'STAT', 'PBMD']","[468043370482948813, 468043370482948748, 468043370482948791, 468043370482948816, 468043370484079502]","[0.8258639574050903, 0.7959226369857788, 0.7887307405471802, 0.7849054336547852, 0.7817564010620117]",1,"[-1, -1, -1, -1, -1]"
8cb5bf8f-4c7e-4bbb-8462-9a2564d0d002,Medicine,0.99609375,0.003173828125,0.0016937255859375,0.00017833709716796875,True,A,0.2119431495666504,medmcqa_2,"['STAT', 'TEXT', 'STAT', 'STAT', 'STAT']","[468043370482530887, 468043370482409001, 468043370482530855, 468043370482939313, 468043370482932092]","[0.8213911652565002, 0.8003219366073608, 0.7771294116973877, 0.7578258514404297, 0.747014045715332]",1,"[-1, -1, -1, -1, -1]"
ca0d1703-5a38-474d-bb6b-d6f69f7a7db6,Ophthalmology,0.02001953125,0.9609375,0.004730224609375,0.01287841796875,True,B,0.21307826042175293,medmcqa_2,"['PBMD', 'STAT', 'TEXT', 'PBMD', 'STAT']","[468043370483568593, 468043370483059027, 468043370482403155, 468043370483801458, 468043370482902196]","[0.8151733875274658, 0.8119162917137146, 0.8023815155029297, 0.7976422309875488, 0.7919673919677734]",1,"[-1, -1, -1, -1, -1]"
69b97752-ee1c-4234-b3d1-0402e1235986,Ophthalmology,0.036376953125,0.00811767578125,0.0194091796875,0.9375,True,D,0.2602815628051758,medmcqa_2,"['STAT', 'STAT', 'STAT', 'PBMD', 'STAT']","[468043370482984150, 468043370482919153, 468043370482545286, 468043370483970250, 468043370482559966]","[0.8319665193557739, 0.8312551975250244, 0.8215488791465759, 0.8071501851081848, 0.8048374652862549]",1,"[-1, -1, -1, -1, -1]"
391dbda5-df38-4a5f-8e4c-f6db24bc164a,Ophthalmology,0.83203125,0.1357421875,0.0208740234375,0.01116943359375,True,A,0.1890881061553955,medmcqa_2,"['STAT', 'STAT', 'PBMD', 'STAT', 'PBMD']","[468043370482503855, 468043370482885112, 468043370484031695, 468043370483032919, 468043370483890771]","[0.7970186471939087, 0.7655873894691467, 0.7651315331459045, 0.7617510557174683, 0.7584558725357056]",1,"[-1, -1, -1, -1, -1]"
93f90d31-148b-45ad-9a6f-42a5807cbf33,Ophthalmology,0.018798828125,0.96484375,0.00836181640625,0.006927490234375,True,B,0.23365283012390137,medmcqa_2,"['PBMD', 'STAT', 'PBMD', 'PBMD', 'PBMD']","[468043370483576892, 468043370483068832, 468043370483411893, 468043370483388131, 468043370483756675]","[0.7719308137893677, 0.7671889662742615, 0.7654101252555847, 0.7583873867988586, 0.7562342882156372]",1,"[-1, -1, -1, -1, -1]"
3aff7082-0082-4114-a47b-d68bf127c263,Ophthalmology,0.00970458984375,0.0020294189453125,0.98828125,0.000545501708984375,True,C,0.308185338973999,medmcqa_2,"['PBMD', 'PBMD', 'STAT', 'PBMD', 'PBMD']","[468043370483328091, 468043370484037050, 468043370482919110, 468043370484029811, 468043370483707631]","[0.7871732711791992, 0.7855570912361145, 0.7826435565948486, 0.7812144756317139, 0.7722791433334351]",1,"[-1, -1, -1, -1, -1]"
2ecfb0bc-1db8-4ec2-9b0c-c5825f3b0ed9,Ophthalmology,0.765625,0.09130859375,0.08056640625,0.06298828125,True,A,0.21120572090148926,medmcqa_2,"['STAT', 'PBMD', 'PBMD', 'PBMD', 'PBMD']","[468043370482546583, 468043370483273342, 468043370483115322, 468043370484076497, 468043370483622037]","[0.8302993178367615, 0.8111672401428223, 0.7813612222671509, 0.779038667678833, 0.7749047875404358]",1,"[-1, -1, -1, -1, -1]"
e33fee37-ca36-4d99-887d-2349c1beb5c1,Ophthalmology,0.10107421875,0.353515625,0.03271484375,0.51171875,True,D,7.671711206436157,medmcqa_2,"['PBMD', 'PBMD', 'PBMD', 'PBMD', 'PBMD']","[468043370483596845, 468043370483600111, 468043370483358408, 468043370483393009, 468043370484011967]","[0.809036135673523, 0.8041692972183228, 0.7992498278617859, 0.7978204488754272, 0.7950801253318787]",4,"[468043370483081197, 468043370483511782, 468043370483272870, 468043370483393009, 468043370483599272, 468043370483393009, 468043370483600112, 468043370484011967, 468043370483511782, 468043370483485969, 468043370483358408, 468043370483317303, 468043370483830678, 468043370483470728, 468043370483225131, 468043370483600111, 468043370483394300, 468043370483652735, 468043370483334205, 468043370483725756]"
4a131164-eb3c-4152-9556-b81ae98e2066,Ophthalmology,0.7890625,0.0269775390625,0.064453125,0.12060546875,True,A,0.16731762886047363,medmcqa_2,"['STAT', 'STAT', 'STAT', 'STAT', 'STAT']","[468043370483074517, 468043370483045432, 468043370482562693, 468043370482877590, 468043370482964524]","[0.7668828964233398, 0.7603747248649597, 0.7538122534751892, 0.7297646999359131, 0.7295860648155212]",1,"[-1, -1, -1, -1, -1]"
794c0e78-516c-44ae-8eba-768371a3ca6c,Ophthalmology,0.1796875,0.158203125,0.23046875,0.431640625,False,C,9.612848281860352,medmcqa_2,"['TEXT', 'PBMD', 'TEXT', 'PBMD', 'PBMD']","[468043370482435274, 468043370483887472, 468043370482402995, 468043370484091475, 468043370483908840]","[0.762137234210968, 0.730492889881134, 0.716209888458252, 0.7145650386810303, 0.7105242013931274]",4,"[468043370482497203, 468043370482435274, 468043370483025634, 468043370483025617, 468043370482811539, 468043370482435274, 468043370483025634, 468043370482811539, 468043370482497203, 468043370482832084, 468043370483025634, 468043370482435274, 468043370482497203, 468043370483025620, 468043370482811539, 468043370482435274, 468043370483025634, 468043370482811539, 468043370482497203, 468043370482540649]"
09657fa4-eeb3-4860-8b8c-f2e25c7eabab,Ophthalmology,0.01483154296875,0.0022735595703125,0.00482177734375,0.9765625,True,D,0.20982766151428223,medmcqa_2,"['TEXT', 'STAT', 'STAT', 'PBMD', 'PBMD']","[468043370482438350, 468043370482512881, 468043370482940502, 468043370483636014, 468043370483355490]","[0.8098907470703125, 0.7938462495803833, 0.7717334032058716, 0.7674586772918701, 0.7663205862045288]",1,"[-1, -1, -1, -1, -1]"
360f90ec-189e-464a-a60d-ed9d9bda46ef,Ophthalmology,0.09423828125,0.6953125,0.19921875,0.01055908203125,True,B,3.5122225284576416,medmcqa_2,"['PBMD', 'PBMD', 'PBMD', 'PBMD', 'PBMD']","[468043370483225129, 468043370483462868, 468043370483641220, 468043370483546165, 468043370483870077]","[0.7633304595947266, 0.7627977132797241, 0.7569500803947449, 0.7501335144042969, 0.7480196356773376]",2,"[468043370483870077, 468043370483641220, 468043370483568596, 468043370483207116, 468043370483825691, 468043370483658842, 468043370483286494, 468043370483596095, 468043370483462868, 468043370483870077]"
b01ee962-68d0-4291-aee2-b978c108f65f,Ophthalmology,0.04833984375,0.7578125,0.1318359375,0.062255859375,True,B,5.8353753089904785,medmcqa_2,"['STAT', 'PBMD', 'PBMD', 'PBMD', 'PBMD']","[468043370483007699, 468043370483908846, 468043370483243440, 468043370483303724, 468043370483739793]","[0.7511350512504578, 0.7501856088638306, 0.7489981651306152, 0.7468564510345459, 0.7405123710632324]",3,"[468043370483776226, 468043370482814839, 468043370482781771, 468043370482915585, 468043370483138935, 468043370483854818, 468043370483627236, 468043370483845672, 468043370482395657, 468043370483874743, 468043370483250453, 468043370483243440, 468043370483107621, 468043370483656374, 468043370482392352]"
3920361c-7b00-4cb2-ad43-d4bd71127f00,Ophthalmology,0.046142578125,0.01092529296875,0.01806640625,0.92578125,True,D,0.3083677291870117,medmcqa_2,"['PBMD', 'PBMD', 'PBMD', 'PBMD', 'PBMD']","[468043370483221253, 468043370483768016, 468043370483853575, 468043370483430637, 468043370483871524]","[0.7774162292480469, 0.7624666690826416, 0.7618156671524048, 0.7579737901687622, 0.7562167048454285]",1,"[-1, -1, -1, -1, -1]"
c7f81422-57d3-4a31-ae96-83ca3f999334,Ophthalmology,0.2314453125,0.58984375,0.1689453125,0.0101318359375,True,B,5.25433611869812,medmcqa_2,"['PBMD', 'PBMD', 'TEXT', 'STAT', 'PBMD']","[468043370483510379, 468043370483801458, 468043370482435357, 468043370483037838, 468043370484040359]","[0.7836772203445435, 0.778717041015625, 0.77503502368927, 0.7649827599525452, 0.7609592080116272]",2,"[468043370483108106, 468043370482897584, 468043370483537008, 468043370483296054, 468043370483302313, 468043370482428806, 468043370483510379, 468043370483059024, 468043370483108106, 468043370483537008]"
afa56a9e-0043-49c0-b1e3-36bbdf3c9571,Ophthalmology,0.80859375,0.0966796875,0.01904296875,0.0751953125,True,A,0.2125251293182373,medmcqa_2,"['PBMD', 'PBMD', 'PBMD', 'PBMD', 'PBMD']","[468043370484040359, 468043370484086757, 468043370483369725, 468043370483291115, 468043370484095769]","[0.806764543056488, 0.8050145506858826, 0.8036577701568604, 0.8033351898193359, 0.7984827756881714]",1,"[-1, -1, -1, -1, -1]"
6c84e800-14f3-4ba3-9324-84247cbae881,Ophthalmology,0.9140625,0.0751953125,0.007415771484375,0.004241943359375,True,A,0.23340988159179688,medmcqa_2,"['TEXT', 'PBMD', 'PBMD', 'TEXT', 'TEXT']","[468043370482372174, 468043370483816623, 468043370483201880, 468043370482473574, 468043370482435439]","[0.7788904905319214, 0.7753697633743286, 0.7744710445404053, 0.7712343335151672, 0.7708923816680908]",1,"[-1, -1, -1, -1, -1]"
813fa226-a21b-480a-b13e-ce842640ec7a,Ophthalmology,0.7578125,0.0244140625,0.02587890625,0.19140625,True,A,0.10896134376525879,medmcqa_2,"['STAT', 'STAT', 'PBMD', 'STAT', 'STAT']","[468043370482789257, 468043370482789309, 468043370483358037, 468043370482789350, 468043370482789258]","[0.80640709400177, 0.7903223633766174, 0.7864081859588623, 0.782361626625061, 0.7688932418823242]",1,"[-1, -1, -1, -1, -1]"
7c34fcbb-4956-4f1d-a0c6-7b48f83ae02b,Ophthalmology,0.004058837890625,0.9921875,0.00131988525390625,0.000850677490234375,True,B,0.21085619926452637,medmcqa_2,"['TEXT', 'PBMD', 'PBMD', 'PBMD', 'PBMD']","[468043370482446273, 468043370483747868, 468043370483391879, 468043370484097655, 468043370483498300]","[0.7795640826225281, 0.773837149143219, 0.7663640975952148, 0.760152280330658, 0.7581290006637573]",1,"[-1, -1, -1, -1, -1]"
da529e73-61fe-4b52-81b1-8686b6a62ffd,Ophthalmology,0.6328125,0.08544921875,0.1591796875,0.1240234375,False,C,8.846218347549438,medmcqa_2,"['PBMD', 'PBMD', 'PBMD', 'PBMD', 'PBMD']","[468043370483633965, 468043370483513698, 468043370483388123, 468043370483338534, 468043370483542587]","[0.7827308773994446, 0.7827066779136658, 0.7807143926620483, 0.7767808437347412, 0.7761543989181519]",3,"[468043370482515311, 468043370482523760, 468043370483830069, 468043370483478503, 468043370483237377, 468043370483118511, 468043370482992256, 468043370483126724, 468043370483290882, 468043370483388123, 468043370483542587, 468043370483221887, 468043370483391755, 468043370483850476, 468043370484102701]"
c1ac14de-a0f0-47fa-8451-273abce0150a,Ophthalmology,0.59765625,0.055419921875,0.1416015625,0.2060546875,True,A,9.292036056518555,medmcqa_2,"['PBMD', 'STAT', 'STAT', 'PBMD', 'STAT']","[468043370483542003, 468043370482507903, 468043370482507902, 468043370484037607, 468043370482507908]","[0.8367303609848022, 0.8133431673049927, 0.8085532188415527, 0.7978422045707703, 0.792865514755249]",4,"[468043370483542003, 468043370484037607, 468043370483296059, 468043370482507914, 468043370484013113, 468043370482507976, 468043370483450809, 468043370482507903, 468043370483213717, 468043370482508091, 468043370483213717, 468043370483209252, 468043370484013113, 468043370482507903, 468043370483542003, 468043370482507922, 468043370483209252, 468043370483213717, 468043370482507907, 468043370483542003]"
1bf69f9a-987c-48fc-9356-d62d2148c3a6,Anaesthesia,0.93359375,0.01251220703125,0.046630859375,0.00628662109375,True,A,0.16770219802856445,medmcqa_2,"['STAT', 'STAT', 'STAT', 'STAT', 'STAT']","[468043370483040309, 468043370482936770, 468043370482511853, 468043370483040316, 468043370482985479]","[0.7882798910140991, 0.7660236358642578, 0.7649995684623718, 0.7570915818214417, 0.7469308972358704]",1,"[-1, -1, -1, -1, -1]"
398ff5ba-cea5-4aff-be5e-b5f0839d0d69,Anaesthesia,0.03515625,0.083984375,0.33203125,0.546875,False,C,11.581424236297607,medmcqa_2,"['TEXT', 'PBMD', 'PBMD', 'PBMD', 'PBMD']","[468043370482465237, 468043370483290484, 468043370483761246, 468043370483845879, 468043370483826582]","[0.7198200225830078, 0.7169384956359863, 0.7095367908477783, 0.707218587398529, 0.706798255443573]",4,"[468043370484037373, 468043370482461659, 468043370483774191, 468043370483721502, 468043370482855603, 468043370482461659, 468043370484037373, 468043370483071786, 468043370483281107, 468043370482905075, 468043370482825326, 468043370482944727, 468043370483719322, 468043370482812544, 468043370484037373, 468043370482810715, 468043370482810712, 468043370483970263, 468043370482810713, 468043370482843838]"
c9aa8c5b-b009-4c7e-a8d4-05cf46db9282,Anaesthesia,0.353515625,0.310546875,0.1220703125,0.2138671875,False,D,9.443681716918945,medmcqa_2,"['PBMD', 'PBMD', 'PBMD', 'PBMD', 'PBMD']","[468043370483958159, 468043370483636737, 468043370484092380, 468043370483907235, 468043370483807682]","[0.7735773324966431, 0.7722736597061157, 0.7688703536987305, 0.7686237096786499, 0.7680889368057251]",4,"[468043370483986806, 468043370483669355, 468043370482468520, 468043370482945610, 468043370483818965, 468043370482934292, 468043370483690121, 468043370484089217, 468043370484007459, 468043370483027745, 468043370482934281, 468043370482934287, 468043370483940561, 468043370483046104, 468043370483636737, 468043370482934293, 468043370482468509, 468043370483046116, 468043370482934300, 468043370484033059]"
6ccd8adb-af24-4e58-82a1-9219dfa37057,Anaesthesia,0.54296875,0.328125,0.11376953125,0.015380859375,True,A,4.829175233840942,medmcqa_2,"['STAT', 'STAT', 'STAT', 'STAT', 'STAT']","[468043370482872917, 468043370482987284, 468043370483054946, 468043370483012619, 468043370482885688]","[0.7976489663124084, 0.7873090505599976, 0.7855378985404968, 0.7836195230484009, 0.7823067903518677]",2,"[468043370483054946, 468043370483012687, 468043370483331704, 468043370483012675, 468043370483012620, 468043370483012688, 468043370483012675, 468043370483736675, 468043370484117373, 468043370482832801]"
b28a6de3-cbe2-44a2-b75c-607baefacc05,Anaesthesia,0.1201171875,0.2890625,0.39453125,0.1982421875,False,D,9.388268947601318,medmcqa_2,"['PBMD', 'PBMD', 'PBMD', 'STAT', 'STAT']","[468043370483461845, 468043370483877235, 468043370483357146, 468043370482965090, 468043370483050660]","[0.8278175592422485, 0.8222958445549011, 0.8122460246086121, 0.8117998242378235, 0.8110382556915283]",4,"[468043370483687737, 468043370483938976, 468043370483050672, 468043370483940448, 468043370483942328, 468043370482481945, 468043370483284525, 468043370483719321, 468043370483847636, 468043370484060541, 468043370483423656, 468043370482548444, 468043370483739346, 468043370483776812, 468043370482548442, 468043370484086249, 468043370484086037, 468043370483461845, 468043370483357146, 468043370484097956]"
6ec7c97f-5287-46e6-82ec-75ded2b07a1c,Anaesthesia,0.0732421875,0.064453125,0.0252685546875,0.8359375,True,D,9.88148283958435,medmcqa_2,"['STAT', 'PBMD', 'TEXT', 'STAT', 'STAT']","[468043370482801677, 468043370483336695, 468043370482467732, 468043370482525028, 468043370483044896]","[0.7822556495666504, 0.7766416072845459, 0.7762386798858643, 0.773544430732727, 0.7705361843109131]",4,"[468043370484095676, 468043370482525028, 468043370483616462, 468043370483776370, 468043370483873561, 468043370483330589, 468043370483767162, 468043370483776370, 468043370483728571, 468043370483333156, 468043370483330589, 468043370483333156, 468043370483572747, 468043370483464947, 468043370483044896, 468043370484095676, 468043370482801677, 468043370483336191, 468043370483065973, 468043370483065950]"
7374ee60-8858-43ae-9caa-506553cac5f6,Anaesthesia,0.462890625,0.193359375,0.12451171875,0.21875,True,A,11.321505308151245,medmcqa_2,"['STAT', 'STAT', 'STAT', 'PBMD', 'STAT']","[468043370483076653, 468043370482872879, 468043370482872901, 468043370483847636, 468043370482531629]","[0.8055405616760254, 0.7828307747840881, 0.7828307747840881, 0.7560058236122131, 0.7496577501296997]",4,"[468043370483847636, 468043370483076653, 468043370483050670, 468043370482498759, 468043370483644389, 468043370483847636, 468043370482498759, 468043370483050670, 468043370482946459, 468043370483076653, 468043370483847636, 468043370483076653, 468043370483739476, 468043370482498759, 468043370483644389, 468043370483847636, 468043370483076653, 468043370483644389, 468043370483655402, 468043370483739476]"
e0f9e4af-3c3f-49d3-a19a-f8b884951de6,Anaesthesia,0.049560546875,0.07666015625,0.0986328125,0.7734375,True,D,0.16730141639709473,medmcqa_2,"['STAT', 'STAT', 'STAT', 'PBMD', 'STAT']","[468043370482908100, 468043370482946968, 468043370482964879, 468043370483688992, 468043370482819616]","[0.7726082801818848, 0.7684875726699829, 0.7625718116760254, 0.7575244903564453, 0.7573801279067993]",1,"[-1, -1, -1, -1, -1]"
37e6c503-59f9-4ba2-80b3-a7acb789c118,Anaesthesia,0.55859375,0.2333984375,0.09716796875,0.1103515625,True,A,4.449978351593018,medmcqa_2,"['PBMD', 'TEXT', 'PBMD', 'PBMD', 'PBMD']","[468043370483579145, 468043370482436137, 468043370483739468, 468043370483219484, 468043370483096129]","[0.7517212629318237, 0.7503148913383484, 0.749996542930603, 0.7497663497924805, 0.7480890154838562]",2,"[468043370483588677, 468043370483508954, 468043370483108227, 468043370482916805, 468043370482910450, 468043370483130082, 468043370483557907, 468043370483820460, 468043370484021086, 468043370482910450]"
36837ddf-a7e2-4cec-9b52-17a8fca9ae9b,Anaesthesia,0.039306640625,0.019775390625,0.1005859375,0.83984375,True,D,0.21041274070739746,medmcqa_2,"['PBMD', 'PBMD', 'TEXT', 'STAT', 'PBMD']","[468043370484045455, 468043370483825267, 468043370482449135, 468043370482504533, 468043370483759734]","[0.8382524251937866, 0.8194732666015625, 0.8180835247039795, 0.8171266913414001, 0.8110752701759338]",1,"[-1, -1, -1, -1, -1]"
bee22c8c-3527-403f-903a-bd535bc3dd68,Anaesthesia,0.3359375,0.5546875,0.062255859375,0.045654296875,False,A,8.962101936340332,medmcqa_2,"['STAT', 'STAT', 'STAT', 'STAT', 'STAT']","[468043370483079314, 468043370483079313, 468043370483079305, 468043370483079301, 468043370482541310]","[0.7898908853530884, 0.779443621635437, 0.7774378061294556, 0.7752997875213623, 0.7748363018035889]",4,"[468043370483079314, 468043370483079301, 468043370483079311, 468043370483079300, 468043370483079317, 468043370482494276, 468043370483079313, 468043370483079317, 468043370483079311, 468043370483079314, 468043370483079301, 468043370483079311, 468043370483079300, 468043370483079312, 468043370483079308, 468043370483079300, 468043370482868152, 468043370482535751, 468043370483079303, 468043370482825847]"
43a48b2d-df1f-42d0-a999-d76df02c8515,Anaesthesia,0.69921875,0.0947265625,0.166015625,0.03955078125,True,A,5.367822647094727,medmcqa_2,"['TEXT', 'PBMD', 'PBMD', 'STAT', 'STAT']","[468043370482450932, 468043370483404117, 468043370483384442, 468043370482983799, 468043370482525034]","[0.7935329675674438, 0.7784968018531799, 0.7747268676757812, 0.7727298140525818, 0.7679796814918518]",2,"[468043370483567363, 468043370483437578, 468043370483521742, 468043370483318366, 468043370484004906, 468043370483856634, 468043370482788208, 468043370482450932, 468043370482525034, 468043370483009313]"
9631d6de-2f89-43ce-a707-508f76977a7f,Anaesthesia,0.240234375,0.11376953125,0.13671875,0.5078125,False,A,11.595300436019897,medmcqa_2,"['TEXT', 'PBMD', 'STAT', 'STAT', 'TEXT']","[468043370482421934, 468043370484130145, 468043370483013418, 468043370482846290, 468043370482436315]","[0.764484167098999, 0.7641808390617371, 0.7640497088432312, 0.7605038285255432, 0.7587960362434387]",4,"[468043370483554376, 468043370483229575, 468043370483270331, 468043370482851906, 468043370483231102, 468043370483036492, 468043370482939689, 468043370483036474, 468043370483038927, 468043370482799439, 468043370483551590, 468043370482961262, 468043370482421585, 468043370482987305, 468043370483233221, 468043370482961258, 468043370482961260, 468043370482961263, 468043370482961262, 468043370482987305]"
3fb75e9e-82c7-424f-b7ff-60e5ddaa24b5,Anaesthesia,0.0283203125,0.9375,0.0220947265625,0.0125732421875,True,B,10.634293556213379,medmcqa_2,"['STAT', 'PBMD', 'PBMD', 'PBMD', 'PBMD']","[468043370482875201, 468043370483776351, 468043370483848555, 468043370483873551, 468043370484016329]","[0.8360189199447632, 0.8026126623153687, 0.7947877645492554, 0.7930253744125366, 0.7882028818130493]",4,"[468043370482467744, 468043370482875201, 468043370482467757, 468043370483333156, 468043370482467741, 468043370482875201, 468043370483235145, 468043370484016329, 468043370483723838, 468043370483820946, 468043370483557920, 468043370483554702, 468043370484015162, 468043370483622119, 468043370483389643, 468043370483311918, 468043370483391862, 468043370483403239, 468043370482912687, 468043370484124811]"
6bce210a-7174-4c76-b1f0-9bc3f5c835fc,Pharmacology,0.9453125,0.04150390625,0.00982666015625,0.004119873046875,False,B,0.3119049072265625,medmcqa_2,"['PBMD', 'TEXT', 'PBMD', 'PBMD', 'STAT']","[468043370483814346, 468043370482423336, 468043370483921253, 468043370483651171, 468043370482878329]","[0.7781248092651367, 0.7775498628616333, 0.7770715355873108, 0.7751554250717163, 0.774701714515686]",1,"[-1, -1, -1, -1, -1]"
0ba46472-54a7-4bb9-9802-a0546e24cede,Pharmacology,0.3125,0.025634765625,0.66015625,0.0032501220703125,True,C,7.109962463378906,medmcqa_2,"['STAT', 'TEXT', 'STAT', 'PBMD', 'STAT']","[468043370483016566, 468043370482432507, 468043370483016567, 468043370484050885, 468043370483016573]","[0.763974130153656, 0.7409835457801819, 0.7357379794120789, 0.7326955199241638, 0.7297301888465881]",2,"[468043370483016566, 468043370483016567, 468043370484050885, 468043370482525382, 468043370482512255, 468043370483016566, 468043370483016574, 468043370483016572, 468043370483016567, 468043370482512255]"
a1a782cf-d0f2-4645-a96d-79ef0cef3516,Pharmacology,0.055419921875,0.055419921875,0.0203857421875,0.8671875,True,D,4.2710700035095215,medmcqa_2,"['STAT', 'PBMD', 'PBMD', 'STAT', 'PBMD']","[468043370482812522, 468043370483126312, 468043370483559484, 468043370483014395, 468043370483560250]","[0.7772649526596069, 0.759546160697937, 0.7592906951904297, 0.7562817931175232, 0.7551789283752441]",2,"[468043370482850363, 468043370483519856, 468043370482465807, 468043370483066823, 468043370483687820, 468043370482417933, 468043370482521017, 468043370483388527, 468043370482895371, 468043370483032959]"
80b51e0b-fe1c-429a-9387-3f1c06c496c4,Pharmacology,0.73828125,0.2255859375,0.0196533203125,0.016357421875,True,A,4.773487329483032,medmcqa_2,"['TEXT', 'PBMD', 'TEXT', 'PBMD', 'TEXT']","[468043370482412250, 468043370483425445, 468043370482465396, 468043370483440092, 468043370482412254]","[0.7620061039924622, 0.761855959892273, 0.7602924704551697, 0.7592178583145142, 0.7552177906036377]",2,"[468043370482412250, 468043370483384661, 468043370483288056, 468043370483646096, 468043370482401098, 468043370483384661, 468043370482412250, 468043370482944119, 468043370484078468, 468043370482465389]"
3ffd5c17-afde-4101-a4a4-8ed3dfc98918,Pharmacology,0.1435546875,0.020751953125,0.828125,0.00762939453125,True,C,0.30638694763183594,medmcqa_2,"['PBMD', 'PBMD', 'PBMD', 'PBMD', 'PBMD']","[468043370483838385, 468043370483887805, 468043370483577725, 468043370483358524, 468043370484076945]","[0.833482563495636, 0.8236954212188721, 0.8164083957672119, 0.8157581090927124, 0.8122820854187012]",1,"[-1, -1, -1, -1, -1]"
1b7a2a1c-6321-4541-b649-7db8418c38da,Pharmacology,0.8984375,0.07373046875,0.0211181640625,0.007293701171875,True,A,0.2581825256347656,medmcqa_2,"['PBMD', 'STAT', 'PBMD', 'PBMD', 'PBMD']","[468043370483700201, 468043370482987619, 468043370483515025, 468043370483136543, 468043370483083148]","[0.819839596748352, 0.8022809028625488, 0.7984375953674316, 0.7965881824493408, 0.7922568321228027]",1,"[-1, -1, -1, -1, -1]"
a30f9a2b-52f0-4880-980d-d56de2a88910,Pharmacology,0.447265625,0.099609375,0.1455078125,0.306640625,False,B,10.363919019699097,medmcqa_2,"['PBMD', 'PBMD', 'PBMD', 'PBMD', 'PBMD']","[468043370483412096, 468043370483283565, 468043370483233753, 468043370483543346, 468043370483476075]","[0.815515398979187, 0.8131581544876099, 0.8086270093917847, 0.805641770362854, 0.8040084838867188]",4,"[468043370483283565, 468043370483233753, 468043370483527737, 468043370483288416, 468043370483774228, 468043370483624808, 468043370483209620, 468043370483828723, 468043370483527737, 468043370483412096, 468043370483288416, 468043370483233753, 468043370483283565, 468043370483369452, 468043370483527737, 468043370483233753, 468043370483097039, 468043370483412096, 468043370483527737, 468043370483288416]"
3e4d2174-1e88-4652-9aed-78e71215ffe8,Pharmacology,0.06787109375,0.052734375,0.7734375,0.10498046875,True,C,0.1672530174255371,medmcqa_2,"['STAT', 'PBMD', 'STAT', 'PBMD', 'STAT']","[468043370483030682, 468043370483167080, 468043370483051906, 468043370483116583, 468043370483051905]","[0.7718476057052612, 0.7700159549713135, 0.7694437503814697, 0.7629067897796631, 0.7619522213935852]",1,"[-1, -1, -1, -1, -1]"
f14171b9-69fe-4e7f-b004-40f2eb8d4b8c,Pharmacology,0.3359375,0.216796875,0.296875,0.1494140625,False,C,10.3345205783844,medmcqa_2,"['TEXT', 'PBMD', 'PBMD', 'TEXT', 'PBMD']","[468043370482485630, 468043370483720094, 468043370483755520, 468043370482390839, 468043370483629771]","[0.7617859244346619, 0.7605177164077759, 0.7590914964675903, 0.7566231489181519, 0.756304919719696]",4,"[468043370482381757, 468043370483354894, 468043370483629771, 468043370482499294, 468043370482799831, 468043370482381757, 468043370483927418, 468043370483675562, 468043370483657439, 468043370483659583, 468043370482564342, 468043370483694213, 468043370482564360, 468043370483066661, 468043370483843366, 468043370482799831, 468043370483250604, 468043370483217333, 468043370483168842, 468043370482559068]"
c1069842-8261-4a97-b1bb-5faeaacc6435,Pharmacology,0.4375,0.0712890625,0.4375,0.05224609375,False,C,11.092736005783081,medmcqa_2,"['TEXT', 'TEXT', 'TEXT', 'TEXT', 'TEXT']","[468043370482430641, 468043370482440313, 468043370482467538, 468043370482436096, 468043370482436094]","[0.8099089860916138, 0.8031836748123169, 0.7903341054916382, 0.7898802161216736, 0.7896231412887573]",4,"[468043370483774933, 468043370482542877, 468043370482906355, 468043370483801631, 468043370482834749, 468043370482430641, 468043370482436094, 468043370483939599, 468043370483774933, 468043370483627751, 468043370483069640, 468043370482838316, 468043370483939599, 468043370483441255, 468043370482906336, 468043370483774933, 468043370483939599, 468043370482430641, 468043370482436095, 468043370483878366]"
65bef933-00cc-4f7b-8ca0-a77f2fe92c57,Pharmacology,0.60546875,0.0771484375,0.28515625,0.031982421875,True,A,7.960000038146973,medmcqa_2,"['STAT', 'PBMD', 'STAT', 'STAT', 'PBMD']","[468043370482987082, 468043370483314364, 468043370482967069, 468043370482988464, 468043370484108036]","[0.7365052700042725, 0.7269843220710754, 0.7172132730484009, 0.7171416282653809, 0.7160438299179077]",4,"[468043370482988464, 468043370483400906, 468043370483238418, 468043370482988455, 468043370483067820, 468043370483460026, 468043370482988464, 468043370483074655, 468043370482988455, 468043370482777711, 468043370482820616, 468043370483067821, 468043370482986029, 468043370482988464, 468043370482937809, 468043370483067820, 468043370482986029, 468043370482792724, 468043370482777711, 468043370483752455]"
1a4b278a-1f53-4306-ba5e-7b5e303120be,Pharmacology,0.06591796875,0.8515625,0.06982421875,0.01214599609375,True,B,0.243391752243042,medmcqa_2,"['PBMD', 'PBMD', 'TEXT', 'PBMD', 'STAT']","[468043370483249719, 468043370483896204, 468043370482426088, 468043370483236157, 468043370482896756]","[0.792302668094635, 0.7865705490112305, 0.7817423343658447, 0.7777215242385864, 0.7741265892982483]",1,"[-1, -1, -1, -1, -1]"
af64e0dd-f66f-496a-8b0d-13daf729cf5f,Pharmacology,0.036865234375,0.00994873046875,0.953125,0.000766754150390625,True,C,0.1652815341949463,medmcqa_2,"['STAT', 'STAT', 'STAT', 'STAT', 'STAT']","[468043370482940505, 468043370482515242, 468043370482899506, 468043370482899488, 468043370482515220]","[0.8312410116195679, 0.8227380514144897, 0.8110283613204956, 0.8049734830856323, 0.8032729625701904]",1,"[-1, -1, -1, -1, -1]"
00a9d0ce-1638-4a3d-98a6-59e99938c5db,Pharmacology,0.2041015625,0.490234375,0.1025390625,0.2041015625,True,B,11.099403858184814,medmcqa_2,"['STAT', 'PBMD', 'PBMD', 'PBMD', 'PBMD']","[468043370483004942, 468043370484053089, 468043370483878108, 468043370484095570, 468043370483354551]","[0.7647157907485962, 0.758337676525116, 0.7552334070205688, 0.7494721412658691, 0.7483680844306946]",4,"[468043370484053089, 468043370483098230, 468043370483151408, 468043370483397551, 468043370483090867, 468043370483618823, 468043370483511894, 468043370483264649, 468043370483878108, 468043370483562593, 468043370483869502, 468043370482465894, 468043370483271010, 468043370483511239, 468043370483396012, 468043370483354551, 468043370482521014, 468043370482895374, 468043370483517241, 468043370483004941]"
fc3d5863-8850-4136-8bf9-8f7bb80ca2cb,Pharmacology,0.234375,0.265625,0.1611328125,0.33984375,True,D,9.61624526977539,medmcqa_2,"['PBMD', 'PBMD', 'PBMD', 'TEXT', 'PBMD']","[468043370483671108, 468043370484056700, 468043370483934109, 468043370482470375, 468043370483666610]","[0.7779354453086853, 0.7744651436805725, 0.7637929916381836, 0.7555392384529114, 0.7529294490814209]",4,"[468043370483325495, 468043370484056700, 468043370483681893, 468043370483934415, 468043370483674610, 468043370483854477, 468043370483681893, 468043370483510462, 468043370483145001, 468043370484056700, 468043370483709666, 468043370483680231, 468043370483931284, 468043370483712947, 468043370484112395, 468043370483666610, 468043370483671108, 468043370483762025, 468043370483111677, 468043370483109439]"
59110b4f-4074-4293-aa6d-96b1a6b49b82,Pharmacology,0.0021820068359375,0.99609375,0.000457763671875,0.00013065338134765625,True,B,0.17286467552185059,medmcqa_2,"['TEXT', 'PBMD', 'STAT', 'PBMD', 'STAT']","[468043370482467174, 468043370483428478, 468043370482939678, 468043370483229542, 468043370482819294]","[0.7977564930915833, 0.7603846788406372, 0.7566663026809692, 0.7564659118652344, 0.7563307285308838]",1,"[-1, -1, -1, -1, -1]"
e7c84e8c-d3a6-4bb4-bc34-ad35687338b2,Pharmacology,0.01165771484375,0.98828125,0.00048065185546875,0.001312255859375,True,B,0.16573262214660645,medmcqa_2,"['STAT', 'STAT', 'STAT', 'STAT', 'PBMD']","[468043370482843417, 468043370483023983, 468043370482904568, 468043370482864695, 468043370483760945]","[0.8096674680709839, 0.7946277856826782, 0.7908601760864258, 0.7801159620285034, 0.7726829051971436]",1,"[-1, -1, -1, -1, -1]"
fbaace6c-2dbd-458f-a1b6-8e831e7811fa,Pharmacology,0.49609375,0.220703125,0.11083984375,0.171875,False,C,9.938694953918457,medmcqa_2,"['PBMD', 'PBMD', 'PBMD', 'PBMD', 'PBMD']","[468043370483083286, 468043370484083890, 468043370483168158, 468043370483310436, 468043370483933234]","[0.7696264982223511, 0.7593353390693665, 0.7549300193786621, 0.7525382041931152, 0.7481091022491455]",4,"[468043370483083286, 468043370483495134, 468043370483086608, 468043370483405503, 468043370483301954, 468043370483405503, 468043370483168158, 468043370483083286, 468043370483453858, 468043370483495134, 468043370483475156, 468043370484083890, 468043370483919571, 468043370483156656, 468043370483693869, 468043370483495134, 468043370483405503, 468043370483168158, 468043370483083286, 468043370483088442]"
dfa174ff-9288-47b3-8768-a17b364ba1d3,Pharmacology,0.125,0.03173828125,0.0279541015625,0.81640625,False,A,5.076586484909058,medmcqa_2,"['PBMD', 'PBMD', 'PBMD', 'PBMD', 'PBMD']","[468043370483838515, 468043370483736978, 468043370483810652, 468043370483986279, 468043370483771253]","[0.8182336091995239, 0.8033571243286133, 0.7945345640182495, 0.7893548011779785, 0.7878676056861877]",2,"[468043370483838515, 468043370483654820, 468043370483522745, 468043370483810652, 468043370483600017, 468043370482855017, 468043370482530478, 468043370484064265, 468043370483736978, 468043370483838515]"
26a95f8b-cbdd-4e14-b3fc-fcf2b9efbd20,Pharmacology,0.275390625,0.2431640625,0.0791015625,0.40234375,False,B,9.359108924865723,medmcqa_2,"['PBMD', 'STAT', 'PBMD', 'PBMD', 'PBMD']","[468043370483118511, 468043370482527621, 468043370483126724, 468043370483317612, 468043370483388123]","[0.7821887731552124, 0.7802789211273193, 0.7788780927658081, 0.7739736437797546, 0.770922064781189]",4,"[468043370483118511, 468043370483388123, 468043370483290301, 468043370483896812, 468043370483513698, 468043370483118511, 468043370483388123, 468043370483513698, 468043370483126724, 468043370483290301, 468043370483118511, 468043370483388123, 468043370483290301, 468043370483513698, 468043370483126724, 468043370483118511, 468043370483126724, 468043370484079998, 468043370483937060, 468043370483948915]"
4719558d-09ca-4c85-9bf8-454e80a138aa,Surgery,0.123046875,0.0177001953125,0.80078125,0.05810546875,True,C,0.23507118225097656,medmcqa_2,"['PBMD', 'STAT', 'STAT', 'TEXT', 'PBMD']","[468043370483434541, 468043370482801094, 468043370482550099, 468043370482485281, 468043370483266545]","[0.8183061480522156, 0.8157058954238892, 0.7920873761177063, 0.7918679714202881, 0.7903658151626587]",1,"[-1, -1, -1, -1, -1]"
9f529003-8d44-442b-8dfc-f839e7f96a72,Surgery,0.107421875,0.66015625,0.044921875,0.1884765625,False,D,5.575350284576416,medmcqa_2,"['PBMD', 'PBMD', 'STAT', 'PBMD', 'TEXT']","[468043370484115478, 468043370483558469, 468043370482805667, 468043370484096858, 468043370482485716]","[0.787529706954956, 0.7869318127632141, 0.7848761677742004, 0.7821846008300781, 0.7817342281341553]",2,"[468043370482403563, 468043370483558469, 468043370483033480, 468043370482485752, 468043370483534141, 468043370484096858, 468043370483558469, 468043370482403563, 468043370482773329, 468043370482485716]"
fb136952-1310-4610-aff7-95e8b923ffd9,Surgery,0.0177001953125,0.96875,0.0101318359375,0.0032806396484375,True,B,0.16523480415344238,medmcqa_2,"['PBMD', 'STAT', 'STAT', 'STAT', 'STAT']","[468043370483602421, 468043370483027485, 468043370483065844, 468043370482549889, 468043370483065843]","[0.8375540375709534, 0.8266366720199585, 0.826164722442627, 0.8216298222541809, 0.8213370442390442]",1,"[-1, -1, -1, -1, -1]"
a943ecaa-7acd-443e-acee-dac2e82d3946,Surgery,0.48828125,0.3359375,0.130859375,0.04541015625,False,B,10.320183038711548,medmcqa_2,"['STAT', 'STAT', 'STAT', 'STAT', 'PBMD']","[468043370482497728, 468043370482901980, 468043370482795816, 468043370482497727, 468043370483216712]","[0.7732457518577576, 0.7692781686782837, 0.761277973651886, 0.7511877417564392, 0.7420805096626282]",4,"[468043370482895427, 468043370482895396, 468043370483726035, 468043370483020912, 468043370483212279, 468043370484052163, 468043370483858078, 468043370483649250, 468043370482901990, 468043370483216712, 468043370482816216, 468043370483218779, 468043370482914933, 468043370482895427, 468043370483051303, 468043370484004786, 468043370483764665, 468043370483655367, 468043370483907580, 468043370483802197]"
f9b6bce4-d7b0-4828-8574-8bbabd89fdad,Surgery,0.126953125,0.0439453125,0.77734375,0.0498046875,False,D,9.990356922149658,medmcqa_2,"['STAT', 'PBMD', 'STAT', 'PBMD', 'PBMD']","[468043370482495520, 468043370483874334, 468043370483046224, 468043370484054371, 468043370484086503]","[0.8193773627281189, 0.8112933039665222, 0.810879647731781, 0.810367226600647, 0.8095969557762146]",4,"[468043370482495520, 468043370482918394, 468043370482950962, 468043370483042297, 468043370482918395, 468043370482918396, 468043370482495520, 468043370483022628, 468043370482511357, 468043370483077039, 468043370483728865, 468043370483827306, 468043370483726984, 468043370482795612, 468043370484057399, 468043370483847768, 468043370484104560, 468043370483808772, 468043370483607017, 468043370482933337]"
20e32c25-c198-4018-9a87-77990296f2ab,Surgery,0.1044921875,0.0869140625,0.68359375,0.1259765625,True,C,0.31027936935424805,medmcqa_2,"['PBMD', 'PBMD', 'PBMD', 'PBMD', 'PBMD']","[468043370483739715, 468043370483736605, 468043370483579127, 468043370483768632, 468043370483631845]","[0.8129011392593384, 0.8104866743087769, 0.8032770156860352, 0.8020468354225159, 0.7976508736610413]",1,"[-1, -1, -1, -1, -1]"
7c8d588c-567d-4f19-9e67-c4cf90bfd6ab,Surgery,0.07568359375,0.8125,0.0458984375,0.06689453125,False,A,0.2130270004272461,medmcqa_2,"['PBMD', 'PBMD', 'PBMD', 'PBMD', 'STAT']","[468043370483316023, 468043370483132252, 468043370483540370, 468043370483212539, 468043370483016596]","[0.7499586343765259, 0.7470841407775879, 0.7468158602714539, 0.7417908906936646, 0.7392092943191528]",1,"[-1, -1, -1, -1, -1]"
0c1957b7-636d-4450-9a54-46f34f086cf5,Surgery,0.126953125,0.1962890625,0.53515625,0.1435546875,False,A,7.90371036529541,medmcqa_2,"['PBMD', 'STAT', 'STAT', 'STAT', 'PBMD']","[468043370483538959, 468043370482863944, 468043370482863943, 468043370482508467, 468043370483908300]","[0.779578447341919, 0.7701307535171509, 0.7677961587905884, 0.7383422255516052, 0.7358322143554688]",4,"[468043370482508467, 468043370483538959, 468043370483508548, 468043370483615295, 468043370483210251, 468043370482863943, 468043370482863944, 468043370483613690, 468043370483406733, 468043370483279506, 468043370483935031, 468043370484053102, 468043370483613690, 468043370484056376, 468043370483650453, 468043370483908300, 468043370484056376, 468043370482822386, 468043370482508467, 468043370484042535]"
836b4e61-8568-4d55-9acf-3a1695081981,Surgery,0.0322265625,0.326171875,0.609375,0.0322265625,False,B,4.771175861358643,medmcqa_2,"['STAT', 'TEXT', 'STAT', 'STAT', 'TEXT']","[468043370482901785, 468043370482488528, 468043370482794381, 468043370482512422, 468043370482488529]","[0.8049686551094055, 0.8034296035766602, 0.7977648973464966, 0.7949938774108887, 0.7925190925598145]",2,"[468043370482512422, 468043370482792754, 468043370484108200, 468043370482463547, 468043370483223386, 468043370482512422, 468043370482901785, 468043370483221056, 468043370483544828, 468043370482811736]"
228da52b-1c04-49cc-bfd8-05701a0fdb11,Surgery,0.8671875,0.043212890625,0.0458984375,0.043212890625,True,A,0.3067154884338379,medmcqa_2,"['STAT', 'PBMD', 'TEXT', 'PBMD', 'PBMD']","[468043370483070466, 468043370483927815, 468043370482459172, 468043370484115860, 468043370483970443]","[0.7919459342956543, 0.7714107036590576, 0.7707177400588989, 0.7673673629760742, 0.7634162902832031]",1,"[-1, -1, -1, -1, -1]"
b2fbf8f3-4379-40fe-83ac-c1deb1b5c045,Surgery,0.0517578125,0.04296875,0.0966796875,0.80859375,True,D,0.10883402824401855,medmcqa_2,"['STAT', 'PBMD', 'STAT', 'PBMD', 'STAT']","[468043370482498434, 468043370483524708, 468043370482945425, 468043370483356285, 468043370482498433]","[0.7707721590995789, 0.717580258846283, 0.7166641354560852, 0.7140264511108398, 0.7138643860816956]",1,"[-1, -1, -1, -1, -1]"
358a3866-8fc2-405e-b7e6-383904748d15,Surgery,0.15625,0.0888671875,0.330078125,0.423828125,False,B,10.316156148910522,medmcqa_2,"['PBMD', 'TEXT', 'TEXT', 'PBMD', 'STAT']","[468043370483808994, 468043370482384450, 468043370482444371, 468043370483773264, 468043370482820385]","[0.8187012672424316, 0.809312641620636, 0.8091020584106445, 0.8067940473556519, 0.8022154569625854]",4,"[468043370483773264, 468043370482896803, 468043370482781668, 468043370483808994, 468043370483875570, 468043370483037673, 468043370483037665, 468043370483037667, 468043370482986684, 468043370482959255, 468043370483314236, 468043370483773264, 468043370482781668, 468043370483875570, 468043370482918042, 468043370483773264, 468043370483875570, 468043370482896803, 468043370482781668, 468043370483808994]"
287ee601-bba2-4926-a230-388f13cfa28d,Surgery,0.62109375,0.032958984375,0.33203125,0.0155029296875,True,A,4.519110202789307,medmcqa_2,"['PBMD', 'PBMD', 'PBMD', 'PBMD', 'PBMD']","[468043370483822585, 468043370483963814, 468043370483959625, 468043370483207564, 468043370483556514]","[0.7185311317443848, 0.7170193791389465, 0.7160531282424927, 0.7154527902603149, 0.7149413824081421]",2,"[468043370482929627, 468043370482929628, 468043370482481927, 468043370482929626, 468043370482887396, 468043370483566833, 468043370483556514, 468043370482884006, 468043370483058413, 468043370482886619]"
ca191087-1d29-41a5-bf8b-0bae2acebae3,Surgery,0.19140625,0.75390625,0.0400390625,0.01385498046875,False,A,0.21193861961364746,medmcqa_2,"['STAT', 'PBMD', 'STAT', 'PBMD', 'PBMD']","[468043370482774983, 468043370483831485, 468043370483039614, 468043370483261166, 468043370483142816]","[0.8151724338531494, 0.8100449442863464, 0.8055714964866638, 0.8051228523254395, 0.798996090888977]",1,"[-1, -1, -1, -1, -1]"
8c2a3258-e79f-4872-9de3-a0abc701f711,Surgery,0.10546875,0.8828125,0.00921630859375,0.00433349609375,True,B,6.288560628890991,medmcqa_2,"['PBMD', 'STAT', 'STAT', 'STAT', 'STAT']","[468043370483557343, 468043370482774964, 468043370483065947, 468043370482547065, 468043370482917367]","[0.7945336103439331, 0.7665979862213135, 0.7650522589683533, 0.7608816623687744, 0.7585738897323608]",3,"[468043370482774961, 468043370482774964, 468043370483535786, 468043370483879400, 468043370483783010, 468043370482835929, 468043370482835930, 468043370483324717, 468043370482812638, 468043370483563545, 468043370483212802, 468043370483065947, 468043370483732553, 468043370483373015, 468043370483075501]"
30cf8c11-4a20-47e4-bb0e-1113d5ae34a2,Surgery,0.2216796875,0.4140625,0.322265625,0.04345703125,False,C,8.093711853027344,medmcqa_2,"['STAT', 'STAT', 'TEXT', 'STAT', 'STAT']","[468043370482937234, 468043370482949417, 468043370482467935, 468043370482949415, 468043370482838374]","[0.8037125468254089, 0.7821475863456726, 0.7695285081863403, 0.7639377117156982, 0.7637213468551636]",4,"[468043370484115971, 468043370483536283, 468043370483759901, 468043370483245280, 468043370482467933, 468043370483427536, 468043370483833244, 468043370483889799, 468043370482924771, 468043370482564180, 468043370483363823, 468043370482937273, 468043370483215169, 468043370483025821, 468043370482793354, 468043370483540488, 468043370482949415, 468043370482467863, 468043370482937304, 468043370482564181]"
dda876e4-c6ba-4136-bf0c-cc5dac90a7a4,Surgery,0.9921875,0.004058837890625,0.00191497802734375,0.000354766845703125,True,A,0.14566707611083984,medmcqa_2,"['STAT', 'PBMD', 'STAT', 'STAT', 'STAT']","[468043370482962155, 468043370483559378, 468043370482962152, 468043370482962241, 468043370482930106]","[0.7690141797065735, 0.7608543634414673, 0.7605065107345581, 0.7599620223045349, 0.7575618028640747]",1,"[-1, -1, -1, -1, -1]"
97028381-fe2a-4c81-9f67-b3125061d7ae,Surgery,0.369140625,0.474609375,0.09326171875,0.06396484375,True,B,10.231377601623535,medmcqa_2,"['PBMD', 'PBMD', 'PBMD', 'PBMD', 'PBMD']","[468043370483125631, 468043370483537341, 468043370483887544, 468043370483242216, 468043370484058744]","[0.8121666312217712, 0.7990184426307678, 0.7893171906471252, 0.7889388203620911, 0.7889034748077393]",4,"[468043370483536910, 468043370484047720, 468043370483537341, 468043370483242216, 468043370483540968, 468043370483125631, 468043370483758515, 468043370483537341, 468043370483242216, 468043370483745239, 468043370484058744, 468043370484055114, 468043370483242216, 468043370483125630, 468043370483536910, 468043370483125631, 468043370484058744, 468043370483242216, 468043370483537341, 468043370484055114]"
ce3daa75-37fc-41ba-b0ea-80182c3f9e5b,Surgery,1.0,0.00020313262939453125,0.0002460479736328125,0.00020313262939453125,True,A,0.16531634330749512,medmcqa_2,"['STAT', 'STAT', 'STAT', 'STAT', 'STAT']","[468043370482872211, 468043370482909117, 468043370482812668, 468043370482538311, 468043370482562156]","[0.7904772758483887, 0.7861067056655884, 0.7857366800308228, 0.7832207679748535, 0.7815238237380981]",1,"[-1, -1, -1, -1, -1]"
baba5fba-6965-463e-af76-ad1192248260,Surgery,0.1357421875,0.022216796875,0.010498046875,0.83203125,True,D,0.14602255821228027,medmcqa_2,"['STAT', 'STAT', 'PBMD', 'PBMD', 'PBMD']","[468043370482895529, 468043370483055919, 468043370483217757, 468043370483260762, 468043370483115577]","[0.8150067925453186, 0.80912184715271, 0.7951775193214417, 0.7912007570266724, 0.7878269553184509]",1,"[-1, -1, -1, -1, -1]"
49929359-b1a1-436e-9df2-31b0b129f0d7,Anatomy,0.02685546875,0.017333984375,0.00927734375,0.9453125,True,D,0.23321866989135742,medmcqa_2,"['STAT', 'STAT', 'STAT', 'STAT', 'STAT']","[468043370482786417, 468043370482911870, 468043370482777029, 468043370483026469, 468043370483048320]","[0.840979814529419, 0.8387616276741028, 0.8296152949333191, 0.8286041021347046, 0.8274644613265991]",1,"[-1, -1, -1, -1, -1]"
c0bb09db-0721-44e8-85a9-9adefcf98f25,Anatomy,0.99609375,0.002044677734375,0.00058746337890625,0.0003795623779296875,True,A,0.16528558731079102,medmcqa_2,"['STAT', 'STAT', 'TEXT', 'STAT', 'STAT']","[468043370482981348, 468043370482496456, 468043370482371469, 468043370482958437, 468043370482981346]","[0.7740459442138672, 0.7503876686096191, 0.7488876581192017, 0.7484822869300842, 0.7474717497825623]",1,"[-1, -1, -1, -1, -1]"
37383322-4c63-4a27-bc22-f63dcd5763db,Anatomy,0.38671875,0.20703125,0.171875,0.234375,False,D,9.517881631851196,medmcqa_2,"['PBMD', 'TEXT', 'TEXT', 'STAT', 'STAT']","[468043370483104006, 468043370482393844, 468043370482393937, 468043370482811411, 468043370483053106]","[0.8071555495262146, 0.7958057522773743, 0.7955117225646973, 0.7906517386436462, 0.7904089093208313]",4,"[468043370482393937, 468043370482811411, 468043370482393833, 468043370482393800, 468043370483053106, 468043370482393800, 468043370482393833, 468043370483594131, 468043370483053106, 468043370482393937, 468043370482393800, 468043370483594131, 468043370483425739, 468043370482393833, 468043370483104006, 468043370482393800, 468043370483104006, 468043370483157893, 468043370483425739, 468043370483594131]"
c33df06b-8aff-47ea-ae1a-0109cfceec53,Anatomy,0.86328125,0.037841796875,0.05517578125,0.045654296875,True,A,0.3089122772216797,medmcqa_2,"['PBMD', 'PBMD', 'TEXT', 'PBMD', 'PBMD']","[468043370483962652, 468043370483974939, 468043370482473706, 468043370483602887, 468043370483975052]","[0.804368257522583, 0.7983314990997314, 0.7968480587005615, 0.7898246645927429, 0.789439857006073]",1,"[-1, -1, -1, -1, -1]"
fc64fd3a-e114-404f-af63-dfaada2cdbf6,Anatomy,0.0247802734375,0.9296875,0.033935546875,0.010986328125,True,B,0.1657545566558838,medmcqa_2,"['STAT', 'STAT', 'STAT', 'TEXT', 'PBMD']","[468043370482801774, 468043370482877631, 468043370482792001, 468043370482394009, 468043370483456428]","[0.8157572150230408, 0.8103134632110596, 0.8031685948371887, 0.7992771863937378, 0.7976841330528259]",1,"[-1, -1, -1, -1, -1]"
2ede6af0-7501-44aa-aa19-39afbe3cf71f,Anatomy,0.03955078125,0.95703125,0.00390625,0.0010528564453125,True,B,0.14567255973815918,medmcqa_2,"['STAT', 'STAT', 'STAT', 'STAT', 'STAT']","[468043370482993718, 468043370483026473, 468043370482856156, 468043370483038049, 468043370482786417]","[0.8377730250358582, 0.8204241394996643, 0.8058366775512695, 0.8040100932121277, 0.8023467063903809]",1,"[-1, -1, -1, -1, -1]"
e2883c94-00e1-42ef-b2c6-c1e3e9011038,Anatomy,0.037841796875,0.0260009765625,0.0179443359375,0.91796875,True,D,6.871112108230591,medmcqa_2,"['TEXT', 'PBMD', 'STAT', 'STAT', 'TEXT']","[468043370482403113, 468043370483148605, 468043370482864804, 468043370482864798, 468043370482371451]","[0.7720191478729248, 0.7685767412185669, 0.7644489407539368, 0.7637636661529541, 0.7627140283584595]",3,"[468043370483032948, 468043370482864789, 468043370482500035, 468043370482435522, 468043370482864792, 468043370482403113, 468043370482775551, 468043370482857757, 468043370482864798, 468043370482371902, 468043370482948954, 468043370482371441, 468043370482371901, 468043370482898492, 468043370482371902]"
7d07e718-099e-466f-912a-d1f7240f482b,Anatomy,0.05712890625,0.078125,0.83984375,0.0269775390625,True,C,0.23538732528686523,medmcqa_2,"['STAT', 'STAT', 'TEXT', 'STAT', 'STAT']","[468043370483015191, 468043370482533245, 468043370482487731, 468043370482849265, 468043370482990797]","[0.8468819856643677, 0.8332245349884033, 0.82310551404953, 0.822577714920044, 0.8135155439376831]",1,"[-1, -1, -1, -1, -1]"
958ac8f0-f87c-4307-a15f-f32b840fd737,Anatomy,0.0390625,0.0126953125,0.9453125,0.00151824951171875,True,C,0.21514606475830078,medmcqa_2,"['PBMD', 'TEXT', 'STAT', 'STAT', 'STAT']","[468043370483212968, 468043370482371331, 468043370482959109, 468043370482927702, 468043370482912188]","[0.8198966979980469, 0.8195855617523193, 0.798438310623169, 0.7980204820632935, 0.7931678891181946]",1,"[-1, -1, -1, -1, -1]"
d13f2a21-04e2-4c68-9f60-d02262a7ab55,Anatomy,0.1953125,0.0247802734375,0.7734375,0.007568359375,False,A,3.5524823665618896,medmcqa_2,"['STAT', 'STAT', 'STAT', 'STAT', 'STAT']","[468043370482778516, 468043370482802646, 468043370482938344, 468043370482937887, 468043370483031748]","[0.8411102890968323, 0.8289944529533386, 0.7980567216873169, 0.7931241393089294, 0.7886132001876831]",2,"[468043370482778516, 468043370482802646, 468043370483031748, 468043370482939556, 468043370482938344, 468043370482778516, 468043370482802646, 468043370482807750, 468043370482939556, 468043370483031748]"
e9be346c-4d68-4290-9ca4-5ea76f8d2280,Anatomy,0.029052734375,0.9609375,0.005035400390625,0.005035400390625,True,B,0.21296429634094238,medmcqa_2,"['STAT', 'STAT', 'STAT', 'STAT', 'STAT']","[468043370483076058, 468043370482942755, 468043370482981357, 468043370482777843, 468043370483065939]","[0.7924542427062988, 0.7910231351852417, 0.7902512550354004, 0.7835184931755066, 0.7822229862213135]",1,"[-1, -1, -1, -1, -1]"
34c40855-d9e8-48a6-aedd-c214e19de1fd,Anatomy,0.01953125,0.1357421875,0.83203125,0.0142822265625,True,C,3.109686851501465,medmcqa_2,"['STAT', 'STAT', 'TEXT', 'STAT', 'STAT']","[468043370483067535, 468043370482776720, 468043370482371083, 468043370482826545, 468043370483065422]","[0.787700355052948, 0.7751966714859009, 0.75091952085495, 0.7484196424484253, 0.74796462059021]",2,"[468043370483067535, 468043370483777163, 468043370482975552, 468043370482776721, 468043370482371083, 468043370483065412, 468043370482826532, 468043370482554681, 468043370482554689, 468043370483065411]"
1cb974a5-a714-4590-8ba8-9989c6620e23,Anatomy,0.0732421875,0.0252685546875,0.00872802734375,0.89453125,True,D,0.2122173309326172,medmcqa_2,"['STAT', 'STAT', 'STAT', 'STAT', 'STAT']","[468043370482866567, 468043370483030555, 468043370483040874, 468043370483040875, 468043370482511330]","[0.8345090746879578, 0.8334231376647949, 0.8191561698913574, 0.8069673776626587, 0.8054955005645752]",1,"[-1, -1, -1, -1, -1]"
77bc7a7f-2138-438d-a372-089c4f806090,Anatomy,0.11767578125,0.05224609375,0.765625,0.06298828125,True,C,4.4049317836761475,medmcqa_2,"['PBMD', 'PBMD', 'PBMD', 'PBMD', 'PBMD']","[468043370483620226, 468043370483350475, 468043370483318443, 468043370483290155, 468043370483815236]","[0.745951771736145, 0.7410246729850769, 0.738222062587738, 0.7329061031341553, 0.7290071845054626]",2,"[468043370483697119, 468043370483287194, 468043370483614643, 468043370483693393, 468043370483737636, 468043370483119321, 468043370483290155, 468043370483563598, 468043370483620226, 468043370483571633]"
8e5ce21c-74ea-4b0d-b929-c03ee9d54765,Anatomy,0.875,0.006683349609375,0.111328125,0.007110595703125,True,A,0.21317744255065918,medmcqa_2,"['STAT', 'STAT', 'STAT', 'TEXT', 'STAT']","[468043370482792356, 468043370483041802, 468043370482792348, 468043370482370232, 468043370482924523]","[0.8312366008758545, 0.8301201462745667, 0.8241771459579468, 0.8216264247894287, 0.8209381103515625]",1,"[-1, -1, -1, -1, -1]"
f1f62761-750a-4d61-ae39-13f4c4e131d5,Anatomy,0.046142578125,0.0712890625,0.87109375,0.01239013671875,True,C,0.2137432098388672,medmcqa_2,"['STAT', 'STAT', 'TEXT', 'STAT', 'STAT']","[468043370482837675, 468043370482796330, 468043370482369630, 468043370482800170, 468043370483012200]","[0.8199581503868103, 0.8067244291305542, 0.8013771176338196, 0.7940497398376465, 0.7876900434494019]",1,"[-1, -1, -1, -1, -1]"
fd2aca85-4353-4ac2-9eac-0a043f681685,Anatomy,0.01953125,0.83203125,0.14453125,0.00494384765625,False,C,0.21053028106689453,medmcqa_2,"['STAT', 'STAT', 'PBMD', 'STAT', 'PBMD']","[468043370482840478, 468043370482540201, 468043370483560577, 468043370482941490, 468043370483505129]","[0.8092318773269653, 0.789225697517395, 0.7879510521888733, 0.7864229083061218, 0.7846052646636963]",1,"[-1, -1, -1, -1, -1]"
aa240af7-9a6c-44dd-ab9a-ecb2c4cb5c28,Anatomy,0.1396484375,0.03759765625,0.11572265625,0.70703125,True,D,0.21228241920471191,medmcqa_2,"['PBMD', 'PBMD', 'PBMD', 'PBMD', 'PBMD']","[468043370483262933, 468043370483480290, 468043370483613652, 468043370483384609, 468043370483127372]","[0.7540509700775146, 0.7365481853485107, 0.7313529253005981, 0.7306616902351379, 0.7294869422912598]",1,"[-1, -1, -1, -1, -1]"
06cab4ad-fb49-4daa-92db-5ee3529af02f,Anatomy,0.056396484375,0.77734375,0.10546875,0.06005859375,True,B,9.558347702026367,medmcqa_2,"['TEXT', 'STAT', 'STAT', 'TEXT', 'PBMD']","[468043370482371909, 468043370482993713, 468043370482807732, 468043370482371526, 468043370483986284]","[0.7764600515365601, 0.7606509923934937, 0.7585353255271912, 0.7585094571113586, 0.758088231086731]",4,"[468043370484078335, 468043370482915642, 468043370483131548, 468043370482802649, 468043370484048755, 468043370483456390, 468043370483829450, 468043370482371909, 468043370482371531, 468043370483852397, 468043370483004635, 468043370482949746, 468043370482893517, 468043370482893534, 468043370483078605, 468043370483078601, 468043370483829450, 468043370483909325, 468043370484058155, 468043370483276487]"
ceaefd37-4bad-48ef-a750-ff288990c99d,Anatomy,0.1162109375,0.279296875,0.357421875,0.24609375,True,C,10.760274171829224,medmcqa_2,"['TEXT', 'TEXT', 'PBMD', 'STAT', 'PBMD']","[468043370482439777, 468043370482430853, 468043370483754762, 468043370482800693, 468043370483564866]","[0.8244103789329529, 0.8178225755691528, 0.8164159059524536, 0.812979519367218, 0.8120179176330566]",4,"[468043370483754762, 468043370482785734, 468043370482981195, 468043370483756503, 468043370483940621, 468043370482785724, 468043370483627991, 468043370483754762, 468043370482439777, 468043370482785734, 468043370483754762, 468043370483756503, 468043370482907842, 468043370483564866, 468043370482785734, 468043370482902337, 468043370483042411, 468043370482874336, 468043370483402380, 468043370482785734]"
006fea5f-8d1c-489b-9ea6-1028a64484ab,Forensic Medicine,0.166015625,0.373046875,0.2734375,0.1875,False,C,6.821038722991943,medmcqa_2,"['PBMD', 'PBMD', 'PBMD', 'STAT', 'STAT']","[468043370483554269, 468043370483624263, 468043370483651720, 468043370483067535, 468043370483067534]","[0.7357696890830994, 0.7123523354530334, 0.7104744911193848, 0.7066128849983215, 0.697556734085083]",4,"[468043370484088264, 468043370483308438, 468043370483948052, 468043370484004615, 468043370483353052, 468043370484088264, 468043370482476951, 468043370483849546, 468043370483948052, 468043370483879354, 468043370483849546, 468043370483353052, 468043370483369006, 468043370484088264, 468043370483567927, 468043370484088264, 468043370483849546, 468043370483308438, 468043370483878586, 468043370483846184]"
c348e60a-061c-4b3d-9192-f54aebed9f8c,Forensic Medicine,0.01373291015625,0.177734375,0.796875,0.0120849609375,True,C,5.836602687835693,medmcqa_2,"['TEXT', 'PBMD', 'PBMD', 'STAT', 'PBMD']","[468043370482404438, 468043370483297578, 468043370483549658, 468043370482844646, 468043370483853457]","[0.7932186126708984, 0.7895147800445557, 0.7858932018280029, 0.7856465578079224, 0.7853900790214539]",2,"[468043370482467521, 468043370483778344, 468043370482961737, 468043370482467522, 468043370482961742, 468043370482844646, 468043370483530923, 468043370482404442, 468043370483633939, 468043370482502541]"
c8353fc5-db77-40d7-970a-64309e53ba93,Forensic Medicine,0.2470703125,0.318359375,0.318359375,0.11669921875,False,C,10.244808673858643,medmcqa_2,"['PBMD', 'PBMD', 'PBMD', 'PBMD', 'PBMD']","[468043370483535508, 468043370483277106, 468043370483535517, 468043370483535512, 468043370483901985]","[0.7693976163864136, 0.759159505367279, 0.752943217754364, 0.7514750957489014, 0.7492253184318542]",4,"[468043370482446669, 468043370483440331, 468043370483492321, 468043370483777010, 468043370482446670, 468043370482446669, 468043370483777010, 468043370483764174, 468043370482446670, 468043370483642960, 468043370483845571, 468043370483297346, 468043370482447049, 468043370482446669, 468043370483764312, 468043370483297346, 468043370482447049, 468043370483440331, 468043370483296046, 468043370483845571]"
297808a8-9996-44f3-9753-1b0eec066d41,Forensic Medicine,0.7109375,0.1494140625,0.109375,0.0294189453125,False,C,14.313287496566772,medmcqa_2,"['STAT', 'TEXT', 'STAT', 'TEXT', 'STAT']","[468043370483014403, 468043370482471600, 468043370482992296, 468043370482471342, 468043370482978540]","[0.8190174102783203, 0.7999311685562134, 0.785894513130188, 0.7857796549797058, 0.7843891382217407]",4,"[468043370482830663, 468043370482817148, 468043370482471619, 468043370482903670, 468043370483689824, 468043370482563543, 468043370482812564, 468043370482465888, 468043370482812518, 468043370483014406, 468043370483070947, 468043370482780771, 468043370482510223, 468043370483070907, 468043370484035159, 468043370482461735, 468043370482495636, 468043370482471600, 468043370482986905, 468043370482797191]"
0c240f5f-b2d4-4229-8a70-5c2bd42f2144,Forensic Medicine,0.09423828125,0.03466796875,0.0306396484375,0.83984375,True,D,11.872321844100952,medmcqa_2,"['STAT', 'TEXT', 'PBMD', 'TEXT', 'TEXT']","[468043370482993245, 468043370482436265, 468043370484078909, 468043370482436264, 468043370482436266]","[0.7589192986488342, 0.7499348521232605, 0.7485775947570801, 0.7477930188179016, 0.7400670051574707]",4,"[468043370482538437, 468043370482525698, 468043370483321211, 468043370483066173, 468043370482483365, 468043370482538437, 468043370482913631, 468043370483642520, 468043370483066207, 468043370482436265, 468043370482538437, 468043370483066207, 468043370482913631, 468043370482436265, 468043370483743988, 468043370482538437, 468043370483066207, 468043370482993245, 468043370482928302, 468043370482913631]"
4c0b406e-5d78-4f1d-99ca-c51f8d240e4f,Forensic Medicine,0.6796875,0.1337890625,0.076171875,0.11083984375,True,A,0.16795945167541504,medmcqa_2,"['TEXT', 'STAT', 'STAT', 'PBMD', 'STAT']","[468043370482461731, 468043370482774272, 468043370482786299, 468043370483723137, 468043370482786296]","[0.7748228907585144, 0.7642555236816406, 0.763250470161438, 0.7585694789886475, 0.7582515478134155]",1,"[-1, -1, -1, -1, -1]"
6f1fdbc9-920f-4bff-b2eb-ba300fd9cc59,Forensic Medicine,0.46484375,0.283203125,0.1708984375,0.0810546875,False,D,9.033708572387695,medmcqa_2,"['PBMD', 'STAT', 'STAT', 'STAT', 'PBMD']","[468043370483772314, 468043370483030445, 468043370482824420, 468043370482824423, 468043370483248523]","[0.7728725075721741, 0.7656649351119995, 0.7396295070648193, 0.7355340719223022, 0.7308183908462524]",4,"[468043370482824420, 468043370483772314, 468043370483248523, 468043370483047659, 468043370482804348, 468043370482951448, 468043370482824420, 468043370483079830, 468043370483772314, 468043370482847523, 468043370483772314, 468043370482824420, 468043370483248523, 468043370482824391, 468043370483801283, 468043370482824420, 468043370482824423, 468043370483772314, 468043370482824415, 468043370482824393]"
5d03f6ea-52a4-4358-94b1-ab24840e0f77,Forensic Medicine,0.1904296875,0.357421875,0.357421875,0.09619140625,False,C,7.737245559692383,medmcqa_2,"['PBMD', 'PBMD', 'PBMD', 'PBMD', 'PBMD']","[468043370483347489, 468043370483327569, 468043370483531896, 468043370483433503, 468043370483453819]","[0.7469873428344727, 0.7422919869422913, 0.7412577867507935, 0.7403875589370728, 0.7322003245353699]",4,"[468043370483347489, 468043370483327569, 468043370484054316, 468043370483610418, 468043370483461549, 468043370483433503, 468043370483347489, 468043370483327569, 468043370482993211, 468043370483461549, 468043370483327569, 468043370483461549, 468043370483347489, 468043370483531896, 468043370484003545, 468043370483461549, 468043370482993211, 468043370483357049, 468043370483141821, 468043370483327569]"
236b5f58-36f4-4644-b7ee-8f90903dba8f,Forensic Medicine,0.7734375,0.162109375,0.03857421875,0.0264892578125,True,A,0.16740894317626953,medmcqa_2,"['PBMD', 'PBMD', 'STAT', 'PBMD', 'STAT']","[468043370484105897, 468043370483857419, 468043370482931560, 468043370483876125, 468043370482536852]","[0.793225884437561, 0.7811420559883118, 0.7669380307197571, 0.7619786858558655, 0.7619746923446655]",1,"[-1, -1, -1, -1, -1]"
08261677-c2d9-467e-9b36-2860dd82c98c,Forensic Medicine,0.1484375,0.4296875,0.244140625,0.1787109375,True,B,7.786008834838867,medmcqa_2,"['STAT', 'STAT', 'PBMD', 'PBMD', 'PBMD']","[468043370482867877, 468043370482885642, 468043370483851335, 468043370483503526, 468043370483523468]","[0.7448275089263916, 0.7398908138275146, 0.7339252829551697, 0.7311612963676453, 0.730415403842926]",4,"[468043370483654327, 468043370482519009, 468043370483767709, 468043370484062134, 468043370483767707, 468043370483654327, 468043370483767709, 468043370483850358, 468043370483956390, 468043370484040401, 468043370483654327, 468043370482901546, 468043370482519009, 468043370484040401, 468043370484062134, 468043370482949347, 468043370482519009, 468043370483140028, 468043370484055819, 468043370483349543]"
eaa8c755-dc9b-4a75-ac66-4664ee83567a,Forensic Medicine,0.1318359375,0.7578125,0.07080078125,0.037841796875,True,B,0.2379004955291748,medmcqa_2,"['PBMD', 'PBMD', 'PBMD', 'PBMD', 'PBMD']","[468043370483989521, 468043370484003724, 468043370483834651, 468043370483513695, 468043370484084624]","[0.79532790184021, 0.77248215675354, 0.7606196403503418, 0.7571603655815125, 0.7561877965927124]",1,"[-1, -1, -1, -1, -1]"
16a341b0-9b1c-4a94-94a6-8f8aaa931295,Forensic Medicine,0.2421875,0.1298828125,0.275390625,0.353515625,False,C,9.05457353591919,medmcqa_2,"['STAT', 'PBMD', 'PBMD', 'PBMD', 'TEXT']","[468043370482887738, 468043370483572311, 468043370483211203, 468043370483423380, 468043370482436961]","[0.7578433156013489, 0.7507545948028564, 0.7498536109924316, 0.7480021715164185, 0.7458794713020325]",4,"[468043370483909141, 468043370483503323, 468043370482885910, 468043370482996611, 468043370483208590, 468043370483909141, 468043370483423380, 468043370483845221, 468043370484102413, 468043370483226724, 468043370483909141, 468043370482383622, 468043370483084104, 468043370483423380, 468043370482561625, 468043370483909141, 468043370484102413, 468043370482887772, 468043370482460854, 468043370482931612]"
070ff387-f612-43ac-a23e-ab3e8ed192b4,Forensic Medicine,0.2578125,0.10791015625,0.62109375,0.01287841796875,True,C,4.678789377212524,medmcqa_2,"['TEXT', 'PBMD', 'PBMD', 'PBMD', 'STAT']","[468043370482463747, 468043370483235033, 468043370484123923, 468043370483323107, 468043370482538442]","[0.7511545419692993, 0.7472712993621826, 0.7397356033325195, 0.7348020076751709, 0.7333565354347229]",2,"[468043370484013220, 468043370483451701, 468043370483557625, 468043370483253286, 468043370483567253, 468043370483433294, 468043370483339534, 468043370483618089, 468043370483391368, 468043370483590828]"
a221ada6-01e5-47bb-9aaf-5277ea353f1c,Forensic Medicine,0.87109375,0.046142578125,0.06298828125,0.021728515625,False,C,0.2375783920288086,medmcqa_2,"['PBMD', 'PBMD', 'PBMD', 'PBMD', 'PBMD']","[468043370483182047, 468043370484006638, 468043370484054077, 468043370483163582, 468043370483463596]","[0.7710345983505249, 0.7691143155097961, 0.7686141729354858, 0.7675033807754517, 0.7657723426818848]",1,"[-1, -1, -1, -1, -1]"
c54f6d65-4afa-4778-8c98-b32ff9a9782d,Forensic Medicine,0.1611328125,0.09814453125,0.30078125,0.439453125,False,A,9.76002812385559,medmcqa_2,"['PBMD', 'PBMD', 'PBMD', 'STAT', 'PBMD']","[468043370484103078, 468043370483838526, 468043370483185175, 468043370482812557, 468043370483842564]","[0.7751794457435608, 0.7629063129425049, 0.7600460052490234, 0.7597856521606445, 0.7593814134597778]",4,"[468043370483393148, 468043370483618526, 468043370483883692, 468043370483101553, 468043370484044588, 468043370482502985, 468043370482531928, 468043370482919060, 468043370483568950, 468043370483423660, 468043370483469557, 468043370483433639, 468043370483275820, 468043370483552852, 468043370483122510, 468043370483984681, 468043370483876531, 468043370483836035, 468043370483842564, 468043370483801075]"
2caaca13-e6d7-451f-b63e-4eb2eefea736,Forensic Medicine,0.74609375,0.1298828125,0.0225830078125,0.10107421875,True,A,0.21313047409057617,medmcqa_2,"['TEXT', 'STAT', 'STAT', 'TEXT', 'TEXT']","[468043370482467523, 468043370482961730, 468043370482773965, 468043370482442988, 468043370482467524]","[0.8171681761741638, 0.8130311369895935, 0.8079846501350403, 0.8061656355857849, 0.8047752976417542]",1,"[-1, -1, -1, -1, -1]"
1a32e105-4c5b-4116-a635-c2eb48d8c25e,Forensic Medicine,0.46875,0.049560546875,0.388671875,0.09228515625,True,A,8.671546936035156,medmcqa_2,"['PBMD', 'PBMD', 'STAT', 'PBMD', 'PBMD']","[468043370483827749, 468043370483915048, 468043370482830085, 468043370483644382, 468043370483113120]","[0.756340503692627, 0.7554854154586792, 0.7443283796310425, 0.7414488792419434, 0.7403563261032104]",4,"[468043370482558414, 468043370482835208, 468043370483915048, 468043370482505641, 468043370482834603, 468043370483915048, 468043370482830085, 468043370482505636, 468043370482835208, 468043370483067649, 468043370482499066, 468043370482558420, 468043370482519848, 468043370482786339, 468043370482964728, 468043370482484460, 468043370482834603, 468043370482964731, 468043370482558414, 468043370483067649]"
731b980a-f36b-45bd-b1cf-538fd90541fc,Forensic Medicine,0.052978515625,0.006317138671875,0.9375,0.003387451171875,True,C,0.30802273750305176,medmcqa_2,"['TEXT', 'PBMD', 'PBMD', 'PBMD', 'TEXT']","[468043370482433290, 468043370484018669, 468043370483414908, 468043370483700268, 468043370482456961]","[0.7698390483856201, 0.748537540435791, 0.7412253022193909, 0.7393515706062317, 0.7381963729858398]",1,"[-1, -1, -1, -1, -1]"
ae166e0e-586c-42ab-9438-dd02125e35c0,Forensic Medicine,0.255859375,0.13671875,0.06494140625,0.54296875,True,D,3.783867120742798,medmcqa_2,"['PBMD', 'PBMD', 'PBMD', 'PBMD', 'PBMD']","[468043370483132870, 468043370483276280, 468043370484078882, 468043370483799753, 468043370483414717]","[0.7181729674339294, 0.7148580551147461, 0.7143291234970093, 0.7124170064926147, 0.7071418166160583]",2,"[468043370483476028, 468043370483132870, 468043370483726620, 468043370484036675, 468043370483733828, 468043370483733828, 468043370483132870, 468043370484105902, 468043370484019064, 468043370483877247]"
86155521-ea6f-485e-b258-14c51d44578e,Forensic Medicine,0.8125,0.04052734375,0.1103515625,0.03564453125,True,A,0.16574621200561523,medmcqa_2,"['PBMD', 'PBMD', 'PBMD', 'PBMD', 'PBMD']","[468043370483287238, 468043370483096554, 468043370483620326, 468043370484076444, 468043370483219658]","[0.8497753739356995, 0.8338152170181274, 0.8296489715576172, 0.8195573091506958, 0.8181386590003967]",1,"[-1, -1, -1, -1, -1]"
7e567a6e-46f6-4f48-bd14-21e53726f1ff,Biochemistry,0.123046875,0.095703125,0.158203125,0.625,False,A,5.665316581726074,medmcqa_2,"['PBMD', 'PBMD', 'PBMD', 'PBMD', 'PBMD']","[468043370483513793, 468043370483253095, 468043370483616508, 468043370483451596, 468043370483986598]","[0.7689238786697388, 0.7671980857849121, 0.7649894952774048, 0.7643042802810669, 0.7619250416755676]",3,"[468043370483942878, 468043370483687087, 468043370483695671, 468043370483353462, 468043370484123944, 468043370483695731, 468043370483085761, 468043370483698244, 468043370483202505, 468043370483940826, 468043370483007273, 468043370483880350, 468043370483025019, 468043370482374689, 468043370483007279]"
335e8fc5-5039-4876-a07e-42364a9c8cfb,Biochemistry,0.00799560546875,0.98828125,0.0033416748046875,0.0019073486328125,True,B,0.2629432678222656,medmcqa_2,"['STAT', 'TEXT', 'PBMD', 'PBMD', 'TEXT']","[468043370483030301, 468043370482372654, 468043370483664189, 468043370483199930, 468043370482372671]","[0.8381276726722717, 0.8341128826141357, 0.8331236839294434, 0.8294994831085205, 0.8289316296577454]",1,"[-1, -1, -1, -1, -1]"
36535f13-db82-4771-afd8-3f210207b234,Biochemistry,0.7265625,0.0263671875,0.08642578125,0.162109375,True,A,0.3065180778503418,medmcqa_2,"['PBMD', 'TEXT', 'PBMD', 'TEXT', 'PBMD']","[468043370483093918, 468043370482373383, 468043370483562294, 468043370482372844, 468043370483089048]","[0.8251657485961914, 0.8189290761947632, 0.8096728324890137, 0.8029555082321167, 0.8001369833946228]",1,"[-1, -1, -1, -1, -1]"
d68d6158-666d-424d-9f9b-26cf0fe6acf5,Biochemistry,0.01318359375,0.0031280517578125,0.984375,0.00122833251953125,True,C,0.3083763122558594,medmcqa_2,"['PBMD', 'PBMD', 'PBMD', 'PBMD', 'TEXT']","[468043370483574219, 468043370483460043, 468043370483145293, 468043370483694704, 468043370482441060]","[0.7913742661476135, 0.7771638035774231, 0.7756110429763794, 0.7747354507446289, 0.7724523544311523]",1,"[-1, -1, -1, -1, -1]"
de58aa91-9cd1-419b-b56b-978ced5335f9,Biochemistry,0.109375,0.11669921875,0.10302734375,0.671875,True,D,11.21672534942627,medmcqa_2,"['PBMD', 'TEXT', 'PBMD', 'PBMD', 'TEXT']","[468043370483167956, 468043370482374065, 468043370483347999, 468043370483199348, 468043370482374062]","[0.796470582485199, 0.795311450958252, 0.7906397581100464, 0.789752721786499, 0.783286452293396]",4,"[468043370482951800, 468043370482831047, 468043370482456604, 468043370483030302, 468043370482456605, 468043370482951800, 468043370483030302, 468043370483024268, 468043370482831047, 468043370483187057, 468043370482951800, 468043370483030302, 468043370482831047, 468043370483217943, 468043370483024268, 468043370482951800, 468043370483192004, 468043370482831047, 468043370483024268, 468043370483030302]"
8dd9b27b-3aa1-425b-8db6-e935a38d4c5f,Biochemistry,0.1630859375,0.056396484375,0.77734375,0.00360107421875,True,C,0.2123260498046875,medmcqa_2,"['STAT', 'STAT', 'TEXT', 'TEXT', 'PBMD']","[468043370482983226, 468043370482869329, 468043370482461482, 468043370482406400, 468043370483266807]","[0.8264911770820618, 0.8231227397918701, 0.8185594081878662, 0.8127385377883911, 0.8071690201759338]",1,"[-1, -1, -1, -1, -1]"
7f8086d8-e91b-40fc-8d8c-55cc74f84d6c,Biochemistry,0.09375,0.047119140625,0.023681640625,0.8359375,True,D,0.24129462242126465,medmcqa_2,"['TEXT', 'PBMD', 'PBMD', 'PBMD', 'TEXT']","[468043370482372674, 468043370483717217, 468043370483151525, 468043370483213629, 468043370482444928]","[0.8552727103233337, 0.8360381126403809, 0.8221083879470825, 0.8154693245887756, 0.8151698112487793]",1,"[-1, -1, -1, -1, -1]"
da9ed7ba-2935-4d4c-a9f5-2f4205c1eb00,Biochemistry,0.01031494140625,0.98828125,0.000400543212890625,0.000957489013671875,True,B,0.20996499061584473,medmcqa_2,"['PBMD', 'STAT', 'STAT', 'TEXT', 'STAT']","[468043370483920553, 468043370482533660, 468043370483001593, 468043370482372711, 468043370482951789]","[0.8365436792373657, 0.8258910775184631, 0.8189544081687927, 0.8137229084968567, 0.8104050159454346]",1,"[-1, -1, -1, -1, -1]"
f8268ff0-f341-40ac-9dd7-e639781e9914,Biochemistry,0.984375,0.005859375,0.005859375,0.0029449462890625,True,A,0.1653304100036621,medmcqa_2,"['STAT', 'STAT', 'TEXT', 'STAT', 'STAT']","[468043370482909667, 468043370482529157, 468043370482432342, 468043370482921556, 468043370482963995]","[0.8900743722915649, 0.8594765663146973, 0.849425196647644, 0.8409640789031982, 0.8359367847442627]",1,"[-1, -1, -1, -1, -1]"
64fb619d-cfcf-450f-a317-cb760dca53e3,Biochemistry,0.0255126953125,0.010009765625,0.95703125,0.006072998046875,True,C,0.23309540748596191,medmcqa_2,"['STAT', 'TEXT', 'STAT', 'STAT', 'TEXT']","[468043370482959023, 468043370482372493, 468043370482983198, 468043370482959024, 468043370482372517]","[0.8099682927131653, 0.7826659679412842, 0.7711318135261536, 0.7662355303764343, 0.7641628384590149]",1,"[-1, -1, -1, -1, -1]"
3728d7be-8279-4b79-a826-e568441ff21a,Biochemistry,0.2216796875,0.322265625,0.322265625,0.134765625,True,B,9.163912296295166,medmcqa_2,"['STAT', 'TEXT', 'TEXT', 'TEXT', 'STAT']","[468043370482910549, 468043370482373172, 468043370482373133, 468043370482373118, 468043370482910548]","[0.7984967231750488, 0.7891837954521179, 0.7723992466926575, 0.7717215418815613, 0.7667484283447266]",4,"[468043370483621319, 468043370484107472, 468043370483402289, 468043370483481080, 468043370483419711, 468043370482373125, 468043370482910549, 468043370482941845, 468043370483342136, 468043370483356098, 468043370483657596, 468043370483133790, 468043370483518154, 468043370483320794, 468043370483307599, 468043370482910549, 468043370483621319, 468043370482910548, 468043370482372587, 468043370483402289]"
68d6b9df-1044-405b-9fe4-4f0b37dfd0f0,Biochemistry,0.00726318359375,0.039306640625,0.953125,0.00183868408203125,True,C,0.23735260963439941,medmcqa_2,"['TEXT', 'TEXT', 'STAT', 'TEXT', 'TEXT']","[468043370482372243, 468043370482372222, 468043370482998216, 468043370482372233, 468043370482372244]","[0.8126306533813477, 0.7837375402450562, 0.77802574634552, 0.7738690376281738, 0.7602285742759705]",1,"[-1, -1, -1, -1, -1]"
f87f02ae-e248-473d-9a03-5a866b0dfbee,Biochemistry,0.0703125,0.009521484375,0.0069580078125,0.9140625,True,D,0.26031017303466797,medmcqa_2,"['STAT', 'PBMD', 'PBMD', 'STAT', 'PBMD']","[468043370483030501, 468043370483881573, 468043370484063515, 468043370482832403, 468043370483093062]","[0.8291220664978027, 0.8232912421226501, 0.8208131790161133, 0.8150126934051514, 0.8070910573005676]",1,"[-1, -1, -1, -1, -1]"
1ff979ad-8930-4ea2-9176-9975e626b233,Biochemistry,0.35546875,0.5859375,0.01556396484375,0.045166015625,False,A,4.4683778285980225,medmcqa_2,"['PBMD', 'TEXT', 'STAT', 'PBMD', 'PBMD']","[468043370483606386, 468043370482406350, 468043370483022795, 468043370483557688, 468043370484076316]","[0.774836003780365, 0.7744308710098267, 0.7670276165008545, 0.7654361724853516, 0.7644547820091248]",2,"[468043370482406412, 468043370483345829, 468043370482906920, 468043370483626744, 468043370482461485, 468043370483526304, 468043370482406431, 468043370483351130, 468043370483364005, 468043370483526093]"
1f536213-3abd-44b5-9011-773e21fe138f,Biochemistry,0.01165771484375,0.0042724609375,0.000698089599609375,0.984375,True,D,0.30820703506469727,medmcqa_2,"['PBMD', 'PBMD', 'PBMD', 'PBMD', 'PBMD']","[468043370483765380, 468043370483870780, 468043370483885805, 468043370484077465, 468043370483470458]","[0.8199673891067505, 0.8182336091995239, 0.8062876462936401, 0.8019182682037354, 0.8008474111557007]",1,"[-1, -1, -1, -1, -1]"
42f5106c-e964-4e2c-b39d-b95f6246efae,Biochemistry,0.40234375,0.1904296875,0.1904296875,0.2158203125,False,B,7.760305166244507,medmcqa_2,"['TEXT', 'PBMD', 'TEXT', 'PBMD', 'PBMD']","[468043370482456478, 468043370483547590, 468043370482456809, 468043370483977121, 468043370483977122]","[0.7803822159767151, 0.7787553668022156, 0.7737551331520081, 0.7664498090744019, 0.7626321911811829]",4,"[468043370482456478, 468043370483027840, 468043370482405669, 468043370482456793, 468043370482456814, 468043370483684942, 468043370483976028, 468043370484043364, 468043370483943644, 468043370483645270, 468043370482530981, 468043370482376495, 468043370482441380, 468043370483027840, 468043370482810116, 468043370483010288, 468043370483010289, 468043370483010322, 468043370482400270, 468043370483010321]"
00b68a41-476c-4506-9961-35e03dd44243,Biochemistry,0.1201171875,0.83203125,0.0196533203125,0.0267333984375,False,D,0.23533201217651367,medmcqa_2,"['PBMD', 'PBMD', 'TEXT', 'PBMD', 'STAT']","[468043370483126959, 468043370483213186, 468043370482372661, 468043370483439412, 468043370482831042]","[0.7969032526016235, 0.7952390313148499, 0.7924086451530457, 0.7869677543640137, 0.7865620255470276]",1,"[-1, -1, -1, -1, -1]"
52f7f99f-7b39-4c16-97c3-df2c2229c041,Biochemistry,0.0296630859375,0.0380859375,0.00799560546875,0.92578125,True,D,0.2105090618133545,medmcqa_2,"['STAT', 'PBMD', 'STAT', 'TEXT', 'STAT']","[468043370482998216, 468043370483605921, 468043370483007259, 468043370482372243, 468043370482561400]","[0.7743419408798218, 0.760480523109436, 0.7586880326271057, 0.7562708258628845, 0.751136064529419]",1,"[-1, -1, -1, -1, -1]"
638938c5-4c5d-4ce0-8742-150395cce724,Biochemistry,0.0157470703125,0.97265625,0.00543212890625,0.00543212890625,True,B,9.133969068527222,medmcqa_2,"['PBMD', 'PBMD', 'TEXT', 'PBMD', 'PBMD']","[468043370483332566, 468043370483340716, 468043370482456587, 468043370483349505, 468043370483458511]","[0.7854949831962585, 0.7826181054115295, 0.7813169360160828, 0.7757683992385864, 0.7745864987373352]",4,"[468043370483861231, 468043370483869550, 468043370482441020, 468043370483106617, 468043370483286910, 468043370482441020, 468043370482930203, 468043370483202788, 468043370483267988, 468043370483272865, 468043370483869550, 468043370482441020, 468043370482930203, 468043370483264508, 468043370483349505, 468043370483332566, 468043370483869550, 468043370483307931, 468043370483340716, 468043370483938918]"
615cc399-cebf-4f14-bf98-bf7f8177ee91,Biochemistry,0.142578125,0.059326171875,0.02978515625,0.76953125,True,D,0.3080463409423828,medmcqa_2,"['PBMD', 'TEXT', 'TEXT', 'TEXT', 'PBMD']","[468043370483210225, 468043370482372999, 468043370482468954, 468043370482428927, 468043370483196100]","[0.8122376203536987, 0.8111598491668701, 0.8109197020530701, 0.8094927072525024, 0.8078891634941101]",1,"[-1, -1, -1, -1, -1]"
32911eb7-ec0f-4745-b62c-ce3ed4897eea,Physiology,0.0927734375,0.173828125,0.046630859375,0.6875,True,D,0.3066518306732178,medmcqa_2,"['PBMD', 'PBMD', 'PBMD', 'PBMD', 'TEXT']","[468043370483959849, 468043370483706110, 468043370483715589, 468043370483248290, 468043370482391802]","[0.7692239284515381, 0.7675431966781616, 0.7625762820243835, 0.7580171227455139, 0.7553876042366028]",1,"[-1, -1, -1, -1, -1]"
c5065606-5cbb-4adc-85a7-f7e14bf4a75e,Physiology,0.04931640625,0.01251220703125,0.005889892578125,0.93359375,False,A,8.03453016281128,medmcqa_2,"['TEXT', 'PBMD', 'PBMD', 'PBMD', 'PBMD']","[468043370482377919, 468043370483248175, 468043370483438801, 468043370483141599, 468043370483436026]","[0.7539471387863159, 0.740955114364624, 0.7396643757820129, 0.7388892769813538, 0.7385826110839844]",4,"[468043370483840996, 468043370483099747, 468043370482377086, 468043370483959853, 468043370482377919, 468043370483779632, 468043370482455256, 468043370482377919, 468043370482375444, 468043370482458458, 468043370483163437, 468043370483823067, 468043370482377919, 468043370484086500, 468043370484000979, 468043370483319082, 468043370483978206, 468043370483876703, 468043370483622763, 468043370482455288]"
01c2e93f-70e6-417c-b779-c037ee975bff,Physiology,0.0308837890625,0.017578125,0.90234375,0.0478515625,True,C,0.23525547981262207,medmcqa_2,"['TEXT', 'TEXT', 'STAT', 'PBMD', 'PBMD']","[468043370482377286, 468043370482467295, 468043370482519998, 468043370483344898, 468043370483159608]","[0.8129574656486511, 0.8112757205963135, 0.8070246577262878, 0.8052546977996826, 0.8045138716697693]",1,"[-1, -1, -1, -1, -1]"
4f393b71-3955-4db3-a376-99af5015b825,Physiology,0.86328125,0.040283203125,0.01153564453125,0.08544921875,True,A,6.8834404945373535,medmcqa_2,"['PBMD', 'PBMD', 'STAT', 'PBMD', 'STAT']","[468043370483558556, 468043370484023051, 468043370482558065, 468043370483851877, 468043370482871522]","[0.8084554672241211, 0.803130030632019, 0.7987226247787476, 0.7951821088790894, 0.79437655210495]",2,"[468043370482803252, 468043370483400867, 468043370482563823, 468043370483411830, 468043370483483213, 468043370483851877, 468043370484023051, 468043370483747356, 468043370483418562, 468043370483400867]"
f3d65283-cf60-4fd3-a23a-804ca33bc8e9,Physiology,0.2275390625,0.2421875,0.353515625,0.177734375,False,D,24.65409517288208,medmcqa_2,"['STAT', 'STAT', 'TEXT', 'TEXT', 'STAT']","[468043370482518757, 468043370482861197, 468043370482474471, 468043370482474473, 468043370482836844]","[0.8231309652328491, 0.8210155367851257, 0.8060714602470398, 0.8049964904785156, 0.7937595844268799]",4,"[468043370482518757, 468043370482861197, 468043370482474473, 468043370482474462, 468043370482474471, 468043370482518757, 468043370482952409, 468043370482474473, 468043370482861197, 468043370482836837, 468043370482518757, 468043370482952409, 468043370482555975, 468043370482836837, 468043370482779033, 468043370482518757, 468043370482836837, 468043370482861197, 468043370482474471, 468043370482952409]"
58d9be9a-04f6-4c5a-b454-65f2683e3669,Physiology,0.98828125,0.01031494140625,0.0026092529296875,0.000579833984375,True,A,0.16957521438598633,medmcqa_2,"['STAT', 'STAT', 'STAT', 'TEXT', 'TEXT']","[468043370483009935, 468043370483050534, 468043370482526813, 468043370482373333, 468043370482469901]","[0.8123878240585327, 0.8070285320281982, 0.8000410795211792, 0.7984184622764587, 0.7869207859039307]",1,"[-1, -1, -1, -1, -1]"
78e21dd0-aff4-4cce-b4b0-a275703f99c5,Physiology,0.10986328125,0.06689453125,0.55859375,0.263671875,False,D,7.534287452697754,medmcqa_2,"['STAT', 'STAT', 'STAT', 'TEXT', 'TEXT']","[468043370482919102, 468043370482923231, 468043370482522158, 468043370482475726, 468043370482463863]","[0.7602020502090454, 0.7587352991104126, 0.7545469999313354, 0.7463138699531555, 0.7437188029289246]",4,"[468043370482782949, 468043370482483879, 468043370482474387, 468043370482418202, 468043370483042296, 468043370482782949, 468043370483042296, 468043370483062703, 468043370482929692, 468043370483606757, 468043370482474461, 468043370482555977, 468043370483356556, 468043370483018549, 468043370482474473, 468043370482779018, 468043370483018549, 468043370483487919, 468043370482474418, 468043370483250095]"
46f87e87-5b3e-465d-ae94-bd65b5f333c2,Physiology,0.01226806640625,0.01080322265625,0.0032958984375,0.97265625,True,D,0.21402907371520996,medmcqa_2,"['STAT', 'STAT', 'PBMD', 'PBMD', 'PBMD']","[468043370482928517, 468043370482782111, 468043370483373387, 468043370483532639, 468043370483090367]","[0.7641845941543579, 0.7616626024246216, 0.7533847689628601, 0.75230872631073, 0.7489110231399536]",1,"[-1, -1, -1, -1, -1]"
04d3c89a-f5aa-4cb2-8b65-870d81f04d56,Physiology,0.004608154296875,0.000965118408203125,0.00080108642578125,0.9921875,True,D,0.09636592864990234,medmcqa_2,"['STAT', 'PBMD', 'STAT', 'STAT', 'STAT']","[468043370482880566, 468043370483617355, 468043370482783562, 468043370482962824, 468043370482787153]","[0.8326118588447571, 0.8125967979431152, 0.8070060610771179, 0.8070060014724731, 0.8070060014724731]",1,"[-1, -1, -1, -1, -1]"
9a3ac2a9-6d0f-4448-865c-e5bac449c1ec,Physiology,0.169921875,0.59375,0.08544921875,0.150390625,False,A,11.562756776809692,medmcqa_2,"['PBMD', 'TEXT', 'PBMD', 'PBMD', 'PBMD']","[468043370484121230, 468043370482467985, 468043370483367897, 468043370483931010, 468043370483491280]","[0.7921874523162842, 0.7768557667732239, 0.7739126682281494, 0.7725008130073547, 0.7701666355133057]",4,"[468043370484121230, 468043370484030655, 468043370483725321, 468043370482473858, 468043370483837372, 468043370483296178, 468043370483907351, 468043370483491280, 468043370483578279, 468043370484121230, 468043370483590219, 468043370484121230, 468043370483595798, 468043370483517703, 468043370483305963, 468043370482473858, 468043370484101306, 468043370483043746, 468043370484101305, 468043370483181740]"
4a406504-84b2-4e13-8bd3-c149c1c0e0eb,Physiology,0.006256103515625,0.001312255859375,0.0024566650390625,0.98828125,True,D,0.21276140213012695,medmcqa_2,"['TEXT', 'PBMD', 'TEXT', 'TEXT', 'PBMD']","[468043370482474973, 468043370483490830, 468043370482474972, 468043370482420742, 468043370483502792]","[0.809442400932312, 0.7878610491752625, 0.782712459564209, 0.7764871120452881, 0.7752337455749512]",1,"[-1, -1, -1, -1, -1]"
ebc97f5c-aba4-4d9b-9051-b6177ee1a94d,Physiology,0.51953125,0.07958984375,0.26171875,0.1396484375,False,D,10.773575067520142,medmcqa_2,"['STAT', 'TEXT', 'STAT', 'TEXT', 'PBMD']","[468043370482779010, 468043370482482027, 468043370482553734, 468043370482483894, 468043370483231149]","[0.8090972304344177, 0.7658841609954834, 0.7631679773330688, 0.762717604637146, 0.7513762712478638]",4,"[468043370482779010, 468043370483062684, 468043370482553734, 468043370482779017, 468043370482483871, 468043370482779010, 468043370483231149, 468043370482553734, 468043370483879190, 468043370483465591, 468043370482553734, 468043370482779010, 468043370483732128, 468043370483231149, 468043370484062650, 468043370482779010, 468043370483231149, 468043370483732128, 468043370482553734, 468043370482466370]"
3b566437-e44a-4c6a-a0e1-973042e5819c,Physiology,0.0228271484375,0.96875,0.0047607421875,0.00396728515625,True,B,0.23507142066955566,medmcqa_2,"['TEXT', 'PBMD', 'PBMD', 'TEXT', 'PBMD']","[468043370482372166, 468043370483409974, 468043370483317544, 468043370482473482, 468043370483533409]","[0.7902936935424805, 0.7860108613967896, 0.7829580307006836, 0.7824118733406067, 0.7774935364723206]",1,"[-1, -1, -1, -1, -1]"
12cd753a-42ac-4773-a89b-7869b1185af1,Physiology,0.0225830078125,0.010009765625,0.9609375,0.0078125,True,C,0.23548173904418945,medmcqa_2,"['TEXT', 'PBMD', 'TEXT', 'TEXT', 'STAT']","[468043370482473727, 468043370483446959, 468043370482437597, 468043370482437622, 468043370483022954]","[0.8026648759841919, 0.7807115316390991, 0.7681533694267273, 0.7643004059791565, 0.7635912895202637]",1,"[-1, -1, -1, -1, -1]"
e737ad44-e48a-4f53-8077-79b181818e5f,Physiology,0.008544921875,0.000545501708984375,0.004302978515625,0.98828125,True,D,0.19196295738220215,medmcqa_2,"['PBMD', 'STAT', 'PBMD', 'PBMD', 'PBMD']","[468043370483464576, 468043370483025624, 468043370483471102, 468043370483479233, 468043370483164509]","[0.7617983818054199, 0.740021288394928, 0.7318140268325806, 0.7306913137435913, 0.7252796292304993]",1,"[-1, -1, -1, -1, -1]"
63b5933b-8cd7-4320-b430-0cbf82644ec8,Physiology,0.041748046875,0.94921875,0.003875732421875,0.00439453125,True,B,0.30463743209838867,medmcqa_2,"['PBMD', 'PBMD', 'STAT', 'PBMD', 'PBMD']","[468043370483402923, 468043370483547873, 468043370482942614, 468043370483873469, 468043370483284690]","[0.8011282682418823, 0.7948377132415771, 0.7944287061691284, 0.7920590043067932, 0.7900848388671875]",1,"[-1, -1, -1, -1, -1]"
3bd6c1d7-7d78-4279-8347-7fd70f37a262,Physiology,0.06640625,0.01153564453125,0.859375,0.062255859375,True,C,0.2367994785308838,medmcqa_2,"['PBMD', 'PBMD', 'STAT', 'TEXT', 'TEXT']","[468043370483139096, 468043370483423956, 468043370482808715, 468043370482378787, 468043370482473949]","[0.8406254053115845, 0.8349095582962036, 0.834370493888855, 0.8327728509902954, 0.829336941242218]",1,"[-1, -1, -1, -1, -1]"
b1918d90-61c1-47d3-894e-63bd85822d98,Physiology,0.06640625,0.0108642578125,0.91796875,0.004241943359375,True,C,0.2353074550628662,medmcqa_2,"['PBMD', 'PBMD', 'PBMD', 'PBMD', 'PBMD']","[468043370483982530, 468043370483637374, 468043370483716388, 468043370483950479, 468043370483113483]","[0.8106642961502075, 0.7878133654594421, 0.7867125272750854, 0.7852492332458496, 0.7793225049972534]",1,"[-1, -1, -1, -1, -1]"
5641b32f-91e7-4a52-bd8a-a1db071d0d45,Physiology,0.9375,0.00762939453125,0.036376953125,0.0172119140625,False,B,0.21204113960266113,medmcqa_2,"['STAT', 'STAT', 'TEXT', 'STAT', 'STAT']","[468043370482949905, 468043370482975857, 468043370482481500, 468043370483000616, 468043370483057253]","[0.7857608199119568, 0.7799608707427979, 0.7722506523132324, 0.7690534591674805, 0.7611219882965088]",1,"[-1, -1, -1, -1, -1]"
97d223c0-93ff-48c6-8cd4-3492c596b22b,Physiology,0.1953125,0.220703125,0.498046875,0.08642578125,False,A,9.752506494522095,medmcqa_2,"['PBMD', 'STAT', 'TEXT', 'STAT', 'PBMD']","[468043370483477324, 468043370482801709, 468043370482474979, 468043370482541373, 468043370483528280]","[0.8150953650474548, 0.7926931977272034, 0.7896324992179871, 0.7844624519348145, 0.7840682864189148]",4,"[468043370483001204, 468043370482802117, 468043370482915733, 468043370482474980, 468043370482826244, 468043370482474979, 468043370483448519, 468043370483477324, 468043370482919255, 468043370483054893, 468043370482474979, 468043370483054893, 468043370482908147, 468043370483528280, 468043370483349372, 468043370483913885, 468043370482474979, 468043370482802117, 468043370483522441, 468043370483432111]"
80373cf9-5322-408c-ae6b-bff7f9fb2d88,Gynaecology & Obstetrics,0.07861328125,0.79296875,0.0255126953125,0.10107421875,True,B,4.86311411857605,medmcqa_2,"['TEXT', 'STAT', 'TEXT', 'STAT', 'PBMD']","[468043370482447870, 468043370483047798, 468043370482447871, 468043370482942859, 468043370483436063]","[0.7927268743515015, 0.7859943509101868, 0.7725067734718323, 0.7673557996749878, 0.7635761499404907]",2,"[468043370482942859, 468043370482447870, 468043370482447867, 468043370483047798, 468043370482819269, 468043370483437628, 468043370483135423, 468043370483442263, 468043370482942859, 468043370483263514]"
89e4fd81-0a6a-4702-8229-b393fcf8bf91,Gynaecology & Obstetrics,0.0096435546875,0.984375,0.0010223388671875,0.0035552978515625,True,B,0.16746187210083008,medmcqa_2,"['STAT', 'PBMD', 'STAT', 'STAT', 'STAT']","[468043370482823294, 468043370483100154, 468043370483037334, 468043370482857540, 468043370482801937]","[0.8189995884895325, 0.8153514862060547, 0.8110027313232422, 0.8060626983642578, 0.8035189509391785]",1,"[-1, -1, -1, -1, -1]"
ff15f943-5815-44a6-a8cf-5513f692fde6,Gynaecology & Obstetrics,0.154296875,0.0284423828125,0.1279296875,0.69140625,True,D,13.636931896209717,medmcqa_2,"['PBMD', 'PBMD', 'PBMD', 'PBMD', 'PBMD']","[468043370483982368, 468043370483606215, 468043370483219991, 468043370483486705, 468043370483619551]","[0.7679225206375122, 0.7635307908058167, 0.7618637084960938, 0.7615176439285278, 0.7612642049789429]",4,"[468043370482449240, 468043370482449242, 468043370482449241, 468043370484062067, 468043370482467081, 468043370484089442, 468043370482448285, 468043370482384806, 468043370483564495, 468043370484091932, 468043370482830331, 468043370483909826, 468043370482451525, 468043370482451599, 468043370484021260, 468043370483239101, 468043370482451599, 468043370483851102, 468043370483874158, 468043370483747437]"
16f0079a-a1c9-4a10-a9c7-2fa11f8bddba,Gynaecology & Obstetrics,0.02734375,0.96484375,0.006103515625,0.00128173828125,False,A,0.1697392463684082,medmcqa_2,"['PBMD', 'PBMD', 'PBMD', 'PBMD', 'PBMD']","[468043370483645496, 468043370483255289, 468043370483475648, 468043370484091665, 468043370483839827]","[0.7470893859863281, 0.7349132895469666, 0.7222083806991577, 0.7218690514564514, 0.7215175628662109]",1,"[-1, -1, -1, -1, -1]"
6db0be4d-9458-4e57-98f2-1755ea19876b,Gynaecology & Obstetrics,0.060791015625,0.0306396484375,0.2119140625,0.6953125,False,C,4.489821910858154,medmcqa_2,"['STAT', 'STAT', 'STAT', 'TEXT', 'STAT']","[468043370482906424, 468043370482906447, 468043370482906428, 468043370482448338, 468043370482906431]","[0.7826061248779297, 0.7758137583732605, 0.7758032083511353, 0.7720713019371033, 0.7719578146934509]",2,"[468043370482906431, 468043370482906428, 468043370482935845, 468043370482906424, 468043370482917328, 468043370482906431, 468043370482906428, 468043370482906424, 468043370482917328, 468043370482935845]"
476fc39f-b59d-4878-839c-006da1da3f70,Gynaecology & Obstetrics,0.01556396484375,0.90625,0.00836181640625,0.06982421875,True,B,0.16526532173156738,medmcqa_2,"['TEXT', 'STAT', 'STAT', 'STAT', 'PBMD']","[468043370482408618, 468043370482917325, 468043370482935828, 468043370482517684, 468043370483385858]","[0.76656574010849, 0.7628635764122009, 0.7615465521812439, 0.759986400604248, 0.7596018314361572]",1,"[-1, -1, -1, -1, -1]"
4b912603-51df-4c8b-89de-6d845f666cb1,Gynaecology & Obstetrics,0.09326171875,0.197265625,0.53515625,0.173828125,False,D,8.64358401298523,medmcqa_2,"['PBMD', 'PBMD', 'PBMD', 'PBMD', 'PBMD']","[468043370483619228, 468043370483460138, 468043370483874962, 468043370483252250, 468043370483718536]","[0.8262877464294434, 0.8125827312469482, 0.8093911409378052, 0.8083539009094238, 0.8071425557136536]",4,"[468043370484008914, 468043370483718536, 468043370483606908, 468043370483866379, 468043370484008933, 468043370482453868, 468043370482815845, 468043370483187757, 468043370483643922, 468043370482453866, 468043370483423807, 468043370483874962, 468043370483725836, 468043370483015422, 468043370483409197, 468043370483351585, 468043370483725836, 468043370483874962, 468043370483423807, 468043370483527799]"
f3f48369-3b19-470a-bdaa-a5d8fa4d8afa,Gynaecology & Obstetrics,0.004608154296875,0.99609375,0.0004291534423828125,0.000484466552734375,True,B,0.308823823928833,medmcqa_2,"['PBMD', 'PBMD', 'PBMD', 'PBMD', 'PBMD']","[468043370483872062, 468043370483654923, 468043370483941845, 468043370483797899, 468043370483859872]","[0.8493428230285645, 0.8470181226730347, 0.8403937816619873, 0.8310615420341492, 0.8294888734817505]",1,"[-1, -1, -1, -1, -1]"
838f8aa6-e9c7-4e24-ae4b-d430371f9e27,Gynaecology & Obstetrics,0.01470947265625,0.009521484375,0.005096435546875,0.96875,True,D,0.21325469017028809,medmcqa_2,"['PBMD', 'PBMD', 'PBMD', 'PBMD', 'PBMD']","[468043370483337139, 468043370483287238, 468043370484115663, 468043370483654157, 468043370483219658]","[0.794011116027832, 0.7801688313484192, 0.7748085260391235, 0.770973265171051, 0.7697536945343018]",1,"[-1, -1, -1, -1, -1]"
82f5a7e9-467b-471b-bf1f-0d66f964408e,Gynaecology & Obstetrics,0.0341796875,0.0162353515625,0.00811767578125,0.94140625,True,D,0.30440592765808105,medmcqa_2,"['PBMD', 'PBMD', 'PBMD', 'PBMD', 'PBMD']","[468043370483307935, 468043370483391720, 468043370483320413, 468043370483596691, 468043370483114317]","[0.8197752237319946, 0.8184244632720947, 0.8178356289863586, 0.8146063089370728, 0.8143075704574585]",1,"[-1, -1, -1, -1, -1]"
ab01afe5-53fa-43eb-8419-c92653ed2b1f,Gynaecology & Obstetrics,0.11376953125,0.09423828125,0.212890625,0.578125,False,A,12.888301372528076,medmcqa_2,"['PBMD', 'TEXT', 'PBMD', 'PBMD', 'PBMD']","[468043370483402982, 468043370482389529, 468043370483851871, 468043370483874963, 468043370483841469]","[0.789239764213562, 0.7880905866622925, 0.7876818776130676, 0.7844512462615967, 0.7842795252799988]",4,"[468043370483282493, 468043370484024895, 468043370483811037, 468043370483771489, 468043370484051044, 468043370483044225, 468043370482389589, 468043370483908531, 468043370482522029, 468043370484051043, 468043370484024895, 468043370482389529, 468043370483912928, 468043370482389438, 468043370483868063, 468043370482388895, 468043370484051054, 468043370483897320, 468043370484099342, 468043370482389529]"
b92d77c7-0eeb-411f-952f-ffb56e8f11fe,Gynaecology & Obstetrics,0.07421875,0.00836181640625,0.90625,0.01007080078125,True,C,0.2117466926574707,medmcqa_2,"['TEXT', 'TEXT', 'TEXT', 'TEXT', 'TEXT']","[468043370482448955, 468043370482448950, 468043370482448945, 468043370482448959, 468043370482448967]","[0.8450025916099548, 0.8381994962692261, 0.8374271988868713, 0.8264451622962952, 0.8219491243362427]",1,"[-1, -1, -1, -1, -1]"
e0120b3c-b9c7-4167-a9e7-b07b767d14d3,Gynaecology & Obstetrics,0.212890625,0.2412109375,0.146484375,0.3984375,False,B,11.04692554473877,medmcqa_2,"['TEXT', 'PBMD', 'PBMD', 'TEXT', 'TEXT']","[468043370482448088, 468043370483833116, 468043370483410674, 468043370482382855, 468043370482448082]","[0.8037428855895996, 0.7947957515716553, 0.785378098487854, 0.7836003303527832, 0.7811358571052551]",4,"[468043370483695684, 468043370483285237, 468043370482783837, 468043370483847353, 468043370483874956, 468043370482448088, 468043370483284032, 468043370483695684, 468043370483410674, 468043370483208153, 468043370482448088, 468043370483695684, 468043370483284032, 468043370482382855, 468043370482448082, 468043370483284032, 468043370483847353, 468043370483285237, 468043370482783837, 468043370483695684]"
e5e8e766-7a60-497c-80f9-842c60f4e1a4,Gynaecology & Obstetrics,0.99609375,0.002044677734375,0.000457763671875,0.0006256103515625,True,A,0.1840953826904297,medmcqa_2,"['PBMD', 'PBMD', 'STAT', 'PBMD', 'PBMD']","[468043370483305450, 468043370483156885, 468043370483079446, 468043370483188416, 468043370483676327]","[0.8089544177055359, 0.7898039817810059, 0.7896969318389893, 0.7847693562507629, 0.7833787798881531]",1,"[-1, -1, -1, -1, -1]"
8b8596c2-33bc-48dd-b6b3-bd7fdbf34669,Gynaecology & Obstetrics,0.0242919921875,0.96875,0.00506591796875,0.0025482177734375,True,B,0.23531818389892578,medmcqa_2,"['STAT', 'TEXT', 'STAT', 'TEXT', 'TEXT']","[468043370482857197, 468043370482445995, 468043370483038253, 468043370482448849, 468043370482449036]","[0.8302028775215149, 0.8129198551177979, 0.8126187324523926, 0.7870858907699585, 0.7836979627609253]",1,"[-1, -1, -1, -1, -1]"
8870f48b-468f-484c-8070-3b135b2c7ada,Gynaecology & Obstetrics,0.07177734375,0.04345703125,0.875,0.00970458984375,True,C,0.3065338134765625,medmcqa_2,"['PBMD', 'PBMD', 'PBMD', 'PBMD', 'PBMD']","[468043370483606735, 468043370483480782, 468043370483606734, 468043370483503384, 468043370483479631]","[0.7911065220832825, 0.7823700308799744, 0.7797218561172485, 0.7588340044021606, 0.7576708197593689]",1,"[-1, -1, -1, -1, -1]"
1fd04b32-9f12-4f3a-9df0-425c967704af,Gynaecology & Obstetrics,0.1337890625,0.220703125,0.11767578125,0.52734375,False,B,11.06021499633789,medmcqa_2,"['TEXT', 'PBMD', 'PBMD', 'PBMD', 'PBMD']","[468043370482382935, 468043370483336253, 468043370483329261, 468043370484063694, 468043370483777919]","[0.8201831579208374, 0.8035575747489929, 0.7984089851379395, 0.7975596189498901, 0.7975335121154785]",4,"[468043370483446688, 468043370483448381, 468043370482525301, 468043370483558728, 468043370483777919, 468043370483136120, 468043370484043990, 468043370482882434, 468043370482976625, 468043370483244492, 468043370482388866, 468043370483445868, 468043370483547749, 468043370482382935, 468043370484064441, 468043370482388864, 468043370483048083, 468043370483032042, 468043370482931681, 468043370482526503]"
c0a989ca-6fdf-4c72-9407-44ef61bfceee,Gynaecology & Obstetrics,0.408203125,0.048583984375,0.4921875,0.0517578125,True,C,8.66647982597351,medmcqa_2,"['TEXT', 'PBMD', 'TEXT', 'PBMD', 'PBMD']","[468043370482401307, 468043370483683230, 468043370482401305, 468043370483123726, 468043370483485389]","[0.7886031270027161, 0.7846201062202454, 0.7824479341506958, 0.7820733189582825, 0.7808188199996948]",4,"[468043370482401307, 468043370482823276, 468043370482452693, 468043370482401305, 468043370483485389, 468043370483485389, 468043370482452693, 468043370482452538, 468043370482401307, 468043370483910408, 468043370483385851, 468043370482452576, 468043370482401307, 468043370482823288, 468043370482452685, 468043370482452582, 468043370482541463, 468043370482541466, 468043370482419157, 468043370483795189]"
f9be858f-ef2f-475e-9c82-ced530a1a623,Gynaecology & Obstetrics,0.01397705078125,0.8671875,0.016845703125,0.103515625,True,B,0.2152721881866455,medmcqa_2,"['PBMD', 'PBMD', 'PBMD', 'PBMD', 'PBMD']","[468043370483752819, 468043370484070516, 468043370484045585, 468043370483808723, 468043370484060032]","[0.826056718826294, 0.8238580226898193, 0.8224605321884155, 0.8197910189628601, 0.8197861909866333]",1,"[-1, -1, -1, -1, -1]"
ab34e961-f641-4c92-9324-06da16cc52ef,Gynaecology & Obstetrics,0.29296875,0.275390625,0.29296875,0.138671875,False,B,7.655227184295654,medmcqa_2,"['STAT', 'STAT', 'STAT', 'STAT', 'STAT']","[468043370482869829, 468043370482800475, 468043370482876336, 468043370482934711, 468043370482786539]","[0.7887371182441711, 0.7691940069198608, 0.7563303112983704, 0.7534259557723999, 0.7506667375564575]",4,"[468043370482450879, 468043370482450892, 468043370482874967, 468043370482916318, 468043370482962017, 468043370482450879, 468043370482874967, 468043370482481575, 468043370482450880, 468043370482962017, 468043370482450879, 468043370482874967, 468043370482874973, 468043370482450892, 468043370482916318, 468043370482450879, 468043370482450878, 468043370482450892, 468043370482481575, 468043370482481578]"
e15bd12a-6b91-40be-a531-eef51948125d,Radiology,0.6953125,0.2265625,0.041748046875,0.03466796875,True,A,7.636304140090942,medmcqa_2,"['PBMD', 'PBMD', 'PBMD', 'PBMD', 'PBMD']","[468043370483614598, 468043370483875069, 468043370483476699, 468043370483423089, 468043370483366996]","[0.789417564868927, 0.787803053855896, 0.7834030389785767, 0.7805673480033875, 0.7800962924957275]",4,"[468043370483614598, 468043370483324268, 468043370482518966, 468043370482524802, 468043370482903696, 468043370483061826, 468043370483035778, 468043370483469287, 468043370483356746, 468043370482801093, 468043370483797225, 468043370483048123, 468043370483678627, 468043370483423089, 468043370483687652, 468043370483535925, 468043370483891832, 468043370483324270, 468043370483875069, 468043370483516287]"
ef9a0bee-7dbf-44e3-bc03-908430db2007,Radiology,0.359375,0.408203125,0.1923828125,0.040283203125,False,A,8.861405372619629,medmcqa_2,"['PBMD', 'PBMD', 'PBMD', 'PBMD', 'PBMD']","[468043370484057985, 468043370483853239, 468043370483219734, 468043370483536615, 468043370483891789]","[0.7768422365188599, 0.7613933086395264, 0.7582187652587891, 0.7578912973403931, 0.7563074827194214]",4,"[468043370483536615, 468043370483219734, 468043370483865287, 468043370483726032, 468043370482523786, 468043370484098395, 468043370483398945, 468043370483536615, 468043370482523786, 468043370484052162, 468043370483536615, 468043370483866512, 468043370483218323, 468043370483219734, 468043370484098395, 468043370483536615, 468043370484057985, 468043370483214187, 468043370483866512, 468043370483218323]"
b59153cb-ea66-4755-aec9-b66fe42f55f7,Radiology,0.1513671875,0.283203125,0.283203125,0.283203125,False,D,6.917540788650513,medmcqa_2,"['PBMD', 'PBMD', 'PBMD', 'PBMD', 'PBMD']","[468043370484060747, 468043370483210360, 468043370483541134, 468043370483520721, 468043370483531740]","[0.7392644882202148, 0.7357110977172852, 0.7342991828918457, 0.7313069105148315, 0.7292722463607788]",4,"[468043370483539869, 468043370483215899, 468043370483454108, 468043370483537327, 468043370483935095, 468043370483539869, 468043370483610901, 468043370483726018, 468043370483540572, 468043370483730882, 468043370484060747, 468043370483214927, 468043370483539869, 468043370483628006, 468043370483826308, 468043370483540417, 468043370483097322, 468043370484108106, 468043370483215383, 468043370483210360]"
c196913e-1147-43ad-a9f5-69199b85b03e,Radiology,0.1376953125,0.057373046875,0.79296875,0.01202392578125,True,C,0.2118396759033203,medmcqa_2,"['PBMD', 'PBMD', 'PBMD', 'PBMD', 'PBMD']","[468043370483619263, 468043370483540509, 468043370483730560, 468043370483532235, 468043370483805128]","[0.8057611584663391, 0.7950660586357117, 0.7853063344955444, 0.7748991847038269, 0.7645925283432007]",1,"[-1, -1, -1, -1, -1]"
1dfe7f56-a602-4f8a-8ba7-50c3b60fa991,Radiology,0.244140625,0.3125,0.3125,0.130859375,False,C,8.55117154121399,medmcqa_2,"['PBMD', 'PBMD', 'PBMD', 'PBMD', 'PBMD']","[468043370483219787, 468043370483441017, 468043370483209896, 468043370483216875, 468043370483826538]","[0.7632785439491272, 0.7567679286003113, 0.7374460697174072, 0.7316948175430298, 0.7313821911811829]",4,"[468043370483540712, 468043370483755165, 468043370484035864, 468043370483538802, 468043370483261263, 468043370483125574, 468043370483441849, 468043370483948122, 468043370483441017, 468043370483100932, 468043370483536138, 468043370484055788, 468043370483435427, 468043370483179359, 468043370483186425, 468043370484055788, 468043370483648938, 468043370483537569, 468043370484055789, 468043370483536138]"
104140eb-9ea9-4d91-8fa2-82aebb82e8ae,Radiology,0.279296875,0.06640625,0.5234375,0.1318359375,False,A,6.574802398681641,medmcqa_2,"['PBMD', 'PBMD', 'PBMD', 'PBMD', 'PBMD']","[468043370483149803, 468043370483721873, 468043370483504305, 468043370483872585, 468043370483390523]","[0.7936636209487915, 0.782434344291687, 0.7798991203308105, 0.7752963304519653, 0.7731583714485168]",4,"[468043370483149803, 468043370483504305, 468043370483390523, 468043370483037925, 468043370483700359, 468043370483037925, 468043370483149803, 468043370483390523, 468043370483564032, 468043370483573499, 468043370483149803, 468043370483390523, 468043370483573499, 468043370483504305, 468043370483148256, 468043370483504305, 468043370483573499, 468043370483148256, 468043370483149803, 468043370483872585]"
7f20e2a3-7048-4782-8dbe-c53dd6ccabc1,Radiology,0.06982421875,0.75,0.0654296875,0.11474609375,True,B,4.704309940338135,medmcqa_2,"['PBMD', 'STAT', 'PBMD', 'PBMD', 'PBMD']","[468043370483865287, 468043370482535328, 468043370484085786, 468043370483826308, 468043370483211977]","[0.7680781483650208, 0.7484540939331055, 0.7441321611404419, 0.7402651906013489, 0.7400814294815063]",2,"[468043370483902561, 468043370483826308, 468043370483811441, 468043370484052150, 468043370484055125, 468043370484085786, 468043370483761711, 468043370483895892, 468043370483905097, 468043370483218968]"
ec6114a9-5426-4d90-bdde-2511889a20ec,Radiology,0.0810546875,0.09765625,0.72265625,0.09765625,True,C,0.3085157871246338,medmcqa_2,"['PBMD', 'PBMD', 'PBMD', 'PBMD', 'PBMD']","[468043370483670671, 468043370483700682, 468043370483862279, 468043370483690816, 468043370483650673]","[0.8149645924568176, 0.8112297058105469, 0.8038185238838196, 0.7980453968048096, 0.796649694442749]",1,"[-1, -1, -1, -1, -1]"
3d1306f4-a5d6-47ef-9cda-f607ffa78c6e,Radiology,0.232421875,0.5546875,0.07080078125,0.140625,True,B,7.084549427032471,medmcqa_2,"['PBMD', 'PBMD', 'PBMD', 'PBMD', 'PBMD']","[468043370483217818, 468043370484057985, 468043370483726014, 468043370483768817, 468043370483214183]","[0.7861045598983765, 0.7821869850158691, 0.7790140509605408, 0.773711621761322, 0.7732019424438477]",4,"[468043370483217818, 468043370483211015, 468043370483218072, 468043370483245802, 468043370483218209, 468043370483726014, 468043370483217818, 468043370484057985, 468043370483905097, 468043370483214187, 468043370483218322, 468043370483727150, 468043370483051308, 468043370483849600, 468043370483764665, 468043370483211015, 468043370484108106, 468043370483217818, 468043370483218072, 468043370484057985]"
41de4a10-ea29-4f5d-817c-570c5e537bc9,Radiology,0.036865234375,0.00323486328125,0.00604248046875,0.953125,False,A,0.3083343505859375,medmcqa_2,"['PBMD', 'PBMD', 'PBMD', 'PBMD', 'STAT']","[468043370483773366, 468043370484105272, 468043370483973285, 468043370483894732, 468043370482556437]","[0.8176506757736206, 0.7811760306358337, 0.7781707644462585, 0.7761449813842773, 0.775550365447998]",1,"[-1, -1, -1, -1, -1]"
ab0d7b68-3f9b-4879-b13f-09f33ede7424,Radiology,0.291015625,0.54296875,0.12890625,0.036865234375,False,D,8.040337085723877,medmcqa_2,"['PBMD', 'PBMD', 'PBMD', 'PBMD', 'PBMD']","[468043370483219787, 468043370483538802, 468043370483441017, 468043370483651939, 468043370484056443]","[0.753797709941864, 0.7509320974349976, 0.745292067527771, 0.742611825466156, 0.739265501499176]",4,"[468043370483538802, 468043370483651939, 468043370483263873, 468043370483755165, 468043370483441017, 468043370483218436, 468043370483879140, 468043370484005022, 468043370483218435, 468043370483850989, 468043370483914034, 468043370483188329, 468043370484099595, 468043370484056674, 468043370484068935, 468043370484005022, 468043370483904543, 468043370484006902, 468043370483218436, 468043370483215868]"
b973cb7b-da19-43d1-a05c-7fa5ec994cdc,Radiology,0.515625,0.1904296875,0.08984375,0.2021484375,True,A,9.231554508209229,medmcqa_2,"['PBMD', 'PBMD', 'PBMD', 'STAT', 'PBMD']","[468043370484106112, 468043370483976514, 468043370483964760, 468043370482814260, 468043370483216757]","[0.7444086074829102, 0.738980770111084, 0.7338179349899292, 0.7328538298606873, 0.7266486883163452]",4,"[468043370482814260, 468043370483976514, 468043370483113718, 468043370484106112, 468043370483964760, 468043370483760898, 468043370483976514, 468043370484095772, 468043370483756506, 468043370484003168, 468043370482814260, 468043370483209715, 468043370483113718, 468043370483219787, 468043370483250668, 468043370482814260, 468043370484106112, 468043370483216757, 468043370483976514, 468043370483102934]"
c08067b4-7695-49f9-8c51-efbca491078a,Radiology,0.71875,0.103515625,0.1103515625,0.06689453125,True,A,0.2125096321105957,medmcqa_2,"['STAT', 'PBMD', 'PBMD', 'PBMD', 'PBMD']","[468043370482778046, 468043370483774423, 468043370483537119, 468043370484051075, 468043370483609923]","[0.8059155941009521, 0.8043314218521118, 0.7957233786582947, 0.7811639904975891, 0.7780248522758484]",1,"[-1, -1, -1, -1, -1]"
f841125e-342d-4ad5-9138-4acd357f08c6,Radiology,0.05517578125,0.91796875,0.01312255859375,0.013916015625,True,B,0.16527724266052246,medmcqa_2,"['PBMD', 'PBMD', 'PBMD', 'STAT', 'PBMD']","[468043370483211977, 468043370483212666, 468043370483304187, 468043370483051308, 468043370483559344]","[0.792077898979187, 0.7704260349273682, 0.7621087431907654, 0.7609337568283081, 0.7567282915115356]",1,"[-1, -1, -1, -1, -1]"
1a005431-798b-4360-83a1-01d29c494ca4,Radiology,0.1474609375,0.1669921875,0.66015625,0.0240478515625,True,C,8.590510606765747,medmcqa_2,"['STAT', 'STAT', 'PBMD', 'STAT', 'STAT']","[468043370482513243, 468043370482901980, 468043370483541473, 468043370483020917, 468043370482560326]","[0.7790911793708801, 0.778862476348877, 0.7703714966773987, 0.7645226716995239, 0.7637779712677002]",4,"[468043370483020912, 468043370482958628, 468043370483764665, 468043370482981525, 468043370483758513, 468043370482497728, 468043370484004786, 468043370484066254, 468043370483020912, 468043370483802678, 468043370483020912, 468043370483020917, 468043370482793720, 468043370483057768, 468043370482870216, 468043370483860129, 468043370483823006, 468043370482921821, 468043370483762408, 468043370483463521]"
f6bd6944-8c47-4037-8871-10855371a4c2,Radiology,0.40234375,0.35546875,0.1474609375,0.095703125,False,D,7.4568772315979,medmcqa_2,"['PBMD', 'PBMD', 'PBMD', 'STAT', 'PBMD']","[468043370483643823, 468043370484078152, 468043370484055792, 468043370482542547, 468043370483541122]","[0.7729170322418213, 0.7664186358451843, 0.7651153802871704, 0.7511441111564636, 0.75091952085495]",4,"[468043370483219067, 468043370483904542, 468043370483541122, 468043370483774896, 468043370483540569, 468043370483904542, 468043370483774896, 468043370483219067, 468043370483130635, 468043370483755185, 468043370483774896, 468043370483130635, 468043370483219067, 468043370483904543, 468043370483643823, 468043370483774896, 468043370483538589, 468043370483219067, 468043370483540569, 468043370483643823]"
73bd4537-a8bc-420a-a85e-93d08adc318b,Radiology,0.043701171875,0.01708984375,0.0035858154296875,0.93359375,False,A,0.16733837127685547,medmcqa_2,"['PBMD', 'PBMD', 'PBMD', 'PBMD', 'PBMD']","[468043370483553643, 468043370483426723, 468043370483601969, 468043370483771254, 468043370483274780]","[0.8122283816337585, 0.8032920956611633, 0.7988989949226379, 0.7986100912094116, 0.7955090403556824]",1,"[-1, -1, -1, -1, -1]"
ca34b209-b2de-4643-b1a6-a2e8b7c3e356,Radiology,0.03076171875,0.95703125,0.00994873046875,0.00323486328125,True,B,0.13045954704284668,medmcqa_2,"['PBMD', 'STAT', 'PBMD', 'PBMD', 'PBMD']","[468043370483229680, 468043370482798058, 468043370483455605, 468043370483539288, 468043370484018204]","[0.7925635576248169, 0.7876308560371399, 0.7857775688171387, 0.7745174765586853, 0.7744105458259583]",1,"[-1, -1, -1, -1, -1]"
fa913906-e910-4289-9d58-446c23e08c33,Radiology,0.0299072265625,0.9296875,0.0007476806640625,0.040771484375,True,B,0.16530466079711914,medmcqa_2,"['PBMD', 'PBMD', 'PBMD', 'PBMD', 'PBMD']","[468043370484051273, 468043370483163632, 468043370484112507, 468043370483269702, 468043370483140702]","[0.7713301777839661, 0.756491482257843, 0.7564688920974731, 0.7561094164848328, 0.7551204562187195]",1,"[-1, -1, -1, -1, -1]"
479e5139-f840-4d95-b13b-d1a95e2ff3e4,Radiology,0.0888671875,0.69921875,0.15625,0.057373046875,False,A,0.2582066059112549,medmcqa_2,"['PBMD', 'PBMD', 'PBMD', 'PBMD', 'PBMD']","[468043370483841529, 468043370483261072, 468043370483595307, 468043370483470502, 468043370484121760]","[0.7847423553466797, 0.7741127014160156, 0.771931529045105, 0.7679950594902039, 0.7661962509155273]",1,"[-1, -1, -1, -1, -1]"
357eebd0-e51d-46c8-8cc4-0fff4a79387b,ENT,0.7265625,0.028076171875,0.0634765625,0.18359375,True,A,0.14593172073364258,medmcqa_2,"['PBMD', 'PBMD', 'PBMD', 'PBMD', 'STAT']","[468043370483337675, 468043370483629011, 468043370483298611, 468043370483368216, 468043370482503571]","[0.8225916028022766, 0.8225652575492859, 0.8221213817596436, 0.8209706544876099, 0.8146591186523438]",1,"[-1, -1, -1, -1, -1]"
c4c72573-bba7-4544-8e80-7bf4fe8d0f2d,ENT,0.1455078125,0.078125,0.03466796875,0.7421875,False,C,10.00582242012024,medmcqa_2,"['STAT', 'STAT', 'STAT', 'STAT', 'STAT']","[468043370482914344, 468043370483027488, 468043370482842950, 468043370482870250, 468043370482921448]","[0.8128124475479126, 0.7872372269630432, 0.7849589586257935, 0.7819100618362427, 0.7743861675262451]",4,"[468043370482914344, 468043370482515001, 468043370482914349, 468043370483841862, 468043370483027488, 468043370483841862, 468043370482914349, 468043370483363893, 468043370482914344, 468043370482888200, 468043370483504513, 468043370483269442, 468043370482914351, 468043370482914335, 468043370483328602, 468043370482922227, 468043370483907317, 468043370483841862, 468043370482914349, 468043370482819779]"
09b9375c-41ee-4295-ad27-2a11074d4434,ENT,0.009033203125,0.921875,0.043212890625,0.024658203125,False,A,0.16561102867126465,medmcqa_2,"['STAT', 'STAT', 'STAT', 'PBMD', 'PBMD']","[468043370483077740, 468043370483077738, 468043370483077736, 468043370483918628, 468043370483672900]","[0.7781726717948914, 0.7723926901817322, 0.7709028720855713, 0.7579959630966187, 0.7456908226013184]",1,"[-1, -1, -1, -1, -1]"
8f57df40-4509-4083-a86d-d53e7bcaf328,ENT,0.33984375,0.16015625,0.33984375,0.16015625,False,C,8.608213901519775,medmcqa_2,"['PBMD', 'PBMD', 'STAT', 'PBMD', 'PBMD']","[468043370483364019, 468043370483547833, 468043370482878190, 468043370483147922, 468043370484104882]","[0.7357085347175598, 0.7355170845985413, 0.7267240285873413, 0.7263616919517517, 0.7252815961837769]",4,"[468043370482462337, 468043370482860216, 468043370483932596, 468043370482415275, 468043370483197310, 468043370483247476, 468043370484007688, 468043370483394410, 468043370483653759, 468043370482549176, 468043370483922903, 468043370483493840, 468043370483768780, 468043370483616998, 468043370483718742, 468043370484073519, 468043370483429382, 468043370483474221, 468043370483987945, 468043370483226679]"
3b38f235-0a3f-4781-ae19-a7858523b39f,ENT,0.056640625,0.0439453125,0.8828125,0.01519775390625,True,C,4.5941431522369385,medmcqa_2,"['STAT', 'PBMD', 'PBMD', 'PBMD', 'PBMD']","[468043370482941197, 468043370483386192, 468043370483137246, 468043370483872889, 468043370484045784]","[0.8243688941001892, 0.8139470815658569, 0.8044545650482178, 0.7791677713394165, 0.7727044224739075]",2,"[468043370483137246, 468043370483386192, 468043370482941197, 468043370483073474, 468043370483335581, 468043370483386192, 468043370483137246, 468043370482941197, 468043370484045784, 468043370483412556]"
825a499b-6eac-41df-b015-85662bfe6aa9,ENT,0.443359375,0.1962890625,0.0927734375,0.267578125,True,A,11.090206146240234,medmcqa_2,"['PBMD', 'STAT', 'PBMD', 'PBMD', 'TEXT']","[468043370483857093, 468043370482854125, 468043370483653190, 468043370483874657, 468043370482485227]","[0.789204478263855, 0.7886632084846497, 0.7886356711387634, 0.7851746678352356, 0.7847107648849487]",4,"[468043370482854125, 468043370483653190, 468043370482826376, 468043370483216211, 468043370482798073, 468043370482801782, 468043370482854125, 468043370482485227, 468043370483933190, 468043370483456714, 468043370482854125, 468043370482801782, 468043370483933190, 468043370483456714, 468043370483653190, 468043370482801782, 468043370482485227, 468043370482854125, 468043370483456714, 468043370483653190]"
1fc80d00-8929-4d18-9f07-25d005ceec59,ENT,0.6484375,0.306640625,0.0184326171875,0.025146484375,True,A,5.7188451290130615,medmcqa_2,"['PBMD', 'PBMD', 'PBMD', 'PBMD', 'PBMD']","[468043370483452282, 468043370483221889, 468043370483611769, 468043370483480165, 468043370483485346]","[0.8051263093948364, 0.803182065486908, 0.7945291996002197, 0.7892422676086426, 0.7883934378623962]",2,"[468043370482814132, 468043370483251607, 468043370482527591, 468043370482814130, 468043370482802003, 468043370483294982, 468043370483251607, 468043370484037404, 468043370483452282, 468043370483514326]"
04f192d7-760b-468b-a895-658b0efeb566,ENT,0.2041015625,0.357421875,0.279296875,0.1591796875,False,A,9.171221256256104,medmcqa_2,"['PBMD', 'STAT', 'STAT', 'STAT', 'TEXT']","[468043370483406067, 468043370483043248, 468043370482900822, 468043370482941068, 468043370482372182]","[0.7702233195304871, 0.7664809823036194, 0.7646251320838928, 0.763542652130127, 0.7628873586654663]",4,"[468043370482900822, 468043370482900810, 468043370483101372, 468043370482900830, 468043370483059809, 468043370482900822, 468043370483101372, 468043370483059809, 468043370483043248, 468043370482372183, 468043370483101372, 468043370482900822, 468043370483059809, 468043370482900810, 468043370483043248, 468043370482900822, 468043370483101372, 468043370482900830, 468043370483043248, 468043370483059809]"
16ce8442-864b-43f1-b815-f9096e55fa54,ENT,0.181640625,0.8125,0.003326416015625,0.00130462646484375,False,A,0.19460773468017578,medmcqa_2,"['STAT', 'PBMD', 'PBMD', 'STAT', 'PBMD']","[468043370483015407, 468043370483821232, 468043370483642964, 468043370482959110, 468043370484038804]","[0.7707695960998535, 0.7700897455215454, 0.7623656392097473, 0.7585874795913696, 0.7512649893760681]",1,"[-1, -1, -1, -1, -1]"
ac97880a-0862-45cf-bed5-a2000a93343c,ENT,0.12158203125,0.02392578125,0.79296875,0.061279296875,True,C,0.2331864833831787,medmcqa_2,"['PBMD', 'STAT', 'STAT', 'TEXT', 'PBMD']","[468043370483434541, 468043370482801094, 468043370482550099, 468043370482485281, 468043370483266545]","[0.8098047375679016, 0.8095930218696594, 0.7929725050926208, 0.784425675868988, 0.7804341316223145]",1,"[-1, -1, -1, -1, -1]"
8b538660-2509-4f93-a358-104099bb3cb8,ENT,0.44921875,0.036865234375,0.06494140625,0.44921875,True,A,5.405376672744751,medmcqa_2,"['STAT', 'PBMD', 'PBMD', 'PBMD', 'PBMD']","[468043370483043253, 468043370483455010, 468043370483367616, 468043370484104617, 468043370483514210]","[0.7674797773361206, 0.7652942538261414, 0.7643624544143677, 0.7627605199813843, 0.760319709777832]",2,"[468043370484127588, 468043370482433650, 468043370483313634, 468043370483830812, 468043370483231675, 468043370483367616, 468043370483313634, 468043370483341753, 468043370482433759, 468043370483224237]"
751d9564-7804-41b2-a03d-210ffdcba7d6,ENT,0.0115966796875,0.984375,0.0031280517578125,0.00201416015625,True,B,0.23308777809143066,medmcqa_2,"['PBMD', 'STAT', 'PBMD', 'STAT', 'STAT']","[468043370483814296, 468043370482985536, 468043370483907309, 468043370482535064, 468043370482985533]","[0.7626835107803345, 0.7582331895828247, 0.7546766996383667, 0.752422034740448, 0.7451353669166565]",1,"[-1, -1, -1, -1, -1]"
9bad2095-2dd9-4485-946a-4ef51d16e8a4,ENT,0.09375,0.5078125,0.25390625,0.1455078125,False,C,5.006801605224609,medmcqa_2,"['PBMD', 'PBMD', 'PBMD', 'STAT', 'STAT']","[468043370483683466, 468043370483596053, 468043370484071542, 468043370483029439, 468043370483075595]","[0.7836554050445557, 0.7810813784599304, 0.7761654853820801, 0.7738858461380005, 0.7730162143707275]",2,"[468043370482824086, 468043370483232644, 468043370483683466, 468043370482891005, 468043370483145440, 468043370482911062, 468043370482911058, 468043370482992158, 468043370482891005, 468043370482911081]"
99f0588d-fd2b-405a-ac4e-5615d0533fff,ENT,0.138671875,0.2021484375,0.625,0.03515625,False,D,9.827315092086792,medmcqa_2,"['PBMD', 'PBMD', 'PBMD', 'PBMD', 'PBMD']","[468043370483292935, 468043370483419655, 468043370483844301, 468043370483244256, 468043370483746139]","[0.7377505302429199, 0.7326574325561523, 0.731127142906189, 0.7282969951629639, 0.7276172041893005]",4,"[468043370483346163, 468043370482918623, 468043370483048328, 468043370482841647, 468043370483297761, 468043370483346163, 468043370482819803, 468043370482540275, 468043370483008447, 468043370483048328, 468043370482882351, 468043370482444531, 468043370483283762, 468043370483346163, 468043370483000751, 468043370484109446, 468043370483346163, 468043370482841647, 468043370483450121, 468043370482888199]"
693c8309-0775-4b3a-899a-5fd7064993f3,ENT,0.036376953125,0.0029754638671875,0.0234375,0.9375,True,D,7.247801780700684,medmcqa_2,"['PBMD', 'PBMD', 'PBMD', 'STAT', 'PBMD']","[468043370483503180, 468043370483578100, 468043370483598306, 468043370483061551, 468043370483732550]","[0.8046184182167053, 0.8040022850036621, 0.7872598767280579, 0.7844184637069702, 0.7741876840591431]",4,"[468043370483386192, 468043370483137246, 468043370482941197, 468043370483365039, 468043370484045784, 468043370483386192, 468043370483137246, 468043370482941197, 468043370484045784, 468043370483503180, 468043370483386192, 468043370483137246, 468043370482941197, 468043370483412556, 468043370483365039, 468043370483386192, 468043370483137246, 468043370482941197, 468043370483872889, 468043370484045784]"
ec1866a1-00c2-425a-8886-ff7321defbd9,ENT,0.2294921875,0.4296875,0.2021484375,0.1396484375,True,B,10.248215675354004,medmcqa_2,"['STAT', 'STAT', 'TEXT', 'PBMD', 'PBMD']","[468043370482997823, 468043370483042976, 468043370482376800, 468043370483732544, 468043370484007858]","[0.7639253735542297, 0.7258391380310059, 0.7244936227798462, 0.7198987603187561, 0.7184785604476929]",4,"[468043370483411881, 468043370483384905, 468043370483609699, 468043370483323318, 468043370483285858, 468043370482997823, 468043370483411881, 468043370482915882, 468043370482856866, 468043370483285858, 468043370483411881, 468043370482997823, 468043370483750705, 468043370482811173, 468043370483545309, 468043370483411881, 468043370483906656, 468043370483645314, 468043370483799039, 468043370483545309]"
aedc1587-ff44-45d7-ac9c-abf3f90c6a1a,ENT,0.05859375,0.91796875,0.006988525390625,0.017822265625,True,B,0.16948723793029785,medmcqa_2,"['STAT', 'STAT', 'STAT', 'STAT', 'STAT']","[468043370482780948, 468043370482802011, 468043370482842954, 468043370482506921, 468043370482779181]","[0.8039449453353882, 0.7898923754692078, 0.7848837971687317, 0.7769573330879211, 0.7686062455177307]",1,"[-1, -1, -1, -1, -1]"
97ed634a-a034-41a1-b92d-3781331b6f5a,ENT,0.080078125,0.037841796875,0.71484375,0.1689453125,True,C,0.1981983184814453,medmcqa_2,"['STAT', 'STAT', 'PBMD', 'PBMD', 'STAT']","[468043370483015407, 468043370482959110, 468043370483821232, 468043370483642964, 468043370483005209]","[0.7974570393562317, 0.7912775278091431, 0.7867231369018555, 0.7844675779342651, 0.7800906300544739]",1,"[-1, -1, -1, -1, -1]"
671eebea-f741-4ed8-bf68-36e36c8de1eb,ENT,0.04443359375,0.94921875,0.0036468505859375,0.00250244140625,True,B,0.26018285751342773,medmcqa_2,"['PBMD', 'PBMD', 'PBMD', 'PBMD', 'PBMD']","[468043370483144055, 468043370483775157, 468043370483628999, 468043370483912702, 468043370483123008]","[0.798907995223999, 0.7988868951797485, 0.7949137091636658, 0.7938716411590576, 0.7925814986228943]",1,"[-1, -1, -1, -1, -1]"
d05667f6-6469-49d1-b8c5-0cacd49cc623,ENT,0.0177001953125,0.96875,0.00787353515625,0.00738525390625,True,B,0.1675124168395996,medmcqa_2,"['STAT', 'PBMD', 'PBMD', 'STAT', 'PBMD']","[468043370482778582, 468043370483541513, 468043370483593156, 468043370482778600, 468043370483210139]","[0.7890678644180298, 0.7870442271232605, 0.7865700721740723, 0.772324800491333, 0.7701237797737122]",1,"[-1, -1, -1, -1, -1]"
