id,subject,probA,probB,probC,probD,result,answer,time,split,sources,ids,similarity,confident,add_ids
bc4f5387-b4e2-4c9f-9372-d2578aa9848d,Microbiology,0.0361328125,0.0091552734375,0.02197265625,0.93359375,True,D,9.104518413543701,medmcqa_3,"['TEXT', 'PBMD', 'PBMD', 'PBMD', 'PBMD']","[468043370482414974, 468043370483122470, 468043370483164307, 468043370483267066, 468043370483256072]","[0.7151207327842712, 0.7475943565368652, 0.7559636235237122, 0.7537238001823425, 0.7421055436134338]",4,"[468043370483754114, 468043370482825226, 468043370482410720, 468043370483443433, 468043370483552452, 468043370482775937, 468043370483010875, 468043370483010872, 468043370483661875, 468043370483185819, 468043370483156325, 468043370482414854, 468043370484051818, 468043370483332959, 468043370482414974, 468043370483132375, 468043370483162972, 468043370483300769, 468043370482414974, 468043370483156325]"
cb22bfd6-e7d0-4944-8677-45b1a3d35c21,Microbiology,0.1591796875,0.263671875,0.2177734375,0.359375,False,B,7.548635482788086,medmcqa_3,"['TEXT', 'PBMD', 'TEXT', 'TEXT', 'STAT']","[468043370482417677, 468043370483617296, 468043370482470904, 468043370482417580, 468043370483012953]","[0.7473514676094055, 0.7499945759773254, 0.7379609942436218, 0.7352080345153809, 0.7438139915466309]",4,"[468043370482558935, 468043370482417544, 468043370482417677, 468043370482417538, 468043370482416972, 468043370483012953, 468043370482417537, 468043370482417676, 468043370482417538, 468043370483684266, 468043370483346125, 468043370484047274, 468043370482417581, 468043370482470904, 468043370482926055, 468043370483609006, 468043370482470905, 468043370482470964, 468043370483911889, 468043370482470911]"
c56d4b66-8192-4b25-9d20-7312a5f5d4cb,Microbiology,0.0303955078125,0.34765625,0.57421875,0.050048828125,True,C,3.783885955810547,medmcqa_3,"['PBMD', 'STAT', 'PBMD', 'STAT', 'PBMD']","[468043370483926095, 468043370482836632, 468043370483278853, 468043370482991287, 468043370483617648]","[0.8172186613082886, 0.7704645395278931, 0.8208693861961365, 0.7667684555053711, 0.8301213979721069]",2,"[468043370483283217, 468043370483159940, 468043370483278853, 468043370482542894, 468043370483182639, 468043370483283217, 468043370483278853, 468043370483159940, 468043370482542894, 468043370482424294]"
a5fcd994-859d-49cc-b3c2-5fa501e726e6,Microbiology,0.73046875,0.126953125,0.126953125,0.01519775390625,False,B,0.2781858444213867,medmcqa_3,"['TEXT', 'STAT', 'STAT', 'PBMD', 'PBMD']","[468043370482470108, 468043370482781438, 468043370482876902, 468043370483803403, 468043370483706355]","[0.7281643152236938, 0.6783568263053894, 0.6891076564788818, 0.7170499563217163, 0.7247475981712341]",1,"[-1, -1, -1, -1, -1]"
a1bea2c7-217e-4240-a208-541618437eec,Microbiology,0.035888671875,0.0247802734375,0.92578125,0.01165771484375,False,D,0.27269935607910156,medmcqa_3,"['STAT', 'STAT', 'STAT', 'STAT', 'PBMD']","[468043370483025916, 468043370483074490, 468043370483061739, 468043370482805647, 468043370483730685]","[0.8266799449920654, 0.8125226497650146, 0.783136248588562, 0.7922734618186951, 0.8052406311035156]",1,"[-1, -1, -1, -1, -1]"
9b9120e8-6675-4e3d-8dc1-4c7b261957f1,Microbiology,0.07080078125,0.1806640625,0.71484375,0.035400390625,True,C,0.20458364486694336,medmcqa_3,"['STAT', 'STAT', 'TEXT', 'STAT', 'STAT']","[468043370483025435, 468043370482551686, 468043370482399116, 468043370482993920, 468043370482847314]","[0.7004274129867554, 0.6942639350891113, 0.6820807456970215, 0.7191329598426819, 0.7116886973381042]",1,"[-1, -1, -1, -1, -1]"
78396a0e-60b7-4aa4-9586-8d38825f08ab,Microbiology,0.98828125,0.00970458984375,0.0004825592041015625,0.0001220703125,True,A,0.24327921867370605,medmcqa_3,"['PBMD', 'PBMD', 'PBMD', 'PBMD', 'PBMD']","[468043370483885140, 468043370483091994, 468043370483704932, 468043370483118852, 468043370483183145]","[0.7188991904258728, 0.724674642086029, 0.7272159457206726, 0.733575701713562, 0.7231442928314209]",1,"[-1, -1, -1, -1, -1]"
15417774-021b-4c2c-8d47-6d80322fe687,Microbiology,0.025634765625,0.9609375,0.005035400390625,0.00689697265625,True,B,0.24843716621398926,medmcqa_3,"['STAT', 'TEXT', 'PBMD', 'TEXT', 'STAT']","[468043370482782543, 468043370482404812, 468043370483273229, 468043370482460827, 468043370482885946]","[0.7334271669387817, 0.7292742729187012, 0.7390169501304626, 0.7341998815536499, 0.7326608300209045]",1,"[-1, -1, -1, -1, -1]"
2388aeb7-4920-452f-9acb-28be49c72966,Microbiology,0.1689453125,0.04833984375,0.0703125,0.7109375,True,D,11.106993675231934,medmcqa_3,"['TEXT', 'STAT', 'TEXT', 'STAT', 'STAT']","[468043370482417597, 468043370483012945, 468043370482410847, 468043370482966662, 468043370483012952]","[0.7566661238670349, 0.7288457751274109, 0.7723042964935303, 0.7798431515693665, 0.7341838479042053]",4,"[468043370482995193, 468043370482410847, 468043370482417580, 468043370483012945, 468043370482417597, 468043370483142287, 468043370484032944, 468043370482417793, 468043370483590407, 468043370484076190, 468043370483899903, 468043370483812606, 468043370483838000, 468043370483351842, 468043370483046909, 468043370482417580, 468043370484032944, 468043370482995193, 468043370483609028, 468043370483601772]"
e8de9b5f-8d91-4770-b700-0a4ac5dd29e2,Microbiology,0.875,0.0673828125,0.0361328125,0.0233154296875,True,A,0.2395486831665039,medmcqa_3,"['TEXT', 'STAT', 'TEXT', 'STAT', 'STAT']","[468043370482410359, 468043370483060156, 468043370482432117, 468043370482523877, 468043370483078685]","[0.8024380207061768, 0.7801726460456848, 0.7668919563293457, 0.7556780576705933, 0.7553236484527588]",1,"[-1, -1, -1, -1, -1]"
3aab1eeb-6cbe-4fc3-b2de-5b459ab610f6,Microbiology,0.2099609375,0.41796875,0.2099609375,0.1630859375,True,B,5.226623773574829,medmcqa_3,"['PBMD', 'STAT', 'PBMD', 'STAT', 'TEXT']","[468043370483270176, 468043370482948738, 468043370483100130, 468043370482948743, 468043370482416565]","[0.7783900499343872, 0.7633222937583923, 0.7835134267807007, 0.771230161190033, 0.7713627815246582]",2,"[468043370483647806, 468043370482416565, 468043370482948743, 468043370484036817, 468043370483732839, 468043370483270176, 468043370482948790, 468043370483647806, 468043370482948738, 468043370482948743]"
2610a5af-a6cb-488f-98df-4341a3a9c7f9,Microbiology,0.1044921875,0.07666015625,0.7734375,0.04638671875,True,C,0.3459968566894531,medmcqa_3,"['STAT', 'STAT', 'PBMD', 'PBMD', 'PBMD']","[468043370483010872, 468043370483010873, 468043370483428759, 468043370483892449, 468043370483549653]","[0.7655483484268188, 0.757412314414978, 0.773077130317688, 0.7617748975753784, 0.7552138566970825]",1,"[-1, -1, -1, -1, -1]"
44483815-3319-493d-b156-d3663a4d61a1,Microbiology,0.1630859375,0.5703125,0.056396484375,0.2099609375,False,D,10.159647464752197,medmcqa_3,"['TEXT', 'STAT', 'STAT', 'PBMD', 'STAT']","[468043370482410925, 468043370482552695, 468043370482985327, 468043370483098329, 468043370482512138]","[0.7708171606063843, 0.7841969728469849, 0.7945939302444458, 0.8033257126808167, 0.7865498661994934]",4,"[468043370482415907, 468043370482552695, 468043370483091276, 468043370482412418, 468043370482407226, 468043370482410925, 468043370482985327, 468043370482552695, 468043370482552691, 468043370483090118, 468043370482552691, 468043370482512138, 468043370482410925, 468043370482552694, 468043370482985327, 468043370482552691, 468043370482552694, 468043370482552693, 468043370482410925, 468043370482512138]"
9c1caee2-628f-4a80-b55e-8480760cb634,Microbiology,0.2119140625,0.11328125,0.0223388671875,0.65234375,True,D,4.662195920944214,medmcqa_3,"['PBMD', 'PBMD', 'PBMD', 'PBMD', 'PBMD']","[468043370483859628, 468043370483427759, 468043370483548561, 468043370483555446, 468043370483243012]","[0.7460675239562988, 0.763920783996582, 0.7470672130584717, 0.7455721497535706, 0.7456549406051636]",2,"[468043370483905082, 468043370483842406, 468043370483454469, 468043370484049308, 468043370484095712, 468043370483548561, 468043370483117969, 468043370483849123, 468043370483259794, 468043370482410700]"
ced0e6e7-048a-467e-aa7e-e10def9ebb5e,Microbiology,0.322265625,0.1728515625,0.28515625,0.2216796875,False,B,10.77517318725586,medmcqa_3,"['PBMD', 'STAT', 'STAT', 'STAT', 'PBMD']","[468043370483684614, 468043370483040567, 468043370483040564, 468043370482989190, 468043370483237560]","[0.7550287842750549, 0.7132469415664673, 0.7458468675613403, 0.7762839198112488, 0.7244575023651123]",4,"[468043370482877403, 468043370483344962, 468043370483237560, 468043370483524316, 468043370483684614, 468043370483684614, 468043370483943415, 468043370482470672, 468043370482470676, 468043370483040567, 468043370482877403, 468043370483825936, 468043370483040575, 468043370482470698, 468043370483684614, 468043370482850808, 468043370483905615, 468043370482850805, 468043370482976093, 468043370483040567]"
e14c42e1-754e-40a6-9b50-5d27b40e5a7d,Microbiology,0.9609375,0.029052734375,0.0022430419921875,0.006103515625,True,A,0.34580111503601074,medmcqa_3,"['PBMD', 'PBMD', 'PBMD', 'PBMD', 'STAT']","[468043370483115977, 468043370483428318, 468043370483132394, 468043370483261233, 468043370482514122]","[0.8724669218063354, 0.8446441888809204, 0.8723544478416443, 0.8598159551620483, 0.8066383004188538]",1,"[-1, -1, -1, -1, -1]"
ee9f14bb-4e5e-4e39-99aa-ba63533bf4b2,Microbiology,0.006561279296875,0.97265625,0.0029144287109375,0.017822265625,True,B,0.25193047523498535,medmcqa_3,"['STAT', 'STAT', 'STAT', 'STAT', 'STAT']","[468043370482918127, 468043370482805647, 468043370483074490, 468043370482822140, 468043370482782235]","[0.7802121043205261, 0.7943335771560669, 0.8221129179000854, 0.8156259059906006, 0.7880162000656128]",1,"[-1, -1, -1, -1, -1]"
2fb9aa7b-5106-4856-943d-f6554959feab,Microbiology,0.66796875,0.12353515625,0.0703125,0.1396484375,True,A,0.2678499221801758,medmcqa_3,"['TEXT', 'TEXT', 'STAT', 'STAT', 'PBMD']","[468043370482412003, 468043370482462924, 468043370483045065, 468043370483017306, 468043370483725853]","[0.7389594316482544, 0.7131718397140503, 0.7030907869338989, 0.7092247009277344, 0.7381481528282166]",1,"[-1, -1, -1, -1, -1]"
9859d4a2-274f-47eb-b20f-ca5309440793,Microbiology,0.051513671875,0.91015625,0.011474609375,0.02587890625,True,B,0.24787521362304688,medmcqa_3,"['TEXT', 'TEXT', 'STAT', 'STAT', 'TEXT']","[468043370482412483, 468043370482412439, 468043370482544854, 468043370482830911, 468043370482412455]","[0.8152135014533997, 0.8093088865280151, 0.7968436479568481, 0.7728340029716492, 0.793721079826355]",1,"[-1, -1, -1, -1, -1]"
6b874c35-3e1a-4158-b37c-34fd4c6350a7,Microbiology,0.302734375,0.208984375,0.1845703125,0.302734375,False,D,10.860483646392822,medmcqa_3,"['PBMD', 'PBMD', 'PBMD', 'TEXT', 'PBMD']","[468043370483843536, 468043370483453520, 468043370483767031, 468043370482417615, 468043370483892559]","[0.7778358459472656, 0.7881759405136108, 0.782374382019043, 0.7489857077598572, 0.7838279604911804]",4,"[468043370482874226, 468043370483319490, 468043370482874214, 468043370482417587, 468043370483508092, 468043370483319490, 468043370483725845, 468043370483365179, 468043370482538954, 468043370483020685, 468043370482845756, 468043370483432755, 468043370483524798, 468043370484129321, 468043370482551369, 468043370483916247, 468043370484062359, 468043370483365289, 468043370484013756, 468043370483643153]"
05984a75-d9af-4a87-8ac5-824576bf0d9f,Social & Preventive Medicine,0.158203125,0.75390625,0.054443359375,0.03515625,False,A,7.487943649291992,medmcqa_3,"['PBMD', 'STAT', 'STAT', 'PBMD', 'STAT']","[468043370483486935, 468043370482509001, 468043370483028061, 468043370483643408, 468043370482806020]","[0.7126852869987488, 0.6969717144966125, 0.7001538276672363, 0.7278962731361389, 0.7109583020210266]",3,"[468043370483697531, 468043370483064146, 468043370482958171, 468043370483060258, 468043370483060285, 468043370483697531, 468043370482439956, 468043370483861274, 468043370483072134, 468043370483060258, 468043370483984800, 468043370482406516, 468043370483038547, 468043370483022866, 468043370482864380]"
2dbbf01a-5a68-40c9-a24f-fd4af9d314e8,Social & Preventive Medicine,0.0159912109375,0.0556640625,0.92578125,0.002288818359375,True,C,0.2512047290802002,medmcqa_3,"['STAT', 'STAT', 'TEXT', 'STAT', 'STAT']","[468043370483060641, 468043370482861603, 468043370482410502, 468043370482827497, 468043370482554476]","[0.7847419381141663, 0.7344678640365601, 0.7475202679634094, 0.7207562327384949, 0.7261321544647217]",1,"[-1, -1, -1, -1, -1]"
0c9337fa-55ba-4441-8da7-99d451749ccf,Social & Preventive Medicine,0.369140625,0.287109375,0.1982421875,0.14453125,False,C,7.3244264125823975,medmcqa_3,"['PBMD', 'PBMD', 'PBMD', 'TEXT', 'TEXT']","[468043370483593490, 468043370483227062, 468043370483109678, 468043370482467398, 468043370482467917]","[0.6504427790641785, 0.6447952389717102, 0.6477780938148499, 0.6943299174308777, 0.6943299174308777]",4,"[468043370482927977, 468043370482916461, 468043370482952781, 468043370482899892, 468043370482866149, 468043370484054058, 468043370483363440, 468043370484019826, 468043370483858430, 468043370483355749, 468043370482927977, 468043370483363440, 468043370482501927, 468043370482414157, 468043370482881981, 468043370483363440, 468043370484054058, 468043370484006170, 468043370483862773, 468043370483400881]"
5d7ae586-3ecd-41a4-a172-d32ab3dc4f6a,Social & Preventive Medicine,0.006683349609375,0.98828125,0.00084686279296875,0.002777099609375,False,D,0.24981212615966797,medmcqa_3,"['STAT', 'TEXT', 'STAT', 'STAT', 'STAT']","[468043370482989593, 468043370482417646, 468043370482859773, 468043370482976749, 468043370482776890]","[0.761482834815979, 0.7300584316253662, 0.7354701161384583, 0.7585721015930176, 0.7531424164772034]",1,"[-1, -1, -1, -1, -1]"
157101aa-f928-4f25-8b8a-51e712b3e7ff,Social & Preventive Medicine,0.021484375,0.005096435546875,0.97265625,0.0021209716796875,True,C,0.2657041549682617,medmcqa_3,"['TEXT', 'TEXT', 'TEXT', 'TEXT', 'TEXT']","[468043370482400989, 468043370482406729, 468043370482406728, 468043370482400986, 468043370482400984]","[0.802519679069519, 0.7887011170387268, 0.7820749878883362, 0.7936162948608398, 0.8085775375366211]",1,"[-1, -1, -1, -1, -1]"
0113aaf1-61d3-4d61-a9c7-b5b46e51e7e8,Social & Preventive Medicine,0.01025390625,0.984375,0.0037689208984375,0.0035400390625,True,B,0.2628908157348633,medmcqa_3,"['TEXT', 'TEXT', 'TEXT', 'PBMD', 'TEXT']","[468043370482383787, 468043370482382358, 468043370482494972, 468043370483842857, 468043370482494969]","[0.709160327911377, 0.7094979882240295, 0.7105714082717896, 0.7495925426483154, 0.698582112789154]",1,"[-1, -1, -1, -1, -1]"
f0f91922-12fd-4213-871c-19e47532a6d6,Social & Preventive Medicine,0.09130859375,0.2333984375,0.6328125,0.04052734375,True,C,7.968017816543579,medmcqa_3,"['TEXT', 'TEXT', 'PBMD', 'STAT', 'PBMD']","[468043370482463747, 468043370482401631, 468043370483616048, 468043370482805043, 468043370483209258]","[0.69972163438797, 0.7119013667106628, 0.7748842835426331, 0.718141496181488, 0.7611433267593384]",4,"[468043370483794347, 468043370484050146, 468043370482898909, 468043370483306022, 468043370483799927, 468043370482898905, 468043370482805043, 468043370483209154, 468043370483008916, 468043370483490667, 468043370483008908, 468043370482898904, 468043370482805040, 468043370483209258, 468043370482805043, 468043370483616048, 468043370483794347, 468043370483540621, 468043370483209258, 468043370483528494]"
658ebcea-6f61-4281-a426-848ad0dcf8bf,Social & Preventive Medicine,0.1396484375,0.1396484375,0.1318359375,0.58984375,False,B,8.699043273925781,medmcqa_3,"['STAT', 'PBMD', 'TEXT', 'TEXT', 'PBMD']","[468043370482532935, 468043370483626734, 468043370482383022, 468043370482461448, 468043370483305140]","[0.7361034154891968, 0.7961450219154358, 0.725610077381134, 0.719123899936676, 0.8071286082267761]",4,"[468043370482532935, 468043370483432463, 468043370482780000, 468043370484092492, 468043370483686626, 468043370482532935, 468043370483686626, 468043370483869858, 468043370483079660, 468043370482864349, 468043370482864349, 468043370482997703, 468043370482532935, 468043370483433555, 468043370483869858, 468043370483893070, 468043370482524139, 468043370484008988, 468043370483436756, 468043370482864349]"
7754fac4-e0d5-4ae7-9df8-9fd6bef4e4db,Social & Preventive Medicine,0.3828125,0.263671875,0.263671875,0.0908203125,False,C,7.351110935211182,medmcqa_3,"['STAT', 'STAT', 'STAT', 'STAT', 'TEXT']","[468043370482981854, 468043370482814401, 468043370482814397, 468043370482814398, 468043370482410563]","[0.7197331190109253, 0.666530966758728, 0.7206920981407166, 0.6853046417236328, 0.6837872862815857]",4,"[468043370482905308, 468043370482382344, 468043370482382347, 468043370482482966, 468043370482905324, 468043370482926325, 468043370483074097, 468043370483881918, 468043370483018801, 468043370482555446, 468043370482383789, 468043370483894499, 468043370482384211, 468043370483764769, 468043370483783573, 468043370482814391, 468043370482482964, 468043370482814400, 468043370482966143, 468043370483625283]"
f4a4fc55-bc04-42eb-8f8d-d6d48a5b1c5a,Social & Preventive Medicine,0.043212890625,0.0245361328125,0.921875,0.0096435546875,True,C,0.3473517894744873,medmcqa_3,"['TEXT', 'STAT', 'PBMD', 'PBMD', 'PBMD']","[468043370482415530, 468043370483018814, 468043370483427338, 468043370483849411, 468043370483529702]","[0.7946494817733765, 0.8201581239700317, 0.7793871164321899, 0.7910799980163574, 0.824682354927063]",1,"[-1, -1, -1, -1, -1]"
da131385-8cb4-4fbe-8f90-8ae12467eadd,Social & Preventive Medicine,0.578125,0.1875,0.11376953125,0.12109375,True,A,9.213114976882935,medmcqa_3,"['PBMD', 'PBMD', 'PBMD', 'PBMD', 'STAT']","[468043370483653058, 468043370483732868, 468043370484047819, 468043370483285317, 468043370482551365]","[0.7117608785629272, 0.7232087254524231, 0.7111297845840454, 0.7195045948028564, 0.691839337348938]",4,"[468043370483086093, 468043370482410878, 468043370483168548, 468043370482445430, 468043370483472970, 468043370483415965, 468043370483199621, 468043370482880974, 468043370482439083, 468043370484079027, 468043370482976759, 468043370482931713, 468043370482442744, 468043370482903287, 468043370482818316, 468043370483415965, 468043370484039223, 468043370483202530, 468043370482556524, 468043370483168527]"
0ce2a16b-40f9-4f27-b5e0-24b1f906e4ba,Social & Preventive Medicine,0.150390625,0.408203125,0.10302734375,0.337890625,True,B,5.312086582183838,medmcqa_3,"['STAT', 'STAT', 'STAT', 'PBMD', 'PBMD']","[468043370483031515, 468043370482525701, 468043370482913601, 468043370483093633, 468043370483142158]","[0.6100795269012451, 0.6111879944801331, 0.6111879348754883, 0.6745349764823914, 0.6724115610122681]",4,"[468043370483313736, 468043370483079877, 468043370482486515, 468043370482993219, 468043370483031536, 468043370482867826, 468043370483893088, 468043370483727256, 468043370482423261, 468043370484056216, 468043370483361284, 468043370483013747, 468043370483152806, 468043370482941478, 468043370482477068, 468043370483489889, 468043370483988339, 468043370483002117, 468043370482867826, 468043370483779588]"
a0f9a92a-4321-4213-aa23-7b60a5f06864,Social & Preventive Medicine,0.7890625,0.01275634765625,0.0223388671875,0.17578125,True,A,0.2550363540649414,medmcqa_3,"['STAT', 'STAT', 'STAT', 'TEXT', 'TEXT']","[468043370483008572, 468043370483008584, 468043370483008573, 468043370482494906, 468043370482401029]","[0.8209517002105713, 0.7981864809989929, 0.8433423042297363, 0.7963495850563049, 0.8197802901268005]",1,"[-1, -1, -1, -1, -1]"
60485d84-b6cd-4796-984a-9432906a4585,Social & Preventive Medicine,0.2099609375,0.0235595703125,0.73046875,0.0341796875,True,C,0.25253725051879883,medmcqa_3,"['PBMD', 'PBMD', 'STAT', 'TEXT', 'TEXT']","[468043370484055761, 468043370483800411, 468043370482895848, 468043370482400905, 468043370482400918]","[0.7616822719573975, 0.7215896248817444, 0.7207590937614441, 0.7393474578857422, 0.7255692481994629]",1,"[-1, -1, -1, -1, -1]"
bed477a6-5416-4f65-9859-e454fa02adbc,Social & Preventive Medicine,0.9375,0.00811767578125,0.038818359375,0.0142822265625,True,A,0.2782857418060303,medmcqa_3,"['TEXT', 'PBMD', 'PBMD', 'PBMD', 'STAT']","[468043370482414561, 468043370483850691, 468043370483254745, 468043370483683105, 468043370483051618]","[0.7284106016159058, 0.765874445438385, 0.7375622987747192, 0.7387464046478271, 0.7085586786270142]",1,"[-1, -1, -1, -1, -1]"
11271a83-0b83-4fb4-b809-05e352546743,Social & Preventive Medicine,0.1025390625,0.021484375,0.859375,0.0157470703125,True,C,0.34571337699890137,medmcqa_3,"['PBMD', 'STAT', 'PBMD', 'PBMD', 'PBMD']","[468043370484046625, 468043370482963083, 468043370483406055, 468043370483752583, 468043370484039283]","[0.7731337547302246, 0.7187299728393555, 0.7487900853157043, 0.778778612613678, 0.7558731436729431]",1,"[-1, -1, -1, -1, -1]"
f8a5b0e2-b529-4ad4-b55d-f6e5fc4708e1,Social & Preventive Medicine,0.4140625,0.341796875,0.171875,0.07177734375,False,B,8.624889135360718,medmcqa_3,"['TEXT', 'TEXT', 'STAT', 'PBMD', 'TEXT']","[468043370482383779, 468043370482400998, 468043370482981859, 468043370483866691, 468043370482382343]","[0.8042597770690918, 0.759583055973053, 0.7714619636535645, 0.8041329383850098, 0.7473862171173096]",4,"[468043370482383779, 468043370482400994, 468043370482406729, 468043370482406730, 468043370482400998, 468043370482383779, 468043370482400994, 468043370482406729, 468043370484001613, 468043370483866691, 468043370482383779, 468043370482400994, 468043370482406729, 468043370482406728, 468043370482805183, 468043370482383779, 468043370482383778, 468043370482805183, 468043370484052666, 468043370482406729]"
fc83df2a-e58c-4bb9-b4e8-d20541d3f9c4,Social & Preventive Medicine,0.208984375,0.3671875,0.3046875,0.119140625,False,D,7.9842212200164795,medmcqa_3,"['STAT', 'STAT', 'PBMD', 'TEXT', 'PBMD']","[468043370482981859, 468043370483001768, 468043370483405817, 468043370482382338, 468043370483866691]","[0.7072933912277222, 0.6975054144859314, 0.7513338327407837, 0.694767415523529, 0.7471529841423035]",4,"[468043370483513176, 468043370483627720, 468043370482965059, 468043370482945262, 468043370482383788, 468043370482383779, 468043370482981859, 468043370482381530, 468043370483513176, 468043370482383778, 468043370482382359, 468043370482383779, 468043370482383788, 468043370484008395, 468043370482383778, 468043370482382359, 468043370482383779, 468043370482383778, 468043370484008395, 468043370482383788]"
60522ee9-d25d-4890-a184-59a47df07377,Social & Preventive Medicine,0.07275390625,0.88671875,0.0322265625,0.0081787109375,True,B,0.26991891860961914,medmcqa_3,"['PBMD', 'TEXT', 'PBMD', 'PBMD', 'TEXT']","[468043370483819857, 468043370482400852, 468043370483268479, 468043370483854611, 468043370482401722]","[0.7008308172225952, 0.704220175743103, 0.7000979781150818, 0.7025412321090698, 0.7000508904457092]",1,"[-1, -1, -1, -1, -1]"
2cc7bf03-5a41-4a8c-a8c9-9f969afac49f,Social & Preventive Medicine,0.04736328125,0.89453125,0.01275634765625,0.04736328125,True,B,0.2993934154510498,medmcqa_3,"['STAT', 'PBMD', 'PBMD', 'PBMD', 'PBMD']","[468043370482979697, 468043370484079174, 468043370483742102, 468043370483659929, 468043370484024014]","[0.7414405941963196, 0.782135546207428, 0.771183967590332, 0.7694149613380432, 0.7705895900726318]",1,"[-1, -1, -1, -1, -1]"
cb8ea9a3-b993-4d69-a1e2-aa031b0bdb11,Dental,0.052734375,0.87890625,0.049560546875,0.0206298828125,False,A,0.2782857418060303,medmcqa_3,"['STAT', 'STAT', 'PBMD', 'PBMD', 'TEXT']","[468043370482984982, 468043370482984983, 468043370483729168, 468043370483538788, 468043370482494037]","[0.8021590113639832, 0.7491049766540527, 0.7400487065315247, 0.7396073341369629, 0.6774408221244812]",1,"[-1, -1, -1, -1, -1]"
bc74b992-2aef-440e-81a2-17958caecbee,Dental,0.232421875,0.337890625,0.248046875,0.181640625,False,A,7.427125453948975,medmcqa_3,"['STAT', 'TEXT', 'PBMD', 'STAT', 'PBMD']","[468043370482984977, 468043370482394045, 468043370483538902, 468043370482966120, 468043370484060834]","[0.7399199604988098, 0.7394987940788269, 0.7518285512924194, 0.761724054813385, 0.7439600825309753]",4,"[468043370483538902, 468043370482947250, 468043370482394062, 468043370482394027, 468043370483020867, 468043370482394062, 468043370482966117, 468043370482394027, 468043370482984977, 468043370482394045, 468043370482947250, 468043370482394062, 468043370482984977, 468043370483020867, 468043370482966117, 468043370482947250, 468043370483154008, 468043370482879030, 468043370483020867, 468043370483605784]"
be69c330-1008-4f75-bca3-3e1658c02f39,Dental,0.4140625,0.142578125,0.2216796875,0.2216796875,False,C,9.391627788543701,medmcqa_3,"['STAT', 'PBMD', 'STAT', 'PBMD', 'PBMD']","[468043370482540776, 468043370483840145, 468043370482949220, 468043370483537191, 468043370484059390]","[0.7080167531967163, 0.7371655702590942, 0.6962461471557617, 0.7452632188796997, 0.7430534362792969]",4,"[468043370482980803, 468043370483840145, 468043370482980806, 468043370483539216, 468043370484057418, 468043370482980806, 468043370483536295, 468043370483840145, 468043370483982754, 468043370483538069, 468043370483538069, 468043370483840145, 468043370483215060, 468043370483540607, 468043370482980803, 468043370483638691, 468043370483840145, 468043370483117660, 468043370484057418, 468043370483537191]"
938a6fd0-f60a-4d86-91c0-0cb8786028ae,Dental,0.220703125,0.171875,0.412109375,0.1953125,False,B,9.502195596694946,medmcqa_3,"['PBMD', 'PBMD', 'PBMD', 'PBMD', 'PBMD']","[468043370483641270, 468043370484055696, 468043370483755611, 468043370484053435, 468043370483652141]","[0.7418895959854126, 0.7347292304039001, 0.7732675075531006, 0.7474600076675415, 0.7370136380195618]",4,"[468043370483241008, 468043370483755611, 468043370484053435, 468043370484068276, 468043370483917838, 468043370483641270, 468043370484068276, 468043370484053435, 468043370484120626, 468043370483641903, 468043370484053435, 468043370483423153, 468043370484068276, 468043370483755611, 468043370483642810, 468043370483241008, 468043370483755611, 468043370484053435, 468043370483423153, 468043370483917838]"
f282ac31-8ff6-4a2b-b1d3-f2ce16552888,Dental,0.388671875,0.1259765625,0.302734375,0.18359375,True,A,10.097928285598755,medmcqa_3,"['PBMD', 'STAT', 'PBMD', 'PBMD', 'PBMD']","[468043370483215054, 468043370483030009, 468043370483741864, 468043370483209860, 468043370483538990]","[0.7484782934188843, 0.6991928219795227, 0.7430195212364197, 0.7541208863258362, 0.7459059953689575]",4,"[468043370483051303, 468043370484019121, 468043370484051733, 468043370484009858, 468043370483210284, 468043370483216100, 468043370483030013, 468043370482980840, 468043370483536333, 468043370482506071, 468043370483644229, 468043370483536762, 468043370484078141, 468043370483684002, 468043370484102695, 468043370483209865, 468043370483537773, 468043370483018711, 468043370483643592, 468043370483216100]"
3b5e1975-f74b-426e-8869-43b353f8a100,Dental,0.02294921875,0.91796875,0.029541015625,0.029541015625,True,B,0.20508384704589844,medmcqa_3,"['PBMD', 'PBMD', 'PBMD', 'STAT', 'PBMD']","[468043370483219719, 468043370484058452, 468043370484056060, 468043370482518373, 468043370484055161]","[0.7489527463912964, 0.7388542294502258, 0.7514137625694275, 0.7023020386695862, 0.7376561760902405]",1,"[-1, -1, -1, -1, -1]"
069b7516-54c4-4e5d-acf7-a7c92fdd2a01,Dental,0.053466796875,0.03662109375,0.890625,0.0208740234375,True,C,0.24982762336730957,medmcqa_3,"['STAT', 'TEXT', 'TEXT', 'STAT', 'STAT']","[468043370483006871, 468043370482371266, 468043370482371271, 468043370482995550, 468043370483065936]","[0.7439899444580078, 0.7337332963943481, 0.7479594349861145, 0.7374481558799744, 0.7332125902175903]",1,"[-1, -1, -1, -1, -1]"
25a152c6-7c2b-4da4-b89d-cf75e2b780aa,Dental,0.0712890625,0.72265625,0.035888671875,0.1708984375,True,B,7.848600149154663,medmcqa_3,"['STAT', 'STAT', 'TEXT', 'TEXT', 'STAT']","[468043370482937560, 468043370483004623, 468043370482394016, 468043370482394020, 468043370482794021]","[0.7137395739555359, 0.7014321684837341, 0.6961374282836914, 0.6893353462219238, 0.6951200366020203]",4,"[468043370484085787, 468043370483004618, 468043370482998437, 468043370483473825, 468043370482524401, 468043370483237172, 468043370482524408, 468043370483235001, 468043370482406008, 468043370482524419, 468043370483590327, 468043370484110055, 468043370483004618, 468043370482371845, 468043370482872623, 468043370483536302, 468043370482872623, 468043370483004618, 468043370483443317, 468043370483646384]"
3d2b968e-f973-423f-a0e9-1aab41489e9f,Dental,0.197265625,0.25390625,0.2236328125,0.326171875,False,A,8.740131855010986,medmcqa_3,"['STAT', 'PBMD', 'PBMD', 'STAT', 'PBMD']","[468043370482984985, 468043370483758340, 468043370483539576, 468043370482807738, 468043370483211211]","[0.6997314691543579, 0.7327028512954712, 0.7323659062385559, 0.7104230523109436, 0.7320832014083862]",4,"[468043370483211211, 468043370483429399, 468043370483218316, 468043370483538600, 468043370482371855, 468043370483429399, 468043370483535986, 468043370482939559, 468043370483715230, 468043370483538600, 468043370483783634, 468043370484078142, 468043370483883249, 468043370482939559, 468043370483213666, 468043370483783634, 468043370483429399, 468043370483715230, 468043370483538698, 468043370483320661]"
3aed5296-d2c0-4347-8804-d85234302675,Dental,0.036376953125,0.9375,0.01336669921875,0.0111083984375,True,B,8.582823514938354,medmcqa_3,"['PBMD', 'PBMD', 'TEXT', 'PBMD', 'TEXT']","[468043370483315284, 468043370483730254, 468043370482437541, 468043370483311527, 468043370482480009]","[0.7312280535697937, 0.7305434346199036, 0.6898260116577148, 0.7338004112243652, 0.6817989945411682]",3,"[468043370483909033, 468043370483727978, 468043370482461364, 468043370483869725, 468043370482477834, 468043370482507325, 468043370483286730, 468043370483915767, 468043370482461369, 468043370482507342, 468043370483306718, 468043370483915767, 468043370483740632, 468043370483594324, 468043370483831172]"
8ecd446d-adb7-4e91-aca4-b1f3d3a63447,Dental,0.26953125,0.41796875,0.1982421875,0.11279296875,False,A,7.766580104827881,medmcqa_3,"['STAT', 'PBMD', 'STAT', 'STAT', 'STAT']","[468043370482984986, 468043370483866016, 468043370482984982, 468043370482774974, 468043370482984987]","[0.7289888858795166, 0.7246661186218262, 0.715307891368866, 0.7132858037948608, 0.7123318314552307]",4,"[468043370482494037, 468043370483685345, 468043370482552638, 468043370482552600, 468043370483218137, 468043370483218213, 468043370482494037, 468043370482552671, 468043370484057329, 468043370484100086, 468043370482494037, 468043370482552615, 468043370482552608, 468043370482552674, 468043370483536041, 468043370482552671, 468043370482552612, 468043370483218213, 468043370482552615, 468043370483685345]"
e342fc89-9875-4188-9009-b9065fdf5b9c,Dental,0.09912109375,0.06005859375,0.78125,0.06005859375,False,B,0.25217247009277344,medmcqa_3,"['PBMD', 'PBMD', 'STAT', 'PBMD', 'PBMD']","[468043370483541136, 468043370483539395, 468043370482898621, 468043370483536588, 468043370483540828]","[0.7316224575042725, 0.707892894744873, 0.6361033320426941, 0.6940159797668457, 0.6992227435112]",1,"[-1, -1, -1, -1, -1]"
28c87a35-b6b1-4b1f-bfd5-d94b4fc0be1d,Dental,0.9921875,0.002960205078125,0.004608154296875,0.000331878662109375,True,A,0.23915433883666992,medmcqa_3,"['STAT', 'TEXT', 'PBMD', 'PBMD', 'STAT']","[468043370482945260, 468043370482383785, 468043370484044119, 468043370483294034, 468043370482522402]","[0.7071738839149475, 0.7202873826026917, 0.7626354098320007, 0.7556701898574829, 0.7376224398612976]",1,"[-1, -1, -1, -1, -1]"
8a91d036-5cc2-49a1-8ce0-d92b771ed10d,Dental,0.05712890625,0.04443359375,0.44921875,0.44921875,True,C,6.746411323547363,medmcqa_3,"['PBMD', 'STAT', 'STAT', 'PBMD', 'STAT']","[468043370483817090, 468043370482771883, 468043370482966136, 468043370483817091, 468043370482998431]","[0.8103207945823669, 0.7992056012153625, 0.804834246635437, 0.7946513891220093, 0.7606136798858643]",3,"[468043370482401981, 468043370482834109, 468043370483050436, 468043370482434420, 468043370482884154, 468043370482884154, 468043370484022312, 468043370483817090, 468043370482401981, 468043370482785229, 468043370482803468, 468043370483817090, 468043370483817091, 468043370482998431, 468043370482434422]"
bbc11393-3dfe-49f8-a57d-2ab6e0e8e46f,Dental,0.75,0.07421875,0.1083984375,0.06591796875,False,C,6.85851788520813,medmcqa_3,"['PBMD', 'STAT', 'PBMD', 'PBMD', 'PBMD']","[468043370483213449, 468043370482908701, 468043370484008598, 468043370483775940, 468043370483219000]","[0.7604420185089111, 0.7471034526824951, 0.7593681812286377, 0.7485883831977844, 0.7673085927963257]",3,"[468043370483858492, 468043370483540572, 468043370483219000, 468043370483851614, 468043370483879140, 468043370484111210, 468043370483540569, 468043370483845902, 468043370482522883, 468043370482526733, 468043370483219000, 468043370483540572, 468043370484008598, 468043370484004340, 468043370483213449]"
2dc96b3f-39a1-4d38-8177-c3710ed7e586,Dental,0.248046875,0.318359375,0.28125,0.150390625,False,A,9.113922595977783,medmcqa_3,"['PBMD', 'PBMD', 'PBMD', 'PBMD', 'STAT']","[468043370483655611, 468043370483235200, 468043370484046872, 468043370483251454, 468043370482821005]","[0.7360464930534363, 0.7536762952804565, 0.7494059801101685, 0.7439664602279663, 0.6826845407485962]",4,"[468043370484030521, 468043370483644433, 468043370483731199, 468043370483654775, 468043370484030523, 468043370484030521, 468043370482384211, 468043370482508432, 468043370483550201, 468043370483244914, 468043370482821008, 468043370483235200, 468043370483731199, 468043370483230583, 468043370483230545, 468043370484030521, 468043370483745939, 468043370482788516, 468043370484074878, 468043370483731199]"
8ad9acc0-4de3-4d82-86a4-7d8ccfdb8c68,Dental,0.0673828125,0.046142578125,0.8203125,0.0673828125,True,C,0.34592103958129883,medmcqa_3,"['PBMD', 'PBMD', 'PBMD', 'STAT', 'PBMD']","[468043370484054890, 468043370483817083, 468043370483844770, 468043370482875974, 468043370483134397]","[0.8208029270172119, 0.8463646173477173, 0.841650128364563, 0.7524834275245667, 0.7911387085914612]",1,"[-1, -1, -1, -1, -1]"
73818dbb-2bd3-4c46-a06a-b18b6ddb5450,Dental,0.232421875,0.232421875,0.384765625,0.150390625,False,D,7.9157469272613525,medmcqa_3,"['PBMD', 'STAT', 'PBMD', 'TEXT', 'PBMD']","[468043370484038804, 468043370482961228, 468043370483970630, 468043370482485133, 468043370483540769]","[0.7688837647438049, 0.7024148106575012, 0.7404474020004272, 0.7087860107421875, 0.75543612241745]",4,"[468043370483187444, 468043370483540769, 468043370483215812, 468043370482517188, 468043370482908709, 468043370483970630, 468043370483540506, 468043370483187444, 468043370483540769, 468043370482517188, 468043370482485133, 468043370483187444, 468043370483541416, 468043370483970630, 468043370483655558, 468043370483540506, 468043370483541416, 468043370483187444, 468043370483215812, 468043370483540769]"
c2b29a6c-e501-4532-97ad-62934778db2a,Dental,0.03173828125,0.049072265625,0.3203125,0.59765625,False,C,4.353655576705933,medmcqa_3,"['PBMD', 'PBMD', 'PBMD', 'PBMD', 'STAT']","[468043370483540828, 468043370483541616, 468043370483537561, 468043370483859640, 468043370482960126]","[0.7655745148658752, 0.7774850130081177, 0.7566368579864502, 0.7477905750274658, 0.6600150465965271]",2,"[468043370483251453, 468043370483812332, 468043370484053421, 468043370483644432, 468043370483652149, 468043370484053421, 468043370483644432, 468043370483251453, 468043370483859640, 468043370483652149]"
f6c4ff25-9770-4650-88f6-82b6b83d7e31,Dental,0.11279296875,0.78125,0.03662109375,0.068359375,False,C,8.808079481124878,medmcqa_3,"['PBMD', 'PBMD', 'PBMD', 'PBMD', 'PBMD']","[468043370483214663, 468043370483094785, 468043370484115283, 468043370483241160, 468043370483242441]","[0.7354696393013, 0.749042272567749, 0.7342905402183533, 0.732521653175354, 0.7407146692276001]",4,"[468043370483247222, 468043370482546827, 468043370483040931, 468043370484115279, 468043370483864843, 468043370483217972, 468043370483247222, 468043370484115283, 468043370483004619, 468043370482394043, 468043370483247222, 468043370483094785, 468043370483213633, 468043370483979106, 468043370482394043, 468043370483217972, 468043370483094785, 468043370483247222, 468043370483214663, 468043370484115283]"
0c897b21-e2f5-4b70-ac40-edc59745a66c,Pathology,0.64453125,0.3046875,0.0341796875,0.01611328125,True,A,5.7016096115112305,medmcqa_3,"['PBMD', 'STAT', 'TEXT', 'STAT', 'TEXT']","[468043370483488910, 468043370483046709, 468043370482441430, 468043370482932475, 468043370482493998]","[0.7730461359024048, 0.7774360775947571, 0.7542529702186584, 0.7632132172584534, 0.7481967210769653]",2,"[468043370483457516, 468043370483046709, 468043370483046716, 468043370483046699, 468043370483915066, 468043370483457516, 468043370483046709, 468043370482932464, 468043370482932462, 468043370482534081]"
e0d6862e-e62f-4aa6-a4b1-f42c042e46c6,Pathology,0.140625,0.859375,0.000446319580078125,0.000507354736328125,True,B,0.18163275718688965,medmcqa_3,"['STAT', 'STAT', 'STAT', 'PBMD', 'PBMD']","[468043370483014248, 468043370482846933, 468043370482772345, 468043370483470290, 468043370483762974]","[0.7994746565818787, 0.7613397240638733, 0.8037307262420654, 0.7910585999488831, 0.7865985631942749]",1,"[-1, -1, -1, -1, -1]"
a6466fc3-93c7-4de7-931f-3d98a8353ee9,Pathology,0.0201416015625,0.00653076171875,0.96875,0.00372314453125,True,C,0.28276729583740234,medmcqa_3,"['TEXT', 'TEXT', 'PBMD', 'STAT', 'PBMD']","[468043370482464224, 468043370482485796, 468043370483681840, 468043370483029081, 468043370483750281]","[0.7758334875106812, 0.7655229568481445, 0.790140688419342, 0.7889795899391174, 0.8320102691650391]",1,"[-1, -1, -1, -1, -1]"
ee31cc18-91fd-4582-a3e8-5311e85521b3,Pathology,0.020263671875,0.00121307373046875,0.0045166015625,0.97265625,True,D,0.21319055557250977,medmcqa_3,"['STAT', 'TEXT', 'STAT', 'STAT', 'TEXT']","[468043370482854440, 468043370482435210, 468043370482948356, 468043370483038154, 468043370482435249]","[0.7571172714233398, 0.8081750273704529, 0.7626950740814209, 0.758778989315033, 0.8135736584663391]",1,"[-1, -1, -1, -1, -1]"
7e01c8f0-9b7e-4884-ad40-0c2487a4f5cb,Pathology,0.10546875,0.06396484375,0.60546875,0.2236328125,False,D,8.403708934783936,medmcqa_3,"['STAT', 'STAT', 'STAT', 'PBMD', 'PBMD']","[468043370482906821, 468043370482782491, 468043370483052610, 468043370483420954, 468043370483606890]","[0.7912101745605469, 0.7840924263000488, 0.7949138879776001, 0.800204336643219, 0.7750720381736755]",4,"[468043370483075651, 468043370482782494, 468043370483420954, 468043370483193971, 468043370482782499, 468043370482411935, 468043370483422930, 468043370483606890, 468043370483359221, 468043370483052610, 468043370483052610, 468043370483420954, 468043370483193971, 468043370482782499, 468043370482407505, 468043370482782491, 468043370482904929, 468043370482847346, 468043370482841739, 468043370482430385]"
4873ac63-79fe-4fdb-a63b-1c4064b80d15,Pathology,0.016845703125,0.98046875,0.00167083740234375,0.00074005126953125,True,B,0.27865123748779297,medmcqa_3,"['STAT', 'TEXT', 'TEXT', 'TEXT', 'STAT']","[468043370482980196, 468043370482429821, 468043370482457761, 468043370482408721, 468043370483030259]","[0.802100658416748, 0.808600127696991, 0.8086576461791992, 0.7971157431602478, 0.7525196075439453]",1,"[-1, -1, -1, -1, -1]"
c848ac2e-6165-47e9-82ac-a59fb2ac705b,Pathology,0.1357421875,0.5390625,0.0184326171875,0.306640625,True,B,9.510974884033203,medmcqa_3,"['PBMD', 'TEXT', 'PBMD', 'STAT', 'PBMD']","[468043370484060846, 468043370482434948, 468043370483169251, 468043370482873697, 468043370483540498]","[0.7576854228973389, 0.7616891264915466, 0.7768710255622864, 0.7641603946685791, 0.7548850178718567]",4,"[468043370483164002, 468043370482852874, 468043370483164273, 468043370483907311, 468043370483870249, 468043370484060846, 468043370483915650, 468043370482873659, 468043370483826728, 468043370483853302, 468043370482434948, 468043370482938403, 468043370482518726, 468043370482873671, 468043370482444485, 468043370482873697, 468043370482873659, 468043370483802584, 468043370482873699, 468043370483826728]"
6380bf46-988e-4ed8-8add-f57fa7bb61fc,Pathology,0.177734375,0.138671875,0.482421875,0.201171875,False,A,10.052793979644775,medmcqa_3,"['STAT', 'STAT', 'PBMD', 'STAT', 'TEXT']","[468043370482517144, 468043370482517136, 468043370483685833, 468043370482517141, 468043370482458588]","[0.7368281483650208, 0.7470909953117371, 0.753842830657959, 0.7439988851547241, 0.7063263058662415]",4,"[468043370482517144, 468043370484119275, 468043370482517143, 468043370482517136, 468043370482517119, 468043370483685833, 468043370482517149, 468043370482507183, 468043370482517097, 468043370483973967, 468043370482517141, 468043370482517134, 468043370483214525, 468043370482517142, 468043370483540769, 468043370483218067, 468043370483210154, 468043370483975020, 468043370483811613, 468043370482507183]"
b32d6655-6939-4b8d-b7da-e7274a017cfd,Pathology,0.90625,0.039794921875,0.00347900390625,0.051025390625,True,A,0.3479485511779785,medmcqa_3,"['TEXT', 'PBMD', 'STAT', 'STAT', 'PBMD']","[468043370482392201, 468043370483948189, 468043370482786656, 468043370482511615, 468043370483960054]","[0.7875955104827881, 0.7942235469818115, 0.7830528616905212, 0.7961099147796631, 0.7832154631614685]",1,"[-1, -1, -1, -1, -1]"
62b4984a-2bd0-47b0-ab7c-8cc7027c8303,Pathology,0.1416015625,0.765625,0.038330078125,0.05224609375,False,D,0.2998018264770508,medmcqa_3,"['TEXT', 'STAT', 'STAT', 'STAT', 'PBMD']","[468043370482409340, 468043370482547432, 468043370483057138, 468043370482564504, 468043370484086915]","[0.802449107170105, 0.8668729066848755, 0.7896645069122314, 0.8450092673301697, 0.783670961856842]",1,"[-1, -1, -1, -1, -1]"
ba705377-5543-4350-8483-bf984e4ccf15,Pathology,0.035888671875,0.92578125,0.035888671875,0.0037841796875,True,B,0.3463459014892578,medmcqa_3,"['PBMD', 'PBMD', 'TEXT', 'STAT', 'PBMD']","[468043370484060144, 468043370483822879, 468043370482458572, 468043370483012433, 468043370483153919]","[0.8018481135368347, 0.7692599892616272, 0.7210600972175598, 0.734200656414032, 0.7623007297515869]",1,"[-1, -1, -1, -1, -1]"
3fa4b9e1-0992-4f0f-b2c5-c3b620d91bd2,Pathology,0.98828125,0.008544921875,0.0009002685546875,0.002166748046875,True,A,0.23920512199401855,medmcqa_3,"['PBMD', 'PBMD', 'STAT', 'STAT', 'STAT']","[468043370483726021, 468043370483961775, 468043370483041686, 468043370483041690, 468043370483041696]","[0.8272072672843933, 0.7991616129875183, 0.7757352590560913, 0.7681005001068115, 0.7688385844230652]",1,"[-1, -1, -1, -1, -1]"
68dc3363-c18b-47c7-b20d-c538cc7febc8,Pathology,0.2412109375,0.146484375,0.578125,0.03271484375,False,A,6.1510329246521,medmcqa_3,"['PBMD', 'PBMD', 'PBMD', 'PBMD', 'STAT']","[468043370483536107, 468043370483217812, 468043370483815866, 468043370483213718, 468043370482524487]","[0.7778764367103577, 0.8174459934234619, 0.7845157980918884, 0.7577618956565857, 0.719036340713501]",3,"[468043370483815866, 468043370483536107, 468043370483217812, 468043370483213718, 468043370483211242, 468043370483217812, 468043370483536107, 468043370483815866, 468043370483211242, 468043370483387333, 468043370483536107, 468043370483490596, 468043370483815866, 468043370482960119, 468043370483217812]"
46fe2094-87db-4117-b06f-7a7bebb94646,Pathology,0.05322265625,0.5390625,0.0390625,0.369140625,False,D,4.41977334022522,medmcqa_3,"['STAT', 'PBMD', 'STAT', 'PBMD', 'PBMD']","[468043370483017103, 468043370483387663, 468043370482883105, 468043370483247393, 468043370484076781]","[0.8250714540481567, 0.8318195343017578, 0.7718175053596497, 0.8410710692405701, 0.8169743418693542]",2,"[468043370483247393, 468043370483215626, 468043370483300299, 468043370483602711, 468043370483387663, 468043370483247393, 468043370483017103, 468043370483214671, 468043370483387663, 468043370483300299]"
d6f5cf46-9b31-4489-8989-beff9c456484,Pathology,0.007568359375,0.98828125,0.0015869140625,0.00084686279296875,True,B,0.27451133728027344,medmcqa_3,"['PBMD', 'STAT', 'TEXT', 'STAT', 'PBMD']","[468043370483887132, 468043370483062209, 468043370482485796, 468043370482952042, 468043370483750281]","[0.8137334585189819, 0.7933491468429565, 0.7643740773200989, 0.793594479560852, 0.8361798524856567]",1,"[-1, -1, -1, -1, -1]"
592dc3ce-d34f-4426-91b5-01556d31b89f,Pathology,0.103515625,0.67578125,0.1416015625,0.08056640625,True,B,0.34647083282470703,medmcqa_3,"['PBMD', 'PBMD', 'PBMD', 'PBMD', 'TEXT']","[468043370483718628, 468043370483688086, 468043370484039054, 468043370483961667, 468043370482393741]","[0.7970072031021118, 0.7996797561645508, 0.7942507863044739, 0.7870811820030212, 0.7763959169387817]",1,"[-1, -1, -1, -1, -1]"
783aaf31-fd64-4f4e-aa67-93c00cb407ad,Pathology,0.024169921875,0.0057373046875,0.96875,0.002899169921875,True,C,0.24668073654174805,medmcqa_3,"['TEXT', 'TEXT', 'TEXT', 'PBMD', 'TEXT']","[468043370482414579, 468043370482462265, 468043370482455614, 468043370483086861, 468043370482463982]","[0.7144257426261902, 0.7022472620010376, 0.7361320853233337, 0.7105761766433716, 0.724565327167511]",1,"[-1, -1, -1, -1, -1]"
bd0ed5fa-d212-4dfc-bba3-9706fe6a228d,Pathology,0.9609375,0.006103515625,0.029052734375,0.001983642578125,True,A,0.2478170394897461,medmcqa_3,"['STAT', 'STAT', 'TEXT', 'TEXT', 'STAT']","[468043370482530250, 468043370482937498, 468043370482411870, 468043370482417756, 468043370482557741]","[0.664350688457489, 0.6954576969146729, 0.7202574610710144, 0.7367628216743469, 0.6829338669776917]",1,"[-1, -1, -1, -1, -1]"
e03a6d53-0c8b-4bf7-9710-c19083bcb018,Pathology,0.8203125,0.07177734375,0.09228515625,0.01416015625,True,A,0.2733926773071289,medmcqa_3,"['PBMD', 'PBMD', 'PBMD', 'TEXT', 'TEXT']","[468043370483539327, 468043370483248787, 468043370483510480, 468043370482404966, 468043370482404858]","[0.7949005365371704, 0.7577587366104126, 0.7573911547660828, 0.733092725276947, 0.733055591583252]",1,"[-1, -1, -1, -1, -1]"
752e362f-7162-4590-bb2f-fc6dc270a065,Pathology,0.2431640625,0.189453125,0.21484375,0.353515625,False,C,8.996579647064209,medmcqa_3,"['PBMD', 'PBMD', 'PBMD', 'PBMD', 'STAT']","[468043370483522712, 468043370483394410, 468043370483192763, 468043370483697397, 468043370482775586]","[0.7839066386222839, 0.7918604612350464, 0.7944660186767578, 0.7937222719192505, 0.7633654475212097]",4,"[468043370483394410, 468043370483683782, 468043370483522712, 468043370483388149, 468043370483192763, 468043370483394410, 468043370483697397, 468043370483192763, 468043370483626243, 468043370482549176, 468043370483697397, 468043370483691238, 468043370482549176, 468043370483943294, 468043370482775586, 468043370483394410, 468043370483008723, 468043370482549176, 468043370483697397, 468043370484014949]"
605726f9-65ea-400a-987f-c07d48525120,Pediatrics,0.890625,0.056884765625,0.03466796875,0.017333984375,True,A,0.279188871383667,medmcqa_3,"['PBMD', 'TEXT', 'TEXT', 'STAT', 'PBMD']","[468043370483089306, 468043370482426500, 468043370482457352, 468043370482872554, 468043370483969141]","[0.8084031939506531, 0.8068714141845703, 0.8163591027259827, 0.7614060640335083, 0.8224056363105774]",1,"[-1, -1, -1, -1, -1]"
77a4b51b-b0d3-44fc-bed3-2ecccad80de0,Pediatrics,0.076171875,0.055908203125,0.8203125,0.04638671875,False,B,0.3459157943725586,medmcqa_3,"['PBMD', 'TEXT', 'PBMD', 'PBMD', 'PBMD']","[468043370483196452, 468043370482461508, 468043370483194231, 468043370483333403, 468043370483464561]","[0.840434193611145, 0.8306348323822021, 0.8590086698532104, 0.836090624332428, 0.8298530578613281]",1,"[-1, -1, -1, -1, -1]"
82f0f5d7-996b-49cc-8c8c-b9ff7cb35ecc,Pediatrics,0.0179443359375,0.00138092041015625,0.003753662109375,0.9765625,True,D,0.24933218955993652,medmcqa_3,"['PBMD', 'STAT', 'TEXT', 'TEXT', 'STAT']","[468043370483483087, 468043370482829095, 468043370482430119, 468043370482430116, 468043370482996487]","[0.8114826679229736, 0.773471474647522, 0.8006611466407776, 0.8029727935791016, 0.7695374488830566]",1,"[-1, -1, -1, -1, -1]"
dc020962-d8a1-4790-b268-c6dadb000137,Pediatrics,0.1982421875,0.5078125,0.0830078125,0.2109375,True,B,11.263257265090942,medmcqa_3,"['STAT', 'STAT', 'TEXT', 'TEXT', 'TEXT']","[468043370482975775, 468043370483065365, 468043370482383080, 468043370482462244, 468043370482450078]","[0.8501947522163391, 0.8399206399917603, 0.8047084212303162, 0.8066691160202026, 0.7997915744781494]",4,"[468043370483078060, 468043370482462238, 468043370482462245, 468043370482462244, 468043370483903233, 468043370483309738, 468043370482975757, 468043370482975778, 468043370483803018, 468043370482975754, 468043370483310542, 468043370483741503, 468043370482543747, 468043370483439854, 468043370483417553, 468043370482975757, 468043370482975754, 468043370482511820, 468043370484094211, 468043370483235027]"
56a4d5b8-c2e7-4534-9511-a30ff0769814,Pediatrics,0.107421875,0.69921875,0.166015625,0.0255126953125,True,B,0.2566719055175781,medmcqa_3,"['PBMD', 'STAT', 'STAT', 'PBMD', 'STAT']","[468043370483256078, 468043370482908976, 468043370482879062, 468043370483233928, 468043370482945060]","[0.7577617168426514, 0.7301965951919556, 0.7381414771080017, 0.7519998550415039, 0.7287487983703613]",1,"[-1, -1, -1, -1, -1]"
66092ccf-9a06-466a-a08f-8964f3091a9c,Pediatrics,0.72265625,0.1513671875,0.0712890625,0.0556640625,True,A,0.2724742889404297,medmcqa_3,"['STAT', 'TEXT', 'PBMD', 'TEXT', 'STAT']","[468043370482839372, 468043370482462943, 468043370483656214, 468043370482403406, 468043370482852506]","[0.738928496837616, 0.7657887935638428, 0.7747126817703247, 0.7402374148368835, 0.751194953918457]",1,"[-1, -1, -1, -1, -1]"
a9eb877d-bc11-4923-88b2-97193a8d52eb,Pediatrics,0.41796875,0.197265625,0.09912109375,0.287109375,False,C,8.212938785552979,medmcqa_3,"['STAT', 'PBMD', 'STAT', 'PBMD', 'TEXT']","[468043370483071854, 468043370483351376, 468043370482901132, 468043370483143268, 468043370482433873]","[0.7134763598442078, 0.720201849937439, 0.7081350684165955, 0.7484627962112427, 0.7247522473335266]",4,"[468043370483972530, 468043370482477258, 468043370483975647, 468043370483342155, 468043370482460922, 468043370483461028, 468043370482878706, 468043370483143268, 468043370482878708, 468043370482878719, 468043370484107966, 468043370482461432, 468043370482907038, 468043370482987343, 468043370483722281, 468043370482878719, 468043370483461028, 468043370483972530, 468043370483143268, 468043370483654294]"
ca5cb321-54b4-4b5f-a507-0493c19af96f,Pediatrics,0.03466796875,0.94921875,0.00927734375,0.007232666015625,True,B,0.2752985954284668,medmcqa_3,"['STAT', 'STAT', 'STAT', 'TEXT', 'TEXT']","[468043370482991631, 468043370482779152, 468043370482829999, 468043370482394683, 468043370482463824]","[0.762665867805481, 0.7541874647140503, 0.7690287828445435, 0.7571948766708374, 0.7484297752380371]",1,"[-1, -1, -1, -1, -1]"
7697c864-514c-4a73-8ce4-ea6cf0d0b651,Pediatrics,0.10302734375,0.10986328125,0.59375,0.1923828125,False,D,10.187580585479736,medmcqa_3,"['STAT', 'PBMD', 'PBMD', 'STAT', 'PBMD']","[468043370483015444, 468043370483532209, 468043370483342971, 468043370482858550, 468043370483608491]","[0.714601993560791, 0.736910879611969, 0.7368478178977966, 0.7173569798469543, 0.7776102423667908]",4,"[468043370482451829, 468043370482517680, 468043370482451844, 468043370482517681, 468043370483015444, 468043370482863221, 468043370483013813, 468043370482863223, 468043370482447712, 468043370483969014, 468043370482858527, 468043370482858517, 468043370483825597, 468043370483892075, 468043370482926353, 468043370483892075, 468043370483002626, 468043370483888399, 468043370482389830, 468043370482447274]"
41fac382-483b-4573-99c4-555b80dff3bc,Pediatrics,0.015625,0.003082275390625,0.96875,0.01220703125,True,C,0.27321338653564453,medmcqa_3,"['PBMD', 'TEXT', 'TEXT', 'TEXT', 'STAT']","[468043370483288383, 468043370482463965, 468043370482457579, 468043370482457580, 468043370482502121]","[0.8139573931694031, 0.8313618898391724, 0.788570761680603, 0.7660328149795532, 0.7886204719543457]",1,"[-1, -1, -1, -1, -1]"
cd26e28e-1b7b-4873-8031-d69f1b75a277,Pediatrics,0.67578125,0.09765625,0.1826171875,0.043212890625,True,A,14.256249904632568,medmcqa_3,"['PBMD', 'PBMD', 'STAT', 'STAT', 'STAT']","[468043370484070516, 468043370483808723, 468043370482819339, 468043370482524960, 468043370482524961]","[0.8022681474685669, 0.8024371266365051, 0.817681074142456, 0.7899029850959778, 0.7990772128105164]",4,"[468043370484068490, 468043370482424270, 468043370483959415, 468043370483802282, 468043370484075039, 468043370482424390, 468043370483734235, 468043370482462894, 468043370482462863, 468043370484070516, 468043370483828785, 468043370483238413, 468043370483808723, 468043370482462894, 468043370482462863, 468043370483808723, 468043370483752819, 468043370484067327, 468043370482424390, 468043370483734235]"
5fa2e23f-c19c-4828-b240-59b7a0a84834,Pediatrics,0.169921875,0.59375,0.1923828125,0.04296875,False,A,6.699677467346191,medmcqa_3,"['STAT', 'TEXT', 'STAT', 'PBMD', 'TEXT']","[468043370482501963, 468043370482449953, 468043370482532899, 468043370483815116, 468043370482462116]","[0.7724992036819458, 0.7697449922561646, 0.7793746590614319, 0.7555307149887085, 0.8062963485717773]",3,"[468043370482462116, 468043370482532899, 468043370483002502, 468043370483902659, 468043370483777200, 468043370483777200, 468043370482817344, 468043370482817342, 468043370483208480, 468043370482532899, 468043370483777200, 468043370482532899, 468043370482817344, 468043370483825753, 468043370482449953]"
867140e4-9b9f-4784-b252-9720f89a385e,Pediatrics,0.0272216796875,0.010009765625,0.9609375,0.00238037109375,True,C,0.27814674377441406,medmcqa_3,"['PBMD', 'STAT', 'TEXT', 'PBMD', 'STAT']","[468043370484039029, 468043370482791799, 468043370482461551, 468043370483963143, 468043370483000585]","[0.7673540711402893, 0.7527023553848267, 0.7519033551216125, 0.7499851584434509, 0.7484965920448303]",1,"[-1, -1, -1, -1, -1]"
3101996f-b393-4e05-9cb4-542df72f1b5c,Pediatrics,0.1728515625,0.1728515625,0.6015625,0.052734375,False,A,10.04583740234375,medmcqa_3,"['PBMD', 'TEXT', 'TEXT', 'TEXT', 'TEXT']","[468043370483264207, 468043370482463943, 468043370482460512, 468043370482486166, 468043370482369733]","[0.7732883095741272, 0.7551912069320679, 0.7698681950569153, 0.779029905796051, 0.7627326250076294]",4,"[468043370484102641, 468043370483369301, 468043370483296923, 468043370483870839, 468043370482912356, 468043370482486166, 468043370483138689, 468043370482564086, 468043370482460512, 468043370483220426, 468043370483778058, 468043370483439991, 468043370483151801, 468043370483139374, 468043370482502507, 468043370483280957, 468043370483879195, 468043370483827919, 468043370484046558, 468043370484073340]"
822d5c68-39fe-40e8-97ef-f50d7af91ebb,Pediatrics,0.11962890625,0.83203125,0.036376953125,0.013427734375,True,B,0.25234174728393555,medmcqa_3,"['STAT', 'PBMD', 'PBMD', 'TEXT', 'TEXT']","[468043370482512546, 468043370483962846, 468043370483181630, 468043370482439344, 468043370482438994]","[0.7676310539245605, 0.7732725739479065, 0.7766377925872803, 0.75818932056427, 0.7487773299217224]",1,"[-1, -1, -1, -1, -1]"
bd279945-7401-4ea3-9f54-bcda518ecc9c,Pediatrics,0.345703125,0.345703125,0.22265625,0.08740234375,False,C,11.818068981170654,medmcqa_3,"['PBMD', 'PBMD', 'PBMD', 'TEXT', 'TEXT']","[468043370483827902, 468043370483967702, 468043370483985958, 468043370482413586, 468043370482415165]","[0.7837903499603271, 0.7482648491859436, 0.7455819845199585, 0.7268022894859314, 0.7236945033073425]",4,"[468043370483570164, 468043370482463219, 468043370483825618, 468043370483037380, 468043370482902966, 468043370482902966, 468043370483889013, 468043370483000585, 468043370482463219, 468043370484085737, 468043370483000585, 468043370483963143, 468043370483825618, 468043370483341483, 468043370482779311, 468043370482779311, 468043370482463219, 468043370482411360, 468043370482791782, 468043370482461550]"
605c9835-95d4-4a5e-b400-09bf38e75e4c,Pediatrics,0.94921875,0.0238037109375,0.00872802734375,0.0174560546875,True,A,0.35013794898986816,medmcqa_3,"['PBMD', 'TEXT', 'TEXT', 'STAT', 'PBMD']","[468043370483864058, 468043370482464654, 468043370482435896, 468043370482978657, 468043370483309011]","[0.7685031294822693, 0.7570961117744446, 0.7767380475997925, 0.7524167895317078, 0.8042522072792053]",1,"[-1, -1, -1, -1, -1]"
a1546ddd-5e66-42f2-897f-90fce5601b72,Pediatrics,0.00970458984375,0.04638671875,0.7734375,0.171875,True,C,0.2781178951263428,medmcqa_3,"['STAT', 'PBMD', 'STAT', 'STAT', 'PBMD']","[468043370482989783, 468043370483531609, 468043370482991870, 468043370482512050, 468043370483245486]","[0.750141441822052, 0.7938708066940308, 0.7681138515472412, 0.7587230205535889, 0.768355667591095]",1,"[-1, -1, -1, -1, -1]"
8d0b854f-93fb-43ae-a1b9-d489ea68103b,Pediatrics,0.322265625,0.0673828125,0.46875,0.142578125,True,C,12.217163801193237,medmcqa_3,"['STAT', 'PBMD', 'STAT', 'PBMD', 'PBMD']","[468043370482848513, 468043370483371326, 468043370482514379, 468043370483356996, 468043370483205302]","[0.8090841174125671, 0.832321047782898, 0.7922589778900146, 0.8289235830307007, 0.827926754951477]",4,"[468043370482514379, 468043370483425459, 468043370483205302, 468043370484121753, 468043370483204486, 468043370483920668, 468043370483460081, 468043370483296698, 468043370483668348, 468043370483356996, 468043370482848499, 468043370482848516, 468043370482848533, 468043370482848513, 468043370483598413, 468043370483460081, 468043370482503503, 468043370483457847, 468043370483679238, 468043370483985953]"
9572a3f9-b8a0-4fc4-96a1-cc0409721155,Pediatrics,0.0255126953125,0.061279296875,0.8984375,0.013671875,True,C,0.27594518661499023,medmcqa_3,"['PBMD', 'PBMD', 'PBMD', 'TEXT', 'STAT']","[468043370483644665, 468043370484059772, 468043370483687837, 468043370482400081, 468043370483073494]","[0.7898470163345337, 0.7801371812820435, 0.7677702903747559, 0.7375971674919128, 0.7513953447341919]",1,"[-1, -1, -1, -1, -1]"
a79f09ab-a292-4a46-ac30-dbf9daadc72a,Medicine,0.470703125,0.1728515625,0.0869140625,0.267578125,False,D,10.757862091064453,medmcqa_3,"['PBMD', 'PBMD', 'PBMD', 'TEXT', 'PBMD']","[468043370483569662, 468043370483717217, 468043370483518973, 468043370482374085, 468043370483538588]","[0.8036585450172424, 0.7987587451934814, 0.7964163422584534, 0.809410572052002, 0.7989000082015991]",4,"[468043370482428897, 468043370482541678, 468043370483488888, 468043370482374085, 468043370483276716, 468043370483267084, 468043370482541678, 468043370483522657, 468043370482935075, 468043370482373338, 468043370482428897, 468043370482442555, 468043370482428896, 468043370482372685, 468043370483009262, 468043370482428897, 468043370483621550, 468043370482904325, 468043370483607279, 468043370483496323]"
a35fecfa-0c54-497b-957c-58da96b3716a,Medicine,0.0272216796875,0.0576171875,0.0693359375,0.84765625,False,B,0.2067267894744873,medmcqa_3,"['STAT', 'STAT', 'STAT', 'STAT', 'STAT']","[468043370482944750, 468043370482946968, 468043370482908100, 468043370482849096, 468043370482849095]","[0.7577860951423645, 0.7765198349952698, 0.7869830131530762, 0.7708192467689514, 0.7647042870521545]",1,"[-1, -1, -1, -1, -1]"
68589d4c-ad15-4989-a235-a242d226503a,Medicine,0.11572265625,0.08447265625,0.09033203125,0.7109375,True,D,5.2262938022613525,medmcqa_3,"['TEXT', 'TEXT', 'PBMD', 'PBMD', 'TEXT']","[468043370482404112, 468043370482460633, 468043370483602097, 468043370483399979, 468043370482422833]","[0.759257435798645, 0.7569220066070557, 0.7938143014907837, 0.8063526153564453, 0.7694871425628662]",2,"[468043370484095519, 468043370482404113, 468043370483803302, 468043370483602097, 468043370482422833, 468043370482426437, 468043370482444029, 468043370482444036, 468043370482426442, 468043370483089667]"
059b7c1c-bc8d-499d-ba18-42f173fc6501,Medicine,0.009521484375,0.0130615234375,0.97265625,0.0045166015625,False,D,0.2731294631958008,medmcqa_3,"['PBMD', 'TEXT', 'PBMD', 'PBMD', 'PBMD']","[468043370483254786, 468043370482410517, 468043370483227343, 468043370484059245, 468043370483464877]","[0.7723080515861511, 0.7552181482315063, 0.7482823729515076, 0.773524820804596, 0.7659624218940735]",1,"[-1, -1, -1, -1, -1]"
3b6a211f-c575-44fd-b0c4-77bf1152bcb6,Medicine,0.0576171875,0.796875,0.10107421875,0.044921875,True,B,0.20270228385925293,medmcqa_3,"['STAT', 'TEXT', 'STAT', 'TEXT', 'STAT']","[468043370483073162, 468043370482426040, 468043370482873428, 468043370482412191, 468043370482839548]","[0.7732713222503662, 0.7661011219024658, 0.7773910760879517, 0.7598059773445129, 0.7633761167526245]",1,"[-1, -1, -1, -1, -1]"
9c7e163e-d22f-43d9-8c77-fb036bc0b064,Medicine,0.3203125,0.1611328125,0.283203125,0.234375,False,D,13.431180953979492,medmcqa_3,"['TEXT', 'TEXT', 'PBMD', 'PBMD', 'PBMD']","[468043370482468948, 468043370482466105, 468043370484007452, 468043370483980796, 468043370483822615]","[0.8044516444206238, 0.761141300201416, 0.7895371913909912, 0.781050443649292, 0.7809048295021057]",4,"[468043370482882050, 468043370482798824, 468043370482505094, 468043370482469029, 468043370484039019, 468043370482798826, 468043370483522522, 468043370482798824, 468043370482787303, 468043370484026176, 468043370484076596, 468043370483068344, 468043370482999636, 468043370483025392, 468043370482778842, 468043370482799236, 468043370482796084, 468043370483068348, 468043370483012857, 468043370482565027]"
7f88c1d5-fa5c-4502-aa06-9bb265fda88e,Medicine,0.01385498046875,0.01080322265625,0.96875,0.004791259765625,False,A,0.2508111000061035,medmcqa_3,"['STAT', 'STAT', 'TEXT', 'TEXT', 'TEXT']","[468043370482830325, 468043370482989221, 468043370482450112, 468043370482448887, 468043370482462112]","[0.7688413262367249, 0.7507786154747009, 0.8338618278503418, 0.7329673171043396, 0.7291902303695679]",1,"[-1, -1, -1, -1, -1]"
7d6455c7-5b76-4e75-84e6-0e37f920fa5a,Medicine,0.016357421875,0.94921875,0.0223388671875,0.0135498046875,True,B,0.27469873428344727,medmcqa_3,"['PBMD', 'TEXT', 'PBMD', 'TEXT', 'TEXT']","[468043370484120496, 468043370482470048, 468043370483434256, 468043370482414575, 468043370482438995]","[0.780817985534668, 0.7433542609214783, 0.755013108253479, 0.7391777038574219, 0.7429035902023315]",1,"[-1, -1, -1, -1, -1]"
be284b52-a2f5-4b28-8d48-f1101176661f,Medicine,0.03173828125,0.220703125,0.0233154296875,0.72265625,True,D,0.27530407905578613,medmcqa_3,"['TEXT', 'PBMD', 'STAT', 'STAT', 'PBMD']","[468043370482411308, 468043370483326532, 468043370482881837, 468043370482921799, 468043370483231124]","[0.8315796256065369, 0.8333243131637573, 0.8039132356643677, 0.8102861046791077, 0.8394372463226318]",1,"[-1, -1, -1, -1, -1]"
5cd9cad4-7480-47d8-8266-b3a4fc04a9e7,Medicine,0.8515625,0.045166015625,0.025634765625,0.0791015625,True,A,0.2803208827972412,medmcqa_3,"['STAT', 'TEXT', 'TEXT', 'STAT', 'TEXT']","[468043370482533174, 468043370482418578, 468043370482419656, 468043370482932566, 468043370482418204]","[0.7996976375579834, 0.7631986141204834, 0.8081261515617371, 0.797768771648407, 0.7469366788864136]",1,"[-1, -1, -1, -1, -1]"
bbc08675-2e06-4229-aecc-74dbf064a4bd,Medicine,0.0166015625,0.96875,0.015625,0.00093841552734375,True,B,0.35056161880493164,medmcqa_3,"['STAT', 'TEXT', 'PBMD', 'STAT', 'PBMD']","[468043370482887078, 468043370482419922, 468043370483263363, 468043370482944133, 468043370483535857]","[0.7571230530738831, 0.7935916781425476, 0.7791873812675476, 0.8151974081993103, 0.7629439830780029]",1,"[-1, -1, -1, -1, -1]"
94cfe1dc-7810-4c50-af95-87a3c560f6bb,Medicine,0.014892578125,0.98046875,0.00201416015625,0.00147247314453125,True,B,0.27513599395751953,medmcqa_3,"['TEXT', 'STAT', 'PBMD', 'TEXT', 'PBMD']","[468043370482382654, 468043370482865084, 468043370484129653, 468043370482412477, 468043370483373107]","[0.742769718170166, 0.7282187938690186, 0.7611030340194702, 0.7593832612037659, 0.807121217250824]",1,"[-1, -1, -1, -1, -1]"
e7173db8-8f12-46b3-a2e8-86eaa2574855,Medicine,0.1669921875,0.1669921875,0.3125,0.353515625,False,B,9.253065586090088,medmcqa_3,"['PBMD', 'STAT', 'STAT', 'TEXT', 'PBMD']","[468043370484002377, 468043370482867520, 468043370483051923, 468043370482418647, 468043370483369891]","[0.7827427387237549, 0.7477135062217712, 0.753463864326477, 0.7348787784576416, 0.7732541561126709]",4,"[468043370483228579, 468043370483851016, 468043370482418647, 468043370483691221, 468043370482985170, 468043370484086634, 468043370483351574, 468043370482502784, 468043370483500291, 468043370483296511, 468043370483370710, 468043370482897451, 468043370482463908, 468043370482897449, 468043370482565223, 468043370484020395, 468043370482897451, 468043370483851016, 468043370483400264, 468043370484101954]"
9d63d4fc-1da3-43f5-ba51-411f790407f9,Medicine,0.0257568359375,0.0023956298828125,0.003082275390625,0.96875,True,D,0.24379944801330566,medmcqa_3,"['STAT', 'TEXT', 'STAT', 'TEXT', 'STAT']","[468043370483051547, 468043370482382321, 468043370482814030, 468043370482460719, 468043370482875676]","[0.8350284099578857, 0.7932587265968323, 0.7813851833343506, 0.7732296586036682, 0.7827937602996826]",1,"[-1, -1, -1, -1, -1]"
2dfa15d3-3d8e-49ee-841d-4e3a6fbde317,Medicine,0.455078125,0.01214599609375,0.0166015625,0.515625,False,A,8.171425819396973,medmcqa_3,"['STAT', 'STAT', 'TEXT', 'TEXT', 'TEXT']","[468043370482816672, 468043370482898336, 468043370482466233, 468043370482402066, 468043370482460503]","[0.8097925782203674, 0.7915675044059753, 0.7792953252792358, 0.8328098058700562, 0.7811504602432251]",4,"[468043370482949075, 468043370483443875, 468043370482949062, 468043370482382166, 468043370482898336, 468043370483685390, 468043370483720238, 468043370483879204, 468043370482466233, 468043370482949075, 468043370482816672, 468043370482466233, 468043370482949075, 468043370482402064, 468043370483720238, 468043370483685390, 468043370482949062, 468043370482949075, 468043370483443875, 468043370482466233]"
c5033993-1bb5-4691-98c5-757d134b572f,Medicine,0.11572265625,0.80078125,0.04248046875,0.0400390625,True,B,11.100446939468384,medmcqa_3,"['PBMD', 'PBMD', 'TEXT', 'STAT', 'PBMD']","[468043370483538900, 468043370483956502, 468043370482426236, 468043370483012445, 468043370483399714]","[0.8269453048706055, 0.8119223713874817, 0.7563246488571167, 0.7795817255973816, 0.8205662965774536]",4,"[468043370483733873, 468043370483214252, 468043370483358761, 468043370483538900, 468043370483536540, 468043370483399714, 468043370483538900, 468043370483368226, 468043370483536540, 468043370482475350, 468043370483536540, 468043370483874093, 468043370483538900, 468043370483761206, 468043370483290879, 468043370483956502, 468043370483399714, 468043370483214252, 468043370483506288, 468043370483538900]"
ad195e5d-7f52-42cc-a183-b05e3181d0ab,Medicine,0.099609375,0.474609375,0.369140625,0.056640625,True,B,7.473541498184204,medmcqa_3,"['PBMD', 'TEXT', 'TEXT', 'PBMD', 'PBMD']","[468043370483815592, 468043370482369756, 468043370482420231, 468043370483564745, 468043370484117769]","[0.7815122604370117, 0.7599853873252869, 0.7562896609306335, 0.777553141117096, 0.779853880405426]",2,"[468043370483054402, 468043370484119163, 468043370484122382, 468043370483927696, 468043370484055660, 468043370483659957, 468043370482881983, 468043370483676950, 468043370482422045, 468043370482881986]"
b674d02e-af50-4f16-9f81-e3983a854b6a,Medicine,0.09423828125,0.30859375,0.30859375,0.2890625,False,C,9.583104848861694,medmcqa_3,"['TEXT', 'PBMD', 'TEXT', 'PBMD', 'STAT']","[468043370482383364, 468043370483477809, 468043370482457769, 468043370483541219, 468043370482867558]","[0.7756718993186951, 0.7778443098068237, 0.7456614375114441, 0.760108232498169, 0.7660298943519592]",4,"[468043370483461451, 468043370482408729, 468043370483684962, 468043370482461523, 468043370482408754, 468043370482468778, 468043370483286681, 468043370482543742, 468043370482468828, 468043370483345611, 468043370482815886, 468043370483559707, 468043370482457790, 468043370482815888, 468043370482939258, 468043370482508490, 468043370482512005, 468043370482815892, 468043370482457769, 468043370482457756]"
faf1c5f2-3ab2-492c-b58b-1dd81fd5a6d7,Medicine,0.10302734375,0.337890625,0.43359375,0.12451171875,False,D,8.88730525970459,medmcqa_3,"['TEXT', 'PBMD', 'PBMD', 'TEXT', 'STAT']","[468043370482469791, 468043370483777687, 468043370483795206, 468043370482428671, 468043370482821707]","[0.7653099894523621, 0.7606974244117737, 0.7695105671882629, 0.7543217539787292, 0.725134551525116]",4,"[468043370482469791, 468043370482979280, 468043370482469792, 468043370482469793, 468043370482469775, 468043370482469791, 468043370484066664, 468043370483824631, 468043370483765955, 468043370484001261, 468043370482469791, 468043370484027459, 468043370483777687, 468043370482469779, 468043370482878165, 468043370482469791, 468043370484066664, 468043370482863433, 468043370482933357, 468043370482428711]"
07de25a2-48ee-4f13-883f-78f9f34656fc,Medicine,0.04833984375,0.24609375,0.66796875,0.03759765625,True,C,11.277102947235107,medmcqa_3,"['PBMD', 'PBMD', 'STAT', 'STAT', 'TEXT']","[468043370484038973, 468043370483465375, 468043370482852094, 468043370483038955, 468043370482439047]","[0.7676668167114258, 0.7662642598152161, 0.7784469127655029, 0.7517186999320984, 0.7377532720565796]",4,"[468043370483826190, 468043370483365550, 468043370484126002, 468043370484038973, 468043370483267915, 468043370483365548, 468043370483892017, 468043370483529933, 468043370483403227, 468043370484038973, 468043370483776027, 468043370483929566, 468043370483130058, 468043370483352740, 468043370483365548, 468043370483746767, 468043370483892017, 468043370482863377, 468043370483125408, 468043370483352740]"
673a0bbe-b4d8-46bb-83b0-e01658f9f22f,Ophthalmology,0.9765625,0.00897216796875,0.01483154296875,0.0012969970703125,True,A,0.278667688369751,medmcqa_3,"['STAT', 'STAT', 'STAT', 'STAT', 'STAT']","[468043370482902505, 468043370482902503, 468043370483075567, 468043370482902537, 468043370482902535]","[0.7181558012962341, 0.7202239632606506, 0.7420699000358582, 0.7201116681098938, 0.7225320935249329]",1,"[-1, -1, -1, -1, -1]"
2d88e018-637e-47c4-bb63-dd7216c204ae,Ophthalmology,0.9765625,0.020263671875,0.0019989013671875,0.0019989013671875,True,A,0.19779276847839355,medmcqa_3,"['PBMD', 'PBMD', 'STAT', 'PBMD', 'STAT']","[468043370483327769, 468043370483741117, 468043370483007696, 468043370483356278, 468043370482855408]","[0.7523570656776428, 0.7579597234725952, 0.72027987241745, 0.7547756433486938, 0.7161335945129395]",1,"[-1, -1, -1, -1, -1]"
abed431b-5d40-4df7-9f7b-4088185b5728,Ophthalmology,0.83203125,0.0771484375,0.08203125,0.01043701171875,False,B,0.28037238121032715,medmcqa_3,"['PBMD', 'PBMD', 'STAT', 'STAT', 'PBMD']","[468043370483747876, 468043370484029811, 468043370482516407, 468043370482902516, 468043370483978422]","[0.8022991418838501, 0.7679688930511475, 0.7609228491783142, 0.7407759428024292, 0.7653737664222717]",1,"[-1, -1, -1, -1, -1]"
475b9dc7-c23d-4e3f-a3c7-5dc5893a34b1,Ophthalmology,0.024169921875,0.00738525390625,0.96875,0.00099945068359375,True,C,0.2391655445098877,medmcqa_3,"['STAT', 'STAT', 'STAT', 'STAT', 'STAT']","[468043370482538840, 468043370483075567, 468043370482902503, 468043370482902526, 468043370482902537]","[0.76865154504776, 0.7667700052261353, 0.7813476920127869, 0.7734204530715942, 0.7516379356384277]",1,"[-1, -1, -1, -1, -1]"
71803632-1b88-4332-88f5-be3ac2515b85,Ophthalmology,0.61328125,0.05712890625,0.019775390625,0.30859375,False,B,4.646082162857056,medmcqa_3,"['STAT', 'STAT', 'STAT', 'PBMD', 'PBMD']","[468043370482847944, 468043370482847918, 468043370482847946, 468043370484031158, 468043370483843442]","[0.7812721133232117, 0.7980247735977173, 0.8160361051559448, 0.7845406532287598, 0.76871258020401]",2,"[468043370482847918, 468043370482847946, 468043370483223245, 468043370483843442, 468043370482941973, 468043370482847918, 468043370482564958, 468043370483223245, 468043370482847946, 468043370483843442]"
845fbff7-6332-49ce-8ecb-d62616e2ae9a,Ophthalmology,0.126953125,0.6875,0.126953125,0.06005859375,False,C,0.3496127128601074,medmcqa_3,"['STAT', 'PBMD', 'PBMD', 'TEXT', 'PBMD']","[468043370482857784, 468043370483339212, 468043370483341756, 468043370482435281, 468043370483298558]","[0.792166531085968, 0.7913051247596741, 0.7759759426116943, 0.7797569036483765, 0.7913209795951843]",1,"[-1, -1, -1, -1, -1]"
d58a8e4e-0f5e-42bb-8b24-75a882eacfa2,Ophthalmology,0.2119140625,0.396484375,0.349609375,0.041748046875,False,A,8.14294719696045,medmcqa_3,"['STAT', 'STAT', 'STAT', 'STAT', 'STAT']","[468043370483007758, 468043370482540669, 468043370482847920, 468043370482848003, 468043370482928915]","[0.7759361267089844, 0.745809018611908, 0.7470422387123108, 0.747200071811676, 0.747973620891571]",3,"[468043370483731028, 468043370483482932, 468043370483605906, 468043370483059433, 468043370483652731, 468043370483868716, 468043370483811552, 468043370483652731, 468043370483858990, 468043370482848002, 468043370484028295, 468043370483731028, 468043370484000191, 468043370483482932, 468043370482847920]"
c02f03a6-ff92-4236-9883-f9e7bf1e02df,Ophthalmology,0.0732421875,0.78515625,0.087890625,0.053466796875,True,B,8.735111474990845,medmcqa_3,"['STAT', 'STAT', 'STAT', 'TEXT', 'TEXT']","[468043370482559966, 468043370482938588, 468043370482503791, 468043370482381900, 468043370482381899]","[0.7742552757263184, 0.7550068497657776, 0.7545939683914185, 0.7210108041763306, 0.726308286190033]",4,"[468043370483019084, 468043370483019118, 468043370482998291, 468043370482865641, 468043370484005800, 468043370483024999, 468043370483026316, 468043370482965992, 468043370482563538, 468043370482911859, 468043370483843910, 468043370483089002, 468043370483404714, 468043370483232710, 468043370483600108, 468043370483374564, 468043370483410290, 468043370482820773, 468043370482944705, 468043370483470261]"
1230c97d-c9b4-4b1d-8ced-986a8031ac45,Ophthalmology,0.099609375,0.39453125,0.39453125,0.11279296875,True,B,7.525934457778931,medmcqa_3,"['PBMD', 'PBMD', 'STAT', 'PBMD', 'STAT']","[468043370484061012, 468043370483555957, 468043370482958151, 468043370483825705, 468043370483011160]","[0.7209470272064209, 0.7588609457015991, 0.7237591743469238, 0.744515597820282, 0.715732216835022]",4,"[468043370484061012, 468043370483555957, 468043370483825705, 468043370483568790, 468043370483361948, 468043370482464598, 468043370482933200, 468043370482507956, 468043370482403146, 468043370484061012, 468043370483825705, 468043370483404148, 468043370482855399, 468043370482958151, 468043370482855381, 468043370482795494, 468043370484002658, 468043370482958151, 468043370482435280, 468043370483047987]"
3f6665ca-6b69-4345-88c2-72c2befd4d18,Ophthalmology,0.8046875,0.0546875,0.05126953125,0.09033203125,True,A,0.24873065948486328,medmcqa_3,"['STAT', 'TEXT', 'STAT', 'TEXT', 'TEXT']","[468043370482562118, 468043370482371430, 468043370482512869, 468043370482371432, 468043370482435506]","[0.7389134168624878, 0.7264165878295898, 0.7468876838684082, 0.7228096127510071, 0.7162005305290222]",1,"[-1, -1, -1, -1, -1]"
8bc0a153-89f2-4bef-869e-ae471503d279,Ophthalmology,0.240234375,0.328125,0.0830078125,0.349609375,False,C,8.06939697265625,medmcqa_3,"['PBMD', 'STAT', 'PBMD', 'TEXT', 'TEXT']","[468043370484055854, 468043370482528579, 468043370483279375, 468043370482401538, 468043370482372051]","[0.7322709560394287, 0.7266807556152344, 0.7482887506484985, 0.7118437886238098, 0.7487137913703918]",4,"[468043370484083542, 468043370482927465, 468043370483067664, 468043370482432919, 468043370483067661, 468043370483429515, 468043370483562594, 468043370483065499, 468043370483420390, 468043370483049262, 468043370482868227, 468043370483065476, 468043370482795463, 468043370484046471, 468043370483065483, 468043370483330605, 468043370483870072, 468043370483513848, 468043370483273533, 468043370482434144]"
aadafd4c-cb37-460b-8e6f-28f42d01dd60,Ophthalmology,0.025390625,0.0223388671875,0.953125,0.000766754150390625,True,C,0.25110769271850586,medmcqa_3,"['STAT', 'PBMD', 'STAT', 'TEXT', 'TEXT']","[468043370482908933, 468043370483497318, 468043370482908959, 468043370482435653, 468043370482403003]","[0.7480690479278564, 0.7613320350646973, 0.7813980579376221, 0.7583474516868591, 0.7920194268226624]",1,"[-1, -1, -1, -1, -1]"
b9cbbe45-fa4a-4a54-b4f3-143039171071,Ophthalmology,0.03662109375,0.1748046875,0.0038604736328125,0.78515625,True,D,5.16654634475708,medmcqa_3,"['STAT', 'PBMD', 'PBMD', 'PBMD', 'PBMD']","[468043370483050124, 468043370483985528, 468043370483951902, 468043370483955451, 468043370483970950]","[0.7953409552574158, 0.8231306076049805, 0.7874884605407715, 0.7987387180328369, 0.7919987440109253]",2,"[468043370483965065, 468043370483705668, 468043370482393836, 468043370483951902, 468043370483976269, 468043370483050124, 468043370483727445, 468043370482555508, 468043370483985528, 468043370482992913]"
bee78f93-a09e-491f-856e-846b81e4aa5c,Ophthalmology,0.01904296875,0.9765625,0.0012969970703125,0.0012969970703125,True,B,0.30408596992492676,medmcqa_3,"['STAT', 'STAT', 'STAT', 'STAT', 'PBMD']","[468043370483025628, 468043370482520885, 468043370482897606, 468043370482497205, 468043370483733853]","[0.7171888947486877, 0.713344931602478, 0.7363151907920837, 0.7215051651000977, 0.7490476369857788]",1,"[-1, -1, -1, -1, -1]"
eaa33fd8-64a3-47a0-b13c-2b49a1f0e37f,Ophthalmology,0.98828125,0.005523681640625,0.003570556640625,0.00109100341796875,True,A,0.2757589817047119,medmcqa_3,"['STAT', 'STAT', 'STAT', 'PBMD', 'PBMD']","[468043370482781016, 468043370482999209, 468043370482962323, 468043370484031326, 468043370484055826]","[0.7999851703643799, 0.7693061828613281, 0.7734358310699463, 0.751878559589386, 0.7555100917816162]",1,"[-1, -1, -1, -1, -1]"
a1f7c34e-e009-4447-b459-3fe798b4bbc1,Ophthalmology,0.1572265625,0.083984375,0.33203125,0.42578125,False,B,6.669525384902954,medmcqa_3,"['STAT', 'TEXT', 'STAT', 'STAT', 'TEXT']","[468043370483037979, 468043370482435523, 468043370483037999, 468043370483003299, 468043370482435525]","[0.7723110914230347, 0.7763969898223877, 0.8226478099822998, 0.7988432049751282, 0.7873991131782532]",3,"[468043370483037979, 468043370482435524, 468043370482440424, 468043370483870068, 468043370483820739, 468043370482541894, 468043370483037999, 468043370483069926, 468043370483640983, 468043370483336697, 468043370483223832, 468043370483037999, 468043370483037973, 468043370483336697, 468043370482843313]"
292a6244-9c88-4a6a-9c32-ab38524e588f,Ophthalmology,0.2255859375,0.17578125,0.478515625,0.12060546875,True,C,9.29841136932373,medmcqa_3,"['STAT', 'TEXT', 'TEXT', 'PBMD', 'TEXT']","[468043370482958150, 468043370482464598, 468043370482435280, 468043370483568790, 468043370482403146]","[0.7399441003799438, 0.718846321105957, 0.7317854166030884, 0.7628267407417297, 0.7163128852844238]",4,"[468043370482464598, 468043370483568790, 468043370483317596, 468043370482403147, 468043370482403146, 468043370482958151, 468043370482403147, 468043370482958150, 468043370482464598, 468043370483470490, 468043370483825705, 468043370482958150, 468043370482403147, 468043370483568790, 468043370483317596, 468043370482403147, 468043370483825705, 468043370482958150, 468043370483568790, 468043370482464598]"
cc0d09f8-564d-4fe5-8b22-4b7d3e4ed586,Ophthalmology,0.1298828125,0.79296875,0.0419921875,0.034912109375,False,D,22.000532150268555,medmcqa_3,"['PBMD', 'STAT', 'STAT', 'STAT', 'PBMD']","[468043370483154802, 468043370482513496, 468043370482513491, 468043370483062119, 468043370483936638]","[0.7604948878288269, 0.7618499994277954, 0.7646080255508423, 0.7598960399627686, 0.7593425512313843]",4,"[468043370483303292, 468043370483741598, 468043370483310319, 468043370482450102, 468043370484004459, 468043370482957544, 468043370482883179, 468043370482957539, 468043370483746793, 468043370482862140, 468043370483159294, 468043370483667790, 468043370483936638, 468043370483300980, 468043370483876904, 468043370482942011, 468043370482942003, 468043370483666498, 468043370483667790, 468043370482948519]"
97ea4638-c71a-428b-b839-7638bdd467ab,Pharmacology,0.29296875,0.3125,0.376953125,0.017578125,False,A,9.61269497871399,medmcqa_3,"['PBMD', 'PBMD', 'PBMD', 'PBMD', 'PBMD']","[468043370483314587, 468043370483719409, 468043370483098316, 468043370483620092, 468043370483620674]","[0.7202988862991333, 0.7194598317146301, 0.7236018180847168, 0.7162693738937378, 0.7180970907211304]",4,"[468043370482564864, 468043370482820628, 468043370483067869, 468043370482410659, 468043370483314587, 468043370483822949, 468043370483274640, 468043370483752447, 468043370483369349, 468043370482944044, 468043370483283589, 468043370482472345, 468043370483633888, 468043370482792724, 468043370483131860, 468043370482472345, 468043370483067820, 468043370482472346, 468043370483886853, 468043370482472318]"
9013e6c6-35da-4df1-a83a-a907ae206135,Pharmacology,0.9453125,0.03662109375,0.01348876953125,0.00341796875,True,A,0.23798608779907227,medmcqa_3,"['TEXT', 'STAT', 'PBMD', 'STAT', 'STAT']","[468043370482410123, 468043370482881996, 468043370483431188, 468043370482548825, 468043370483060581]","[0.7226852774620056, 0.7055420279502869, 0.7459943294525146, 0.7245609760284424, 0.7061609625816345]",1,"[-1, -1, -1, -1, -1]"
28b7a6ea-c657-4da7-81dc-88457a064655,Pharmacology,0.93359375,0.0281982421875,0.02490234375,0.01177978515625,True,A,0.24726557731628418,medmcqa_3,"['STAT', 'TEXT', 'TEXT', 'STAT', 'STAT']","[468043370483052347, 468043370482429405, 468043370482470018, 468043370482913362, 468043370482514582]","[0.7709697484970093, 0.7461488246917725, 0.7410575747489929, 0.7468867897987366, 0.7527055144309998]",1,"[-1, -1, -1, -1, -1]"
6d426ea7-e119-4b5f-be99-1e36084c332c,Pharmacology,0.55859375,0.2333984375,0.09130859375,0.1171875,False,D,9.597745180130005,medmcqa_3,"['STAT', 'PBMD', 'PBMD', 'STAT', 'PBMD']","[468043370482778145, 468043370483333977, 468043370483353719, 468043370482778146, 468043370483953501]","[0.7404181361198425, 0.7519542574882507, 0.7331452965736389, 0.717992901802063, 0.7079325318336487]",4,"[468043370482481803, 468043370482778145, 468043370483333977, 468043370484002343, 468043370482778146, 468043370482481803, 468043370482778145, 468043370482481709, 468043370484101444, 468043370484002343, 468043370482778145, 468043370482481709, 468043370482778146, 468043370482481803, 468043370484002343, 468043370482481709, 468043370482778145, 468043370482410029, 468043370484002343, 468043370482929627]"
5ec6e275-1772-4d73-8776-77b38eb82ef2,Pharmacology,0.96875,0.0228271484375,0.002410888671875,0.004486083984375,True,A,0.2744009494781494,medmcqa_3,"['TEXT', 'TEXT', 'STAT', 'PBMD', 'PBMD']","[468043370482417037, 468043370482417089, 468043370482776797, 468043370483940255, 468043370483740203]","[0.7524582147598267, 0.750856339931488, 0.7338817119598389, 0.7646570205688477, 0.779351532459259]",1,"[-1, -1, -1, -1, -1]"
eb2cf703-b3b6-492b-b8db-9ed90e16beea,Pharmacology,0.024169921875,0.005767822265625,0.96875,0.00225830078125,True,C,0.27822089195251465,medmcqa_3,"['TEXT', 'TEXT', 'STAT', 'PBMD', 'PBMD']","[468043370482469876, 468043370482384406, 468043370482869769, 468043370483429751, 468043370483734563]","[0.74049973487854, 0.7704323530197144, 0.7383442521095276, 0.807307243347168, 0.7594919800758362]",1,"[-1, -1, -1, -1, -1]"
9a901f04-8eb8-4e4f-a332-14cf2a3c70a3,Pharmacology,0.0751953125,0.859375,0.0517578125,0.01226806640625,True,B,5.506233215332031,medmcqa_3,"['PBMD', 'PBMD', 'PBMD', 'PBMD', 'TEXT']","[468043370483126731, 468043370483225783, 468043370483255992, 468043370483136539, 468043370482470079]","[0.8174622058868408, 0.8233163356781006, 0.8371908664703369, 0.8319878578186035, 0.7728940844535828]",2,"[468043370483136539, 468043370482561794, 468043370482868883, 468043370483229331, 468043370482470752, 468043370483136539, 468043370483126731, 468043370483036354, 468043370482470079, 468043370483255992]"
7a3a771f-2b56-4af8-b967-3c991b394bc6,Pharmacology,0.0390625,0.8359375,0.07763671875,0.047119140625,True,B,10.663754940032959,medmcqa_3,"['TEXT', 'TEXT', 'STAT', 'TEXT', 'TEXT']","[468043370482387165, 468043370482389869, 468043370483046383, 468043370482410145, 468043370482468856]","[0.8619005680084229, 0.8448173999786377, 0.8287267088890076, 0.8485175967216492, 0.8178085088729858]",4,"[468043370482410145, 468043370482387165, 468043370483928786, 468043370482389869, 468043370484085137, 468043370482410145, 468043370482387165, 468043370482389869, 468043370483921436, 468043370483046383, 468043370482508215, 468043370483687510, 468043370483833911, 468043370483635361, 468043370483932069, 468043370483046383, 468043370482387165, 468043370482389869, 468043370483673615, 468043370483921436]"
928c6efd-d481-4323-83f0-721dae436451,Pharmacology,0.95703125,0.013671875,0.01544189453125,0.0145263671875,True,A,0.27675390243530273,medmcqa_3,"['STAT', 'STAT', 'TEXT', 'STAT', 'PBMD']","[468043370482813013, 468043370482813001, 468043370482445218, 468043370482926181, 468043370483388527]","[0.7236904501914978, 0.7269387245178223, 0.741080641746521, 0.7196436524391174, 0.7239962816238403]",1,"[-1, -1, -1, -1, -1]"
1869d0ec-8ec2-4de2-8a71-f30ed89f6c8e,Pharmacology,1.0,0.00020313262939453125,0.000148773193359375,3.123283386230469e-05,True,A,0.17055821418762207,medmcqa_3,"['STAT', 'STAT', 'STAT', 'STAT', 'TEXT']","[468043370482552205, 468043370482552201, 468043370482546316, 468043370482546320, 468043370482467414]","[0.7571865916252136, 0.8074513673782349, 0.7700369954109192, 0.7612436413764954, 0.7921342253684998]",1,"[-1, -1, -1, -1, -1]"
14c74c4d-d6c1-4ced-98b5-4fe778d28836,Pharmacology,0.0306396484375,0.953125,0.0050048828125,0.00994873046875,True,B,0.25123095512390137,medmcqa_3,"['TEXT', 'STAT', 'TEXT', 'PBMD', 'TEXT']","[468043370482374144, 468043370483063920, 468043370482442589, 468043370483263091, 468043370482461960]","[0.7606348395347595, 0.7489633560180664, 0.7417135238647461, 0.7550817728042603, 0.7484341859817505]",1,"[-1, -1, -1, -1, -1]"
e1e575e9-3c85-4c16-86ad-29f6ea41c627,Pharmacology,0.44140625,0.1728515625,0.302734375,0.08154296875,False,C,9.751781940460205,medmcqa_3,"['STAT', 'STAT', 'PBMD', 'TEXT', 'PBMD']","[468043370482522789, 468043370482544348, 468043370483751184, 468043370482414299, 468043370483889604]","[0.7234827280044556, 0.7459894418716431, 0.7493031024932861, 0.7483531832695007, 0.7572956681251526]",4,"[468043370482544348, 468043370482414300, 468043370482414299, 468043370483655816, 468043370483237383, 468043370483889604, 468043370482544348, 468043370484048351, 468043370483655816, 468043370483782056, 468043370483889604, 468043370483782056, 468043370483827402, 468043370483782057, 468043370482414303, 468043370483889604, 468043370482544348, 468043370483862100, 468043370483782057, 468043370483782056]"
17ca6005-346f-4f14-b1a3-430d3667d7f0,Pharmacology,0.1455078125,0.0732421875,0.65234375,0.12890625,True,C,0.3494696617126465,medmcqa_3,"['PBMD', 'PBMD', 'PBMD', 'STAT', 'TEXT']","[468043370483943299, 468043370483970250, 468043370484116363, 468043370483014563, 468043370482466080]","[0.7987090349197388, 0.7762964367866516, 0.7710946798324585, 0.769587516784668, 0.7349945902824402]",1,"[-1, -1, -1, -1, -1]"
f94eef30-d8f9-4d40-866e-a89c7fbb7c7f,Pharmacology,0.004302978515625,0.9921875,0.0016937255859375,0.0016937255859375,False,C,0.19819426536560059,medmcqa_3,"['TEXT', 'STAT', 'TEXT', 'STAT', 'STAT']","[468043370482470744, 468043370482857580, 468043370482422483, 468043370482800425, 468043370482832257]","[0.7935963869094849, 0.7727749347686768, 0.8076627850532532, 0.7973724603652954, 0.784424364566803]",1,"[-1, -1, -1, -1, -1]"
2880abd7-1ec6-4456-823e-e5d00159dfec,Pharmacology,0.98046875,0.009033203125,0.00848388671875,0.000789642333984375,True,A,0.23134779930114746,medmcqa_3,"['STAT', 'STAT', 'STAT', 'STAT', 'PBMD']","[468043370482495406, 468043370482878775, 468043370483078511, 468043370482775844, 468043370483686047]","[0.8042387366294861, 0.77210932970047, 0.7666274905204773, 0.7921653985977173, 0.7777852416038513]",1,"[-1, -1, -1, -1, -1]"
5891372b-60e8-4a7c-b773-48598b2712e3,Pharmacology,0.05859375,0.86328125,0.0079345703125,0.07080078125,False,D,5.223933458328247,medmcqa_3,"['STAT', 'STAT', 'TEXT', 'STAT', 'STAT']","[468043370482949806, 468043370483055361, 468043370482427587, 468043370482869845, 468043370483014680]","[0.854010820388794, 0.8143868446350098, 0.7879911065101624, 0.7921477556228638, 0.8111857771873474]",2,"[468043370482941913, 468043370482941911, 468043370482931818, 468043370482857596, 468043370482405009, 468043370482869845, 468043370484000889, 468043370483055361, 468043370483494454, 468043370482949806]"
b1cb5022-7ebd-41b5-808c-c969958bfb62,Pharmacology,0.1796875,0.051513671875,0.7578125,0.01220703125,False,A,0.20149922370910645,medmcqa_3,"['STAT', 'PBMD', 'STAT', 'STAT', 'TEXT']","[468043370482987082, 468043370483319675, 468043370482986029, 468043370482967105, 468043370482472130]","[0.737135648727417, 0.715422511100769, 0.7191709280014038, 0.708476722240448, 0.6917533874511719]",1,"[-1, -1, -1, -1, -1]"
82356aae-5bd4-4503-acab-5f70c0db6bee,Pharmacology,0.03076171875,0.05419921875,0.0145263671875,0.90234375,True,D,8.339947938919067,medmcqa_3,"['STAT', 'STAT', 'TEXT', 'STAT', 'TEXT']","[468043370483042664, 468043370483042674, 468043370482436108, 468043370483035761, 468043370482436092]","[0.8191313743591309, 0.848945140838623, 0.7384171485900879, 0.7841679453849792, 0.7598082423210144]",3,"[468043370483042664, 468043370483042674, 468043370483561245, 468043370482467604, 468043370483042665, 468043370483042665, 468043370483042664, 468043370483042674, 468043370482436108, 468043370483539022, 468043370483042664, 468043370483042674, 468043370482436108, 468043370482808239, 468043370482467582]"
72df8357-4e51-45f7-ae9d-669a9bfe9efc,Pharmacology,0.0242919921875,0.9140625,0.03759765625,0.0242919921875,True,B,0.3475329875946045,medmcqa_3,"['PBMD', 'PBMD', 'PBMD', 'TEXT', 'PBMD']","[468043370483354846, 468043370483976510, 468043370483283447, 468043370482466506, 468043370483668818]","[0.8186221718788147, 0.8427673578262329, 0.8262403607368469, 0.7735167145729065, 0.8121823668479919]",1,"[-1, -1, -1, -1, -1]"
f588af9c-fc27-43ff-a9f6-2cd26f075654,Pharmacology,0.03662109375,0.017333984375,0.9453125,0.0024871826171875,True,C,0.28060150146484375,medmcqa_3,"['PBMD', 'STAT', 'STAT', 'PBMD', 'STAT']","[468043370483831547, 468043370482780561, 468043370482780565, 468043370483943335, 468043370482499078]","[0.7985209226608276, 0.7717264890670776, 0.7542681694030762, 0.7846707701683044, 0.7393112778663635]",1,"[-1, -1, -1, -1, -1]"
6a906cd3-6215-401c-80c5-c239ce10f06e,Surgery,0.030029296875,0.0281982421875,0.93359375,0.0067138671875,True,C,0.2417457103729248,medmcqa_3,"['TEXT', 'TEXT', 'STAT', 'STAT', 'TEXT']","[468043370482384424, 468043370482427566, 468043370482949788, 468043370483014689, 468043370482459520]","[0.7824867963790894, 0.7798205614089966, 0.790810227394104, 0.7814876437187195, 0.7613616585731506]",1,"[-1, -1, -1, -1, -1]"
16380c80-a853-44da-b7a8-e9a8e8aaab67,Surgery,0.0595703125,0.0035858154296875,0.0033721923828125,0.93359375,True,D,0.24677348136901855,medmcqa_3,"['STAT', 'STAT', 'STAT', 'PBMD', 'TEXT']","[468043370482824594, 468043370482824623, 468043370482824605, 468043370484117511, 468043370482440529]","[0.759705662727356, 0.7532187700271606, 0.7420706748962402, 0.7409794926643372, 0.7451024651527405]",1,"[-1, -1, -1, -1, -1]"
f860085a-f00e-4031-9d00-0bb4879c3023,Surgery,0.10400390625,0.08642578125,0.72265625,0.08642578125,False,B,0.2415611743927002,medmcqa_3,"['STAT', 'STAT', 'PBMD', 'STAT', 'PBMD']","[468043370482812648, 468043370482835950, 468043370483611447, 468043370482500489, 468043370483466857]","[0.7604131102561951, 0.7579706311225891, 0.7697507739067078, 0.7706908583641052, 0.7742621898651123]",1,"[-1, -1, -1, -1, -1]"
69bd9d80-fa4f-45f8-963d-aaef80a18d46,Surgery,0.0986328125,0.06396484375,0.06005859375,0.77734375,True,D,0.24507617950439453,medmcqa_3,"['TEXT', 'STAT', 'STAT', 'TEXT', 'STAT']","[468043370482449600, 468043370482830325, 468043370482830324, 468043370482449598, 468043370482830327]","[0.7997701168060303, 0.7781023979187012, 0.7910841703414917, 0.753410816192627, 0.7348432540893555]",1,"[-1, -1, -1, -1, -1]"
4720c165-03b3-4a1a-9e51-1f36c0bcd1be,Surgery,0.03369140625,0.0169677734375,0.92578125,0.0218505859375,True,C,0.345630407333374,medmcqa_3,"['STAT', 'TEXT', 'TEXT', 'PBMD', 'TEXT']","[468043370482552903, 468043370482424829, 468043370482453457, 468043370483697392, 468043370482423107]","[0.7799087762832642, 0.8036895990371704, 0.8004875183105469, 0.7750099301338196, 0.7730739116668701]",1,"[-1, -1, -1, -1, -1]"
fab914c7-2813-4300-bddb-e6815e4e6597,Surgery,0.0185546875,0.0211181640625,0.953125,0.00604248046875,True,C,0.34561872482299805,medmcqa_3,"['STAT', 'TEXT', 'STAT', 'STAT', 'PBMD']","[468043370482930833, 468043370482431599, 468043370482825002, 468043370483036895, 468043370484108993]","[0.7536109089851379, 0.7505269646644592, 0.7467607259750366, 0.7926510572433472, 0.7878317832946777]",1,"[-1, -1, -1, -1, -1]"
60646c53-a9be-48d4-a895-551f31fd3faa,Surgery,0.97265625,0.007415771484375,0.0045166015625,0.0157470703125,True,A,0.2014017105102539,medmcqa_3,"['STAT', 'STAT', 'TEXT', 'PBMD', 'TEXT']","[468043370482827541, 468043370483024823, 468043370482464961, 468043370484077211, 468043370482464962]","[0.7510360479354858, 0.7235192060470581, 0.7212510704994202, 0.7523271441459656, 0.7017595171928406]",1,"[-1, -1, -1, -1, -1]"
3cf1de31-2703-4ff6-8091-3992a27a7987,Surgery,0.3359375,0.279296875,0.24609375,0.1396484375,False,B,5.83829402923584,medmcqa_3,"['TEXT', 'STAT', 'PBMD', 'PBMD', 'STAT']","[468043370482387544, 468043370482863914, 468043370483485701, 468043370483209994, 468043370482937269]","[0.6517655849456787, 0.6543775200843811, 0.7005898952484131, 0.6930112838745117, 0.6420716643333435]",3,"[468043370483705614, 468043370483554676, 468043370483215555, 468043370484058462, 468043370483218771, 468043370483485701, 468043370484059894, 468043370482394020, 468043370482394016, 468043370482980799, 468043370483554676, 468043370483209994, 468043370483485701, 468043370484058462, 468043370482778511]"
28709e53-cbb8-48d9-aa3e-44aaa7037257,Surgery,0.0556640625,0.0712890625,0.1513671875,0.72265625,False,C,8.86435055732727,medmcqa_3,"['PBMD', 'PBMD', 'PBMD', 'PBMD', 'PBMD']","[468043370483952545, 468043370483354358, 468043370483520498, 468043370484053852, 468043370483638282]","[0.731097936630249, 0.7677952647209167, 0.7390316128730774, 0.7442345023155212, 0.7314251065254211]",4,"[468043370483763777, 468043370484108401, 468043370483343229, 468043370483895638, 468043370483459601, 468043370483763777, 468043370484108401, 468043370483566950, 468043370482486866, 468043370483895638, 468043370483763777, 468043370483343229, 468043370484108401, 468043370483066973, 468043370483412400, 468043370483763777, 468043370483343229, 468043370483459601, 468043370483895638, 468043370483412400]"
1f9b0ca2-f75c-4189-884c-ac150dafc155,Surgery,0.0252685546875,0.94921875,0.004974365234375,0.019775390625,True,B,0.2195582389831543,medmcqa_3,"['STAT', 'STAT', 'STAT', 'STAT', 'STAT']","[468043370482533226, 468043370482895435, 468043370482964119, 468043370482533230, 468043370482895437]","[0.8227043747901917, 0.7929408550262451, 0.7534193992614746, 0.7422810792922974, 0.7421885132789612]",1,"[-1, -1, -1, -1, -1]"
b9ad0558-8257-4446-bcae-f264097ab0a5,Surgery,0.2373046875,0.390625,0.046630859375,0.32421875,False,D,9.504239797592163,medmcqa_3,"['PBMD', 'PBMD', 'PBMD', 'PBMD', 'STAT']","[468043370483862585, 468043370483388349, 468043370483739365, 468043370484013309, 468043370483037444]","[0.7670159339904785, 0.7553234696388245, 0.7500841021537781, 0.7496835589408875, 0.753868818283081]",4,"[468043370482953234, 468043370483458736, 468043370483058514, 468043370482383294, 468043370482905154, 468043370484055952, 468043370483731609, 468043370482481919, 468043370482955676, 468043370482482013, 468043370483650769, 468043370482838700, 468043370482513343, 468043370483067082, 468043370482838701, 468043370482502216, 468043370482803884, 468043370482502209, 468043370482502230, 468043370482780624]"
c6a12e46-d354-43bf-9230-6fe2fb96feab,Surgery,0.0556640625,0.01409912109375,0.92578125,0.0035552978515625,True,C,0.2867586612701416,medmcqa_3,"['TEXT', 'PBMD', 'STAT', 'PBMD', 'STAT']","[468043370482467889, 468043370483759900, 468043370483036843, 468043370483372040, 468043370483014203]","[0.7557663321495056, 0.7934343814849854, 0.7398034930229187, 0.7616912126541138, 0.7529440522193909]",1,"[-1, -1, -1, -1, -1]"
7ac6c505-a563-4d72-a4c7-8c9681df35b0,Surgery,0.79296875,0.15625,0.0224609375,0.0289306640625,True,A,3.774528980255127,medmcqa_3,"['STAT', 'TEXT', 'TEXT', 'TEXT', 'STAT']","[468043370483047649, 468043370482393928, 468043370482393924, 468043370482461730, 468043370482979548]","[0.7310599088668823, 0.7300146222114563, 0.7083817720413208, 0.7026735544204712, 0.7177929282188416]",2,"[468043370483047658, 468043370483047675, 468043370483047659, 468043370483047663, 468043370483047649, 468043370482847519, 468043370483047661, 468043370483047647, 468043370482887710, 468043370482456957]"
a3912f88-1e01-46ed-9f13-544c1a36fbb5,Surgery,0.12353515625,0.004486083984375,0.0147705078125,0.85546875,True,D,0.19308686256408691,medmcqa_3,"['TEXT', 'PBMD', 'PBMD', 'STAT', 'STAT']","[468043370482386146, 468043370483210868, 468043370483219796, 468043370482517157, 468043370482517106]","[0.6835445165634155, 0.7640185952186584, 0.768113374710083, 0.7607404589653015, 0.7518482208251953]",1,"[-1, -1, -1, -1, -1]"
ebf3275d-4106-4b36-8d92-7d28f52f3576,Surgery,0.953125,0.02099609375,0.0238037109375,0.0023651123046875,True,A,0.20239496231079102,medmcqa_3,"['STAT', 'TEXT', 'PBMD', 'STAT', 'STAT']","[468043370483012447, 468043370482463552, 468043370484067137, 468043370482857655, 468043370482892972]","[0.7511870265007019, 0.7506171464920044, 0.7707852125167847, 0.7486497163772583, 0.740853488445282]",1,"[-1, -1, -1, -1, -1]"
825c94ac-5f3a-4ea3-a8dd-02f5ae83f7a3,Surgery,0.0966796875,0.298828125,0.55859375,0.048583984375,True,C,4.178544998168945,medmcqa_3,"['PBMD', 'PBMD', 'PBMD', 'PBMD', 'PBMD']","[468043370483476069, 468043370483617905, 468043370483539743, 468043370483802459, 468043370483572479]","[0.8222300410270691, 0.7766897678375244, 0.7665483951568604, 0.7664223313331604, 0.7748740911483765]",2,"[468043370483572480, 468043370482806330, 468043370483011230, 468043370483238875, 468043370482806359, 468043370483303846, 468043370483476069, 468043370482806330, 468043370482391967, 468043370483572479]"
5dd3fc6a-7e12-4899-a250-102f79d9a7fd,Surgery,0.01165771484375,0.98828125,0.000659942626953125,0.000331878662109375,True,B,0.18945956230163574,medmcqa_3,"['STAT', 'TEXT', 'TEXT', 'STAT', 'STAT']","[468043370482808854, 468043370482407948, 468043370482459747, 468043370482518451, 468043370482808844]","[0.8352193832397461, 0.7985869646072388, 0.7976748943328857, 0.8329360485076904, 0.8205201625823975]",1,"[-1, -1, -1, -1, -1]"
2bbccb20-80ef-4575-9a4f-ff88b33d34ff,Surgery,0.10400390625,0.05224609375,0.81640625,0.0262451171875,False,A,0.2677879333496094,medmcqa_3,"['STAT', 'TEXT', 'STAT', 'STAT', 'TEXT']","[468043370482997509, 468043370482492198, 468043370482997517, 468043370482772344, 468043370482491656]","[0.7872540950775146, 0.8066970705986023, 0.7804744839668274, 0.7795042991638184, 0.7976008653640747]",1,"[-1, -1, -1, -1, -1]"
4cd9cf13-3bf7-438a-ae19-02288af1e943,Surgery,0.31640625,0.31640625,0.2177734375,0.1494140625,True,A,11.304121971130371,medmcqa_3,"['STAT', 'TEXT', 'TEXT', 'TEXT', 'TEXT']","[468043370483049461, 468043370482481925, 468043370482481722, 468043370482421658, 468043370482492179]","[0.7619002461433411, 0.7587342858314514, 0.7466501593589783, 0.7625922560691833, 0.7498198747634888]",4,"[468043370482942600, 468043370484007599, 468043370482421658, 468043370483541632, 468043370483024668, 468043370484007599, 468043370482481925, 468043370482922070, 468043370482421658, 468043370482823706, 468043370482482319, 468043370484007599, 468043370482481925, 468043370482421658, 468043370482975869, 468043370484047939, 468043370483097820, 468043370482481722, 468043370483363874, 468043370483963202]"
40fa7aa0-6036-426b-b694-5ff4a82b6dc7,Surgery,0.953125,0.015380859375,0.0238037109375,0.0087890625,False,C,0.23142194747924805,medmcqa_3,"['PBMD', 'STAT', 'TEXT', 'PBMD', 'STAT']","[468043370483485083, 468043370483075525, 468043370482485198, 468043370483487160, 468043370482917401]","[0.739898681640625, 0.7185621857643127, 0.7348776459693909, 0.7416418790817261, 0.7296313047409058]",1,"[-1, -1, -1, -1, -1]"
b90144a7-74cd-40fc-9634-b3a00530cb0c,Anatomy,0.07470703125,0.01214599609375,0.90625,0.0057373046875,True,C,0.2509572505950928,medmcqa_3,"['TEXT', 'TEXT', 'TEXT', 'STAT', 'TEXT']","[468043370482393706, 468043370482393701, 468043370482393687, 468043370482904960, 468043370482393773]","[0.7556519508361816, 0.7990554571151733, 0.7449103593826294, 0.763468861579895, 0.7665036916732788]",1,"[-1, -1, -1, -1, -1]"
067ce5ef-1dae-4f0a-8a61-bcd7750dd379,Anatomy,0.10986328125,0.11669921875,0.0115966796875,0.76171875,True,D,0.24263405799865723,medmcqa_3,"['PBMD', 'STAT', 'STAT', 'STAT', 'STAT']","[468043370484007397, 468043370482891467, 468043370483025164, 468043370482935750, 468043370482898401]","[0.7577027082443237, 0.7300792932510376, 0.7297248840332031, 0.7042316794395447, 0.7229524850845337]",1,"[-1, -1, -1, -1, -1]"
dd531b88-f112-40c4-beef-e736469cdd91,Anatomy,0.06201171875,0.07470703125,0.8046875,0.058349609375,True,C,0.24040675163269043,medmcqa_3,"['STAT', 'STAT', 'TEXT', 'STAT', 'STAT']","[468043370483049008, 468043370483049021, 468043370482369277, 468043370483049007, 468043370483049009]","[0.762613832950592, 0.7706154584884644, 0.7366026639938354, 0.7374162673950195, 0.7360252737998962]",1,"[-1, -1, -1, -1, -1]"
4f5ef465-6d08-454f-aa5c-53fc1eecb0ae,Anatomy,0.057861328125,0.84765625,0.03515625,0.057861328125,True,B,0.20451879501342773,medmcqa_3,"['STAT', 'STAT', 'STAT', 'STAT', 'STAT']","[468043370483030187, 468043370482950268, 468043370482993717, 468043370482856155, 468043370482887938]","[0.8039901256561279, 0.8110953569412231, 0.7928823232650757, 0.7921462655067444, 0.7897851467132568]",1,"[-1, -1, -1, -1, -1]"
69b175c2-2d26-406c-bba9-54a26eeb2cbd,Anatomy,0.142578125,0.283203125,0.01324462890625,0.5625,True,D,9.503478765487671,medmcqa_3,"['STAT', 'TEXT', 'STAT', 'TEXT', 'TEXT']","[468043370482831058, 468043370482392679, 468043370482831057, 468043370482392434, 468043370482369240]","[0.720471978187561, 0.723578929901123, 0.7617205381393433, 0.7468414306640625, 0.7374287843704224]",4,"[468043370483356343, 468043370483367191, 468043370483210714, 468043370483426556, 468043370482988091, 468043370483209950, 468043370483402910, 468043370482932460, 468043370482849922, 468043370483365470, 468043370482797428, 468043370483709179, 468043370482831063, 468043370482831064, 468043370482831062, 468043370482565393, 468043370483146266, 468043370483924985, 468043370482565377, 468043370482905635]"
292be6a1-f5da-4d67-8ae1-ae4d05a5f4a4,Anatomy,0.0732421875,0.05712890625,0.7421875,0.12890625,False,D,0.248887300491333,medmcqa_3,"['PBMD', 'TEXT', 'STAT', 'STAT', 'STAT']","[468043370483200731, 468043370482394109, 468043370482983424, 468043370482942047, 468043370482802628]","[0.7673767805099487, 0.7026654481887817, 0.7353888154029846, 0.7567075490951538, 0.7348230481147766]",1,"[-1, -1, -1, -1, -1]"
ae005492-038e-49ae-a154-609fc852b6f0,Anatomy,0.87109375,0.059326171875,0.05224609375,0.0169677734375,True,A,6.355238199234009,medmcqa_3,"['STAT', 'STAT', 'STAT', 'TEXT', 'STAT']","[468043370483003161, 468043370482797816, 468043370483063939, 468043370482371821, 468043370482946992]","[0.7926672697067261, 0.8135284185409546, 0.7883698344230652, 0.76686692237854, 0.7806398272514343]",3,"[468043370482797823, 468043370483051750, 468043370482797828, 468043370482797816, 468043370482797818, 468043370483063939, 468043370483051750, 468043370483073783, 468043370483063965, 468043370482371820, 468043370482797823, 468043370482797816, 468043370483003161, 468043370482797828, 468043370483073784]"
2b050ce8-53bf-4a3b-a4bd-fe1991b726c9,Anatomy,0.05224609375,0.92578125,0.01495361328125,0.007080078125,True,B,7.306667327880859,medmcqa_3,"['TEXT', 'TEXT', 'PBMD', 'PBMD', 'PBMD']","[468043370482371741, 468043370482371401, 468043370483812101, 468043370484116373, 468043370483603214]","[0.6677080392837524, 0.6631134152412415, 0.6954599022865295, 0.6948404908180237, 0.7165219783782959]",4,"[468043370483557699, 468043370482979809, 468043370483019988, 468043370483019990, 468043370484117516, 468043370483447059, 468043370483284621, 468043370482371280, 468043370483352268, 468043370482371279, 468043370483447059, 468043370483063075, 468043370483063080, 468043370482371280, 468043370483063076, 468043370482999698, 468043370483907414, 468043370482999713, 468043370482371272, 468043370483010270]"
ab70624e-01f3-42b9-b918-1fa3d2c7f3ce,Anatomy,0.54296875,0.423828125,0.0211181640625,0.01275634765625,True,A,4.093808650970459,medmcqa_3,"['STAT', 'STAT', 'STAT', 'STAT', 'STAT']","[468043370482901449, 468043370482539467, 468043370483045313, 468043370482867016, 468043370483043983]","[0.7856858372688293, 0.7776439785957336, 0.8106159567832947, 0.8170859217643738, 0.788258969783783]",2,"[468043370483045313, 468043370482901449, 468043370482527160, 468043370483043983, 468043370482885769, 468043370483045313, 468043370482527160, 468043370483323104, 468043370482901449, 468043370482443372]"
42db9931-1f80-46a1-8c80-4e7f3d76051c,Anatomy,0.69921875,0.2578125,0.0211181640625,0.0211181640625,True,A,5.314860105514526,medmcqa_3,"['STAT', 'STAT', 'STAT', 'TEXT', 'PBMD']","[468043370482951033, 468043370482819795, 468043370482800690, 468043370482381640, 468043370483795811]","[0.7905552387237549, 0.8167020082473755, 0.7599392533302307, 0.7489566802978516, 0.7874153852462769]",2,"[468043370483795811, 468043370482819795, 468043370482381640, 468043370483821155, 468043370482951033, 468043370483346170, 468043370483821155, 468043370482499014, 468043370483795811, 468043370483499425]"
c6f28135-76b7-4762-bd13-839b1592e3d3,Anatomy,0.78125,0.0208740234375,0.022216796875,0.1748046875,False,D,0.24962639808654785,medmcqa_3,"['STAT', 'PBMD', 'PBMD', 'STAT', 'STAT']","[468043370482871454, 468043370484033127, 468043370483891051, 468043370482518737, 468043370483003308]","[0.7583632469177246, 0.7641627192497253, 0.7793611288070679, 0.78045654296875, 0.7508515119552612]",1,"[-1, -1, -1, -1, -1]"
d3a7afa0-b887-4c0b-a244-6c41e2f62ee4,Anatomy,0.005523681640625,0.98828125,0.0037994384765625,0.0024566650390625,True,B,0.24759840965270996,medmcqa_3,"['TEXT', 'TEXT', 'STAT', 'TEXT', 'STAT']","[468043370482369349, 468043370482369345, 468043370483060501, 468043370482369344, 468043370482869708]","[0.7440705895423889, 0.7684875130653381, 0.7691150903701782, 0.7774494290351868, 0.7880905270576477]",1,"[-1, -1, -1, -1, -1]"
294f261f-83db-483c-ab08-7ada6462f72b,Anatomy,0.029052734375,0.84765625,0.08935546875,0.032958984375,True,B,3.917340040206909,medmcqa_3,"['STAT', 'STAT', 'STAT', 'STAT', 'STAT']","[468043370482539467, 468043370483045313, 468043370482901449, 468043370482867016, 468043370482910161]","[0.7536233067512512, 0.7844306230545044, 0.7675351500511169, 0.7997833490371704, 0.7822225689888]",2,"[468043370483045313, 468043370483014201, 468043370482527160, 468043370484058346, 468043370482867016, 468043370483045313, 468043370482962637, 468043370482901449, 468043370482527160, 468043370482867016]"
9c1d56d9-5f46-4d3f-87e6-894a31c98f27,Anatomy,0.095703125,0.04248046875,0.061767578125,0.80078125,True,D,0.2732968330383301,medmcqa_3,"['STAT', 'TEXT', 'STAT', 'STAT', 'STAT']","[468043370483078606, 468043370482371526, 468043370482893517, 468043370483004635, 468043370482838533]","[0.7409235835075378, 0.7526558041572571, 0.7265312075614929, 0.7235872149467468, 0.7256531119346619]",1,"[-1, -1, -1, -1, -1]"
dc918d5f-2451-47cb-9b33-25b5eb96cab0,Anatomy,0.189453125,0.0272216796875,0.75,0.034912109375,False,A,0.24604392051696777,medmcqa_3,"['TEXT', 'STAT', 'TEXT', 'TEXT', 'STAT']","[468043370482402067, 468043370482952466, 468043370482434731, 468043370482403437, 468043370482949752]","[0.7343282103538513, 0.7220588326454163, 0.7525345087051392, 0.7440052628517151, 0.7219772934913635]",1,"[-1, -1, -1, -1, -1]"
d239a8a4-bc54-453e-805f-068d00381a1b,Anatomy,0.8359375,0.0126953125,0.064453125,0.087890625,False,D,0.2518348693847656,medmcqa_3,"['STAT', 'TEXT', 'PBMD', 'TEXT', 'TEXT']","[468043370482899455, 468043370482473100, 468043370483148605, 468043370482434604, 468043370482473087]","[0.7540913820266724, 0.7666401863098145, 0.7933926582336426, 0.7518079280853271, 0.7485589385032654]",1,"[-1, -1, -1, -1, -1]"
464d6db1-cbf6-44c5-89b0-1599071e3a72,Anatomy,0.043701171875,0.01422119140625,0.00555419921875,0.9375,True,D,0.2500293254852295,medmcqa_3,"['STAT', 'TEXT', 'STAT', 'STAT', 'STAT']","[468043370482978286, 468043370482371551, 468043370482537651, 468043370482778515, 468043370482937887]","[0.7299712896347046, 0.7030930519104004, 0.7314531803131104, 0.7374362945556641, 0.7344365119934082]",1,"[-1, -1, -1, -1, -1]"
5f2e0649-aabe-48ad-9063-2c4554d053a2,Anatomy,0.043701171875,0.82421875,0.0038299560546875,0.126953125,False,D,0.2015538215637207,medmcqa_3,"['STAT', 'STAT', 'STAT', 'STAT', 'TEXT']","[468043370483024588, 468043370483024593, 468043370482995705, 468043370483024585, 468043370482371636]","[0.7823154926300049, 0.7486022114753723, 0.7734635472297668, 0.7719255089759827, 0.7715162634849548]",1,"[-1, -1, -1, -1, -1]"
47f8f5d9-4611-4a68-9e8f-2993951ccc95,Anatomy,0.06298828125,0.04052734375,0.8671875,0.0296630859375,True,C,8.159496545791626,medmcqa_3,"['TEXT', 'TEXT', 'STAT', 'STAT', 'TEXT']","[468043370482444480, 468043370482435505, 468043370482779814, 468043370482537648, 468043370482435552]","[0.7656073570251465, 0.8243415355682373, 0.7780004739761353, 0.7826919555664062, 0.7728762030601501]",4,"[468043370482927702, 468043370482371331, 468043370482959109, 468043370483049310, 468043370482371330, 468043370483212968, 468043370482827347, 468043370482927702, 468043370482857793, 468043370483494917, 468043370484040678, 468043370483654166, 468043370483453127, 468043370483494917, 468043370483212968, 468043370482827347, 468043370483212968, 468043370482959109, 468043370482927702, 468043370482371331]"
ef116da3-e330-4439-a183-1f19a7ea3fcd,Anatomy,0.294921875,0.294921875,0.115234375,0.294921875,True,A,9.742170095443726,medmcqa_3,"['STAT', 'STAT', 'STAT', 'TEXT', 'TEXT']","[468043370482817372, 468043370482817370, 468043370483009571, 468043370482371831, 468043370482371829]","[0.8285540342330933, 0.7566200494766235, 0.7677714824676514, 0.8103565573692322, 0.7998475432395935]",4,"[468043370483009568, 468043370482817372, 468043370482371831, 468043370482817370, 468043370482371829, 468043370483009568, 468043370482817372, 468043370482371831, 468043370482371829, 468043370482371787, 468043370482371831, 468043370482817372, 468043370483009568, 468043370482371829, 468043370483016594, 468043370482817372, 468043370482371831, 468043370483009568, 468043370482371829, 468043370482817370]"
0fd8b1cf-309f-4bcd-b1d6-d6a1f07d440f,Forensic Medicine,0.5546875,0.26171875,0.158203125,0.027587890625,False,C,9.506122350692749,medmcqa_3,"['STAT', 'STAT', 'STAT', 'STAT', 'TEXT']","[468043370482951481, 468043370482951475, 468043370482951428, 468043370483056073, 468043370482423540]","[0.7380716800689697, 0.7076748013496399, 0.6967820525169373, 0.6978532075881958, 0.6907779574394226]",4,"[468043370482924252, 468043370483003392, 468043370483079781, 468043370482924233, 468043370482822882, 468043370483808233, 468043370482461320, 468043370482951511, 468043370482951503, 468043370482480274, 468043370482924252, 468043370482461300, 468043370482822877, 468043370482822882, 468043370482461320, 468043370484111310, 468043370482822882, 468043370482924252, 468043370482461320, 468043370482924233]"
7801e0bc-129a-47f5-a8f2-5c78981b28d8,Forensic Medicine,0.189453125,0.703125,0.037353515625,0.06982421875,True,B,0.24859952926635742,medmcqa_3,"['PBMD', 'PBMD', 'TEXT', 'STAT', 'PBMD']","[468043370484054307, 468043370483503376, 468043370482402299, 468043370482887779, 468043370483857419]","[0.7439547777175903, 0.724334716796875, 0.7016553282737732, 0.7445886135101318, 0.7257494926452637]",1,"[-1, -1, -1, -1, -1]"
a0bc9d51-9ac3-4847-bd92-9f29d7216e8d,Forensic Medicine,0.0302734375,0.8828125,0.038818359375,0.046875,True,B,0.25037455558776855,medmcqa_3,"['PBMD', 'PBMD', 'STAT', 'PBMD', 'STAT']","[468043370484004459, 468043370483336614, 468043370482564626, 468043370483654430, 468043370483067645]","[0.7599977850914001, 0.7596577405929565, 0.7551714777946472, 0.7582951188087463, 0.7503257989883423]",1,"[-1, -1, -1, -1, -1]"
29cec3ae-1d3f-4966-b791-d9eed37c3d1f,Forensic Medicine,0.9140625,0.054931640625,0.0242919921875,0.007415771484375,True,A,0.251727819442749,medmcqa_3,"['PBMD', 'TEXT', 'PBMD', 'PBMD', 'PBMD']","[468043370483523444, 468043370482462422, 468043370483360279, 468043370483508874, 468043370483443175]","[0.7198296785354614, 0.6866663098335266, 0.7273008823394775, 0.7236782312393188, 0.7423877716064453]",1,"[-1, -1, -1, -1, -1]"
12bfacf6-a27e-41dc-85ee-64e1b8955000,Forensic Medicine,0.5390625,0.11279296875,0.2890625,0.060302734375,False,C,6.368509292602539,medmcqa_3,"['PBMD', 'PBMD', 'PBMD', 'PBMD', 'PBMD']","[468043370483803561, 468043370483451407, 468043370483453819, 468043370483327569, 468043370484088253]","[0.7435052394866943, 0.7527045011520386, 0.7395821213722229, 0.774652361869812, 0.7451149225234985]",3,"[468043370483559360, 468043370483451407, 468043370483601321, 468043370482812350, 468043370483631142, 468043370483410439, 468043370483451407, 468043370483353088, 468043370482812350, 468043370483888174, 468043370483853993, 468043370483451407, 468043370483813306, 468043370482456955, 468043370482482268]"
c3330937-9414-435c-91f3-38e7197f7ba1,Forensic Medicine,0.455078125,0.21484375,0.275390625,0.054443359375,False,C,5.284898519515991,medmcqa_3,"['PBMD', 'PBMD', 'PBMD', 'TEXT', 'TEXT']","[468043370483270155, 468043370483479505, 468043370483738191, 468043370482374079, 468043370482433472]","[0.6976155638694763, 0.7164901494979858, 0.7072582840919495, 0.693183183670044, 0.7059004306793213]",3,"[468043370483797296, 468043370482401009, 468043370483473318, 468043370483884277, 468043370482949335, 468043370482400939, 468043370483003369, 468043370483751551, 468043370482400963, 468043370483915466, 468043370484078862, 468043370484089387, 468043370483473318, 468043370483783720, 468043370482949351]"
044e8f11-ca21-4220-9ddc-0fca648ed401,Forensic Medicine,0.043212890625,0.8671875,0.0859375,0.003326416015625,True,B,0.2765974998474121,medmcqa_3,"['PBMD', 'PBMD', 'STAT', 'PBMD', 'TEXT']","[468043370483335239, 468043370484045356, 468043370482897648, 468043370483498550, 468043370482442919]","[0.7094107270240784, 0.7033153176307678, 0.6749311685562134, 0.7002660632133484, 0.6585980653762817]",1,"[-1, -1, -1, -1, -1]"
f91736e8-259c-4655-a68c-453dd490a7b7,Forensic Medicine,0.50390625,0.09326171875,0.369140625,0.0341796875,True,A,6.55079197883606,medmcqa_3,"['STAT', 'PBMD', 'PBMD', 'PBMD', 'PBMD']","[468043370482501504, 468043370483632819, 468043370484086434, 468043370483119722, 468043370483783393]","[0.772179126739502, 0.7253903150558472, 0.7121912240982056, 0.7273601293563843, 0.7189396023750305]",3,"[468043370482777395, 468043370483526934, 468043370482405195, 468043370482890040, 468043370482826741, 468043370482501530, 468043370482946962, 468043370483344384, 468043370482852232, 468043370483391416, 468043370483391416, 468043370483775126, 468043370483060218, 468043370483827894, 468043370482516188]"
67f63ad4-0c9a-46fb-8689-c79b7a7224da,Forensic Medicine,0.79296875,0.0186767578125,0.15625,0.03076171875,True,A,0.2998311519622803,medmcqa_3,"['TEXT', 'PBMD', 'STAT', 'TEXT', 'TEXT']","[468043370482388657, 468043370483408807, 468043370482932897, 468043370482456645, 468043370482404652]","[0.7893071174621582, 0.8153696060180664, 0.7998032569885254, 0.8053740859031677, 0.7828134298324585]",1,"[-1, -1, -1, -1, -1]"
5b062fde-455e-4ab5-aa3b-a661c3643f42,Forensic Medicine,0.09375,0.1201171875,0.734375,0.050048828125,True,C,0.20300865173339844,medmcqa_3,"['PBMD', 'PBMD', 'STAT', 'STAT', 'PBMD']","[468043370483389488, 468043370483464745, 468043370482867803, 468043370482849580, 468043370483612214]","[0.7131055593490601, 0.7191675305366516, 0.6958827376365662, 0.7132334113121033, 0.7187733054161072]",1,"[-1, -1, -1, -1, -1]"
efbacdd9-1c25-4697-8ad9-377c7a8105b8,Forensic Medicine,0.248046875,0.28125,0.337890625,0.1328125,False,A,8.056358575820923,medmcqa_3,"['PBMD', 'STAT', 'STAT', 'PBMD', 'STAT']","[468043370483910790, 468043370482986778, 468043370482889038, 468043370483767800, 468043370482986815]","[0.7623299956321716, 0.7048152685165405, 0.7171674370765686, 0.7617513537406921, 0.7105872631072998]",4,"[468043370483910790, 468043370484112188, 468043370483719327, 468043370483767800, 468043370483783402, 468043370482986778, 468043370483767800, 468043370482986776, 468043370482432966, 468043370483077286, 468043370482983458, 468043370482945879, 468043370482903635, 468043370483163877, 468043370483493145, 468043370482497627, 468043370482497635, 468043370482497633, 468043370482497620, 468043370483130275]"
38c0c9e6-009c-4ef1-a3ae-2e3aacd715e7,Forensic Medicine,0.5546875,0.2314453125,0.1162109375,0.0966796875,True,A,7.517435312271118,medmcqa_3,"['PBMD', 'STAT', 'STAT', 'STAT', 'STAT']","[468043370483860463, 468043370482524001, 468043370482903657, 468043370482838930, 468043370483036063]","[0.7380492091178894, 0.7219972014427185, 0.712813138961792, 0.738320529460907, 0.7414342164993286]",4,"[468043370482471523, 468043370483684804, 468043370482946168, 468043370482990696, 468043370483533847, 468043370482443247, 468043370483182047, 468043370482963274, 468043370483749122, 468043370483129709, 468043370484062545, 468043370483032454, 468043370482471539, 468043370484018923, 468043370482431983, 468043370482817603, 468043370483916739, 468043370483747959, 468043370483946933, 468043370483070907]"
5c578aa4-a6fd-4de5-b0f6-adb926564122,Forensic Medicine,0.30078125,0.5625,0.07177734375,0.06298828125,False,A,5.403120517730713,medmcqa_3,"['PBMD', 'STAT', 'PBMD', 'STAT', 'PBMD']","[468043370484003616, 468043370482526671, 468043370483851335, 468043370482898303, 468043370483511926]","[0.7389970421791077, 0.712430477142334, 0.7218360900878906, 0.7230695486068726, 0.7199411392211914]",3,"[468043370483851335, 468043370483223476, 468043370483335708, 468043370483057245, 468043370484025069, 468043370483006730, 468043370483798180, 468043370484003616, 468043370482993233, 468043370483851335, 468043370484003616, 468043370483006730, 468043370483760642, 468043370482993205, 468043370483223476]"
46ad7b87-21e1-41da-bc30-50e96b3acd45,Forensic Medicine,0.9609375,0.010009765625,0.0093994140625,0.018798828125,True,A,0.28008198738098145,medmcqa_3,"['STAT', 'TEXT', 'TEXT', 'STAT', 'PBMD']","[468043370482846219, 468043370482471600, 468043370482421935, 468043370483076764, 468043370484089315]","[0.742650032043457, 0.7235991954803467, 0.7132008075714111, 0.7460386753082275, 0.7319989800453186]",1,"[-1, -1, -1, -1, -1]"
c27e7c0b-7d26-4ca7-b537-c44b71114d55,Forensic Medicine,0.07080078125,0.040283203125,0.859375,0.0277099609375,True,C,7.484318494796753,medmcqa_3,"['STAT', 'STAT', 'PBMD', 'TEXT', 'TEXT']","[468043370482879290, 468043370482873598, 468043370483431789, 468043370482373633, 468043370482432881]","[0.6946220397949219, 0.7098023891448975, 0.7478598952293396, 0.7013434171676636, 0.6937179565429688]",4,"[468043370482518852, 468043370482518827, 468043370482429201, 468043370482518836, 468043370482518850, 468043370482443256, 468043370482952902, 468043370482952884, 468043370483493044, 468043370482952888, 468043370483683053, 468043370483817526, 468043370483553275, 468043370483700182, 468043370483711693, 468043370483524898, 468043370483022860, 468043370483270505, 468043370483888962, 468043370483493044]"
5e39f6db-6d90-49fa-a2a6-f9e0c9d1b821,Forensic Medicine,0.60546875,0.126953125,0.126953125,0.1435546875,False,D,8.827698469161987,medmcqa_3,"['PBMD', 'PBMD', 'PBMD', 'STAT', 'PBMD']","[468043370483248523, 468043370483604955, 468043370484051424, 468043370483067095, 468043370483773788]","[0.7629920244216919, 0.7483269572257996, 0.7330910563468933, 0.7232436537742615, 0.7574310302734375]",4,"[468043370482824391, 468043370483248523, 468043370482432802, 468043370483801283, 468043370482824392, 468043370484051420, 468043370482432802, 468043370482824410, 468043370483067094, 468043370482824391, 468043370482824391, 468043370484051420, 468043370483067094, 468043370482432802, 468043370482824410, 468043370483248523, 468043370483801283, 468043370482824423, 468043370484051420, 468043370483772314]"
4414e290-9d6a-410d-9506-72555add17d7,Forensic Medicine,0.99609375,0.001922607421875,0.001495361328125,0.00011539459228515625,True,A,0.18164682388305664,medmcqa_3,"['TEXT', 'TEXT', 'STAT', 'PBMD', 'TEXT']","[468043370482466826, 468043370482432860, 468043370483036063, 468043370484045766, 468043370482470179]","[0.7230075597763062, 0.7363920211791992, 0.6790757179260254, 0.7389868497848511, 0.6826198101043701]",1,"[-1, -1, -1, -1, -1]"
004aab8b-a6e3-408f-a255-6824b132d97c,Forensic Medicine,0.0478515625,0.66015625,0.2578125,0.032958984375,True,B,8.024623394012451,medmcqa_3,"['PBMD', 'PBMD', 'PBMD', 'STAT', 'PBMD']","[468043370483460614, 468043370483779752, 468043370483399961, 468043370482514179, 468043370483759548]","[0.6744287014007568, 0.6747509837150574, 0.6760571002960205, 0.6395787596702576, 0.6652132868766785]",4,"[468043370483851335, 468043370482400100, 468043370483956390, 468043370482410518, 468043370482417856, 468043370483397365, 468043370483374017, 468043370482556641, 468043370482556667, 468043370483887368, 468043370483374017, 468043370482448227, 468043370483779752, 468043370483776912, 468043370482447662, 468043370483275975, 468043370483858880, 468043370483374017, 468043370484097276, 468043370483288150]"
745734e9-afe6-4098-bd64-66ee49c64dc0,Forensic Medicine,0.365234375,0.2216796875,0.28515625,0.126953125,True,A,5.07162880897522,medmcqa_3,"['PBMD', 'PBMD', 'STAT', 'PBMD', 'PBMD']","[468043370484055306, 468043370483303222, 468043370482928959, 468043370483627694, 468043370483385858]","[0.6875507831573486, 0.6922397613525391, 0.6488249897956848, 0.6929399371147156, 0.7062911987304688]",4,"[468043370482966380, 468043370483031514, 468043370482935217, 468043370483072030, 468043370484025758, 468043370483798722, 468043370483037155, 468043370482385257, 468043370483798792, 468043370483512974, 468043370483031514, 468043370482935217, 468043370483609882, 468043370483211715, 468043370483693872, 468043370483031514, 468043370482556802, 468043370482383537, 468043370482929223, 468043370482808635]"
8a045017-cef4-4ca8-ad9b-52bf5a0bed63,Forensic Medicine,0.466796875,0.412109375,0.0556640625,0.06689453125,True,A,4.401496410369873,medmcqa_3,"['TEXT', 'PBMD', 'PBMD', 'PBMD', 'PBMD']","[468043370482436225, 468043370483390649, 468043370483403619, 468043370483439784, 468043370483312037]","[0.6965223550796509, 0.7218106389045715, 0.7345110177993774, 0.7226384878158569, 0.734782874584198]",2,"[468043370483370362, 468043370484114284, 468043370483518936, 468043370483733599, 468043370482485796, 468043370483288783, 468043370483284253, 468043370482440744, 468043370483657775, 468043370483276342]"
5b2aada9-1d44-4499-b96f-89b063d9927c,Biochemistry,0.060302734375,0.034423828125,0.0184326171875,0.88671875,True,D,9.4695303440094,medmcqa_3,"['STAT', 'STAT', 'STAT', 'PBMD', 'PBMD']","[468043370483009688, 468043370482526827, 468043370482909052, 468043370483341578, 468043370484123476]","[0.7523959875106812, 0.7480959296226501, 0.7791098356246948, 0.7939885854721069, 0.7830401659011841]",4,"[468043370483240875, 468043370483101603, 468043370483591118, 468043370483498413, 468043370483498503, 468043370483390925, 468043370483498503, 468043370483009656, 468043370483250559, 468043370483498413, 468043370483240875, 468043370483136172, 468043370483390925, 468043370483498503, 468043370483591118, 468043370483390925, 468043370483498503, 468043370483136172, 468043370483009682, 468043370483868206]"
7627eb54-4499-45d0-ba1f-1c8dbc6f2342,Biochemistry,0.014892578125,0.0015716552734375,0.0029296875,0.98046875,True,D,0.2692573070526123,medmcqa_3,"['TEXT', 'TEXT', 'TEXT', 'STAT', 'TEXT']","[468043370482457758, 468043370482373617, 468043370482408708, 468043370482983220, 468043370482461518]","[0.758405864238739, 0.770683765411377, 0.7811307907104492, 0.7395541071891785, 0.746673583984375]",1,"[-1, -1, -1, -1, -1]"
29f210a1-e9b8-41d8-913a-9f1c4f894106,Biochemistry,0.00909423828125,0.0054931640625,0.984375,0.0006561279296875,True,C,0.2493135929107666,medmcqa_3,"['TEXT', 'STAT', 'STAT', 'PBMD', 'TEXT']","[468043370482457023, 468043370482892441, 468043370483027635, 468043370483389602, 468043370482373594]","[0.7682114839553833, 0.7722259163856506, 0.82340407371521, 0.7982080578804016, 0.753176212310791]",1,"[-1, -1, -1, -1, -1]"
678018c2-3154-4411-937e-0e5d4116739f,Biochemistry,0.7109375,0.158203125,0.07958984375,0.051513671875,True,A,9.647024393081665,medmcqa_3,"['TEXT', 'TEXT', 'TEXT', 'STAT', 'STAT']","[468043370482373871, 468043370482406895, 468043370482373889, 468043370482806971, 468043370482836601]","[0.7458246946334839, 0.7377141118049622, 0.794934868812561, 0.7117060422897339, 0.7200398445129395]",4,"[468043370482806973, 468043370482806971, 468043370483847225, 468043370484021358, 468043370483973782, 468043370484080955, 468043370484087440, 468043370484021358, 468043370483973782, 468043370483408577, 468043370482806974, 468043370482806973, 468043370482878396, 468043370482806971, 468043370482405551, 468043370482806971, 468043370482806973, 468043370484021358, 468043370482908602, 468043370482405551]"
587ef917-abf4-4b32-985c-e2020bd397cb,Biochemistry,0.07568359375,0.09130859375,0.06689453125,0.765625,True,D,9.535328388214111,medmcqa_3,"['STAT', 'TEXT', 'STAT', 'STAT', 'TEXT']","[468043370482533665, 468043370482372570, 468043370483053689, 468043370483001588, 468043370482374531]","[0.7866566777229309, 0.7817927598953247, 0.8128239512443542, 0.7758340835571289, 0.7704616785049438]",4,"[468043370482473867, 468043370482372570, 468043370482533665, 468043370484081010, 468043370482374082, 468043370484081010, 468043370482473867, 468043370482372570, 468043370483556923, 468043370483522657, 468043370482473867, 468043370482372570, 468043370482533665, 468043370483509118, 468043370482545727, 468043370482473867, 468043370482372570, 468043370483870780, 468043370482545727, 468043370482481870]"
8b3e79da-c35a-4d0c-8bb1-ba5bb9f20949,Biochemistry,0.003753662109375,0.0130615234375,0.006195068359375,0.9765625,True,D,0.3476705551147461,medmcqa_3,"['PBMD', 'PBMD', 'PBMD', 'PBMD', 'PBMD']","[468043370484061548, 468043370483508777, 468043370483759778, 468043370483133061, 468043370483366262]","[0.7374078035354614, 0.729610025882721, 0.7369217872619629, 0.7309724688529968, 0.7271887063980103]",1,"[-1, -1, -1, -1, -1]"
2e79e459-d4f0-4293-8e05-eb282fa25772,Biochemistry,0.98046875,0.015869140625,0.0029296875,0.00147247314453125,True,A,0.2723672389984131,medmcqa_3,"['STAT', 'TEXT', 'TEXT', 'STAT', 'TEXT']","[468043370482982690, 468043370482376964, 468043370482376968, 468043370482995678, 468043370482377019]","[0.7659751176834106, 0.7704800367355347, 0.7840829491615295, 0.7844687700271606, 0.7755365371704102]",1,"[-1, -1, -1, -1, -1]"
535bf03d-8714-46a8-84a0-13bf499129f7,Biochemistry,0.271484375,0.087890625,0.068359375,0.57421875,False,A,9.607826232910156,medmcqa_3,"['PBMD', 'TEXT', 'STAT', 'PBMD', 'STAT']","[468043370483289059, 468043370482373751, 468043370482869048, 468043370483501722, 468043370483027822]","[0.7659293413162231, 0.7547167539596558, 0.7308070063591003, 0.7831413745880127, 0.7218711972236633]",4,"[468043370483553899, 468043370484120788, 468043370483427230, 468043370483987288, 468043370483085027, 468043370482373751, 468043370483501738, 468043370483289059, 468043370483834325, 468043370483347706, 468043370484064609, 468043370483677390, 468043370484002938, 468043370484070539, 468043370483847525, 468043370482484349, 468043370482484348, 468043370482400420, 468043370482373866, 468043370483027837]"
fb493e7d-519b-4534-940f-cc3fb93f4b6b,Biochemistry,0.049560546875,0.0067138671875,0.9375,0.00714111328125,True,C,0.28684520721435547,medmcqa_3,"['PBMD', 'TEXT', 'TEXT', 'TEXT', 'STAT']","[468043370483159308, 468043370482476389, 468043370482372722, 468043370482373579, 468043370483006546]","[0.8368813395500183, 0.8135921955108643, 0.8679295778274536, 0.8248789310455322, 0.7987927198410034]",1,"[-1, -1, -1, -1, -1]"
ff410d96-12d4-43ba-8b24-7bfbd8ad360c,Biochemistry,0.98828125,0.007568359375,0.00139617919921875,0.00115966796875,True,A,0.2536478042602539,medmcqa_3,"['TEXT', 'TEXT', 'STAT', 'STAT', 'TEXT']","[468043370482372435, 468043370482374468, 468043370482807183, 468043370482807194, 468043370482374799]","[0.7558565139770508, 0.7802364826202393, 0.7241970896720886, 0.7643596529960632, 0.7509878277778625]",1,"[-1, -1, -1, -1, -1]"
1f473717-d2b8-489e-969e-be0de6c30e86,Biochemistry,0.9921875,0.004058837890625,0.00140380859375,0.00115966796875,True,A,4.613863706588745,medmcqa_3,"['PBMD', 'PBMD', 'PBMD', 'PBMD', 'PBMD']","[468043370483825442, 468043370483634209, 468043370483331666, 468043370483355894, 468043370483107388]","[0.8142654299736023, 0.8112010955810547, 0.801400363445282, 0.7988269925117493, 0.8056979179382324]",2,"[468043370483193220, 468043370483164587, 468043370483525272, 468043370483907529, 468043370484026525, 468043370483107388, 468043370483634209, 468043370482998222, 468043370482381298, 468043370482833589]"
7a4da866-2f41-4510-aa28-0dabdf6d0d38,Biochemistry,0.046630859375,0.9375,0.00860595703125,0.0091552734375,True,B,0.27712559700012207,medmcqa_3,"['PBMD', 'TEXT', 'PBMD', 'PBMD', 'PBMD']","[468043370483332854, 468043370482457266, 468043370483521049, 468043370483200371, 468043370483432586]","[0.7939907312393188, 0.7509670257568359, 0.7996012568473816, 0.78838050365448, 0.7887132167816162]",1,"[-1, -1, -1, -1, -1]"
cf3f103b-e4d8-4f34-86aa-b69f3b31fe55,Biochemistry,0.08740234375,0.0111083984375,0.8828125,0.018310546875,True,C,0.34589552879333496,medmcqa_3,"['PBMD', 'PBMD', 'TEXT', 'PBMD', 'TEXT']","[468043370483198412, 468043370483166953, 468043370482428987, 468043370483829482, 468043370482429043]","[0.7884648442268372, 0.7907607555389404, 0.77860027551651, 0.80277019739151, 0.772328794002533]",1,"[-1, -1, -1, -1, -1]"
2075da99-9c63-4a88-944a-b1abd40f6720,Biochemistry,0.95703125,0.0211181640625,0.01129150390625,0.0106201171875,True,A,0.25186753273010254,medmcqa_3,"['TEXT', 'TEXT', 'TEXT', 'STAT', 'TEXT']","[468043370482373587, 468043370482407862, 468043370482410168, 468043370483022790, 468043370482406473]","[0.7602571845054626, 0.760794460773468, 0.7505320310592651, 0.7678756713867188, 0.7543351054191589]",1,"[-1, -1, -1, -1, -1]"
d5f7c86d-3441-4fdd-8618-8510dbead871,Biochemistry,0.267578125,0.052734375,0.03857421875,0.640625,True,D,7.555276393890381,medmcqa_3,"['TEXT', 'STAT', 'TEXT', 'TEXT', 'PBMD']","[468043370482396455, 468043370482544227, 468043370482484237, 468043370482426264, 468043370484080136]","[0.7584834098815918, 0.7094237208366394, 0.7543649673461914, 0.7437888383865356, 0.7718119621276855]",4,"[468043370482396960, 468043370482396865, 468043370483805573, 468043370482821097, 468043370483428389, 468043370482393657, 468043370483748391, 468043370483836245, 468043370484070154, 468043370483717390, 468043370482456244, 468043370483733978, 468043370483775021, 468043370482994256, 468043370483957506, 468043370482435207, 468043370483915507, 468043370483813921, 468043370484075743, 468043370483704135]"
f4431627-6919-4c67-b3fa-eebf37335434,Biochemistry,0.005889892578125,0.9921875,0.000850677490234375,0.001800537109375,True,B,0.24918293952941895,medmcqa_3,"['STAT', 'STAT', 'STAT', 'STAT', 'TEXT']","[468043370482944986, 468043370483009375, 468043370483009370, 468043370483009368, 468043370482374155]","[0.7625877261161804, 0.7660330533981323, 0.7571796178817749, 0.7568783760070801, 0.7471491694450378]",1,"[-1, -1, -1, -1, -1]"
67face05-23f1-43cc-8acc-61af6d1e6285,Biochemistry,0.7265625,0.15234375,0.0869140625,0.031982421875,True,A,0.20520329475402832,medmcqa_3,"['PBMD', 'TEXT', 'STAT', 'STAT', 'STAT']","[468043370483885267, 468043370482429905, 468043370482845711, 468043370482803580, 468043370482803576]","[0.7568996548652649, 0.727027952671051, 0.7197146415710449, 0.7613000869750977, 0.7426692247390747]",1,"[-1, -1, -1, -1, -1]"
d32f0f04-48eb-4a63-bae0-705aed8793a3,Biochemistry,0.890625,0.0537109375,0.0252685546875,0.0286865234375,True,A,0.27808117866516113,medmcqa_3,"['TEXT', 'TEXT', 'TEXT', 'TEXT', 'PBMD']","[468043370482373799, 468043370482373830, 468043370482376211, 468043370482373819, 468043370483706031]","[0.8084813952445984, 0.8050306439399719, 0.8043210506439209, 0.8081939816474915, 0.7929491400718689]",1,"[-1, -1, -1, -1, -1]"
3ea8bac5-2e0f-4f6f-8f5e-c9c1ef405a76,Biochemistry,0.01025390625,0.0010833740234375,0.005828857421875,0.984375,True,D,0.2995462417602539,medmcqa_3,"['TEXT', 'TEXT', 'TEXT', 'TEXT', 'PBMD']","[468043370482373109, 468043370482442584, 468043370482373120, 468043370482373117, 468043370483097688]","[0.7583742141723633, 0.7766503691673279, 0.7341150045394897, 0.7480644583702087, 0.802459716796875]",1,"[-1, -1, -1, -1, -1]"
3a0f1fe5-a2b8-49a5-b032-13e2e508e682,Biochemistry,0.16796875,0.1787109375,0.06591796875,0.5859375,False,C,13.575552940368652,medmcqa_3,"['TEXT', 'STAT', 'TEXT', 'STAT', 'STAT']","[468043370482372519, 468043370482910149, 468043370482373419, 468043370482887908, 468043370482862479]","[0.7712382078170776, 0.7414419054985046, 0.7648202776908875, 0.7466139793395996, 0.7693129777908325]",4,"[468043370482910149, 468043370482862479, 468043370482464248, 468043370483814473, 468043370482537105, 468043370483328779, 468043370482862479, 468043370482910149, 468043370482464248, 468043370483486647, 468043370483209261, 468043370482461987, 468043370483357556, 468043370482464248, 468043370483369494, 468043370483486647, 468043370482862479, 468043370482464247, 468043370482813183, 468043370482464248]"
9d2bff20-7d45-402d-af8f-3eb0c1e1e404,Physiology,0.828125,0.0234375,0.1435546875,0.005584716796875,True,A,4.251910209655762,medmcqa_3,"['TEXT', 'TEXT', 'TEXT', 'STAT', 'STAT']","[468043370482476507, 468043370482389149, 468043370482469333, 468043370482864874, 468043370482928340]","[0.742804229259491, 0.7439608573913574, 0.7407548427581787, 0.7055022120475769, 0.704643189907074]",2,"[468043370483912136, 468043370482864874, 468043370482476507, 468043370483013597, 468043370482928340, 468043370483912136, 468043370482476507, 468043370483013597, 468043370482864874, 468043370482389149]"
a36b6f9e-f19b-48b1-9d33-4845fffe975f,Physiology,0.013916015625,0.0019989013671875,0.00897216796875,0.9765625,True,D,0.2981283664703369,medmcqa_3,"['PBMD', 'TEXT', 'PBMD', 'TEXT', 'TEXT']","[468043370483630488, 468043370482381724, 468043370483273418, 468043370482462259, 468043370482409995]","[0.7780218124389648, 0.7364726066589355, 0.7352341413497925, 0.7502000331878662, 0.7458276748657227]",1,"[-1, -1, -1, -1, -1]"
f6c37d84-4658-45dd-b75d-741f6f1bcff2,Physiology,0.02197265625,0.005218505859375,0.03857421875,0.93359375,True,D,0.25687694549560547,medmcqa_3,"['STAT', 'TEXT', 'TEXT', 'STAT', 'TEXT']","[468043370482935982, 468043370482473382, 468043370482473861, 468043370482828967, 468043370482433787]","[0.7906447649002075, 0.7751639485359192, 0.7981204986572266, 0.781157374382019, 0.787625253200531]",1,"[-1, -1, -1, -1, -1]"
aafbe728-ff78-47ec-8edc-e47e320fc1ba,Physiology,0.46484375,0.05908203125,0.46484375,0.01239013671875,True,A,6.377721548080444,medmcqa_3,"['STAT', 'TEXT', 'TEXT', 'STAT', 'STAT']","[468043370482987745, 468043370482466441, 468043370482377226, 468043370482987748, 468043370482987746]","[0.7646676301956177, 0.7680973410606384, 0.7594597935676575, 0.7539170980453491, 0.7434369921684265]",3,"[468043370482377222, 468043370482472535, 468043370482377224, 468043370482472538, 468043370482466441, 468043370482987745, 468043370482466441, 468043370482987748, 468043370482377226, 468043370482377222, 468043370483977248, 468043370482987749, 468043370482987745, 468043370482960048, 468043370482466441]"
4e3061f9-0a14-4878-9abd-6a0459b268b8,Physiology,0.004608154296875,0.9921875,0.000850677490234375,0.00115966796875,True,B,0.3499619960784912,medmcqa_3,"['PBMD', 'PBMD', 'TEXT', 'PBMD', 'PBMD']","[468043370483543305, 468043370483242467, 468043370482393654, 468043370483220335, 468043370483102832]","[0.793824315071106, 0.7794850468635559, 0.7742758989334106, 0.7815577983856201, 0.7747313380241394]",1,"[-1, -1, -1, -1, -1]"
bc474c2e-6cf4-4df9-b484-3ecada4dd30d,Physiology,0.1220703125,0.353515625,0.0120849609375,0.51171875,False,B,6.359470367431641,medmcqa_3,"['TEXT', 'STAT', 'TEXT', 'TEXT', 'STAT']","[468043370482393049, 468043370482879944, 468043370482393048, 468043370482473577, 468043370482785227]","[0.8216811418533325, 0.8021281361579895, 0.8154569864273071, 0.8009591698646545, 0.8018962144851685]",3,"[468043370483140395, 468043370484071514, 468043370482785880, 468043370482393051, 468043370483148741, 468043370483306162, 468043370482935981, 468043370482402598, 468043370483155204, 468043370482938800, 468043370482911506, 468043370482785903, 468043370482433785, 468043370482473578, 468043370483140278]"
514f2979-8893-455e-9b88-5979370081c4,Physiology,0.99609375,0.003173828125,0.0006256103515625,0.0003337860107421875,True,A,0.20662784576416016,medmcqa_3,"['STAT', 'STAT', 'PBMD', 'STAT', 'STAT']","[468043370482895198, 468043370482528144, 468043370483196526, 468043370482534845, 468043370483061185]","[0.7690393924713135, 0.750637948513031, 0.7504537105560303, 0.7750072479248047, 0.7502591013908386]",1,"[-1, -1, -1, -1, -1]"
d04e9217-abaf-4e62-89ed-5d443c9aa4f2,Physiology,0.34765625,0.26953125,0.14453125,0.23828125,False,B,9.189259767532349,medmcqa_3,"['TEXT', 'STAT', 'STAT', 'PBMD', 'PBMD']","[468043370482473861, 468043370482938786, 468043370482795114, 468043370483425243, 468043370483346927]","[0.7613045573234558, 0.7073619365692139, 0.7037690877914429, 0.7270615696907043, 0.7267950177192688]",4,"[468043370483713608, 468043370482897336, 468043370483963121, 468043370482818243, 468043370482473417, 468043370482897336, 468043370482393050, 468043370482539660, 468043370483075875, 468043370482935983, 468043370483776559, 468043370482516155, 468043370483001889, 468043370483316392, 468043370483140395, 468043370483777414, 468043370483137534, 468043370482393050, 468043370482879952, 468043370483146856]"
45258d3d-b974-44dd-a161-c3fccbdadd88,Physiology,0.88671875,0.01348876953125,0.01116943359375,0.087890625,True,A,0.35413146018981934,medmcqa_3,"['TEXT', 'STAT', 'TEXT', 'PBMD', 'STAT']","[468043370482393276, 468043370483068860, 468043370482431720, 468043370483734018, 468043370482794075]","[0.8003623485565186, 0.7927951812744141, 0.8361623287200928, 0.7793405652046204, 0.8123422861099243]",1,"[-1, -1, -1, -1, -1]"
13781885-cf02-490f-ba56-152d97ccb152,Physiology,0.98828125,0.007568359375,0.0020294189453125,0.0010223388671875,True,A,0.25166940689086914,medmcqa_3,"['STAT', 'STAT', 'TEXT', 'PBMD', 'STAT']","[468043370482541161, 468043370482902411, 468043370482405375, 468043370483252508, 468043370482810394]","[0.7255561947822571, 0.7560293674468994, 0.7486214637756348, 0.7358932495117188, 0.7425622344017029]",1,"[-1, -1, -1, -1, -1]"
60e4c703-caf9-4e1c-a6d8-fcbaeae819d4,Physiology,0.0166015625,0.00830078125,0.9609375,0.01287841796875,True,C,0.27475643157958984,medmcqa_3,"['STAT', 'STAT', 'STAT', 'TEXT', 'TEXT']","[468043370482808715, 468043370482498086, 468043370482964068, 468043370482393077, 468043370482466348]","[0.8021952509880066, 0.7952032089233398, 0.8144886493682861, 0.8067159056663513, 0.7899271249771118]",1,"[-1, -1, -1, -1, -1]"
539291d5-becc-4ccc-8862-9d9ff4fcc121,Physiology,0.004058837890625,0.00131988525390625,0.002044677734375,0.9921875,True,D,0.24785637855529785,medmcqa_3,"['STAT', 'PBMD', 'TEXT', 'TEXT', 'TEXT']","[468043370482511771, 468043370483979784, 468043370482392886, 468043370482464077, 468043370482410063]","[0.7953873872756958, 0.7804335951805115, 0.767661452293396, 0.7858729362487793, 0.7770839929580688]",1,"[-1, -1, -1, -1, -1]"
8cdda5f3-545c-4323-b1a5-6ed9f66ea02f,Physiology,0.1357421875,0.73046875,0.0341796875,0.09912109375,True,B,0.3457343578338623,medmcqa_3,"['PBMD', 'STAT', 'STAT', 'PBMD', 'PBMD']","[468043370483486354, 468043370483068857, 468043370482987750, 468043370483576380, 468043370483089456]","[0.7719658613204956, 0.7115093469619751, 0.7082880735397339, 0.7830668091773987, 0.763684093952179]",1,"[-1, -1, -1, -1, -1]"
212c1720-9f09-49d2-9a44-47bd914b35c9,Physiology,0.09130859375,0.103515625,0.0380859375,0.765625,True,D,0.3460352420806885,medmcqa_3,"['PBMD', 'PBMD', 'PBMD', 'PBMD', 'PBMD']","[468043370483624663, 468043370483292705, 468043370483553819, 468043370483537795, 468043370483536607]","[0.7891204357147217, 0.7764360904693604, 0.7688151597976685, 0.7644287347793579, 0.8046625852584839]",1,"[-1, -1, -1, -1, -1]"
ef51fbf9-549d-456a-9286-181a7f6143cd,Physiology,0.7734375,0.0634765625,0.0869140625,0.07666015625,True,A,0.20720148086547852,medmcqa_3,"['STAT', 'PBMD', 'STAT', 'TEXT', 'STAT']","[468043370482562191, 468043370483374305, 468043370482541370, 468043370482421258, 468043370482826248]","[0.778754711151123, 0.8335264325141907, 0.7775619626045227, 0.8011911511421204, 0.7728992700576782]",1,"[-1, -1, -1, -1, -1]"
4f5ca2d2-0f0b-4304-87ef-fbdc6d883659,Physiology,0.35546875,0.2451171875,0.08447265625,0.314453125,True,A,8.481185913085938,medmcqa_3,"['STAT', 'TEXT', 'TEXT', 'TEXT', 'STAT']","[468043370482521487, 468043370482474422, 468043370482402481, 468043370482474424, 468043370482793834]","[0.7544947266578674, 0.7511520981788635, 0.7505829334259033, 0.7474824786186218, 0.7409284114837646]",4,"[468043370482474423, 468043370482402481, 468043370482446199, 468043370482530313, 468043370484071699, 468043370482944176, 468043370484012733, 468043370482561055, 468043370482385856, 468043370484114539, 468043370483413670, 468043370483911484, 468043370483281651, 468043370483391102, 468043370483331586, 468043370483394574, 468043370483323514, 468043370482475081, 468043370483817839, 468043370483369793]"
0dd771c5-9284-4e46-abf0-da8618b12985,Physiology,0.008056640625,0.98828125,0.0015869140625,0.0010223388671875,True,B,0.21725988388061523,medmcqa_3,"['TEXT', 'TEXT', 'TEXT', 'STAT', 'TEXT']","[468043370482428092, 468043370482388619, 468043370482428091, 468043370482963394, 468043370482388617]","[0.7277324795722961, 0.7405732274055481, 0.7400058507919312, 0.7156656384468079, 0.7208802103996277]",1,"[-1, -1, -1, -1, -1]"
c4bcd30a-daa7-4da1-9316-83c2cbb64532,Physiology,0.0107421875,0.0189208984375,0.96875,0.00128936767578125,True,C,0.25177764892578125,medmcqa_3,"['TEXT', 'TEXT', 'STAT', 'STAT', 'TEXT']","[468043370482378769, 468043370482473911, 468043370482928104, 468043370483020577, 468043370482392993]","[0.7653002738952637, 0.7960175275802612, 0.7982548475265503, 0.7823525667190552, 0.7724714875221252]",1,"[-1, -1, -1, -1, -1]"
4034587c-3452-4465-9e2e-9b2ad5f643cd,Physiology,0.625,0.158203125,0.1484375,0.06591796875,True,A,11.488802671432495,medmcqa_3,"['PBMD', 'PBMD', 'PBMD', 'PBMD', 'PBMD']","[468043370484117777, 468043370483797989, 468043370483739182, 468043370483314450, 468043370483968068]","[0.7937297821044922, 0.8294392824172974, 0.762937605381012, 0.7682632207870483, 0.7664238214492798]",4,"[468043370483797989, 468043370482466790, 468043370483832987, 468043370483962082, 468043370483726590, 468043370483895469, 468043370483714103, 468043370483430037, 468043370483952539, 468043370482420266, 468043370483564362, 468043370483707378, 468043370482448550, 468043370483191540, 468043370483768056, 468043370482985589, 468043370482985574, 468043370483082550, 468043370482985590, 468043370483754711]"
6b5b69d0-83bf-4cd0-bb15-8f99cc9ea3d7,Physiology,0.01318359375,0.0042724609375,0.98046875,0.000698089599609375,True,C,0.25377607345581055,medmcqa_3,"['PBMD', 'PBMD', 'PBMD', 'STAT', 'STAT']","[468043370483410271, 468043370483938821, 468043370483169198, 468043370483056470, 468043370482535628]","[0.7856593132019043, 0.7760353684425354, 0.7802327871322632, 0.7599108219146729, 0.7315852642059326]",1,"[-1, -1, -1, -1, -1]"
4506e30a-65c0-48a5-86db-595e5084787c,Gynaecology & Obstetrics,0.328125,0.041748046875,0.015380859375,0.61328125,True,D,4.4316112995147705,medmcqa_3,"['TEXT', 'PBMD', 'STAT', 'TEXT', 'PBMD']","[468043370482411568, 468043370483757195, 468043370482793651, 468043370482411569, 468043370483868936]","[0.7639558911323547, 0.7778085470199585, 0.7614051103591919, 0.7462347149848938, 0.7868000864982605]",2,"[468043370483757195, 468043370483868936, 468043370484013521, 468043370482793654, 468043370482793651, 468043370483757195, 468043370483987563, 468043370483896156, 468043370482411569, 468043370482793651]"
641fe4d1-8fc4-4393-ada9-0f1fc1c25462,Gynaecology & Obstetrics,0.9921875,0.00140380859375,0.0033721923828125,0.0015869140625,True,A,0.24892759323120117,medmcqa_3,"['STAT', 'STAT', 'STAT', 'TEXT', 'STAT']","[468043370482859684, 468043370482520736, 468043370482852983, 468043370482464466, 468043370482497863]","[0.7407708764076233, 0.723605751991272, 0.7357353568077087, 0.7072983980178833, 0.7442395687103271]",1,"[-1, -1, -1, -1, -1]"
a9593a3b-34bf-4de3-b53b-f9e957a0dad5,Gynaecology & Obstetrics,0.28515625,0.322265625,0.142578125,0.25,False,D,11.14126443862915,medmcqa_3,"['PBMD', 'PBMD', 'STAT', 'PBMD', 'TEXT']","[468043370483135423, 468043370483726297, 468043370482942859, 468043370483442263, 468043370482447870]","[0.7541682720184326, 0.754584014415741, 0.7640782594680786, 0.7644219398498535, 0.7693225145339966]",4,"[468043370482942861, 468043370482561121, 468043370482935851, 468043370483047798, 468043370483135423, 468043370482942861, 468043370483726297, 468043370482935851, 468043370483639386, 468043370483439293, 468043370483726297, 468043370482996319, 468043370482942861, 468043370483439293, 468043370483435897, 468043370482942861, 468043370483726297, 468043370482453069, 468043370482453059, 468043370482819268]"
b0f5d8eb-eda4-48a2-ad59-d158d8132c16,Gynaecology & Obstetrics,0.158203125,0.01300048828125,0.8046875,0.0257568359375,False,A,11.531044960021973,medmcqa_3,"['STAT', 'PBMD', 'STAT', 'STAT', 'PBMD']","[468043370482831173, 468043370483517384, 468043370482814760, 468043370482866400, 468043370483401669]","[0.7724967002868652, 0.7951650619506836, 0.7784801721572876, 0.7732133865356445, 0.7768279314041138]",4,"[468043370482998961, 468043370484097581, 468043370482987454, 468043370482395498, 468043370482796779, 468043370483017969, 468043370483017944, 468043370483017945, 468043370482451085, 468043370483026205, 468043370482796779, 468043370483827631, 468043370482451240, 468043370482858523, 468043370482823701, 468043370482866400, 468043370482866408, 468043370482896596, 468043370482451095, 468043370483833113]"
fa304b14-4fa8-415b-8fba-3e670529cc8a,Gynaecology & Obstetrics,0.92578125,0.03369140625,0.0262451171875,0.015869140625,True,A,0.25200915336608887,medmcqa_3,"['TEXT', 'PBMD', 'PBMD', 'TEXT', 'PBMD']","[468043370482374146, 468043370483677130, 468043370483846986, 468043370482374145, 468043370483812860]","[0.7755911946296692, 0.796547532081604, 0.7677582502365112, 0.7563906311988831, 0.7714550495147705]",1,"[-1, -1, -1, -1, -1]"
5bca2ed8-85d7-4ec5-8c3a-96ce2c3ca045,Gynaecology & Obstetrics,0.007537841796875,0.000545501708984375,0.002960205078125,0.98828125,True,D,0.2505476474761963,medmcqa_3,"['STAT', 'STAT', 'PBMD', 'PBMD', 'TEXT']","[468043370482539078, 468043370482520120, 468043370483684770, 468043370483645669, 468043370482383869]","[0.7836835384368896, 0.8002545237541199, 0.7876118421554565, 0.8023377060890198, 0.7803577184677124]",1,"[-1, -1, -1, -1, -1]"
ec8aaefa-2e2d-4d4a-a84e-8f9d95918c25,Gynaecology & Obstetrics,0.021484375,0.97265625,0.004486083984375,0.002410888671875,True,B,0.24017739295959473,medmcqa_3,"['STAT', 'STAT', 'STAT', 'STAT', 'STAT']","[468043370483076847, 468043370482886110, 468043370482546458, 468043370482516479, 468043370482922023]","[0.7826324105262756, 0.7749562859535217, 0.7621679306030273, 0.79380202293396, 0.7643925547599792]",1,"[-1, -1, -1, -1, -1]"
aa23e05a-7e73-494b-bc8d-6331b060a964,Gynaecology & Obstetrics,0.00860595703125,0.046630859375,0.00762939453125,0.9375,True,D,0.20450735092163086,medmcqa_3,"['STAT', 'PBMD', 'STAT', 'STAT', 'STAT']","[468043370483020489, 468043370483234451, 468043370482531810, 468043370482510938, 468043370482962025]","[0.7393201589584351, 0.754808247089386, 0.7346320152282715, 0.7416200637817383, 0.7365882396697998]",1,"[-1, -1, -1, -1, -1]"
4c193618-d7aa-41b5-a04c-0ff57cabbb3a,Gynaecology & Obstetrics,0.1279296875,0.271484375,0.154296875,0.447265625,False,C,9.677117586135864,medmcqa_3,"['STAT', 'TEXT', 'PBMD', 'STAT', 'PBMD']","[468043370482784391, 468043370482462021, 468043370483414712, 468043370482852468, 468043370483244271]","[0.7452664375305176, 0.7516206502914429, 0.7877505421638489, 0.754726231098175, 0.7876526117324829]",4,"[468043370483384749, 468043370482852468, 468043370484095294, 468043370482894204, 468043370482477085, 468043370483208685, 468043370483020491, 468043370484020358, 468043370482784391, 468043370483829463, 468043370483774864, 468043370482880995, 468043370483244271, 468043370482880989, 468043370483694724, 468043370483729958, 468043370483336149, 468043370483244271, 468043370482894204, 468043370483384749]"
5bb0839c-7c3d-4f5e-a955-6f67ad0db7d9,Gynaecology & Obstetrics,0.11376953125,0.05029296875,0.7890625,0.04736328125,True,C,0.30011940002441406,medmcqa_3,"['PBMD', 'TEXT', 'STAT', 'TEXT', 'TEXT']","[468043370483391745, 468043370482451347, 468043370483075302, 468043370482451212, 468043370482451403]","[0.7304825186729431, 0.7188202738761902, 0.6989843845367432, 0.737820565700531, 0.7117928266525269]",1,"[-1, -1, -1, -1, -1]"
876a5607-e467-4745-b315-13812c405904,Gynaecology & Obstetrics,0.19921875,0.54296875,0.0830078125,0.17578125,True,B,8.540841579437256,medmcqa_3,"['PBMD', 'PBMD', 'PBMD', 'STAT', 'STAT']","[468043370483841469, 468043370483141360, 468043370484065426, 468043370482976643, 468043370483048110]","[0.7588708400726318, 0.7608054280281067, 0.7602652907371521, 0.7652105689048767, 0.764575719833374]",3,"[468043370482404667, 468043370484045810, 468043370482389414, 468043370482389031, 468043370483596125, 468043370483336671, 468043370483837475, 468043370483525712, 468043370482887497, 468043370482389414, 468043370482977058, 468043370483044222, 468043370483273527, 468043370482977056, 468043370482887470]"
b7899c5a-8bd2-4a87-8082-0ad7980f3886,Gynaecology & Obstetrics,0.9765625,0.01226806640625,0.003997802734375,0.0084228515625,False,B,0.29923129081726074,medmcqa_3,"['TEXT', 'PBMD', 'TEXT', 'TEXT', 'TEXT']","[468043370482451246, 468043370484103576, 468043370482451249, 468043370482451355, 468043370482449758]","[0.7255371809005737, 0.7334235906600952, 0.7472447752952576, 0.724055826663971, 0.7253599166870117]",1,"[-1, -1, -1, -1, -1]"
ba4a3d15-f1cf-4072-b836-ecf2785657e3,Gynaecology & Obstetrics,0.9296875,0.023193359375,0.035888671875,0.012451171875,True,A,0.2742636203765869,medmcqa_3,"['TEXT', 'PBMD', 'PBMD', 'TEXT', 'PBMD']","[468043370482471664, 468043370483697659, 468043370483281183, 468043370482453031, 468043370483680785]","[0.7587241530418396, 0.7208831906318665, 0.7651852369308472, 0.7163849472999573, 0.739872932434082]",1,"[-1, -1, -1, -1, -1]"
599296cf-99e1-4a99-8322-cc24fef094a7,Gynaecology & Obstetrics,0.158203125,0.10205078125,0.6640625,0.07470703125,False,A,0.34822678565979004,medmcqa_3,"['PBMD', 'STAT', 'PBMD', 'PBMD', 'TEXT']","[468043370483439889, 468043370482822890, 468043370483442855, 468043370483437628, 468043370482400229]","[0.8240737318992615, 0.7939375638961792, 0.8098345398902893, 0.8204255104064941, 0.7710561156272888]",1,"[-1, -1, -1, -1, -1]"
6e6be6aa-cd4c-4101-9146-29577f634f9a,Gynaecology & Obstetrics,0.1259765625,0.09228515625,0.283203125,0.498046875,True,D,11.300801038742065,medmcqa_3,"['PBMD', 'PBMD', 'PBMD', 'PBMD', 'PBMD']","[468043370483666462, 468043370483945997, 468043370483858514, 468043370483659767, 468043370483804734]","[0.7751966118812561, 0.7663947343826294, 0.7740256786346436, 0.7762724757194519, 0.7862970232963562]",4,"[468043370484080686, 468043370484006999, 468043370482415193, 468043370482935012, 468043370482415156, 468043370482990634, 468043370484006999, 468043370482415193, 468043370483962971, 468043370482462994, 468043370482564796, 468043370482558152, 468043370482454643, 468043370482564793, 468043370482860237, 468043370482454643, 468043370482564796, 468043370482564773, 468043370482564793, 468043370482860237]"
9abacba9-f159-401a-b974-9040f9efdd8a,Gynaecology & Obstetrics,0.1162109375,0.62890625,0.0751953125,0.1796875,True,B,4.8539159297943115,medmcqa_3,"['STAT', 'TEXT', 'TEXT', 'STAT', 'TEXT']","[468043370482906431, 468043370482451104, 468043370482449401, 468043370482958297, 468043370482384701]","[0.7824015617370605, 0.7637951374053955, 0.7615405321121216, 0.7549480199813843, 0.7624616026878357]",2,"[468043370482449401, 468043370482451104, 468043370483794387, 468043370482906431, 468043370483945718, 468043370482906431, 468043370482451104, 468043370482865625, 468043370482449401, 468043370483545945]"
a13b245e-56b4-43cd-84fe-1c83ac2badeb,Gynaecology & Obstetrics,0.61328125,0.12890625,0.12890625,0.12890625,True,A,9.440605163574219,medmcqa_3,"['TEXT', 'PBMD', 'PBMD', 'TEXT', 'TEXT']","[468043370482452090, 468043370483474240, 468043370483328917, 468043370482449283, 468043370482449285]","[0.7972604632377625, 0.7760840654373169, 0.7666476964950562, 0.7645949125289917, 0.7713552713394165]",4,"[468043370482452090, 468043370483763446, 468043370483474240, 468043370482778089, 468043370483328917, 468043370482449285, 468043370483724982, 468043370482964943, 468043370482964942, 468043370483847810, 468043370483763446, 468043370482830297, 468043370484020002, 468043370482964934, 468043370482449227, 468043370482810239, 468043370483015757, 468043370482449227, 468043370483480598, 468043370483017058]"
c97369ec-b7b9-405c-ba9c-35cfdae8ce24,Gynaecology & Obstetrics,0.0263671875,0.1337890625,0.8203125,0.0181884765625,True,C,7.463033199310303,medmcqa_3,"['STAT', 'PBMD', 'PBMD', 'PBMD', 'PBMD']","[468043370482800496, 468043370483566918, 468043370483736897, 468043370483921100, 468043370483875763]","[0.7463622689247131, 0.7272248268127441, 0.7191745638847351, 0.7150201201438904, 0.7179247736930847]",4,"[468043370482451110, 468043370482451427, 468043370482451109, 468043370482917328, 468043370482451382, 468043370482451110, 468043370482451427, 468043370482451109, 468043370482917328, 468043370482451382, 468043370482451110, 468043370482451427, 468043370482814778, 468043370482917328, 468043370482451109, 468043370482451110, 468043370482451427, 468043370482451109, 468043370482917328, 468043370482884173]"
8ec544be-913f-4b14-9858-8026a462af96,Gynaecology & Obstetrics,0.1259765625,0.10498046875,0.640625,0.1259765625,False,D,0.3518967628479004,medmcqa_3,"['PBMD', 'PBMD', 'PBMD', 'PBMD', 'TEXT']","[468043370483909225, 468043370483759035, 468043370483123591, 468043370483631441, 468043370482460526]","[0.7608789205551147, 0.7761287689208984, 0.7567806839942932, 0.7645002007484436, 0.7387616038322449]",1,"[-1, -1, -1, -1, -1]"
eb49deaf-5611-4a19-8ad5-0cca73608043,Gynaecology & Obstetrics,0.1748046875,0.78515625,0.0196533203125,0.022216796875,True,B,0.2554759979248047,medmcqa_3,"['STAT', 'PBMD', 'TEXT', 'PBMD', 'TEXT']","[468043370482556017, 468043370483244653, 468043370482410011, 468043370483215412, 468043370482410012]","[0.7600414752960205, 0.7228342890739441, 0.7104849815368652, 0.7213118672370911, 0.7052951455116272]",1,"[-1, -1, -1, -1, -1]"
36b0d7c6-f5d7-4d5d-a312-c48ec39107e5,Radiology,0.05810546875,0.0242919921875,0.91015625,0.00836181640625,True,C,0.274594783782959,medmcqa_3,"['STAT', 'TEXT', 'STAT', 'TEXT', 'TEXT']","[468043370482549471, 468043370482489147, 468043370482535321, 468043370482407016, 468043370482417960]","[0.7415642142295837, 0.7310118675231934, 0.7838312387466431, 0.7889472246170044, 0.8010252714157104]",1,"[-1, -1, -1, -1, -1]"
477dea37-f0b6-4a6d-b77a-766ded28f2b6,Radiology,0.91796875,0.045654296875,0.0216064453125,0.01483154296875,True,A,0.2443695068359375,medmcqa_3,"['STAT', 'PBMD', 'PBMD', 'STAT', 'STAT']","[468043370482506310, 468043370483622100, 468043370483517778, 468043370482928255, 468043370483035954]","[0.7491098046302795, 0.7685041427612305, 0.7708795070648193, 0.7462882399559021, 0.746976912021637]",1,"[-1, -1, -1, -1, -1]"
3588f845-135e-4167-8455-ecc975821b3a,Radiology,0.25390625,0.2236328125,0.369140625,0.1533203125,True,C,11.219334840774536,medmcqa_3,"['PBMD', 'STAT', 'STAT', 'PBMD', 'STAT']","[468043370483439562, 468043370482949225, 468043370482795839, 468043370483748122, 468043370482495638]","[0.7612133026123047, 0.7464632391929626, 0.7297527194023132, 0.7670891284942627, 0.743108332157135]",4,"[468043370482949225, 468043370482495638, 468043370483217883, 468043370483619263, 468043370483215198, 468043370482371277, 468043370482485254, 468043370484006900, 468043370482371782, 468043370483619263, 468043370483815860, 468043370482961228, 468043370483748122, 468043370483304978, 468043370483619263, 468043370483748122, 468043370482949225, 468043370484024222, 468043370483619263, 468043370483439562]"
e536d0d8-52e5-4881-b33e-23907a9a3034,Radiology,0.059814453125,0.0634765625,0.82421875,0.052734375,True,C,0.25257158279418945,medmcqa_3,"['STAT', 'PBMD', 'STAT', 'PBMD', 'STAT']","[468043370482933642, 468043370484046347, 468043370482947829, 468043370483212921, 468043370482560330]","[0.8411802053451538, 0.8138434886932373, 0.7631922960281372, 0.8138250112533569, 0.7653218507766724]",1,"[-1, -1, -1, -1, -1]"
07549da1-d7ff-4fc2-85a0-a27023bbb810,Radiology,0.08154296875,0.041015625,0.875,0.0024566650390625,True,C,0.2490525245666504,medmcqa_3,"['STAT', 'STAT', 'TEXT', 'TEXT', 'STAT']","[468043370483066022, 468043370483066008, 468043370482465069, 468043370482402246, 468043370483066028]","[0.7283615469932556, 0.7565964460372925, 0.7651454210281372, 0.7056922912597656, 0.7259261608123779]",1,"[-1, -1, -1, -1, -1]"
c04418b3-8abb-4cb3-bd56-d5c2fd9adc70,Radiology,0.181640625,0.4921875,0.1328125,0.193359375,True,B,9.414654970169067,medmcqa_3,"['PBMD', 'PBMD', 'STAT', 'PBMD', 'STAT']","[468043370483213710, 468043370483643837, 468043370482778060, 468043370483209947, 468043370482958627]","[0.7739197015762329, 0.767591118812561, 0.7593563199043274, 0.7804144024848938, 0.7701495885848999]",3,"[468043370482958631, 468043370483643837, 468043370482778049, 468043370483209947, 468043370482958643, 468043370482771887, 468043370482771886, 468043370483643837, 468043370482778033, 468043370484055414, 468043370482870220, 468043370483154633, 468043370482875701, 468043370482411317, 468043370483510951]"
71a97018-2620-4ead-8abe-20863683353d,Radiology,0.9921875,0.006683349609375,0.0009613037109375,0.000850677490234375,True,A,0.27318310737609863,medmcqa_3,"['STAT', 'STAT', 'STAT', 'PBMD', 'PBMD']","[468043370482507048, 468043370482869260, 468043370482869258, 468043370483202502, 468043370483513125]","[0.7230015397071838, 0.6879913806915283, 0.6762483716011047, 0.722162663936615, 0.7202253341674805]",1,"[-1, -1, -1, -1, -1]"
b333f3d2-f0c1-4af8-add4-2f13f2a99643,Radiology,0.2294921875,0.2021484375,0.1396484375,0.4296875,False,C,8.39014196395874,medmcqa_3,"['PBMD', 'PBMD', 'PBMD', 'PBMD', 'TEXT']","[468043370483872167, 468043370483540968, 468043370483541468, 468043370483317963, 468043370482371909]","[0.7651105523109436, 0.7948428392410278, 0.7769927382469177, 0.7755942344665527, 0.729485273361206]",4,"[468043370483540968, 468043370483541468, 468043370483839498, 468043370484004125, 468043370484015312, 468043370483540968, 468043370483908187, 468043370484035868, 468043370483214393, 468043370483538673, 468043370483844774, 468043370483540968, 468043370483839498, 468043370484028317, 468043370483826318, 468043370483839498, 468043370483540968, 468043370483210936, 468043370483764665, 468043370484116883]"
e0d4d5a9-71e4-4f84-b750-3894f8c7eaad,Radiology,0.240234375,0.2255859375,0.2255859375,0.30859375,False,B,7.850776672363281,medmcqa_3,"['STAT', 'STAT', 'PBMD', 'STAT', 'PBMD']","[468043370482930083, 468043370483037925, 468043370483390523, 468043370482918684, 468043370483721873]","[0.7301990389823914, 0.735352635383606, 0.7635782361030579, 0.7091099619865417, 0.7650288343429565]",4,"[468043370483001076, 468043370482524800, 468043370482944398, 468043370482433574, 468043370482856755, 468043370483721873, 468043370483390523, 468043370483700359, 468043370483057855, 468043370483504305, 468043370483390523, 468043370483149803, 468043370482918680, 468043370483721873, 468043370482918688, 468043370483149803, 468043370483390523, 468043370483504305, 468043370483573499, 468043370483890478]"
fce10983-aee8-42db-b4a3-793db4d49faf,Radiology,0.5390625,0.1982421875,0.099609375,0.1640625,True,A,16.683775186538696,medmcqa_3,"['PBMD', 'PBMD', 'STAT', 'PBMD', 'PBMD']","[468043370483735570, 468043370483398885, 468043370482885395, 468043370483137524, 468043370483610901]","[0.7023612260818481, 0.7196627855300903, 0.6748893857002258, 0.695134699344635, 0.6861517429351807]",4,"[468043370483735570, 468043370483051308, 468043370482850847, 468043370484106138, 468043370483037921, 468043370483016524, 468043370483395560, 468043370483037921, 468043370482850847, 468043370484106138, 468043370483037921, 468043370483411615, 468043370482918675, 468043370482997824, 468043370483395560, 468043370483621601, 468043370483051308, 468043370483395560, 468043370482369221, 468043370483556168]"
48f3a95b-0f17-4c55-a104-7ae269bfcc0d,Radiology,0.17578125,0.73828125,0.03466796875,0.05029296875,False,A,0.20708107948303223,medmcqa_3,"['PBMD', 'PBMD', 'PBMD', 'TEXT', 'PBMD']","[468043370483208794, 468043370483124374, 468043370483222419, 468043370482440471, 468043370483415823]","[0.7685911655426025, 0.7581260204315186, 0.7682117223739624, 0.7340595126152039, 0.7569025754928589]",1,"[-1, -1, -1, -1, -1]"
f7c7aa89-a69c-495e-8db6-f39c604165d8,Radiology,0.1884765625,0.51171875,0.2001953125,0.1005859375,True,B,8.129045248031616,medmcqa_3,"['STAT', 'PBMD', 'STAT', 'PBMD', 'STAT']","[468043370483041690, 468043370483442721, 468043370482999710, 468043370483910436, 468043370483014166]","[0.7222844958305359, 0.7440000772476196, 0.7098293900489807, 0.7390464544296265, 0.7082756757736206]",4,"[468043370482477460, 468043370482426951, 468043370482834397, 468043370483425050, 468043370483535949, 468043370483846527, 468043370484098822, 468043370482985280, 468043370482801968, 468043370483425050, 468043370482497125, 468043370482421404, 468043370483052289, 468043370482879148, 468043370482478736, 468043370482875035, 468043370483683991, 468043370483055937, 468043370482930301, 468043370483907414]"
a66c89b4-55c2-4708-acfd-07987a4f5347,Radiology,0.201171875,0.6171875,0.05078125,0.1298828125,False,A,4.120269060134888,medmcqa_3,"['TEXT', 'PBMD', 'TEXT', 'STAT', 'STAT']","[468043370482407027, 468043370483219734, 468043370482456983, 468043370482542544, 468043370482545109]","[0.6862219572067261, 0.7194355726242065, 0.6626513004302979, 0.7054102420806885, 0.6652329564094543]",2,"[468043370482542544, 468043370483218072, 468043370483215620, 468043370482793720, 468043370483764665, 468043370482944595, 468043370483890504, 468043370482794822, 468043370484095067, 468043370484117380]"
50ca6bfb-4e53-40a0-a3a6-14cb2e92d6ab,Radiology,0.0703125,0.80859375,0.037841796875,0.0849609375,False,C,0.23954224586486816,medmcqa_3,"['STAT', 'PBMD', 'PBMD', 'STAT', 'STAT']","[468043370482825656, 468043370483459698, 468043370483214454, 468043370482873522, 468043370483037918]","[0.7195371985435486, 0.7375407218933105, 0.7075784802436829, 0.7066977024078369, 0.7196692824363708]",1,"[-1, -1, -1, -1, -1]"
ff386ce5-4735-41fe-8e0a-bc3be1999107,Radiology,0.28125,0.248046875,0.150390625,0.318359375,False,B,8.317085266113281,medmcqa_3,"['STAT', 'PBMD', 'STAT', 'PBMD', 'PBMD']","[468043370482542546, 468043370483823691, 468043370482901990, 468043370483850989, 468043370483541472]","[0.7281848192214966, 0.7509777545928955, 0.7319778800010681, 0.7559051513671875, 0.7680784463882446]",4,"[468043370483850989, 468043370483541472, 468043370483649250, 468043370484052147, 468043370484052163, 468043370483211500, 468043370482497729, 468043370483541472, 468043370483214084, 468043370482793986, 468043370483541472, 468043370482497729, 468043370483649250, 468043370483219067, 468043370482795884, 468043370484093463, 468043370483541472, 468043370483850989, 468043370483214084, 468043370482895396]"
70c721b1-9c86-4a0a-8734-cfe46d206f5a,Radiology,0.49609375,0.49609375,0.004852294921875,0.0029449462890625,False,B,4.175886631011963,medmcqa_3,"['STAT', 'STAT', 'PBMD', 'PBMD', 'PBMD']","[468043370483005046, 468043370483037924, 468043370483896315, 468043370484055125, 468043370483317702]","[0.7631819844245911, 0.7754908204078674, 0.7425683736801147, 0.7346153855323792, 0.7671794295310974]",2,"[468043370484055125, 468043370483037924, 468043370483765346, 468043370482930082, 468043370484052164, 468043370483037924, 468043370483262718, 468043370482825627, 468043370482930082, 468043370483569030]"
1730e3d6-7a73-4485-bc27-65e8ad61c9bb,Radiology,0.8828125,0.0986328125,0.01513671875,0.004913330078125,True,A,0.23810172080993652,medmcqa_3,"['PBMD', 'PBMD', 'PBMD', 'PBMD', 'PBMD']","[468043370483811441, 468043370483367932, 468043370483477350, 468043370483217818, 468043370483826308]","[0.7812544703483582, 0.8031130433082581, 0.7788761854171753, 0.7725890874862671, 0.7739708423614502]",1,"[-1, -1, -1, -1, -1]"
e96fadd5-fac8-4cde-9957-d69ed40b3364,Radiology,0.390625,0.56640625,0.020751953125,0.020751953125,False,A,4.3384504318237305,medmcqa_3,"['TEXT', 'TEXT', 'TEXT', 'TEXT', 'TEXT']","[468043370482421876, 468043370482436747, 468043370482445769, 468043370482436748, 468043370482477471]","[0.7250563502311707, 0.7363395094871521, 0.7626298069953918, 0.7183790802955627, 0.7325862646102905]",2,"[468043370482477471, 468043370482942654, 468043370482477326, 468043370482477480, 468043370483629171, 468043370482477480, 468043370482477326, 468043370482477475, 468043370483076314, 468043370482477483]"
427b1e29-9386-4ca4-af88-7c3fe4b37e15,Radiology,0.376953125,0.55078125,0.048095703125,0.024169921875,False,A,4.639918327331543,medmcqa_3,"['PBMD', 'PBMD', 'STAT', 'PBMD', 'PBMD']","[468043370484088421, 468043370484004125, 468043370482902004, 468043370483987409, 468043370483643649]","[0.8002643585205078, 0.8203164339065552, 0.802924633026123, 0.8139058351516724, 0.8010526895523071]",2,"[468043370484048008, 468043370483844774, 468043370484004125, 468043370484013466, 468043370483643649, 468043370483844774, 468043370482958628, 468043370484004125, 468043370483987409, 468043370482952484]"
e3782486-d6bf-4ef2-8830-5cdfdcacb020,Radiology,0.0157470703125,0.0025634765625,0.97265625,0.0074462890625,True,C,0.197678804397583,medmcqa_3,"['PBMD', 'STAT', 'STAT', 'TEXT', 'STAT']","[468043370483217072, 468043370483020847, 468043370483020904, 468043370482407195, 468043370482795831]","[0.7569372653961182, 0.7677168846130371, 0.7601233720779419, 0.7769169807434082, 0.7790203094482422]",1,"[-1, -1, -1, -1, -1]"
ccb55b07-8a29-4e45-a38c-8f0db374c703,ENT,0.06689453125,0.8671875,0.004852294921875,0.05908203125,True,B,0.3420987129211426,medmcqa_3,"['PBMD', 'PBMD', 'PBMD', 'PBMD', 'PBMD']","[468043370483875750, 468043370484110477, 468043370483671140, 468043370483266548, 468043370483985189]","[0.7895562052726746, 0.7901991009712219, 0.7833172082901001, 0.7879301309585571, 0.7832633852958679]",1,"[-1, -1, -1, -1, -1]"
b3554a03-5d0e-42ef-8033-6b3062193ae1,ENT,0.07421875,0.90234375,0.013671875,0.010009765625,True,B,0.27138209342956543,medmcqa_3,"['PBMD', 'PBMD', 'PBMD', 'TEXT', 'PBMD']","[468043370483398021, 468043370483955274, 468043370483294441, 468043370482485369, 468043370483384595]","[0.7783257961273193, 0.7935320138931274, 0.7909567356109619, 0.7673928737640381, 0.815842866897583]",1,"[-1, -1, -1, -1, -1]"
762824c1-92d7-4a9e-9fcb-3a7fb3adfe69,ENT,0.86328125,0.07568359375,0.05517578125,0.00482177734375,True,A,0.24828743934631348,medmcqa_3,"['TEXT', 'PBMD', 'TEXT', 'PBMD', 'STAT']","[468043370482394619, 468043370483732562, 468043370482394618, 468043370483429794, 468043370482786408]","[0.7229372262954712, 0.7372929453849792, 0.7306606769561768, 0.7454612255096436, 0.7251388430595398]",1,"[-1, -1, -1, -1, -1]"
e584f190-0cb1-4ef7-9e2a-e4f0ccc8e01b,ENT,0.1494140625,0.0849609375,0.66796875,0.09619140625,True,C,5.052042245864868,medmcqa_3,"['STAT', 'TEXT', 'TEXT', 'STAT', 'STAT']","[468043370483022000, 468043370482444531, 468043370482444465, 468043370482991135, 468043370482800662]","[0.7483212947845459, 0.730868935585022, 0.7164130210876465, 0.7745211124420166, 0.7342504262924194]",2,"[468043370482444465, 468043370482533591, 468043370482473315, 468043370482826647, 468043370483361705, 468043370483393942, 468043370482899455, 468043370483627157, 468043370482873643, 468043370483035742]"
d1ef23c9-e756-4ae2-a91c-992fa658c4c3,ENT,0.8984375,0.061279296875,0.0224609375,0.017578125,True,A,0.2419600486755371,medmcqa_3,"['STAT', 'PBMD', 'STAT', 'PBMD', 'TEXT']","[468043370483022185, 468043370483814508, 468043370482880744, 468043370483760871, 468043370482440432]","[0.7373294234275818, 0.7648704051971436, 0.7378953695297241, 0.7622308731079102, 0.7702404260635376]",1,"[-1, -1, -1, -1, -1]"
6b13b5d1-10ab-414c-bfd4-76b9463300f2,ENT,0.318359375,0.28125,0.248046875,0.150390625,False,B,9.970332384109497,medmcqa_3,"['TEXT', 'STAT', 'STAT', 'STAT', 'PBMD']","[468043370482440529, 468043370483000298, 468043370482793381, 468043370482886227, 468043370483759378]","[0.7283369898796082, 0.7261078357696533, 0.7239250540733337, 0.7255204916000366, 0.7241553068161011]",4,"[468043370483451473, 468043370484122182, 468043370482824623, 468043370482880724, 468043370483451501, 468043370483900244, 468043370482824623, 468043370483431565, 468043370482880724, 468043370484122182, 468043370484122182, 468043370483431565, 468043370483451473, 468043370483900244, 468043370482824623, 468043370482880725, 468043370483847137, 468043370482556734, 468043370482556735, 468043370482824623]"
4bab5fce-dd4d-4196-906d-11354ffa1c8d,ENT,0.03662109375,0.005645751953125,0.010498046875,0.9453125,True,D,0.25415754318237305,medmcqa_3,"['PBMD', 'TEXT', 'STAT', 'STAT', 'TEXT']","[468043370484073581, 468043370482372041, 468043370482813119, 468043370482821247, 468043370482485378]","[0.7711524963378906, 0.743552565574646, 0.743860125541687, 0.7375029921531677, 0.7596108913421631]",1,"[-1, -1, -1, -1, -1]"
a86db080-2d2a-4eb2-abb0-11de110167f8,ENT,0.09228515625,0.56640625,0.10498046875,0.236328125,True,B,10.181562423706055,medmcqa_3,"['PBMD', 'PBMD', 'TEXT', 'PBMD', 'TEXT']","[468043370483771015, 468043370483434541, 468043370482485279, 468043370483771022, 468043370482485280]","[0.782381534576416, 0.7940453290939331, 0.7429920434951782, 0.7934354543685913, 0.7462117075920105]",3,"[468043370483809576, 468043370482484950, 468043370483720636, 468043370484113979, 468043370482407535, 468043370482485280, 468043370482801073, 468043370482407545, 468043370482485271, 468043370482485264, 468043370483771015, 468043370484020445, 468043370482485271, 468043370483304569, 468043370483771022]"
be68160f-1668-4576-abcc-882aa211beb3,ENT,0.90234375,0.061279296875,0.0164794921875,0.0198974609375,True,A,0.25244784355163574,medmcqa_3,"['TEXT', 'PBMD', 'STAT', 'STAT', 'PBMD']","[468043370482403265, 468043370483578096, 468043370482555857, 468043370482814297, 468043370483468478]","[0.7960507273674011, 0.7833314538002014, 0.7634487748146057, 0.7620581388473511, 0.7843161821365356]",1,"[-1, -1, -1, -1, -1]"
38810794-2735-4239-b36f-d9a509a2997f,ENT,0.01104736328125,0.049560546875,0.93359375,0.00592041015625,False,B,0.22113418579101562,medmcqa_3,"['STAT', 'STAT', 'STAT', 'STAT', 'PBMD']","[468043370482992325, 468043370482850510, 468043370482553826, 468043370482825980, 468043370483272003]","[0.804185152053833, 0.7782821655273438, 0.7602259516716003, 0.759478747844696, 0.7715539932250977]",1,"[-1, -1, -1, -1, -1]"
5e7cb3e3-57f6-4748-96dd-0b8f6e2fa902,ENT,0.96875,0.00225830078125,0.004791259765625,0.0228271484375,True,A,0.24990129470825195,medmcqa_3,"['PBMD', 'STAT', 'PBMD', 'STAT', 'PBMD']","[468043370483851702, 468043370482514998, 468043370484005697, 468043370482914366, 468043370484059629]","[0.7738859057426453, 0.7619858980178833, 0.7752330899238586, 0.7741036415100098, 0.7950107455253601]",1,"[-1, -1, -1, -1, -1]"
da2078b0-6ce5-4ba3-82f2-7b145665be2b,ENT,0.76171875,0.048583984375,0.1318359375,0.05859375,True,A,0.19234085083007812,medmcqa_3,"['STAT', 'STAT', 'STAT', 'STAT', 'STAT']","[468043370482777615, 468043370482980485, 468043370482986636, 468043370483023269, 468043370482979794]","[0.7563475370407104, 0.7475559115409851, 0.72837233543396, 0.7246425151824951, 0.7283152937889099]",1,"[-1, -1, -1, -1, -1]"
2267ecd3-7b7f-4416-86f8-5ef2312e643e,ENT,0.11376953125,0.050537109375,0.044677734375,0.7890625,False,A,0.2784082889556885,medmcqa_3,"['TEXT', 'TEXT', 'TEXT', 'STAT', 'PBMD']","[468043370482403398, 468043370482383067, 468043370482383068, 468043370482933590, 468043370483240561]","[0.743481457233429, 0.7514597177505493, 0.7906402349472046, 0.7567481994628906, 0.7913395166397095]",1,"[-1, -1, -1, -1, -1]"
