id,subject,probA,probB,probC,probD,result,answer,time,split,sources,ids,similarity
d15cf6f1-485a-4609-802d-82c97d3db766,Physiology,0.041748046875,0.003875732421875,0.006378173828125,0.94921875,True,D,0.02657938003540039,medmcqa_2,"['TEXT', 'STAT', 'PBMD']","[467523489549989113, 467572377850398507, 467572377852296236]","[0.8279318809509277, 0.8182814121246338, 0.8115242719650269]"
7ff8d503-22a4-4fbf-8528-05bd4e572524,Physiology,0.0101318359375,0.07470703125,0.0032806396484375,0.91015625,True,D,0.025626420974731445,medmcqa_2,"['PBMD', 'TEXT', 'STAT']","[467572377854796144, 467523489549943529, 467572377850316813]","[0.8116048574447632, 0.811177670955658, 0.8089642524719238]"
51a610fe-0c90-488c-b944-6b27d1df1796,Physiology,0.03662109375,0.01348876953125,0.005279541015625,0.9453125,True,D,0.03890681266784668,medmcqa_2,"['TEXT', 'PBMD', 'PBMD']","[467523489549987620, 467572377853821731, 467572377853270921]","[0.8393115997314453, 0.8351575136184692, 0.8277887105941772]"
a24cf57f-edd2-40c8-ad63-7fa07f4c724d,Physiology,0.052978515625,0.94140625,0.0010986328125,0.0052490234375,True,B,0.05274057388305664,medmcqa_2,"['PBMD', 'PBMD', 'PBMD']","[467572377853653724, 467572377853983008, 467572377854762438]","[0.7873027324676514, 0.780580997467041, 0.7784227132797241]"
3c29df3c-12ec-4f1f-ac5d-ce9d81ee2d4e,Physiology,0.08056640625,0.71875,0.09716796875,0.103515625,False,A,0.033684492111206055,medmcqa_2,"['TEXT', 'PBMD', 'PBMD']","[467523489549988545, 467572377854952072, 467572377856038758]","[0.8027951717376709, 0.7773444652557373, 0.7773439884185791]"
3529451e-291f-4c1e-a2ee-34acd92a047f,Physiology,0.058837890625,0.91796875,0.0115966796875,0.0108642578125,True,B,0.026320219039916992,medmcqa_2,"['STAT', 'STAT', 'PBMD']","[467572377850267104, 467572377850271592, 467572377852566003]","[0.734937846660614, 0.734937846660614, 0.7293249368667603]"
7284ed99-07e1-41de-860b-a6f29a9a00b3,Physiology,0.228515625,0.35546875,0.35546875,0.0615234375,False,D,0.04862570762634277,medmcqa_2,"['PBMD', 'TEXT', 'PBMD']","[467572377852044060, 467523489549995970, 467572377855003392]","[0.7530918717384338, 0.7298224568367004, 0.7277593016624451]"
c458d488-5824-4ddb-acef-cb1f0c2f6fb4,Physiology,0.08642578125,0.8203125,0.0361328125,0.055908203125,True,B,0.026295900344848633,medmcqa_2,"['TEXT', 'STAT', 'TEXT']","[467523489549990097, 467572377850671696, 467523489549936470]","[0.8133108019828796, 0.8001635074615479, 0.7991811037063599]"
91e3a036-39cb-436a-9a90-269cc43d563a,Physiology,0.330078125,0.6171875,0.02392578125,0.0306396484375,False,D,0.03403973579406738,medmcqa_2,"['PBMD', 'PBMD', 'STAT']","[467572377855762721, 467572377854118245, 467572377850784038]","[0.7785263061523438, 0.77217036485672, 0.7705861330032349]"
b9cb73f1-12e0-40ae-83b7-353755006713,Physiology,0.9609375,0.0166015625,0.02001953125,0.00174713134765625,True,A,0.03379988670349121,medmcqa_2,"['PBMD', 'PBMD', 'PBMD']","[467572377853425465, 467572377854644232, 467572377853111413]","[0.8026602864265442, 0.8019762635231018, 0.7996019124984741]"
079bb653-5190-44ee-be4c-5ea26d210094,Physiology,0.67578125,0.11767578125,0.125,0.08056640625,True,A,0.03432416915893555,medmcqa_2,"['TEXT', 'PBMD', 'STAT']","[467523489549977699, 467572377855240154, 467572377850683394]","[0.8522415161132812, 0.8408579230308533, 0.8390249013900757]"
1ff76bee-8551-43b8-b596-3f84cf1e5cc4,Physiology,0.2578125,0.482421875,0.0576171875,0.201171875,False,D,0.03492164611816406,medmcqa_2,"['PBMD', 'PBMD', 'PBMD']","[467572377852053136, 467572377855977051, 467572377852390926]","[0.8039191961288452, 0.7989934682846069, 0.7956528663635254]"
08bc3629-079d-41ec-9fd6-13c796c88ea5,Physiology,0.027099609375,0.89453125,0.07373046875,0.00323486328125,False,C,0.038481950759887695,medmcqa_2,"['PBMD', 'PBMD', 'PBMD']","[467572377855041862, 467572377852065378, 467572377854331695]","[0.8088456392288208, 0.7952309846878052, 0.7950263619422913]"
9b162b7e-c082-4d4c-bebb-f6fe25014f50,Physiology,0.984375,0.0062255859375,0.007049560546875,0.0035400390625,True,A,0.02455425262451172,medmcqa_2,"['STAT', 'STAT', 'PBMD']","[467572377850373859, 467572377850354369, 467572377855395044]","[0.7935659885406494, 0.7780827879905701, 0.7563039064407349]"
fcf0e851-e66d-4a42-a5e8-11992065b2c1,Physiology,0.1630859375,0.443359375,0.208984375,0.1845703125,False,A,0.032497406005859375,medmcqa_2,"['PBMD', 'PBMD', 'TEXT']","[467572377852970122, 467572377853029534, 467523489549977190]","[0.8307578563690186, 0.82932448387146, 0.8277960419654846]"
9c66c905-3a4a-440e-973f-270b04fe9a86,Physiology,0.0498046875,0.06396484375,0.8828125,0.0052490234375,True,C,0.05454254150390625,medmcqa_2,"['TEXT', 'PBMD', 'PBMD']","[467523489549950416, 467572377856357449, 467572377853865133]","[0.784400463104248, 0.7758880853652954, 0.7507588267326355]"
5120f2df-11e4-4a36-a894-cdbcf8d60ed5,Physiology,0.2119140625,0.349609375,0.349609375,0.08837890625,False,A,0.03288102149963379,medmcqa_2,"['TEXT', 'PBMD', 'PBMD']","[467523489549990693, 467572377850903147, 467572377852329030]","[0.7811722159385681, 0.773829460144043, 0.7677813768386841]"
30fbf7e1-42ab-4df1-9a87-d525a1c80491,Physiology,0.9921875,0.002960205078125,0.00335693359375,0.00191497802734375,True,A,0.03673982620239258,medmcqa_2,"['PBMD', 'PBMD', 'PBMD']","[467572377855589941, 467572377856501332, 467572377853063581]","[0.8095702528953552, 0.8022891879081726, 0.7983490228652954]"
f6bf1016-ae64-4e6e-80ef-8340b8b4fa1a,Physiology,0.0390625,0.044189453125,0.890625,0.02685546875,True,C,0.046236515045166016,medmcqa_2,"['PBMD', 'PBMD', 'PBMD']","[467572377856236951, 467572377854759653, 467572377855066519]","[0.8063464164733887, 0.8013425469398499, 0.8013373613357544]"
b702a894-f54c-453f-945f-698a424cd6b7,Physiology,0.28125,0.2197265625,0.46484375,0.03369140625,False,D,0.03601479530334473,medmcqa_2,"['PBMD', 'PBMD', 'PBMD']","[467572377853405540, 467572377854510850, 467572377850968292]","[0.8219594359397888, 0.8185024261474609, 0.8143289685249329]"
43147af6-11b5-4a32-8feb-57258278403b,Dental,0.12353515625,0.7109375,0.04833984375,0.1162109375,True,B,0.03197598457336426,medmcqa_2,"['PBMD', 'PBMD', 'PBMD']","[467572377853179751, 467572377854824160, 467572377855152071]","[0.7940465211868286, 0.7696680426597595, 0.765568196773529]"
c1af2175-e8d8-4765-9731-bf27916d53f5,Dental,0.1435546875,0.251953125,0.302734375,0.302734375,True,C,0.03371882438659668,medmcqa_2,"['STAT', 'TEXT', 'STAT']","[467572377850696537, 467523489549699010, 467572377850696536]","[0.8165695071220398, 0.7961728572845459, 0.7841508984565735]"
140c7aa8-2628-4542-a210-af73d746843f,Dental,0.412109375,0.1943359375,0.07177734375,0.3203125,True,A,0.04290938377380371,medmcqa_2,"['PBMD', 'PBMD', 'PBMD']","[467572377852254230, 467572377855862195, 467572377855546936]","[0.8140576481819153, 0.8033827543258667, 0.8023037314414978]"
fbf19492-4cc6-4c34-ac7f-fbd11e9c6ab1,Dental,0.421875,0.373046875,0.1552734375,0.05029296875,False,B,0.036618709564208984,medmcqa_2,"['PBMD', 'PBMD', 'PBMD']","[467572377852904619, 467572377854016471, 467572377852083311]","[0.796127438545227, 0.7953081130981445, 0.7947617769241333]"
0a1e0419-eab8-498a-baa1-e6726e38ef3b,Dental,0.75,0.11474609375,0.11474609375,0.021240234375,True,A,0.03220796585083008,medmcqa_2,"['PBMD', 'PBMD', 'PBMD']","[467572377853464073, 467572377852476183, 467572377852207668]","[0.7640694379806519, 0.750230073928833, 0.7444522976875305]"
55c160d5-716a-4a3c-ae43-ff08752fad3e,Dental,0.19140625,0.1318359375,0.458984375,0.216796875,False,A,0.03654932975769043,medmcqa_2,"['PBMD', 'PBMD', 'PBMD']","[467572377852348122, 467572377853268737, 467572377854165256]","[0.7857978940010071, 0.7822765707969666, 0.7816482186317444]"
094c0b8e-b50f-4990-b95a-c8c866309609,Dental,0.0091552734375,0.052734375,0.003814697265625,0.93359375,True,D,0.03122091293334961,medmcqa_2,"['PBMD', 'PBMD', 'TEXT']","[467572377854763774, 467572377854554988, 467523489549709859]","[0.783668577671051, 0.7813947796821594, 0.7785189151763916]"
46f20a2a-755e-4562-bda4-cd3fd0c6731c,Dental,0.28125,0.67578125,0.0296630859375,0.01239013671875,True,B,0.05285143852233887,medmcqa_2,"['PBMD', 'PBMD', 'PBMD']","[467572377856038916, 467572377853370700, 467572377852993626]","[0.7568971514701843, 0.7564035058021545, 0.7492640614509583]"
92ea0aa6-4ac7-481e-8010-a2e4cf484602,Dental,0.1416015625,0.06689453125,0.298828125,0.4921875,True,D,0.038153886795043945,medmcqa_2,"['PBMD', 'PBMD', 'PBMD']","[467572377853931261, 467572377850896087, 467572377854474191]","[0.845693826675415, 0.839935839176178, 0.8330926895141602]"
b3b7dc01-51b3-4910-8cbf-94177e1cb3ff,Dental,0.232421875,0.3828125,0.205078125,0.1806640625,False,D,0.05643415451049805,medmcqa_2,"['PBMD', 'PBMD', 'PBMD']","[467572377852252528, 467572377853399948, 467572377853078612]","[0.7887626886367798, 0.7811668515205383, 0.7782543897628784]"
315793de-d46a-4992-9cf7-aebdcaea9e61,Dental,0.890625,0.00250244140625,0.10595703125,0.002197265625,True,A,0.03811383247375488,medmcqa_2,"['PBMD', 'PBMD', 'PBMD']","[467572377855253374, 467572377853927185, 467572377852518855]","[0.8284804224967957, 0.8153603672981262, 0.808020830154419]"
840966f1-7b5e-4e49-8956-33bac21d6877,Dental,0.146484375,0.578125,0.146484375,0.12890625,True,B,0.031042814254760742,medmcqa_2,"['STAT', 'STAT', 'PBMD']","[467572377850696552, 467572377850696551, 467572377852735348]","[0.774642825126648, 0.7605046033859253, 0.7499664425849915]"
a2f28e01-4af7-4ec6-b5c0-6f0faa6b3ee3,Dental,0.005889892578125,0.00335693359375,0.00179290771484375,0.98828125,True,D,0.031960248947143555,medmcqa_2,"['STAT', 'PBMD', 'PBMD']","[467572377850709729, 467572377855890000, 467572377852921411]","[0.7911909818649292, 0.776260256767273, 0.7667515277862549]"
b4347ceb-b9fe-47fb-9cbb-1377c053a8d9,Dental,0.2275390625,0.2734375,0.2421875,0.2578125,False,A,0.036156415939331055,medmcqa_2,"['PBMD', 'STAT', 'PBMD']","[467572377852250859, 467572377850295937, 467572377855779561]","[0.7028840780258179, 0.7014447450637817, 0.6969495415687561]"
705bad74-974d-48d3-9d67-8a4aeaa68b21,Dental,0.072265625,0.3046875,0.018310546875,0.60546875,False,B,0.024315834045410156,medmcqa_2,"['TEXT', 'STAT', 'PBMD']","[467523489549698923, 467572377850785447, 467572377856761886]","[0.7957512140274048, 0.7935141324996948, 0.7840505838394165]"
65ba5c27-a711-4c4e-992a-675a2058dbf1,Dental,0.359375,0.298828125,0.1240234375,0.2177734375,True,A,0.025634288787841797,medmcqa_2,"['PBMD', 'PBMD', 'PBMD']","[467572377853107871, 467572377853943173, 467572377854535834]","[0.7432436347007751, 0.7285105586051941, 0.7148065567016602]"
bd97fee8-36e1-488b-96ef-e8c9d42b38db,Dental,0.150390625,0.462890625,0.169921875,0.2177734375,False,C,0.03623247146606445,medmcqa_2,"['PBMD', 'PBMD', 'PBMD']","[467572377854636691, 467572377854140135, 467572377855364961]","[0.7519742250442505, 0.7448415756225586, 0.7441956400871277]"
4df9278a-2d1b-4955-9a64-958b39558f3d,Dental,0.99609375,0.001495361328125,0.00170135498046875,0.0003566741943359375,True,A,0.03303885459899902,medmcqa_2,"['PBMD', 'PBMD', 'PBMD']","[467572377854271596, 467572377856247195, 467572377853954611]","[0.8481577634811401, 0.8451504111289978, 0.8329517841339111]"
3ea1fb6f-2f04-4881-ac05-2fee0f2873e9,Dental,0.34765625,0.392578125,0.23828125,0.0208740234375,False,C,0.0326991081237793,medmcqa_2,"['PBMD', 'PBMD', 'PBMD']","[467572377853483784, 467572377850925090, 467572377854842989]","[0.7931358218193054, 0.7911627292633057, 0.7910259962081909]"
7c96e456-607b-4cb9-a128-bcdfb333c1d5,Dental,0.11962890625,0.173828125,0.018310546875,0.6875,False,B,0.03780698776245117,medmcqa_2,"['PBMD', 'PBMD', 'PBMD']","[467572377856063325, 467572377853092494, 467572377853494466]","[0.7814650535583496, 0.7715075016021729, 0.7631158828735352]"
4d6a8114-360c-4305-bb39-0e5089e14562,Surgery,0.0302734375,0.8828125,0.0322265625,0.05322265625,False,C,0.037732601165771484,medmcqa_2,"['TEXT', 'PBMD', 'PBMD']","[467523489549713204, 467572377852102203, 467572377856412071]","[0.7977020740509033, 0.7803235650062561, 0.7769287824630737]"
b928d87c-49fb-4af9-b298-73d69f0e3bfa,Surgery,0.47265625,0.25390625,0.2236328125,0.0498046875,False,B,0.035805463790893555,medmcqa_2,"['PBMD', 'PBMD', 'PBMD']","[467572377855563634, 467572377852975677, 467572377853777496]","[0.8046769499778748, 0.7940089702606201, 0.793840765953064]"
f24567e4-d92f-43eb-8f7d-a1915faed0b3,Surgery,0.126953125,0.443359375,0.126953125,0.3046875,True,B,0.036437273025512695,medmcqa_2,"['PBMD', 'PBMD', 'STAT']","[467572377855246693, 467572377856804550, 467572377850335133]","[0.8557307124137878, 0.846840500831604, 0.8442617058753967]"
16c51d6b-b0b3-4c31-be16-d0b98df23fa3,Surgery,0.032470703125,0.9453125,0.0184326171875,0.00341796875,True,B,0.027483701705932617,medmcqa_2,"['PBMD', 'PBMD', 'PBMD']","[467572377854039578, 467572377855951174, 467572377852111192]","[0.8217317461967468, 0.804124116897583, 0.7993698716163635]"
8c994154-5045-4e9b-8d49-9627121ca402,Surgery,0.400390625,0.58203125,0.01373291015625,0.00164031982421875,True,B,0.0383455753326416,medmcqa_2,"['PBMD', 'PBMD', 'PBMD']","[467572377853250328, 467572377853393769, 467572377854350328]","[0.7931445240974426, 0.7861007452011108, 0.7853725552558899]"
5e5432e8-aee0-4c89-b0cd-922cb41fa83f,Surgery,0.007110595703125,0.9921875,0.000705718994140625,0.000331878662109375,True,B,0.02525496482849121,medmcqa_2,"['PBMD', 'PBMD', 'PBMD']","[467572377850921355, 467572377854484207, 467572377855473656]","[0.7892701625823975, 0.7831907272338867, 0.7737540602684021]"
9081fac3-9cc8-40b4-98b4-39eb48e197bf,Surgery,0.96484375,0.005401611328125,0.0257568359375,0.002716064453125,True,A,0.031323909759521484,medmcqa_2,"['PBMD', 'PBMD', 'PBMD']","[467572377853047276, 467572377852727371, 467572377853265752]","[0.8611891269683838, 0.8488202095031738, 0.8460837602615356]"
14067a27-5462-4677-a713-7186989a2da4,Surgery,0.3984375,0.1376953125,0.06494140625,0.3984375,True,A,0.032372236251831055,medmcqa_2,"['PBMD', 'PBMD', 'PBMD']","[467572377853910198, 467572377852107543, 467572377852731017]","[0.7820839285850525, 0.7768533825874329, 0.7722369432449341]"
0b90f15f-d1b8-41cd-9543-348b18a31c6d,Surgery,0.62890625,0.09619140625,0.1162109375,0.1591796875,True,A,0.03613996505737305,medmcqa_2,"['PBMD', 'PBMD', 'PBMD']","[467572377856196835, 467572377852646171, 467572377854688107]","[0.788588285446167, 0.7880852222442627, 0.7863377332687378]"
7c0e36c2-f72b-484d-92cf-c1819c9543d9,Surgery,0.1640625,0.1279296875,0.6484375,0.060302734375,True,C,0.03238630294799805,medmcqa_2,"['PBMD', 'PBMD', 'PBMD']","[467572377852035787, 467572377856133180, 467572377854959866]","[0.7931010723114014, 0.7890422344207764, 0.7886958122253418]"
993a097d-f871-4605-a018-8d0ae8ba3ec7,Surgery,0.33203125,0.021240234375,0.0272216796875,0.62109375,False,B,0.03688192367553711,medmcqa_2,"['PBMD', 'PBMD', 'PBMD']","[467572377856160762, 467572377856510522, 467572377855505888]","[0.7694541215896606, 0.7652982473373413, 0.7650418877601624]"
f0e8be4b-427f-4eca-9727-be9a73f0f3d0,Surgery,0.150390625,0.76171875,0.045654296875,0.04296875,False,D,0.033948659896850586,medmcqa_2,"['PBMD', 'PBMD', 'PBMD']","[467572377852338800, 467572377855184391, 467572377853967306]","[0.790966272354126, 0.7736822366714478, 0.7687109112739563]"
7a7c2016-82d4-4b35-8723-231934d5f0e6,Surgery,0.041015625,0.93359375,0.01611328125,0.00811767578125,True,B,0.03651785850524902,medmcqa_2,"['PBMD', 'PBMD', 'PBMD']","[467572377855399035, 467572377855319682, 467572377853006219]","[0.8059075474739075, 0.8058238625526428, 0.8028717041015625]"
38bd8016-eca6-49c1-94ff-0390746e510a,Surgery,0.00848388671875,0.0625,0.01019287109375,0.91796875,True,D,0.03380298614501953,medmcqa_2,"['PBMD', 'PBMD', 'STAT']","[467572377854136751, 467572377852854767, 467572377850678888]","[0.7465725541114807, 0.7381220459938049, 0.7345138788223267]"
47529f48-4c06-4e95-8a5e-2153ada031a6,Surgery,0.1376953125,0.69921875,0.0888671875,0.07373046875,True,B,0.05479693412780762,medmcqa_2,"['PBMD', 'PBMD', 'PBMD']","[467572377852131945, 467572377853736377, 467572377853710810]","[0.8067962527275085, 0.8061789870262146, 0.8047003746032715]"
83301d8f-26b2-4bec-b41b-834c3c722b2b,Surgery,0.0830078125,0.6953125,0.1455078125,0.07763671875,True,B,0.0465395450592041,medmcqa_2,"['PBMD', 'PBMD', 'PBMD']","[467572377852090452, 467572377854703050, 467572377855597867]","[0.8198955655097961, 0.818938136100769, 0.818589448928833]"
fd1fcc17-44d6-410c-8f57-359cb22a2ef7,Surgery,0.671875,0.0625,0.07080078125,0.193359375,True,A,0.02460765838623047,medmcqa_2,"['PBMD', 'PBMD', 'PBMD']","[467572377852743142, 467572377852485414, 467572377852577264]","[0.8250216245651245, 0.8236154913902283, 0.8225874900817871]"
cd2cf111-5fc2-4614-a153-f844977fb180,Surgery,0.1728515625,0.7734375,0.03857421875,0.01336669921875,False,A,0.03555655479431152,medmcqa_2,"['PBMD', 'PBMD', 'PBMD']","[467572377852901443, 467572377852791519, 467572377854660821]","[0.7910688519477844, 0.7831712961196899, 0.7808523774147034]"
bfa24e20-d6da-455b-b682-5938605617be,Surgery,0.087890625,0.099609375,0.50390625,0.306640625,True,C,0.038161277770996094,medmcqa_2,"['PBMD', 'PBMD', 'PBMD']","[467572377854523584, 467572377855619200, 467572377854545750]","[0.8080547451972961, 0.8060569167137146, 0.8057120442390442]"
a9498139-288c-4327-960b-fefc96a1f962,Surgery,0.080078125,0.5234375,0.2470703125,0.1494140625,False,D,0.025615215301513672,medmcqa_2,"['STAT', 'STAT', 'STAT']","[467572377850738335, 467572377850747201, 467572377850287358]","[0.7399379014968872, 0.7366984486579895, 0.7320919632911682]"
c58b1eed-0c77-48dd-b173-d47ce4311e6f,Orthopaedics,0.2890625,0.419921875,0.1982421875,0.09375,False,A,0.031235218048095703,medmcqa_2,"['PBMD', 'PBMD', 'PBMD']","[467572377856097074, 467572377853807824, 467572377854281971]","[0.7892225980758667, 0.7827410101890564, 0.7748705148696899]"
f756ceb4-b4e1-46fa-9731-2b49cedce4ce,Orthopaedics,0.1533203125,0.25390625,0.47265625,0.11962890625,True,C,0.02404952049255371,medmcqa_2,"['PBMD', 'PBMD', 'PBMD']","[467572377853673739, 467572377854881998, 467572377855427152]","[0.7721145749092102, 0.7697428464889526, 0.76889967918396]"
04a54135-71f4-4636-87d5-31adbd78481d,Orthopaedics,0.1162109375,0.02294921875,0.7578125,0.1025390625,False,D,0.024756669998168945,medmcqa_2,"['PBMD', 'STAT', 'STAT']","[467572377852334769, 467572377850282658, 467572377850282641]","[0.8370841145515442, 0.8164977431297302, 0.8041273951530457]"
b027cdbb-039e-4d89-9f34-340a8e8c85e3,Orthopaedics,0.091796875,0.11083984375,0.1181640625,0.6796875,True,D,0.03319430351257324,medmcqa_2,"['PBMD', 'PBMD', 'PBMD']","[467572377852334769, 467572377855524708, 467572377854267934]","[0.7837544679641724, 0.76677405834198, 0.7665644884109497]"
790e4b2c-a1fb-4d76-ba90-d5ac0cfe9b09,Orthopaedics,0.54296875,0.0732421875,0.291015625,0.09423828125,False,D,0.0371243953704834,medmcqa_2,"['PBMD', 'PBMD', 'PBMD']","[467572377852932297, 467572377854019880, 467572377852791936]","[0.7817151546478271, 0.7750034332275391, 0.7717779278755188]"
0fd17712-6948-44a5-8833-9c78fc0de950,Orthopaedics,0.031982421875,0.0220947265625,0.9375,0.00860595703125,True,C,0.02621746063232422,medmcqa_2,"['PBMD', 'PBMD', 'PBMD']","[467572377853093299, 467572377854802132, 467572377852184554]","[0.7696729898452759, 0.7624551653862, 0.7570537328720093]"
0a148235-ab60-4209-af65-8b3036315f83,Orthopaedics,0.0069580078125,0.01470947265625,0.96875,0.00787353515625,True,C,0.03324127197265625,medmcqa_2,"['STAT', 'TEXT', 'PBMD']","[467572377850407961, 467523489549675626, 467572377856737251]","[0.8182272911071777, 0.8169851899147034, 0.8156011700630188]"
7da1a6ae-c179-4551-b841-5900cadb2c02,Orthopaedics,0.1767578125,0.07373046875,0.375,0.375,True,C,0.037590742111206055,medmcqa_2,"['PBMD', 'PBMD', 'PBMD']","[467572377855938531, 467572377852871274, 467572377854283405]","[0.7770863175392151, 0.7702831625938416, 0.7688493132591248]"
3a559dd7-f341-4416-9595-ac12676389c7,Orthopaedics,0.003814697265625,0.001800537109375,0.9921875,0.0002593994140625,True,C,0.039586544036865234,medmcqa_2,"['PBMD', 'PBMD', 'PBMD']","[467572377854817169, 467572377854819592, 467572377854472651]","[0.8205609321594238, 0.8197474479675293, 0.8166831731796265]"
9ea40479-7a1b-4ff9-b68c-d066671cd1e2,Orthopaedics,0.2421875,0.74609375,0.00732421875,0.0027008056640625,True,B,0.032120466232299805,medmcqa_2,"['PBMD', 'PBMD', 'STAT']","[467572377855281482, 467572377854107110, 467572377850657165]","[0.8067342042922974, 0.8035191297531128, 0.7931141257286072]"
6b7deaa0-7a4c-44a7-9f00-b05cab71af03,Orthopaedics,0.0242919921875,0.96875,0.0032958984375,0.00176239013671875,True,B,0.03350663185119629,medmcqa_2,"['TEXT', 'TEXT', 'PBMD']","[467523489550003276, 467523489550003278, 467572377856130033]","[0.7970309257507324, 0.7949198484420776, 0.7937855124473572]"
688a84d9-2cef-4f47-9e51-ecc4439340c2,Orthopaedics,0.00970458984375,0.98828125,0.00115966796875,0.001312255859375,True,B,0.02445507049560547,medmcqa_2,"['STAT', 'PBMD', 'PBMD']","[467572377850230311, 467572377853406165, 467572377852694540]","[0.8434870839118958, 0.8337483406066895, 0.8297163844108582]"
677cc3d3-ba75-43dd-8695-32e08ce84121,Orthopaedics,0.1689453125,0.404296875,0.27734375,0.1484375,True,B,0.03294110298156738,medmcqa_2,"['PBMD', 'PBMD', 'PBMD']","[467572377850929418, 467572377854907502, 467572377855629588]","[0.822033703327179, 0.8082625865936279, 0.8076773881912231]"
c69fc110-70aa-4024-b04b-33623ad75988,Orthopaedics,0.048828125,0.8671875,0.014892578125,0.07080078125,True,B,0.025579214096069336,medmcqa_2,"['PBMD', 'PBMD', 'STAT']","[467572377856526476, 467572377853152798, 467572377850267882]","[0.8023506999015808, 0.7842215299606323, 0.7833278179168701]"
a3968996-e729-4db6-9e37-fddd750303c3,Orthopaedics,0.008544921875,0.984375,0.002288818359375,0.004852294921875,True,B,0.03066539764404297,medmcqa_2,"['PBMD', 'STAT', 'TEXT']","[467572377853977311, 467572377850754039, 467523489549676057]","[0.8143433332443237, 0.7896137237548828, 0.7880649566650391]"
2e717f2e-854c-4a1d-9bff-06fe78da7b1e,Orthopaedics,0.05322265625,0.060302734375,0.23828125,0.6484375,True,D,0.03322887420654297,medmcqa_2,"['PBMD', 'PBMD', 'STAT']","[467572377856954268, 467572377854742975, 467572377850667850]","[0.8032811284065247, 0.7983786463737488, 0.7897152304649353]"
7ab1dbef-8465-46c6-9c9d-b3c10068c1da,Orthopaedics,0.99609375,0.00102996826171875,0.00141143798828125,3.743171691894531e-05,True,A,0.024086952209472656,medmcqa_2,"['STAT', 'STAT', 'STAT']","[467572377850390822, 467572377850339861, 467572377850339875]","[0.8655481934547424, 0.8275379538536072, 0.8210887312889099]"
799e88c4-5720-4f8c-a8ac-6e84d0eeb083,Orthopaedics,0.033203125,0.051513671875,0.91015625,0.00421142578125,True,C,0.032448768615722656,medmcqa_2,"['PBMD', 'TEXT', 'TEXT']","[467572377853096616, 467523489549977166, 467523489549972706]","[0.7777867317199707, 0.766666829586029, 0.7651882171630859]"
7197f6f2-eff8-48bf-81fa-f4d9eb88f692,Orthopaedics,0.7890625,0.01275634765625,0.19921875,0.000865936279296875,True,A,0.023769378662109375,medmcqa_2,"['PBMD', 'PBMD', 'PBMD']","[467572377852546310, 467572377853854820, 467572377852066655]","[0.7924359440803528, 0.7854862213134766, 0.7830951809883118]"
316aa068-c56a-479e-97f8-12700093e966,Orthopaedics,0.9140625,0.0242919921875,0.033203125,0.029296875,True,A,0.03141069412231445,medmcqa_2,"['STAT', 'PBMD', 'PBMD']","[467572377850360917, 467572377850865131, 467572377853177949]","[0.7415900230407715, 0.738762617111206, 0.7351937890052795]"
a9e6c20f-6150-4f5c-8264-c80b31c32210,Pharmacology,0.019775390625,0.953125,0.0211181640625,0.004425048828125,True,B,0.036665916442871094,medmcqa_2,"['PBMD', 'PBMD', 'PBMD']","[467572377854551794, 467572377850922772, 467572377854846926]","[0.7650653719902039, 0.7564295530319214, 0.7558988928794861]"
ec87e5d6-4ba0-4d47-b234-c2be21c686c9,Pharmacology,0.27734375,0.1318359375,0.1318359375,0.458984375,False,A,0.04033923149108887,medmcqa_2,"['PBMD', 'PBMD', 'PBMD']","[467572377854367651, 467572377853326245, 467572377854315348]","[0.8218979835510254, 0.8072167634963989, 0.8057123422622681]"
26e5ac04-6776-4556-bc22-621e1b33bed9,Pharmacology,1.0,0.00075531005859375,0.0002956390380859375,3.123283386230469e-05,True,A,0.05588674545288086,medmcqa_2,"['PBMD', 'PBMD', 'PBMD']","[467572377853619085, 467572377852793205, 467572377852927988]","[0.7907478213310242, 0.7802953124046326, 0.7762155532836914]"
d29f913a-c25f-4660-b2cb-a465002121ba,Pharmacology,0.1357421875,0.6875,0.056396484375,0.11962890625,False,C,0.037018775939941406,medmcqa_2,"['PBMD', 'PBMD', 'PBMD']","[467572377852636812, 467572377856139457, 467572377856549006]","[0.7754819393157959, 0.7719517350196838, 0.770769476890564]"
54cbe752-041c-4eb5-8de6-6fadcecdd57a,Pharmacology,0.0419921875,0.95703125,0.00173187255859375,0.000926971435546875,True,B,0.05569934844970703,medmcqa_2,"['PBMD', 'PBMD', 'PBMD']","[467572377856410307, 467572377855480135, 467572377856188194]","[0.7560918927192688, 0.74822998046875, 0.7466871738433838]"
723c10f1-2c6f-45f9-a8f8-6a5ed8ff9960,Pharmacology,1.0,0.00075531005859375,0.00096893310546875,3.7670135498046875e-05,True,A,0.032567501068115234,medmcqa_2,"['PBMD', 'PBMD', 'PBMD']","[467572377855016670, 467572377852031100, 467572377855625230]","[0.8135029077529907, 0.790924072265625, 0.7821769118309021]"
3ace1c4d-521c-436b-be72-e0d27b86ad1f,Pharmacology,0.01239013671875,0.984375,0.00051116943359375,0.000843048095703125,True,B,0.05351519584655762,medmcqa_2,"['PBMD', 'PBMD', 'PBMD']","[467572377855491406, 467572377856763453, 467572377852397034]","[0.7997615933418274, 0.7986700534820557, 0.7964940071105957]"
5cf372e5-f0d2-4c65-afda-f666323e8359,Pharmacology,0.30078125,0.20703125,0.052490234375,0.439453125,False,B,0.048743247985839844,medmcqa_2,"['PBMD', 'PBMD', 'PBMD']","[467572377856406171, 467572377855233675, 467572377856177182]","[0.7740492820739746, 0.7735399007797241, 0.7717078924179077]"
d306ea3d-13dc-4985-8642-a60135919464,Pharmacology,0.341796875,0.1826171875,0.439453125,0.0361328125,True,C,0.03191542625427246,medmcqa_2,"['PBMD', 'STAT', 'PBMD']","[467572377854874988, 467572377850321418, 467572377854952591]","[0.7861073017120361, 0.7813810110092163, 0.7812962532043457]"
97517925-a141-4eff-8faf-27b7be7df20d,Pharmacology,0.00262451171875,0.000850677490234375,0.0029754638671875,0.9921875,True,D,0.036432504653930664,medmcqa_2,"['PBMD', 'TEXT', 'PBMD']","[467572377855693454, 467523489549982423, 467572377856047618]","[0.8337409496307373, 0.8230385780334473, 0.8172138333320618]"
ad3e70aa-25ed-41b5-a5f5-760013e39202,Pharmacology,0.91015625,0.05810546875,0.01141357421875,0.0213623046875,True,A,0.03844022750854492,medmcqa_2,"['PBMD', 'PBMD', 'PBMD']","[467572377850914263, 467572377854830129, 467572377854936510]","[0.7922545075416565, 0.7900652885437012, 0.7899870276451111]"
00c06a73-5e29-4f68-ad21-dd561ca17f02,Pharmacology,1.0,0.000667572021484375,0.000457763671875,6.580352783203125e-05,True,A,0.05576729774475098,medmcqa_2,"['PBMD', 'PBMD', 'PBMD']","[467572377856484156, 467572377855612312, 467572377855414877]","[0.8314459919929504, 0.8276020288467407, 0.8222090005874634]"
38e03a34-9492-4770-bbb6-ad1b59b9ee30,Pharmacology,0.96875,0.0274658203125,0.00176239013671875,0.000732421875,False,B,0.024862289428710938,medmcqa_2,"['PBMD', 'STAT', 'PBMD']","[467572377854589610, 467572377850623888, 467572377852655555]","[0.7705861926078796, 0.76578688621521, 0.7651304006576538]"
efa9b58a-2f38-4812-a1af-e9bf0f496943,Pharmacology,0.0029754638671875,0.0008544921875,0.99609375,0.0002155303955078125,True,C,0.046579599380493164,medmcqa_2,"['PBMD', 'PBMD', 'PBMD']","[467572377855173814, 467572377856305698, 467572377856305705]","[0.8140206336975098, 0.8127844333648682, 0.8060635328292847]"
10899191-b02f-4355-b84a-27ae091ce065,Pharmacology,0.00180816650390625,0.000518798828125,0.00075531005859375,0.99609375,True,D,0.03683662414550781,medmcqa_2,"['PBMD', 'PBMD', 'PBMD']","[467572377856592910, 467572377854803139, 467572377855279257]","[0.7641853094100952, 0.7581024765968323, 0.7522323131561279]"
09b9c5de-b02a-41c5-82dd-6f2e1150d2e1,Pharmacology,0.0228271484375,0.04833984375,0.8046875,0.12353515625,True,C,0.04058980941772461,medmcqa_2,"['TEXT', 'PBMD', 'PBMD']","[467523489549981911, 467572377854552976, 467572377854541069]","[0.8529512286186218, 0.8524112701416016, 0.8426878452301025]"
ea60617b-8675-4d64-9d10-d372377faf33,Pharmacology,0.047119140625,0.94921875,0.003021240234375,0.0018310546875,True,B,0.03142213821411133,medmcqa_2,"['PBMD', 'PBMD', 'PBMD']","[467572377854760381, 467572377855344094, 467572377852577658]","[0.7951505184173584, 0.7939440011978149, 0.7874847054481506]"
5d36e643-64b6-4717-8f83-d26fb248b403,Pharmacology,0.006683349609375,0.00191497802734375,0.001312255859375,0.98828125,True,D,0.04852128028869629,medmcqa_2,"['PBMD', 'PBMD', 'PBMD']","[467572377853418358, 467572377854658359, 467572377854330822]","[0.8105986714363098, 0.8098433017730713, 0.8095054030418396]"
01f3027e-1f6a-41ae-b1f8-f5f959cc6c34,Pharmacology,0.00848388671875,0.1318359375,0.048583984375,0.80859375,True,D,0.033417463302612305,medmcqa_2,"['PBMD', 'PBMD', 'PBMD']","[467572377855778540, 467572377856288906, 467572377853322387]","[0.7339465618133545, 0.7243652939796448, 0.7148555517196655]"
de90d647-8a85-41d6-806e-fc1bf646e23e,Pharmacology,0.007110595703125,0.98828125,0.00115966796875,0.00168609619140625,True,B,0.025913476943969727,medmcqa_2,"['STAT', 'STAT', 'PBMD']","[467572377850231742, 467572377850248812, 467572377853326772]","[0.819043755531311, 0.7816199064254761, 0.7569755911827087]"
89484d9a-18b0-44f5-9e0f-da44393063ed,Social & Preventive Medicine,0.470703125,0.28515625,0.15234375,0.0927734375,False,C,0.024233341217041016,medmcqa_2,"['PBMD', 'PBMD', 'PBMD']","[467572377853166717, 467572377855493385, 467572377853890398]","[0.692920446395874, 0.6874455809593201, 0.6847415566444397]"
87cbea98-e8fc-455b-b20c-28313725e5ca,Social & Preventive Medicine,0.88671875,0.056640625,0.034423828125,0.022216796875,True,A,0.03549838066101074,medmcqa_2,"['PBMD', 'PBMD', 'PBMD']","[467572377853343535, 467572377856659112, 467572377855597960]","[0.760840117931366, 0.7584056854248047, 0.7579503059387207]"
27eb72a0-d151-4a27-98bb-d65d794d728a,Social & Preventive Medicine,0.1015625,0.5859375,0.244140625,0.06982421875,False,C,0.0329136848449707,medmcqa_2,"['PBMD', 'PBMD', 'PBMD']","[467572377854839010, 467572377856652500, 467572377852751068]","[0.7406445145606995, 0.7397059798240662, 0.7338520288467407]"
fa02f60e-b11a-43e3-b15f-631d44970602,Social & Preventive Medicine,0.56640625,0.365234375,0.046630859375,0.0206298828125,False,B,0.031011343002319336,medmcqa_2,"['PBMD', 'PBMD', 'PBMD']","[467572377853736157, 467572377854021464, 467572377854971076]","[0.76129150390625, 0.7564215064048767, 0.755861222743988]"
52cdf5af-c773-4932-9595-9546edeb1599,Social & Preventive Medicine,0.330078125,0.478515625,0.1376953125,0.0537109375,False,A,0.024573564529418945,medmcqa_2,"['STAT', 'STAT', 'PBMD']","[467572377850357643, 467572377850782851, 467572377852128314]","[0.7559877634048462, 0.7521127462387085, 0.751244068145752]"
5a726423-4ba5-4d5d-8e8c-2e7d7ea1ce04,Social & Preventive Medicine,0.1435546875,0.07666015625,0.052734375,0.7265625,True,D,0.024689435958862305,medmcqa_2,"['PBMD', 'PBMD', 'PBMD']","[467572377856312629, 467572377855053657, 467572377854901331]","[0.7772377729415894, 0.7518367171287537, 0.7405588626861572]"
039a01cc-dea7-4844-8182-e6f164dad5ce,Social & Preventive Medicine,0.21875,0.359375,0.28125,0.140625,False,D,0.04688286781311035,medmcqa_2,"['PBMD', 'PBMD', 'PBMD']","[467572377853479633, 467572377855087120, 467572377854773879]","[0.743863582611084, 0.7404200434684753, 0.7391840815544128]"
7c7ebd22-ba58-47ac-a4db-66f273c593e7,Social & Preventive Medicine,0.05078125,0.042236328125,0.004730224609375,0.90234375,True,D,0.03777742385864258,medmcqa_2,"['PBMD', 'PBMD', 'PBMD']","[467572377852658656, 467572377855396183, 467572377853470266]","[0.7648738026618958, 0.7615089416503906, 0.7607288360595703]"
eece6c9c-1eb9-48b1-aacb-855b62f09054,Social & Preventive Medicine,0.033935546875,0.0194091796875,0.0133056640625,0.93359375,True,D,0.03189849853515625,medmcqa_2,"['PBMD', 'PBMD', 'PBMD']","[467572377852918132, 467572377855678737, 467572377854738592]","[0.750296950340271, 0.7498202919960022, 0.7477028965950012]"
4ee56b82-4319-49ee-a513-aec33a38abf2,Social & Preventive Medicine,0.037353515625,0.9609375,0.0015411376953125,0.000152587890625,True,B,0.03118300437927246,medmcqa_2,"['PBMD', 'PBMD', 'PBMD']","[467572377856130164, 467572377855541519, 467572377852899969]","[0.7815408706665039, 0.7765061259269714, 0.7710446119308472]"
f7a5fc2d-9811-42c1-aeac-5428d5f6fa7a,Social & Preventive Medicine,0.007049560546875,0.00750732421875,0.984375,0.00079345703125,True,C,0.03178739547729492,medmcqa_2,"['PBMD', 'PBMD', 'PBMD']","[467572377850958704, 467572377852089557, 467572377854793208]","[0.7894592881202698, 0.7845494151115417, 0.7754690647125244]"
867a7d84-e67d-409f-a208-01a841a3ceb3,Social & Preventive Medicine,0.1162109375,0.58984375,0.19140625,0.1025390625,True,B,0.03907942771911621,medmcqa_2,"['PBMD', 'PBMD', 'PBMD']","[467572377855455718, 467572377854274248, 467572377854326672]","[0.7171835899353027, 0.7169415950775146, 0.71257084608078]"
a8305546-8948-4aea-b844-2c3662eaf14d,Social & Preventive Medicine,0.3359375,0.380859375,0.2314453125,0.051513671875,False,C,0.022868633270263672,medmcqa_2,"['TEXT', 'TEXT', 'TEXT']","[467523489549677742, 467523489549987024, 467523489549939247]","[0.7513042688369751, 0.7513042688369751, 0.7513042092323303]"
6b985d48-c7e9-4acf-8f3b-45b819116d4a,Social & Preventive Medicine,0.2578125,0.037109375,0.69921875,0.005035400390625,True,C,0.034742116928100586,medmcqa_2,"['STAT', 'PBMD', 'PBMD']","[467572377850643716, 467572377855862327, 467572377856237940]","[0.8264948129653931, 0.817107617855072, 0.8066769242286682]"
b410372e-02df-49d0-8341-5a7450f0e21f,Social & Preventive Medicine,0.60546875,0.251953125,0.126953125,0.01611328125,False,B,0.03319144248962402,medmcqa_2,"['TEXT', 'TEXT', 'TEXT']","[467523489549972794, 467523489549933592, 467523489549926218]","[0.7901626825332642, 0.7577259540557861, 0.7535478472709656]"
ac20aa64-0284-41de-bf87-77681768a5b3,Social & Preventive Medicine,0.1484375,0.08984375,0.244140625,0.515625,True,D,0.03781461715698242,medmcqa_2,"['PBMD', 'PBMD', 'PBMD']","[467572377854326916, 467572377851015550, 467572377852514684]","[0.7379311919212341, 0.7246201634407043, 0.7209435701370239]"
0b5cfb68-4591-483f-a873-42e13b1c4826,Social & Preventive Medicine,0.00592041015625,0.9921875,0.00015735626220703125,3.504753112792969e-05,True,B,0.054569244384765625,medmcqa_2,"['PBMD', 'PBMD', 'PBMD']","[467572377856368754, 467572377853784353, 467572377854120910]","[0.7412254810333252, 0.73724764585495, 0.7366595268249512]"
008ebe70-eb23-4733-81af-1759261566ad,Social & Preventive Medicine,0.1953125,0.052490234375,0.111328125,0.640625,True,D,0.03857779502868652,medmcqa_2,"['PBMD', 'PBMD', 'PBMD']","[467572377853115375, 467572377852971100, 467572377856218837]","[0.721531867980957, 0.7099698185920715, 0.7024598121643066]"
de7b064a-f8dd-4cbf-9c8b-336481318955,Social & Preventive Medicine,0.12255859375,0.29296875,0.546875,0.03515625,True,C,0.03273820877075195,medmcqa_2,"['PBMD', 'PBMD', 'PBMD']","[467572377853006704, 467572377850971897, 467572377853907115]","[0.8058956265449524, 0.8056514263153076, 0.7971204519271851]"
4b96d2bb-7d36-4d96-ae66-0ebec6ca8896,Social & Preventive Medicine,0.400390625,0.189453125,0.2431640625,0.1669921875,False,B,0.031070709228515625,medmcqa_2,"['TEXT', 'PBMD', 'PBMD']","[467523489549961520, 467572377854707601, 467572377855328383]","[0.7660766839981079, 0.7570667266845703, 0.7563074231147766]"
4f0d94a4-43c2-4324-afb1-78c5d9503f0f,Anatomy,0.00518798828125,0.0019073486328125,0.00335693359375,0.98828125,True,D,0.03200554847717285,medmcqa_2,"['STAT', 'STAT', 'STAT']","[467572377850333645, 467572377850257784, 467572377850685764]","[0.7588067054748535, 0.7557954788208008, 0.7507821321487427]"
bdf5152c-8347-4d78-a96d-4f34787c8e8d,Anatomy,1.0,0.000667572021484375,0.0003795623779296875,7.963180541992188e-05,True,A,0.033603668212890625,medmcqa_2,"['PBMD', 'PBMD', 'PBMD']","[467572377853939329, 467572377855075094, 467572377853070980]","[0.8114132881164551, 0.8052611351013184, 0.8003273010253906]"
8a58d800-25f2-46d5-8daa-262550be6431,Anatomy,0.00909423828125,0.98828125,0.000583648681640625,0.00148773193359375,True,B,0.025387048721313477,medmcqa_2,"['STAT', 'STAT', 'STAT']","[467572377850352466, 467572377850254162, 467572377850270562]","[0.7779837250709534, 0.7729359865188599, 0.7711846232414246]"
2679dffa-e57d-4298-93b2-aeb7ae6b04fa,Anatomy,1.0,0.000179290771484375,7.963180541992188e-05,2.9325485229492188e-05,True,A,0.03301239013671875,medmcqa_2,"['TEXT', 'PBMD', 'TEXT']","[467523489549674861, 467572377850870762, 467523489549674862]","[0.8108962774276733, 0.8103713989257812, 0.8042647838592529]"
be570a13-ec95-4cbf-a0da-9931f2567a4e,Anatomy,0.12451171875,0.0123291015625,0.0517578125,0.8125,False,C,0.03297090530395508,medmcqa_2,"['STAT', 'PBMD', 'STAT']","[467572377850732906, 467572377855074938, 467572377850711991]","[0.7615732550621033, 0.7539263367652893, 0.7534393072128296]"
780bc919-50ad-4f6e-822c-fb3f5d7cedde,Anatomy,0.9921875,0.005523681640625,0.0027923583984375,0.00014781951904296875,True,A,0.031176090240478516,medmcqa_2,"['TEXT', 'PBMD', 'PBMD']","[467523489549698997, 467572377854338521, 467572377855561982]","[0.8309841752052307, 0.8067594170570374, 0.8033828735351562]"
bcf3912a-d32f-4525-b5df-8659601b7120,Anatomy,0.265625,0.234375,0.4375,0.06298828125,False,A,0.054852962493896484,medmcqa_2,"['TEXT', 'PBMD', 'PBMD']","[467523489550000846, 467572377854094279, 467572377855526552]","[0.7367430329322815, 0.7236308455467224, 0.7227342128753662]"
b3f9e000-fd2b-4b2d-aaa6-c9a432bfd771,Anatomy,0.0888671875,0.00732421875,0.0036773681640625,0.8984375,True,D,0.031246662139892578,medmcqa_2,"['PBMD', 'PBMD', 'PBMD']","[467572377852206423, 467572377855078884, 467572377854028464]","[0.8217189311981201, 0.8212447166442871, 0.8182212114334106]"
444b4571-c88a-447e-b066-4103d7fea143,Anatomy,0.07275390625,0.173828125,0.6875,0.06396484375,True,C,0.03176736831665039,medmcqa_2,"['STAT', 'TEXT', 'PBMD']","[467572377850268661, 467523489549676349, 467572377855676744]","[0.8329194784164429, 0.7898297309875488, 0.787660539150238]"
41c831a5-4a3a-4cd3-95aa-5e43bea8ff90,Anatomy,0.78515625,0.099609375,0.087890625,0.02685546875,True,A,0.03084850311279297,medmcqa_2,"['STAT', 'STAT', 'STAT']","[467572377850305951, 467572377850226452, 467572377850674808]","[0.8179285526275635, 0.8133842349052429, 0.8103982210159302]"
52327e2b-27f5-4924-8ec7-51a02fd190d5,Anatomy,0.046630859375,0.00811767578125,0.006317138671875,0.9375,True,D,0.03670454025268555,medmcqa_2,"['PBMD', 'PBMD', 'STAT']","[467572377854660579, 467572377854673315, 467572377850779795]","[0.8111706376075745, 0.7934907674789429, 0.7901684641838074]"
e72a5f40-6d2b-4a06-9561-d280be08d59f,Anatomy,0.314453125,0.1318359375,0.1484375,0.404296875,True,D,0.03601980209350586,medmcqa_2,"['PBMD', 'PBMD', 'PBMD']","[467572377853578720, 467572377855505069, 467572377852838486]","[0.8333045244216919, 0.8268407583236694, 0.8200422525405884]"
b4e6303c-364b-4ada-88b1-8f0e056c9eef,Anatomy,0.466796875,0.20703125,0.283203125,0.04345703125,True,A,0.03750801086425781,medmcqa_2,"['PBMD', 'TEXT', 'PBMD']","[467572377853874282, 467523489550008655, 467572377856414639]","[0.7262697219848633, 0.7251346111297607, 0.7244734764099121]"
3ce828e3-aa05-49c9-b34d-6e8c3ecaf1d3,Anatomy,0.71484375,0.109375,0.1591796875,0.016845703125,True,A,0.036392927169799805,medmcqa_2,"['PBMD', 'PBMD', 'PBMD']","[467572377854328725, 467572377855651209, 467572377854329522]","[0.7872878313064575, 0.7807050347328186, 0.7753227949142456]"
facc9dd1-2ca4-4d0d-af83-a399658635ae,Anatomy,0.0927734375,0.2216796875,0.53125,0.15234375,True,C,0.03458452224731445,medmcqa_2,"['PBMD', 'PBMD', 'PBMD']","[467572377854317848, 467572377855781148, 467572377855473069]","[0.730218768119812, 0.7253550887107849, 0.7236163020133972]"
cf40002b-3bcf-4bbc-8c3f-44712bbf5e0e,Anatomy,0.83984375,0.10693359375,0.00775146484375,0.044677734375,True,A,0.03196310997009277,medmcqa_2,"['STAT', 'STAT', 'PBMD']","[467572377850347534, 467572377850757719, 467572377852732358]","[0.7846559286117554, 0.780381441116333, 0.7789123058319092]"
1dfe0a51-259c-4aad-8ae2-f94640af28c7,Anatomy,0.39453125,0.0732421875,0.0238037109375,0.5078125,True,D,0.030078887939453125,medmcqa_2,"['STAT', 'STAT', 'TEXT']","[467572377850379292, 467572377850277817, 467523489549688825]","[0.7909097075462341, 0.7685291171073914, 0.7661782503128052]"
32d37a69-a491-4af7-b2d9-ba60aa1ac588,Anatomy,0.007537841796875,0.0037994384765625,0.98828125,0.0009002685546875,True,C,0.032601118087768555,medmcqa_2,"['TEXT', 'PBMD', 'PBMD']","[467523489549989136, 467572377852501418, 467572377854008685]","[0.8024070858955383, 0.7990511059761047, 0.7874868512153625]"
9d60a5a7-50fa-40fe-a85f-87a062637599,Anatomy,0.87109375,0.046142578125,0.03173828125,0.04931640625,True,A,0.03236269950866699,medmcqa_2,"['PBMD', 'PBMD', 'PBMD']","[467572377854138290, 467572377852353611, 467572377852125605]","[0.7670666575431824, 0.7519818544387817, 0.7502870559692383]"
b747e14f-db51-4375-ac19-ffb7ead218fd,Anatomy,0.01318359375,0.984375,0.00201416015625,0.0015716552734375,True,B,0.02474355697631836,medmcqa_2,"['STAT', 'TEXT', 'STAT']","[467572377850264585, 467523489549676895, 467572377850391969]","[0.802884578704834, 0.7921850681304932, 0.7832107543945312]"
e34785ee-5752-4c10-bcbc-8c8f62a28297,Pathology,0.0033721923828125,0.00066375732421875,0.00066375732421875,0.99609375,True,D,0.04561972618103027,medmcqa_2,"['PBMD', 'PBMD', 'PBMD']","[467572377855704118, 467572377854591285, 467572377855441934]","[0.8376226425170898, 0.8312128782272339, 0.8291109800338745]"
3b2869e1-fc70-4022-a8bc-44338233282d,Pathology,0.10205078125,0.51953125,0.314453125,0.06591796875,False,D,0.026147842407226562,medmcqa_2,"['PBMD', 'PBMD', 'PBMD']","[467572377854570739, 467572377850996377, 467572377852110453]","[0.8243167400360107, 0.8190184235572815, 0.8156439065933228]"
04874b42-892f-4efe-ad82-e4fb40818c4b,Pathology,0.1943359375,0.10400390625,0.6796875,0.0218505859375,True,C,0.04735755920410156,medmcqa_2,"['PBMD', 'PBMD', 'PBMD']","[467572377854151006, 467572377855171921, 467572377853811202]","[0.8265982866287231, 0.8258353471755981, 0.8247180581092834]"
5cb54e5d-2b65-48dc-8219-118cdb5c58d9,Pathology,1.0,0.00102996826171875,0.000518798828125,0.00019073486328125,True,A,0.03437209129333496,medmcqa_2,"['STAT', 'PBMD', 'PBMD']","[467572377850363775, 467572377855380383, 467572377856746103]","[0.8200508952140808, 0.8158919215202332, 0.8138220310211182]"
27458d5e-dce2-47fb-b068-7cd20c2f9e2c,Pathology,0.005218505859375,0.000331878662109375,0.0024566650390625,0.9921875,True,D,0.038080692291259766,medmcqa_2,"['PBMD', 'PBMD', 'PBMD']","[467572377856599857, 467572377854538030, 467572377852552368]","[0.8180075883865356, 0.8138917684555054, 0.8129749298095703]"
2b9338a9-68da-47d6-8d26-c4c1a0434b40,Pathology,0.89453125,0.04736328125,0.0537109375,0.0030364990234375,True,A,0.032355546951293945,medmcqa_2,"['PBMD', 'PBMD', 'PBMD']","[467572377850894034, 467572377854297631, 467572377850907656]","[0.7831238508224487, 0.7814016342163086, 0.7796127200126648]"
5faf58d9-5e6f-482a-a499-38d1bd538f5d,Pathology,0.55859375,0.263671875,0.16015625,0.016845703125,True,A,0.04745173454284668,medmcqa_2,"['PBMD', 'PBMD', 'PBMD']","[467572377853253304, 467572377852680722, 467572377853222889]","[0.7873495817184448, 0.781688928604126, 0.7814560532569885]"
2cb99ffe-fe25-45c7-a0d3-aaab2b3f995b,Pathology,0.044921875,0.8515625,0.031005859375,0.07421875,True,B,0.03883767127990723,medmcqa_2,"['PBMD', 'PBMD', 'PBMD']","[467572377853311056, 467572377855458314, 467572377854346319]","[0.8305106163024902, 0.8255025148391724, 0.8195726275444031]"
46ba3ac6-c774-4f68-a421-c2a6bdddd6a3,Pathology,1.0,0.0002307891845703125,0.00040435791015625,6.580352783203125e-05,True,A,0.03341269493103027,medmcqa_2,"['TEXT', 'TEXT', 'TEXT']","[467523489549980508, 467523489549707334, 467523489549709653]","[0.7696331739425659, 0.7561290860176086, 0.7557357549667358]"
eea0f062-94a5-4832-97ac-b69ece6cb346,Pathology,0.1279296875,0.447265625,0.1865234375,0.2392578125,True,B,0.03895258903503418,medmcqa_2,"['PBMD', 'PBMD', 'PBMD']","[467572377854960150, 467572377854546267, 467572377852250444]","[0.8341673612594604, 0.8335648775100708, 0.8320035338401794]"
9a67cc8d-16ed-4b3e-a1ac-5fcc2dba5e2c,Pathology,0.93359375,0.0281982421875,0.00148773193359375,0.03857421875,True,A,0.03644728660583496,medmcqa_2,"['PBMD', 'PBMD', 'PBMD']","[467572377852270947, 467572377852853828, 467572377854368399]","[0.8209123611450195, 0.8199937343597412, 0.8191592693328857]"
f6a0fc8b-8811-490b-9736-9265a4aa2d7d,Pathology,0.020263671875,0.003997802734375,0.97265625,0.00121307373046875,True,C,0.03632545471191406,medmcqa_2,"['PBMD', 'PBMD', 'PBMD']","[467572377855320402, 467572377855897776, 467572377852329249]","[0.8142986297607422, 0.8043234944343567, 0.8032548427581787]"
bcf0e113-00f7-445a-93ec-829b1c356584,Pathology,0.3125,0.6640625,0.003936767578125,0.02001953125,True,B,0.03344297409057617,medmcqa_2,"['PBMD', 'PBMD', 'PBMD']","[467572377856117256, 467572377855279669, 467572377855338075]","[0.8100296258926392, 0.7988496422767639, 0.795625627040863]"
c13b1f6b-6b22-403f-80c6-943313c1c6a5,Pathology,0.0029754638671875,0.99609375,0.002044677734375,0.000751495361328125,True,B,0.033082008361816406,medmcqa_2,"['STAT', 'PBMD', 'PBMD']","[467572377850645605, 467572377853932339, 467572377856902889]","[0.7923123240470886, 0.7909781336784363, 0.7880197763442993]"
9a88bdb9-9dfa-4033-ace0-b108fc233bdc,Pathology,0.99609375,0.0035858154296875,0.00080108642578125,0.000354766845703125,True,A,0.0316774845123291,medmcqa_2,"['TEXT', 'STAT', 'TEXT']","[467523489549979744, 467572377850238928, 467523489549973626]","[0.8144881725311279, 0.8142211437225342, 0.8044768571853638]"
964524c6-e2c0-4b41-a013-644a1da74cd6,Pathology,0.494140625,0.494140625,0.0096435546875,0.0031280517578125,True,A,0.036232948303222656,medmcqa_2,"['PBMD', 'PBMD', 'PBMD']","[467572377856195025, 467572377853508964, 467572377852386040]","[0.8053503036499023, 0.8033654689788818, 0.8020704984664917]"
c3073526-26e4-4552-9050-a08cfd2af1d4,Pathology,0.0010986328125,0.99609375,0.002471923828125,0.000244140625,True,B,0.03761434555053711,medmcqa_2,"['PBMD', 'PBMD', 'PBMD']","[467572377855277007, 467572377854834042, 467572377853029700]","[0.7943769693374634, 0.7912245988845825, 0.7898901700973511]"
5ba62b8f-9bcd-4646-b9b0-59c0b5374ff6,Pathology,0.031982421875,0.87890625,0.0027923583984375,0.0869140625,True,B,0.038710832595825195,medmcqa_2,"['PBMD', 'STAT', 'PBMD']","[467572377856625230, 467572377850347817, 467572377852214295]","[0.7722517848014832, 0.7628916501998901, 0.7533144950866699]"
36964526-b40b-444c-bd7e-7924b40ba008,Pathology,0.1376953125,0.0576171875,0.79296875,0.0093994140625,True,C,0.03402066230773926,medmcqa_2,"['PBMD', 'PBMD', 'PBMD']","[467572377854096952, 467572377854149135, 467572377854170525]","[0.8644806146621704, 0.8607630133628845, 0.8527439832687378]"
999b26e0-d846-4b92-99c5-daae72e9933e,Pathology,0.130859375,0.16796875,0.244140625,0.45703125,False,A,0.031040430068969727,medmcqa_2,"['PBMD', 'PBMD', 'PBMD']","[467572377853229947, 467572377852663121, 467572377854416278]","[0.797261118888855, 0.78512042760849, 0.7793755531311035]"
6d781aca-7ff5-41c9-b2eb-61772db39c68,Ophthalmology,0.365234375,0.46875,0.1337890625,0.033935546875,True,B,0.031194686889648438,medmcqa_2,"['PBMD', 'PBMD', 'PBMD']","[467572377853448703, 467572377854771810, 467572377850989280]","[0.7603228688240051, 0.7570819854736328, 0.7557936906814575]"
5b1d5f38-f363-43fe-b862-0477d2586fa0,Ophthalmology,0.00116729736328125,0.99609375,0.00124359130859375,0.00012302398681640625,True,B,0.0328068733215332,medmcqa_2,"['PBMD', 'PBMD', 'PBMD']","[467572377854105789, 467572377852253094, 467572377855067154]","[0.7876894474029541, 0.7852694392204285, 0.7838157415390015]"
0a07801e-06e6-4f6b-90cc-df72bd42bf0c,Ophthalmology,0.0027923583984375,0.003814697265625,0.9921875,0.000244140625,True,C,0.022776365280151367,medmcqa_2,"['PBMD', 'PBMD', 'PBMD']","[467572377853944720, 467572377854547821, 467572377854229367]","[0.8064297437667847, 0.7971702218055725, 0.7916116714477539]"
84c43086-9b09-4869-9ff6-c0f1aa5caaa9,Ophthalmology,0.10400390625,0.023193359375,0.76953125,0.10400390625,True,C,0.03440284729003906,medmcqa_2,"['PBMD', 'PBMD', 'PBMD']","[467572377856341911, 467572377852065088, 467572377854050941]","[0.8297701478004456, 0.8265248537063599, 0.8229302167892456]"
9fa203a9-0f3a-4566-bdf3-b577752f7a12,Ophthalmology,0.3671875,0.470703125,0.134765625,0.0281982421875,False,A,0.0476839542388916,medmcqa_2,"['PBMD', 'PBMD', 'PBMD']","[467572377854482002, 467572377853363226, 467572377854926285]","[0.8465597629547119, 0.8272055387496948, 0.8232417702674866]"
4ea8f896-caea-47c9-8908-7d6c09b26b99,Ophthalmology,0.93359375,0.041015625,0.02197265625,0.002471923828125,True,A,0.0247347354888916,medmcqa_2,"['PBMD', 'PBMD', 'PBMD']","[467572377854757854, 467572377854982093, 467572377853448420]","[0.8004059791564941, 0.7910478115081787, 0.7835014462471008]"
55a6aef4-0186-47fa-863a-04dfbe21f5f3,Ophthalmology,0.51171875,0.08935546875,0.044921875,0.353515625,True,A,0.023301362991333008,medmcqa_2,"['PBMD', 'PBMD', 'STAT']","[467572377853589231, 467572377852956523, 467572377850640435]","[0.8056943416595459, 0.7927221655845642, 0.7821502685546875]"
e635390b-f2ac-4a9c-b8f5-bf0eba940091,Ophthalmology,0.07861328125,0.05419921875,0.353515625,0.515625,False,C,0.03644204139709473,medmcqa_2,"['PBMD', 'PBMD', 'STAT']","[467572377854809380, 467572377852847071, 467572377850298583]","[0.8613988757133484, 0.8303234577178955, 0.8223505020141602]"
51561362-650b-4e53-917e-0b2e08f2bbec,Ophthalmology,0.0107421875,0.96875,0.02001953125,0.0023956298828125,True,B,0.031067609786987305,medmcqa_2,"['PBMD', 'PBMD', 'PBMD']","[467572377854643255, 467572377853935768, 467572377852259426]","[0.8086587190628052, 0.7870455980300903, 0.7804396748542786]"
d06140f8-19aa-4d38-87c1-60b3318a44a8,Ophthalmology,0.455078125,0.08935546875,0.1015625,0.353515625,True,A,0.031986236572265625,medmcqa_2,"['STAT', 'STAT', 'PBMD']","[467572377850314987, 467572377850328215, 467572377856816772]","[0.7938439249992371, 0.7919108867645264, 0.7858057022094727]"
b0bd5ea4-8d2d-43c3-a98b-9d38b1b50d98,Ophthalmology,0.369140625,0.1982421875,0.10595703125,0.326171875,False,D,0.024973392486572266,medmcqa_2,"['PBMD', 'PBMD', 'PBMD']","[467572377851011954, 467572377852237335, 467572377853048727]","[0.7705059051513672, 0.738871157169342, 0.734300434589386]"
6bbf716a-7acf-4749-9cb3-2af12c6c597c,Ophthalmology,0.0269775390625,0.0068359375,0.953125,0.01446533203125,True,C,0.02439570426940918,medmcqa_2,"['STAT', 'STAT', 'STAT']","[467572377850295455, 467572377850295158, 467572377850295468]","[0.7812896370887756, 0.7618263363838196, 0.7603796720504761]"
2b2a9061-2018-4ec2-aa34-307d45af2b12,Ophthalmology,0.1962890625,0.470703125,0.134765625,0.1962890625,False,A,0.03789353370666504,medmcqa_2,"['PBMD', 'PBMD', 'PBMD']","[467572377853688724, 467572377854038364, 467572377853512008]","[0.8229016065597534, 0.8182921409606934, 0.8065946102142334]"
18c323b9-4db7-4e90-ab9e-0c1114e57dd3,Ophthalmology,0.04296875,0.91796875,0.016845703125,0.02294921875,True,B,0.030545473098754883,medmcqa_2,"['STAT', 'STAT', 'STAT']","[467572377850244142, 467572377850241576, 467572377850340976]","[0.7321773767471313, 0.7303139567375183, 0.7232998609542847]"
90171a1d-02da-4753-8245-7d0160bf51fb,Ophthalmology,0.0198974609375,0.01068115234375,0.0078125,0.9609375,True,D,0.03809618949890137,medmcqa_2,"['PBMD', 'PBMD', 'PBMD']","[467572377856794388, 467572377854587741, 467572377856863974]","[0.8044468760490417, 0.7965553402900696, 0.7964924573898315]"
a0cf248d-5242-44ba-87a8-c19d904b279b,Ophthalmology,0.2578125,0.373046875,0.291015625,0.078125,False,C,0.03394746780395508,medmcqa_2,"['PBMD', 'PBMD', 'STAT']","[467572377853760397, 467572377853966584, 467572377850722487]","[0.7887194156646729, 0.7783752679824829, 0.7622343301773071]"
08760ce0-6558-414a-bd37-85a67d55282c,Ophthalmology,0.0008544921875,0.99609375,0.00075531005859375,0.0003795623779296875,True,B,0.03395962715148926,medmcqa_2,"['PBMD', 'STAT', 'PBMD']","[467572377855412567, 467572377850373808, 467572377853480379]","[0.8376582860946655, 0.821523904800415, 0.8179174065589905]"
7d8eec58-4e95-45cb-be15-1a954306aa45,Ophthalmology,0.043212890625,0.8671875,0.0859375,0.0027618408203125,False,C,0.023803234100341797,medmcqa_2,"['STAT', 'STAT', 'PBMD']","[467572377850241470, 467572377850663094, 467572377853341555]","[0.8513668775558472, 0.8341203927993774, 0.8307382464408875]"
8956713e-0720-4bc7-a881-725ee9e6b77b,Ophthalmology,0.205078125,0.298828125,0.337890625,0.1591796875,True,C,0.03516960144042969,medmcqa_2,"['PBMD', 'PBMD', 'PBMD']","[467572377850979232, 467572377854930864, 467572377854801401]","[0.8022453784942627, 0.7958081960678101, 0.7885770797729492]"
ef53cda0-a03b-4af9-a073-a1a259c73515,Ophthalmology,0.007110595703125,0.98828125,0.002777099609375,0.000514984130859375,True,B,0.026314496994018555,medmcqa_2,"['STAT', 'STAT', 'STAT']","[467572377850320212, 467572377850296295, 467572377850320206]","[0.8324179649353027, 0.8299264907836914, 0.8212875127792358]"
0b2ac919-65f2-4e6e-96ba-97e9e761a65d,Gynaecology & Obstetrics,0.98046875,0.00958251953125,0.0035400390625,0.00701904296875,True,A,0.03668975830078125,medmcqa_2,"['PBMD', 'PBMD', 'TEXT']","[467572377855700116, 467572377855173955, 467523489549992416]","[0.8534821271896362, 0.8448580503463745, 0.8434313535690308]"
5a6d1474-6616-4e92-a4d7-7068194907cc,Gynaecology & Obstetrics,0.1611328125,0.38671875,0.11083984375,0.341796875,True,B,0.03214311599731445,medmcqa_2,"['STAT', 'PBMD', 'PBMD']","[467572377850723419, 467572377856173029, 467572377852187625]","[0.8421077728271484, 0.8339877724647522, 0.828156590461731]"
297677a6-6899-4f3f-9fc6-50ce8ef77d8f,Gynaecology & Obstetrics,0.0198974609375,0.546875,0.423828125,0.0106201171875,False,C,0.03307366371154785,medmcqa_2,"['PBMD', 'PBMD', 'PBMD']","[467572377853899874, 467572377852875212, 467572377856737356]","[0.7744978070259094, 0.7673438191413879, 0.7634181976318359]"
923c02b6-b090-4eb3-9d0f-faa86c8ca843,Gynaecology & Obstetrics,0.27734375,0.216796875,0.1484375,0.357421875,False,B,0.04771280288696289,medmcqa_2,"['PBMD', 'PBMD', 'PBMD']","[467572377855061805, 467572377856541233, 467572377852520541]","[0.8181335926055908, 0.7948314547538757, 0.7945067286491394]"
d9006f5c-ce65-42bf-9c9d-9b4091aa94ef,Gynaecology & Obstetrics,0.11181640625,0.470703125,0.1962890625,0.2216796875,False,C,0.03821444511413574,medmcqa_2,"['STAT', 'PBMD', 'PBMD']","[467572377850748907, 467572377854835304, 467572377855723042]","[0.7546422481536865, 0.7280845642089844, 0.7279093265533447]"
af7e0a7d-3500-4627-9a68-b9a2846cf25c,Gynaecology & Obstetrics,0.294921875,0.0291748046875,0.6640625,0.01214599609375,False,A,0.03848624229431152,medmcqa_2,"['TEXT', 'STAT', 'STAT']","[467523489550008381, 467572377850343600, 467572377850324401]","[0.830482542514801, 0.8263902068138123, 0.8170089721679688]"
5e2fc1e8-4a7b-41f6-94aa-f97993235037,Gynaecology & Obstetrics,0.1552734375,0.2255859375,0.19921875,0.421875,False,A,0.047934770584106445,medmcqa_2,"['PBMD', 'PBMD', 'PBMD']","[467572377856319804, 467572377854257080, 467572377856296327]","[0.775063157081604, 0.7738195061683655, 0.7701050043106079]"
2446d0f1-6eca-4490-8f29-cf881563ed09,Gynaecology & Obstetrics,0.41015625,0.06298828125,0.1171875,0.41015625,True,A,0.02992868423461914,medmcqa_2,"['PBMD', 'PBMD', 'PBMD']","[467572377852471104, 467572377852534017, 467572377853388874]","[0.8356124758720398, 0.8203447461128235, 0.8170615434646606]"
21cbedc3-48cf-4064-b498-836b274f3ea9,Gynaecology & Obstetrics,0.50390625,0.087890625,0.099609375,0.306640625,True,A,0.03542160987854004,medmcqa_2,"['PBMD', 'PBMD', 'PBMD']","[467572377854634163, 467572377850926204, 467572377855321932]","[0.7451058030128479, 0.7397628426551819, 0.738837718963623]"
0f45ce1f-6fb9-4d7c-b492-0c1e5da47d3c,Gynaecology & Obstetrics,0.0301513671875,0.87890625,0.0172119140625,0.072265625,True,B,0.036057233810424805,medmcqa_2,"['PBMD', 'PBMD', 'TEXT']","[467572377855786531, 467572377854993669, 467523489549962624]","[0.816439151763916, 0.7962017059326172, 0.7957802414894104]"
7ed10403-b06f-4d16-80cb-6bebf0ac484c,Gynaecology & Obstetrics,0.045166015625,0.045166015625,0.2021484375,0.70703125,True,D,0.03258872032165527,medmcqa_2,"['PBMD', 'PBMD', 'STAT']","[467572377852200276, 467572377853698979, 467572377850232220]","[0.7723569869995117, 0.7650743722915649, 0.7646846771240234]"
8be19c17-caf4-4bbe-b2f2-d2176724b288,Gynaecology & Obstetrics,0.1923828125,0.5234375,0.0908203125,0.1923828125,True,B,0.023986339569091797,medmcqa_2,"['PBMD', 'PBMD', 'PBMD']","[467572377850998122, 467572377853374523, 467572377856447011]","[0.8032897710800171, 0.7993144392967224, 0.7981306314468384]"
d01d87fe-0597-4189-8467-f27e784e8a00,Gynaecology & Obstetrics,0.14453125,0.020751953125,0.828125,0.005584716796875,True,C,0.03265666961669922,medmcqa_2,"['PBMD', 'PBMD', 'PBMD']","[467572377853195235, 467572377854132345, 467572377854006271]","[0.8075639009475708, 0.7987920045852661, 0.7921101450920105]"
b48060f5-77e5-4788-a956-4e23d5e61740,Gynaecology & Obstetrics,0.1572265625,0.021240234375,0.022705078125,0.796875,True,D,0.0546727180480957,medmcqa_2,"['PBMD', 'PBMD', 'PBMD']","[467572377855917556, 467572377856094682, 467572377854235760]","[0.8242775201797485, 0.8161569237709045, 0.8149132132530212]"
2e4e1ee8-5d6e-488c-8a6f-7ba50afb6001,Gynaecology & Obstetrics,0.29296875,0.29296875,0.2578125,0.15625,False,B,0.03644990921020508,medmcqa_2,"['PBMD', 'PBMD', 'PBMD']","[467572377853074466, 467572377852737737, 467572377854123597]","[0.772596001625061, 0.7620669603347778, 0.7612566351890564]"
c5fca1b1-2f4b-4786-b48f-2425a7b91f5c,Gynaecology & Obstetrics,0.28125,0.59765625,0.10400390625,0.0169677734375,False,A,0.03553295135498047,medmcqa_2,"['PBMD', 'PBMD', 'PBMD']","[467572377853409389, 467572377854151006, 467572377854842536]","[0.8304214477539062, 0.8244392275810242, 0.8232253789901733]"
a66ffca3-43ba-46ed-af2f-9a397610ba9c,Gynaecology & Obstetrics,0.37890625,0.55078125,0.0400390625,0.0274658203125,True,B,0.03487110137939453,medmcqa_2,"['PBMD', 'STAT', 'PBMD']","[467572377855968120, 467572377850737061, 467572377852785101]","[0.8095285296440125, 0.7944415807723999, 0.7939542531967163]"
f1393574-95d6-4a03-bbfb-c82490c89002,Gynaecology & Obstetrics,0.002471923828125,0.99609375,0.00066375732421875,0.000518798828125,True,B,0.04752469062805176,medmcqa_2,"['PBMD', 'PBMD', 'PBMD']","[467572377852905155, 467572377856690661, 467572377856024778]","[0.820558488368988, 0.820095956325531, 0.8116140365600586]"
d0cd2cfd-5643-48a5-b472-925482549dfe,Gynaecology & Obstetrics,0.61328125,0.2890625,0.0732421875,0.0252685546875,False,B,0.03640007972717285,medmcqa_2,"['PBMD', 'PBMD', 'PBMD']","[467572377853087333, 467572377853092425, 467572377854792529]","[0.7711759805679321, 0.769817054271698, 0.7676243185997009]"
57274d8b-8c5d-4265-817f-10d8ccf90a1d,Gynaecology & Obstetrics,0.57421875,0.11328125,0.1455078125,0.1650390625,True,A,0.030635595321655273,medmcqa_2,"['PBMD', 'PBMD', 'PBMD']","[467572377852863426, 467572377855451649, 467572377854735791]","[0.8193778991699219, 0.8128092288970947, 0.8117552995681763]"
a1626373-d1a3-4f65-bd64-b5e0cbbebe5c,Medicine,0.005126953125,0.00311279296875,0.01397705078125,0.9765625,True,D,0.03278756141662598,medmcqa_2,"['PBMD', 'PBMD', 'PBMD']","[467572377853959809, 467572377853447146, 467572377855179880]","[0.8688558340072632, 0.86521315574646, 0.8645131587982178]"
644ee88f-6567-4aaf-a9ab-e96dc2ee91c3,Medicine,0.047119140625,0.004119873046875,0.002197265625,0.9453125,True,D,0.03807568550109863,medmcqa_2,"['PBMD', 'PBMD', 'PBMD']","[467572377852516433, 467572377856409783, 467572377852653792]","[0.827781081199646, 0.8183543682098389, 0.8163248300552368]"
37ec0e5e-7147-4e59-88c3-272299eccf5e,Medicine,0.025634765625,0.9609375,0.00506591796875,0.006500244140625,False,D,0.037030696868896484,medmcqa_2,"['PBMD', 'PBMD', 'PBMD']","[467572377853320518, 467572377850997705, 467572377855635814]","[0.8305923342704773, 0.8236861228942871, 0.8229078650474548]"
33330121-608c-48b0-887d-60981fc16167,Medicine,0.0211181640625,0.0255126953125,0.8984375,0.053955078125,True,C,0.03776431083679199,medmcqa_2,"['PBMD', 'STAT', 'STAT']","[467572377856557983, 467572377850646186, 467572377850659678]","[0.8289172053337097, 0.8251684308052063, 0.8125578165054321]"
de15a0a0-6ff8-4496-a469-afa1bd5330f6,Medicine,0.06591796875,0.37890625,0.294921875,0.259765625,True,B,0.036257266998291016,medmcqa_2,"['PBMD', 'PBMD', 'PBMD']","[467572377852322746, 467572377852121588, 467572377854204325]","[0.825522780418396, 0.817957878112793, 0.8142912983894348]"
b0f352d1-abe8-4bab-9283-eeed8e9eff0a,Medicine,0.416015625,0.15234375,0.416015625,0.01708984375,False,B,0.031641244888305664,medmcqa_2,"['PBMD', 'PBMD', 'STAT']","[467572377852323679, 467572377854062892, 467572377850370575]","[0.8316003680229187, 0.8230859041213989, 0.8211484551429749]"
5c5958f1-7c15-4d45-974c-2a3aa36bec81,Medicine,0.1318359375,0.216796875,0.458984375,0.19140625,True,C,0.039954423904418945,medmcqa_2,"['PBMD', 'PBMD', 'PBMD']","[467572377854932014, 467572377856906080, 467572377854143359]","[0.8155092597007751, 0.8018389344215393, 0.7999280691146851]"
9e2039a8-bbe0-40be-b00e-b7f41bd95934,Medicine,0.90234375,0.042236328125,0.03271484375,0.0240478515625,False,B,0.04735708236694336,medmcqa_2,"['PBMD', 'PBMD', 'PBMD']","[467572377853933524, 467572377855160567, 467572377855832837]","[0.8034167289733887, 0.7995795607566833, 0.7995786666870117]"
f8df8101-c272-47fa-be91-edc6c5710145,Medicine,0.9921875,0.00628662109375,0.000354766845703125,0.000354766845703125,True,A,0.036240577697753906,medmcqa_2,"['PBMD', 'PBMD', 'PBMD']","[467572377852600352, 467572377853444276, 467572377852541875]","[0.8398088216781616, 0.8394714593887329, 0.8340308666229248]"
a35ab4c7-83c6-416b-bb3f-655c1ef7bdae,Medicine,0.007568359375,0.0012359619140625,0.001312255859375,0.98828125,True,D,0.039893388748168945,medmcqa_2,"['PBMD', 'PBMD', 'PBMD']","[467572377853711607, 467572377852731346, 467572377853433898]","[0.8212239146232605, 0.8038016557693481, 0.8028703331947327]"
a66cbc7e-838c-487a-9582-2ed7084124c0,Medicine,0.99609375,0.004913330078125,0.000751495361328125,3.981590270996094e-05,True,A,0.04824376106262207,medmcqa_2,"['PBMD', 'PBMD', 'PBMD']","[467572377853501082, 467572377855374021, 467572377853241501]","[0.8256964087486267, 0.8180909752845764, 0.8168726563453674]"
43798c77-cd41-43d6-b44d-2a827833ff01,Medicine,1.0,0.000179290771484375,0.00010204315185546875,4.839897155761719e-05,True,A,0.03477668762207031,medmcqa_2,"['PBMD', 'PBMD', 'PBMD']","[467572377853467212, 467572377854167696, 467572377852188292]","[0.8138587474822998, 0.803543210029602, 0.8015262484550476]"
f9d3a334-ff88-4021-8ad7-56bcc7029456,Medicine,0.0419921875,0.025390625,0.036865234375,0.89453125,True,D,0.03450369834899902,medmcqa_2,"['PBMD', 'PBMD', 'PBMD']","[467572377850980074, 467572377852044919, 467572377854124216]","[0.8028187155723572, 0.7939952611923218, 0.7905144691467285]"
83d7a565-3257-4e37-9049-eadfaf8df0d7,Medicine,0.90625,0.025634765625,0.029052734375,0.039794921875,True,A,0.033652305603027344,medmcqa_2,"['PBMD', 'PBMD', 'PBMD']","[467572377854023224, 467572377854931679, 467572377852193399]","[0.7825464010238647, 0.7784604430198669, 0.7733901143074036]"
d67da481-3a56-4878-894a-5ab83e45342a,Medicine,0.0201416015625,0.97265625,0.0037384033203125,0.0032958984375,True,B,0.05528712272644043,medmcqa_2,"['PBMD', 'PBMD', 'PBMD']","[467572377853530609, 467572377852622538, 467572377853357085]","[0.8210984468460083, 0.8198058605194092, 0.8188915848731995]"
62c3b92f-870d-47bd-a21b-90ca1d194408,Medicine,0.146484375,0.0038909912109375,0.00994873046875,0.83984375,True,D,0.02680182456970215,medmcqa_2,"['STAT', 'STAT', 'STAT']","[467572377850748997, 467572377850242668, 467572377850247517]","[0.8267364501953125, 0.8177998065948486, 0.8162175416946411]"
9c58df37-2dac-4b36-b946-eb369676f0f6,Medicine,0.11767578125,0.0140380859375,0.8671875,0.000579833984375,False,A,0.03397178649902344,medmcqa_2,"['PBMD', 'PBMD', 'PBMD']","[467572377853311210, 467572377853871126, 467572377856184220]","[0.815488338470459, 0.8124820590019226, 0.8078446388244629]"
df05eadb-b02e-40cd-b3a5-05023717304b,Medicine,0.11279296875,0.0390625,0.0126953125,0.8359375,True,D,0.031186580657958984,medmcqa_2,"['PBMD', 'TEXT', 'PBMD']","[467572377852208835, 467523489549938147, 467572377852126602]","[0.7985309362411499, 0.7932496070861816, 0.7890109419822693]"
b79917bc-e97f-46b4-a7e9-e3966b34c506,Medicine,0.0634765625,0.1044921875,0.6796875,0.1513671875,True,C,0.031664371490478516,medmcqa_2,"['PBMD', 'PBMD', 'PBMD']","[467572377853457904, 467572377852707041, 467572377852178561]","[0.7972656488418579, 0.7937211990356445, 0.7839984893798828]"
d9fcb779-e20d-44e0-a77b-c6b8266ddacd,Medicine,0.58203125,0.21484375,0.10107421875,0.10107421875,False,B,0.03197288513183594,medmcqa_2,"['TEXT', 'PBMD', 'PBMD']","[467523489549708436, 467572377854822674, 467572377852055345]","[0.8347139358520508, 0.8311705589294434, 0.825897216796875]"
f7d17358-64c7-4deb-9cea-16c5d5b38d78,Microbiology,0.2001953125,0.7890625,0.00726318359375,0.0026702880859375,False,A,0.03252577781677246,medmcqa_2,"['PBMD', 'PBMD', 'PBMD']","[467572377852549009, 467572377854351356, 467572377854444766]","[0.8266876339912415, 0.8108802437782288, 0.8021054267883301]"
1108a2aa-4ff4-4274-b181-0633f58a8484,Microbiology,0.01397705078125,0.003997802734375,0.98046875,0.0001373291015625,True,C,0.024997711181640625,medmcqa_2,"['STAT', 'TEXT', 'PBMD']","[467572377850377819, 467523489549971698, 467572377853769735]","[0.813980221748352, 0.8118332028388977, 0.8110895752906799]"
5319d11b-e13f-4a02-a642-b145a0236422,Microbiology,0.0751953125,0.5546875,0.1396484375,0.23046875,False,C,0.032144784927368164,medmcqa_2,"['PBMD', 'PBMD', 'PBMD']","[467572377850971905, 467572377856924935, 467572377854535575]","[0.8048186302185059, 0.8001103401184082, 0.7959789037704468]"
fdaf6844-74dd-473d-b551-5f44c86efc62,Microbiology,0.0035858154296875,0.9921875,0.0015869140625,0.001495361328125,True,B,0.03836798667907715,medmcqa_2,"['PBMD', 'PBMD', 'PBMD']","[467572377855691054, 467572377856730532, 467572377855884334]","[0.8003178834915161, 0.7877331972122192, 0.7864236831665039]"
86a6ac6c-15f9-4e01-8baa-5ca8c269b149,Microbiology,0.53125,0.08154296875,0.1044921875,0.283203125,True,A,0.033215999603271484,medmcqa_2,"['PBMD', 'PBMD', 'PBMD']","[467572377852153213, 467572377850832473, 467572377854341438]","[0.7746886014938354, 0.7739483714103699, 0.7511405944824219]"
485339f2-8407-4d4f-bb14-8372fbc0d09c,Microbiology,0.004302978515625,0.003570556640625,0.9921875,0.00013065338134765625,True,C,0.04751253128051758,medmcqa_2,"['PBMD', 'PBMD', 'PBMD']","[467572377852928230, 467572377852324379, 467572377854458257]","[0.8045445084571838, 0.8011112213134766, 0.7989311814308167]"
adb86714-b275-4cbb-8d6e-7597ed6082ac,Microbiology,0.142578125,0.388671875,0.1259765625,0.341796875,False,D,0.04834747314453125,medmcqa_2,"['PBMD', 'PBMD', 'PBMD']","[467572377854666362, 467572377852039716, 467572377853172852]","[0.7866302728652954, 0.7833307981491089, 0.783181369304657]"
a93f0231-9509-4c26-8af2-4e831b524505,Microbiology,0.007568359375,0.98828125,0.0026092529296875,0.0003108978271484375,True,B,0.03424191474914551,medmcqa_2,"['TEXT', 'PBMD', 'TEXT']","[467523489549932605, 467572377853398275, 467523489549932374]","[0.8000388145446777, 0.7933814525604248, 0.787255585193634]"
b2f06a02-a7a5-4c2b-a037-13d731aae4e9,Microbiology,0.022216796875,0.01348876953125,0.0184326171875,0.9453125,True,D,0.05002260208129883,medmcqa_2,"['PBMD', 'PBMD', 'PBMD']","[467572377855675559, 467572377853623958, 467572377855433925]","[0.8107399940490723, 0.8084576725959778, 0.8032104969024658]"
a83b55c7-ab9b-4c30-a0a3-9d45b2e6356d,Microbiology,0.478515625,0.12109375,0.2001953125,0.2001953125,False,B,0.037630319595336914,medmcqa_2,"['PBMD', 'PBMD', 'PBMD']","[467572377852694951, 467572377853836829, 467572377853980988]","[0.8133834600448608, 0.8088928461074829, 0.8086416125297546]"
35558726-6558-42ca-b8aa-39cc5d528464,Microbiology,0.0947265625,0.004425048828125,0.0030364990234375,0.8984375,True,D,0.026300907135009766,medmcqa_2,"['PBMD', 'PBMD', 'PBMD']","[467572377854620571, 467572377854206520, 467572377854903175]","[0.7764618396759033, 0.7744669914245605, 0.7740203738212585]"
b550c839-b30b-4d52-ae53-2e006afe282c,Microbiology,0.017578125,0.01458740234375,0.00689697265625,0.9609375,True,D,0.03712582588195801,medmcqa_2,"['PBMD', 'PBMD', 'TEXT']","[467572377855794471, 467572377856352872, 467523489549978893]","[0.8145189881324768, 0.8068848848342896, 0.8023004531860352]"
20ac8319-5788-461a-8213-700fb96fba73,Microbiology,0.185546875,0.5703125,0.0322265625,0.2099609375,False,D,0.03445601463317871,medmcqa_2,"['PBMD', 'PBMD', 'PBMD']","[467572377856295993, 467572377855690575, 467572377854834140]","[0.7315475344657898, 0.7272815704345703, 0.7271786332130432]"
770558f8-ae2c-4e68-a6b3-eb7c80aad3a9,Microbiology,0.99609375,0.00075531005859375,0.00180816650390625,4.00543212890625e-05,True,A,0.03126668930053711,medmcqa_2,"['PBMD', 'PBMD', 'PBMD']","[467572377853129636, 467572377852762449, 467572377852290992]","[0.7712540626525879, 0.7685173749923706, 0.7658020853996277]"
57a55d12-ab96-4b10-997f-5a213d9f9b9d,Microbiology,0.99609375,0.00150299072265625,0.00102996826171875,0.0001583099365234375,True,A,0.03250455856323242,medmcqa_2,"['STAT', 'STAT', 'PBMD']","[467572377850654653, 467572377850638976, 467572377856211458]","[0.7606062889099121, 0.7555936574935913, 0.7529642581939697]"
dbf1a972-3872-4ead-a711-662058b7e7f1,Microbiology,0.1640625,0.099609375,0.57421875,0.1640625,True,C,0.03614664077758789,medmcqa_2,"['PBMD', 'PBMD', 'PBMD']","[467572377853956097, 467572377855229934, 467572377853232026]","[0.8406221270561218, 0.8380689024925232, 0.8256597518920898]"
d00ceb4c-3447-44a4-9444-b8955400261c,Microbiology,0.01153564453125,0.97265625,0.01226806640625,0.0016632080078125,True,B,0.031222820281982422,medmcqa_2,"['PBMD', 'PBMD', 'PBMD']","[467572377854316177, 467572377853654454, 467572377853959878]","[0.7682754397392273, 0.7651125192642212, 0.7628399729728699]"
f6989914-8cda-4227-9e72-9228732680eb,Microbiology,0.05419921875,0.515625,0.189453125,0.2431640625,True,B,0.03018331527709961,medmcqa_2,"['PBMD', 'PBMD', 'PBMD']","[467572377856940720, 467572377850963122, 467572377854926293]","[0.8216751217842102, 0.8158842921257019, 0.8134934902191162]"
bdcb61db-6ef7-4463-8650-2edc8f6ea9ad,Microbiology,0.0062255859375,0.984375,0.0037841796875,0.005157470703125,True,B,0.039517879486083984,medmcqa_2,"['PBMD', 'PBMD', 'PBMD']","[467572377854119283, 467572377854135665, 467572377852102469]","[0.8142435550689697, 0.8043357133865356, 0.803244411945343]"
d74ea516-e04e-4f5b-873f-f5f694f561ae,Microbiology,0.1689453125,0.0400390625,0.035400390625,0.7578125,True,D,0.035175323486328125,medmcqa_2,"['PBMD', 'PBMD', 'PBMD']","[467572377855410593, 467572377853910631, 467572377853364396]","[0.8128911256790161, 0.8114168643951416, 0.8108164072036743]"
dfa21168-31de-4598-a02a-b3e9e4703b92,Biochemistry,0.00070953369140625,1.0,0.0003795623779296875,0.000457763671875,True,B,0.0371701717376709,medmcqa_2,"['PBMD', 'PBMD', 'PBMD']","[467572377852671537, 467572377855096206, 467572377856237960]","[0.8182656764984131, 0.8161664009094238, 0.8144692182540894]"
cdcae6ed-6baf-49ae-9e07-6bc7fb9b4ffd,Biochemistry,0.1259765625,0.34375,0.498046875,0.031982421875,False,A,0.048891305923461914,medmcqa_2,"['PBMD', 'PBMD', 'PBMD']","[467572377855019990, 467572377854543625, 467572377854892121]","[0.8010866641998291, 0.8003424406051636, 0.7991600632667542]"
d29c8d65-c329-4bd3-8f4a-09ad842fa242,Biochemistry,0.09326171875,0.0162353515625,0.8828125,0.00634765625,True,C,0.05331015586853027,medmcqa_2,"['PBMD', 'PBMD', 'PBMD']","[467572377856875374, 467572377854224152, 467572377853977361]","[0.8105844259262085, 0.8082458972930908, 0.8073963522911072]"
35307205-651e-4546-a62a-17f5caacb6f6,Biochemistry,0.1435546875,0.052734375,0.77734375,0.0281982421875,True,C,0.03742337226867676,medmcqa_2,"['TEXT', 'PBMD', 'TEXT']","[467523489549677853, 467572377854342493, 467523489549677854]","[0.8111298680305481, 0.806472659111023, 0.8028272986412048]"
757546f9-a5ca-4f76-8a84-433d1b3f2699,Biochemistry,0.041748046875,0.89453125,0.016357421875,0.04736328125,True,B,0.030804872512817383,medmcqa_2,"['PBMD', 'PBMD', 'PBMD']","[467572377852184595, 467572377856593646, 467572377855156624]","[0.764043927192688, 0.7546216249465942, 0.7373193502426147]"
92e96f6f-7918-47a9-84fd-32f151743d4e,Biochemistry,0.9921875,0.008056640625,0.000377655029296875,0.00021457672119140625,True,A,0.05776548385620117,medmcqa_2,"['PBMD', 'PBMD', 'PBMD']","[467572377854103607, 467572377855020950, 467572377853547749]","[0.864498496055603, 0.8337466716766357, 0.8274195790290833]"
08e2c7a3-1ce6-4e25-92fd-121bae470451,Biochemistry,0.0035858154296875,0.9921875,0.00042724609375,0.0031585693359375,True,B,0.03598785400390625,medmcqa_2,"['STAT', 'PBMD', 'PBMD']","[467572377850773714, 467572377853133948, 467572377856850413]","[0.8585479259490967, 0.8229633569717407, 0.8195890188217163]"
a69cf062-622c-4629-91d9-ccd4627a4a10,Biochemistry,0.123046875,0.203125,0.123046875,0.55078125,False,A,0.050379037857055664,medmcqa_2,"['PBMD', 'PBMD', 'PBMD']","[467572377852994249, 467572377855252461, 467572377855185258]","[0.7971423864364624, 0.7851256132125854, 0.7785724997520447]"
2b631c98-d704-4baa-9ceb-d823026c069a,Biochemistry,0.212890625,0.7421875,0.0286865234375,0.0174560546875,True,B,0.03427433967590332,medmcqa_2,"['PBMD', 'PBMD', 'PBMD']","[467572377852330567, 467572377856918575, 467572377855021482]","[0.8190310597419739, 0.8096601963043213, 0.8067834377288818]"
666e3d8e-a797-4594-80e3-0140e71a34dc,Biochemistry,0.020263671875,0.9765625,0.00213623046875,0.0016632080078125,True,B,0.032332420349121094,medmcqa_2,"['TEXT', 'PBMD', 'TEXT']","[467523489549972162, 467572377856429783, 467523489549678788]","[0.8075772523880005, 0.7867602705955505, 0.7861222624778748]"
5b7c9692-5d22-4747-bca6-48904d2f5d5b,Biochemistry,0.3203125,0.46484375,0.09765625,0.11767578125,True,B,0.033162593841552734,medmcqa_2,"['PBMD', 'PBMD', 'TEXT']","[467572377856552018, 467572377852827779, 467523489549677300]","[0.8113529682159424, 0.8099913001060486, 0.8046098947525024]"
e766703f-5931-4581-b43d-ea4e7c664d85,Biochemistry,0.2470703125,0.671875,0.0517578125,0.03125,False,A,0.03849649429321289,medmcqa_2,"['PBMD', 'PBMD', 'PBMD']","[467572377852687298, 467572377854869804, 467572377850971784]","[0.8416340351104736, 0.8368068933486938, 0.8259379863739014]"
91a265d2-e19a-43af-83bf-cc8e8be55402,Biochemistry,0.9765625,0.01019287109375,0.006591796875,0.00579833984375,True,A,0.03925037384033203,medmcqa_2,"['PBMD', 'PBMD', 'STAT']","[467572377853867717, 467572377855083727, 467572377850284145]","[0.7970917224884033, 0.7954397201538086, 0.792732834815979]"
6c1c66c1-4bb4-437b-a56b-64ae72bc820e,Biochemistry,0.01165771484375,0.984375,0.00139617919921875,0.000701904296875,True,B,0.032362937927246094,medmcqa_2,"['PBMD', 'PBMD', 'PBMD']","[467572377854328919, 467572377852327763, 467572377852331961]","[0.8225855827331543, 0.8109803795814514, 0.8013650178909302]"
62916be4-b903-4159-8130-e34fc3e7d127,Biochemistry,0.306640625,0.1865234375,0.39453125,0.11279296875,True,C,0.03238797187805176,medmcqa_2,"['TEXT', 'PBMD', 'PBMD']","[467523489549683021, 467572377854464255, 467572377854740707]","[0.8373891115188599, 0.8340655565261841, 0.8276882171630859]"
7b99f77a-9045-40a2-a82c-3483bc22796d,Biochemistry,0.9765625,0.005126953125,0.00201416015625,0.01483154296875,True,A,0.034389495849609375,medmcqa_2,"['PBMD', 'PBMD', 'PBMD']","[467572377855476116, 467572377854946942, 467572377852895791]","[0.7921929359436035, 0.7898544073104858, 0.7835366725921631]"
4c912613-b5dc-47f3-9a5b-77aa02e81864,Biochemistry,0.0108642578125,0.006195068359375,0.9765625,0.005126953125,True,C,0.04896998405456543,medmcqa_2,"['PBMD', 'PBMD', 'STAT']","[467572377854381844, 467572377856836484, 467572377850272476]","[0.8236152529716492, 0.8097165822982788, 0.8093951940536499]"
e7688428-52f8-4ee6-b0f1-533a73c4df2c,Biochemistry,0.032470703125,0.01361083984375,0.953125,0.0017242431640625,True,C,0.024885177612304688,medmcqa_2,"['TEXT', 'PBMD', 'PBMD']","[467523489549678788, 467572377854508512, 467572377850949174]","[0.7856727838516235, 0.7792196273803711, 0.7780458927154541]"
c79a82f3-2ac8-4e6d-ab48-991032e2c21f,Biochemistry,0.9921875,0.00628662109375,0.0012359619140625,8.96453857421875e-05,True,A,0.03157925605773926,medmcqa_2,"['PBMD', 'PBMD', 'PBMD']","[467572377854105560, 467572377853625850, 467572377854841773]","[0.8130544424057007, 0.8090918064117432, 0.8080644011497498]"
0da9266f-422e-49b5-8583-7aea40033132,Biochemistry,0.98046875,0.00311279296875,0.016845703125,9.441375732421875e-05,True,A,0.03696465492248535,medmcqa_2,"['PBMD', 'PBMD', 'STAT']","[467572377854547588, 467572377854880799, 467572377850415609]","[0.8148276209831238, 0.8026154637336731, 0.8004509210586548]"
c4c9828b-8e26-4094-824b-53c40bf29028,Forensic Medicine,0.072265625,0.77734375,0.134765625,0.01611328125,True,B,0.037915706634521484,medmcqa_2,"['PBMD', 'PBMD', 'PBMD']","[467572377853374918, 467572377855892709, 467572377853827464]","[0.7698462009429932, 0.7637792229652405, 0.7523972392082214]"
6123cd94-5008-4932-9b4c-d89ab39ecaed,Forensic Medicine,0.006683349609375,0.9921875,0.0010223388671875,0.000453948974609375,False,C,0.024296283721923828,medmcqa_2,"['PBMD', 'PBMD', 'PBMD']","[467572377852919427, 467572377853347094, 467572377854861929]","[0.8016721606254578, 0.7926068902015686, 0.7922239899635315]"
e712b8a4-bf0f-4f2b-8ab8-74ab9ff0b1b0,Forensic Medicine,0.034912109375,0.9609375,0.002105712890625,0.0013580322265625,True,B,0.030869245529174805,medmcqa_2,"['PBMD', 'PBMD', 'PBMD']","[467572377855580631, 467572377852479962, 467572377855930868]","[0.7985342144966125, 0.7976659536361694, 0.7959581613540649]"
e1ed6045-b3e6-4e50-ac69-3c320d519709,Forensic Medicine,0.0250244140625,0.87890625,0.007171630859375,0.08740234375,False,D,0.03379416465759277,medmcqa_2,"['PBMD', 'STAT', 'PBMD']","[467572377853763889, 467572377850370734, 467572377854269065]","[0.7731956243515015, 0.7646036148071289, 0.7625976800918579]"
b3604a69-23b4-429b-8c91-8366d7cfb771,Forensic Medicine,0.11376953125,0.7421875,0.1005859375,0.0419921875,True,B,0.02438068389892578,medmcqa_2,"['PBMD', 'PBMD', 'PBMD']","[467572377855177884, 467572377855799828, 467572377853478196]","[0.7372848391532898, 0.7359340190887451, 0.7337767481803894]"
4367987d-9354-400a-9e39-52c40eaecd02,Forensic Medicine,0.63671875,0.30078125,0.046142578125,0.0169677734375,True,A,0.03154444694519043,medmcqa_2,"['PBMD', 'PBMD', 'PBMD']","[467572377854201472, 467572377850792357, 467572377856759411]","[0.7592818737030029, 0.7537893056869507, 0.751999020576477]"
aa7f2ba5-c14b-4991-aa6c-dfadf7c963ce,Forensic Medicine,0.12890625,0.79296875,0.044677734375,0.03466796875,True,B,0.03720688819885254,medmcqa_2,"['PBMD', 'PBMD', 'PBMD']","[467572377855702653, 467572377853157571, 467572377852812129]","[0.7992621660232544, 0.7925851345062256, 0.7837762832641602]"
ea9df377-8ee2-443a-a2bb-01f879ab988c,Forensic Medicine,0.146484375,0.2265625,0.146484375,0.48046875,False,C,0.031586647033691406,medmcqa_2,"['PBMD', 'PBMD', 'PBMD']","[467572377852697281, 467572377853724440, 467572377853723173]","[0.8122819066047668, 0.8113577961921692, 0.807758629322052]"
2f8e3c35-c65e-4635-93cd-45eb88365ad2,Forensic Medicine,0.94140625,0.046875,0.0086669921875,0.003387451171875,True,A,0.038245201110839844,medmcqa_2,"['PBMD', 'PBMD', 'PBMD']","[467572377855050856, 467572377854609866, 467572377853142722]","[0.7261525988578796, 0.7207472324371338, 0.7175142168998718]"
4f9c1f5a-4bf1-4348-868a-4e46625d64c0,Forensic Medicine,0.400390625,0.2431640625,0.1669921875,0.189453125,True,A,0.026096820831298828,medmcqa_2,"['STAT', 'STAT', 'STAT']","[467572377850696390, 467572377850263666, 467572377850394569]","[0.789262592792511, 0.789262592792511, 0.7886694669723511]"
064b2f7d-628b-4981-a8c8-22ea05f8509d,Forensic Medicine,0.005889892578125,0.9921875,0.00191497802734375,0.0007476806640625,True,B,0.03865694999694824,medmcqa_2,"['PBMD', 'PBMD', 'PBMD']","[467572377856727777, 467572377856007191, 467572377852915675]","[0.7353222370147705, 0.7200167179107666, 0.7191910147666931]"
a423f3df-db44-42a2-a0e1-a09aa92cf0c4,Forensic Medicine,0.28125,0.52734375,0.1708984375,0.021728515625,False,D,0.026404857635498047,medmcqa_2,"['STAT', 'PBMD', 'STAT']","[467572377850353263, 467572377856480552, 467572377850236739]","[0.7138772010803223, 0.712054431438446, 0.711892306804657]"
ac90a972-9027-4a25-af72-efd26ba5e1ac,Forensic Medicine,0.01385498046875,0.00543212890625,0.0084228515625,0.97265625,False,C,0.033084869384765625,medmcqa_2,"['PBMD', 'PBMD', 'PBMD']","[467572377856692300, 467572377856362777, 467572377854017110]","[0.7251880168914795, 0.7205000519752502, 0.7204472422599792]"
80fc327a-def6-4abb-b1c5-03e6d8c4bb5b,Forensic Medicine,0.8046875,0.158203125,0.029296875,0.00836181640625,True,A,0.024545669555664062,medmcqa_2,"['STAT', 'PBMD', 'PBMD']","[467572377850351300, 467572377856885098, 467572377854211949]","[0.7289316654205322, 0.7220809459686279, 0.7219300866127014]"
4346b922-b3f5-4970-96d3-ee10740e7be0,Forensic Medicine,0.003173828125,0.99609375,0.000751495361328125,0.0003337860107421875,True,B,0.02511763572692871,medmcqa_2,"['PBMD', 'TEXT', 'TEXT']","[467572377856304933, 467523489549995194, 467523489549995190]","[0.7903858423233032, 0.7719791531562805, 0.764163613319397]"
c270b4b9-c394-4154-b0dc-bcc7254eeda5,Forensic Medicine,1.0,0.0002956390380859375,0.00016880035400390625,2.586841583251953e-05,True,A,0.03468513488769531,medmcqa_2,"['TEXT', 'PBMD', 'PBMD']","[467523489549972547, 467572377853474919, 467572377854078722]","[0.790185272693634, 0.7857662439346313, 0.7758088111877441]"
5bb6ed07-ab52-45ce-9c93-3e38cc69d59d,Forensic Medicine,0.1845703125,0.5,0.22265625,0.0927734375,False,A,0.032836198806762695,medmcqa_2,"['PBMD', 'PBMD', 'PBMD']","[467572377852915675, 467572377855472055, 467572377853124891]","[0.7404647469520569, 0.7223743796348572, 0.7190797328948975]"
eef6ff2d-0a2d-41fd-b894-64f3d434ea21,Forensic Medicine,0.70703125,0.259765625,0.005401611328125,0.0291748046875,True,A,0.033028602600097656,medmcqa_2,"['PBMD', 'PBMD', 'PBMD']","[467572377855999219, 467572377854719165, 467572377855655691]","[0.7451582551002502, 0.7418515086174011, 0.7414922118186951]"
049c1f33-45c3-4494-b817-e485cbb66f2b,Forensic Medicine,0.01226806640625,0.00579833984375,0.00616455078125,0.9765625,True,D,0.031067848205566406,medmcqa_2,"['PBMD', 'PBMD', 'PBMD']","[467572377852248370, 467572377855620355, 467572377852027996]","[0.758939802646637, 0.7588789463043213, 0.7510907053947449]"
f88fcb90-0b81-406c-ab22-161d572e77f9,Forensic Medicine,0.25390625,0.41796875,0.185546875,0.14453125,False,D,0.023834228515625,medmcqa_2,"['STAT', 'PBMD', 'PBMD']","[467572377850635638, 467572377855652918, 467572377852064177]","[0.7734295129776001, 0.7696436047554016, 0.7651985287666321]"
1c3d51e1-abbf-41dc-85a9-dac0a0e13991,ENT,0.99609375,0.001922607421875,0.0002956390380859375,6.580352783203125e-05,True,A,0.024072885513305664,medmcqa_2,"['PBMD', 'PBMD', 'STAT']","[467572377855398251, 467572377852682627, 467572377850417955]","[0.8763354420661926, 0.8554409146308899, 0.8384829163551331]"
f7a78987-91d4-43f6-8213-055eae5d252a,ENT,0.0186767578125,0.017578125,0.9609375,0.004730224609375,True,C,0.04768204689025879,medmcqa_2,"['PBMD', 'PBMD', 'STAT']","[467572377856727995, 467572377855151253, 467572377850318183]","[0.82316654920578, 0.8203796744346619, 0.8120859265327454]"
5ba59a08-9d7e-4d42-b121-36c59ee1a9c5,ENT,0.08935546875,0.90234375,0.006072998046875,0.00144195556640625,True,B,0.03268718719482422,medmcqa_2,"['PBMD', 'PBMD', 'PBMD']","[467572377852566757, 467572377853142765, 467572377854607366]","[0.8269819617271423, 0.8227631449699402, 0.8179695010185242]"
5296809b-6bd9-4734-802f-9fe7a7def3ba,ENT,0.044189453125,0.88671875,0.060546875,0.00677490234375,True,B,0.0325617790222168,medmcqa_2,"['PBMD', 'PBMD', 'PBMD']","[467572377854136343, 467572377854728056, 467572377856202374]","[0.738186776638031, 0.7283692359924316, 0.7224531769752502]"
e084cba4-4467-4a69-8e7e-1fd25e43b770,ENT,0.041259765625,0.01519775390625,0.0026397705078125,0.94140625,False,B,0.024210214614868164,medmcqa_2,"['PBMD', 'PBMD', 'PBMD']","[467572377855918881, 467572377854887484, 467572377854227691]","[0.7680867314338684, 0.7554670572280884, 0.754858136177063]"
068d3df0-96a3-459f-9088-675d9c571797,ENT,0.0908203125,0.7578125,0.1318359375,0.017822265625,True,B,0.03154492378234863,medmcqa_2,"['PBMD', 'PBMD', 'PBMD']","[467572377852984048, 467572377854713008, 467572377854587919]","[0.8329006433486938, 0.8294025659561157, 0.8133168816566467]"
dd88479d-12d2-419e-9d78-1175aaafe823,ENT,0.35546875,0.0791015625,0.048095703125,0.515625,False,C,0.03923773765563965,medmcqa_2,"['PBMD', 'PBMD', 'PBMD']","[467572377853828472, 467572377853416989, 467572377853389405]","[0.8540716171264648, 0.8534035682678223, 0.8424569368362427]"
e9bfb43e-153f-49e9-ba8f-efe4c3d0c73b,ENT,0.21875,0.08056640625,0.67578125,0.026123046875,False,A,0.025526046752929688,medmcqa_2,"['STAT', 'PBMD', 'PBMD']","[467572377850787749, 467572377850899480, 467572377850875708]","[0.7688736319541931, 0.7647266983985901, 0.7624303698539734]"
89ce721c-26eb-45b7-b67b-657a9fa7a7f2,ENT,0.84375,0.07861328125,0.06494140625,0.01361083984375,True,A,0.024672985076904297,medmcqa_2,"['PBMD', 'PBMD', 'PBMD']","[467572377855722032, 467572377855757196, 467572377850901993]","[0.7694100141525269, 0.763902485370636, 0.7555974721908569]"
aa2981ea-d0f9-4563-b256-6cc9e5906068,ENT,0.004608154296875,0.002166748046875,0.001312255859375,0.9921875,True,D,0.024949073791503906,medmcqa_2,"['STAT', 'STAT', 'TEXT']","[467572377850736032, 467572377850698211, 467523489549677079]","[0.8142717480659485, 0.8128490447998047, 0.8054577112197876]"
2472e6ce-ac74-40b1-a1b3-c7f891eef594,ENT,0.0021820068359375,0.99609375,0.0002765655517578125,0.00066375732421875,True,B,0.03633284568786621,medmcqa_2,"['PBMD', 'PBMD', 'PBMD']","[467572377854056322, 467572377853680682, 467572377853220905]","[0.8296395540237427, 0.8253808617591858, 0.819314181804657]"
7cd2c119-48dc-4053-9348-34802c2ea968,ENT,0.96484375,0.00946044921875,0.00347900390625,0.022705078125,True,A,0.026024580001831055,medmcqa_2,"['STAT', 'TEXT', 'STAT']","[467572377850772909, 467523489549978313, 467572377850340379]","[0.8220430612564087, 0.8049365878105164, 0.8027724027633667]"
8a0f5301-1967-4d39-be79-d4b2c52360b1,ENT,0.5546875,0.431640625,0.00897216796875,0.004791259765625,True,A,0.023319244384765625,medmcqa_2,"['PBMD', 'PBMD', 'PBMD']","[467572377854239279, 467572377852291720, 467572377854769819]","[0.7731050848960876, 0.7527903318405151, 0.7526699304580688]"
c4212171-d57d-4e02-ba52-0e9d1d286ab3,ENT,0.08447265625,0.90625,0.0028839111328125,0.00506591796875,True,B,0.030161380767822266,medmcqa_2,"['PBMD', 'PBMD', 'PBMD']","[467572377855073226, 467572377854604052, 467572377854867178]","[0.7965156435966492, 0.793846070766449, 0.789628267288208]"
c23425ee-427c-4d5c-a7b5-b2a00d1f19fe,ENT,0.353515625,0.51171875,0.10107421875,0.03271484375,False,A,0.03889203071594238,medmcqa_2,"['PBMD', 'PBMD', 'PBMD']","[467572377852125928, 467572377852231102, 467572377855307247]","[0.763155460357666, 0.7548644542694092, 0.752554178237915]"
050f58cc-1d07-476b-98fd-1afcd7ff4dcc,ENT,1.0,0.00058746337890625,0.000179290771484375,5.817413330078125e-05,True,A,0.033690452575683594,medmcqa_2,"['PBMD', 'PBMD', 'PBMD']","[467572377856963925, 467572377854025193, 467572377854769821]","[0.7665736675262451, 0.7600547075271606, 0.7450067400932312]"
8f855e88-dab4-496a-a43e-16a8ab963bbe,ENT,0.53125,0.15234375,0.1962890625,0.11865234375,False,C,0.033046722412109375,medmcqa_2,"['PBMD', 'PBMD', 'PBMD']","[467572377854191892, 467572377854033703, 467572377855487822]","[0.8136966824531555, 0.7967350482940674, 0.7951898574829102]"
361ac9e6-7fe0-4b6e-9351-3f62528b5103,ENT,0.08837890625,0.478515625,0.17578125,0.255859375,False,A,0.03293299674987793,medmcqa_2,"['PBMD', 'PBMD', 'STAT']","[467572377852180707, 467572377855806496, 467572377850758618]","[0.7996834516525269, 0.7914057374000549, 0.789795458316803]"
3d307b6f-5295-4e4a-a1ba-24ca99d07c82,ENT,0.25,0.04931640625,0.6796875,0.0218505859375,True,C,0.04677772521972656,medmcqa_2,"['PBMD', 'PBMD', 'PBMD']","[467572377856960344, 467572377856933903, 467572377854672274]","[0.7986213564872742, 0.7957173585891724, 0.789124071598053]"
2f667118-33c4-477d-901d-85d30d26c518,ENT,0.0130615234375,0.9765625,0.0084228515625,0.0024261474609375,True,B,0.03114151954650879,medmcqa_2,"['STAT', 'PBMD', 'PBMD']","[467572377850248910, 467572377852499547, 467572377852180706]","[0.8230487108230591, 0.8187541961669922, 0.8136816620826721]"
2eb6a133-b3b1-40b2-ad7a-c7b33a327e88,Pediatrics,0.0174560546875,0.027099609375,0.953125,0.0008697509765625,True,C,0.03901028633117676,medmcqa_2,"['PBMD', 'PBMD', 'PBMD']","[467572377853117971, 467572377852253224, 467572377852992720]","[0.8042292594909668, 0.7613875269889832, 0.7596197724342346]"
4254f21f-abde-4e24-8aa9-147ed57a8db9,Pediatrics,0.6875,0.08203125,0.0322265625,0.197265625,True,A,0.02377605438232422,medmcqa_2,"['TEXT', 'TEXT', 'PBMD']","[467523489549972357, 467523489549962345, 467572377855454750]","[0.8035123944282532, 0.7963554859161377, 0.780590295791626]"
7b40aac9-8cdd-4513-aafb-b43fe2274e8d,Pediatrics,0.2041015625,0.2314453125,0.490234375,0.0751953125,False,D,0.030303001403808594,medmcqa_2,"['PBMD', 'PBMD', 'STAT']","[467572377853001995, 467572377852034091, 467572377850302541]","[0.8362034559249878, 0.8217613101005554, 0.8203708529472351]"
666a6215-9e90-4a2e-aca8-e66c9f71e704,Pediatrics,0.009033203125,0.0096435546875,0.98046875,0.00054168701171875,True,C,0.03301119804382324,medmcqa_2,"['PBMD', 'PBMD', 'PBMD']","[467572377854689645, 467572377854915531, 467572377856673071]","[0.7605541944503784, 0.7559344172477722, 0.7505164742469788]"
f25eaf57-123a-410c-a34e-cb320680e208,Pediatrics,0.02001953125,0.01214599609375,0.96484375,0.00106048583984375,True,C,0.0312809944152832,medmcqa_2,"['PBMD', 'PBMD', 'PBMD']","[467572377854365082, 467572377854751368, 467572377854547497]","[0.7742143869400024, 0.770954966545105, 0.7657817006111145]"
1f3710fa-5a8d-4e28-aa57-af30ff87cf9b,Pediatrics,0.05615234375,0.640625,0.033935546875,0.267578125,True,B,0.0328061580657959,medmcqa_2,"['PBMD', 'PBMD', 'PBMD']","[467572377851010709, 467572377852952747, 467572377855303733]","[0.8504312038421631, 0.8358705043792725, 0.8276562690734863]"
a9de9b7b-812b-4e53-94ad-7fa901d84119,Pediatrics,0.0673828125,0.033935546875,0.0247802734375,0.875,True,D,0.037819862365722656,medmcqa_2,"['PBMD', 'PBMD', 'PBMD']","[467572377855031947, 467572377852358042, 467572377852388493]","[0.797895610332489, 0.7678443193435669, 0.763665497303009]"
62ad7d30-2032-414f-b6ce-af7b4ec40bb8,Pediatrics,0.20703125,0.72265625,0.059326171875,0.01031494140625,True,B,0.034784793853759766,medmcqa_2,"['PBMD', 'PBMD', 'PBMD']","[467572377854222452, 467572377850944840, 467572377855022504]","[0.8501297235488892, 0.8440191745758057, 0.8314957022666931]"
185bb055-499c-435c-a2d3-f325f61bd110,Pediatrics,0.0213623046875,0.009521484375,0.96875,0.000209808349609375,True,C,0.032254934310913086,medmcqa_2,"['PBMD', 'PBMD', 'STAT']","[467572377853647142, 467572377854835667, 467572377850746717]","[0.8146018981933594, 0.8039203882217407, 0.7974399328231812]"
76845e44-1408-4ca1-8a06-689a741df540,Pediatrics,0.053466796875,0.10009765625,0.57421875,0.271484375,False,D,0.03540205955505371,medmcqa_2,"['PBMD', 'TEXT', 'PBMD']","[467572377852140985, 467523489549971300, 467572377855030271]","[0.8407595157623291, 0.831105649471283, 0.8249306678771973]"
ef02820f-9d3b-4d0f-971e-804131eab03e,Pediatrics,0.99609375,0.00180816650390625,0.002044677734375,0.0004024505615234375,True,A,0.03777503967285156,medmcqa_2,"['PBMD', 'PBMD', 'PBMD']","[467572377852720283, 467572377852300007, 467572377854567421]","[0.8158413171768188, 0.8054763078689575, 0.7988503575325012]"
b92bc7a0-05f1-4e5d-8ce3-ed05d5731881,Pediatrics,0.2392578125,0.447265625,0.2392578125,0.0732421875,True,B,0.03056812286376953,medmcqa_2,"['TEXT', 'PBMD', 'PBMD']","[467523489549977257, 467572377853412502, 467572377852844806]","[0.8079317808151245, 0.8009750247001648, 0.7999417781829834]"
c9ed49a3-a6a1-4b0a-a9c6-817ec562ac34,Pediatrics,0.6171875,0.1376953125,0.2275390625,0.017578125,True,A,0.04775047302246094,medmcqa_2,"['PBMD', 'PBMD', 'PBMD']","[467572377852345860, 467572377856327402, 467572377855282920]","[0.7687872648239136, 0.7651527523994446, 0.7626324892044067]"
a6f02aff-06ae-427a-b7d2-75341d2124c3,Pediatrics,0.94921875,0.039306640625,0.007720947265625,0.0036468505859375,True,A,0.03854799270629883,medmcqa_2,"['PBMD', 'PBMD', 'PBMD']","[467572377852513047, 467572377855279579, 467572377856150601]","[0.8672611713409424, 0.8549731373786926, 0.853497326374054]"
df05e6a5-ff13-42a3-aef6-6443b39419ae,Pediatrics,0.031982421875,0.02490234375,0.93359375,0.009765625,False,A,0.03696894645690918,medmcqa_2,"['PBMD', 'PBMD', 'PBMD']","[467572377852069174, 467572377853345097, 467572377856747513]","[0.7816370725631714, 0.7795822620391846, 0.776025652885437]"
2701245a-c30b-424f-aeac-d175deb63f7e,Pediatrics,0.1396484375,0.1396484375,0.7109375,0.011474609375,False,B,0.04618477821350098,medmcqa_2,"['PBMD', 'PBMD', 'PBMD']","[467572377853980692, 467572377856449781, 467572377856600917]","[0.783492386341095, 0.7655927538871765, 0.7640053033828735]"
a537d12a-ef20-48b3-8fb5-9219cdb49a38,Pediatrics,0.000518798828125,1.0,0.00019073486328125,0.00011587142944335938,True,B,0.024086952209472656,medmcqa_2,"['STAT', 'STAT', 'PBMD']","[467572377850674464, 467572377850302755, 467572377854125447]","[0.7791783809661865, 0.7766133546829224, 0.7741379737854004]"
5b65ae21-050e-427d-b0e2-460948e9a99f,Pediatrics,0.1953125,0.171875,0.6015625,0.03173828125,True,C,0.038800716400146484,medmcqa_2,"['STAT', 'PBMD', 'PBMD']","[467572377850237926, 467572377854261638, 467572377855721071]","[0.8012312054634094, 0.7956833243370056, 0.7950278520584106]"
be933adc-1c1a-4898-9057-3f88155639bb,Pediatrics,0.1748046875,0.78515625,0.023681640625,0.0162353515625,True,B,0.02501082420349121,medmcqa_2,"['PBMD', 'STAT', 'PBMD']","[467572377854896139, 467572377850763566, 467572377855454946]","[0.8295658230781555, 0.8290518522262573, 0.8279753923416138]"
4fe7bb9e-e203-4cc9-ad1d-58063c6c31a9,Pediatrics,0.251953125,0.09912109375,0.60546875,0.041259765625,False,B,0.03146100044250488,medmcqa_2,"['PBMD', 'STAT', 'PBMD']","[467572377853101118, 467572377850405627, 467572377854052560]","[0.7901813983917236, 0.7720117568969727, 0.7683438062667847]"
ded8fe10-6d10-4a5a-a19e-354c3c28723b,Psychiatry,0.05517578125,0.59375,0.07080078125,0.28125,True,B,0.03528404235839844,medmcqa_2,"['PBMD', 'PBMD', 'PBMD']","[467572377856391846, 467572377852650097, 467572377852884705]","[0.7966413497924805, 0.792712926864624, 0.7905455231666565]"
9db3f518-c437-4fef-9238-1c4556b4f53c,Psychiatry,0.0257568359375,0.96875,0.005401611328125,0.00128173828125,True,B,0.029932498931884766,medmcqa_2,"['PBMD', 'TEXT', 'PBMD']","[467572377855675849, 467523489549994120, 467572377854052033]","[0.7477123737335205, 0.7474173903465271, 0.7437928915023804]"
0ac80358-51f1-4da6-936a-2b03fd891048,Psychiatry,0.00628662109375,0.0004558563232421875,0.0010223388671875,0.9921875,True,D,0.04605841636657715,medmcqa_2,"['PBMD', 'PBMD', 'PBMD']","[467572377852378115, 467572377855974746, 467572377852570317]","[0.7757775783538818, 0.7684190273284912, 0.7674279808998108]"
a271f22e-fb6c-4b79-8329-05dffa0bbf7b,Psychiatry,0.91015625,0.009521484375,0.00421142578125,0.07470703125,True,A,0.031139612197875977,medmcqa_2,"['PBMD', 'PBMD', 'PBMD']","[467572377854734167, 467572377856859921, 467572377852665165]","[0.7755047082901001, 0.7697476744651794, 0.7682552933692932]"
6a75cf94-5590-4dd2-8827-dc13a5e67687,Psychiatry,0.0010986328125,0.99609375,0.00102996826171875,0.00102996826171875,True,B,0.026515722274780273,medmcqa_2,"['STAT', 'PBMD', 'PBMD']","[467572377850751595, 467572377852061986, 467572377854902539]","[0.8182448148727417, 0.8105605244636536, 0.802386999130249]"
24134333-738b-45b1-bee1-acd3d173349b,Psychiatry,0.111328125,0.7265625,0.111328125,0.052490234375,True,B,0.03186750411987305,medmcqa_2,"['PBMD', 'PBMD', 'PBMD']","[467572377854540380, 467572377854067930, 467572377854084988]","[0.7933979034423828, 0.7826244831085205, 0.7821016907691956]"
6aba1a8c-6c86-441c-aee4-851a2ae13cc4,Psychiatry,0.1640625,0.83203125,0.0036163330078125,0.001251220703125,True,B,0.0233914852142334,medmcqa_2,"['PBMD', 'PBMD', 'PBMD']","[467572377855488894, 467572377853412767, 467572377854394426]","[0.827822208404541, 0.8206547498703003, 0.8199924826622009]"
2a9c966b-2541-40a2-b92f-45b71d44fd8f,Psychiatry,0.022705078125,0.021240234375,0.90625,0.051025390625,True,C,0.03701901435852051,medmcqa_2,"['PBMD', 'PBMD', 'PBMD']","[467572377854823033, 467572377854760418, 467572377856016811]","[0.8165760040283203, 0.8142141699790955, 0.8141323328018188]"
c2c522e9-595e-4327-a763-7eb93c7fcb88,Psychiatry,0.024169921875,0.003265380859375,0.006500244140625,0.96484375,True,D,0.037299394607543945,medmcqa_2,"['PBMD', 'PBMD', 'PBMD']","[467572377853342901, 467572377855188133, 467572377856001582]","[0.8172397613525391, 0.8047055602073669, 0.7993206977844238]"
0436527a-1f4e-4c7a-b3bd-46ccb78a2622,Psychiatry,0.046630859375,0.60546875,0.34375,0.00408935546875,False,C,0.03256106376647949,medmcqa_2,"['STAT', 'PBMD', 'STAT']","[467572377850259239, 467572377856280963, 467572377850317161]","[0.8360112905502319, 0.8310418128967285, 0.8283786773681641]"
daf07b41-4081-4250-a888-595f79ccdab6,Psychiatry,0.043212890625,0.01806640625,0.41015625,0.52734375,True,D,0.024629831314086914,medmcqa_2,"['PBMD', 'PBMD', 'PBMD']","[467572377852242865, 467572377855247702, 467572377852409340]","[0.7789058685302734, 0.7697672843933105, 0.7627390027046204]"
a4e3bf54-2356-4705-9594-950aeb98d4be,Psychiatry,0.1640625,0.50390625,0.185546875,0.14453125,False,D,0.032599687576293945,medmcqa_2,"['PBMD', 'PBMD', 'PBMD']","[467572377852030230, 467572377850939964, 467572377852187594]","[0.7924060225486755, 0.7861508131027222, 0.7830521464347839]"
cadabadf-7567-4b81-a5be-91d5db5e0174,Psychiatry,1.0,0.00016880035400390625,0.000179290771484375,1.341104507446289e-05,True,A,0.0319361686706543,medmcqa_2,"['PBMD', 'PBMD', 'TEXT']","[467572377855254486, 467572377855529050, 467523489549946777]","[0.8639637231826782, 0.8555998802185059, 0.849911093711853]"
f7833819-ac58-48fd-bbe3-325162400d11,Psychiatry,0.99609375,0.0016937255859375,0.0033721923828125,0.000484466552734375,True,A,0.02482891082763672,medmcqa_2,"['PBMD', 'PBMD', 'PBMD']","[467572377854394426, 467572377852485410, 467572377853560397]","[0.8129018545150757, 0.7924841642379761, 0.7910971641540527]"
6d7e8261-c45f-4f06-9b88-76476d11677b,Psychiatry,0.004608154296875,0.0012359619140625,0.00131988525390625,0.9921875,True,D,0.031717777252197266,medmcqa_2,"['TEXT', 'TEXT', 'STAT']","[467523489549961111, 467523489549953156, 467572377850777230]","[0.8059343695640564, 0.8027939796447754, 0.8022143840789795]"
fc1f8c2a-7272-4a36-b20d-870a3d22a060,Psychiatry,0.01385498046875,0.96875,0.01385498046875,0.00165557861328125,True,B,0.03357863426208496,medmcqa_2,"['TEXT', 'PBMD', 'PBMD']","[467523489549948250, 467572377851009715, 467572377852175513]","[0.7950998544692993, 0.7945960760116577, 0.7889283895492554]"
321c3077-4d76-47fa-9932-9aaeb3109a35,Psychiatry,0.005889892578125,0.9921875,0.001312255859375,0.0024566650390625,True,B,0.038448333740234375,medmcqa_2,"['PBMD', 'PBMD', 'PBMD']","[467572377853155517, 467572377856098377, 467572377855968949]","[0.7925658822059631, 0.7801807522773743, 0.7703182101249695]"
29c13237-5c17-4fd1-9452-4627cf137ade,Psychiatry,0.006683349609375,0.002166748046875,0.0012359619140625,0.98828125,False,A,0.024547100067138672,medmcqa_2,"['PBMD', 'PBMD', 'PBMD']","[467572377854340299, 467572377854681535, 467572377852295744]","[0.766230046749115, 0.7505179643630981, 0.7438743114471436]"
bbebb8ed-6707-45a6-97de-4275969da3ba,Psychiatry,0.11669921875,0.59375,0.21875,0.07080078125,False,D,0.025299072265625,medmcqa_2,"['PBMD', 'PBMD', 'PBMD']","[467572377852888432, 467572377855330044, 467572377855052747]","[0.7360489368438721, 0.7240425944328308, 0.7160188555717468]"
7daf7cae-bece-4d8f-a1b4-2321f5cef7f1,Psychiatry,0.96875,0.01470947265625,0.00787353515625,0.0069580078125,True,A,0.025388240814208984,medmcqa_2,"['PBMD', 'PBMD', 'PBMD']","[467572377853911559, 467572377853015309, 467572377856326184]","[0.7993133664131165, 0.7990180850028992, 0.7941925525665283]"
d3242b5e-a3d3-42ee-b5d2-67f69e46d625,Anaesthesia,0.2138671875,0.546875,0.166015625,0.07373046875,True,B,0.032361745834350586,medmcqa_2,"['PBMD', 'PBMD', 'STAT']","[467572377855693075, 467572377852519377, 467572377850637132]","[0.78206866979599, 0.7730607986450195, 0.7726637125015259]"
0e04907d-d1e0-4092-8ade-3439be72f0ca,Anaesthesia,0.046630859375,0.06005859375,0.73046875,0.1630859375,False,D,0.03349781036376953,medmcqa_2,"['PBMD', 'PBMD', 'PBMD']","[467572377855853298, 467572377855615973, 467572377856136904]","[0.824580729007721, 0.822959303855896, 0.8137020468711853]"
63f008b9-4613-4fd3-92b0-1220d771c026,Anaesthesia,0.51171875,0.02880859375,0.451171875,0.0106201171875,True,A,0.03808283805847168,medmcqa_2,"['PBMD', 'PBMD', 'STAT']","[467572377856526445, 467572377856737509, 467572377850691501]","[0.8407431840896606, 0.8307002782821655, 0.8206369876861572]"
f0251eb0-f3b6-4281-98c4-8494811a913d,Anaesthesia,0.28125,0.671875,0.014892578125,0.031494140625,True,B,0.056021928787231445,medmcqa_2,"['PBMD', 'PBMD', 'PBMD']","[467572377855925703, 467572377855953949, 467572377856087970]","[0.78437340259552, 0.7803110480308533, 0.7784134745597839]"
ca1a626d-8b9c-4061-aae9-93e40bb1f97b,Anaesthesia,0.1376953125,0.07373046875,0.51171875,0.275390625,False,A,0.048546552658081055,medmcqa_2,"['PBMD', 'PBMD', 'PBMD']","[467572377853719311, 467572377850986017, 467572377853501450]","[0.7762147188186646, 0.7737555503845215, 0.7683418989181519]"
7c1db26f-e677-442a-95f1-f872ded8cfc4,Anaesthesia,0.74609375,0.2421875,0.00830078125,0.005340576171875,False,B,0.02306962013244629,medmcqa_2,"['STAT', 'STAT', 'STAT']","[467572377850721982, 467572377850786167, 467572377850667874]","[0.7566070556640625, 0.7537515759468079, 0.7534269094467163]"
dea51d02-67d6-408b-be23-8d806ec78037,Anaesthesia,0.07373046875,0.2578125,0.29296875,0.375,True,D,0.0350649356842041,medmcqa_2,"['PBMD', 'PBMD', 'PBMD']","[467572377854074163, 467572377852057848, 467572377854912566]","[0.7786058187484741, 0.7717459201812744, 0.7673341035842896]"
a1c3500d-24b4-44c2-b7d5-4286e2db7690,Anaesthesia,0.5625,0.265625,0.11083984375,0.059326171875,False,D,0.03767728805541992,medmcqa_2,"['PBMD', 'PBMD', 'PBMD']","[467572377852908216, 467572377855913801, 467572377855277826]","[0.7804305553436279, 0.77972811460495, 0.7729626893997192]"
9bb3f0f5-613a-4dd6-8597-dfa0db03d80b,Anaesthesia,0.0556640625,0.01031494140625,0.005859375,0.9296875,False,B,0.03200125694274902,medmcqa_2,"['PBMD', 'PBMD', 'TEXT']","[467572377854966966, 467572377852171987, 467523489550009808]","[0.7658334970474243, 0.7657825946807861, 0.765005886554718]"
862e099c-f68e-4e29-84cf-851aadec5815,Anaesthesia,0.1572265625,0.796875,0.037353515625,0.00830078125,True,B,0.03859972953796387,medmcqa_2,"['PBMD', 'TEXT', 'PBMD']","[467572377853720549, 467523489550009959, 467572377853166333]","[0.7659167647361755, 0.7621535062789917, 0.7601573467254639]"
8048c166-147d-42e6-b703-a2bca1792441,Anaesthesia,0.04345703125,0.07177734375,0.87109375,0.01324462890625,True,C,0.037807464599609375,medmcqa_2,"['PBMD', 'PBMD', 'PBMD']","[467572377856912214, 467572377853390186, 467572377853984136]","[0.82323157787323, 0.8083505630493164, 0.800809383392334]"
3505743c-c42f-4bba-a8c1-14f85c10ea27,Anaesthesia,0.890625,0.0830078125,0.016357421875,0.00823974609375,True,A,0.03784513473510742,medmcqa_2,"['PBMD', 'STAT', 'PBMD']","[467572377853150076, 467572377850360409, 467572377855399191]","[0.7854506969451904, 0.7766819596290588, 0.7718477249145508]"
516e4cb5-71df-4342-80b1-339e9c79f0f1,Anaesthesia,0.0098876953125,0.83984375,0.1455078125,0.00640869140625,True,B,0.03211069107055664,medmcqa_2,"['TEXT', 'PBMD', 'PBMD']","[467523489549983599, 467572377853054272, 467572377856628569]","[0.8530280590057373, 0.8376462459564209, 0.8306719064712524]"
e9c01c78-667b-46a7-be31-449a6024d8e4,Anaesthesia,0.1953125,0.439453125,0.04345703125,0.322265625,False,A,0.03304648399353027,medmcqa_2,"['STAT', 'STAT', 'PBMD']","[467572377850775205, 467572377850675138, 467572377852617353]","[0.803729236125946, 0.789084255695343, 0.7877556085586548]"
76def6df-cba6-45b1-a07b-f55d402afdcf,Anaesthesia,0.04150390625,0.83203125,0.068359375,0.056640625,True,B,0.026610612869262695,medmcqa_2,"['STAT', 'STAT', 'STAT']","[467572377850761166, 467572377850628498, 467572377850367752]","[0.7862109541893005, 0.7689518928527832, 0.7584444284439087]"
5a099680-e853-4b92-9d5c-de8c86f55891,Anaesthesia,0.00141143798828125,0.99609375,0.00102996826171875,9.584426879882812e-05,True,B,0.025356531143188477,medmcqa_2,"['PBMD', 'PBMD', 'PBMD']","[467572377855477376, 467572377854466472, 467572377853414500]","[0.814094066619873, 0.812251091003418, 0.8030230402946472]"
0254dab7-83b0-403d-b5aa-c61080cb9c3f,Anaesthesia,0.310546875,0.58203125,0.07861328125,0.0289306640625,False,C,0.035721778869628906,medmcqa_2,"['PBMD', 'PBMD', 'PBMD']","[467572377851001819, 467572377856398935, 467572377855814821]","[0.8012351393699646, 0.7830220460891724, 0.7735900282859802]"
383a259b-7fd7-4a36-8222-3001caf9d33e,Anaesthesia,0.07958984375,0.03515625,0.333984375,0.55078125,True,D,0.04866337776184082,medmcqa_2,"['TEXT', 'PBMD', 'PBMD']","[467523489549969215, 467572377852210697, 467572377852203094]","[0.8148162961006165, 0.8140169382095337, 0.8061970472335815]"
1ddec4c6-8c9d-45d7-a3af-f2fc450af3d4,Anaesthesia,0.1650390625,0.57421875,0.11328125,0.1455078125,False,A,0.026572227478027344,medmcqa_2,"['PBMD', 'STAT', 'PBMD']","[467572377853113818, 467572377850281295, 467572377853872977]","[0.7718487977981567, 0.7567980885505676, 0.7547526955604553]"
c1c1566d-1c98-4bd7-b36d-273e6128fb5e,Anaesthesia,0.05126953125,0.08447265625,0.70703125,0.1572265625,False,A,0.03294062614440918,medmcqa_2,"['PBMD', 'PBMD', 'PBMD']","[467572377852077305, 467572377855764630, 467572377854845064]","[0.7820889353752136, 0.7746685743331909, 0.7659021615982056]"
4c1c06f0-5c40-4cb7-96a4-3c9348a18827,Radiology,0.119140625,0.06396484375,0.038818359375,0.77734375,True,D,0.03939080238342285,medmcqa_2,"['PBMD', 'PBMD', 'PBMD']","[467572377855630537, 467572377855803566, 467572377854660518]","[0.7737464904785156, 0.7679780721664429, 0.7592194080352783]"
231dec4b-331e-47dc-8f2c-c0677e6504cb,Radiology,0.67578125,0.09130859375,0.1171875,0.1171875,True,A,0.03196978569030762,medmcqa_2,"['PBMD', 'PBMD', 'PBMD']","[467572377854670518, 467572377856615360, 467572377853040409]","[0.7567774057388306, 0.7562772035598755, 0.7506498694419861]"
215ef80e-13e1-4980-aefa-77b0e8bc1d8f,Radiology,0.005889892578125,0.00518798828125,0.98828125,0.0003757476806640625,True,C,0.02642226219177246,medmcqa_2,"['PBMD', 'PBMD', 'PBMD']","[467572377855912202, 467572377855925790, 467572377855899430]","[0.7680889368057251, 0.7669041156768799, 0.765078604221344]"
f14adf62-276b-4af5-9072-838d89ca3c5a,Radiology,0.69140625,0.08251953125,0.028564453125,0.1982421875,True,A,0.032176971435546875,medmcqa_2,"['PBMD', 'STAT', 'PBMD']","[467572377854773525, 467572377850401424, 467572377852923544]","[0.8182469606399536, 0.7785131335258484, 0.7592054605484009]"
5873db31-ca20-4988-906b-535fd534c33d,Radiology,0.08056640625,0.03173828125,0.0191650390625,0.8671875,True,D,0.03168535232543945,medmcqa_2,"['TEXT', 'PBMD', 'TEXT']","[467523489549691842, 467572377852487902, 467523489549691843]","[0.8292614817619324, 0.8235375881195068, 0.8221175074577332]"
2ed0d768-a240-4e06-b4b7-653a2ca3991f,Radiology,0.0380859375,0.031494140625,0.006622314453125,0.921875,True,D,0.03795957565307617,medmcqa_2,"['PBMD', 'STAT', 'STAT']","[467572377855813128, 467572377850379699, 467572377850379689]","[0.849428653717041, 0.8455044031143188, 0.8397408723831177]"
78009746-5631-4198-8213-35c2bd6537cf,Radiology,0.0010986328125,0.99609375,0.00075531005859375,0.0003566741943359375,True,B,0.023921966552734375,medmcqa_2,"['PBMD', 'PBMD', 'PBMD']","[467572377852893702, 467572377852838875, 467572377852542784]","[0.7942290306091309, 0.7834008932113647, 0.7819039821624756]"
784ff25b-ddde-4583-8426-03bfae6bdf18,Radiology,0.99609375,0.00124359130859375,0.00116729736328125,0.0001392364501953125,True,A,0.0313410758972168,medmcqa_2,"['PBMD', 'PBMD', 'PBMD']","[467572377853483357, 467572377856019726, 467572377850993815]","[0.7742745876312256, 0.7559604644775391, 0.7553837895393372]"
04a017ae-dc2a-4e0c-809d-cfed5040a14b,Radiology,0.01483154296875,0.00701904296875,0.000949859619140625,0.9765625,True,D,0.030043840408325195,medmcqa_2,"['PBMD', 'PBMD', 'PBMD']","[467572377853904451, 467572377852189376, 467572377853147652]","[0.7713065147399902, 0.7689027190208435, 0.7681480050086975]"
0c7e9236-4604-4f0c-ab99-9efae3c6cb43,Radiology,0.6875,0.08203125,0.0341796875,0.197265625,True,A,0.024781465530395508,medmcqa_2,"['STAT', 'STAT', 'PBMD']","[467572377850653146, 467572377850670350, 467572377851017014]","[0.7946940660476685, 0.7907238006591797, 0.7849485874176025]"
282c9c00-d03d-44b9-9274-76050821f574,Radiology,0.85546875,0.08984375,0.018798828125,0.03759765625,True,A,0.03894996643066406,medmcqa_2,"['STAT', 'STAT', 'PBMD']","[467572377850408753, 467572377850412700, 467572377852481902]","[0.7778462767601013, 0.7750709056854248, 0.7708339095115662]"
7567b6be-0479-482f-84c6-0b074c544042,Radiology,0.2333984375,0.263671875,0.435546875,0.06689453125,True,C,0.02455282211303711,medmcqa_2,"['PBMD', 'PBMD', 'STAT']","[467572377852206214, 467572377852199598, 467572377850742048]","[0.7971934080123901, 0.7934569120407104, 0.7887052297592163]"
0895e383-2f66-47b0-9aa5-17dce8dc7977,Radiology,0.0439453125,0.034423828125,0.88671875,0.03662109375,True,C,0.036242008209228516,medmcqa_2,"['PBMD', 'PBMD', 'PBMD']","[467572377854908609, 467572377856935885, 467572377855651790]","[0.8519039750099182, 0.8397601842880249, 0.8335885405540466]"
ef20f963-ba14-473e-9cac-a80feebc29b0,Radiology,0.6015625,0.1953125,0.049560546875,0.15234375,True,A,0.023932218551635742,medmcqa_2,"['STAT', 'STAT', 'STAT']","[467572377850625338, 467572377850741791, 467572377850650919]","[0.7766329646110535, 0.7721471786499023, 0.7643560171127319]"
aabb948e-d51a-4692-8763-5b1f1d0b9fb0,Radiology,0.384765625,0.035888671875,0.0859375,0.494140625,True,D,0.0357060432434082,medmcqa_2,"['PBMD', 'TEXT', 'PBMD']","[467572377855630563, 467523489549687676, 467572377856278920]","[0.7742176055908203, 0.7701122164726257, 0.7662427425384521]"
5d6d8ec0-d8e4-4417-9dab-f2ac9a05f5df,Radiology,0.0162353515625,0.94140625,0.0162353515625,0.025146484375,False,D,0.025070905685424805,medmcqa_2,"['PBMD', 'PBMD', 'PBMD']","[467572377853067813, 467572377852109490, 467572377854630240]","[0.789322555065155, 0.7807857990264893, 0.7759538888931274]"
2875ce53-12b3-49e2-9a26-981d3540b0d0,Radiology,0.005218505859375,0.0012359619140625,0.9921875,0.00011539459228515625,True,C,0.033117055892944336,medmcqa_2,"['PBMD', 'PBMD', 'PBMD']","[467572377854237147, 467572377853863573, 467572377853007664]","[0.8414114117622375, 0.8167927265167236, 0.7849562168121338]"
9f5a9d3e-086e-4471-b68d-bc839a3abb9a,Radiology,0.65234375,0.2119140625,0.10009765625,0.03466796875,True,A,0.03251218795776367,medmcqa_2,"['PBMD', 'PBMD', 'PBMD']","[467572377850882793, 467572377854785468, 467572377852082597]","[0.7798054218292236, 0.7697653770446777, 0.7621951103210449]"
759f33da-9680-412b-8ff7-35c2f571ff57,Radiology,0.99609375,0.0029754638671875,0.00159454345703125,0.0001392364501953125,True,A,0.03234434127807617,medmcqa_2,"['TEXT', 'STAT', 'PBMD']","[467523489549949274, 467572377850635096, 467572377852921974]","[0.799591064453125, 0.786751389503479, 0.7775543928146362]"
3d881fde-4a5a-4515-ab42-5ac796910ca9,Radiology,0.01361083984375,0.02880859375,0.95703125,0.0020904541015625,False,B,0.02563953399658203,medmcqa_2,"['STAT', 'STAT', 'PBMD']","[467572377850332796, 467572377850647694, 467572377852604466]","[0.750374972820282, 0.7458925247192383, 0.7444793581962585]"
4760fa4b-8c88-4427-8cfc-b8b0df41b9f2,Skin,0.05859375,0.0074462890625,0.016845703125,0.91796875,False,A,0.0312197208404541,medmcqa_2,"['PBMD', 'PBMD', 'PBMD']","[467572377855062197, 467572377850870527, 467572377853848767]","[0.8229598999023438, 0.8149275779724121, 0.7969487905502319]"
bfbabf13-c697-45a2-918c-43d6d82c5824,Skin,0.004913330078125,0.9921875,0.000965118408203125,0.000514984130859375,True,B,0.026170969009399414,medmcqa_2,"['PBMD', 'STAT', 'STAT']","[467572377855295011, 467572377850774263, 467572377850638708]","[0.7939797639846802, 0.7867862582206726, 0.7733656167984009]"
eae532f5-8db4-4bea-ae20-7977fabc8695,Skin,0.00116729736328125,0.00066375732421875,0.00116729736328125,0.99609375,True,D,0.03027796745300293,medmcqa_2,"['STAT', 'STAT', 'STAT']","[467572377850283654, 467572377850283648, 467572377850283669]","[0.801600456237793, 0.8000503778457642, 0.796161413192749]"
1194e643-82ea-429e-9f86-537186400854,Skin,0.9921875,0.004608154296875,0.001800537109375,7.43865966796875e-05,True,A,0.025226354598999023,medmcqa_2,"['STAT', 'PBMD', 'PBMD']","[467572377850330507, 467572377853886023, 467572377855114565]","[0.8463291525840759, 0.844508707523346, 0.8342813849449158]"
27bdd958-059e-42b0-bb3c-8cadb63df136,Skin,0.1484375,0.515625,0.08984375,0.244140625,True,B,0.03341937065124512,medmcqa_2,"['PBMD', 'PBMD', 'PBMD']","[467572377855104102, 467572377852476765, 467572377855384886]","[0.8039698600769043, 0.7980127334594727, 0.7976221442222595]"
1b4212fe-2ff3-46b5-93d2-964edf17a00e,Skin,1.0,0.000518798828125,7.009506225585938e-05,2.753734588623047e-05,True,A,0.03219437599182129,medmcqa_2,"['PBMD', 'PBMD', 'TEXT']","[467572377854266440, 467572377853268953, 467523489549709961]","[0.8369916677474976, 0.8207737803459167, 0.8154910802841187]"
73ea4809-8ee4-4590-bc18-5e101ee75278,Skin,0.040771484375,0.8203125,0.052490234375,0.08642578125,True,B,0.025923490524291992,medmcqa_2,"['PBMD', 'PBMD', 'PBMD']","[467572377855629179, 467572377854281381, 467572377852066078]","[0.8130998611450195, 0.8034790754318237, 0.8023363351821899]"
beb498e7-9b17-43c8-bbe8-a0db8114b6d3,Skin,0.984375,0.01031494140625,0.0033416748046875,0.0004520416259765625,True,A,0.02469778060913086,medmcqa_2,"['STAT', 'PBMD', 'PBMD']","[467572377850270220, 467572377854271600, 467572377853750051]","[0.7968157529830933, 0.7899011969566345, 0.7897188663482666]"
85650cf8-13aa-4d65-959e-2ce01b94aa38,Skin,0.0130615234375,0.01153564453125,0.97265625,0.001068115234375,True,C,0.02624034881591797,medmcqa_2,"['STAT', 'STAT', 'STAT']","[467572377850708608, 467572377850708602, 467572377850708605]","[0.8398409485816956, 0.8180444240570068, 0.8065794110298157]"
d5fba5b4-5f37-44d6-9461-e82ac0ffac07,Skin,0.6171875,0.044677734375,0.330078125,0.00933837890625,True,A,0.03166961669921875,medmcqa_2,"['PBMD', 'PBMD', 'PBMD']","[467572377855997850, 467572377855019060, 467572377854079809]","[0.7693939208984375, 0.767393171787262, 0.7654658555984497]"
0874f967-55ab-470a-aa6c-357aec016a94,Skin,0.007110595703125,0.9921875,0.0015869140625,0.0009613037109375,True,B,0.037532806396484375,medmcqa_2,"['PBMD', 'PBMD', 'PBMD']","[467572377852790662, 467572377853837852, 467572377853405560]","[0.7769532799720764, 0.7717098593711853, 0.7711920738220215]"
1e9950f7-7946-4857-95a5-44a920ba9278,Skin,0.0115966796875,0.98046875,0.005828857421875,0.00101470947265625,True,B,0.034107208251953125,medmcqa_2,"['PBMD', 'PBMD', 'PBMD']","[467572377856141618, 467572377854176878, 467572377850853217]","[0.8509128093719482, 0.7774341106414795, 0.7761422395706177]"
4ac94931-a767-4e87-948f-ed8af89ddb69,Skin,0.68359375,0.0264892578125,0.004913330078125,0.28515625,True,A,0.02392435073852539,medmcqa_2,"['PBMD', 'PBMD', 'PBMD']","[467572377852637313, 467572377856127955, 467572377852170858]","[0.7882167100906372, 0.7859142422676086, 0.7848773002624512]"
413ebe85-1aca-40c2-a89f-8e6d69b883b9,Skin,0.1572265625,0.482421875,0.10107421875,0.2578125,False,C,0.03287863731384277,medmcqa_2,"['TEXT', 'PBMD', 'PBMD']","[467523489549709660, 467572377853883841, 467572377855404315]","[0.776677668094635, 0.7452750205993652, 0.7451632618904114]"
2145e08c-16de-4f9a-a529-bcb462a0d798,Skin,0.73828125,0.060546875,0.056884765625,0.1455078125,True,A,0.0318140983581543,medmcqa_2,"['PBMD', 'PBMD', 'PBMD']","[467572377850983537, 467572377853378854, 467572377850982643]","[0.8371231555938721, 0.8339418768882751, 0.8319981098175049]"
9c591e39-e1b3-4494-a880-08244202f257,Skin,0.007110595703125,0.98828125,0.003143310546875,0.000331878662109375,True,B,0.03623223304748535,medmcqa_2,"['PBMD', 'PBMD', 'PBMD']","[467572377854985741, 467572377855879049, 467572377856462438]","[0.7870112061500549, 0.7375056147575378, 0.7367855906486511]"
b7309081-af5e-4aec-8326-7e839d3ae65d,Skin,0.06201171875,0.0177001953125,0.625,0.294921875,True,C,0.025602102279663086,medmcqa_2,"['STAT', 'PBMD', 'PBMD']","[467572377850263850, 467572377854402070, 467572377854801053]","[0.8023468255996704, 0.7924635410308838, 0.7861273288726807]"
bccc559c-8386-47e3-8426-6972ecd5a496,Skin,0.019775390625,0.0269775390625,0.953125,0.0012664794921875,True,C,0.03128767013549805,medmcqa_2,"['PBMD', 'PBMD', 'STAT']","[467572377854399968, 467572377853145932, 467572377850631430]","[0.8026361465454102, 0.7989537119865417, 0.7891627550125122]"
2908d2c3-a759-4470-a87b-e5801a75bae5,Skin,0.0517578125,0.86328125,0.058837890625,0.026123046875,True,B,0.0368654727935791,medmcqa_2,"['PBMD', 'PBMD', 'PBMD']","[467572377853349694, 467572377855395449, 467572377855275576]","[0.8079246282577515, 0.8059383034706116, 0.7988016605377197]"
e9de1627-c8e4-4667-8090-71a17ca78c8c,Skin,0.00159454345703125,0.99609375,0.0004291534423828125,9.012222290039062e-05,True,B,0.03034806251525879,medmcqa_2,"['PBMD', 'PBMD', 'PBMD']","[467572377852954658, 467572377854097378, 467572377852893116]","[0.847517728805542, 0.8200091123580933, 0.8125407695770264]"
