id,subject,probA,probB,probC,probD,result,answer,time,split,sources,ids,similarity
f73eedef-6191-47f0-ae23-2d16fff5e31c,Physiology,0.00396728515625,0.02001953125,0.96875,0.0089111328125,True,C,0.05632662773132324,medmcqa_5,"['PBMD', 'PBMD', 'PBMD', 'PBMD', 'PBMD']","[467572377854330955, 467572377850809338, 467572377853324182, 467572377856629527, 467572377854748113]","[0.7946440577507019, 0.792427122592926, 0.7916112542152405, 0.7870782613754272, 0.7870211601257324]"
7ee6add9-b943-4739-b95a-c67107cb5b55,Physiology,0.0966796875,0.26171875,0.5546875,0.08544921875,False,B,0.056842803955078125,medmcqa_5,"['PBMD', 'PBMD', 'STAT', 'TEXT', 'PBMD']","[467572377854129841, 467572377854766792, 467572377850298868, 467523489549990357, 467572377855230517]","[0.8422400951385498, 0.8254924416542053, 0.8239303231239319, 0.8232769966125488, 0.8202654123306274]"
f3e173d4-980d-4219-a594-7155446c4528,Physiology,0.95703125,0.03271484375,0.0025177001953125,0.00830078125,False,B,0.06358981132507324,medmcqa_5,"['PBMD', 'PBMD', 'PBMD', 'TEXT', 'PBMD']","[467572377854966492, 467572377855759903, 467572377854502303, 467523489549939191, 467572377853065886]","[0.7824656963348389, 0.7745864987373352, 0.7736564874649048, 0.7731009125709534, 0.7717723846435547]"
77020625-61bf-45a5-97f8-ac0c94d480a4,Physiology,0.0003147125244140625,1.0,0.0006256103515625,0.000553131103515625,True,B,0.03307056427001953,medmcqa_5,"['PBMD', 'PBMD', 'PBMD', 'STAT', 'PBMD']","[467572377855124823, 467572377853203583, 467572377854415912, 467572377850649931, 467572377856930266]","[0.7785704135894775, 0.7482661008834839, 0.7406772375106812, 0.7361488938331604, 0.7322021722793579]"
847ac0d6-64fb-4327-93fb-ae9f2a2c4b80,Physiology,0.006134033203125,0.017822265625,0.96875,0.00543212890625,True,C,0.04058718681335449,medmcqa_5,"['TEXT', 'PBMD', 'PBMD', 'PBMD', 'PBMD']","[467523489549949684, 467572377853612009, 467572377852290768, 467572377854712419, 467572377854435530]","[0.770045816898346, 0.7679241895675659, 0.759299635887146, 0.7588011622428894, 0.7539136409759521]"
f50da328-d36b-490c-a9ea-d486cb249bee,Physiology,0.94140625,0.0267333984375,0.0284423828125,0.00408935546875,False,B,0.06720423698425293,medmcqa_5,"['PBMD', 'PBMD', 'PBMD', 'PBMD', 'PBMD']","[467572377854607281, 467572377850987854, 467572377854624877, 467572377855024444, 467572377854315770]","[0.8235901594161987, 0.8143323659896851, 0.8109639883041382, 0.8079514503479004, 0.8077679872512817]"
b375ac0a-fee9-4f58-8e21-4b5534667b61,Physiology,0.12060546875,0.01055908203125,0.5390625,0.328125,True,C,0.05049586296081543,medmcqa_5,"['TEXT', 'TEXT', 'STAT', 'STAT', 'TEXT']","[467523489549682144, 467523489549937890, 467572377850706997, 467572377850699333, 467523489549682149]","[0.7593110799789429, 0.7492278814315796, 0.7486213445663452, 0.7467538714408875, 0.7456881999969482]"
10a24de3-47bb-4ae1-9859-14873836ec6b,Physiology,0.06298828125,0.0380859375,0.765625,0.1328125,False,D,0.056090354919433594,medmcqa_5,"['TEXT', 'TEXT', 'PBMD', 'PBMD', 'PBMD']","[467523489549991565, 467523489549991550, 467572377850952076, 467572377852155745, 467572377854036158]","[0.783267080783844, 0.7817280292510986, 0.7812078595161438, 0.7806212902069092, 0.775752067565918]"
a4efb757-ec7f-4f69-a51e-a4585a851d6a,Physiology,0.007476806640625,0.00958251953125,0.98046875,0.003753662109375,True,C,0.06624364852905273,medmcqa_5,"['PBMD', 'PBMD', 'PBMD', 'PBMD', 'PBMD']","[467572377856466251, 467572377853515624, 467572377852659330, 467572377853166596, 467572377856230115]","[0.756939172744751, 0.7558178901672363, 0.7554543018341064, 0.7550091743469238, 0.754605770111084]"
13b6e541-aa69-4b50-b4d6-9af50cbb8aa9,Physiology,0.2353515625,0.1611328125,0.30078125,0.30078125,False,A,0.06677556037902832,medmcqa_5,"['PBMD', 'PBMD', 'PBMD', 'PBMD', 'PBMD']","[467572377855811136, 467572377854785808, 467572377852934724, 467572377853714435, 467572377856296490]","[0.7453460693359375, 0.7442450523376465, 0.7418761253356934, 0.7407299876213074, 0.740713894367218]"
8a7f180a-d10e-4b2b-ae57-3cc6e97f022a,Physiology,0.83984375,0.032470703125,0.0269775390625,0.10009765625,True,A,0.06380391120910645,medmcqa_5,"['PBMD', 'PBMD', 'PBMD', 'PBMD', 'PBMD']","[467572377854545332, 467572377853040592, 467572377853345496, 467572377853633645, 467572377852779657]","[0.820043683052063, 0.8194063305854797, 0.8161834478378296, 0.8133110404014587, 0.8117958307266235]"
b8d5faaf-fc26-43cf-8938-57e9cef3bc7d,Physiology,0.275390625,0.1669921875,0.1015625,0.455078125,False,A,0.06528282165527344,medmcqa_5,"['PBMD', 'PBMD', 'PBMD', 'PBMD', 'PBMD']","[467572377854774004, 467572377854462487, 467572377852156938, 467572377854036166, 467572377853627220]","[0.8201164603233337, 0.8018883466720581, 0.8016892075538635, 0.799933910369873, 0.7991464138031006]"
83692d36-b8a1-4ce7-9d28-ea233ccb86c6,Physiology,0.01025390625,0.0037841796875,0.984375,0.0021514892578125,True,C,0.03621220588684082,medmcqa_5,"['TEXT', 'PBMD', 'PBMD', 'PBMD', 'TEXT']","[467523489549959487, 467572377853416770, 467572377854399502, 467572377854833569, 467523489549970908]","[0.764995813369751, 0.7395161390304565, 0.7370076179504395, 0.7366570234298706, 0.7338078618049622]"
b4f809c7-5795-4539-876c-10b5edd3f088,Physiology,0.54296875,0.06494140625,0.06494140625,0.328125,True,A,0.03740048408508301,medmcqa_5,"['PBMD', 'TEXT', 'PBMD', 'PBMD', 'PBMD']","[467572377855694455, 467523489549674768, 467572377855626466, 467572377856078100, 467572377856466614]","[0.7840702533721924, 0.7803289294242859, 0.7788472175598145, 0.7787387371063232, 0.7775461673736572]"
f3d737d6-a0df-4a32-8cd5-1b0d0cbe5211,Physiology,0.2734375,0.08837890625,0.578125,0.060791015625,False,B,0.0674138069152832,medmcqa_5,"['PBMD', 'PBMD', 'PBMD', 'PBMD', 'PBMD']","[467572377854752830, 467572377854481911, 467572377856170585, 467572377853712627, 467572377853261293]","[0.8107162117958069, 0.8101484775543213, 0.8099554777145386, 0.8077031970024109, 0.807054877281189]"
62eb368d-0730-4a2d-8b5c-09cef7f6f144,Physiology,0.185546875,0.2099609375,0.5703125,0.0322265625,True,C,0.05500221252441406,medmcqa_5,"['PBMD', 'STAT', 'PBMD', 'PBMD', 'TEXT']","[467572377854594970, 467572377850238993, 467572377853965698, 467572377854675834, 467523489549990690]","[0.7506308555603027, 0.7472892999649048, 0.7343658208847046, 0.7314099669456482, 0.730036199092865]"
d1f589a8-5765-48a6-85e0-3fe0fee222fc,Physiology,0.4921875,0.298828125,0.16015625,0.048828125,False,C,0.04680967330932617,medmcqa_5,"['PBMD', 'TEXT', 'PBMD', 'PBMD', 'PBMD']","[467572377850903147, 467523489549990692, 467572377854322712, 467572377852329030, 467572377852216417]","[0.7388713359832764, 0.728143572807312, 0.726684033870697, 0.7247717380523682, 0.7206920981407166]"
78666cf5-64fe-476d-bcde-9d296d32e3f8,Physiology,0.26953125,0.306640625,0.34765625,0.0771484375,False,B,0.0385134220123291,medmcqa_5,"['PBMD', 'TEXT', 'PBMD', 'PBMD', 'TEXT']","[467572377854714284, 467523489549934692, 467572377854693556, 467572377852201475, 467523489549990059]","[0.7725206613540649, 0.7560175657272339, 0.7543538808822632, 0.7506731748580933, 0.7493748664855957]"
03d2c494-117f-4700-958d-0f4d9cafdc69,Physiology,0.98828125,0.008544921875,0.002777099609375,0.00148773193359375,True,A,0.060526132583618164,medmcqa_5,"['PBMD', 'PBMD', 'PBMD', 'PBMD', 'PBMD']","[467572377854462370, 467572377850893343, 467572377854999888, 467572377854315964, 467572377850798090]","[0.8473939299583435, 0.8359731435775757, 0.8244724273681641, 0.8175719380378723, 0.8147997856140137]"
8bb51b08-de49-4c3a-8f19-230323292a64,Physiology,0.0003566741943359375,0.00012302398681640625,0.0003795623779296875,1.0,True,D,0.04032015800476074,medmcqa_5,"['STAT', 'PBMD', 'PBMD', 'PBMD', 'PBMD']","[467572377850225123, 467572377853553086, 467572377852908519, 467572377852373503, 467572377854362697]","[0.8099579811096191, 0.806975245475769, 0.8014338612556458, 0.7951880097389221, 0.7932746410369873]"
46c48d4b-56ae-4ea0-8231-d4a16dda3553,Dental,0.00115203857421875,0.984375,0.0020294189453125,0.01239013671875,True,B,0.038712263107299805,medmcqa_5,"['PBMD', 'PBMD', 'PBMD', 'PBMD', 'PBMD']","[467572377853721063, 467572377855689456, 467572377856962410, 467572377853907956, 467572377856383773]","[0.808180034160614, 0.8041173219680786, 0.8025315999984741, 0.7881463170051575, 0.7845515012741089]"
40961ae9-8d71-411c-b754-dd661236c8e0,Dental,0.07861328125,0.3984375,0.310546875,0.212890625,True,B,0.06113576889038086,medmcqa_5,"['PBMD', 'PBMD', 'PBMD', 'PBMD', 'PBMD']","[467572377855431157, 467572377854827117, 467572377852250542, 467572377852129645, 467572377852252298]","[0.7613103985786438, 0.7595056891441345, 0.753961980342865, 0.7525057792663574, 0.7510630488395691]"
1a44c956-a7ce-410e-8a07-86a06e775fd6,Dental,0.007049560546875,0.984375,0.0031280517578125,0.0062255859375,True,B,0.056609153747558594,medmcqa_5,"['PBMD', 'PBMD', 'PBMD', 'PBMD', 'PBMD']","[467572377853014198, 467572377855536934, 467572377853666765, 467572377853318707, 467572377856519205]","[0.7980158925056458, 0.7962139248847961, 0.7947120070457458, 0.7923622131347656, 0.790951132774353]"
817bed24-6c30-481f-a793-f4ffac75e98f,Dental,0.29296875,0.29296875,0.2578125,0.15625,False,B,0.036653757095336914,medmcqa_5,"['PBMD', 'PBMD', 'PBMD', 'PBMD', 'PBMD']","[467572377855983818, 467572377852479091, 467572377852263851, 467572377852759110, 467572377852745820]","[0.7826767563819885, 0.7782163619995117, 0.7695686221122742, 0.7614222764968872, 0.7498401999473572]"
554b22dc-cff1-4ae5-a455-61e16ca673e5,Dental,0.310546875,0.2138671875,0.353515625,0.1220703125,True,C,0.06348061561584473,medmcqa_5,"['TEXT', 'TEXT', 'TEXT', 'TEXT', 'PBMD']","[467523489549709448, 467523489549995970, 467523489549995343, 467523489549681691, 467572377850859072]","[0.6957945823669434, 0.6763983368873596, 0.6733823418617249, 0.667214035987854, 0.6654643416404724]"
56c3ac96-1df4-441e-a0ef-a450b78c8f69,Dental,0.306640625,0.26953125,0.23828125,0.185546875,True,A,0.05487632751464844,medmcqa_5,"['PBMD', 'PBMD', 'PBMD', 'PBMD', 'PBMD']","[467572377854663920, 467572377856454915, 467572377855222380, 467572377853483733, 467572377854069010]","[0.7550852298736572, 0.7548953294754028, 0.751860499382019, 0.7462888956069946, 0.7453298568725586]"
de465fd3-1d31-48af-a6c9-5bad3d863569,Dental,0.1025390625,0.7578125,0.09033203125,0.048583984375,True,B,0.03391718864440918,medmcqa_5,"['PBMD', 'PBMD', 'PBMD', 'PBMD', 'PBMD']","[467572377853894850, 467572377854052576, 467572377856326563, 467572377854216693, 467572377853043802]","[0.7765647172927856, 0.7706922292709351, 0.7679806351661682, 0.764258861541748, 0.7598458528518677]"
1718473b-e665-4698-8260-a3cafe53c010,Dental,0.275390625,0.0225830078125,0.66015625,0.042236328125,False,D,0.038065195083618164,medmcqa_5,"['PBMD', 'PBMD', 'PBMD', 'PBMD', 'PBMD']","[467572377853094618, 467572377855281376, 467572377855828021, 467572377853921354, 467572377856217725]","[0.7960731983184814, 0.7956435680389404, 0.7868466377258301, 0.7772002220153809, 0.7764812707901001]"
17304376-6d26-4e05-b9a1-900636d60da7,Dental,0.310546875,0.310546875,0.166015625,0.212890625,True,A,0.035015106201171875,medmcqa_5,"['PBMD', 'PBMD', 'PBMD', 'PBMD', 'PBMD']","[467572377854859419, 467572377852990107, 467572377855607549, 467572377853747977, 467572377856666921]","[0.7895093560218811, 0.7871893644332886, 0.7870438694953918, 0.7865077257156372, 0.7788118124008179]"
bcb27ae4-085e-4a97-bf24-7d8d2b27ed91,Dental,0.000850677490234375,0.9921875,0.0012359619140625,0.0048828125,True,B,0.05522727966308594,medmcqa_5,"['PBMD', 'PBMD', 'PBMD', 'PBMD', 'PBMD']","[467572377854844732, 467572377853124237, 467572377853472387, 467572377856217533, 467572377856964212]","[0.7425895929336548, 0.7335875034332275, 0.7329587340354919, 0.7327901721000671, 0.7258891463279724]"
722a716a-4683-4286-a827-58e5a6f0d4d4,Dental,0.013427734375,0.94140625,0.0152587890625,0.0284423828125,True,B,0.04991555213928223,medmcqa_5,"['PBMD', 'PBMD', 'PBMD', 'PBMD', 'PBMD']","[467572377855348416, 467572377854923549, 467572377852843489, 467572377855858989, 467572377854027471]","[0.7447255253791809, 0.7390974760055542, 0.729347825050354, 0.7274407744407654, 0.7273691892623901]"
5d3c78fb-4128-4a92-846f-fdc323f9f87b,Dental,0.119140625,0.0927734375,0.77734375,0.01251220703125,True,C,0.0371246337890625,medmcqa_5,"['PBMD', 'PBMD', 'PBMD', 'PBMD', 'PBMD']","[467572377855497227, 467572377853153908, 467572377854038777, 467572377850815187, 467572377855205508]","[0.7807419300079346, 0.7748713493347168, 0.7587037086486816, 0.7572093605995178, 0.7571983933448792]"
874f60ee-9d6a-4627-a5d7-ffbff2d7c17f,Dental,0.2490234375,0.28125,0.2197265625,0.2490234375,False,D,0.05583667755126953,medmcqa_5,"['PBMD', 'PBMD', 'PBMD', 'PBMD', 'PBMD']","[467572377856355244, 467572377852990742, 467572377854635578, 467572377855091273, 467572377856432073]","[0.772183895111084, 0.7716180086135864, 0.767835259437561, 0.7655789852142334, 0.7646359801292419]"
de00ead6-545f-4c86-9b69-97d33f48c9e7,Dental,0.004241943359375,0.0108642578125,0.9765625,0.0079345703125,True,C,0.03254985809326172,medmcqa_5,"['PBMD', 'PBMD', 'PBMD', 'PBMD', 'PBMD']","[467572377853750051, 467572377855244776, 467572377854413776, 467572377852300456, 467572377853067038]","[0.7770121097564697, 0.7751802802085876, 0.7751495838165283, 0.7724982500076294, 0.7683954834938049]"
73024892-41d0-424f-ad3d-102359c68f47,Dental,0.01458740234375,0.2275390625,0.42578125,0.33203125,False,B,0.05463361740112305,medmcqa_5,"['PBMD', 'PBMD', 'PBMD', 'PBMD', 'PBMD']","[467572377854636336, 467572377852991398, 467572377856909934, 467572377850920535, 467572377855265214]","[0.7820369005203247, 0.7787168622016907, 0.7771380543708801, 0.7703994512557983, 0.7690914869308472]"
746ad5de-4958-44ed-bea1-c119ad094d4b,Dental,0.3125,0.2431640625,0.1669921875,0.275390625,False,D,0.05109858512878418,medmcqa_5,"['PBMD', 'PBMD', 'PBMD', 'PBMD', 'PBMD']","[467572377853920993, 467572377852462691, 467572377856714161, 467572377850959844, 467572377855425467]","[0.8071362972259521, 0.8026784658432007, 0.8005980253219604, 0.7983361482620239, 0.796011745929718]"
c4261b5a-aa7d-4cef-b343-aa20df2cd704,Dental,0.1259765625,0.56640625,0.2080078125,0.0986328125,False,C,0.0465390682220459,medmcqa_5,"['PBMD', 'PBMD', 'PBMD', 'PBMD', 'PBMD']","[467572377853965999, 467572377853424737, 467572377852948789, 467572377855321905, 467572377855919167]","[0.7617806792259216, 0.7479354739189148, 0.7428114414215088, 0.7407478094100952, 0.7391266822814941]"
bd906a5b-f739-47ab-8718-4eae42ee2d18,Dental,0.0712890625,0.46484375,0.103515625,0.361328125,False,D,0.03259992599487305,medmcqa_5,"['PBMD', 'PBMD', 'PBMD', 'PBMD', 'PBMD']","[467572377853830875, 467572377852202320, 467572377854562096, 467572377855624909, 467572377852526693]","[0.6739813685417175, 0.6567333340644836, 0.6559348106384277, 0.6532030701637268, 0.6497740745544434]"
08b1e4f4-3e4a-4ef1-be0d-5de153d5afa4,Dental,0.057861328125,0.021240234375,0.12255859375,0.796875,True,D,0.04963541030883789,medmcqa_5,"['STAT', 'STAT', 'PBMD', 'PBMD', 'STAT']","[467572377850696546, 467572377850327006, 467572377853168748, 467572377856864379, 467572377850696539]","[0.7364618182182312, 0.7350349426269531, 0.7338709831237793, 0.7337676286697388, 0.7316820025444031]"
733d1052-272f-4e90-a0bc-da85a64a23ca,Dental,0.09716796875,0.71484375,0.140625,0.0458984375,True,B,0.03288459777832031,medmcqa_5,"['STAT', 'PBMD', 'STAT', 'STAT', 'PBMD']","[467572377850746874, 467572377856640530, 467572377850388588, 467572377850725147, 467572377852528085]","[0.7904120683670044, 0.7773495316505432, 0.7639397382736206, 0.7559778094291687, 0.7558781504631042]"
63153a87-da1d-4fc0-85cb-c4a68b21ba76,Surgery,0.390625,0.3046875,0.06787109375,0.2373046875,False,D,0.03357577323913574,medmcqa_5,"['PBMD', 'PBMD', 'PBMD', 'STAT', 'PBMD']","[467572377855884030, 467572377853776441, 467572377850986082, 467572377850762429, 467572377854203609]","[0.7856528759002686, 0.7808125019073486, 0.7785440683364868, 0.7774646878242493, 0.7682033181190491]"
7271fcc1-9019-4288-bb5b-ba13685593be,Surgery,0.408203125,0.318359375,0.169921875,0.10302734375,True,A,0.05387473106384277,medmcqa_5,"['PBMD', 'PBMD', 'PBMD', 'PBMD', 'PBMD']","[467572377856592301, 467572377850926008, 467572377852807947, 467572377856324278, 467572377853399488]","[0.7801843881607056, 0.7574954032897949, 0.7549279928207397, 0.751471996307373, 0.7478402256965637]"
5e39ae63-42b3-4451-8697-136a4ddb3abf,Surgery,0.01171875,0.34375,0.640625,0.004058837890625,True,C,0.04879403114318848,medmcqa_5,"['PBMD', 'PBMD', 'PBMD', 'PBMD', 'PBMD']","[467572377855482801, 467572377853194279, 467572377856360364, 467572377856280440, 467572377853802220]","[0.7535481452941895, 0.7508727312088013, 0.7428057789802551, 0.7400869131088257, 0.7375757694244385]"
23c79ac1-bc4d-4171-8c70-e63e52938ac7,Surgery,0.8046875,0.062255859375,0.09619140625,0.035400390625,True,A,0.03381204605102539,medmcqa_5,"['PBMD', 'PBMD', 'PBMD', 'PBMD', 'PBMD']","[467572377852431464, 467572377852505703, 467572377855860497, 467572377852764885, 467572377855294039]","[0.7493640184402466, 0.7485625743865967, 0.740874171257019, 0.7398753762245178, 0.7394437789916992]"
6fe5a684-db90-485b-8fb9-6284298c4e9b,Surgery,0.21875,0.21875,0.28125,0.28125,True,C,0.06687784194946289,medmcqa_5,"['PBMD', 'PBMD', 'PBMD', 'PBMD', 'PBMD']","[467572377852584120, 467572377855690030, 467572377853141292, 467572377856392637, 467572377856561047]","[0.7950793504714966, 0.7933835387229919, 0.7905433177947998, 0.7900778651237488, 0.7851405739784241]"
9e84db13-5f12-498c-af27-5ce8c490bebe,Surgery,0.00799560546875,0.984375,0.0037689208984375,0.005157470703125,True,B,0.05615687370300293,medmcqa_5,"['PBMD', 'PBMD', 'PBMD', 'PBMD', 'PBMD']","[467572377855372723, 467572377853689539, 467572377853898173, 467572377852563991, 467572377855940709]","[0.7856634855270386, 0.7834683060646057, 0.7800025939941406, 0.7703943848609924, 0.7690238952636719]"
19fe8a6d-1258-4e3f-915c-9df28fa3445b,Surgery,0.022216796875,0.474609375,0.474609375,0.028564453125,False,C,0.049771785736083984,medmcqa_5,"['PBMD', 'PBMD', 'PBMD', 'PBMD', 'PBMD']","[467572377854528594, 467572377856771225, 467572377852625921, 467572377850928293, 467572377850905956]","[0.7887037396430969, 0.7848594784736633, 0.7832987308502197, 0.7774795293807983, 0.7754439115524292]"
3de5dd79-52f9-4365-a310-0e3a3a4f6d21,Surgery,0.365234375,0.6015625,0.0181884765625,0.01251220703125,True,B,0.05574631690979004,medmcqa_5,"['PBMD', 'PBMD', 'PBMD', 'PBMD', 'PBMD']","[467572377855907927, 467572377853967225, 467572377853465583, 467572377855226889, 467572377852844932]","[0.8047183156013489, 0.7967351675033569, 0.7949436902999878, 0.792465329170227, 0.792289137840271]"
74c0292e-a07f-41ed-8cde-966664aae7ca,Surgery,0.55859375,0.140625,0.205078125,0.0966796875,True,A,0.036786556243896484,medmcqa_5,"['PBMD', 'PBMD', 'PBMD', 'PBMD', 'PBMD']","[467572377855732289, 467572377852951405, 467572377853908819, 467572377852360071, 467572377854577098]","[0.7707709670066833, 0.7576073408126831, 0.747218668460846, 0.7455480098724365, 0.7436208724975586]"
3f064489-726b-4676-a436-1002a1485fa0,Surgery,0.00131988525390625,0.9921875,0.003814697265625,0.0016937255859375,True,B,0.03911924362182617,medmcqa_5,"['PBMD', 'STAT', 'TEXT', 'STAT', 'PBMD']","[467572377855167231, 467572377850242820, 467523489549956279, 467572377850642348, 467572377853627041]","[0.782437801361084, 0.7789371013641357, 0.7748622894287109, 0.7710381746292114, 0.7685462236404419]"
d9925669-4bc2-4304-b400-8aa7cc0ebb55,Surgery,0.11083984375,0.72265625,0.1611328125,0.005523681640625,True,B,0.026679515838623047,medmcqa_5,"['PBMD', 'PBMD', 'PBMD', 'PBMD', 'PBMD']","[467572377854236399, 467572377850921355, 467572377853391260, 467572377856513535, 467572377852238978]","[0.7654768228530884, 0.7590538859367371, 0.7571805715560913, 0.7549276947975159, 0.7524718046188354]"
fb29042f-5aa1-4e66-a5ca-c14e88521531,Surgery,0.10791015625,0.083984375,0.796875,0.0120849609375,True,C,0.03438568115234375,medmcqa_5,"['PBMD', 'PBMD', 'STAT', 'PBMD', 'STAT']","[467572377852850599, 467572377853917846, 467572377850625654, 467572377855845543, 467572377850298260]","[0.766936719417572, 0.765823483467102, 0.7624948024749756, 0.7599151134490967, 0.7590917944908142]"
488e7a16-c150-4517-8108-943e8f6255b6,Surgery,0.3359375,0.051513671875,0.48828125,0.12353515625,True,C,0.05667471885681152,medmcqa_5,"['PBMD', 'PBMD', 'STAT', 'TEXT', 'TEXT']","[467572377856959501, 467572377855862702, 467572377850691559, 467523489550007021, 467523489550007020]","[0.753322422504425, 0.7459686994552612, 0.7458338141441345, 0.7432049512863159, 0.7429180145263672]"
23e62908-f36c-43e2-97d1-4d8fb4a9da22,Surgery,0.61328125,0.373046875,0.01275634765625,0.001617431640625,False,B,0.03230142593383789,medmcqa_5,"['STAT', 'STAT', 'STAT', 'PBMD', 'PBMD']","[467572377850691496, 467572377850621180, 467572377850691495, 467572377852033885, 467572377854891762]","[0.8212445974349976, 0.797917366027832, 0.7936671376228333, 0.7821474075317383, 0.7716071009635925]"
4ce21880-2a83-4913-941c-62751642c1f0,Surgery,0.1181640625,0.25,0.412109375,0.220703125,True,C,0.03734135627746582,medmcqa_5,"['PBMD', 'PBMD', 'PBMD', 'PBMD', 'PBMD']","[467572377852135143, 467572377854193844, 467572377853159057, 467572377854418673, 467572377856298551]","[0.8034615516662598, 0.8001425862312317, 0.7988224029541016, 0.797299861907959, 0.797210693359375]"
919acd5c-4d64-4d78-8b39-428581ede0f3,Surgery,0.77734375,0.10546875,0.072265625,0.0439453125,False,D,0.04730868339538574,medmcqa_5,"['STAT', 'PBMD', 'PBMD', 'PBMD', 'PBMD']","[467572377850292797, 467572377854891571, 467572377850864849, 467572377852957155, 467572377855883110]","[0.7589805722236633, 0.7464715838432312, 0.7464162707328796, 0.745775580406189, 0.7437944412231445]"
88fd153e-860d-482a-a3af-d0d1091f92d8,Surgery,0.040771484375,0.20703125,0.028076171875,0.72265625,True,D,0.0377352237701416,medmcqa_5,"['PBMD', 'PBMD', 'PBMD', 'PBMD', 'PBMD']","[467572377853221353, 467572377852673810, 467572377852205727, 467572377852713169, 467572377853115641]","[0.8256810903549194, 0.8239994049072266, 0.81870436668396, 0.8071398138999939, 0.8050544261932373]"
1954d1b1-1c75-4ac2-bab1-ca73ebb3c4d1,Surgery,0.07568359375,0.026123046875,0.86328125,0.033447265625,True,C,0.036231279373168945,medmcqa_5,"['PBMD', 'PBMD', 'PBMD', 'PBMD', 'PBMD']","[467572377854867870, 467572377852099312, 467572377850949040, 467572377850964132, 467572377853392655]","[0.8218591809272766, 0.8198590278625488, 0.8195408582687378, 0.8179163932800293, 0.8173785209655762]"
b6e5c783-8b3e-4957-b3bc-77cec94a79e0,Surgery,0.0027618408203125,0.984375,0.00750732421875,0.005157470703125,True,B,0.03435182571411133,medmcqa_5,"['STAT', 'PBMD', 'STAT', 'PBMD', 'STAT']","[467572377850335194, 467572377853912073, 467572377850335196, 467572377854151147, 467572377850335198]","[0.7935763597488403, 0.7861319184303284, 0.7754284143447876, 0.7747520208358765, 0.7723523378372192]"
0e3200da-551b-4629-8e45-4be0f47e52e2,Surgery,0.1025390625,0.859375,0.03759765625,0.001556396484375,True,B,0.055174827575683594,medmcqa_5,"['PBMD', 'PBMD', 'STAT', 'PBMD', 'TEXT']","[467572377853857697, 467572377856049293, 467572377850275062, 467572377852817178, 467523489549997897]","[0.757095992565155, 0.7555379867553711, 0.7553613185882568, 0.7525365352630615, 0.7495486736297607]"
f0e42fb2-261a-4d8f-a652-63cece2e59fc,Orthopaedics,0.08056640625,0.318359375,0.318359375,0.28125,False,D,0.041373491287231445,medmcqa_5,"['PBMD', 'PBMD', 'PBMD', 'PBMD', 'PBMD']","[467572377853709834, 467572377856590569, 467572377854766017, 467572377853735358, 467572377850854743]","[0.7992608547210693, 0.7973886728286743, 0.7895901203155518, 0.7771307229995728, 0.7769255042076111]"
81624899-2b15-45bd-833c-0e7b1132102e,Orthopaedics,0.796875,0.021240234375,0.177734375,0.003265380859375,True,A,0.037957191467285156,medmcqa_5,"['STAT', 'PBMD', 'STAT', 'PBMD', 'PBMD']","[467572377850657163, 467572377856316410, 467572377850411595, 467572377856369009, 467572377852954902]","[0.7689132690429688, 0.7521028518676758, 0.7447620630264282, 0.7430196404457092, 0.7421099543571472]"
b5a99fb4-e815-47b2-bf7e-638ce63bb777,Orthopaedics,0.24609375,0.1162109375,0.357421875,0.279296875,False,A,0.03711962699890137,medmcqa_5,"['STAT', 'PBMD', 'PBMD', 'PBMD', 'TEXT']","[467572377850625980, 467572377855197130, 467572377855841729, 467572377853885774, 467523489550009286]","[0.746978223323822, 0.7319113612174988, 0.7252249717712402, 0.7232285141944885, 0.7227760553359985]"
a6dea512-081e-4e96-bbbc-d74f768a9cc7,Orthopaedics,0.0027618408203125,0.00189971923828125,0.01025390625,0.984375,True,D,0.04737734794616699,medmcqa_5,"['PBMD', 'PBMD', 'PBMD', 'PBMD', 'PBMD']","[467572377852556173, 467572377854762380, 467572377855050327, 467572377854068752, 467572377854607213]","[0.796947717666626, 0.7963944673538208, 0.790149986743927, 0.7817277908325195, 0.7795499563217163]"
7f11f565-412a-49c0-be95-87e370aef40c,Orthopaedics,0.74609375,0.0693359375,0.166015625,0.0186767578125,True,A,0.033899784088134766,medmcqa_5,"['PBMD', 'PBMD', 'STAT', 'STAT', 'PBMD']","[467572377853912062, 467572377851005851, 467572377850390611, 467572377850753606, 467572377853070986]","[0.7850313186645508, 0.7831196188926697, 0.7803575992584229, 0.7800717949867249, 0.7774714231491089]"
053f73df-b721-450d-8818-463fb7118169,Orthopaedics,0.9609375,0.0166015625,0.02001953125,0.00127410888671875,True,A,0.0374913215637207,medmcqa_5,"['TEXT', 'STAT', 'TEXT', 'PBMD', 'PBMD']","[467523489549942048, 467572377850701688, 467523489549942047, 467572377855905746, 467572377852942777]","[0.846153736114502, 0.8378902673721313, 0.8255046606063843, 0.7909790277481079, 0.7886219024658203]"
92842d2e-445c-4f22-a01b-4af461a69332,Orthopaedics,0.984375,0.01025390625,0.005859375,0.00048065185546875,True,A,0.05104398727416992,medmcqa_5,"['STAT', 'STAT', 'STAT', 'PBMD', 'PBMD']","[467572377850622232, 467572377850681075, 467572377850744636, 467572377856195475, 467572377855081267]","[0.7575668096542358, 0.7483755350112915, 0.7373896241188049, 0.7307445406913757, 0.7241639494895935]"
27873f75-9c2c-4f24-b8d1-15dac00577c3,Orthopaedics,0.99609375,0.0027923583984375,0.000179290771484375,0.000751495361328125,True,A,0.0382390022277832,medmcqa_5,"['PBMD', 'PBMD', 'PBMD', 'PBMD', 'PBMD']","[467572377852209905, 467572377854708444, 467572377853764256, 467572377850926310, 467572377854259419]","[0.7881325483322144, 0.7853448390960693, 0.7729452848434448, 0.7719254493713379, 0.7694650292396545]"
331d7b40-ea9c-4541-800b-c94d05bb006f,Orthopaedics,0.0615234375,0.66015625,0.0615234375,0.21484375,True,B,0.037677764892578125,medmcqa_5,"['PBMD', 'PBMD', 'PBMD', 'PBMD', 'PBMD']","[467572377854987863, 467572377853879780, 467572377853939314, 467572377854792513, 467572377855818176]","[0.7861975431442261, 0.7756983637809753, 0.7677761316299438, 0.7659264802932739, 0.7626450061798096]"
16a5e613-6b77-4acd-8784-66101047b41d,Orthopaedics,0.87109375,0.00457763671875,0.005859375,0.1181640625,True,A,0.02965092658996582,medmcqa_5,"['STAT', 'STAT', 'STAT', 'STAT', 'STAT']","[467572377850381883, 467572377850622246, 467572377850622248, 467572377850362420, 467572377850346119]","[0.8204777240753174, 0.8087801933288574, 0.806537926197052, 0.8057546019554138, 0.8004186749458313]"
16af4736-4a64-47e3-8fde-a840c016dba9,Orthopaedics,0.0947265625,0.578125,0.2421875,0.08349609375,True,B,0.039830923080444336,medmcqa_5,"['TEXT', 'STAT', 'STAT', 'STAT', 'PBMD']","[467523489549675868, 467572377850637081, 467572377850673276, 467572377850310671, 467572377856916021]","[0.766173243522644, 0.7480440735816956, 0.746111273765564, 0.7436040639877319, 0.7426983714103699]"
8faa8605-6516-4e35-ae42-1dc2d22a7b47,Orthopaedics,0.0008544921875,0.99609375,0.00180816650390625,0.0002765655517578125,True,B,0.03621077537536621,medmcqa_5,"['STAT', 'STAT', 'STAT', 'PBMD', 'STAT']","[467572377850237903, 467572377850380937, 467572377850680230, 467572377855916815, 467572377850680231]","[0.8200872540473938, 0.8010292053222656, 0.7948908805847168, 0.7934098243713379, 0.7916840314865112]"
042e5c21-4b4a-4fc5-adca-0511ffd7abb3,Orthopaedics,0.396484375,0.1865234375,0.1455078125,0.271484375,False,D,0.03527188301086426,medmcqa_5,"['PBMD', 'PBMD', 'PBMD', 'PBMD', 'STAT']","[467572377856202086, 467572377852712684, 467572377850851617, 467572377853926889, 467572377850415723]","[0.7965110540390015, 0.7816163897514343, 0.779922366142273, 0.7730872631072998, 0.770404577255249]"
d3532dc5-4fb8-451a-9fcd-b0c68f90af50,Orthopaedics,0.0123291015625,0.005828857421875,0.98046875,8.344650268554688e-05,True,C,0.03894686698913574,medmcqa_5,"['PBMD', 'PBMD', 'PBMD', 'PBMD', 'PBMD']","[467572377852481316, 467572377854235897, 467572377852481317, 467572377854928791, 467572377856580231]","[0.8212994337081909, 0.7690395712852478, 0.7520292401313782, 0.7507293820381165, 0.746787428855896]"
e60901da-eaa2-4707-8857-ad6cb46fb4e8,Orthopaedics,0.66796875,0.07470703125,0.216796875,0.04248046875,True,A,0.03513073921203613,medmcqa_5,"['STAT', 'STAT', 'STAT', 'PBMD', 'TEXT']","[467572377850686124, 467572377850747934, 467572377850747903, 467572377851006850, 467523489549980682]","[0.7813109159469604, 0.7641915082931519, 0.7639650702476501, 0.7604153156280518, 0.7553845047950745]"
d2a541e7-3739-439a-a987-a54a3a2c1a4e,Orthopaedics,0.000457763671875,0.00058746337890625,1.0,0.0003795623779296875,True,C,0.034888505935668945,medmcqa_5,"['PBMD', 'PBMD', 'STAT', 'PBMD', 'PBMD']","[467572377852892111, 467572377854839944, 467572377850309155, 467572377852872094, 467572377855155104]","[0.815991997718811, 0.8103346824645996, 0.8085511922836304, 0.8011651635169983, 0.7986230850219727]"
66b893d8-e82a-41a6-b1d5-2b466a43184e,Orthopaedics,0.8671875,0.10400390625,0.024658203125,0.002593994140625,False,D,0.03326821327209473,medmcqa_5,"['PBMD', 'PBMD', 'PBMD', 'PBMD', 'PBMD']","[467572377852855679, 467572377852287370, 467572377853801852, 467572377856522201, 467572377854128750]","[0.746528148651123, 0.7405077219009399, 0.7386994957923889, 0.7372341156005859, 0.7346271872520447]"
3cdb8bec-d78d-4649-b4cb-39b0efa7c9dc,Orthopaedics,0.2021484375,0.484375,0.08447265625,0.228515625,True,B,0.05923795700073242,medmcqa_5,"['PBMD', 'PBMD', 'PBMD', 'PBMD', 'PBMD']","[467572377854998442, 467572377852825603, 467572377855451474, 467572377854559491, 467572377852192913]","[0.7800073623657227, 0.7664597630500793, 0.7636867761611938, 0.7619481682777405, 0.7617489695549011]"
47524498-d41c-43bc-b803-36fdd86aadf8,Orthopaedics,0.06201171875,0.85546875,0.00653076171875,0.07470703125,True,B,0.0375821590423584,medmcqa_5,"['PBMD', 'PBMD', 'STAT', 'PBMD', 'PBMD']","[467572377852338184, 467572377856205618, 467572377850643034, 467572377853124182, 467572377855741427]","[0.7539354562759399, 0.7497439384460449, 0.7384982109069824, 0.7311642169952393, 0.7288948893547058]"
ad6d4463-55ce-4730-9644-a955dbe0d286,Orthopaedics,0.6171875,0.2001953125,0.07373046875,0.107421875,True,A,0.036149024963378906,medmcqa_5,"['PBMD', 'PBMD', 'PBMD', 'PBMD', 'PBMD']","[467572377854769679, 467572377856278177, 467572377854061927, 467572377856526476, 467572377856448581]","[0.817002534866333, 0.8047345280647278, 0.7968273162841797, 0.793685793876648, 0.7893670797348022]"
77b52b20-9ba2-46c3-8958-bb586d7c1122,Pharmacology,0.87109375,0.10400390625,0.023193359375,0.00115966796875,True,A,0.038576602935791016,medmcqa_5,"['PBMD', 'PBMD', 'PBMD', 'PBMD', 'PBMD']","[467572377853088557, 467572377850986524, 467572377852067570, 467572377854841700, 467572377853979682]","[0.7673921585083008, 0.7609081268310547, 0.7604183554649353, 0.7572229504585266, 0.7547215223312378]"
28536da6-3e58-4cbf-9760-1dc0bc4ebefb,Pharmacology,0.99609375,0.0023193359375,0.00058746337890625,0.0003147125244140625,True,A,0.040192365646362305,medmcqa_5,"['STAT', 'PBMD', 'TEXT', 'PBMD', 'PBMD']","[467572377850278932, 467572377853286676, 467523489549983067, 467572377853561434, 467572377853731248]","[0.7364054918289185, 0.7272611856460571, 0.7233741879463196, 0.7203439474105835, 0.7144707441329956]"
7a2bf7a8-3f3d-4a8b-8b34-7d133fe35f33,Pharmacology,0.04638671875,0.0181884765625,0.93359375,0.003570556640625,True,C,0.03345084190368652,medmcqa_5,"['STAT', 'STAT', 'STAT', 'STAT', 'PBMD']","[467572377850719090, 467572377850232212, 467572377850751955, 467572377850334836, 467572377854372759]","[0.7707042694091797, 0.7688132524490356, 0.7671715021133423, 0.7641100883483887, 0.7621376514434814]"
027fa9d0-0e6a-4519-9854-d61b3b3f49a1,Pharmacology,0.049560546875,0.9375,0.00811767578125,0.005584716796875,True,B,0.039650678634643555,medmcqa_5,"['PBMD', 'PBMD', 'PBMD', 'PBMD', 'PBMD']","[467572377855595522, 467572377850983455, 467572377853155586, 467572377853405025, 467572377855565405]","[0.849400520324707, 0.8086928129196167, 0.8007990717887878, 0.7745608687400818, 0.7722333669662476]"
91443c03-189a-4330-8f1f-7cbfd8837a42,Pharmacology,0.99609375,0.0029754638671875,0.002044677734375,0.00014781951904296875,True,A,0.07672524452209473,medmcqa_5,"['PBMD', 'PBMD', 'PBMD', 'PBMD', 'PBMD']","[467572377853046869, 467572377855522588, 467572377855295409, 467572377855397372, 467572377852552414]","[0.8147925138473511, 0.8066725730895996, 0.7940932512283325, 0.790839433670044, 0.7901367545127869]"
0f845486-80ba-4c50-b2e6-f3e1214c8b05,Pharmacology,0.06884765625,0.73828125,0.0269775390625,0.1650390625,True,B,0.037157535552978516,medmcqa_5,"['STAT', 'PBMD', 'STAT', 'STAT', 'PBMD']","[467572377850758156, 467572377855315002, 467572377850662715, 467572377850286693, 467572377854371111]","[0.8290484547615051, 0.8199200630187988, 0.8186912536621094, 0.818077027797699, 0.8092235326766968]"
6b099df3-7705-42a8-8002-74ca88326904,Pharmacology,0.142578125,0.18359375,0.033935546875,0.640625,True,D,0.06669855117797852,medmcqa_5,"['PBMD', 'PBMD', 'PBMD', 'PBMD', 'PBMD']","[467572377854214968, 467572377853517938, 467572377850978730, 467572377854636826, 467572377853293025]","[0.80095374584198, 0.7988683581352234, 0.7875977158546448, 0.7835164666175842, 0.782504677772522]"
3f37b840-2abd-4048-bd25-dfcddb5fbf7d,Pharmacology,0.06396484375,0.0439453125,0.60546875,0.287109375,False,D,0.0518190860748291,medmcqa_5,"['PBMD', 'PBMD', 'PBMD', 'PBMD', 'PBMD']","[467572377854769111, 467572377855673171, 467572377854627651, 467572377853865414, 467572377856718883]","[0.7905797362327576, 0.7807468175888062, 0.7806112766265869, 0.7793735265731812, 0.7766942977905273]"
46a664e8-d4a2-435b-9991-1a21ecb9f619,Pharmacology,0.5078125,0.036865234375,0.44921875,0.00640869140625,True,A,0.05223512649536133,medmcqa_5,"['PBMD', 'PBMD', 'PBMD', 'PBMD', 'PBMD']","[467572377853951425, 467572377856868865, 467572377856540877, 467572377856853378, 467572377850965672]","[0.7504116296768188, 0.7433708906173706, 0.7336029410362244, 0.7330862283706665, 0.7314388751983643]"
3e3f49f5-38a0-4513-94cb-85a3249fcb77,Pharmacology,0.140625,0.71484375,0.08544921875,0.05859375,True,B,0.0565640926361084,medmcqa_5,"['TEXT', 'PBMD', 'PBMD', 'PBMD', 'PBMD']","[467523489549981838, 467572377855240844, 467572377850824844, 467572377854481234, 467572377853083219]","[0.7931629419326782, 0.791804313659668, 0.7894372940063477, 0.7815002799034119, 0.7804882526397705]"
505e84d4-0eae-4de9-8861-c726fde461f6,Pharmacology,0.0157470703125,0.0033111572265625,0.00579833984375,0.9765625,True,D,0.03926444053649902,medmcqa_5,"['PBMD', 'PBMD', 'PBMD', 'PBMD', 'PBMD']","[467572377852861907, 467572377851006143, 467572377853544244, 467572377852168331, 467572377853509326]","[0.7985864281654358, 0.7906615138053894, 0.786759078502655, 0.7830628752708435, 0.7800533771514893]"
54c50a3d-fd53-42a1-8864-5c2e3f17bc7c,Pharmacology,0.0118408203125,0.056640625,0.046875,0.8828125,True,D,0.06299161911010742,medmcqa_5,"['PBMD', 'PBMD', 'PBMD', 'PBMD', 'PBMD']","[467572377853138413, 467572377853284456, 467572377853460134, 467572377852501188, 467572377856421311]","[0.7897011637687683, 0.7892075777053833, 0.7885910272598267, 0.7876412868499756, 0.785551905632019]"
b2b5499b-f29d-4854-ba85-2c56496f021a,Pharmacology,0.01397705078125,0.9765625,0.006195068359375,0.00188446044921875,True,B,0.03156757354736328,medmcqa_5,"['STAT', 'STAT', 'STAT', 'STAT', 'STAT']","[467572377850276912, 467572377850396612, 467572377850385835, 467572377850276987, 467572377850385363]","[0.7855618000030518, 0.7735676765441895, 0.7641502618789673, 0.7435490489006042, 0.7377461194992065]"
307256f0-1f9f-4359-94fb-16d12c7b8fe1,Pharmacology,0.034912109375,0.00323486328125,0.0068359375,0.95703125,True,D,0.03474235534667969,medmcqa_5,"['PBMD', 'STAT', 'PBMD', 'PBMD', 'PBMD']","[467572377854890845, 467572377850225323, 467572377852520084, 467572377854627674, 467572377853227271]","[0.7742798924446106, 0.7734412550926208, 0.7707654237747192, 0.7699317932128906, 0.7633263468742371]"
9c94431a-e053-465f-b389-3a6e381df358,Pharmacology,0.001922607421875,0.00096893310546875,0.99609375,0.0003147125244140625,True,C,0.05782938003540039,medmcqa_5,"['STAT', 'STAT', 'PBMD', 'PBMD', 'PBMD']","[467572377850637360, 467572377850637362, 467572377856308606, 467572377855242185, 467572377856284437]","[0.7403743863105774, 0.7288864254951477, 0.7237816452980042, 0.7232471108436584, 0.723039984703064]"
e05f3977-ef1b-4ae1-bd99-50f2aa833ffc,Pharmacology,0.44140625,0.5,0.041015625,0.0194091796875,True,B,0.05645418167114258,medmcqa_5,"['PBMD', 'PBMD', 'PBMD', 'PBMD', 'PBMD']","[467572377854345576, 467572377852088236, 467572377854410238, 467572377854873639, 467572377853875194]","[0.7804380655288696, 0.7739394307136536, 0.7722309827804565, 0.7721836566925049, 0.7706337571144104]"
bcdb324f-73e6-47c7-a5da-08cb3373a0b8,Pharmacology,0.035888671875,0.0159912109375,0.021728515625,0.92578125,True,D,0.03331589698791504,medmcqa_5,"['PBMD', 'PBMD', 'PBMD', 'PBMD', 'PBMD']","[467572377852821728, 467572377853264283, 467572377853723978, 467572377855240412, 467572377853906073]","[0.8075622916221619, 0.7972827553749084, 0.7902460694313049, 0.7866958379745483, 0.778739333152771]"
d22c72c1-46a3-47aa-9732-0957b3585cf0,Pharmacology,0.97265625,0.02587890625,0.00083160400390625,0.0003261566162109375,True,A,0.038884639739990234,medmcqa_5,"['PBMD', 'PBMD', 'PBMD', 'PBMD', 'PBMD']","[467572377853047511, 467572377855990801, 467572377854428607, 467572377854273510, 467572377852038576]","[0.7704983353614807, 0.7698058485984802, 0.7633196711540222, 0.7595833539962769, 0.7587562799453735]"
32a850f4-102a-4d60-b54d-9829ddf60f55,Pharmacology,0.365234375,0.07177734375,0.033935546875,0.53125,True,D,0.03338503837585449,medmcqa_5,"['STAT', 'STAT', 'TEXT', 'STAT', 'PBMD']","[467572377850349642, 467572377850662955, 467523489549982046, 467572377850310983, 467572377854913166]","[0.8291402459144592, 0.8133724927902222, 0.7858374714851379, 0.7830779552459717, 0.7827576994895935]"
13e46876-2344-440c-af26-5b73722f4931,Pharmacology,0.031494140625,0.045654296875,0.91796875,0.0035247802734375,True,C,0.04770517349243164,medmcqa_5,"['PBMD', 'PBMD', 'PBMD', 'PBMD', 'PBMD']","[467572377853952632, 467572377855761236, 467572377853399284, 467572377853003283, 467572377852396546]","[0.7873587608337402, 0.7839178442955017, 0.7825483083724976, 0.7818963527679443, 0.7804766297340393]"
eb3c2655-40d5-48c2-a4bd-3970abe8227a,Social & Preventive Medicine,0.0615234375,0.1474609375,0.1298828125,0.66015625,True,D,0.057657718658447266,medmcqa_5,"['PBMD', 'PBMD', 'PBMD', 'PBMD', 'PBMD']","[467572377852794140, 467572377855179985, 467572377854912350, 467572377853857106, 467572377854196134]","[0.820865273475647, 0.8150928020477295, 0.8053334951400757, 0.802711009979248, 0.8025574684143066]"
b3159ebc-ecaa-47d2-b7c0-1d0c263892ad,Social & Preventive Medicine,0.0024566650390625,0.9921875,0.000904083251953125,0.003814697265625,True,B,0.054286956787109375,medmcqa_5,"['PBMD', 'PBMD', 'PBMD', 'PBMD', 'PBMD']","[467572377852046496, 467572377856327402, 467572377854916548, 467572377850999572, 467572377855323009]","[0.7766096591949463, 0.7715058326721191, 0.7689037322998047, 0.7678674459457397, 0.7671785354614258]"
762f5e16-f8b4-4102-802a-03740253a99c,Social & Preventive Medicine,0.158203125,0.37890625,0.08447265625,0.37890625,True,B,0.05747056007385254,medmcqa_5,"['PBMD', 'PBMD', 'TEXT', 'PBMD', 'PBMD']","[467572377853272971, 467572377855773871, 467523489549954668, 467572377853567679, 467572377852517062]","[0.8180330991744995, 0.8104490041732788, 0.800462007522583, 0.7987992763519287, 0.7899562120437622]"
fe1ac9e2-fb1d-491a-97b0-6ab1ac5a34a0,Social & Preventive Medicine,0.039306640625,0.330078125,0.61328125,0.016357421875,True,C,0.031189680099487305,medmcqa_5,"['PBMD', 'PBMD', 'STAT', 'PBMD', 'PBMD']","[467572377856974067, 467572377855105030, 467572377850682908, 467572377856100635, 467572377854461944]","[0.7278090715408325, 0.7272043824195862, 0.719004213809967, 0.7177850604057312, 0.71648108959198]"
dad3b089-6bda-4334-9174-779abca0bf1d,Social & Preventive Medicine,0.0101318359375,0.017822265625,0.97265625,0.00128936767578125,True,C,0.04813075065612793,medmcqa_5,"['TEXT', 'TEXT', 'PBMD', 'PBMD', 'PBMD']","[467523489549701063, 467523489549705107, 467572377852134435, 467572377852811434, 467572377855405872]","[0.7573052644729614, 0.7518318295478821, 0.7503910064697266, 0.7448746562004089, 0.7445601224899292]"
14908a70-2f2f-45c7-b13d-732d5d529da1,Social & Preventive Medicine,0.08203125,0.443359375,0.2373046875,0.2373046875,True,B,0.056648969650268555,medmcqa_5,"['PBMD', 'PBMD', 'PBMD', 'PBMD', 'PBMD']","[467572377856743436, 467572377850966327, 467572377856345551, 467572377855469935, 467572377853355878]","[0.7881719470024109, 0.7818727493286133, 0.7770918607711792, 0.77269047498703, 0.7720979452133179]"
c6ad6205-d55b-4fa7-8337-d8e897f07554,Social & Preventive Medicine,0.06884765625,0.61328125,0.12060546875,0.1982421875,True,B,0.05706977844238281,medmcqa_5,"['PBMD', 'PBMD', 'PBMD', 'PBMD', 'PBMD']","[467572377855678069, 467572377855543032, 467572377850934537, 467572377855100054, 467572377853801277]","[0.8114070892333984, 0.8070881962776184, 0.8069877028465271, 0.8061730265617371, 0.8056467771530151]"
da3716b6-019d-4d4d-8af1-22b586ce11e0,Social & Preventive Medicine,0.90234375,0.029052734375,0.0240478515625,0.044921875,True,A,0.047318220138549805,medmcqa_5,"['PBMD', 'PBMD', 'PBMD', 'TEXT', 'PBMD']","[467572377855356571, 467572377855960947, 467572377855081871, 467523489550010571, 467572377856109607]","[0.8036158084869385, 0.7992525100708008, 0.7958491444587708, 0.7878711223602295, 0.7854783535003662]"
56601e96-ed43-4630-b087-4e9c071ac494,Social & Preventive Medicine,0.150390625,0.67578125,0.150390625,0.0245361328125,True,B,0.03461122512817383,medmcqa_5,"['STAT', 'STAT', 'TEXT', 'TEXT', 'PBMD']","[467572377850730520, 467572377850702101, 467523489549930915, 467523489549978646, 467572377853320230]","[0.810110330581665, 0.7908656001091003, 0.7887251377105713, 0.7803794145584106, 0.7732325196266174]"
521e6628-634d-4bb7-8e87-7b8274dea19a,Social & Preventive Medicine,0.03564453125,0.8125,0.07080078125,0.08056640625,True,B,0.04573798179626465,medmcqa_5,"['PBMD', 'PBMD', 'STAT', 'PBMD', 'TEXT']","[467572377856936846, 467572377854224524, 467572377850685677, 467572377855721653, 467523489549929894]","[0.7606867551803589, 0.7581464052200317, 0.7388465404510498, 0.7367616295814514, 0.7320210337638855]"
fa0a673f-f528-480d-9ff4-82dcb6f0f433,Social & Preventive Medicine,0.734375,0.07763671875,0.1279296875,0.060302734375,True,A,0.05332136154174805,medmcqa_5,"['PBMD', 'PBMD', 'PBMD', 'PBMD', 'PBMD']","[467572377856892728, 467572377850814174, 467572377856761777, 467572377852535032, 467572377856369673]","[0.798150897026062, 0.7939517498016357, 0.7917808890342712, 0.7913376688957214, 0.7902608513832092]"
2fdf6fb2-27c1-4d97-b070-3033edacc6e6,Social & Preventive Medicine,0.28515625,0.22265625,0.470703125,0.0194091796875,False,B,0.036725521087646484,medmcqa_5,"['PBMD', 'PBMD', 'PBMD', 'PBMD', 'PBMD']","[467572377852318883, 467572377854993922, 467572377854818664, 467572377852245938, 467572377852754400]","[0.811779260635376, 0.788010835647583, 0.7861132025718689, 0.7727887630462646, 0.7724671363830566]"
068bf288-2db6-4b3e-9d7a-96613a943117,Social & Preventive Medicine,0.09130859375,0.1328125,0.10302734375,0.671875,True,D,0.03155088424682617,medmcqa_5,"['PBMD', 'PBMD', 'PBMD', 'PBMD', 'PBMD']","[467572377854229806, 467572377853081427, 467572377856428698, 467572377853066298, 467572377854424895]","[0.6966108679771423, 0.6927497982978821, 0.6828615069389343, 0.6796521544456482, 0.6718544363975525]"
58a52e4a-5daf-41c4-a865-cb2318ed162e,Social & Preventive Medicine,0.1376953125,0.6171875,0.0888671875,0.15625,True,B,0.049475669860839844,medmcqa_5,"['PBMD', 'PBMD', 'PBMD', 'PBMD', 'PBMD']","[467572377852959277, 467572377852867604, 467572377856150587, 467572377852212791, 467572377856126708]","[0.7911471128463745, 0.7773557305335999, 0.7673115730285645, 0.7636750936508179, 0.7607949376106262]"
61ae2742-29c1-4bd2-96ba-46cb46e9013c,Social & Preventive Medicine,0.65625,0.166015625,0.12109375,0.057373046875,True,A,0.039710283279418945,medmcqa_5,"['PBMD', 'PBMD', 'PBMD', 'PBMD', 'PBMD']","[467572377855692826, 467572377852296011, 467572377856684923, 467572377854135756, 467572377853681770]","[0.747562050819397, 0.711761474609375, 0.7083089351654053, 0.7080320119857788, 0.7027398943901062]"
89ac5f84-87b7-4308-a32a-6e1787bc0522,Social & Preventive Medicine,0.003936767578125,0.029052734375,0.9609375,0.005035400390625,True,C,0.03720235824584961,medmcqa_5,"['PBMD', 'PBMD', 'PBMD', 'PBMD', 'PBMD']","[467572377851008339, 467572377852207760, 467572377856366394, 467572377852280264, 467572377855692826]","[0.7221078872680664, 0.7199321389198303, 0.7174129486083984, 0.7044960260391235, 0.7016125917434692]"
eaf93b56-8abb-4858-bc17-a04470673daf,Social & Preventive Medicine,0.0140380859375,0.031494140625,0.031494140625,0.921875,True,D,0.037569522857666016,medmcqa_5,"['PBMD', 'PBMD', 'PBMD', 'PBMD', 'PBMD']","[467572377854925564, 467572377852462972, 467572377856885149, 467572377855305699, 467572377854903436]","[0.734162449836731, 0.7269877791404724, 0.7182974219322205, 0.7177113890647888, 0.7170977592468262]"
2ad10582-e44c-455a-a1ed-dea2a90aacbd,Social & Preventive Medicine,0.08544921875,0.0517578125,0.62890625,0.232421875,True,C,0.05672645568847656,medmcqa_5,"['PBMD', 'PBMD', 'PBMD', 'PBMD', 'PBMD']","[467572377854674281, 467572377854166246, 467572377854178990, 467572377854674272, 467572377854674276]","[0.7373344302177429, 0.7317594289779663, 0.7281906604766846, 0.7255614399909973, 0.7240696549415588]"
cfd50ceb-bc3a-48a3-aaee-ef7169690cad,Social & Preventive Medicine,0.169921875,0.1923828125,0.279296875,0.359375,False,B,0.05861687660217285,medmcqa_5,"['PBMD', 'PBMD', 'PBMD', 'PBMD', 'PBMD']","[467572377852555258, 467572377855278980, 467572377852843256, 467572377850856042, 467572377856669536]","[0.7707798480987549, 0.7637791633605957, 0.7635684609413147, 0.7614210247993469, 0.7604049444198608]"
b6b37b96-384a-415a-ad6a-a66584a7de9c,Social & Preventive Medicine,0.0093994140625,0.006866455078125,0.08349609375,0.8984375,True,D,0.034734487533569336,medmcqa_5,"['STAT', 'PBMD', 'PBMD', 'PBMD', 'STAT']","[467572377850665089, 467572377854208840, 467572377855048550, 467572377856875654, 467572377850665090]","[0.723268985748291, 0.7125332355499268, 0.7116734385490417, 0.704184889793396, 0.6971864700317383]"
b9d5fd73-8752-4ba7-9c95-34ab3c13f8f5,Anatomy,0.0164794921875,0.0654296875,0.90234375,0.0164794921875,True,C,0.03322196006774902,medmcqa_5,"['PBMD', 'PBMD', 'STAT', 'PBMD', 'STAT']","[467572377852530203, 467572377851007790, 467572377850629529, 467572377855219638, 467572377850629513]","[0.7930610179901123, 0.7658653259277344, 0.7612408399581909, 0.7598737478256226, 0.7576267123222351]"
412d1d48-d75f-46d9-b404-5427b07e1815,Anatomy,0.90234375,0.037353515625,0.042236328125,0.0166015625,True,A,0.04824042320251465,medmcqa_5,"['PBMD', 'PBMD', 'PBMD', 'PBMD', 'PBMD']","[467572377850834938, 467572377852501418, 467572377854844340, 467572377854758707, 467572377853361780]","[0.7551769614219666, 0.7523398995399475, 0.7457189559936523, 0.7456167340278625, 0.7454404234886169]"
b0386b8d-d1df-4a55-95d0-0f6eb7595aeb,Anatomy,0.072265625,0.1123046875,0.60546875,0.208984375,True,C,0.03837013244628906,medmcqa_5,"['STAT', 'TEXT', 'STAT', 'STAT', 'STAT']","[467572377850388092, 467523489549676334, 467572377850631537, 467572377850384205, 467572377850639011]","[0.8217127919197083, 0.8164350390434265, 0.8027220964431763, 0.7964396476745605, 0.7921498417854309]"
d084690e-3993-4781-acf6-a8787d17f219,Anatomy,0.15234375,0.2216796875,0.53125,0.0927734375,False,B,0.05404257774353027,medmcqa_5,"['PBMD', 'PBMD', 'PBMD', 'PBMD', 'PBMD']","[467572377854602415, 467572377854504554, 467572377854318189, 467572377852761116, 467572377855833527]","[0.7188908457756042, 0.7179933786392212, 0.7177432775497437, 0.7174111008644104, 0.7168738842010498]"
c109f731-1d6c-48a5-803c-42273acbd860,Anatomy,0.0035552978515625,0.00909423828125,0.98828125,0.000957489013671875,True,C,0.06354379653930664,medmcqa_5,"['PBMD', 'PBMD', 'PBMD', 'PBMD', 'PBMD']","[467572377855107883, 467572377856283210, 467572377856089244, 467572377856574394, 467572377855637427]","[0.7516850829124451, 0.7504855394363403, 0.7452829480171204, 0.743785560131073, 0.743256688117981]"
b9f39c75-ae77-43f8-bf70-c9be644adc31,Anatomy,0.8984375,0.050537109375,0.039306640625,0.0128173828125,True,A,0.04873251914978027,medmcqa_5,"['STAT', 'STAT', 'STAT', 'PBMD', 'PBMD']","[467572377850321019, 467572377850641890, 467572377850658090, 467572377855100416, 467572377852357211]","[0.7638009786605835, 0.7626988887786865, 0.7503321170806885, 0.749561071395874, 0.7471359968185425]"
2e0a4a84-c9f4-4447-a4e3-69af7a425ebd,Anatomy,0.0150146484375,0.87109375,0.04931640625,0.06298828125,True,B,0.03833794593811035,medmcqa_5,"['TEXT', 'STAT', 'PBMD', 'STAT', 'PBMD']","[467523489549674564, 467572377850757314, 467572377854419973, 467572377850790906, 467572377855746970]","[0.7469264268875122, 0.7400954365730286, 0.7396289110183716, 0.7349033951759338, 0.7325080633163452]"
cd766726-45b5-4bee-b07b-d565a014cb38,Anatomy,1.0,0.0008544921875,0.000553131103515625,0.0001316070556640625,True,A,0.039237022399902344,medmcqa_5,"['PBMD', 'PBMD', 'PBMD', 'PBMD', 'PBMD']","[467572377856958029, 467572377856202374, 467572377853189630, 467572377854172564, 467572377856869676]","[0.7476074695587158, 0.7307654023170471, 0.7186022996902466, 0.7171176075935364, 0.7157930731773376]"
39d57ee0-28db-461a-9a94-07b2428f8636,Anatomy,0.703125,0.09521484375,0.177734375,0.0240478515625,False,C,0.036496639251708984,medmcqa_5,"['STAT', 'STAT', 'PBMD', 'PBMD', 'PBMD']","[467572377850713191, 467572377850346117, 467572377852947972, 467572377854934438, 467572377856278127]","[0.8465405702590942, 0.8289217948913574, 0.8242731690406799, 0.8232154846191406, 0.8211826682090759]"
8760dd5d-4c10-480a-933f-dcd8802c1217,Anatomy,0.02001953125,0.0107421875,0.96484375,0.00347900390625,True,C,0.05692887306213379,medmcqa_5,"['PBMD', 'TEXT', 'PBMD', 'PBMD', 'STAT']","[467572377856861352, 467523489549940979, 467572377853735243, 467572377855956836, 467572377850398764]","[0.826823890209198, 0.8233426213264465, 0.8001680374145508, 0.7999519109725952, 0.798670768737793]"
d2e17299-1742-4280-a87e-2fb1e115b678,Anatomy,0.05615234375,0.82421875,0.07666015625,0.043701171875,True,B,0.03649592399597168,medmcqa_5,"['TEXT', 'STAT', 'STAT', 'STAT', 'STAT']","[467523489549676334, 467572377850639015, 467572377850317745, 467572377850388092, 467572377850384199]","[0.7447977066040039, 0.7340449690818787, 0.7333333492279053, 0.7306973934173584, 0.7250505089759827]"
8493a148-fa84-41a8-8535-aac54e183962,Anatomy,0.796875,0.0654296875,0.021240234375,0.115234375,True,A,0.0490267276763916,medmcqa_5,"['TEXT', 'TEXT', 'PBMD', 'PBMD', 'PBMD']","[467523489550000039, 467523489549698923, 467572377853756306, 467572377854948540, 467572377852132824]","[0.740303099155426, 0.7241529822349548, 0.7204770445823669, 0.7192061543464661, 0.7190693020820618]"
dce86bb6-0ff4-45b0-8d61-e30f2b17cb44,Anatomy,0.546875,0.228515625,0.11474609375,0.10791015625,True,A,0.057068824768066406,medmcqa_5,"['PBMD', 'PBMD', 'PBMD', 'PBMD', 'PBMD']","[467572377855747789, 467572377852243943, 467572377854604384, 467572377853809873, 467572377852643578]","[0.7380762100219727, 0.7292587161064148, 0.7288087010383606, 0.727943480014801, 0.7274655103683472]"
a7d06fbb-754a-4758-88e6-0796ed033fa4,Anatomy,0.007720947265625,0.0135498046875,0.0286865234375,0.94921875,False,B,0.03757619857788086,medmcqa_5,"['PBMD', 'TEXT', 'TEXT', 'STAT', 'PBMD']","[467572377855218792, 467523489549675682, 467523489549675650, 467572377850675607, 467572377856367260]","[0.7444891929626465, 0.7405595779418945, 0.7371514439582825, 0.7298684120178223, 0.7280095815658569]"
53c50cb7-eaeb-459c-9182-cf4cc18db736,Anatomy,0.00836181640625,0.01300048828125,0.96875,0.0089111328125,True,C,0.04020857810974121,medmcqa_5,"['STAT', 'PBMD', 'PBMD', 'STAT', 'PBMD']","[467572377850397544, 467572377854982912, 467572377856964823, 467572377850269786, 467572377856806838]","[0.7630371451377869, 0.7550100684165955, 0.7495255470275879, 0.746423065662384, 0.7461850643157959]"
7676d18e-6fcb-4a61-9b3a-57e5c718131b,Anatomy,0.63671875,0.20703125,0.142578125,0.01171875,True,A,0.03897500038146973,medmcqa_5,"['PBMD', 'PBMD', 'PBMD', 'PBMD', 'PBMD']","[467572377850978121, 467572377854570404, 467572377853908353, 467572377855420235, 467572377855438016]","[0.7268344163894653, 0.7239068150520325, 0.7238894104957581, 0.7237071394920349, 0.7237071394920349]"
f326ee48-a531-47ae-81d2-3ae19ab4489b,Anatomy,0.006744384765625,0.94140625,0.0172119140625,0.0341796875,True,B,0.04781770706176758,medmcqa_5,"['PBMD', 'PBMD', 'PBMD', 'STAT', 'PBMD']","[467572377856867516, 467572377856593142, 467572377855507534, 467572377850693226, 467572377853712831]","[0.7911853790283203, 0.7842721939086914, 0.7796516418457031, 0.773650050163269, 0.769974946975708]"
7c011c0d-c4b8-4ee5-be16-9888c55d6c54,Anatomy,0.29296875,0.0654296875,0.1572265625,0.484375,False,A,0.05762290954589844,medmcqa_5,"['PBMD', 'PBMD', 'PBMD', 'PBMD', 'PBMD']","[467572377854202556, 467572377854621986, 467572377852743611, 467572377853975397, 467572377854127975]","[0.783286452293396, 0.7723511457443237, 0.7570690512657166, 0.7515606880187988, 0.7496181726455688]"
ac8f8e85-4d2d-4803-8310-0f51df7869e1,Anatomy,0.263671875,0.298828125,0.205078125,0.232421875,False,A,0.05830192565917969,medmcqa_5,"['PBMD', 'PBMD', 'TEXT', 'PBMD', 'TEXT']","[467572377855211685, 467572377853125891, 467523489549995970, 467572377855679681, 467523489549677742]","[0.7191211581230164, 0.7156612277030945, 0.7138141393661499, 0.7134807109832764, 0.7095338106155396]"
f0d31875-7bc2-4e41-a764-d64e5f0a3030,Anatomy,0.25,0.055908203125,0.6796875,0.01409912109375,True,C,0.05092811584472656,medmcqa_5,"['PBMD', 'PBMD', 'PBMD', 'PBMD', 'PBMD']","[467572377855560215, 467572377853341980, 467572377853776061, 467572377854675146, 467572377853597160]","[0.7292950749397278, 0.7202869653701782, 0.7193952798843384, 0.7193568348884583, 0.7189154028892517]"
841a3a83-003f-48f6-80ef-579d203a42f3,Pathology,0.002044677734375,0.9921875,0.0031585693359375,0.001800537109375,True,B,0.03900551795959473,medmcqa_5,"['STAT', 'PBMD', 'PBMD', 'PBMD', 'PBMD']","[467572377850385021, 467572377852562368, 467572377855406723, 467572377854429962, 467572377855614250]","[0.7923732399940491, 0.7869514226913452, 0.784171998500824, 0.7838869094848633, 0.7781228423118591]"
29639fa9-254f-4cb6-be10-4731eb4a6fc7,Pathology,0.0361328125,0.93359375,0.02490234375,0.00592041015625,True,B,0.06679224967956543,medmcqa_5,"['PBMD', 'PBMD', 'PBMD', 'PBMD', 'PBMD']","[467572377856100416, 467572377855183907, 467572377855408751, 467572377853425786, 467572377854332808]","[0.82323157787323, 0.8014499545097351, 0.8004721999168396, 0.8002451658248901, 0.7969790697097778]"
928ffb35-6407-4710-a968-e06dc0baaf8e,Pathology,0.423828125,0.2275390625,0.2275390625,0.12158203125,True,A,0.04758596420288086,medmcqa_5,"['PBMD', 'PBMD', 'PBMD', 'PBMD', 'PBMD']","[467572377853063377, 467572377853980663, 467572377855403872, 467572377853248937, 467572377853426457]","[0.816142737865448, 0.7861894369125366, 0.767872154712677, 0.7670968174934387, 0.7665866017341614]"
4f51da38-9696-4940-8137-7e8adc353cf9,Pathology,0.062255859375,0.24609375,0.5234375,0.1689453125,True,C,0.0481264591217041,medmcqa_5,"['PBMD', 'PBMD', 'PBMD', 'PBMD', 'PBMD']","[467572377853912102, 467572377855634948, 467572377853975213, 467572377856753251, 467572377850953368]","[0.7555182576179504, 0.7315461039543152, 0.7310690879821777, 0.729166567325592, 0.7262841463088989]"
ebec8acd-938b-4967-a8d8-60f66e538dbb,Pathology,0.060302734375,0.14453125,0.734375,0.060302734375,False,A,0.0673375129699707,medmcqa_5,"['PBMD', 'PBMD', 'PBMD', 'PBMD', 'PBMD']","[467572377855610016, 467572377853477852, 467572377855392652, 467572377854971815, 467572377856584989]","[0.7783849239349365, 0.7782268524169922, 0.7780308723449707, 0.7773727774620056, 0.777319073677063]"
97e2e9b7-8bfe-4940-a4b1-8aa0c69b8f18,Pathology,0.115234375,0.017578125,0.017578125,0.8515625,True,D,0.04041409492492676,medmcqa_5,"['PBMD', 'PBMD', 'PBMD', 'PBMD', 'PBMD']","[467572377856874487, 467572377852739387, 467572377850941212, 467572377852547001, 467572377855583536]","[0.790320634841919, 0.7797228097915649, 0.774955689907074, 0.774591863155365, 0.7735377550125122]"
668bdcad-6c9b-4180-91b9-ffe90c9a21b7,Pathology,0.06640625,0.0123291015625,0.91796875,0.0025787353515625,True,C,0.03599286079406738,medmcqa_5,"['TEXT', 'STAT', 'PBMD', 'PBMD', 'PBMD']","[467523489549973507, 467572377850645812, 467572377856515865, 467572377853925608, 467572377851014273]","[0.7768691778182983, 0.7768374085426331, 0.775749683380127, 0.772029459476471, 0.7702934741973877]"
1f9e8348-5224-444b-9ab6-ee3987d733ff,Pathology,0.94921875,0.03466796875,0.007720947265625,0.007720947265625,True,A,0.025896549224853516,medmcqa_5,"['PBMD', 'PBMD', 'PBMD', 'PBMD', 'PBMD']","[467572377852196491, 467572377850998821, 467572377850924947, 467572377854770172, 467572377854664900]","[0.8359346389770508, 0.8288328647613525, 0.8278546333312988, 0.824681282043457, 0.8233931064605713]"
b61de4c4-1942-43a7-b5c9-fbe8a7e892b9,Pathology,0.515625,0.05419921875,0.2431640625,0.189453125,True,A,0.05828690528869629,medmcqa_5,"['PBMD', 'PBMD', 'PBMD', 'PBMD', 'PBMD']","[467572377854694251, 467572377853677879, 467572377852055175, 467572377853638390, 467572377851016165]","[0.8095935583114624, 0.8095835447311401, 0.8055334091186523, 0.7997488975524902, 0.798491358757019]"
b26f0e8a-0ecb-4d9b-8b0b-e647186252f6,Pathology,0.11083984375,0.8203125,0.05224609375,0.01806640625,True,B,0.036632537841796875,medmcqa_5,"['PBMD', 'PBMD', 'PBMD', 'PBMD', 'PBMD']","[467572377854329648, 467572377856706970, 467572377855718973, 467572377852055352, 467572377855912689]","[0.7660086154937744, 0.7635732889175415, 0.7582869529724121, 0.7517790794372559, 0.7496535181999207]"
6229d30a-cee9-4093-ba07-f3427e3ef695,Pathology,0.984375,0.01239013671875,0.0042724609375,0.0002574920654296875,True,A,0.0533292293548584,medmcqa_5,"['PBMD', 'PBMD', 'PBMD', 'PBMD', 'PBMD']","[467572377854883095, 467572377853871032, 467572377853950578, 467572377852933336, 467572377853454062]","[0.8228660821914673, 0.8227550387382507, 0.8181309700012207, 0.8102703094482422, 0.804901123046875]"
c0717c0c-2edb-4280-9e61-5aa507563400,Pathology,0.016357421875,0.032470703125,0.94921875,0.003021240234375,True,C,0.06587004661560059,medmcqa_5,"['PBMD', 'PBMD', 'PBMD', 'PBMD', 'STAT']","[467572377852063498, 467572377852741360, 467572377853011843, 467572377856543495, 467572377850643442]","[0.7909687757492065, 0.7817776203155518, 0.7805790901184082, 0.7744208574295044, 0.7711864709854126]"
746d02c5-57ed-4ae9-be3b-7b8847d54c6e,Pathology,0.8984375,0.057373046875,0.044677734375,0.00152587890625,True,A,0.03341031074523926,medmcqa_5,"['PBMD', 'PBMD', 'PBMD', 'PBMD', 'PBMD']","[467572377852261028, 467572377854896053, 467572377850893790, 467572377854829379, 467572377854843800]","[0.8229579925537109, 0.8105984330177307, 0.8029714226722717, 0.8027029633522034, 0.7989188432693481]"
5df25ae0-9e4d-4ac3-9a4e-01a32a9e6df2,Pathology,0.00150299072265625,0.99609375,0.0008544921875,0.00040435791015625,True,B,0.033887624740600586,medmcqa_5,"['PBMD', 'TEXT', 'STAT', 'STAT', 'PBMD']","[467572377854135779, 467523489549713339, 467572377850703947, 467572377850703990, 467572377852077619]","[0.8051210045814514, 0.8006497621536255, 0.794879674911499, 0.7948122024536133, 0.7935730814933777]"
4ab78d1b-0351-43fa-916d-ae260bd10b9b,Pathology,0.80078125,0.06591796875,0.12255859375,0.01141357421875,True,A,0.056435585021972656,medmcqa_5,"['PBMD', 'PBMD', 'PBMD', 'PBMD', 'PBMD']","[467572377856384240, 467572377853192880, 467572377853270901, 467572377850831510, 467572377855715838]","[0.7768219709396362, 0.773399293422699, 0.772065281867981, 0.77162766456604, 0.7709360718727112]"
d53b4a48-4976-4aaa-85c6-5373b66c4404,Pathology,0.0208740234375,0.050048828125,0.88671875,0.044189453125,False,D,0.049434661865234375,medmcqa_5,"['STAT', 'PBMD', 'PBMD', 'PBMD', 'PBMD']","[467572377850298261, 467572377856628893, 467572377852253535, 467572377856829962, 467572377855613138]","[0.7610500454902649, 0.7523465156555176, 0.7481532692909241, 0.7475332021713257, 0.7469698190689087]"
f7580a93-d08b-475f-8a21-0fbdb2f48af1,Pathology,0.015869140625,0.9765625,0.00274658203125,0.00311279296875,True,B,0.03920602798461914,medmcqa_5,"['PBMD', 'PBMD', 'PBMD', 'PBMD', 'PBMD']","[467572377853528187, 467572377854350328, 467572377853984579, 467572377856051354, 467572377850909007]","[0.7935372591018677, 0.7920445203781128, 0.7884230613708496, 0.7882273197174072, 0.7879378199577332]"
d1b1d1f9-3989-4ffe-826d-da482f1750be,Pathology,0.2001953125,0.6171875,0.15625,0.027099609375,True,B,0.06434154510498047,medmcqa_5,"['PBMD', 'PBMD', 'PBMD', 'PBMD', 'PBMD']","[467572377853170656, 467572377855727642, 467572377852135702, 467572377854796608, 467572377852770846]","[0.7483304738998413, 0.7466222643852234, 0.7461454272270203, 0.7453309893608093, 0.7423648834228516]"
346e4fa6-b52c-45a5-9969-9b5b1451f379,Pathology,0.025390625,0.01361083984375,0.953125,0.00823974609375,True,C,0.07767629623413086,medmcqa_5,"['PBMD', 'PBMD', 'PBMD', 'PBMD', 'PBMD']","[467572377853463551, 467572377853570460, 467572377856302454, 467572377856828901, 467572377856529374]","[0.8023514151573181, 0.7992540597915649, 0.7942895293235779, 0.7841670513153076, 0.7801551818847656]"
ff8ff831-0e4b-4fc5-b578-a7574ebc785c,Pathology,0.01220703125,0.9140625,0.06591796875,0.0084228515625,True,B,0.050574541091918945,medmcqa_5,"['PBMD', 'PBMD', 'STAT', 'PBMD', 'PBMD']","[467572377855909739, 467572377852646644, 467572377850674175, 467572377850860494, 467572377855491333]","[0.8051509857177734, 0.8031495809555054, 0.801741361618042, 0.7984076738357544, 0.7931842803955078]"
7116f1e2-76ee-4db6-9e5b-b293c5756e82,Ophthalmology,0.3984375,0.1142578125,0.0888671875,0.3984375,False,D,0.0470280647277832,medmcqa_5,"['PBMD', 'STAT', 'PBMD', 'STAT', 'PBMD']","[467572377852796959, 467572377850368253, 467572377852695486, 467572377850750139, 467572377855276458]","[0.747262179851532, 0.7445721626281738, 0.7441152334213257, 0.7341760993003845, 0.7333290576934814]"
fbb8720f-378e-46ec-ab62-774c74e95989,Ophthalmology,0.0458984375,0.30078125,0.63671875,0.0191650390625,False,B,0.047728776931762695,medmcqa_5,"['PBMD', 'PBMD', 'PBMD', 'PBMD', 'PBMD']","[467572377855561675, 467572377856570369, 467572377852967260, 467572377856433541, 467572377855311133]","[0.8102202415466309, 0.8097422122955322, 0.790515124797821, 0.7888692617416382, 0.7870045900344849]"
71f155f0-d4ea-4c58-85ce-204ae36744ce,Ophthalmology,0.421875,0.1552734375,0.05029296875,0.373046875,True,A,0.03519725799560547,medmcqa_5,"['PBMD', 'PBMD', 'PBMD', 'PBMD', 'PBMD']","[467572377852774657, 467572377852050468, 467572377853965958, 467572377852887481, 467572377855434038]","[0.8107166886329651, 0.7820626497268677, 0.7738515138626099, 0.7715778350830078, 0.7709987163543701]"
ed17fecc-c657-4098-b37b-5be9b77f9a81,Ophthalmology,0.185546875,0.185546875,0.392578125,0.2373046875,False,A,0.03642916679382324,medmcqa_5,"['PBMD', 'PBMD', 'PBMD', 'PBMD', 'PBMD']","[467572377854536209, 467572377852137040, 467572377850947377, 467572377850946731, 467572377855389335]","[0.7573996782302856, 0.7509027719497681, 0.744490921497345, 0.74042147397995, 0.7386404275894165]"
a604f4f1-4656-418d-a44f-33f3761d07ae,Ophthalmology,0.9921875,0.002044677734375,0.004608154296875,0.0004024505615234375,True,A,0.025734663009643555,medmcqa_5,"['PBMD', 'STAT', 'STAT', 'PBMD', 'STAT']","[467572377853297902, 467572377850240040, 467572377850384760, 467572377853197434, 467572377850384721]","[0.8331185579299927, 0.8287155628204346, 0.8263674974441528, 0.825855016708374, 0.8205256462097168]"
e690fa30-73fe-44d8-ad25-704e65dfaeb9,Ophthalmology,0.24609375,0.40625,0.1318359375,0.216796875,True,B,0.03308439254760742,medmcqa_5,"['PBMD', 'STAT', 'STAT', 'STAT', 'STAT']","[467572377855202354, 467572377850325297, 467572377850286080, 467572377850286091, 467572377850305617]","[0.7570784091949463, 0.7532675266265869, 0.7522878050804138, 0.7497268319129944, 0.7483820915222168]"
64f50613-221b-4134-96b0-e7038621acb4,Ophthalmology,0.8515625,0.08984375,0.032958984375,0.0257568359375,True,A,0.038556814193725586,medmcqa_5,"['PBMD', 'PBMD', 'PBMD', 'PBMD', 'PBMD']","[467572377852542596, 467572377853434836, 467572377855376717, 467572377852888179, 467572377855022157]","[0.7588281631469727, 0.7550493478775024, 0.7425482273101807, 0.7415382862091064, 0.7412785887718201]"
cb3db90a-e0eb-4c67-b742-ed6b6c71b3b6,Ophthalmology,0.083984375,0.01068115234375,0.90234375,0.0019683837890625,True,C,0.06254410743713379,medmcqa_5,"['PBMD', 'PBMD', 'PBMD', 'PBMD', 'PBMD']","[467572377854755212, 467572377856208180, 467572377852669011, 467572377853797519, 467572377854984594]","[0.796159565448761, 0.7942386865615845, 0.7934117317199707, 0.7919257879257202, 0.7910068035125732]"
a594cdee-a170-435c-89e8-4719166d7c2c,Ophthalmology,0.99609375,0.0029754638671875,0.0004024505615234375,0.0002593994140625,True,A,0.03705739974975586,medmcqa_5,"['STAT', 'STAT', 'PBMD', 'PBMD', 'PBMD']","[467572377850725165, 467572377850725160, 467572377852801535, 467572377852479704, 467572377853166480]","[0.8563305139541626, 0.8526014685630798, 0.8484010100364685, 0.8481240272521973, 0.8475900888442993]"
2e652816-9f5b-4036-b418-79dae574cc6d,Ophthalmology,0.17578125,0.19921875,0.61328125,0.00933837890625,True,C,0.06457185745239258,medmcqa_5,"['PBMD', 'PBMD', 'PBMD', 'PBMD', 'PBMD']","[467572377855030802, 467572377855856721, 467572377856907487, 467572377855095667, 467572377856574334]","[0.770492434501648, 0.7539644241333008, 0.7533704042434692, 0.7529861927032471, 0.7518569827079773]"
347fdf37-2f39-4c03-baba-938c71badf0f,Ophthalmology,0.060791015625,0.10009765625,0.61328125,0.2255859375,True,C,0.03176760673522949,medmcqa_5,"['PBMD', 'STAT', 'PBMD', 'STAT', 'STAT']","[467572377855456679, 467572377850747001, 467572377854862723, 467572377850689578, 467572377850642411]","[0.7232568264007568, 0.7053604125976562, 0.7002189755439758, 0.695850670337677, 0.6932634711265564]"
5ed8235f-ad28-48ba-8a5d-41c81d8c9faa,Ophthalmology,0.984375,0.0140380859375,0.000213623046875,0.000213623046875,True,A,0.03915548324584961,medmcqa_5,"['PBMD', 'PBMD', 'PBMD', 'PBMD', 'PBMD']","[467572377856648718, 467572377855743463, 467572377850942691, 467572377854704456, 467572377853102651]","[0.7748323082923889, 0.7707380056381226, 0.7652509212493896, 0.7652307748794556, 0.7586893439292908]"
0baf7442-0f51-47ef-9cec-5c3ea85f6a1b,Ophthalmology,0.07421875,0.484375,0.0654296875,0.376953125,False,D,0.04950070381164551,medmcqa_5,"['PBMD', 'PBMD', 'STAT', 'PBMD', 'PBMD']","[467572377853690473, 467572377852058487, 467572377850693858, 467572377855008222, 467572377854214308]","[0.8094846606254578, 0.8078511357307434, 0.7982409000396729, 0.7972832322120667, 0.7928498387336731]"
548f6b63-6c39-4e48-9f97-0e07d03a101f,Ophthalmology,0.6875,0.08203125,0.09326171875,0.1357421875,True,A,0.048082590103149414,medmcqa_5,"['TEXT', 'STAT', 'TEXT', 'PBMD', 'PBMD']","[467523489549687214, 467572377850347810, 467523489549704521, 467572377856110061, 467572377853868526]","[0.7511303424835205, 0.7422769069671631, 0.7412083148956299, 0.7394565939903259, 0.7390060424804688]"
a73850ed-5e67-4a8b-accc-17b11e9ce511,Ophthalmology,0.953125,0.03271484375,0.01275634765625,0.0020904541015625,True,A,0.04799342155456543,medmcqa_5,"['PBMD', 'PBMD', 'PBMD', 'TEXT', 'PBMD']","[467572377856485060, 467572377853009662, 467572377852384340, 467523489549932005, 467572377850888535]","[0.7707555294036865, 0.7677181959152222, 0.7662772536277771, 0.76360023021698, 0.7627195119857788]"
3bcb7015-d971-41a8-bbd2-f31e0b14d141,Ophthalmology,0.515625,0.45703125,0.0177001953125,0.00836181640625,False,B,0.03343534469604492,medmcqa_5,"['PBMD', 'STAT', 'STAT', 'PBMD', 'PBMD']","[467572377853091701, 467572377850395029, 467572377850759645, 467572377854142981, 467572377853808407]","[0.8166130781173706, 0.8073407411575317, 0.8048287630081177, 0.7976273894309998, 0.7902756333351135]"
34e7d550-4a15-4c7e-8b5f-0365532ea2b5,Ophthalmology,0.10009765625,0.04443359375,0.34765625,0.5078125,False,C,0.0502932071685791,medmcqa_5,"['PBMD', 'PBMD', 'PBMD', 'TEXT', 'TEXT']","[467572377852261111, 467572377854212826, 467572377855834885, 467523489549980289, 467523489549951052]","[0.7966954708099365, 0.7946548461914062, 0.7926710844039917, 0.776684045791626, 0.7736420631408691]"
a533263a-e1ac-411f-b8ae-9c011737161f,Ophthalmology,0.0146484375,0.96484375,0.0089111328125,0.01214599609375,True,B,0.03876233100891113,medmcqa_5,"['PBMD', 'PBMD', 'PBMD', 'PBMD', 'PBMD']","[467572377854715422, 467572377852316189, 467572377856406319, 467572377850849396, 467572377855375966]","[0.8026442527770996, 0.7851994633674622, 0.7791561484336853, 0.7775134444236755, 0.7694324851036072]"
55832f51-e52e-436a-bb12-7a7805c93d09,Ophthalmology,0.000518798828125,0.00102996826171875,0.0006256103515625,0.99609375,True,D,0.037303924560546875,medmcqa_5,"['STAT', 'PBMD', 'STAT', 'PBMD', 'STAT']","[467572377850370802, 467572377854686029, 467572377850370805, 467572377853187971, 467572377850370787]","[0.7451690435409546, 0.6973127722740173, 0.697273850440979, 0.6915058493614197, 0.6911492943763733]"
67261818-832b-41b2-b350-c4f2a1fa49ca,Ophthalmology,0.134765625,0.05615234375,0.7734375,0.033935546875,True,C,0.058938026428222656,medmcqa_5,"['PBMD', 'PBMD', 'PBMD', 'PBMD', 'PBMD']","[467572377854665598, 467572377854807308, 467572377852776940, 467572377856522720, 467572377856084389]","[0.7922152876853943, 0.7776389122009277, 0.7722272276878357, 0.7667295932769775, 0.7652550935745239]"
d1b40a9c-9a74-4c91-a1b0-3de9231f4ed7,Gynaecology & Obstetrics,0.33203125,0.484375,0.1572265625,0.0272216796875,True,B,0.0494382381439209,medmcqa_5,"['PBMD', 'PBMD', 'PBMD', 'PBMD', 'PBMD']","[467572377854023855, 467572377850870282, 467572377855583982, 467572377853985617, 467572377855889712]","[0.8129060864448547, 0.7980771064758301, 0.7966498136520386, 0.7965998649597168, 0.794755220413208]"
e187342a-3441-4ebe-93aa-f664e0a84f5d,Gynaecology & Obstetrics,0.41796875,0.2236328125,0.32421875,0.0341796875,True,A,0.0390925407409668,medmcqa_5,"['PBMD', 'PBMD', 'PBMD', 'PBMD', 'PBMD']","[467572377856968384, 467572377855219462, 467572377855343545, 467572377856895212, 467572377855524889]","[0.8044990301132202, 0.804280161857605, 0.8018739819526672, 0.7962355613708496, 0.7951821088790894]"
1f5643f6-242d-4d23-85bb-eb21d0ef9831,Gynaecology & Obstetrics,0.0478515625,0.2431640625,0.66015625,0.0478515625,False,A,0.04888582229614258,medmcqa_5,"['PBMD', 'PBMD', 'PBMD', 'PBMD', 'PBMD']","[467572377853409739, 467572377854159580, 467572377854163520, 467572377856603334, 467572377854722034]","[0.7611099481582642, 0.7569267749786377, 0.752834677696228, 0.7516642212867737, 0.7453075051307678]"
d9278f98-0f6e-4338-a9d4-bb0e411912ee,Gynaecology & Obstetrics,0.041259765625,0.94140625,0.013427734375,0.005584716796875,True,B,0.04918694496154785,medmcqa_5,"['PBMD', 'PBMD', 'PBMD', 'PBMD', 'PBMD']","[467572377855692785, 467572377853807111, 467572377855903517, 467572377853150526, 467572377856494470]","[0.8304134011268616, 0.8297498226165771, 0.8275236487388611, 0.8275030851364136, 0.8223665952682495]"
4010974e-982c-445d-9aba-5d16ad2b6769,Gynaecology & Obstetrics,0.51953125,0.1162109375,0.2314453125,0.1318359375,False,D,0.04037594795227051,medmcqa_5,"['PBMD', 'TEXT', 'STAT', 'PBMD', 'PBMD']","[467572377852915489, 467523489549674868, 467572377850315213, 467572377856215079, 467572377855066308]","[0.8013424277305603, 0.7550313472747803, 0.7486851811408997, 0.7461800575256348, 0.7284561395645142]"
7e1302e8-1a4f-4e5f-805d-9bfecd556940,Gynaecology & Obstetrics,0.74609375,0.107421875,0.06494140625,0.08349609375,True,A,0.0465846061706543,medmcqa_5,"['TEXT', 'TEXT', 'STAT', 'STAT', 'PBMD']","[467523489549690521, 467523489549687942, 467572377850402440, 467572377850732507, 467572377852194329]","[0.8860209584236145, 0.841532289981842, 0.8340157270431519, 0.8175005912780762, 0.8106002807617188]"
32c77bbd-7355-4932-ad0f-69caeae3a0cd,Gynaecology & Obstetrics,0.4609375,0.4609375,0.05517578125,0.0216064453125,True,A,0.0468289852142334,medmcqa_5,"['PBMD', 'PBMD', 'PBMD', 'PBMD', 'PBMD']","[467572377854473000, 467572377852376233, 467572377853666823, 467572377850891740, 467572377850889166]","[0.8282361030578613, 0.8233136534690857, 0.8128684759140015, 0.8113557696342468, 0.8111603260040283]"
6f37c7db-f9d1-422b-b9bd-751929f53092,Gynaecology & Obstetrics,0.294921875,0.1396484375,0.333984375,0.23046875,False,D,0.04683423042297363,medmcqa_5,"['PBMD', 'PBMD', 'PBMD', 'PBMD', 'PBMD']","[467572377852048576, 467572377852278118, 467572377852071369, 467572377850830176, 467572377853692401]","[0.7359268069267273, 0.7322115302085876, 0.7291874289512634, 0.7290820479393005, 0.7273728251457214]"
59d5b5c6-6d7e-4f7c-9d40-31d8e69b3a84,Gynaecology & Obstetrics,0.6484375,0.271484375,0.05322265625,0.02685546875,True,A,0.04887580871582031,medmcqa_5,"['PBMD', 'PBMD', 'PBMD', 'PBMD', 'PBMD']","[467572377850991623, 467572377853205606, 467572377854715389, 467572377853215339, 467572377854947284]","[0.7987390160560608, 0.7971657514572144, 0.7871028184890747, 0.787040650844574, 0.7862345576286316]"
479d7d36-a8e5-4d2c-b9c2-4bafbf6aff9b,Gynaecology & Obstetrics,0.1953125,0.08642578125,0.038330078125,0.6796875,True,D,0.026410818099975586,medmcqa_5,"['PBMD', 'STAT', 'PBMD', 'PBMD', 'PBMD']","[467572377856259178, 467572377850241395, 467572377855704630, 467572377856384528, 467572377854036047]","[0.7980995774269104, 0.7922618389129639, 0.7907040119171143, 0.7904719114303589, 0.7860352396965027]"
8f2e2b0a-1918-4ff2-b788-b99de6e3cf5f,Gynaecology & Obstetrics,0.2734375,0.2734375,0.3515625,0.1005859375,True,C,0.039995431900024414,medmcqa_5,"['TEXT', 'PBMD', 'PBMD', 'TEXT', 'TEXT']","[467523489549998129, 467572377852118223, 467572377853298894, 467523489549967411, 467523489549964453]","[0.7639357447624207, 0.762984037399292, 0.7592229247093201, 0.7588577270507812, 0.7588484883308411]"
823d7c1b-7f6b-4d15-9c77-e0715a2e5a57,Gynaecology & Obstetrics,0.115234375,0.427734375,0.12255859375,0.333984375,False,C,0.05446910858154297,medmcqa_5,"['STAT', 'STAT', 'PBMD', 'PBMD', 'PBMD']","[467572377850677925, 467572377850655876, 467572377853231140, 467572377856519112, 467572377854394430]","[0.8086284399032593, 0.806754469871521, 0.8066660761833191, 0.8025152087211609, 0.8021835088729858]"
cdc381b0-9797-4acd-ab13-08cabf361744,Gynaecology & Obstetrics,0.99609375,0.003814697265625,0.00116729736328125,0.000514984130859375,True,A,0.07750272750854492,medmcqa_5,"['PBMD', 'TEXT', 'PBMD', 'TEXT', 'PBMD']","[467572377852828039, 467523489549697878, 467572377855165003, 467523489549697887, 467572377854820928]","[0.8351659178733826, 0.8278053998947144, 0.823158323764801, 0.8218545913696289, 0.8215957880020142]"
7a624926-6e2d-4e48-95a0-403936180171,Gynaecology & Obstetrics,0.00020313262939453125,0.0010986328125,1.0,0.00040435791015625,True,C,0.0558164119720459,medmcqa_5,"['STAT', 'PBMD', 'PBMD', 'PBMD', 'PBMD']","[467572377850651904, 467572377854627455, 467572377852249185, 467572377856286296, 467572377852894354]","[0.8086420297622681, 0.732283890247345, 0.7272063493728638, 0.7222409248352051, 0.7212772965431213]"
190bc5bf-7b76-454e-bd42-596df8d0b24a,Gynaecology & Obstetrics,0.9609375,0.0225830078125,0.01287841796875,0.005035400390625,True,A,0.032377004623413086,medmcqa_5,"['STAT', 'PBMD', 'STAT', 'PBMD', 'PBMD']","[467572377850717476, 467572377855504110, 467572377850717477, 467572377853957485, 467572377856266387]","[0.8435182571411133, 0.8302196264266968, 0.8217437863349915, 0.8174265623092651, 0.8132383823394775]"
2fde345d-0a01-481b-aba2-2e8903677801,Gynaecology & Obstetrics,0.2021484375,0.228515625,0.08447265625,0.484375,True,D,0.04767131805419922,medmcqa_5,"['TEXT', 'PBMD', 'PBMD', 'PBMD', 'PBMD']","[467523489549985210, 467572377852086272, 467572377852200276, 467572377852205494, 467572377854173102]","[0.8036016225814819, 0.7846440076828003, 0.7845973968505859, 0.7834579944610596, 0.7834445238113403]"
145614bb-ac08-4adf-bbe5-3412891a5596,Gynaecology & Obstetrics,0.236328125,0.56640625,0.01416015625,0.18359375,False,A,0.034450531005859375,medmcqa_5,"['PBMD', 'PBMD', 'STAT', 'TEXT', 'PBMD']","[467572377854696401, 467572377854165591, 467572377850376972, 467523489549977683, 467572377854519054]","[0.8047200441360474, 0.8006618618965149, 0.8004202842712402, 0.797827959060669, 0.7978026866912842]"
d2f1bc03-a421-4c0e-9739-fb87f9a0f613,Gynaecology & Obstetrics,0.875,0.1181640625,0.0048828125,0.0031585693359375,False,B,0.05065107345581055,medmcqa_5,"['PBMD', 'PBMD', 'STAT', 'TEXT', 'TEXT']","[467572377852212460, 467572377855842561, 467572377850410016, 467523489549692677, 467523489549690586]","[0.8165925741195679, 0.796816349029541, 0.7925321459770203, 0.7924489974975586, 0.7902610301971436]"
7cc9fbe7-d69d-46f0-9add-dbdd67e7aa54,Gynaecology & Obstetrics,0.19140625,0.1494140625,0.1396484375,0.51953125,False,A,0.05108141899108887,medmcqa_5,"['TEXT', 'PBMD', 'PBMD', 'PBMD', 'PBMD']","[467523489549964399, 467572377854109529, 467572377856308259, 467572377853093328, 467572377856176073]","[0.7283905744552612, 0.7186834812164307, 0.7134235501289368, 0.7118160128593445, 0.706523060798645]"
9cc64ab9-b16b-45f5-a2d1-4f4374c636e5,Gynaecology & Obstetrics,0.69921875,0.06103515625,0.15625,0.08349609375,True,A,0.0661478042602539,medmcqa_5,"['TEXT', 'PBMD', 'PBMD', 'PBMD', 'PBMD']","[467523489549992104, 467572377853727425, 467572377854545611, 467572377854169793, 467572377854760886]","[0.803638756275177, 0.8028305768966675, 0.8012599945068359, 0.7988107204437256, 0.7980504631996155]"
cee9783c-8750-40db-985e-d4f70a7cff28,Medicine,0.240234375,0.349609375,0.30859375,0.10009765625,False,C,0.0640115737915039,medmcqa_5,"['PBMD', 'PBMD', 'PBMD', 'PBMD', 'PBMD']","[467572377852171800, 467572377856251685, 467572377852823524, 467572377855467976, 467572377853708300]","[0.8188005089759827, 0.8174421787261963, 0.8063222169876099, 0.8045282363891602, 0.8044952154159546]"
5c1c35b5-1e8a-4523-b10e-94dd46ac2124,Medicine,0.30078125,0.2353515625,0.30078125,0.1611328125,True,A,0.055342674255371094,medmcqa_5,"['PBMD', 'PBMD', 'TEXT', 'PBMD', 'TEXT']","[467572377853421186, 467572377855219144, 467523489549928497, 467572377852567354, 467523489549978581]","[0.8061951398849487, 0.8054032921791077, 0.8026478290557861, 0.8007336854934692, 0.7987551093101501]"
6f79fd35-4f28-4975-9c1d-1dba2f16fe2d,Medicine,0.10986328125,0.76171875,0.055419921875,0.07080078125,True,B,0.055350303649902344,medmcqa_5,"['PBMD', 'PBMD', 'PBMD', 'PBMD', 'PBMD']","[467572377854542477, 467572377852516310, 467572377855266073, 467572377852202038, 467572377853274772]","[0.804168701171875, 0.8022873401641846, 0.7941800355911255, 0.792230486869812, 0.7894484400749207]"
3bd9af21-16b2-43b7-b7f6-e96e1f8bf5d3,Medicine,0.99609375,0.002044677734375,0.0016937255859375,0.001800537109375,True,A,0.037488698959350586,medmcqa_5,"['STAT', 'STAT', 'STAT', 'TEXT', 'PBMD']","[467572377850398521, 467572377850657470, 467572377850368748, 467523489549953006, 467572377854576487]","[0.7928311228752136, 0.7907499670982361, 0.7895419597625732, 0.7856497168540955, 0.7712245583534241]"
ac6a6959-3139-431c-b49c-23b2a534bca9,Medicine,0.05908203125,0.01318359375,0.0014801025390625,0.92578125,True,D,0.05542612075805664,medmcqa_5,"['PBMD', 'PBMD', 'PBMD', 'PBMD', 'PBMD']","[467572377853607112, 467572377853544891, 467572377855848470, 467572377856582462, 467572377850805628]","[0.7969118356704712, 0.7935456037521362, 0.7934677600860596, 0.7924344539642334, 0.7875968217849731]"
597781b4-adbc-4413-8f98-a8b70c76dd0e,Medicine,0.306640625,0.2392578125,0.34765625,0.10595703125,False,D,0.03646397590637207,medmcqa_5,"['PBMD', 'PBMD', 'PBMD', 'STAT', 'PBMD']","[467572377853001995, 467572377852925635, 467572377852034091, 467572377850302541, 467572377853170967]","[0.8198001384735107, 0.8109162449836731, 0.8088660836219788, 0.8045177459716797, 0.7965947389602661]"
3e7ee088-cbf4-43d0-81bd-7a42ba32eaaa,Medicine,0.002960205078125,0.00115966796875,0.98828125,0.007080078125,True,C,0.049483299255371094,medmcqa_5,"['TEXT', 'PBMD', 'PBMD', 'PBMD', 'PBMD']","[467523489549952828, 467572377854576487, 467572377853899546, 467572377853881320, 467572377856797382]","[0.7890824675559998, 0.7847152352333069, 0.7847105860710144, 0.7817302346229553, 0.7798392176628113]"
0e19d9b4-ac0b-44c9-9acd-afb721370abc,Medicine,0.107421875,0.057373046875,0.0419921875,0.79296875,True,D,0.05474543571472168,medmcqa_5,"['PBMD', 'PBMD', 'PBMD', 'PBMD', 'PBMD']","[467572377854302350, 467572377855105611, 467572377854412452, 467572377853247238, 467572377850835259]","[0.8332380056381226, 0.8258408308029175, 0.8234215974807739, 0.8203087449073792, 0.8172355890274048]"
a388695c-040b-4f2d-99d4-e2a3628246fc,Medicine,0.033203125,0.022705078125,0.03515625,0.91015625,False,B,0.037729740142822266,medmcqa_5,"['PBMD', 'PBMD', 'PBMD', 'TEXT', 'STAT']","[467572377855700078, 467572377856376742, 467572377854219861, 467523489549945061, 467572377850641847]","[0.7848551869392395, 0.7787131071090698, 0.775147557258606, 0.773371696472168, 0.7732399106025696]"
27414952-e73e-4256-8173-0cc038f97b3d,Medicine,0.23046875,0.1396484375,0.1396484375,0.48828125,False,B,0.06792068481445312,medmcqa_5,"['PBMD', 'PBMD', 'PBMD', 'PBMD', 'PBMD']","[467572377856061936, 467572377853342864, 467572377853879035, 467572377850854940, 467572377853288694]","[0.8149499297142029, 0.811079740524292, 0.8108481168746948, 0.810085654258728, 0.809720516204834]"
583aa0ca-b765-4927-bd38-1fe659658585,Medicine,0.0224609375,0.0211181640625,0.95703125,0.000720977783203125,True,C,0.04751777648925781,medmcqa_5,"['PBMD', 'PBMD', 'PBMD', 'PBMD', 'PBMD']","[467572377852301487, 467572377853251636, 467572377854188342, 467572377854912133, 467572377856870699]","[0.7952033877372742, 0.7898808717727661, 0.7891293168067932, 0.7886425256729126, 0.7810544371604919]"
a507440b-1800-4774-a8eb-e1c3e6a8b9d1,Medicine,0.53515625,0.056640625,0.11962890625,0.287109375,True,A,0.06053423881530762,medmcqa_5,"['PBMD', 'PBMD', 'PBMD', 'PBMD', 'PBMD']","[467572377856103380, 467572377856428775, 467572377855999949, 467572377853333588, 467572377853929611]","[0.8144662380218506, 0.8143299221992493, 0.8083500862121582, 0.8072704076766968, 0.8050063848495483]"
afa3769f-e1ac-4944-aa07-a5cffeaf4345,Medicine,0.027587890625,0.9140625,0.042724609375,0.0147705078125,True,B,0.03731536865234375,medmcqa_5,"['STAT', 'PBMD', 'PBMD', 'PBMD', 'PBMD']","[467572377850686244, 467572377856412766, 467572377854323826, 467572377852328864, 467572377855063634]","[0.8522661328315735, 0.8394244313240051, 0.8290071487426758, 0.8231439590454102, 0.8225314617156982]"
a90008e1-2043-45ae-82fc-6138281019ea,Medicine,0.034912109375,0.037353515625,0.025634765625,0.90234375,True,D,0.06267642974853516,medmcqa_5,"['PBMD', 'PBMD', 'PBMD', 'PBMD', 'PBMD']","[467572377853140880, 467572377853726798, 467572377852271846, 467572377853735845, 467572377854761238]","[0.730021595954895, 0.7269030809402466, 0.7251750230789185, 0.7239205241203308, 0.7218307256698608]"
26487c80-887d-4d73-b8f4-46fbc4029d03,Medicine,0.12060546875,0.61328125,0.13671875,0.12890625,True,B,0.041643381118774414,medmcqa_5,"['STAT', 'PBMD', 'PBMD', 'TEXT', 'TEXT']","[467572377850306676, 467572377853244903, 467572377853778223, 467523489549960125, 467523489549959211]","[0.7699605226516724, 0.7635776400566101, 0.7625209093093872, 0.7595403790473938, 0.7587655782699585]"
509b0e36-7ef2-40ed-94a2-c989f952c044,Medicine,0.0400390625,0.0400390625,0.01141357421875,0.91015625,True,D,0.058933258056640625,medmcqa_5,"['PBMD', 'PBMD', 'PBMD', 'PBMD', 'PBMD']","[467572377856015004, 467572377850867277, 467572377852095850, 467572377854729618, 467572377855883622]","[0.8290725350379944, 0.828384280204773, 0.8202043771743774, 0.8198760151863098, 0.8194113969802856]"
687d35d8-f545-4afb-be91-a496629a5c40,Medicine,0.1513671875,0.76953125,0.06298828125,0.0169677734375,True,B,0.048552751541137695,medmcqa_5,"['PBMD', 'PBMD', 'PBMD', 'PBMD', 'PBMD']","[467572377853898513, 467572377856874601, 467572377855366728, 467572377853925372, 467572377853375625]","[0.8057841658592224, 0.8013802170753479, 0.7982982993125916, 0.7941012978553772, 0.7933889627456665]"
4c8541ed-eea6-4c08-a330-87a900adf122,Medicine,0.2099609375,0.60546875,0.10546875,0.0771484375,True,B,0.056110382080078125,medmcqa_5,"['PBMD', 'PBMD', 'PBMD', 'PBMD', 'PBMD']","[467572377856318042, 467572377854457779, 467572377853996354, 467572377853584102, 467572377852205242]","[0.8048428893089294, 0.8041641116142273, 0.7958702445030212, 0.7954182028770447, 0.7941291332244873]"
eaa2da68-a0d7-4f65-b0bb-5683a53ac249,Medicine,0.11376953125,0.041748046875,0.83984375,0.004150390625,True,C,0.037381649017333984,medmcqa_5,"['PBMD', 'PBMD', 'PBMD', 'PBMD', 'PBMD']","[467572377854804067, 467572377855518040, 467572377852179404, 467572377852245157, 467572377850863564]","[0.8082647919654846, 0.7819981575012207, 0.780106246471405, 0.7795096635818481, 0.7767109870910645]"
632ce13b-9447-4f89-93af-147da80a4ed5,Medicine,0.00653076171875,0.004486083984375,0.0189208984375,0.96875,True,D,0.03348374366760254,medmcqa_5,"['STAT', 'STAT', 'STAT', 'STAT', 'STAT']","[467572377850663888, 467572377850255961, 467572377850266844, 467572377850269679, 467572377850747751]","[0.8072188496589661, 0.8029887676239014, 0.7908012866973877, 0.788912296295166, 0.779376745223999]"
51ab95e3-9958-4455-a9d8-5a74a45227e7,Microbiology,0.154296875,0.5078125,0.255859375,0.0830078125,True,B,0.0500333309173584,medmcqa_5,"['PBMD', 'PBMD', 'PBMD', 'PBMD', 'PBMD']","[467572377854776440, 467572377852509415, 467572377850920663, 467572377852758235, 467572377856103175]","[0.7975096702575684, 0.7884576320648193, 0.7879843711853027, 0.7803318500518799, 0.7752946019172668]"
ce4c89ec-e732-4e07-bf4c-776d2342c826,Microbiology,0.2314453125,0.431640625,0.24609375,0.09033203125,True,B,0.057913780212402344,medmcqa_5,"['PBMD', 'STAT', 'PBMD', 'PBMD', 'PBMD']","[467572377853134526, 467572377850733306, 467572377856103578, 467572377856413271, 467572377852527973]","[0.8062929511070251, 0.8046150207519531, 0.803378164768219, 0.80130535364151, 0.7988451719284058]"
5d81be17-8fb6-4cf6-9d4d-9d0cefa27fdc,Microbiology,0.033203125,0.91015625,0.0311279296875,0.0257568359375,True,B,0.04815030097961426,medmcqa_5,"['TEXT', 'PBMD', 'PBMD', 'PBMD', 'TEXT']","[467523489549930219, 467572377852615894, 467572377855367863, 467572377850941659, 467523489549930222]","[0.8252454400062561, 0.8222734928131104, 0.8207150101661682, 0.8153226375579834, 0.8116819858551025]"
8c164874-5d36-43ea-b3b9-ad25b23025ff,Microbiology,0.2578125,0.138671875,0.375,0.2275390625,False,D,0.04009819030761719,medmcqa_5,"['STAT', 'PBMD', 'PBMD', 'PBMD', 'STAT']","[467572377850721356, 467572377853821406, 467572377855512341, 467572377855097887, 467572377850721326]","[0.8092532157897949, 0.7958322763442993, 0.7944258451461792, 0.7925548553466797, 0.7909623384475708]"
3a9be702-4f83-4abd-b9a9-c2086333174a,Microbiology,0.87109375,0.091796875,0.03369140625,0.0054931640625,True,A,0.028712987899780273,medmcqa_5,"['STAT', 'STAT', 'PBMD', 'STAT', 'PBMD']","[467572377850368914, 467572377850368912, 467572377855994631, 467572377850284533, 467572377854689503]","[0.8287798166275024, 0.8276151418685913, 0.8194079995155334, 0.808864176273346, 0.8065974116325378]"
98e900a1-b7f2-4b6c-a3f8-5eba0a601cf4,Microbiology,0.1162109375,0.7578125,0.1162109375,0.009521484375,True,B,0.03840994834899902,medmcqa_5,"['PBMD', 'PBMD', 'PBMD', 'PBMD', 'PBMD']","[467572377856263587, 467572377852219495, 467572377853417228, 467572377852172173, 467572377852040578]","[0.7888918519020081, 0.785495936870575, 0.7852176427841187, 0.7812368273735046, 0.7802045345306396]"
495d0907-4c10-48ed-bf21-b023299750ee,Microbiology,0.0228271484375,0.97265625,0.00396728515625,0.00113677978515625,True,B,0.03867769241333008,medmcqa_5,"['PBMD', 'PBMD', 'PBMD', 'PBMD', 'PBMD']","[467572377852774657, 467572377853939599, 467572377852887481, 467572377853363137, 467572377853082274]","[0.8082351088523865, 0.8076827526092529, 0.8017339706420898, 0.795147180557251, 0.7944181561470032]"
677185a0-b327-4f8b-a14a-fdbadf22d7c6,Microbiology,0.99609375,0.0027923583984375,0.00124359130859375,0.0004558563232421875,True,A,0.06635236740112305,medmcqa_5,"['PBMD', 'PBMD', 'PBMD', 'PBMD', 'PBMD']","[467572377856182100, 467572377856452887, 467572377856707047, 467572377852559454, 467572377853178196]","[0.8173061013221741, 0.8140368461608887, 0.8107745051383972, 0.8087561130523682, 0.8077592849731445]"
2b500a19-8e08-4492-a91d-205ec99f3ae2,Microbiology,0.00016880035400390625,1.0,0.00010204315185546875,0.00019073486328125,True,B,0.05425429344177246,medmcqa_5,"['PBMD', 'PBMD', 'PBMD', 'PBMD', 'PBMD']","[467572377853726618, 467572377854038286, 467572377854371091, 467572377852572032, 467572377853720565]","[0.7225126028060913, 0.7181603908538818, 0.7160041928291321, 0.715654730796814, 0.7147000432014465]"
45f2ea2d-1935-42fc-85ac-887ebbdaba0c,Microbiology,0.283203125,0.1513671875,0.035888671875,0.52734375,False,B,0.05553627014160156,medmcqa_5,"['PBMD', 'PBMD', 'PBMD', 'PBMD', 'PBMD']","[467572377856706328, 467572377852217655, 467572377852041927, 467572377856525199, 467572377850808896]","[0.7699531316757202, 0.767927885055542, 0.7653663754463196, 0.7636914253234863, 0.7632628679275513]"
ae29e3d1-085f-4e58-935d-893261415feb,Microbiology,0.007537841796875,0.07177734375,0.87109375,0.049072265625,True,C,0.03231692314147949,medmcqa_5,"['PBMD', 'PBMD', 'PBMD', 'PBMD', 'PBMD']","[467572377855443324, 467572377853022717, 467572377852982800, 467572377855269932, 467572377854966177]","[0.777144193649292, 0.7738224864006042, 0.7736449837684631, 0.7711135745048523, 0.7684335112571716]"
f89006c1-df22-4cf3-a68d-a892432e35ba,Microbiology,0.0140380859375,0.984375,0.0014801025390625,0.0006561279296875,True,B,0.057457685470581055,medmcqa_5,"['PBMD', 'PBMD', 'PBMD', 'PBMD', 'PBMD']","[467572377850949226, 467572377852121184, 467572377854901676, 467572377850825719, 467572377855859592]","[0.7547920942306519, 0.7540932893753052, 0.7522135376930237, 0.7492821216583252, 0.7477630376815796]"
dcd55e20-6887-494f-ab9a-11a399716a14,Microbiology,0.02294921875,0.021484375,0.859375,0.09619140625,True,C,0.06356525421142578,medmcqa_5,"['PBMD', 'PBMD', 'PBMD', 'PBMD', 'PBMD']","[467572377855493561, 467572377854002162, 467572377854896160, 467572377852094606, 467572377853233478]","[0.8270867466926575, 0.8255687355995178, 0.8242371082305908, 0.8203625679016113, 0.819378674030304]"
7a06ba56-75e0-41a9-aa95-9628f7c0f806,Microbiology,0.000514984130859375,0.004608154296875,0.99609375,0.00013065338134765625,True,C,0.03666234016418457,medmcqa_5,"['PBMD', 'PBMD', 'PBMD', 'PBMD', 'PBMD']","[467572377852123170, 467572377853703282, 467572377850850326, 467572377852302978, 467572377853750934]","[0.7463042140007019, 0.744387149810791, 0.7409901022911072, 0.7385430335998535, 0.7359840273857117]"
46821216-d894-4b58-82e3-253e3192534e,Microbiology,0.00180816650390625,0.0010986328125,0.001495361328125,0.99609375,True,D,0.05622720718383789,medmcqa_5,"['PBMD', 'TEXT', 'PBMD', 'PBMD', 'PBMD']","[467572377853382718, 467523489549998356, 467572377855326738, 467572377850955950, 467572377853835046]","[0.7363855838775635, 0.735969603061676, 0.7347269654273987, 0.7329182624816895, 0.7302467226982117]"
e5324c21-4809-4ad3-985e-17fcd1a26c8d,Microbiology,0.035400390625,0.19140625,0.314453125,0.458984375,True,D,0.061097145080566406,medmcqa_5,"['PBMD', 'PBMD', 'PBMD', 'PBMD', 'PBMD']","[467572377855748677, 467572377856979259, 467572377856499718, 467572377852854189, 467572377855811563]","[0.7936830520629883, 0.7919214963912964, 0.788789689540863, 0.7873096466064453, 0.7870091199874878]"
0334b7b4-07dc-47d9-8067-74615261dbad,Microbiology,0.06298828125,0.87109375,0.038330078125,0.0263671875,True,B,0.06218719482421875,medmcqa_5,"['PBMD', 'PBMD', 'PBMD', 'PBMD', 'PBMD']","[467572377853704257, 467572377850947880, 467572377853088641, 467572377854253002, 467572377850971353]","[0.7695170640945435, 0.7679767608642578, 0.7633517980575562, 0.7624104022979736, 0.7623327970504761]"
cb68f16a-b773-4ab8-bd27-8f4760e4978e,Microbiology,0.63671875,0.0859375,0.181640625,0.09716796875,True,A,0.04050588607788086,medmcqa_5,"['TEXT', 'PBMD', 'PBMD', 'PBMD', 'TEXT']","[467523489549957644, 467572377856148349, 467572377852531810, 467572377852130846, 467523489549955208]","[0.8213903307914734, 0.820178747177124, 0.8170883655548096, 0.8142240047454834, 0.8130140900611877]"
89d58dd6-18a4-4e3e-b7be-5f2e7c8e8fae,Microbiology,0.625,0.1787109375,0.1572265625,0.039794921875,True,A,0.03757953643798828,medmcqa_5,"['PBMD', 'PBMD', 'PBMD', 'PBMD', 'PBMD']","[467572377853716422, 467572377853163357, 467572377854326591, 467572377855270405, 467572377853166491]","[0.7664200663566589, 0.7660501599311829, 0.7626886367797852, 0.7606092095375061, 0.7599291801452637]"
bc3c5cf5-3996-4727-82ec-3cf39f9629a8,Microbiology,0.025634765625,0.00946044921875,0.96484375,0.001861572265625,True,C,0.06497836112976074,medmcqa_5,"['PBMD', 'PBMD', 'PBMD', 'PBMD', 'PBMD']","[467572377855422322, 467572377855472256, 467572377855727037, 467572377852724274, 467572377856037463]","[0.8050987124443054, 0.8016989231109619, 0.8010786175727844, 0.7983142137527466, 0.7981897592544556]"
351c6b21-7730-4fce-8ec7-001ae43b6969,Biochemistry,0.9921875,0.00433349609375,0.001800537109375,0.0002155303955078125,True,A,0.06459188461303711,medmcqa_5,"['PBMD', 'PBMD', 'PBMD', 'PBMD', 'PBMD']","[467572377854304096, 467572377854797146, 467572377854265087, 467572377852585357, 467572377852512175]","[0.8087806105613708, 0.7901476621627808, 0.7872339487075806, 0.7868384122848511, 0.7861307859420776]"
1d3ecdb0-6438-4153-93d1-809851413ff1,Biochemistry,0.087890625,0.099609375,0.2392578125,0.57421875,True,D,0.06290507316589355,medmcqa_5,"['PBMD', 'PBMD', 'PBMD', 'PBMD', 'PBMD']","[467572377855824803, 467572377855473290, 467572377855713169, 467572377850938288, 467572377855376339]","[0.7510995864868164, 0.7481849193572998, 0.7479453682899475, 0.747618556022644, 0.7457389235496521]"
d67b3d34-768f-466b-94c2-975265526bf5,Biochemistry,0.0016937255859375,0.00058746337890625,0.001922607421875,0.99609375,True,D,0.0469207763671875,medmcqa_5,"['PBMD', 'PBMD', 'PBMD', 'PBMD', 'PBMD']","[467572377854239380, 467572377854515876, 467572377854422416, 467572377854872948, 467572377853676578]","[0.8076944351196289, 0.798138439655304, 0.7918033599853516, 0.7901085019111633, 0.789964497089386]"
85a99d6f-3341-4fd7-a111-a8792ea01bd8,Biochemistry,0.008056640625,0.98828125,0.002166748046875,0.0010223388671875,True,B,0.06638002395629883,medmcqa_5,"['PBMD', 'PBMD', 'PBMD', 'PBMD', 'PBMD']","[467572377855334797, 467572377853407757, 467572377854311258, 467572377852401979, 467572377854312662]","[0.7853286862373352, 0.7708123326301575, 0.7675203084945679, 0.7667259573936462, 0.7641226053237915]"
1e4c3319-3b82-4051-9c82-6ea096b0924f,Biochemistry,0.007537841796875,0.98828125,0.0040283203125,0.00157928466796875,True,B,0.0489349365234375,medmcqa_5,"['PBMD', 'PBMD', 'PBMD', 'PBMD', 'PBMD']","[467572377854370043, 467572377853914991, 467572377855793509, 467572377854325465, 467572377854295075]","[0.7555501461029053, 0.7546000480651855, 0.752835750579834, 0.7524577379226685, 0.7522863149642944]"
637747ff-6394-4eb8-9b05-abec8f92397b,Biochemistry,0.0986328125,0.06396484375,0.828125,0.01104736328125,True,C,0.03757929801940918,medmcqa_5,"['TEXT', 'TEXT', 'PBMD', 'TEXT', 'STAT']","[467523489549677649, 467523489549678395, 467572377852470072, 467523489549677621, 467572377850728787]","[0.7960531711578369, 0.7932641506195068, 0.7910439372062683, 0.7895971536636353, 0.7865309715270996]"
0913dfd5-2b2b-440e-a8ab-d6a435d50631,Biochemistry,0.0042724609375,0.01239013671875,0.98046875,0.001220703125,True,C,0.048056602478027344,medmcqa_5,"['TEXT', 'PBMD', 'PBMD', 'TEXT', 'PBMD']","[467523489549677529, 467572377854722668, 467572377853996906, 467523489549679612, 467572377856286029]","[0.7570487260818481, 0.7421678304672241, 0.7328926920890808, 0.7322293519973755, 0.731503963470459]"
214bd057-b08c-4241-adda-1a0c80c010cc,Biochemistry,0.01385498046875,0.01220703125,0.97265625,0.0025634765625,True,C,0.03842592239379883,medmcqa_5,"['STAT', 'PBMD', 'TEXT', 'STAT', 'STAT']","[467572377850231501, 467572377855021482, 467523489549977287, 467572377850655574, 467572377850645392]","[0.8269524574279785, 0.8260154724121094, 0.8212720155715942, 0.820166289806366, 0.8177616596221924]"
3ba5a305-c681-4c3b-83c9-5ea3d26c34ca,Biochemistry,0.046875,0.26953125,0.4453125,0.23828125,False,B,0.03657674789428711,medmcqa_5,"['PBMD', 'PBMD', 'TEXT', 'PBMD', 'PBMD']","[467572377850962276, 467572377854078673, 467523489549931877, 467572377853280392, 467572377853825273]","[0.8054157495498657, 0.7788636684417725, 0.7775759696960449, 0.7763488292694092, 0.7751823663711548]"
0b7c28ca-ee41-4ecd-93db-c7a60db5161a,Biochemistry,0.99609375,0.001495361328125,0.001922607421875,0.00012302398681640625,True,A,0.06554722785949707,medmcqa_5,"['PBMD', 'PBMD', 'PBMD', 'PBMD', 'PBMD']","[467572377850800088, 467572377854864742, 467572377854884713, 467572377852191545, 467572377854952691]","[0.7902693152427673, 0.7804980874061584, 0.7804851531982422, 0.7779720425605774, 0.7712221145629883]"
77ded5ec-a12d-469a-a16f-fd7871c27c98,Biochemistry,0.00102996826171875,0.99609375,0.00090789794921875,0.0010986328125,True,B,0.041409969329833984,medmcqa_5,"['TEXT', 'PBMD', 'TEXT', 'TEXT', 'STAT']","[467523489549958502, 467572377852217903, 467523489549958503, 467523489549946781, 467572377850627333]","[0.8063222169876099, 0.8061432838439941, 0.8060784339904785, 0.8056715726852417, 0.8045870661735535]"
a291b7c5-a1b0-41c1-b820-92ec3ae70897,Biochemistry,0.0108642578125,0.003997802734375,0.00897216796875,0.9765625,True,D,0.05047917366027832,medmcqa_5,"['PBMD', 'TEXT', 'TEXT', 'PBMD', 'PBMD']","[467572377851013774, 467523489549945702, 467523489549678240, 467572377852540769, 467572377850960373]","[0.7738739252090454, 0.7720504999160767, 0.769365131855011, 0.7674561142921448, 0.7631957530975342]"
2fe46123-3284-4ee9-8a65-d65a95552163,Biochemistry,0.11181640625,0.1845703125,0.5703125,0.134765625,True,C,0.049962759017944336,medmcqa_5,"['PBMD', 'PBMD', 'TEXT', 'PBMD', 'PBMD']","[467572377854385575, 467572377850948788, 467523489549999842, 467572377852189434, 467572377854838963]","[0.79210364818573, 0.7837708592414856, 0.7810249328613281, 0.7655483484268188, 0.764937162399292]"
3fcc1ba0-3450-4c02-a69b-f12c223a707e,Biochemistry,0.0031585693359375,0.00109100341796875,0.00518798828125,0.9921875,True,D,0.05001664161682129,medmcqa_5,"['TEXT', 'TEXT', 'TEXT', 'PBMD', 'PBMD']","[467523489549677256, 467523489549677281, 467523489549677232, 467572377852827780, 467572377852713406]","[0.7487379908561707, 0.7398582100868225, 0.7377995848655701, 0.7262417674064636, 0.7255664467811584]"
a093694e-febc-4cf2-8643-b0930d676bef,Biochemistry,0.0147705078125,0.009521484375,0.97265625,0.0022735595703125,True,C,0.048116445541381836,medmcqa_5,"['PBMD', 'PBMD', 'PBMD', 'PBMD', 'PBMD']","[467572377854951406, 467572377852065281, 467572377854265638, 467572377855200616, 467572377850965047]","[0.7998483180999756, 0.7775598168373108, 0.7657746076583862, 0.7651381492614746, 0.7608278393745422]"
5b5d6e9a-9b1d-4dff-889e-56930ddd49f0,Biochemistry,0.01165771484375,0.92578125,0.0096435546875,0.05224609375,True,B,0.03776049613952637,medmcqa_5,"['PBMD', 'PBMD', 'PBMD', 'PBMD', 'PBMD']","[467572377850832096, 467572377855534759, 467572377854951145, 467572377852727791, 467572377850880933]","[0.7800207734107971, 0.7788777351379395, 0.7750198245048523, 0.774552583694458, 0.7736605405807495]"
5c0fc51c-183d-460b-a4f2-d1d8d5ed29ed,Biochemistry,0.00262451171875,0.002044677734375,0.99609375,0.000850677490234375,True,C,0.05263948440551758,medmcqa_5,"['STAT', 'PBMD', 'PBMD', 'PBMD', 'PBMD']","[467572377850733707, 467572377853983993, 467572377854716342, 467572377854912163, 467572377852334856]","[0.7823611497879028, 0.7732332348823547, 0.7729446291923523, 0.7669855356216431, 0.7657788991928101]"
94810410-6af5-4159-9668-f48cd4205024,Biochemistry,0.88671875,0.060302734375,0.010498046875,0.04150390625,True,A,0.050969600677490234,medmcqa_5,"['PBMD', 'PBMD', 'PBMD', 'PBMD', 'PBMD']","[467572377853912286, 467572377853607467, 467572377853849385, 467572377852462829, 467572377853288809]","[0.7797088027000427, 0.776922345161438, 0.7748052477836609, 0.7747923731803894, 0.7743433713912964]"
5faa136c-eb3e-4ad9-9649-b03f9053866e,Biochemistry,0.03271484375,0.7890625,0.0888671875,0.0888671875,True,B,0.04757213592529297,medmcqa_5,"['PBMD', 'PBMD', 'PBMD', 'PBMD', 'PBMD']","[467572377850875406, 467572377850971784, 467572377854675490, 467572377855350550, 467572377852171349]","[0.7918097376823425, 0.7862216234207153, 0.7839546203613281, 0.7834513187408447, 0.7833379507064819]"
2db0abf9-8445-424b-98ed-b3775bb3e4b9,Biochemistry,0.8515625,0.0166015625,0.015625,0.115234375,True,A,0.047432899475097656,medmcqa_5,"['TEXT', 'PBMD', 'PBMD', 'PBMD', 'PBMD']","[467523489549678778, 467572377856118036, 467572377855895130, 467572377855166519, 467572377855741580]","[0.8748588562011719, 0.8268077373504639, 0.8167787790298462, 0.813520073890686, 0.8121041059494019]"
006c9660-3a80-4a54-8b2a-5c5e860f8ffb,Forensic Medicine,0.1025390625,0.859375,0.021484375,0.0157470703125,True,B,0.05538320541381836,medmcqa_5,"['PBMD', 'PBMD', 'PBMD', 'PBMD', 'PBMD']","[467572377855434927, 467572377852073395, 467572377855306198, 467572377856125536, 467572377852711210]","[0.7824991941452026, 0.7786334753036499, 0.765964686870575, 0.7657437324523926, 0.7574495077133179]"
0562f9b0-ab89-4d48-a0aa-ff45d45ed81e,Forensic Medicine,0.0108642578125,0.98046875,0.004547119140625,0.005462646484375,True,B,0.04857921600341797,medmcqa_5,"['STAT', 'PBMD', 'PBMD', 'PBMD', 'PBMD']","[467572377850271655, 467572377852575878, 467572377854647619, 467572377856101249, 467572377856169727]","[0.7765731811523438, 0.7709169387817383, 0.7638599276542664, 0.7635412216186523, 0.7579927444458008]"
c1119ecc-0ead-4386-9097-0f77901b77e4,Forensic Medicine,0.99609375,0.004608154296875,0.0002593994140625,0.0002765655517578125,True,A,0.033394575119018555,medmcqa_5,"['STAT', 'PBMD', 'PBMD', 'PBMD', 'PBMD']","[467572377850725457, 467572377855158170, 467572377853498103, 467572377854130798, 467572377853158808]","[0.7821611166000366, 0.7797849178314209, 0.7718173265457153, 0.767791211605072, 0.7672058343887329]"
7774e019-b96b-4a25-a2db-0f76e286f758,Forensic Medicine,0.2041015625,0.490234375,0.1806640625,0.1240234375,False,A,0.047794342041015625,medmcqa_5,"['PBMD', 'PBMD', 'PBMD', 'PBMD', 'PBMD']","[467572377853759945, 467572377853199457, 467572377856746814, 467572377856419479, 467572377854953876]","[0.7142845392227173, 0.7133618593215942, 0.7130405902862549, 0.7115243077278137, 0.7083116173744202]"
70b8237b-2069-4fb6-943e-1f286f65dc07,Forensic Medicine,0.125,0.20703125,0.171875,0.49609375,False,C,0.057045698165893555,medmcqa_5,"['PBMD', 'PBMD', 'STAT', 'PBMD', 'PBMD']","[467572377852241407, 467572377854907266, 467572377850255174, 467572377854719692, 467572377856551305]","[0.7896205186843872, 0.7852939367294312, 0.780633270740509, 0.773842990398407, 0.772327184677124]"
20d2413a-06b5-4de0-bea5-2e8afbab4df2,Forensic Medicine,0.267578125,0.640625,0.07666015625,0.01416015625,True,B,0.03389334678649902,medmcqa_5,"['PBMD', 'PBMD', 'PBMD', 'PBMD', 'PBMD']","[467572377853377237, 467572377853691584, 467572377854057056, 467572377854807329, 467572377855905286]","[0.7511372566223145, 0.7466729879379272, 0.7465224862098694, 0.7463362216949463, 0.7430327534675598]"
aad1e6ed-949c-4502-9b6d-1a02ad7c1ab2,Forensic Medicine,0.0712890625,0.0712890625,0.09130859375,0.765625,True,D,0.03857541084289551,medmcqa_5,"['PBMD', 'PBMD', 'PBMD', 'PBMD', 'PBMD']","[467572377853873133, 467572377855050856, 467572377856518047, 467572377855216484, 467572377855190889]","[0.740674614906311, 0.737815797328949, 0.7355902791023254, 0.7349519729614258, 0.730190634727478]"
dcdbfa96-0c27-4dc5-8790-8d722af5fd07,Forensic Medicine,0.00927734375,0.9453125,0.0196533203125,0.025146484375,True,B,0.04350900650024414,medmcqa_5,"['PBMD', 'PBMD', 'PBMD', 'PBMD', 'PBMD']","[467572377855046613, 467572377852915675, 467572377854925201, 467572377856539259, 467572377854210083]","[0.7436462640762329, 0.7358632683753967, 0.7351527810096741, 0.7326292395591736, 0.7311256527900696]"
126b14c4-e82a-4f9f-98c7-956fa9f3ac81,Forensic Medicine,0.0272216796875,0.0654296875,0.90234375,0.003936767578125,True,C,0.0415797233581543,medmcqa_5,"['PBMD', 'PBMD', 'PBMD', 'PBMD', 'PBMD']","[467572377853046113, 467572377852929212, 467572377855508900, 467572377856484332, 467572377855072010]","[0.7670165300369263, 0.7528523206710815, 0.7369273900985718, 0.7326317429542542, 0.7270948886871338]"
0396b39b-e68a-432c-bda8-ff40fb3d0f53,Forensic Medicine,0.007720947265625,0.0252685546875,0.017333984375,0.94921875,True,D,0.03896331787109375,medmcqa_5,"['PBMD', 'PBMD', 'PBMD', 'PBMD', 'PBMD']","[467572377855383529, 467572377856920522, 467572377853451797, 467572377853968155, 467572377854280131]","[0.7855814695358276, 0.7811949849128723, 0.7802344560623169, 0.7796967625617981, 0.7769677639007568]"
4920ff30-cda7-45aa-b690-a9dfcafdd384,Forensic Medicine,0.83203125,0.087890625,0.046875,0.0322265625,False,D,0.057373046875,medmcqa_5,"['PBMD', 'PBMD', 'PBMD', 'PBMD', 'PBMD']","[467572377856807487, 467572377852126117, 467572377853748816, 467572377853145655, 467572377856315232]","[0.7600637078285217, 0.757222592830658, 0.7506921887397766, 0.7432586550712585, 0.7410717010498047]"
9c8c25d1-f777-4b6b-b33a-f669e561fd3c,Forensic Medicine,0.3515625,0.2734375,0.2734375,0.1005859375,False,B,0.033022165298461914,medmcqa_5,"['STAT', 'TEXT', 'PBMD', 'PBMD', 'STAT']","[467572377850671061, 467523489549996266, 467572377853295090, 467572377852184237, 467572377850789935]","[0.7408168315887451, 0.7376536130905151, 0.7280917763710022, 0.7175647020339966, 0.7144408226013184]"
a7d19059-62bd-4d1f-aeee-998295e0eaab,Forensic Medicine,0.009033203125,0.98046875,0.00848388671875,0.0015716552734375,False,A,0.03621315956115723,medmcqa_5,"['PBMD', 'PBMD', 'PBMD', 'PBMD', 'PBMD']","[467572377852915675, 467572377853899453, 467572377852079001, 467572377853123951, 467572377854605432]","[0.7003991007804871, 0.698847234249115, 0.68174147605896, 0.6816822290420532, 0.6810396313667297]"
f975a563-2746-4aa3-902e-d1dec1ba9875,Forensic Medicine,0.021728515625,0.04052734375,0.01318359375,0.92578125,True,D,0.03822135925292969,medmcqa_5,"['PBMD', 'PBMD', 'PBMD', 'PBMD', 'TEXT']","[467572377852761181, 467572377852333532, 467572377852338389, 467572377852190008, 467523489549961446]","[0.7790278196334839, 0.7689595222473145, 0.7671523690223694, 0.7662232518196106, 0.7656451463699341]"
b24e7952-7639-45cd-9f40-2682c6064203,Forensic Medicine,0.8671875,0.055419921875,0.043212890625,0.03369140625,True,A,0.05853152275085449,medmcqa_5,"['PBMD', 'PBMD', 'PBMD', 'PBMD', 'PBMD']","[467572377855593099, 467572377852526735, 467572377853410193, 467572377855847613, 467572377853089732]","[0.7468101978302002, 0.7419046759605408, 0.7380790710449219, 0.7364560961723328, 0.7351300120353699]"
dfb57d4b-c66a-45aa-b9a7-253320347ea5,Forensic Medicine,0.482421875,0.2578125,0.1767578125,0.08349609375,False,B,0.05667257308959961,medmcqa_5,"['PBMD', 'TEXT', 'PBMD', 'PBMD', 'PBMD']","[467572377852915675, 467523489549972620, 467572377856018694, 467572377854039192, 467572377856150309]","[0.7221115231513977, 0.7204251885414124, 0.7162731885910034, 0.7138180136680603, 0.7137372493743896]"
23d4be0c-4b0c-4c40-9328-bf5f2d8e1a44,Forensic Medicine,0.001495361328125,0.00031280517578125,0.00555419921875,0.9921875,True,D,0.036577463150024414,medmcqa_5,"['PBMD', 'PBMD', 'PBMD', 'PBMD', 'PBMD']","[467572377853889081, 467572377855177845, 467572377854955396, 467572377854417797, 467572377852202040]","[0.7658159732818604, 0.7568150758743286, 0.7488253116607666, 0.7444559931755066, 0.7443298697471619]"
ab82593e-d109-45e4-a067-bfab3a9a6eb5,Forensic Medicine,0.1416015625,0.205078125,0.4921875,0.16015625,True,C,0.03982973098754883,medmcqa_5,"['PBMD', 'PBMD', 'PBMD', 'PBMD', 'PBMD']","[467572377854124923, 467572377853592128, 467572377853344730, 467572377852827079, 467572377856701862]","[0.7769201397895813, 0.7478604316711426, 0.7425333857536316, 0.7378692030906677, 0.7342876195907593]"
50601132-81ab-4240-b4b6-a3dd56d72d55,Forensic Medicine,0.140625,0.380859375,0.1806640625,0.296875,True,B,0.0402679443359375,medmcqa_5,"['PBMD', 'PBMD', 'PBMD', 'PBMD', 'STAT']","[467572377854925074, 467572377856240958, 467572377853405786, 467572377855802205, 467572377850745665]","[0.7476558089256287, 0.7457879781723022, 0.7434725761413574, 0.7418228983879089, 0.7408244013786316]"
4d79e291-8a7b-4f4e-aba6-4e1123ba0d21,Forensic Medicine,0.04345703125,0.0150146484375,0.012451171875,0.9296875,True,D,0.03877449035644531,medmcqa_5,"['STAT', 'STAT', 'PBMD', 'TEXT', 'PBMD']","[467572377850281051, 467572377850743753, 467572377852204322, 467523489549951337, 467572377853602803]","[0.7852287292480469, 0.7607166767120361, 0.7592180967330933, 0.7560040354728699, 0.7554509043693542]"
c36425ca-a823-4950-922d-ccf6432d30dd,ENT,0.00262451171875,0.99609375,0.00054931640625,0.00054931640625,True,B,0.039613962173461914,medmcqa_5,"['STAT', 'PBMD', 'PBMD', 'PBMD', 'PBMD']","[467572377850252525, 467572377850992934, 467572377853376801, 467572377854140193, 467572377850994975]","[0.7976436614990234, 0.7967338562011719, 0.7912524342536926, 0.7905066013336182, 0.7876318097114563]"
f4b265f8-394c-47be-adfd-2f9cafc7c260,ENT,0.3984375,0.050537109375,0.1005859375,0.451171875,False,A,0.047039031982421875,medmcqa_5,"['PBMD', 'PBMD', 'STAT', 'TEXT', 'PBMD']","[467572377852521846, 467572377854276576, 467572377850223985, 467523489549676503, 467572377852552653]","[0.7875043749809265, 0.7808148860931396, 0.7714673280715942, 0.7701108455657959, 0.7652010321617126]"
aec75b88-8bf0-424a-8509-7b8957edd0e3,ENT,0.056884765625,0.224609375,0.1064453125,0.61328125,True,D,0.03655743598937988,medmcqa_5,"['STAT', 'PBMD', 'PBMD', 'STAT', 'STAT']","[467572377850692408, 467572377852727383, 467572377853763029, 467572377850691733, 467572377850757058]","[0.7523966431617737, 0.7498289942741394, 0.7442988157272339, 0.7424613237380981, 0.74202561378479]"
8d244a9c-d978-496b-8237-5fdc2a209342,ENT,0.94140625,0.020751953125,0.03662109375,0.000858306884765625,True,A,0.03923225402832031,medmcqa_5,"['PBMD', 'PBMD', 'PBMD', 'PBMD', 'PBMD']","[467572377852601012, 467572377855541958, 467572377853158465, 467572377853884594, 467572377853422400]","[0.7728063464164734, 0.7679752111434937, 0.7657287120819092, 0.764575719833374, 0.7631997466087341]"
e285f8f2-9e35-49ee-ac39-3de894d5f47c,ENT,0.2333984375,0.71875,0.0169677734375,0.0296630859375,True,B,0.057892560958862305,medmcqa_5,"['PBMD', 'PBMD', 'PBMD', 'PBMD', 'PBMD']","[467572377855307247, 467572377850992914, 467572377855028086, 467572377856587242, 467572377856862797]","[0.8081680536270142, 0.8051071166992188, 0.8006046414375305, 0.799223005771637, 0.7966575622558594]"
262d4100-f9b6-4f7e-931b-e52315171b97,ENT,0.053466796875,0.890625,0.030517578125,0.0252685546875,True,B,0.057163238525390625,medmcqa_5,"['PBMD', 'PBMD', 'PBMD', 'PBMD', 'PBMD']","[467572377852247080, 467572377855051717, 467572377854832850, 467572377853885296, 467572377853687968]","[0.8211033344268799, 0.8172445297241211, 0.81345534324646, 0.8128130435943604, 0.8080002665519714]"
89fc9045-cfd8-4df6-afa5-8c3aab17f8eb,ENT,0.0615234375,0.1669921875,0.189453125,0.58203125,True,D,0.048089027404785156,medmcqa_5,"['PBMD', 'PBMD', 'PBMD', 'PBMD', 'PBMD']","[467572377854951691, 467572377853188131, 467572377854561820, 467572377854511269, 467572377852565058]","[0.7783079743385315, 0.7672253847122192, 0.7594190835952759, 0.7578185796737671, 0.7571054697036743]"
3fe3c32c-5a11-4bce-8f54-a2e957491831,ENT,0.9375,0.006317138671875,0.0194091796875,0.036376953125,True,A,0.06723451614379883,medmcqa_5,"['PBMD', 'PBMD', 'PBMD', 'PBMD', 'PBMD']","[467572377856018731, 467572377853708201, 467572377853109480, 467572377856330166, 467572377856850092]","[0.7994356155395508, 0.7979956269264221, 0.7962223887443542, 0.794535219669342, 0.7943630814552307]"
535a1097-e75b-42d3-82fc-8c64db26ddca,ENT,0.154296875,0.69140625,0.07275390625,0.08251953125,False,A,0.0356903076171875,medmcqa_5,"['PBMD', 'PBMD', 'PBMD', 'PBMD', 'PBMD']","[467572377852183585, 467572377854840579, 467572377856196767, 467572377850860660, 467572377853165937]","[0.7386040091514587, 0.7338144183158875, 0.7329475283622742, 0.7297464609146118, 0.7293393015861511]"
9c4f55e5-a588-40e3-be24-a823545ec697,ENT,0.0986328125,0.059814453125,0.82421875,0.01708984375,True,C,0.03877401351928711,medmcqa_5,"['PBMD', 'PBMD', 'PBMD', 'STAT', 'PBMD']","[467572377852260827, 467572377852286854, 467572377853063808, 467572377850376377, 467572377850853954]","[0.754185676574707, 0.7434008717536926, 0.7320283055305481, 0.7305131554603577, 0.7299801707267761]"
d631ebae-3b57-4060-9ac5-759a1766f4fe,ENT,0.98046875,0.015869140625,0.003997802734375,0.0004215240478515625,True,A,0.048711538314819336,medmcqa_5,"['PBMD', 'TEXT', 'TEXT', 'PBMD', 'PBMD']","[467572377853927786, 467523489549951492, 467523489549951494, 467572377854090631, 467572377853506809]","[0.8056950569152832, 0.8038048148155212, 0.8027971386909485, 0.8021939396858215, 0.8017576932907104]"
01ce1ac3-f3f6-4baa-9797-1e830694340c,ENT,0.9765625,0.0045166015625,0.017822265625,0.0022735595703125,True,A,0.04794645309448242,medmcqa_5,"['TEXT', 'PBMD', 'PBMD', 'TEXT', 'PBMD']","[467523489549703714, 467572377853397810, 467572377855491431, 467523489549676709, 467572377852461135]","[0.7500792741775513, 0.7434180378913879, 0.7422646880149841, 0.7414997220039368, 0.738846480846405]"
9a2d1b42-37ee-4971-9b08-fcc6a770387b,ENT,0.0281982421875,0.01708984375,0.56640625,0.388671875,False,A,0.03873085975646973,medmcqa_5,"['STAT', 'PBMD', 'PBMD', 'PBMD', 'PBMD']","[467572377850358241, 467572377853419584, 467572377853272054, 467572377852441810, 467572377854645145]","[0.7750638127326965, 0.7685152292251587, 0.7679173946380615, 0.7676074504852295, 0.7662409543991089]"
ea02ec1a-85aa-48e0-827e-96612c029eee,ENT,0.26171875,0.01300048828125,0.294921875,0.4296875,True,D,0.04651689529418945,medmcqa_5,"['STAT', 'PBMD', 'PBMD', 'PBMD', 'PBMD']","[467572377850683347, 467572377853271460, 467572377853109488, 467572377855396906, 467572377856195139]","[0.8329483866691589, 0.8269346356391907, 0.819135308265686, 0.8176743984222412, 0.8168162107467651]"
02b5e3a9-e83c-4579-afc6-901bf0b2ea0e,ENT,0.78515625,0.0830078125,0.0732421875,0.056884765625,True,A,0.03775954246520996,medmcqa_5,"['STAT', 'PBMD', 'PBMD', 'PBMD', 'PBMD']","[467572377850624006, 467572377855880954, 467572377855019037, 467572377852175518, 467572377853697157]","[0.8131512999534607, 0.8125039339065552, 0.8103076815605164, 0.8060396313667297, 0.8010101318359375]"
9a703c66-4f32-413b-822d-bc4b47df24e4,ENT,0.00141143798828125,0.00058746337890625,0.0004291534423828125,0.99609375,True,D,0.03393864631652832,medmcqa_5,"['PBMD', 'PBMD', 'PBMD', 'PBMD', 'PBMD']","[467572377854012869, 467572377855173439, 467572377854066551, 467572377855918937, 467572377852693628]","[0.8320276141166687, 0.8146396279335022, 0.78827965259552, 0.7833579778671265, 0.7780178189277649]"
95aa027d-ac63-4982-a47f-888a96fdbe53,ENT,0.9921875,0.00109100341796875,0.005218505859375,0.0004024505615234375,True,A,0.05703306198120117,medmcqa_5,"['TEXT', 'PBMD', 'PBMD', 'PBMD', 'PBMD']","[467523489549929684, 467572377854363638, 467572377853764013, 467572377854155256, 467572377854139810]","[0.7889171242713928, 0.7887152433395386, 0.7827720642089844, 0.7677069902420044, 0.7670340538024902]"
093e1f49-b08c-474b-9c01-e84369a4d445,ENT,0.3984375,0.0888671875,0.1142578125,0.3984375,False,B,0.04936027526855469,medmcqa_5,"['PBMD', 'PBMD', 'PBMD', 'PBMD', 'PBMD']","[467572377854978714, 467572377856032588, 467572377853751924, 467572377853784489, 467572377854729450]","[0.778259813785553, 0.744645357131958, 0.7429574728012085, 0.7382350564002991, 0.7354991436004639]"
19a74fb3-c9b3-4725-a602-ec85379b448a,ENT,0.0771484375,0.73046875,0.046875,0.14453125,True,B,0.039420127868652344,medmcqa_5,"['PBMD', 'PBMD', 'PBMD', 'PBMD', 'PBMD']","[467572377853319132, 467572377856592300, 467572377854446206, 467572377853713930, 467572377853017926]","[0.7914261817932129, 0.7903257608413696, 0.7897207140922546, 0.7895616292953491, 0.7861645221710205]"
424765d4-aaf5-4a7e-8306-3f59a79f0689,ENT,0.51953125,0.35546875,0.08984375,0.03515625,False,B,0.04785799980163574,medmcqa_5,"['PBMD', 'PBMD', 'PBMD', 'PBMD', 'PBMD']","[467572377854748461, 467572377850924792, 467572377855766870, 467572377854744668, 467572377852966293]","[0.7555482983589172, 0.743168830871582, 0.7323112487792969, 0.7314111590385437, 0.7305812835693359]"
298ca8d2-7522-44bc-a7e4-18e1cc98ebd0,Pediatrics,0.71484375,0.0849609375,0.1162109375,0.0849609375,False,C,0.04084324836730957,medmcqa_5,"['STAT', 'STAT', 'PBMD', 'PBMD', 'PBMD']","[467572377850298235, 467572377850776394, 467572377854720658, 467572377855167621, 467572377852940610]","[0.78467857837677, 0.7785205245018005, 0.7766247391700745, 0.7765029668807983, 0.774448573589325]"
24a1c781-c30b-411e-bdce-1da3a026a2e6,Pediatrics,0.0771484375,0.734375,0.1123046875,0.0771484375,False,A,0.06384134292602539,medmcqa_5,"['PBMD', 'PBMD', 'PBMD', 'PBMD', 'PBMD']","[467572377856551825, 467572377856654099, 467572377852859639, 467572377852515037, 467572377854692396]","[0.7802677154541016, 0.7767605185508728, 0.7747877836227417, 0.7745521664619446, 0.7718261480331421]"
714a6fa3-f1ec-4cd4-881d-28b22e1f2d63,Pediatrics,0.921875,0.031494140625,0.0380859375,0.00848388671875,True,A,0.026131153106689453,medmcqa_5,"['TEXT', 'STAT', 'TEXT', 'STAT', 'STAT']","[467523489549965991, 467572377850294387, 467523489549965990, 467572377850747610, 467572377850788104]","[0.8142444491386414, 0.807420015335083, 0.7994929552078247, 0.7977431416511536, 0.7936735153198242]"
71a1566b-d130-4be1-a097-850508d34735,Pediatrics,0.3046875,0.2373046875,0.345703125,0.1123046875,False,A,0.05563497543334961,medmcqa_5,"['STAT', 'PBMD', 'PBMD', 'PBMD', 'PBMD']","[467572377850282596, 467572377855563670, 467572377851004052, 467572377853093683, 467572377852253735]","[0.7729915380477905, 0.7725430727005005, 0.7723069190979004, 0.7698662281036377, 0.7673932909965515]"
6e0739f4-b554-47df-bf76-9150e08f5720,Pediatrics,0.9921875,0.006683349609375,0.00191497802734375,0.00013065338134765625,True,A,0.05835771560668945,medmcqa_5,"['TEXT', 'PBMD', 'PBMD', 'PBMD', 'PBMD']","[467523489549693693, 467572377855838864, 467572377854094180, 467572377853916963, 467572377852773158]","[0.7976375222206116, 0.7906191349029541, 0.7771992683410645, 0.776218593120575, 0.774527907371521]"
fe2054b1-9e52-413a-babd-a6502a961824,Pediatrics,0.98046875,0.015869140625,0.00156402587890625,0.0035247802734375,True,A,0.04927563667297363,medmcqa_5,"['PBMD', 'PBMD', 'PBMD', 'PBMD', 'PBMD']","[467572377856318608, 467572377854265761, 467572377855030569, 467572377853257617, 467572377856370243]","[0.8145645260810852, 0.8052150011062622, 0.7966580390930176, 0.7961387038230896, 0.7944473028182983]"
8f1348c2-7c4d-4951-9714-dd4b2723b19f,Pediatrics,0.0257568359375,0.91015625,0.04541015625,0.0189208984375,True,B,0.03294086456298828,medmcqa_5,"['PBMD', 'PBMD', 'STAT', 'PBMD', 'PBMD']","[467572377852242294, 467572377853888106, 467572377850385680, 467572377854709936, 467572377856077885]","[0.7736641764640808, 0.7715452313423157, 0.7700273394584656, 0.7635742425918579, 0.7621026635169983]"
31ecfe9a-45f3-46db-802c-6bf6a560b55e,Pediatrics,0.004302978515625,0.0037841796875,0.0062255859375,0.984375,True,D,0.049355506896972656,medmcqa_5,"['PBMD', 'PBMD', 'PBMD', 'PBMD', 'PBMD']","[467572377852082262, 467572377852054692, 467572377855825533, 467572377854809366, 467572377853748082]","[0.7851565480232239, 0.7835375070571899, 0.7833653688430786, 0.78310227394104, 0.7823653817176819]"
fdfbe5ca-1d5b-4492-a126-5beb70d352c6,Pediatrics,0.0172119140625,0.3671875,0.60546875,0.00762939453125,True,C,0.06299328804016113,medmcqa_5,"['PBMD', 'PBMD', 'PBMD', 'PBMD', 'PBMD']","[467572377850957294, 467572377852204216, 467572377850969055, 467572377852702351, 467572377853476675]","[0.7922056317329407, 0.7889113426208496, 0.7870609760284424, 0.7856701612472534, 0.7845857739448547]"
3615748b-bfd9-4b2c-a15c-c87d998e6863,Pediatrics,0.044677734375,0.546875,0.375,0.034912109375,False,C,0.04915285110473633,medmcqa_5,"['PBMD', 'PBMD', 'PBMD', 'PBMD', 'STAT']","[467572377853202569, 467572377854410353, 467572377852276884, 467572377853242540, 467572377850283252]","[0.8523565530776978, 0.8374017477035522, 0.8292149901390076, 0.8281404972076416, 0.8258613348007202]"
3b0f8f8f-99ca-4016-a08d-26264eb3daba,Pediatrics,0.125,0.63671875,0.20703125,0.03173828125,True,B,0.046129703521728516,medmcqa_5,"['PBMD', 'PBMD', 'PBMD', 'PBMD', 'PBMD']","[467572377855083428, 467572377853606740, 467572377854570345, 467572377855198901, 467572377854717333]","[0.7471365332603455, 0.7295099496841431, 0.7263602018356323, 0.721425473690033, 0.7115556001663208]"
c8ed0948-f3e7-40fc-a4f3-eeec566f2a1f,Pediatrics,0.2119140625,0.5078125,0.1650390625,0.11376953125,True,B,0.037840843200683594,medmcqa_5,"['STAT', 'STAT', 'PBMD', 'PBMD', 'PBMD']","[467572377850252899, 467572377850252900, 467572377852507140, 467572377853419989, 467572377850988906]","[0.7933982014656067, 0.780429482460022, 0.776525616645813, 0.7734696865081787, 0.7733707427978516]"
9d7f566a-b264-4c6b-93da-7757b560901e,Pediatrics,0.00885009765625,0.0255126953125,0.95703125,0.006866455078125,True,C,0.055487871170043945,medmcqa_5,"['PBMD', 'PBMD', 'PBMD', 'PBMD', 'TEXT']","[467572377852560955, 467572377855763910, 467572377852345930, 467572377854787150, 467523489549953798]","[0.7749467492103577, 0.7746565937995911, 0.7673048973083496, 0.7629640698432922, 0.7629293203353882]"
e0e247dd-513d-4602-a4c8-b7a3acdcd5f0,Pediatrics,0.2060546875,0.384765625,0.298828125,0.1103515625,False,D,0.040259599685668945,medmcqa_5,"['PBMD', 'PBMD', 'PBMD', 'PBMD', 'PBMD']","[467572377853132152, 467572377855026518, 467572377853362289, 467572377852102009, 467572377853895070]","[0.7671626806259155, 0.7654346227645874, 0.7645963430404663, 0.7641006708145142, 0.7638835906982422]"
c00817fe-b7ea-444e-9e61-319c5497d427,Pediatrics,0.158203125,0.333984375,0.486328125,0.0213623046875,False,A,0.06420683860778809,medmcqa_5,"['PBMD', 'PBMD', 'PBMD', 'PBMD', 'PBMD']","[467572377853737752, 467572377851014255, 467572377852863740, 467572377855143499, 467572377852711377]","[0.7849045395851135, 0.7834330797195435, 0.782849907875061, 0.7823602557182312, 0.7816705703735352]"
b3e6c6d1-48ca-40d8-b1ae-9a45feb87116,Pediatrics,0.99609375,0.0029754638671875,0.00054931640625,0.0002956390380859375,True,A,0.03618812561035156,medmcqa_5,"['STAT', 'STAT', 'PBMD', 'PBMD', 'STAT']","[467572377850244928, 467572377850244874, 467572377852313080, 467572377854876136, 467572377850244863]","[0.8431152105331421, 0.8272340893745422, 0.8219277858734131, 0.820817232131958, 0.8096522092819214]"
112a0759-42f3-4cdd-84be-6483f2e53804,Pediatrics,0.97265625,0.017822265625,0.0069580078125,0.004486083984375,True,A,0.03748130798339844,medmcqa_5,"['PBMD', 'PBMD', 'STAT', 'PBMD', 'STAT']","[467572377856945593, 467572377853849736, 467572377850790644, 467572377854636773, 467572377850317323]","[0.8368240594863892, 0.8257781267166138, 0.824257493019104, 0.8216241598129272, 0.820294976234436]"
74459b14-b86b-4dd6-acca-bc6dd7bad188,Pediatrics,0.059814453125,0.05615234375,0.44140625,0.44140625,False,D,0.04227328300476074,medmcqa_5,"['PBMD', 'TEXT', 'PBMD', 'TEXT', 'STAT']","[467572377853270219, 467523489549974648, 467572377856422803, 467523489549956903, 467572377850279623]","[0.8299292922019958, 0.8289279937744141, 0.8259903192520142, 0.8190669417381287, 0.8164216876029968]"
9fc8b8ee-4a3b-424c-b539-bd13f6be6d40,Pediatrics,0.00191497802734375,0.9921875,0.00335693359375,0.002044677734375,True,B,0.038116455078125,medmcqa_5,"['PBMD', 'PBMD', 'TEXT', 'PBMD', 'PBMD']","[467572377856674302, 467572377855553912, 467523489549989431, 467572377852867645, 467572377853165261]","[0.7984417676925659, 0.7975863218307495, 0.7970943450927734, 0.7959296703338623, 0.7955900430679321]"
837361af-b5c0-4c14-9548-0cf12b1aa3e3,Pediatrics,0.75390625,0.1904296875,0.05126953125,0.00396728515625,True,A,0.0398554801940918,medmcqa_5,"['TEXT', 'PBMD', 'PBMD', 'PBMD', 'PBMD']","[467523489549978877, 467572377852746292, 467572377854528829, 467572377854839499, 467572377853055214]","[0.779374361038208, 0.7787630558013916, 0.771643877029419, 0.7698832154273987, 0.7672712802886963]"
883be1ed-d27e-4e94-8453-9bcbb4437bcb,Psychiatry,0.02587890625,0.00145721435546875,0.216796875,0.7578125,True,D,0.05049729347229004,medmcqa_5,"['PBMD', 'PBMD', 'PBMD', 'PBMD', 'PBMD']","[467572377852711210, 467572377852867857, 467572377852902114, 467572377852271523, 467572377856251867]","[0.8257745504379272, 0.8178454041481018, 0.8060458898544312, 0.7985725402832031, 0.798015832901001]"
eb8c0d33-d4ab-4c73-b081-d3c16c4333dd,Psychiatry,0.55859375,0.125,0.2060546875,0.1103515625,True,A,0.046993255615234375,medmcqa_5,"['PBMD', 'PBMD', 'PBMD', 'PBMD', 'PBMD']","[467572377853911559, 467572377853015309, 467572377856433990, 467572377856502354, 467572377850988123]","[0.784141480922699, 0.7837506532669067, 0.775482177734375, 0.773830771446228, 0.7717478275299072]"
b790a80a-11fa-4659-ab44-cd79ea6095d8,Psychiatry,0.004791259765625,0.006988525390625,0.80859375,0.1806640625,True,C,0.050100088119506836,medmcqa_5,"['PBMD', 'PBMD', 'PBMD', 'PBMD', 'PBMD']","[467572377852140036, 467572377852140035, 467572377855713914, 467572377855619552, 467572377852278441]","[0.7948048114776611, 0.7877902984619141, 0.7726772427558899, 0.7726024985313416, 0.7635241746902466]"
9dfe13f9-7001-4fe1-af82-e590ee5b4fc7,Psychiatry,0.9921875,0.004302978515625,0.0016937255859375,0.001800537109375,True,A,0.04852008819580078,medmcqa_5,"['TEXT', 'PBMD', 'PBMD', 'PBMD', 'PBMD']","[467523489549976913, 467572377853231866, 467572377856682849, 467572377852565735, 467572377855878796]","[0.8037478923797607, 0.7930254936218262, 0.7858542203903198, 0.782562792301178, 0.781192421913147]"
cd955cf3-4d18-4e4d-8986-173005ebf2b1,Psychiatry,0.06884765625,0.0269775390625,0.89453125,0.00994873046875,True,C,0.03863191604614258,medmcqa_5,"['PBMD', 'PBMD', 'PBMD', 'PBMD', 'TEXT']","[467572377852710502, 467572377856966086, 467572377852575813, 467572377855417092, 467523489549993257]","[0.7652088403701782, 0.7586328387260437, 0.7513227462768555, 0.7507582306861877, 0.7506427764892578]"
2b07d749-6aae-4f68-88ce-a87fe4263590,Psychiatry,0.0023040771484375,0.005523681640625,0.0020294189453125,0.98828125,True,D,0.050049543380737305,medmcqa_5,"['PBMD', 'PBMD', 'PBMD', 'PBMD', 'PBMD']","[467572377853625815, 467572377852763345, 467572377856777348, 467572377852883964, 467572377854103402]","[0.7654452323913574, 0.759224534034729, 0.7587890625, 0.7555264830589294, 0.7553411722183228]"
05c62b6d-1f52-47af-82b3-e5b151dbceae,Psychiatry,0.0003795623779296875,1.0,0.00040435791015625,0.000518798828125,True,B,0.0483396053314209,medmcqa_5,"['TEXT', 'PBMD', 'PBMD', 'PBMD', 'PBMD']","[467523489549995044, 467572377852030709, 467572377854760941, 467572377854230202, 467572377856786540]","[0.7524972558021545, 0.7447910308837891, 0.7344487905502319, 0.7253797650337219, 0.7221243977546692]"
1d939c71-c8f5-42a8-94a1-62b3f85c2445,Psychiatry,0.03662109375,0.369140625,0.5390625,0.056640625,True,C,0.050187110900878906,medmcqa_5,"['PBMD', 'PBMD', 'PBMD', 'PBMD', 'PBMD']","[467572377855928992, 467572377855088953, 467572377853157123, 467572377856906372, 467572377856099457]","[0.7824740409851074, 0.7711584568023682, 0.7676039934158325, 0.7674986124038696, 0.7655915021896362]"
8839c6d6-5c2f-40ec-9a99-cebba82e6cfd,Psychiatry,1.0,0.0008544921875,0.0001316070556640625,0.000179290771484375,True,A,0.0332489013671875,medmcqa_5,"['PBMD', 'PBMD', 'PBMD', 'PBMD', 'PBMD']","[467572377855634258, 467572377852889661, 467572377854337734, 467572377852088995, 467572377855238848]","[0.7639153599739075, 0.7635383605957031, 0.7557517886161804, 0.7495089173316956, 0.741511881351471]"
748f7d36-3003-4c7c-a466-3136f543c0b4,Psychiatry,0.006256103515625,0.98828125,0.00335693359375,0.000331878662109375,True,B,0.03871607780456543,medmcqa_5,"['TEXT', 'PBMD', 'PBMD', 'PBMD', 'PBMD']","[467523489549983889, 467572377852403744, 467572377856817309, 467572377852402411, 467572377855423465]","[0.792289137840271, 0.7856549620628357, 0.7854399085044861, 0.7821205258369446, 0.7817350625991821]"
fd8ef88d-5c1d-408a-8821-22c2ad3a590f,Psychiatry,0.0198974609375,0.07373046875,0.48046875,0.42578125,True,C,0.049689292907714844,medmcqa_5,"['PBMD', 'PBMD', 'STAT', 'PBMD', 'PBMD']","[467572377852698378, 467572377855086179, 467572377850322348, 467572377854104874, 467572377854382718]","[0.7740140557289124, 0.7732200622558594, 0.7722565531730652, 0.7721390724182129, 0.7667550444602966]"
2808a668-f004-4da9-b1db-921d288cd4e0,Psychiatry,0.004058837890625,0.000797271728515625,0.00457763671875,0.9921875,True,D,0.036589860916137695,medmcqa_5,"['PBMD', 'PBMD', 'PBMD', 'PBMD', 'PBMD']","[467572377852276150, 467572377854076739, 467572377853975632, 467572377852580909, 467572377854066811]","[0.769828200340271, 0.7690736651420593, 0.765782356262207, 0.7645306587219238, 0.7617837190628052]"
ef19c341-f7eb-435c-845a-31d1bc7bd609,Psychiatry,0.0098876953125,0.19921875,0.78515625,0.004119873046875,True,C,0.06793951988220215,medmcqa_5,"['PBMD', 'PBMD', 'PBMD', 'PBMD', 'PBMD']","[467572377856939502, 467572377852884344, 467572377852883960, 467572377856347030, 467572377856159726]","[0.7897147536277771, 0.7842580080032349, 0.7794981598854065, 0.7794921398162842, 0.7774381041526794]"
a5f14e18-3470-49df-bf06-9aa54cf40abd,Psychiatry,0.020263671875,0.00138092041015625,0.9765625,0.00074005126953125,True,C,0.034896135330200195,medmcqa_5,"['PBMD', 'PBMD', 'PBMD', 'PBMD', 'PBMD']","[467572377855674511, 467572377854915254, 467572377854379766, 467572377856764815, 467572377855943213]","[0.784945011138916, 0.7814408540725708, 0.7747170329093933, 0.7735843062400818, 0.7720999717712402]"
46f9097d-3901-4f3e-95f9-9523454d0a8d,Psychiatry,0.05078125,0.027099609375,0.02392578125,0.8984375,True,D,0.03401494026184082,medmcqa_5,"['PBMD', 'PBMD', 'PBMD', 'PBMD', 'PBMD']","[467572377853959124, 467572377855999671, 467572377856540935, 467572377854937014, 467572377854135461]","[0.7517494559288025, 0.7497345805168152, 0.74772709608078, 0.7471762895584106, 0.7469879388809204]"
0a3261b6-dbfd-4a77-a14a-06069c17f087,Psychiatry,0.006622314453125,0.984375,0.0015716552734375,0.00848388671875,True,B,0.036501407623291016,medmcqa_5,"['TEXT', 'PBMD', 'PBMD', 'PBMD', 'PBMD']","[467523489549961312, 467572377855006738, 467572377854050954, 467572377852106884, 467572377855913166]","[0.7583585381507874, 0.7515971064567566, 0.7495574355125427, 0.7485525012016296, 0.7470826506614685]"
39eb0f13-d1ca-408b-9475-731c9c82aa19,Psychiatry,0.90234375,0.09521484375,0.00164031982421875,0.0004138946533203125,False,B,0.04395318031311035,medmcqa_5,"['PBMD', 'PBMD', 'PBMD', 'PBMD', 'PBMD']","[467572377855530158, 467572377855993440, 467572377856054566, 467572377856249666, 467572377852128886]","[0.7897140383720398, 0.7835414409637451, 0.77591872215271, 0.77591872215271, 0.7739628553390503]"
f9b2df9a-27d1-4069-a13c-5c563f0fc9eb,Psychiatry,0.408203125,0.150390625,0.361328125,0.08056640625,False,B,0.048467397689819336,medmcqa_5,"['PBMD', 'PBMD', 'PBMD', 'PBMD', 'PBMD']","[467572377850918676, 467572377856641056, 467572377856214497, 467572377856513335, 467572377855812838]","[0.7220373153686523, 0.7125076651573181, 0.7080454230308533, 0.70766681432724, 0.7047014832496643]"
962ad1c0-329d-479e-adb5-335536b3b908,Psychiatry,0.0101318359375,0.97265625,0.0089111328125,0.0101318359375,True,B,0.024430274963378906,medmcqa_5,"['PBMD', 'PBMD', 'PBMD', 'PBMD', 'PBMD']","[467572377855050757, 467572377856266346, 467572377853909139, 467572377854037327, 467572377853407057]","[0.7933667898178101, 0.7920360565185547, 0.7848334312438965, 0.7836045026779175, 0.7802325487136841]"
0346fe2c-5307-4671-b8d2-4da4d8940442,Psychiatry,0.36328125,0.0810546875,0.53125,0.0247802734375,False,B,0.035537004470825195,medmcqa_5,"['PBMD', 'PBMD', 'PBMD', 'PBMD', 'PBMD']","[467572377853778574, 467572377852772820, 467572377850904704, 467572377854427501, 467572377852764763]","[0.7904818654060364, 0.7894978523254395, 0.7848880887031555, 0.7844334840774536, 0.7831107378005981]"
b54da3ac-d32d-43c3-8221-6e3b8cb5142d,Anaesthesia,0.80859375,0.040283203125,0.0277099609375,0.1240234375,True,A,0.036278724670410156,medmcqa_5,"['PBMD', 'PBMD', 'PBMD', 'PBMD', 'PBMD']","[467572377855707785, 467572377852280661, 467572377853370932, 467572377855853298, 467572377855653310]","[0.8182170391082764, 0.8068954944610596, 0.8058615922927856, 0.79805988073349, 0.791588544845581]"
a8dc64e9-b176-42dc-bf7b-10d1e2d7c4c1,Anaesthesia,0.06689453125,0.007049560546875,0.921875,0.0037689208984375,True,C,0.03852510452270508,medmcqa_5,"['PBMD', 'PBMD', 'PBMD', 'PBMD', 'PBMD']","[467572377852914092, 467572377853329802, 467572377855470000, 467572377853390611, 467572377853026421]","[0.8073334693908691, 0.7876608967781067, 0.7848986387252808, 0.7846503257751465, 0.7838611006736755]"
a00a959c-76c1-4f53-863f-98e8ad87725e,Anaesthesia,0.85546875,0.06591796875,0.05126953125,0.0291748046875,True,A,0.03346753120422363,medmcqa_5,"['STAT', 'PBMD', 'PBMD', 'PBMD', 'PBMD']","[467572377850635462, 467572377853584844, 467572377852923069, 467572377854407302, 467572377852863879]","[0.8356695771217346, 0.8348169326782227, 0.8169729709625244, 0.8166184425354004, 0.8151305913925171]"
f40f86c2-439d-4abf-acfc-ce2f1ee4a413,Anaesthesia,0.435546875,0.04052734375,0.0296630859375,0.494140625,False,A,0.035591840744018555,medmcqa_5,"['PBMD', 'STAT', 'PBMD', 'PBMD', 'PBMD']","[467572377853386456, 467572377850248560, 467572377850796454, 467572377854199578, 467572377856196542]","[0.7821018695831299, 0.778939962387085, 0.7665614485740662, 0.7598972320556641, 0.7574933171272278]"
bd196a9c-0f6f-4c43-b9ba-aae4f6158e86,Anaesthesia,0.9921875,0.0029754638671875,0.00335693359375,0.000850677490234375,True,A,0.035996198654174805,medmcqa_5,"['PBMD', 'PBMD', 'PBMD', 'PBMD', 'PBMD']","[467572377852353067, 467572377852677897, 467572377852125326, 467572377854633298, 467572377853084243]","[0.7806419730186462, 0.7664805054664612, 0.7632226943969727, 0.758467435836792, 0.7582452297210693]"
b68944de-ef65-49a0-8fdf-29b3ca529a97,Anaesthesia,0.333984375,0.115234375,0.12255859375,0.427734375,False,B,0.04958176612854004,medmcqa_5,"['PBMD', 'PBMD', 'PBMD', 'PBMD', 'PBMD']","[467572377856398912, 467572377856891718, 467572377855764630, 467572377854779566, 467572377852154905]","[0.8089718818664551, 0.7943009734153748, 0.7928391695022583, 0.7898662090301514, 0.7878362536430359]"
f3d414a5-66da-43aa-a1f8-9bdc33f4492c,Anaesthesia,0.2734375,0.212890625,0.2734375,0.2412109375,False,D,0.05514836311340332,medmcqa_5,"['PBMD', 'PBMD', 'PBMD', 'PBMD', 'PBMD']","[467572377853473398, 467572377855718427, 467572377852128270, 467572377854876223, 467572377855526545]","[0.7655239105224609, 0.7558765411376953, 0.7538260221481323, 0.7530925869941711, 0.7506952285766602]"
b6a2d770-5da9-44d0-80a1-a85cb481a384,Anaesthesia,0.57421875,0.11279296875,0.1279296875,0.1865234375,True,A,0.03487420082092285,medmcqa_5,"['PBMD', 'PBMD', 'PBMD', 'PBMD', 'PBMD']","[467572377853761558, 467572377856501894, 467572377856816751, 467572377855160721, 467572377852064501]","[0.793216347694397, 0.7911075353622437, 0.7863557934761047, 0.7850015163421631, 0.7848941683769226]"
fce43fbd-f307-4a2c-8897-7ac57cbc0f6f,Anaesthesia,0.58984375,0.2451171875,0.10888671875,0.05810546875,False,B,0.05390143394470215,medmcqa_5,"['STAT', 'PBMD', 'PBMD', 'STAT', 'PBMD']","[467572377850666802, 467572377853856455, 467572377852575349, 467572377850666795, 467572377856699295]","[0.7922723293304443, 0.7884709239006042, 0.7865021228790283, 0.7825528383255005, 0.7819480895996094]"
c011159e-f694-48d6-9cca-d4c8f51ec648,Anaesthesia,0.94140625,0.04150390625,0.0142822265625,0.0018157958984375,True,A,0.03468775749206543,medmcqa_5,"['STAT', 'PBMD', 'PBMD', 'PBMD', 'PBMD']","[467572377850371744, 467572377853770212, 467572377855820452, 467572377855180624, 467572377855803078]","[0.773643970489502, 0.7697310447692871, 0.7676143646240234, 0.7634551525115967, 0.7632679343223572]"
87c4aa7c-a012-46b4-9b95-379c56b374c2,Anaesthesia,0.85546875,0.0257568359375,0.0047607421875,0.11572265625,True,A,0.03933382034301758,medmcqa_5,"['STAT', 'PBMD', 'PBMD', 'PBMD', 'STAT']","[467572377850251763, 467572377855475812, 467572377854108780, 467572377854989240, 467572377850260353]","[0.8157667517662048, 0.7791275382041931, 0.7732666730880737, 0.7616176009178162, 0.7555835247039795]"
4512c4eb-6995-41ea-bb53-fd394ad204e8,Anaesthesia,0.96875,0.0107421875,0.00836181640625,0.011474609375,True,A,0.03652143478393555,medmcqa_5,"['PBMD', 'PBMD', 'PBMD', 'PBMD', 'PBMD']","[467572377853203731, 467572377856107291, 467572377854709051, 467572377856341920, 467572377852876051]","[0.7857477068901062, 0.7845779657363892, 0.7836159467697144, 0.7828502655029297, 0.7824090719223022]"
e733b00e-92f3-4f78-951f-ddc12090ebf7,Anaesthesia,0.353515625,0.1474609375,0.310546875,0.1884765625,False,D,0.038137197494506836,medmcqa_5,"['PBMD', 'PBMD', 'PBMD', 'PBMD', 'PBMD']","[467572377856037002, 467572377854125757, 467572377852207947, 467572377854220789, 467572377852550285]","[0.7438256740570068, 0.7410735487937927, 0.735102653503418, 0.7340754866600037, 0.7335799932479858]"
f9f0eabb-d2a5-4f24-b509-93ecc05371e4,Anaesthesia,0.0498046875,0.06396484375,0.8828125,0.00408935546875,True,C,0.06534314155578613,medmcqa_5,"['PBMD', 'PBMD', 'PBMD', 'PBMD', 'PBMD']","[467572377854096548, 467572377855110168, 467572377850958534, 467572377852942710, 467572377854667131]","[0.7733549475669861, 0.7694370150566101, 0.7690539360046387, 0.7642210125923157, 0.7632084488868713]"
c403aa56-c462-44e1-af85-3a42285d2252,Anaesthesia,0.95703125,0.0164794921875,0.006072998046875,0.0198974609375,True,A,0.03838181495666504,medmcqa_5,"['PBMD', 'PBMD', 'PBMD', 'PBMD', 'PBMD']","[467572377852034555, 467572377854012484, 467572377852085024, 467572377850927379, 467572377852077908]","[0.7629715204238892, 0.7602550983428955, 0.7559118270874023, 0.755400538444519, 0.753413736820221]"
edd05876-367c-404b-b074-5c29d7cf7b8f,Anaesthesia,0.06591796875,0.1484375,0.75390625,0.029296875,True,C,0.056906938552856445,medmcqa_5,"['PBMD', 'PBMD', 'PBMD', 'PBMD', 'PBMD']","[467572377856107291, 467572377855418605, 467572377853326415, 467572377854709051, 467572377854576440]","[0.7597454786300659, 0.7567765712738037, 0.75596684217453, 0.7502167224884033, 0.7450613379478455]"
c499560f-be25-4d9b-bee2-2be2d5a5faf0,Anaesthesia,0.5390625,0.2236328125,0.2236328125,0.01434326171875,False,D,0.04958152770996094,medmcqa_5,"['PBMD', 'PBMD', 'PBMD', 'PBMD', 'PBMD']","[467572377854428011, 467572377856107291, 467572377853545703, 467572377853567925, 467572377854969261]","[0.7777586579322815, 0.776525616645813, 0.7759994268417358, 0.7755233645439148, 0.7724327445030212]"
25eab88d-6b83-4d3e-8345-9af3d21ac14c,Anaesthesia,0.03857421875,0.251953125,0.68359375,0.02490234375,False,B,0.033921241760253906,medmcqa_5,"['PBMD', 'STAT', 'STAT', 'STAT', 'PBMD']","[467572377854911436, 467572377850755372, 467572377850404535, 467572377850629751, 467572377855884703]","[0.79448002576828, 0.7796845436096191, 0.7742562890052795, 0.7739579677581787, 0.7713484168052673]"
653fbea7-3a1f-41e2-87fc-e541eb92292b,Anaesthesia,0.0308837890625,0.05419921875,0.90234375,0.0120849609375,True,C,0.052486419677734375,medmcqa_5,"['PBMD', 'PBMD', 'PBMD', 'PBMD', 'PBMD']","[467572377854980523, 467572377856175261, 467572377854899622, 467572377856932182, 467572377853133513]","[0.7499251961708069, 0.7491203546524048, 0.7460257411003113, 0.7404665350914001, 0.7403064966201782]"
2f038814-5ef8-429e-a35e-e76973f38cb5,Anaesthesia,0.0106201171875,0.07373046875,0.019775390625,0.89453125,True,D,0.03648209571838379,medmcqa_5,"['PBMD', 'PBMD', 'TEXT', 'PBMD', 'PBMD']","[467572377852879121, 467572377850868802, 467523489549692329, 467572377855477376, 467572377853850344]","[0.7898357510566711, 0.7858548164367676, 0.7796473503112793, 0.778134822845459, 0.7765882611274719]"
8979e3c7-3d70-4d88-bb67-032ae9ca9fa2,Radiology,0.6015625,0.11865234375,0.162109375,0.11865234375,True,A,0.03815770149230957,medmcqa_5,"['PBMD', 'STAT', 'PBMD', 'PBMD', 'STAT']","[467572377850809548, 467572377850245835, 467572377855071676, 467572377856814685, 467572377850706170]","[0.7485078573226929, 0.7475861310958862, 0.7409569621086121, 0.740807056427002, 0.7402592301368713]"
5a1f91d9-660c-4395-9877-1b27721f074a,Radiology,0.27734375,0.357421875,0.357421875,0.00836181640625,True,B,0.04652905464172363,medmcqa_5,"['PBMD', 'PBMD', 'PBMD', 'PBMD', 'PBMD']","[467572377855474930, 467572377854312179, 467572377854328763, 467572377853447432, 467572377853987110]","[0.8051452040672302, 0.8046658039093018, 0.7987626791000366, 0.7883192300796509, 0.7881875038146973]"
51792de2-cb67-4321-ba2b-90febd992e5e,Radiology,0.99609375,0.000667572021484375,0.00141143798828125,0.00013065338134765625,True,A,0.0368959903717041,medmcqa_5,"['TEXT', 'STAT', 'PBMD', 'STAT', 'PBMD']","[467523489550007920, 467572377850299332, 467572377852513893, 467572377850376325, 467572377856590837]","[0.8083369731903076, 0.7911652326583862, 0.7860153913497925, 0.7818947434425354, 0.7797373533248901]"
06cd15f9-64eb-4adb-94c6-b356f2063b8c,Radiology,0.08349609375,0.84375,0.037109375,0.034912109375,True,B,0.054144859313964844,medmcqa_5,"['PBMD', 'PBMD', 'PBMD', 'PBMD', 'PBMD']","[467572377852201508, 467572377853207338, 467572377852593518, 467572377852039435, 467572377856023903]","[0.8250579833984375, 0.8227836489677429, 0.8165884017944336, 0.8116679191589355, 0.8077070713043213]"
049819f9-15f1-41a8-a2db-9c490daa97db,Radiology,0.0419921875,0.044677734375,0.89453125,0.0174560546875,True,C,0.049127817153930664,medmcqa_5,"['PBMD', 'PBMD', 'PBMD', 'TEXT', 'PBMD']","[467572377854740576, 467572377853455456, 467572377856234595, 467523489550007702, 467572377853562340]","[0.7959997057914734, 0.7909548878669739, 0.7892115116119385, 0.786370575428009, 0.7810415625572205]"
c8c9779d-0855-4933-a47c-4b22d33b2361,Radiology,0.84375,0.044677734375,0.0947265625,0.0164794921875,True,A,0.03153824806213379,medmcqa_5,"['PBMD', 'STAT', 'PBMD', 'PBMD', 'PBMD']","[467572377856639186, 467572377850355990, 467572377853072051, 467572377852803212, 467572377853117734]","[0.8230859041213989, 0.82122802734375, 0.8201242685317993, 0.8016281127929688, 0.7928547859191895]"
879012d6-e876-4a5d-abb2-7f5b440aed29,Radiology,0.01361083984375,0.95703125,0.01202392578125,0.0186767578125,True,B,0.05457639694213867,medmcqa_5,"['TEXT', 'PBMD', 'PBMD', 'TEXT', 'PBMD']","[467523489549955674, 467572377852705804, 467572377852615411, 467523489550008808, 467572377856080077]","[0.7932285070419312, 0.778021514415741, 0.7708902955055237, 0.7683889865875244, 0.7628732919692993]"
9b244d50-bb60-4dc1-a129-c34ec0716ddc,Radiology,0.31640625,0.31640625,0.279296875,0.09033203125,False,C,0.039652109146118164,medmcqa_5,"['PBMD', 'PBMD', 'PBMD', 'STAT', 'PBMD']","[467572377856698791, 467572377853262060, 467572377855589540, 467572377850698938, 467572377856373553]","[0.8151390552520752, 0.7901998162269592, 0.787016749382019, 0.7858761548995972, 0.7856738567352295]"
99aae6ac-1619-4537-a519-1d629b042eb2,Radiology,0.01507568359375,0.01251220703125,0.9296875,0.041015625,True,C,0.05655074119567871,medmcqa_5,"['STAT', 'PBMD', 'PBMD', 'PBMD', 'PBMD']","[467572377850375227, 467572377856038159, 467572377853977376, 467572377854676451, 467572377854898761]","[0.7987311482429504, 0.7704516649246216, 0.7695934772491455, 0.7693933248519897, 0.7689837217330933]"
7625a6cf-e07d-4462-bd8e-3f104f3e2f5b,Radiology,0.201171875,0.138671875,0.177734375,0.482421875,False,A,0.046629905700683594,medmcqa_5,"['PBMD', 'PBMD', 'PBMD', 'PBMD', 'PBMD']","[467572377851015881, 467572377853524895, 467572377853480297, 467572377852450951, 467572377852033822]","[0.8222571611404419, 0.8074569702148438, 0.8012648820877075, 0.8009970188140869, 0.797892153263092]"
a03a406d-c0ea-41e7-ac2b-e7cee100bbfd,Radiology,0.396484375,0.2412109375,0.0888671875,0.2734375,False,B,0.052895307540893555,medmcqa_5,"['TEXT', 'PBMD', 'PBMD', 'PBMD', 'PBMD']","[467523489549693737, 467572377853379973, 467572377853206543, 467572377855203185, 467572377854785450]","[0.7292894124984741, 0.7286868691444397, 0.7263133525848389, 0.7247538566589355, 0.7238789796829224]"
61606fbf-3cad-43ed-aea7-2f6e7c180edb,Radiology,0.0966796875,0.0966796875,0.76171875,0.045654296875,False,B,0.04956221580505371,medmcqa_5,"['PBMD', 'PBMD', 'PBMD', 'PBMD', 'PBMD']","[467572377856467293, 467572377854531529, 467572377855987485, 467572377854003445, 467572377854638073]","[0.7587382197380066, 0.7525570392608643, 0.7518420219421387, 0.7492085099220276, 0.7466413974761963]"
988c1961-8dfd-4d50-a0df-ce879c5d8357,Radiology,0.0023193359375,0.9921875,0.0029754638671875,0.000965118408203125,True,B,0.03934907913208008,medmcqa_5,"['PBMD', 'STAT', 'PBMD', 'PBMD', 'PBMD']","[467572377856301747, 467572377850290713, 467572377852602556, 467572377853052969, 467572377852708814]","[0.7948458194732666, 0.7825952768325806, 0.7793784141540527, 0.7791837453842163, 0.7644633054733276]"
0f9f1879-a49b-4c7a-816e-6dd8d379a5fb,Radiology,0.052978515625,0.94140625,0.004364013671875,0.0031890869140625,True,B,0.03764772415161133,medmcqa_5,"['PBMD', 'PBMD', 'PBMD', 'PBMD', 'PBMD']","[467572377852950682, 467572377854106705, 467572377853003046, 467572377852901875, 467572377855816468]","[0.8374873399734497, 0.80732661485672, 0.8065856695175171, 0.804557204246521, 0.8036242723464966]"
7d8bb245-41d7-4e8a-b1e9-f0117a8834fa,Radiology,0.1708984375,0.1328125,0.1708984375,0.52734375,True,D,0.04662489891052246,medmcqa_5,"['PBMD', 'PBMD', 'PBMD', 'PBMD', 'PBMD']","[467572377856877366, 467572377856339276, 467572377852708698, 467572377855717248, 467572377856977576]","[0.7918927073478699, 0.7918318510055542, 0.7867661714553833, 0.7858216166496277, 0.7845779657363892]"
4e5f5a65-b1f5-40a3-8ff3-d2a183188949,Radiology,0.07177734375,0.033935546875,0.875,0.0181884765625,True,C,0.03761577606201172,medmcqa_5,"['PBMD', 'PBMD', 'PBMD', 'PBMD', 'PBMD']","[467572377854782864, 467572377855984008, 467572377853794900, 467572377855602807, 467572377853823600]","[0.7771884202957153, 0.7733985185623169, 0.7717387676239014, 0.7698550224304199, 0.7688664793968201]"
d13ada6e-5b76-4a7b-8ce7-02536b5e5456,Radiology,0.98828125,0.008056640625,0.00168609619140625,0.000659942626953125,True,A,0.0343317985534668,medmcqa_5,"['STAT', 'STAT', 'PBMD', 'PBMD', 'PBMD']","[467572377850657381, 467572377850625333, 467572377852559822, 467572377854881560, 467572377854156207]","[0.7397056221961975, 0.7395780682563782, 0.7376610040664673, 0.7366569638252258, 0.7322120666503906]"
12b450e4-1e44-4808-8d77-bcb8a887dcba,Radiology,0.04052734375,0.03564453125,0.921875,0.003326416015625,True,C,0.0352938175201416,medmcqa_5,"['STAT', 'PBMD', 'STAT', 'PBMD', 'PBMD']","[467572377850758965, 467572377855317285, 467572377850359046, 467572377854614967, 467572377850988649]","[0.8005154132843018, 0.7935246825218201, 0.7933233380317688, 0.7920248508453369, 0.790941059589386]"
5a6cfd20-d8c0-403d-a27c-135476025a0c,Radiology,0.06494140625,0.09423828125,0.050537109375,0.7890625,True,D,0.03872370719909668,medmcqa_5,"['PBMD', 'PBMD', 'STAT', 'PBMD', 'PBMD']","[467572377852173841, 467572377852061426, 467572377850222880, 467572377855348906, 467572377853849412]","[0.759404182434082, 0.7575992941856384, 0.7529409527778625, 0.7491830587387085, 0.7475133538246155]"
dd076e89-a9fb-4ead-b958-04f02261c567,Radiology,0.0791015625,0.75,0.06982421875,0.1015625,True,B,0.046769142150878906,medmcqa_5,"['PBMD', 'TEXT', 'PBMD', 'PBMD', 'PBMD']","[467572377853196898, 467523489550008943, 467572377855145720, 467572377856916795, 467572377853043220]","[0.8060684204101562, 0.8043334484100342, 0.8043304681777954, 0.7995972037315369, 0.7927126884460449]"
24cffebe-6032-4130-afd3-767e674be0a5,Skin,0.99609375,0.003173828125,0.0004024505615234375,0.00010204315185546875,True,A,0.032207489013671875,medmcqa_5,"['STAT', 'PBMD', 'PBMD', 'PBMD', 'STAT']","[467572377850674315, 467572377856054132, 467572377853581213, 467572377856855164, 467572377850652662]","[0.7923513054847717, 0.7887089252471924, 0.7792006731033325, 0.7737656831741333, 0.7728504538536072]"
15c1e17e-275c-47ea-b32b-ccc742d975fc,Skin,0.439453125,0.11083984375,0.38671875,0.06298828125,False,C,0.04745936393737793,medmcqa_5,"['PBMD', 'PBMD', 'PBMD', 'PBMD', 'PBMD']","[467572377850876780, 467572377853837852, 467572377852056574, 467572377852790662, 467572377852239809]","[0.7540178894996643, 0.7540035247802734, 0.7506136298179626, 0.7476845979690552, 0.7469388246536255]"
51b17007-5f6b-45d7-875a-651574a91478,Skin,0.0026092529296875,0.00518798828125,0.9921875,0.0007476806640625,True,C,0.048996686935424805,medmcqa_5,"['PBMD', 'PBMD', 'PBMD', 'PBMD', 'PBMD']","[467572377856942137, 467572377855857531, 467572377853381454, 467572377853141868, 467572377855266722]","[0.8416232466697693, 0.8264175653457642, 0.81702721118927, 0.8166680932044983, 0.8146535158157349]"
81e3fff3-bf82-4a50-a04a-de70ffec6d65,Skin,0.035400390625,0.03759765625,0.8046875,0.123046875,True,C,0.04678463935852051,medmcqa_5,"['PBMD', 'PBMD', 'PBMD', 'PBMD', 'PBMD']","[467572377855525699, 467572377852606370, 467572377856780023, 467572377856261180, 467572377856939866]","[0.7720333337783813, 0.7659718990325928, 0.759290874004364, 0.7584437131881714, 0.7558724880218506]"
d5c9834e-7024-4229-9bc4-01a8b1944a42,Skin,0.0031280517578125,0.98046875,0.0042724609375,0.01025390625,False,D,0.04059338569641113,medmcqa_5,"['PBMD', 'PBMD', 'PBMD', 'PBMD', 'PBMD']","[467572377854029344, 467572377855861984, 467572377854552066, 467572377852091639, 467572377852527338]","[0.7737240195274353, 0.7632406949996948, 0.7614210247993469, 0.7608322501182556, 0.7592958807945251]"
449be6da-0714-41b5-a96c-7d955265b714,Skin,0.123046875,0.095703125,0.07470703125,0.70703125,False,B,0.0483396053314209,medmcqa_5,"['PBMD', 'PBMD', 'PBMD', 'PBMD', 'PBMD']","[467572377855544721, 467572377852746179, 467572377854776508, 467572377856059494, 467572377855026500]","[0.8013781905174255, 0.8010401129722595, 0.794965922832489, 0.7865806818008423, 0.7860145568847656]"
b9d0e253-4af0-4e71-bef6-91ee587f09d5,Skin,0.9296875,0.040771484375,0.019287109375,0.010986328125,True,A,0.03370332717895508,medmcqa_5,"['STAT', 'PBMD', 'STAT', 'STAT', 'PBMD']","[467572377850688299, 467572377856552889, 467572377850746281, 467572377850746283, 467572377856620406]","[0.7999988794326782, 0.7987781167030334, 0.7963358163833618, 0.795071542263031, 0.792371392250061]"
25652e3e-401d-4297-9830-89440013da10,Skin,0.921875,0.031494140625,0.0296630859375,0.0179443359375,True,A,0.04783320426940918,medmcqa_5,"['PBMD', 'PBMD', 'STAT', 'PBMD', 'PBMD']","[467572377856955297, 467572377856499003, 467572377850785668, 467572377855293567, 467572377856493205]","[0.8041428327560425, 0.7660266160964966, 0.7597788572311401, 0.7566284537315369, 0.7524541616439819]"
22457656-8307-4da3-a6a6-514dc195cbbc,Skin,0.890625,0.04443359375,0.056884765625,0.007720947265625,True,A,0.039278268814086914,medmcqa_5,"['PBMD', 'TEXT', 'PBMD', 'PBMD', 'PBMD']","[467572377853211878, 467523489549698923, 467572377852273593, 467572377854965357, 467572377855133333]","[0.7397306561470032, 0.7145469188690186, 0.712232768535614, 0.7113739252090454, 0.710371732711792]"
16903427-fdd3-45e6-91f8-88c099bd89d1,Skin,0.96875,0.01220703125,0.006927490234375,0.012939453125,True,A,0.035254478454589844,medmcqa_5,"['PBMD', 'PBMD', 'PBMD', 'PBMD', 'PBMD']","[467572377855009221, 467572377853065159, 467572377856839753, 467572377855835714, 467572377855061551]","[0.7835111021995544, 0.7803900241851807, 0.7803758382797241, 0.7795299291610718, 0.7785398960113525]"
e8e52631-322d-4df6-b8a6-9d232fcd8a4a,Skin,0.134765625,0.322265625,0.072265625,0.470703125,True,D,0.062230825424194336,medmcqa_5,"['PBMD', 'PBMD', 'PBMD', 'PBMD', 'PBMD']","[467572377854206783, 467572377856896701, 467572377854963759, 467572377856978378, 467572377853788145]","[0.7496211528778076, 0.7435697913169861, 0.7406744956970215, 0.7398208975791931, 0.7394133806228638]"
fd18f52e-acb8-4c6a-a40a-eddcae88de19,Skin,0.96875,0.015625,0.01385498046875,0.000782012939453125,True,A,0.04693174362182617,medmcqa_5,"['PBMD', 'PBMD', 'PBMD', 'PBMD', 'PBMD']","[467572377854953477, 467572377852344665, 467572377856667937, 467572377856300978, 467572377850833417]","[0.8027595281600952, 0.8006458282470703, 0.7935388088226318, 0.7926113605499268, 0.7906646728515625]"
2a6c8fa0-4872-488e-bd25-0e71c5710389,Skin,0.01483154296875,0.9765625,0.0035247802734375,0.00482177734375,True,B,0.03861260414123535,medmcqa_5,"['PBMD', 'PBMD', 'PBMD', 'PBMD', 'STAT']","[467572377854847741, 467572377856154717, 467572377850957974, 467572377852232739, 467572377850787695]","[0.7913901209831238, 0.7887066006660461, 0.7869447469711304, 0.7805225253105164, 0.7776111364364624]"
cc4e17c1-1d4f-4c3e-b2ec-7c4b7c59eb8e,Skin,0.00115966796875,0.00909423828125,0.98828125,0.00084686279296875,True,C,0.04805779457092285,medmcqa_5,"['PBMD', 'PBMD', 'PBMD', 'STAT', 'PBMD']","[467572377855143503, 467572377853577940, 467572377852941026, 467572377850700007, 467572377856287755]","[0.7674970626831055, 0.7640544176101685, 0.7635570764541626, 0.7615303993225098, 0.7595064043998718]"
ad646b77-77da-4224-9ec2-5e89d128ab49,Skin,0.98046875,0.015869140625,0.003326416015625,0.00074005126953125,True,A,0.03812861442565918,medmcqa_5,"['PBMD', 'PBMD', 'PBMD', 'PBMD', 'PBMD']","[467572377854392967, 467572377850826309, 467572377855038644, 467572377854457977, 467572377854413873]","[0.7789214849472046, 0.7558956742286682, 0.7525346875190735, 0.7463247179985046, 0.7364065647125244]"
75603494-b684-4a4a-8f58-ef569d858dda,Skin,0.55859375,0.337890625,0.04296875,0.0625,True,A,0.0370783805847168,medmcqa_5,"['PBMD', 'PBMD', 'PBMD', 'PBMD', 'PBMD']","[467572377850856730, 467572377853201750, 467572377854514349, 467572377852228764, 467572377852105132]","[0.7337512969970703, 0.7205120325088501, 0.720346987247467, 0.7200772762298584, 0.719880998134613]"
26001e06-2be1-4a16-b654-f2e721c1639c,Skin,0.009033203125,0.98046875,0.003997802734375,0.005157470703125,True,B,0.0369265079498291,medmcqa_5,"['PBMD', 'TEXT', 'TEXT', 'PBMD', 'PBMD']","[467572377855723852, 467523489549960377, 467523489549978470, 467572377855074230, 467572377850899593]","[0.7409190535545349, 0.7387415766716003, 0.7355180978775024, 0.7312036156654358, 0.7264519333839417]"
81d3bc5f-5839-47b5-8195-24b3a0271af5,Skin,0.94140625,0.0322265625,0.0024871826171875,0.022216796875,True,A,0.03900003433227539,medmcqa_5,"['PBMD', 'PBMD', 'TEXT', 'PBMD', 'PBMD']","[467572377852646968, 467572377853308748, 467523489549930911, 467572377855240730, 467572377856086270]","[0.8165555000305176, 0.7959162592887878, 0.7944920063018799, 0.7912634611129761, 0.7891718149185181]"
f1f8f99c-f97d-4624-8539-7134e4477730,Skin,0.98828125,0.006256103515625,0.00335693359375,0.0012359619140625,True,A,0.04760408401489258,medmcqa_5,"['STAT', 'PBMD', 'PBMD', 'PBMD', 'PBMD']","[467572377850785660, 467572377853005944, 467572377853690253, 467572377856720711, 467572377855472813]","[0.8274925947189331, 0.8265367746353149, 0.8080743551254272, 0.8074923753738403, 0.8072121739387512]"
ca578fff-e925-4980-bc46-20e4eed5300b,Skin,0.2216796875,0.00262451171875,0.0012359619140625,0.7734375,True,D,0.031876325607299805,medmcqa_5,"['PBMD', 'PBMD', 'PBMD', 'TEXT', 'PBMD']","[467572377854526664, 467572377856466295, 467572377855973230, 467523489549709807, 467572377852367389]","[0.8080439567565918, 0.804795503616333, 0.8027206659317017, 0.8003144860267639, 0.7999868988990784]"
