id,subject,probA,probB,probC,probD,result,answer,time,split,sources,ids,similarity
6de7ce87-5653-4cba-85ea-ecd58d2d76dd,Physiology,0.189453125,0.02001953125,0.275390625,0.515625,False,A,0.060259342193603516,medmcqa_3,"['PBMD', 'PBMD', 'PBMD', 'PBMD', 'PBMD']","[467572377853550062, 467572377850939169, 467572377850941653, 467572377854309667, 467572377852880840]","[0.8154907822608948, 0.8101080060005188, 0.8072201013565063, 0.8054592609405518, 0.8054242730140686]"
557352ca-e70c-419e-857b-81c86924c3a2,Physiology,0.19140625,0.490234375,0.1689453125,0.1494140625,False,A,0.03291177749633789,medmcqa_3,"['PBMD', 'TEXT', 'PBMD', 'PBMD', 'STAT']","[467572377853731270, 467523489549679496, 467572377852479299, 467572377853268221, 467572377850388201]","[0.6998014450073242, 0.6997416019439697, 0.6974925994873047, 0.695859432220459, 0.6949323415756226]"
7d275984-9f7c-4f60-9180-53f7cce8dda3,Physiology,0.2275390625,0.2578125,0.375,0.138671875,False,B,0.06406760215759277,medmcqa_3,"['PBMD', 'PBMD', 'PBMD', 'PBMD', 'TEXT']","[467572377854712061, 467572377853505004, 467572377854508416, 467572377853691751, 467523489549686945]","[0.8222706913948059, 0.812054455280304, 0.8029043078422546, 0.7978721857070923, 0.7967854142189026]"
b8a3e11f-57b6-495c-80c8-104c9b8eab38,Physiology,0.84765625,0.1474609375,0.0032501220703125,0.0027008056640625,False,B,0.04924511909484863,medmcqa_3,"['PBMD', 'PBMD', 'PBMD', 'PBMD', 'PBMD']","[467572377852793028, 467572377850835118, 467572377853084346, 467572377854946241, 467572377856362699]","[0.7844310402870178, 0.7839802503585815, 0.7839168310165405, 0.7809447050094604, 0.7793585062026978]"
117b8434-eda5-4d74-984e-4f19b6b6ebba,Physiology,0.040283203125,0.859375,0.0908203125,0.009521484375,True,B,0.0688178539276123,medmcqa_3,"['PBMD', 'PBMD', 'PBMD', 'PBMD', 'PBMD']","[467572377854798967, 467572377853622295, 467572377854240073, 467572377856792259, 467572377854199763]","[0.7801808714866638, 0.7683320641517639, 0.7660117149353027, 0.7653957009315491, 0.7637872695922852]"
8ead5018-1b65-417c-b7c8-243efd928d93,Physiology,0.1904296875,0.01470947265625,0.0400390625,0.75390625,True,D,0.05459928512573242,medmcqa_3,"['STAT', 'PBMD', 'PBMD', 'PBMD', 'PBMD']","[467572377850787960, 467572377854502303, 467572377855003993, 467572377853348561, 467572377855931915]","[0.7738348245620728, 0.773517370223999, 0.7692182660102844, 0.7634462118148804, 0.7627776265144348]"
0ca99fd5-a18f-4dc2-a333-e294bff67305,Physiology,0.21484375,0.21484375,0.115234375,0.455078125,False,A,0.049767255783081055,medmcqa_3,"['TEXT', 'PBMD', 'PBMD', 'PBMD', 'PBMD']","[467523489549936965, 467572377856001231, 467572377852184355, 467572377852285456, 467572377856745916]","[0.7843768000602722, 0.7751501798629761, 0.7745642066001892, 0.7726507186889648, 0.7708837985992432]"
2222ea85-33e9-4992-bcb2-b9b20953805a,Physiology,0.05712890625,0.12109375,0.7890625,0.032470703125,True,C,0.05727219581604004,medmcqa_3,"['PBMD', 'STAT', 'PBMD', 'TEXT', 'PBMD']","[467572377854463762, 467572377850365743, 467572377854480397, 467523489549686572, 467572377852175244]","[0.8145822286605835, 0.8144196271896362, 0.8110781908035278, 0.8081724047660828, 0.8050484657287598]"
dda052e4-a4f9-4942-b422-ec8c60f1ebdb,Physiology,0.99609375,0.00150299072265625,0.00075531005859375,0.000244140625,True,A,0.0626976490020752,medmcqa_3,"['PBMD', 'PBMD', 'PBMD', 'PBMD', 'PBMD']","[467572377854462370, 467572377850893343, 467572377850798090, 467572377854999888, 467572377854443803]","[0.8706439733505249, 0.8546690940856934, 0.8349584341049194, 0.8341060280799866, 0.8336801528930664]"
13efcedf-b383-4060-b82e-27e93a887a81,Physiology,0.1328125,0.318359375,0.0230712890625,0.52734375,False,A,0.05370020866394043,medmcqa_3,"['PBMD', 'PBMD', 'PBMD', 'PBMD', 'PBMD']","[467572377856283821, 467572377854080209, 467572377855246795, 467572377854618788, 467572377856175166]","[0.753649115562439, 0.7534173727035522, 0.7516971230506897, 0.7513167262077332, 0.7498003840446472]"
d2f9384f-5904-4832-bbf6-6ae1fac09402,Physiology,0.005859375,0.002288818359375,0.007049560546875,0.984375,True,D,0.048308372497558594,medmcqa_3,"['PBMD', 'PBMD', 'PBMD', 'PBMD', 'PBMD']","[467572377856075035, 467572377856498726, 467572377852495976, 467572377855420005, 467572377856635051]","[0.7796453237533569, 0.7755931615829468, 0.7744854688644409, 0.7687424421310425, 0.7678844928741455]"
9879b0e9-d07b-4083-942d-9cfbb380ec9f,Physiology,0.2255859375,0.421875,0.1875,0.1650390625,False,A,0.05347013473510742,medmcqa_3,"['PBMD', 'PBMD', 'PBMD', 'PBMD', 'PBMD']","[467572377855581737, 467572377853979079, 467572377856498903, 467572377852430956, 467572377854884622]","[0.7810323238372803, 0.7801487445831299, 0.7664133310317993, 0.7660780549049377, 0.7653179168701172]"
375e8752-44f7-4497-854d-6dfefac3654d,Physiology,0.150390625,0.248046875,0.193359375,0.408203125,False,A,0.03287696838378906,medmcqa_3,"['PBMD', 'STAT', 'TEXT', 'PBMD', 'PBMD']","[467572377856484003, 467572377850232377, 467523489549990352, 467572377855030378, 467572377853901076]","[0.8224774599075317, 0.8049437403678894, 0.8011587858200073, 0.7978858947753906, 0.7978565096855164]"
4813aff0-94b0-4b7c-a9d6-de52225a4f62,Physiology,0.00909423828125,0.0037841796875,0.98828125,0.0001468658447265625,True,C,0.04613161087036133,medmcqa_3,"['PBMD', 'PBMD', 'PBMD', 'PBMD', 'PBMD']","[467572377854190458, 467572377854819167, 467572377852231299, 467572377850849716, 467572377854539561]","[0.8061802387237549, 0.8014358282089233, 0.7963606119155884, 0.7950946092605591, 0.7927635908126831]"
be39ffba-53ed-4dc5-9c64-f9d4883a1a2c,Physiology,0.193359375,0.169921875,0.318359375,0.318359375,True,C,0.03574538230895996,medmcqa_3,"['PBMD', 'PBMD', 'PBMD', 'PBMD', 'PBMD']","[467572377855221430, 467572377854634493, 467572377855396736, 467572377855358092, 467572377853697143]","[0.7572784423828125, 0.7494911551475525, 0.7491436004638672, 0.7489500641822815, 0.7475435733795166]"
b1444c09-3fa6-47dc-a3c5-7ecc5e1c5df9,Physiology,0.69140625,0.01263427734375,0.224609375,0.07275390625,False,D,0.036748409271240234,medmcqa_3,"['STAT', 'TEXT', 'STAT', 'STAT', 'STAT']","[467572377850289791, 467523489549973427, 467572377850274913, 467572377850417518, 467572377850336057]","[0.841707706451416, 0.838077187538147, 0.8309227228164673, 0.8283421993255615, 0.8277676105499268]"
820327b4-1b8a-4538-b29f-d24ca12c8bf0,Physiology,0.015380859375,0.005645751953125,0.0269775390625,0.953125,True,D,0.052561283111572266,medmcqa_3,"['STAT', 'PBMD', 'PBMD', 'PBMD', 'PBMD']","[467572377850395350, 467572377852338897, 467572377853764538, 467572377854803049, 467572377853184244]","[0.7993198037147522, 0.797920286655426, 0.7969838976860046, 0.796362042427063, 0.7955713272094727]"
6df881e8-dbc2-41f6-9fdf-2c7cb087582a,Physiology,0.98828125,0.00665283203125,0.0048828125,0.000400543212890625,True,A,0.04709482192993164,medmcqa_3,"['TEXT', 'PBMD', 'TEXT', 'PBMD', 'TEXT']","[467523489549700062, 467572377854772976, 467523489549700113, 467572377852059861, 467523489549992258]","[0.8347973227500916, 0.7968891263008118, 0.7912322282791138, 0.7846882343292236, 0.7822544574737549]"
7ce35ca1-9dd1-42d7-8d66-f8d1f151451d,Physiology,0.984375,0.007080078125,0.00665283203125,0.00115203857421875,True,A,0.045603275299072266,medmcqa_3,"['PBMD', 'PBMD', 'STAT', 'PBMD', 'PBMD']","[467572377854914513, 467572377854996685, 467572377850368863, 467572377856510648, 467572377855062432]","[0.8229573965072632, 0.8175815939903259, 0.8173620700836182, 0.815951943397522, 0.8157848119735718]"
4c669239-31bf-437a-8748-76dfc21eeddf,Physiology,0.3359375,0.3359375,0.12353515625,0.2041015625,False,B,0.0469818115234375,medmcqa_3,"['PBMD', 'PBMD', 'PBMD', 'PBMD', 'PBMD']","[467572377855839651, 467572377856446710, 467572377852218353, 467572377854859811, 467572377853838876]","[0.7586472034454346, 0.7580118775367737, 0.7548703551292419, 0.7526865005493164, 0.7526133060455322]"
eeeae8ee-441d-4e07-b745-99d303171380,Dental,0.1689453125,0.10205078125,0.06201171875,0.66796875,True,D,0.02385115623474121,medmcqa_3,"['PBMD', 'PBMD', 'PBMD', 'PBMD', 'PBMD']","[467572377854188005, 467572377854267783, 467572377853738992, 467572377853425178, 467572377854229592]","[0.7713692784309387, 0.7706541419029236, 0.7673999667167664, 0.7652869820594788, 0.7615810632705688]"
590f7cb8-528c-44ef-8f0d-3fd4e51809a1,Dental,0.423828125,0.006439208984375,0.027099609375,0.54296875,True,D,0.048577308654785156,medmcqa_3,"['PBMD', 'PBMD', 'PBMD', 'PBMD', 'PBMD']","[467572377852523621, 467572377854670363, 467572377856660394, 467572377853098220, 467572377854806324]","[0.7968517541885376, 0.7945706844329834, 0.7914870977401733, 0.7895140051841736, 0.7867406010627747]"
b7819b96-5708-4994-b4c8-1827e9f29baf,Dental,0.0859375,0.263671875,0.263671875,0.384765625,True,D,0.04742860794067383,medmcqa_3,"['PBMD', 'PBMD', 'PBMD', 'PBMD', 'PBMD']","[467572377853784538, 467572377850919063, 467572377852075013, 467572377852455934, 467572377853406988]","[0.7974122166633606, 0.79714035987854, 0.7966172695159912, 0.7935946583747864, 0.7928355932235718]"
cb83f0c8-648e-4162-af6d-bf019e8c8a7f,Dental,0.494140625,0.09716796875,0.0245361328125,0.384765625,False,B,0.037709712982177734,medmcqa_3,"['PBMD', 'PBMD', 'PBMD', 'PBMD', 'PBMD']","[467572377854825834, 467572377856653655, 467572377853742880, 467572377854826141, 467572377854573745]","[0.7860523462295532, 0.7688385844230652, 0.7674081325531006, 0.7673805356025696, 0.7639713287353516]"
73b9ff6b-388d-4e07-8f10-a3c4795a8a09,Dental,0.99609375,0.003173828125,0.00109100341796875,0.000518798828125,True,A,0.03169417381286621,medmcqa_3,"['PBMD', 'PBMD', 'PBMD', 'PBMD', 'PBMD']","[467572377854092103, 467572377852085020, 467572377855002501, 467572377855062122, 467572377854971788]","[0.8744171857833862, 0.8612948656082153, 0.8492674827575684, 0.8484500646591187, 0.8477150201797485]"
c1cf20bd-0ee2-4bef-b89f-26e120eff42f,Dental,0.486328125,0.1787109375,0.039794921875,0.294921875,True,A,0.0316011905670166,medmcqa_3,"['PBMD', 'PBMD', 'PBMD', 'PBMD', 'PBMD']","[467572377856765888, 467572377853427261, 467572377856818427, 467572377854820116, 467572377852474931]","[0.8022404909133911, 0.8003683090209961, 0.7920840978622437, 0.7832924723625183, 0.7801342010498047]"
e8179379-3252-4b28-855b-3bf76ea5f5f2,Dental,0.0693359375,0.1142578125,0.74609375,0.0693359375,True,C,0.03787422180175781,medmcqa_3,"['PBMD', 'PBMD', 'STAT', 'PBMD', 'STAT']","[467572377852548066, 467572377855561643, 467572377850246590, 467572377854088789, 467572377850272469]","[0.810014009475708, 0.7915309071540833, 0.7814247012138367, 0.7806439995765686, 0.773894190788269]"
08c89ad7-6678-4308-83f1-ed4d2dec79e8,Dental,0.1259765625,0.1259765625,0.56640625,0.18359375,False,D,0.039171695709228516,medmcqa_3,"['PBMD', 'PBMD', 'PBMD', 'PBMD', 'PBMD']","[467572377853397100, 467572377850954111, 467572377855081116, 467572377855681444, 467572377850968720]","[0.78227698802948, 0.7694234848022461, 0.767934262752533, 0.7652715444564819, 0.7642179131507874]"
83619024-fb51-4a17-99e0-a4e34b434b00,Dental,0.002471923828125,0.99609375,0.00090789794921875,0.0004558563232421875,True,B,0.04700207710266113,medmcqa_3,"['PBMD', 'PBMD', 'PBMD', 'PBMD', 'PBMD']","[467572377855885811, 467572377852136070, 467572377854580352, 467572377855809466, 467572377856832305]","[0.7992503046989441, 0.7808669209480286, 0.7548267245292664, 0.7367734909057617, 0.7311527132987976]"
60c59e29-8f30-4bce-82a5-74f74cb0119c,Dental,0.1162109375,0.859375,0.0130615234375,0.01226806640625,True,B,0.03259611129760742,medmcqa_3,"['PBMD', 'PBMD', 'PBMD', 'PBMD', 'PBMD']","[467572377853060886, 467572377856836376, 467572377853415158, 467572377854823929, 467572377853402291]","[0.863012433052063, 0.8409216403961182, 0.8397427797317505, 0.8358917236328125, 0.8309268951416016]"
9fc02f88-7928-4715-a4ad-094edaf2cd41,Dental,0.265625,0.38671875,0.004302978515625,0.341796875,True,B,0.06142830848693848,medmcqa_3,"['PBMD', 'PBMD', 'PBMD', 'PBMD', 'PBMD']","[467572377852253210, 467572377853381557, 467572377852869632, 467572377856660401, 467572377853045832]","[0.7945796847343445, 0.782318115234375, 0.776743471622467, 0.7766287922859192, 0.7733649611473083]"
421e2421-c1df-4e0a-a6e9-4b431a7454cc,Dental,0.005889892578125,0.004302978515625,0.98828125,0.000583648681640625,True,C,0.03427267074584961,medmcqa_3,"['STAT', 'PBMD', 'STAT', 'STAT', 'STAT']","[467572377850768120, 467572377853648193, 467572377850768112, 467572377850768119, 467572377850768099]","[0.8165263533592224, 0.8086937665939331, 0.8049150705337524, 0.8045602440834045, 0.7991516590118408]"
ffb703a7-0c15-4e09-8420-c3401f016be3,Dental,0.00115966796875,0.9921875,0.001800537109375,0.0035858154296875,True,B,0.048090457916259766,medmcqa_3,"['PBMD', 'PBMD', 'PBMD', 'PBMD', 'PBMD']","[467572377851017252, 467572377853466314, 467572377856795393, 467572377855728306, 467572377856755444]","[0.7824594974517822, 0.7791683673858643, 0.774971067905426, 0.769111156463623, 0.7674512267112732]"
e2f31e5a-4320-4334-ba9e-8871962bd0a0,Dental,0.1455078125,0.01055908203125,0.00531005859375,0.83984375,True,D,0.04770207405090332,medmcqa_3,"['PBMD', 'PBMD', 'PBMD', 'PBMD', 'PBMD']","[467572377852463630, 467572377855176804, 467572377852439363, 467572377855087159, 467572377850966272]","[0.784508228302002, 0.7798030376434326, 0.7776581048965454, 0.774790346622467, 0.7706248760223389]"
3717fae3-6056-4fdf-a40b-d413ea5e47db,Dental,0.007049560546875,0.01092529296875,0.98046875,0.000789642333984375,True,C,0.03191328048706055,medmcqa_3,"['STAT', 'PBMD', 'STAT', 'PBMD', 'PBMD']","[467572377850772604, 467572377850957974, 467572377850787695, 467572377854738370, 467572377854845965]","[0.8177186250686646, 0.811812698841095, 0.811365008354187, 0.80916428565979, 0.8017581701278687]"
8609001d-c7c8-42eb-8829-02de1337f9ba,Dental,0.279296875,0.58984375,0.0703125,0.06201171875,True,B,0.032563209533691406,medmcqa_3,"['STAT', 'STAT', 'PBMD', 'PBMD', 'PBMD']","[467572377850380655, 467572377850657572, 467572377854635062, 467572377853431331, 467572377853917573]","[0.8451061844825745, 0.8215869665145874, 0.8195515871047974, 0.8156205415725708, 0.8147588968276978]"
a5ce0439-8666-46f3-b3c1-46f172aca2a2,Dental,0.6875,0.059814453125,0.134765625,0.119140625,True,A,0.03682994842529297,medmcqa_3,"['PBMD', 'PBMD', 'PBMD', 'PBMD', 'PBMD']","[467572377852250570, 467572377853921518, 467572377855575042, 467572377852250266, 467572377852777251]","[0.7593262195587158, 0.7525840997695923, 0.7451059222221375, 0.7450518608093262, 0.7439132332801819]"
cb706d53-3a22-4c21-b734-3b099b4b94d7,Dental,0.056640625,0.83203125,0.087890625,0.022216796875,True,B,0.04758596420288086,medmcqa_3,"['PBMD', 'PBMD', 'PBMD', 'PBMD', 'PBMD']","[467572377852253504, 467572377852209512, 467572377856737097, 467572377855487647, 467572377853484098]","[0.8205550312995911, 0.8203226327896118, 0.8124833106994629, 0.8106331825256348, 0.8088197708129883]"
cbfc3de1-a3e2-416a-8588-670def30265d,Dental,0.314453125,0.19140625,0.1796875,0.314453125,True,A,0.03779315948486328,medmcqa_3,"['PBMD', 'PBMD', 'PBMD', 'PBMD', 'PBMD']","[467572377853380283, 467572377854717990, 467572377854359603, 467572377853365835, 467572377852191243]","[0.7643316388130188, 0.7509545087814331, 0.7487930059432983, 0.7487831115722656, 0.7471956610679626]"
4d98adeb-3b11-47c2-8346-bc7ac5b56e8c,Dental,0.0220947265625,0.0111083984375,0.73046875,0.2373046875,True,C,0.05467867851257324,medmcqa_3,"['TEXT', 'PBMD', 'PBMD', 'PBMD', 'PBMD']","[467523489549691417, 467572377854874519, 467572377853566669, 467572377854874522, 467572377854685378]","[0.8052632808685303, 0.794806957244873, 0.794593095779419, 0.7937012314796448, 0.7918678522109985]"
99946d1c-e612-4385-8e47-f21adf492609,Surgery,0.0498046875,0.8828125,0.06396484375,0.004913330078125,True,B,0.03483700752258301,medmcqa_3,"['TEXT', 'STAT', 'PBMD', 'PBMD', 'PBMD']","[467523489549674869, 467572377850311554, 467572377852480941, 467572377852962775, 467572377854328251]","[0.8076529502868652, 0.794822096824646, 0.7901450395584106, 0.780383288860321, 0.778795599937439]"
91368e9c-b692-4cfe-ab0e-200daafe06b2,Surgery,0.41796875,0.1123046875,0.41796875,0.052978515625,True,A,0.03534054756164551,medmcqa_3,"['TEXT', 'PBMD', 'PBMD', 'PBMD', 'PBMD']","[467523489549713154, 467572377854059161, 467572377852139597, 467572377854605812, 467572377855944161]","[0.7551718354225159, 0.7399245500564575, 0.7291349172592163, 0.7192360162734985, 0.7163295745849609]"
89a42913-8d63-4a98-9cb8-63ed8c71d363,Surgery,0.1025390625,0.62890625,0.037841796875,0.2314453125,False,D,0.03471660614013672,medmcqa_3,"['PBMD', 'PBMD', 'PBMD', 'TEXT', 'STAT']","[467572377852961110, 467572377854207209, 467572377853832776, 467523489550004198, 467572377850641565]","[0.815699577331543, 0.8120079040527344, 0.804826021194458, 0.8005404472351074, 0.7980570793151855]"
3d852959-c3f9-4503-957f-bc573f658997,Surgery,0.004913330078125,0.9921875,0.00054931640625,0.000621795654296875,True,B,0.03848147392272949,medmcqa_3,"['PBMD', 'PBMD', 'PBMD', 'PBMD', 'PBMD']","[467572377855030983, 467572377856389039, 467572377855457439, 467572377853070184, 467572377854809035]","[0.827072262763977, 0.8121700286865234, 0.8092728853225708, 0.8080669641494751, 0.8078694343566895]"
355461e7-9f95-47ae-b9cc-7394fe7fc877,Surgery,0.98828125,0.007537841796875,0.002960205078125,0.0010223388671875,True,A,0.03514552116394043,medmcqa_3,"['PBMD', 'PBMD', 'PBMD', 'PBMD', 'PBMD']","[467572377856781370, 467572377855929938, 467572377856590003, 467572377856020074, 467572377853083544]","[0.8378171920776367, 0.8231748342514038, 0.8191299438476562, 0.8163396120071411, 0.814167857170105]"
65ace72f-c7ba-4093-822b-52a2c21cd784,Surgery,0.61328125,0.04443359375,0.330078125,0.01129150390625,True,A,0.031960248947143555,medmcqa_3,"['STAT', 'PBMD', 'PBMD', 'PBMD', 'PBMD']","[467572377850310048, 467572377855592180, 467572377855777403, 467572377853679583, 467572377855702571]","[0.8516985177993774, 0.851151168346405, 0.8398036956787109, 0.8365322351455688, 0.8337443470954895]"
45ca6ec5-b38e-45a0-9836-f987c9a9cb26,Surgery,0.027099609375,0.1298828125,0.79296875,0.05078125,True,C,0.04767751693725586,medmcqa_3,"['STAT', 'PBMD', 'STAT', 'STAT', 'PBMD']","[467572377850659969, 467572377853416677, 467572377850330988, 467572377850239582, 467572377855983893]","[0.7775585055351257, 0.7749589085578918, 0.7743842601776123, 0.7663707137107849, 0.7629547119140625]"
f3e14380-10f5-4578-80ae-b3ffee50fa7f,Surgery,0.01531982421875,0.94921875,0.0269775390625,0.00823974609375,True,B,0.04801535606384277,medmcqa_3,"['STAT', 'STAT', 'PBMD', 'PBMD', 'PBMD']","[467572377850383047, 467572377850362369, 467572377852549796, 467572377854908707, 467572377853132031]","[0.8073927164077759, 0.8043596744537354, 0.799220085144043, 0.7979247570037842, 0.7977066040039062]"
8acfca46-0ebf-4151-a3f8-311d6ee35a02,Surgery,0.99609375,0.0027923583984375,0.00124359130859375,0.00090789794921875,True,A,0.03239893913269043,medmcqa_3,"['STAT', 'PBMD', 'STAT', 'PBMD', 'PBMD']","[467572377850272174, 467572377854229094, 467572377850411937, 467572377853468523, 467572377852033902]","[0.8014252185821533, 0.7979339361190796, 0.7956224679946899, 0.7948354482650757, 0.792949378490448]"
d23076c3-b53e-481f-9096-8c0307a996bb,Surgery,0.001922607421875,0.99609375,0.00066375732421875,0.002471923828125,True,B,0.03722786903381348,medmcqa_3,"['PBMD', 'PBMD', 'PBMD', 'PBMD', 'PBMD']","[467572377852893504, 467572377852122500, 467572377854969034, 467572377854905318, 467572377855291973]","[0.8031108975410461, 0.7946658134460449, 0.7918543219566345, 0.7898656725883484, 0.781596302986145]"
cd6ff4bb-f5c1-47e0-a84d-a3ca6beb9c01,Surgery,0.020263671875,0.005096435546875,0.97265625,0.00113677978515625,True,C,0.060277462005615234,medmcqa_3,"['PBMD', 'PBMD', 'PBMD', 'PBMD', 'PBMD']","[467572377856607468, 467572377853771655, 467572377856839931, 467572377854360584, 467572377856840029]","[0.7901153564453125, 0.7890116572380066, 0.7836690545082092, 0.7813215255737305, 0.7801536321640015]"
66a2fe9d-04f0-4133-ad05-f0421d4f5a1b,Surgery,0.0108642578125,0.006195068359375,0.005462646484375,0.9765625,True,D,0.04695439338684082,medmcqa_3,"['PBMD', 'PBMD', 'PBMD', 'PBMD', 'PBMD']","[467572377850946100, 467572377853810419, 467572377856160273, 467572377853849699, 467572377853352387]","[0.8079018592834473, 0.8068836331367493, 0.8042558431625366, 0.8024369478225708, 0.7944824695587158]"
b03c7bb7-6004-47e3-9302-52a8f0a6cf3b,Surgery,0.0101318359375,0.96875,0.00738525390625,0.0137939453125,True,B,0.03117084503173828,medmcqa_3,"['PBMD', 'PBMD', 'PBMD', 'PBMD', 'STAT']","[467572377852270034, 467572377853041687, 467572377852354613, 467572377854880032, 467572377850371748]","[0.7768675088882446, 0.7707342505455017, 0.7686837911605835, 0.7678075432777405, 0.7663811445236206]"
7078e628-0544-4890-ae41-ad70204b7916,Surgery,0.76171875,0.150390625,0.015869140625,0.07080078125,True,A,0.0480198860168457,medmcqa_3,"['PBMD', 'PBMD', 'PBMD', 'PBMD', 'PBMD']","[467572377854234271, 467572377855849593, 467572377854674794, 467572377855741116, 467572377854695823]","[0.8553339242935181, 0.8474426865577698, 0.8442235589027405, 0.8415517807006836, 0.8391409516334534]"
b530e03c-a925-4442-8907-056223e248ff,Surgery,0.123046875,0.01141357421875,0.70703125,0.158203125,False,D,0.047281742095947266,medmcqa_3,"['PBMD', 'STAT', 'PBMD', 'PBMD', 'PBMD']","[467572377854684200, 467572377850233526, 467572377854617564, 467572377855020543, 467572377853505043]","[0.825797975063324, 0.8247588276863098, 0.8119333386421204, 0.8112432360649109, 0.8095793128013611]"
c5b60148-8706-4956-8fd4-5e86742781a0,Surgery,0.02001953125,0.01007080078125,0.006500244140625,0.96484375,True,D,0.0338442325592041,medmcqa_3,"['PBMD', 'TEXT', 'STAT', 'PBMD', 'TEXT']","[467572377854433232, 467523489550006108, 467572377850264471, 467572377856723361, 467523489549940853]","[0.8172087669372559, 0.8075977563858032, 0.8055022954940796, 0.7962687015533447, 0.7946739196777344]"
5d4d555a-b196-4398-b4fc-4d5f4ef86bc7,Surgery,0.232421875,0.1806640625,0.3828125,0.205078125,True,C,0.05642557144165039,medmcqa_3,"['STAT', 'PBMD', 'PBMD', 'STAT', 'PBMD']","[467572377850714919, 467572377856981543, 467572377853687145, 467572377850409854, 467572377855815383]","[0.8007895350456238, 0.7905115485191345, 0.7875173091888428, 0.7875003814697266, 0.7859086990356445]"
ff69c6fa-66bd-4627-b1e0-a19bd6408a72,Surgery,0.031005859375,0.244140625,0.061767578125,0.6640625,True,D,0.04826521873474121,medmcqa_3,"['PBMD', 'PBMD', 'PBMD', 'PBMD', 'PBMD']","[467572377854361486, 467572377854233178, 467572377852287510, 467572377850940626, 467572377854673542]","[0.8514261841773987, 0.833746075630188, 0.8327956795692444, 0.8308761715888977, 0.827226996421814]"
b38b9b3a-1d07-41e6-b6b3-3d24fd1f1eeb,Surgery,0.00159454345703125,0.000553131103515625,0.0003566741943359375,0.99609375,True,D,0.03232979774475098,medmcqa_3,"['PBMD', 'PBMD', 'PBMD', 'PBMD', 'PBMD']","[467572377854297618, 467572377854470812, 467572377852784101, 467572377854469595, 467572377852646309]","[0.7935829758644104, 0.7904918193817139, 0.7870674133300781, 0.7848957180976868, 0.7820665240287781]"
82a87254-2146-48b2-a9f0-508aec9c8205,Surgery,0.984375,0.0037689208984375,0.005859375,0.007049560546875,True,A,0.05435442924499512,medmcqa_3,"['PBMD', 'PBMD', 'PBMD', 'PBMD', 'PBMD']","[467572377852723127, 467572377853052335, 467572377855626752, 467572377855197405, 467572377853992902]","[0.8388165235519409, 0.836081862449646, 0.8339661359786987, 0.8258582949638367, 0.8234275579452515]"
bc723319-ba96-4cb6-8c9b-0dd79c9cc810,Orthopaedics,0.3515625,0.2421875,0.3515625,0.053955078125,True,A,0.0316309928894043,medmcqa_3,"['STAT', 'STAT', 'STAT', 'STAT', 'PBMD']","[467572377850252362, 467572377850665249, 467572377850352340, 467572377850278424, 467572377856048401]","[0.7644807696342468, 0.756104052066803, 0.7558493614196777, 0.7558020949363708, 0.7553564310073853]"
a331ac69-8079-4aef-afbb-82e334c0b605,Orthopaedics,0.0181884765625,0.033935546875,0.7734375,0.1728515625,False,D,0.036351919174194336,medmcqa_3,"['PBMD', 'STAT', 'STAT', 'PBMD', 'PBMD']","[467572377853122733, 467572377850380937, 467572377850680274, 467572377853480822, 467572377854081356]","[0.8189131021499634, 0.8181899785995483, 0.8180800676345825, 0.8137924671173096, 0.8134273290634155]"
4704dae6-c327-41b4-bf6a-2b47a9d37064,Orthopaedics,0.032958984375,0.9609375,0.00238037109375,0.004180908203125,True,B,0.036414146423339844,medmcqa_3,"['PBMD', 'PBMD', 'PBMD', 'PBMD', 'PBMD']","[467572377856404773, 467572377856458562, 467572377856101407, 467572377856809503, 467572377852029204]","[0.741636335849762, 0.7317119240760803, 0.7261645793914795, 0.7245022058486938, 0.722381591796875]"
9708fa92-9600-4bc0-bfcd-e0f52e05d581,Orthopaedics,0.0255126953125,0.01202392578125,0.95703125,0.005340576171875,True,C,0.057477712631225586,medmcqa_3,"['PBMD', 'PBMD', 'PBMD', 'PBMD', 'PBMD']","[467572377856936291, 467572377856161982, 467572377856065289, 467572377852578545, 467572377852359371]","[0.7979799509048462, 0.7910492420196533, 0.7816532254219055, 0.7778246998786926, 0.7753209471702576]"
284928ea-6f68-4a9b-aed6-468888c3d420,Orthopaedics,0.96875,0.006134033203125,0.024169921875,0.002716064453125,True,A,0.03686833381652832,medmcqa_3,"['PBMD', 'STAT', 'STAT', 'TEXT', 'PBMD']","[467572377854922366, 467572377850700815, 467572377850700814, 467523489549945220, 467572377856519905]","[0.8380159139633179, 0.8255404233932495, 0.8182168006896973, 0.8161749839782715, 0.8083436489105225]"
13185cda-9535-47e8-a443-819baa794dc3,Orthopaedics,0.08154296875,0.0869140625,0.390625,0.44140625,False,C,0.05354189872741699,medmcqa_3,"['PBMD', 'PBMD', 'PBMD', 'PBMD', 'PBMD']","[467572377854689230, 467572377853767786, 467572377853549265, 467572377855477485, 467572377854012448]","[0.7858412265777588, 0.7846999764442444, 0.7830226421356201, 0.7824399471282959, 0.7777141332626343]"
5ce673aa-29fb-4861-9c38-23f6e54c8d77,Orthopaedics,0.16015625,0.384765625,0.435546875,0.0191650390625,True,C,0.03377175331115723,medmcqa_3,"['STAT', 'STAT', 'STAT', 'PBMD', 'PBMD']","[467572377850329267, 467572377850660087, 467572377850726876, 467572377855110042, 467572377854360799]","[0.7558843493461609, 0.7532296180725098, 0.7462108135223389, 0.7399585843086243, 0.7336373925209045]"
580c4e46-68f0-4c03-9df0-c36396fef6b5,Orthopaedics,0.049072265625,0.0169677734375,0.06298828125,0.87109375,False,C,0.05373239517211914,medmcqa_3,"['PBMD', 'PBMD', 'PBMD', 'PBMD', 'PBMD']","[467572377856751980, 467572377852903788, 467572377854875396, 467572377854131699, 467572377853389507]","[0.7461698055267334, 0.7372321486473083, 0.7316114902496338, 0.7270958423614502, 0.7254741191864014]"
f4c768de-05c0-4144-87df-d6d8e95c3701,Orthopaedics,0.94140625,0.01263427734375,0.0322265625,0.01263427734375,True,A,0.0462193489074707,medmcqa_3,"['STAT', 'PBMD', 'PBMD', 'PBMD', 'PBMD']","[467572377850779073, 467572377856393154, 467572377852938310, 467572377852996184, 467572377853498429]","[0.8288345336914062, 0.8186097145080566, 0.8147159218788147, 0.8126479983329773, 0.81101393699646]"
b455d680-4021-4014-8abc-c34b776e3325,Orthopaedics,0.033935546875,0.0264892578125,0.007568359375,0.93359375,True,D,0.0475924015045166,medmcqa_3,"['PBMD', 'PBMD', 'PBMD', 'PBMD', 'PBMD']","[467572377854718570, 467572377854132333, 467572377854602786, 467572377853368924, 467572377854084484]","[0.755354106426239, 0.7529734373092651, 0.7529359459877014, 0.7522717118263245, 0.7521847486495972]"
8005bbe1-ecb4-4766-a337-f326fff7c108,Orthopaedics,0.01092529296875,0.00061798095703125,0.0027618408203125,0.984375,True,D,0.04222464561462402,medmcqa_3,"['PBMD', 'PBMD', 'PBMD', 'PBMD', 'PBMD']","[467572377854808534, 467572377854881967, 467572377854800564, 467572377855388500, 467572377854903263]","[0.825273871421814, 0.8153850436210632, 0.8117640614509583, 0.806363582611084, 0.8014792203903198]"
609e4386-7e35-4bfc-b7d3-f401adb17a4d,Orthopaedics,0.0810546875,0.220703125,0.019287109375,0.6796875,True,D,0.03204226493835449,medmcqa_3,"['PBMD', 'PBMD', 'PBMD', 'PBMD', 'PBMD']","[467572377854302950, 467572377850967563, 467572377854111878, 467572377853385391, 467572377852262911]","[0.8334338068962097, 0.8229039907455444, 0.8151137232780457, 0.8143181204795837, 0.8098676800727844]"
fddf5da2-d15e-4958-b1ca-64ad77fbcf2d,Orthopaedics,0.0380859375,0.76171875,0.048828125,0.150390625,True,B,0.035005807876586914,medmcqa_3,"['PBMD', 'PBMD', 'PBMD', 'PBMD', 'PBMD']","[467572377854088654, 467572377854637690, 467572377853984419, 467572377853834091, 467572377852522907]","[0.84676194190979, 0.8451082706451416, 0.8359879851341248, 0.8356943130493164, 0.8339146375656128]"
ee4ff249-f7d8-4f63-8c39-a7960d316ae4,Orthopaedics,0.0286865234375,0.0196533203125,0.94921875,0.0026702880859375,True,C,0.03648829460144043,medmcqa_3,"['STAT', 'STAT', 'PBMD', 'PBMD', 'PBMD']","[467572377850412460, 467572377850352676, 467572377853120814, 467572377855693880, 467572377856521812]","[0.7693346738815308, 0.7365164756774902, 0.7348915338516235, 0.7347660064697266, 0.7328091859817505]"
4a46dd94-9fc1-452f-a96d-64d4ab08ad69,Orthopaedics,0.060302734375,0.02685546875,0.88671875,0.025146484375,True,C,0.03723025321960449,medmcqa_3,"['PBMD', 'PBMD', 'PBMD', 'PBMD', 'STAT']","[467572377855537278, 467572377855781430, 467572377852486027, 467572377855298085, 467572377850310682]","[0.7896531820297241, 0.7894576787948608, 0.7861453294754028, 0.7792248725891113, 0.7737658023834229]"
e7213817-c484-4904-9a1d-78bfe2411208,Orthopaedics,0.32421875,0.0771484375,0.53515625,0.06396484375,True,C,0.025954246520996094,medmcqa_3,"['STAT', 'PBMD', 'STAT', 'PBMD', 'STAT']","[467572377850255443, 467572377855041069, 467572377850352322, 467572377852164369, 467572377850375101]","[0.7747730016708374, 0.7665205001831055, 0.7631013989448547, 0.753799557685852, 0.7497148513793945]"
c071c34b-0665-433b-8459-a20c73220a4e,Orthopaedics,0.8515625,0.0177001953125,0.07421875,0.057861328125,True,A,0.03743338584899902,medmcqa_3,"['PBMD', 'STAT', 'TEXT', 'TEXT', 'PBMD']","[467572377852932297, 467572377850622233, 467523489549976462, 467523489549975526, 467572377853584898]","[0.7999157309532166, 0.7995108366012573, 0.7974386215209961, 0.7848386764526367, 0.780858039855957]"
891612eb-d3e3-40d1-8dea-dba9a3607cee,Orthopaedics,0.19140625,0.357421875,0.04541015625,0.40625,False,C,0.03756070137023926,medmcqa_3,"['PBMD', 'PBMD', 'STAT', 'PBMD', 'STAT']","[467572377854094058, 467572377855911041, 467572377850363277, 467572377854609105, 467572377850315370]","[0.7753597497940063, 0.7732149362564087, 0.7730262279510498, 0.7639187574386597, 0.7631894946098328]"
494b57f9-79ec-4c30-8918-958331c056fb,Orthopaedics,0.0157470703125,0.97265625,0.005096435546875,0.0069580078125,True,B,0.038559675216674805,medmcqa_3,"['PBMD', 'PBMD', 'PBMD', 'PBMD', 'PBMD']","[467572377853107607, 467572377852196914, 467572377852250692, 467572377855017954, 467572377856580332]","[0.8267663717269897, 0.8185994625091553, 0.8141943216323853, 0.8135267496109009, 0.8129135370254517]"
0ce93651-6b73-4df9-8b09-64b8126d9018,Orthopaedics,0.001922607421875,0.00010204315185546875,0.99609375,0.00070953369140625,True,C,0.03794455528259277,medmcqa_3,"['PBMD', 'PBMD', 'PBMD', 'PBMD', 'PBMD']","[467572377856183912, 467572377855756003, 467572377853837231, 467572377854357974, 467572377854956678]","[0.7943356037139893, 0.7875708341598511, 0.773451030254364, 0.773274838924408, 0.7693502306938171]"
9cf214cd-267c-4211-b90d-561c02f52c32,Pharmacology,0.9296875,0.01708984375,0.005523681640625,0.04638671875,True,A,0.03440046310424805,medmcqa_3,"['PBMD', 'PBMD', 'PBMD', 'TEXT', 'PBMD']","[467572377856732064, 467572377855600224, 467572377853716433, 467523489549982852, 467572377855589944]","[0.8033801317214966, 0.8011596202850342, 0.7936989665031433, 0.7936477661132812, 0.7878462076187134]"
0e2af9eb-e782-40d0-85c7-ce36814098e6,Pharmacology,0.92578125,0.021728515625,0.046142578125,0.005859375,True,A,0.03332972526550293,medmcqa_3,"['PBMD', 'PBMD', 'PBMD', 'PBMD', 'PBMD']","[467572377850805651, 467572377855035445, 467572377854358318, 467572377854403307, 467572377854288110]","[0.7402238845825195, 0.7337981462478638, 0.7311596870422363, 0.7279412746429443, 0.7262338399887085]"
a527f1ef-eccb-47d7-bcec-7f2464f7f9cf,Pharmacology,0.7890625,0.0252685546875,0.1650390625,0.0223388671875,True,A,0.03410911560058594,medmcqa_3,"['TEXT', 'TEXT', 'TEXT', 'PBMD', 'PBMD']","[467523489549677257, 467523489549980822, 467523489549983522, 467572377853952566, 467572377856910342]","[0.787790060043335, 0.7755496501922607, 0.7721725106239319, 0.7705647349357605, 0.7560323476791382]"
0dcac401-3c66-40ff-83ed-a2798b9100df,Pharmacology,0.12353515625,0.66796875,0.0849609375,0.12353515625,False,D,0.04740285873413086,medmcqa_3,"['STAT', 'PBMD', 'PBMD', 'PBMD', 'PBMD']","[467572377850735892, 467572377856219554, 467572377856850465, 467572377855185801, 467572377855678124]","[0.8311103582382202, 0.8230729103088379, 0.8164246082305908, 0.8159191012382507, 0.8149707317352295]"
a8f5b9c8-d669-4836-8397-6a0615051e68,Pharmacology,0.022705078125,0.96484375,0.00836181640625,0.0028839111328125,True,B,0.0450892448425293,medmcqa_3,"['TEXT', 'PBMD', 'PBMD', 'PBMD', 'PBMD']","[467523489549983256, 467572377850896107, 467572377854158486, 467572377854953865, 467572377853867320]","[0.8201193809509277, 0.8040798306465149, 0.8027967810630798, 0.8022981882095337, 0.7952263951301575]"
05154c8b-e75a-4521-82b9-8657764fad74,Pharmacology,0.00189208984375,0.98046875,0.015869140625,0.000789642333984375,True,B,0.0575718879699707,medmcqa_3,"['PBMD', 'PBMD', 'PBMD', 'PBMD', 'PBMD']","[467572377854506286, 467572377850875080, 467572377852625850, 467572377853672936, 467572377854861355]","[0.7974951267242432, 0.7857844829559326, 0.7850635051727295, 0.7849697470664978, 0.7845609188079834]"
dcc1e57e-8079-43f4-8236-f2961755ae33,Pharmacology,0.1259765625,0.82421875,0.041015625,0.0103759765625,True,B,0.04086565971374512,medmcqa_3,"['PBMD', 'PBMD', 'PBMD', 'PBMD', 'PBMD']","[467572377854686096, 467572377852074004, 467572377854039437, 467572377854870053, 467572377853391455]","[0.7970720529556274, 0.7947386503219604, 0.7943794131278992, 0.7937800884246826, 0.793502688407898]"
6a01a605-f5ba-4efb-b836-9c24b428754f,Pharmacology,0.012939453125,0.015625,0.96484375,0.006103515625,True,C,0.05390501022338867,medmcqa_3,"['PBMD', 'PBMD', 'PBMD', 'PBMD', 'PBMD']","[467572377855769346, 467572377854874128, 467572377853595553, 467572377852346812, 467572377855729524]","[0.8184064626693726, 0.8131319284439087, 0.8122655153274536, 0.8121364116668701, 0.8093799352645874]"
fa034ff8-7b1d-431d-8aa7-c4486ff8e6db,Pharmacology,0.00170135498046875,0.0006256103515625,0.99609375,0.00124359130859375,True,C,0.04554009437561035,medmcqa_3,"['STAT', 'PBMD', 'PBMD', 'PBMD', 'PBMD']","[467572377850673585, 467572377853949782, 467572377853591052, 467572377855051221, 467572377852397276]","[0.7392719984054565, 0.7369212508201599, 0.7099799513816833, 0.7077602744102478, 0.7070102691650391]"
15c4900d-d780-4166-8264-45dbad620c6d,Pharmacology,0.376953125,0.62109375,0.00238037109375,0.00106048583984375,True,B,0.03943967819213867,medmcqa_3,"['STAT', 'STAT', 'STAT', 'STAT', 'STAT']","[467572377850416810, 467572377850227691, 467572377850629573, 467572377850629574, 467572377850629571]","[0.8082220554351807, 0.7960770130157471, 0.788382351398468, 0.7865808010101318, 0.7858153581619263]"
2b8b8bbe-526c-4b5a-9034-56e672067087,Pharmacology,0.064453125,0.5078125,0.12060546875,0.30859375,False,D,0.03370070457458496,medmcqa_3,"['PBMD', 'PBMD', 'PBMD', 'TEXT', 'PBMD']","[467572377854147843, 467572377855121934, 467572377855646343, 467523489549712003, 467572377852138748]","[0.7640462517738342, 0.7496299743652344, 0.7459987998008728, 0.7434582710266113, 0.7427898645401001]"
ccfafd09-4bbf-4f9c-b585-80f99c1d314e,Pharmacology,0.6796875,0.03369140625,0.00518798828125,0.283203125,True,A,0.04756975173950195,medmcqa_3,"['PBMD', 'PBMD', 'PBMD', 'STAT', 'PBMD']","[467572377855782345, 467572377855782326, 467572377854923080, 467572377850321258, 467572377856908773]","[0.7717286348342896, 0.752450168132782, 0.7429386377334595, 0.7365711331367493, 0.7326065897941589]"
7cf60f29-f20a-44d3-8f31-63e6a25ba538,Pharmacology,0.3046875,0.1123046875,0.0125732421875,0.5703125,True,D,0.05415463447570801,medmcqa_3,"['PBMD', 'PBMD', 'PBMD', 'PBMD', 'PBMD']","[467572377856438635, 467572377856577160, 467572377852592505, 467572377853820579, 467572377854172795]","[0.7794754505157471, 0.7752619981765747, 0.7747359275817871, 0.7743677496910095, 0.7737852334976196]"
354ec887-4e25-4fc8-a5e4-6116654f0396,Pharmacology,0.9375,0.00811767578125,0.0301513671875,0.0250244140625,True,A,0.048126935958862305,medmcqa_3,"['PBMD', 'PBMD', 'PBMD', 'PBMD', 'STAT']","[467572377853399082, 467572377854504378, 467572377855354180, 467572377852699384, 467572377850308921]","[0.8264018893241882, 0.8122050762176514, 0.8070162534713745, 0.8052173256874084, 0.8033394813537598]"
2d5b386f-ea1a-4465-a427-a15d60ba073b,Pharmacology,0.98828125,0.010986328125,0.00084686279296875,0.0007476806640625,True,A,0.03809952735900879,medmcqa_3,"['TEXT', 'PBMD', 'TEXT', 'TEXT', 'STAT']","[467523489549933057, 467572377852374674, 467523489549933056, 467523489549986534, 467572377850671995]","[0.795318603515625, 0.7623941898345947, 0.7530311346054077, 0.7419700622558594, 0.7394715547561646]"
0407b66c-4dbc-4006-94ff-d866c1ffddf3,Pharmacology,0.4140625,0.11865234375,0.4140625,0.052734375,True,A,0.0362548828125,medmcqa_3,"['PBMD', 'STAT', 'PBMD', 'PBMD', 'STAT']","[467572377855028642, 467572377850651399, 467572377854671647, 467572377853457195, 467572377850651401]","[0.7876884937286377, 0.7848390340805054, 0.7800394296646118, 0.7756408452987671, 0.771975040435791]"
0aeb65e0-ed3b-456d-8af0-361eedbb27e1,Pharmacology,0.005523681640625,0.005859375,0.98828125,0.00084686279296875,True,C,0.047731637954711914,medmcqa_3,"['PBMD', 'PBMD', 'PBMD', 'PBMD', 'PBMD']","[467572377854848054, 467572377855341758, 467572377850959459, 467572377852101343, 467572377855736184]","[0.8075547814369202, 0.7862680554389954, 0.7844246029853821, 0.7828172445297241, 0.7793554067611694]"
0c561488-d267-48e1-9674-ef354ce46476,Pharmacology,0.0216064453125,0.0517578125,0.43359375,0.4921875,True,D,0.06338691711425781,medmcqa_3,"['PBMD', 'PBMD', 'PBMD', 'PBMD', 'PBMD']","[467572377854877090, 467572377856485042, 467572377852595245, 467572377850978730, 467572377855026687]","[0.7590733170509338, 0.7581764459609985, 0.748894989490509, 0.7479369640350342, 0.7474331855773926]"
4493ca04-c097-4081-a5ab-25ebc201c58b,Pharmacology,0.0198974609375,0.84765625,0.0036773681640625,0.1298828125,True,B,0.031831979751586914,medmcqa_3,"['PBMD', 'PBMD', 'PBMD', 'PBMD', 'PBMD']","[467572377855483772, 467572377852123982, 467572377856427942, 467572377855297465, 467572377856621188]","[0.8595602512359619, 0.8411232233047485, 0.8206092119216919, 0.8202642798423767, 0.8183821439743042]"
1c6954fb-7480-4435-ae20-843dcd34f610,Pharmacology,0.003814697265625,0.99609375,0.000965118408203125,0.000293731689453125,True,B,0.030953168869018555,medmcqa_3,"['STAT', 'STAT', 'STAT', 'PBMD', 'PBMD']","[467572377850751177, 467572377850729318, 467572377850751176, 467572377856133250, 467572377852212800]","[0.8070746064186096, 0.7998470067977905, 0.7993299961090088, 0.7946292161941528, 0.7919983863830566]"
7736984b-2f96-499c-90dd-7e527a5b2036,Social & Preventive Medicine,0.007537841796875,0.0023040771484375,0.98828125,0.0009613037109375,True,C,0.037322282791137695,medmcqa_3,"['PBMD', 'PBMD', 'PBMD', 'PBMD', 'PBMD']","[467572377853954332, 467572377852139242, 467572377855078052, 467572377852159095, 467572377856614734]","[0.7694912552833557, 0.7642999291419983, 0.7612038850784302, 0.7608489990234375, 0.7604697942733765]"
a6073f87-e13e-4e7f-99a3-55fe1a767f37,Social & Preventive Medicine,0.55859375,0.11669921875,0.263671875,0.0625,False,D,0.03857851028442383,medmcqa_3,"['PBMD', 'PBMD', 'PBMD', 'PBMD', 'PBMD']","[467572377853967780, 467572377852377093, 467572377854550737, 467572377854214027, 467572377854466738]","[0.775894045829773, 0.7655707597732544, 0.7609390020370483, 0.7552365660667419, 0.7533247470855713]"
b4188801-88a1-4838-afa5-c1a1e3c1674e,Social & Preventive Medicine,0.76953125,0.1259765625,0.03173828125,0.07177734375,True,A,0.04648637771606445,medmcqa_3,"['TEXT', 'PBMD', 'TEXT', 'PBMD', 'PBMD']","[467523489549961516, 467572377853088254, 467523489549977678, 467572377852495763, 467572377856239006]","[0.8077666163444519, 0.7951685190200806, 0.7928420901298523, 0.792490541934967, 0.7919658422470093]"
795cfea6-b9d1-49f6-9ff6-e7a27d2f8933,Social & Preventive Medicine,0.859375,0.03125,0.1025390625,0.007415771484375,True,A,0.04683876037597656,medmcqa_3,"['PBMD', 'PBMD', 'PBMD', 'PBMD', 'PBMD']","[467572377852118569, 467572377852134085, 467572377852132795, 467572377850854435, 467572377855656237]","[0.783388614654541, 0.7796770334243774, 0.775776207447052, 0.7653372287750244, 0.7629912495613098]"
fa550560-0794-43af-a57a-8ee8f736d444,Social & Preventive Medicine,0.1689453125,0.5546875,0.19140625,0.0849609375,False,A,0.056452274322509766,medmcqa_3,"['PBMD', 'PBMD', 'PBMD', 'PBMD', 'PBMD']","[467572377856756567, 467572377850939406, 467572377852483670, 467572377852039635, 467572377854156276]","[0.8255777955055237, 0.822812020778656, 0.8201246857643127, 0.819354236125946, 0.8131519556045532]"
46e406e9-5a3d-4b5b-92b2-065a4faf5a12,Social & Preventive Medicine,0.0013275146484375,0.99609375,0.0004863739013671875,0.0003147125244140625,True,B,0.047812700271606445,medmcqa_3,"['STAT', 'PBMD', 'PBMD', 'PBMD', 'PBMD']","[467572377850238167, 467572377854294611, 467572377855804684, 467572377856006940, 467572377852876406]","[0.8088665008544922, 0.8057553768157959, 0.7943158149719238, 0.7930653691291809, 0.7918723225593567]"
2c79193f-6b10-43a7-af7c-865cdba91dd6,Social & Preventive Medicine,0.0084228515625,0.97265625,0.006134033203125,0.01470947265625,True,B,0.03480172157287598,medmcqa_3,"['PBMD', 'TEXT', 'PBMD', 'PBMD', 'TEXT']","[467572377856580722, 467523489549711207, 467572377854628823, 467572377856467433, 467523489550010157]","[0.7030828595161438, 0.7020445466041565, 0.7009187936782837, 0.6989021897315979, 0.6980624794960022]"
b8d6fe74-bcfc-4ec8-96f9-43474f352ec7,Social & Preventive Medicine,0.435546875,0.3828125,0.1416015625,0.04052734375,False,B,0.05808901786804199,medmcqa_3,"['PBMD', 'PBMD', 'PBMD', 'PBMD', 'PBMD']","[467572377852275701, 467572377856709572, 467572377852786580, 467572377854326808, 467572377856630233]","[0.7469011545181274, 0.7391080260276794, 0.7383053302764893, 0.7324285507202148, 0.73201584815979]"
fdcdc0e4-cd72-4051-8230-f717d0827412,Social & Preventive Medicine,0.9765625,0.01019287109375,0.00701904296875,0.004241943359375,True,A,0.055345773696899414,medmcqa_3,"['PBMD', 'PBMD', 'PBMD', 'PBMD', 'PBMD']","[467572377856850254, 467572377852740572, 467572377856652410, 467572377855255113, 467572377852530457]","[0.8046066761016846, 0.8022989630699158, 0.801954984664917, 0.793847918510437, 0.7923811078071594]"
7f294c78-afc7-4417-b536-ed65dd059d1f,Social & Preventive Medicine,0.1953125,0.322265625,0.1181640625,0.365234375,True,D,0.05399894714355469,medmcqa_3,"['PBMD', 'PBMD', 'PBMD', 'PBMD', 'PBMD']","[467572377856456398, 467572377855458456, 467572377856178462, 467572377856820068, 467572377854326672]","[0.7564549446105957, 0.7414827942848206, 0.7402068376541138, 0.7395639419555664, 0.7381832003593445]"
706d3bd8-7c74-4527-9be9-d4f73809b9cd,Social & Preventive Medicine,0.98828125,0.00665283203125,0.0023040771484375,0.00179290771484375,True,A,0.05574822425842285,medmcqa_3,"['PBMD', 'PBMD', 'PBMD', 'PBMD', 'PBMD']","[467572377852166090, 467572377853494323, 467572377856253555, 467572377855676124, 467572377852751696]","[0.798829972743988, 0.7958419322967529, 0.7950159907341003, 0.7944806814193726, 0.7924747467041016]"
72bc6771-10ba-48d8-afe1-c2e954680ade,Social & Preventive Medicine,0.1474609375,0.0615234375,0.75,0.042236328125,False,A,0.06243562698364258,medmcqa_3,"['PBMD', 'PBMD', 'PBMD', 'PBMD', 'PBMD']","[467572377852897503, 467572377855210169, 467572377852360434, 467572377853160196, 467572377855561998]","[0.8049762845039368, 0.8002453446388245, 0.7979210019111633, 0.7965662479400635, 0.7932413220405579]"
65bc1497-16bf-47eb-b91c-67abb58b9a73,Social & Preventive Medicine,0.328125,0.2255859375,0.1552734375,0.291015625,False,D,0.05463981628417969,medmcqa_3,"['PBMD', 'PBMD', 'PBMD', 'PBMD', 'PBMD']","[467572377854277971, 467572377852188914, 467572377853310786, 467572377854201634, 467572377855825611]","[0.7545157074928284, 0.7544890642166138, 0.7534197568893433, 0.7506479024887085, 0.7480406761169434]"
99d5cb50-a1db-4738-9801-515782ba8c7d,Social & Preventive Medicine,0.0027923583984375,0.00191497802734375,0.9921875,0.002960205078125,True,C,0.06487870216369629,medmcqa_3,"['PBMD', 'PBMD', 'PBMD', 'PBMD', 'PBMD']","[467572377855884360, 467572377853578052, 467572377853489938, 467572377852786110, 467572377854260291]","[0.7831035852432251, 0.7776329517364502, 0.7749512791633606, 0.7740939855575562, 0.7737027406692505]"
c20a5705-ca49-417a-8356-63f2fb9f0b61,Social & Preventive Medicine,0.2021484375,0.4296875,0.1396484375,0.2294921875,False,D,0.037833213806152344,medmcqa_3,"['PBMD', 'PBMD', 'PBMD', 'PBMD', 'PBMD']","[467572377855278970, 467572377850962139, 467572377855831772, 467572377853585578, 467572377852250542]","[0.7191110849380493, 0.7178951501846313, 0.7137711644172668, 0.7129192352294922, 0.7116759419441223]"
35b6120e-c672-4feb-8032-1c869acf2fc9,Social & Preventive Medicine,0.01422119140625,0.0927734375,0.8828125,0.0111083984375,True,C,0.03574562072753906,medmcqa_3,"['PBMD', 'TEXT', 'PBMD', 'PBMD', 'PBMD']","[467572377852133994, 467523489549949143, 467572377856697777, 467572377852328561, 467572377853765000]","[0.7199826836585999, 0.7193171977996826, 0.718451738357544, 0.7183728814125061, 0.7162460088729858]"
5dc89132-498b-4d0a-9747-ce911258bd58,Social & Preventive Medicine,0.26953125,0.306640625,0.23828125,0.185546875,False,A,0.06452560424804688,medmcqa_3,"['PBMD', 'PBMD', 'PBMD', 'PBMD', 'PBMD']","[467572377856811551, 467572377853073018, 467572377855344380, 467572377855990720, 467572377856964882]","[0.7231256365776062, 0.7227413654327393, 0.7222338318824768, 0.7202011942863464, 0.7179297208786011]"
3df50189-735b-49da-8bb7-5ef3688322a6,Social & Preventive Medicine,0.38671875,0.0218505859375,0.028076171875,0.5625,False,A,0.05400562286376953,medmcqa_3,"['PBMD', 'PBMD', 'PBMD', 'PBMD', 'PBMD']","[467572377853541314, 467572377856024774, 467572377856317341, 467572377852654506, 467572377856153759]","[0.8392273187637329, 0.8241835832595825, 0.8228574991226196, 0.8150626420974731, 0.8144346475601196]"
b5d7dd50-2e7b-4565-a716-eebfd39b3415,Social & Preventive Medicine,0.045166015625,0.259765625,0.625,0.06982421875,True,C,0.07312321662902832,medmcqa_3,"['PBMD', 'PBMD', 'PBMD', 'PBMD', 'PBMD']","[467572377855508079, 467572377855192430, 467572377856639405, 467572377855644626, 467572377854050620]","[0.7872956395149231, 0.7831043601036072, 0.7825181484222412, 0.7810119390487671, 0.7784110307693481]"
bcc4c179-8594-4a4d-97de-f0e20280b623,Social & Preventive Medicine,0.43359375,0.26171875,0.1806640625,0.1240234375,False,B,0.057788848876953125,medmcqa_3,"['PBMD', 'PBMD', 'PBMD', 'PBMD', 'PBMD']","[467572377856505675, 467572377852582516, 467572377853314447, 467572377855858989, 467572377852570320]","[0.7615915536880493, 0.7592400312423706, 0.7569659352302551, 0.756213903427124, 0.7417029738426208]"
2ac136e8-eaeb-4806-a9c3-916e1b08039c,Anatomy,0.0023040771484375,0.9921875,0.004058837890625,0.00140380859375,True,B,0.053293704986572266,medmcqa_3,"['PBMD', 'PBMD', 'PBMD', 'PBMD', 'PBMD']","[467572377855007616, 467572377852290054, 467572377853528854, 467572377852719598, 467572377852520119]","[0.8111873269081116, 0.8068122863769531, 0.8051751255989075, 0.8050095438957214, 0.8045600652694702]"
36dafba4-5f42-4214-a38c-e7a14711df31,Anatomy,0.98046875,0.009033203125,0.0042724609375,0.005828857421875,True,A,0.038523197174072266,medmcqa_3,"['TEXT', 'TEXT', 'STAT', 'STAT', 'STAT']","[467523489549674816, 467523489550004859, 467572377850290047, 467572377850290050, 467572377850685732]","[0.8006588816642761, 0.7980709075927734, 0.7930567264556885, 0.7883708477020264, 0.7814434170722961]"
39376ed2-69c9-47bf-be37-f07b09f3e61b,Anatomy,0.89453125,0.04443359375,0.050537109375,0.01055908203125,True,A,0.037213802337646484,medmcqa_3,"['PBMD', 'PBMD', 'PBMD', 'PBMD', 'PBMD']","[467572377853746638, 467572377852087157, 467572377856450243, 467572377853133389, 467572377850811761]","[0.788713276386261, 0.7847055792808533, 0.7816853523254395, 0.7728429436683655, 0.7723207473754883]"
23b35fdf-309b-4aa9-aea4-677526951e86,Anatomy,0.84765625,0.0120849609375,0.10107421875,0.03955078125,True,A,0.057935476303100586,medmcqa_3,"['PBMD', 'PBMD', 'PBMD', 'PBMD', 'PBMD']","[467572377856249301, 467572377852593751, 467572377853805889, 467572377855135056, 467572377854148627]","[0.794768214225769, 0.7758621573448181, 0.7743291854858398, 0.7672541737556458, 0.7665053606033325]"
2ffee349-a8bd-4640-b992-2e3cb257cc2a,Anatomy,0.3984375,0.166015625,0.039306640625,0.3984375,True,A,0.037848472595214844,medmcqa_3,"['PBMD', 'TEXT', 'PBMD', 'PBMD', 'TEXT']","[467572377853479268, 467523489549674689, 467572377854679971, 467572377854288995, 467523489549990543]","[0.7928205728530884, 0.7845499515533447, 0.7727147936820984, 0.7726597189903259, 0.7674638032913208]"
af247f62-445a-4380-b29c-a8fe647e64d8,Anatomy,0.1162109375,0.859375,0.004791259765625,0.0201416015625,True,B,0.05425763130187988,medmcqa_3,"['PBMD', 'PBMD', 'PBMD', 'PBMD', 'PBMD']","[467572377852170679, 467572377856445222, 467572377852331977, 467572377856264003, 467572377855428167]","[0.7568885087966919, 0.7515394687652588, 0.7511796951293945, 0.7488110661506653, 0.7466869950294495]"
a2749e50-a593-438e-b8b9-270f4f648d52,Anatomy,0.02783203125,0.1328125,0.765625,0.07568359375,False,D,0.05581021308898926,medmcqa_3,"['PBMD', 'PBMD', 'PBMD', 'PBMD', 'PBMD']","[467572377855034843, 467572377853770543, 467572377855063993, 467572377852236601, 467572377852229203]","[0.829070508480072, 0.8244493007659912, 0.8146413564682007, 0.8057440519332886, 0.8040075302124023]"
6e27de8a-38fd-47dc-9454-d1f53e80b0a0,Anatomy,0.359375,0.1025390625,0.40625,0.1318359375,False,A,0.03794264793395996,medmcqa_3,"['PBMD', 'PBMD', 'PBMD', 'PBMD', 'PBMD']","[467572377855850218, 467572377852808515, 467572377856697693, 467572377853154405, 467572377855062364]","[0.7625014781951904, 0.7481201887130737, 0.7439925074577332, 0.7401777505874634, 0.7400075197219849]"
9d6fbc89-ff9a-4052-834f-cfa63a703d4f,Anatomy,0.1650390625,0.44921875,0.240234375,0.1455078125,False,C,0.03789019584655762,medmcqa_3,"['STAT', 'PBMD', 'PBMD', 'PBMD', 'PBMD']","[467572377850640765, 467572377855680194, 467572377850903089, 467572377853186317, 467572377856804748]","[0.7496745586395264, 0.7306868433952332, 0.7294021844863892, 0.728968620300293, 0.7270689606666565]"
d1841e7b-e2a4-49f3-8721-83522bbb7cd7,Anatomy,0.035400390625,0.9140625,0.035400390625,0.0167236328125,True,B,0.03792142868041992,medmcqa_3,"['TEXT', 'STAT', 'TEXT', 'PBMD', 'TEXT']","[467523489549677428, 467572377850224866, 467523489549679088, 467572377853763060, 467523489549677425]","[0.8449095487594604, 0.8300230503082275, 0.8281024694442749, 0.8207495212554932, 0.8124642968177795]"
9e647eab-c507-44aa-8f44-f4af31d7a88b,Anatomy,0.83984375,0.06884765625,0.0537109375,0.036865234375,True,A,0.04019904136657715,medmcqa_3,"['PBMD', 'PBMD', 'TEXT', 'STAT', 'PBMD']","[467572377855166016, 467572377853446073, 467523489549674887, 467572377850747837, 467572377854783393]","[0.791044294834137, 0.7643539905548096, 0.7541326880455017, 0.7533246278762817, 0.7395817637443542]"
b19b4de0-eeb0-4893-9577-4bbd194ac887,Anatomy,0.05908203125,0.46484375,0.193359375,0.28125,False,C,0.04776883125305176,medmcqa_3,"['PBMD', 'PBMD', 'PBMD', 'PBMD', 'PBMD']","[467572377854974220, 467572377852562227, 467572377856291105, 467572377855152518, 467572377856559139]","[0.768889307975769, 0.7666594982147217, 0.764004111289978, 0.7619245052337646, 0.7596035599708557]"
7bfebe56-e9ef-4234-8e6c-427ab774017c,Anatomy,0.0869140625,0.0673828125,0.82421875,0.02197265625,False,D,0.03667807579040527,medmcqa_3,"['TEXT', 'PBMD', 'STAT', 'PBMD', 'PBMD']","[467523489549954135, 467572377853306661, 467572377850270088, 467572377852244027, 467572377853350001]","[0.82089763879776, 0.8020855784416199, 0.800872802734375, 0.7962496876716614, 0.7936333417892456]"
276efef0-0d32-42e8-a854-fe603d2f8906,Anatomy,0.0023193359375,0.0003337860107421875,0.003814697265625,0.9921875,True,D,0.03440737724304199,medmcqa_3,"['STAT', 'STAT', 'STAT', 'TEXT', 'STAT']","[467572377850358623, 467572377850358610, 467572377850766702, 467523489549997466, 467572377850723752]","[0.8119981288909912, 0.8073369860649109, 0.800886332988739, 0.798278272151947, 0.7968554496765137]"
d53da4c6-0910-45e7-b4a2-dcb2f5cbc3d9,Anatomy,0.8828125,0.08203125,0.0302734375,0.003387451171875,True,A,0.035790443420410156,medmcqa_3,"['PBMD', 'STAT', 'PBMD', 'PBMD', 'PBMD']","[467572377853341980, 467572377850384482, 467572377855314776, 467572377853812984, 467572377856184918]","[0.8218582272529602, 0.8120405077934265, 0.8015888929367065, 0.7957193851470947, 0.7943874001502991]"
c92a1589-766f-429f-b8e5-69aa35939031,Anatomy,0.443359375,0.1630859375,0.046875,0.345703125,True,A,0.037702083587646484,medmcqa_3,"['TEXT', 'STAT', 'TEXT', 'STAT', 'TEXT']","[467523489549674689, 467572377850318828, 467523489549990543, 467572377850790910, 467523489549674568]","[0.7870924472808838, 0.7642852067947388, 0.7560259103775024, 0.7555112242698669, 0.7549039721488953]"
0963ad31-2cad-4b7f-9b7c-9cc7a2aa50c2,Anatomy,0.19921875,0.12109375,0.61328125,0.06494140625,True,C,0.057417869567871094,medmcqa_3,"['PBMD', 'TEXT', 'TEXT', 'TEXT', 'PBMD']","[467572377854080802, 467523489549988991, 467523489549988635, 467523489549992187, 467572377855678109]","[0.6869631409645081, 0.6864859461784363, 0.6863483786582947, 0.6858969330787659, 0.6843615770339966]"
6f15d9bf-48c6-4a16-af29-9c6e865e48b4,Anatomy,0.09716796875,0.06689453125,0.81640625,0.0203857421875,True,C,0.034149885177612305,medmcqa_3,"['PBMD', 'TEXT', 'TEXT', 'TEXT', 'TEXT']","[467572377852201424, 467523489549699742, 467523489549699740, 467523489549699880, 467523489549699874]","[0.8101099133491516, 0.8002457618713379, 0.7930565476417542, 0.7904396653175354, 0.7882880568504333]"
e1daf020-a898-4939-84de-75de0814bd02,Anatomy,0.73046875,0.0869140625,0.11181640625,0.072265625,False,C,0.03742241859436035,medmcqa_3,"['STAT', 'PBMD', 'PBMD', 'STAT', 'STAT']","[467572377850762862, 467572377855600344, 467572377853346383, 467572377850721204, 467572377850225572]","[0.804071843624115, 0.8025233745574951, 0.7997341752052307, 0.7985271215438843, 0.7974252700805664]"
5d28ac4f-90a7-4c8c-b80f-fac6b909367d,Anatomy,0.01153564453125,0.01153564453125,0.9765625,0.0004215240478515625,True,C,0.03242063522338867,medmcqa_3,"['STAT', 'STAT', 'PBMD', 'PBMD', 'STAT']","[467572377850387469, 467572377850713195, 467572377853977270, 467572377856413635, 467572377850348279]","[0.8015677332878113, 0.7900748252868652, 0.7838232517242432, 0.7797240018844604, 0.7722153663635254]"
a071c616-d3d0-49d4-9e9f-47864917b6cd,Pathology,0.9765625,0.007476806640625,0.01397705078125,0.000396728515625,True,A,0.048111677169799805,medmcqa_3,"['PBMD', 'PBMD', 'PBMD', 'PBMD', 'PBMD']","[467572377856873035, 467572377853767038, 467572377851013818, 467572377853086528, 467572377851012720]","[0.816931426525116, 0.8065585494041443, 0.7991235852241516, 0.7945142388343811, 0.7909793853759766]"
263b7dee-c001-4563-957d-77ba3eeb62a1,Pathology,0.1162109375,0.1162109375,0.24609375,0.51953125,False,A,0.05446791648864746,medmcqa_3,"['PBMD', 'PBMD', 'PBMD', 'PBMD', 'PBMD']","[467572377856716198, 467572377853282605, 467572377854820066, 467572377854755210, 467572377854154609]","[0.8416699171066284, 0.8364490866661072, 0.8336353898048401, 0.8276907205581665, 0.8275502920150757]"
405b6b0f-65c1-4e95-b004-b96ca2cfd294,Pathology,0.0201416015625,0.00616455078125,0.97265625,0.001068115234375,True,C,0.02551579475402832,medmcqa_3,"['STAT', 'STAT', 'STAT', 'STAT', 'STAT']","[467572377850645781, 467572377850645893, 467572377850645852, 467572377850645868, 467572377850645849]","[0.8076109886169434, 0.8074037432670593, 0.8007507920265198, 0.7978175282478333, 0.7951729893684387]"
58815e2d-9509-48f2-b9ad-cfff60468274,Pathology,0.0054931640625,0.0037689208984375,0.007049560546875,0.984375,True,D,0.02612614631652832,medmcqa_3,"['STAT', 'STAT', 'PBMD', 'STAT', 'STAT']","[467572377850355394, 467572377850282304, 467572377852085583, 467572377850285047, 467572377850285055]","[0.7544805407524109, 0.7368214130401611, 0.7364190220832825, 0.7362982034683228, 0.7336326837539673]"
490ec331-77f5-4968-9a3a-fad659bc8118,Pathology,0.00994873046875,0.027099609375,0.006866455078125,0.95703125,True,D,0.035524606704711914,medmcqa_3,"['STAT', 'STAT', 'STAT', 'PBMD', 'PBMD']","[467572377850264282, 467572377850316277, 467572377850302330, 467572377853421146, 467572377854733849]","[0.8400841355323792, 0.8155704140663147, 0.8125041127204895, 0.8121812343597412, 0.8115651607513428]"
cfe3e7c2-c845-436f-8564-cfc1c7c47590,Pathology,0.2578125,0.1767578125,0.08349609375,0.482421875,True,D,0.025378942489624023,medmcqa_3,"['PBMD', 'STAT', 'PBMD', 'PBMD', 'PBMD']","[467572377855620835, 467572377850350635, 467572377856179751, 467572377855084489, 467572377852601170]","[0.8451676964759827, 0.8356753587722778, 0.8355001211166382, 0.8155723810195923, 0.8112377524375916]"
97e7aaa0-6279-461e-93f2-976e117bc631,Pathology,0.0311279296875,0.91015625,0.03759765625,0.022705078125,True,B,0.05838322639465332,medmcqa_3,"['PBMD', 'PBMD', 'PBMD', 'PBMD', 'PBMD']","[467572377852683536, 467572377856154969, 467572377856121298, 467572377852414430, 467572377854412452]","[0.8130000829696655, 0.8099837303161621, 0.8091604113578796, 0.8065797090530396, 0.8064171671867371]"
502c4fa8-d0cc-4d48-83e3-4e4eaa7473ee,Pathology,0.259765625,0.083984375,0.62109375,0.03515625,False,A,0.0548253059387207,medmcqa_3,"['PBMD', 'PBMD', 'PBMD', 'PBMD', 'PBMD']","[467572377852411759, 467572377855303010, 467572377853052136, 467572377852968945, 467572377856019570]","[0.8417015671730042, 0.8367488384246826, 0.8351643681526184, 0.8318186402320862, 0.8248569965362549]"
bef549b2-d542-47cc-8097-af9e9ae75745,Pathology,0.1728515625,0.2216796875,0.322265625,0.28515625,False,B,0.060596466064453125,medmcqa_3,"['PBMD', 'PBMD', 'PBMD', 'PBMD', 'PBMD']","[467572377852255299, 467572377853892464, 467572377853904167, 467572377856379070, 467572377856638806]","[0.7798673510551453, 0.7712875008583069, 0.7708472013473511, 0.7702598571777344, 0.7685454487800598]"
67ff8877-4273-443f-ad82-44dff0061dc0,Pathology,0.037841796875,0.037841796875,0.0625,0.86328125,True,D,0.048740386962890625,medmcqa_3,"['PBMD', 'PBMD', 'PBMD', 'PBMD', 'PBMD']","[467572377855797229, 467572377855738500, 467572377853531772, 467572377855686812, 467572377852624529]","[0.8159965872764587, 0.8108389973640442, 0.8085358142852783, 0.8077729940414429, 0.8056224584579468]"
d8216ef4-a93c-4947-9849-7befb23992c6,Pathology,0.083984375,0.546875,0.07421875,0.29296875,True,B,0.05057215690612793,medmcqa_3,"['PBMD', 'PBMD', 'PBMD', 'PBMD', 'PBMD']","[467572377854394106, 467572377853179401, 467572377854769069, 467572377852418092, 467572377856302852]","[0.7751343846321106, 0.7693071961402893, 0.7594043016433716, 0.7587888240814209, 0.7586082220077515]"
f562a95b-0cc2-4d9d-928d-f355c0dc067e,Pathology,0.06494140625,0.057373046875,0.69921875,0.1767578125,False,D,0.048804283142089844,medmcqa_3,"['PBMD', 'PBMD', 'PBMD', 'PBMD', 'PBMD']","[467572377855387212, 467572377854631471, 467572377855387210, 467572377853694199, 467572377852965691]","[0.8025598526000977, 0.7848029136657715, 0.7835451364517212, 0.7810821533203125, 0.7779237627983093]"
d85ea864-1c7c-47be-a26f-a27ae5f18125,Pathology,0.027099609375,0.006439208984375,0.010009765625,0.95703125,True,D,0.03481483459472656,medmcqa_3,"['PBMD', 'PBMD', 'STAT', 'PBMD', 'PBMD']","[467572377852612825, 467572377853108790, 467572377850787978, 467572377854978270, 467572377854154426]","[0.8283200263977051, 0.8199301958084106, 0.8186415433883667, 0.818001389503479, 0.8167167901992798]"
63f1bd89-1d37-4239-8e77-9fd6ca359b9f,Pathology,0.03271484375,0.953125,0.00823974609375,0.00640869140625,True,B,0.038407325744628906,medmcqa_3,"['PBMD', 'PBMD', 'PBMD', 'PBMD', 'PBMD']","[467572377855042275, 467572377852907801, 467572377854950419, 467572377855003511, 467572377854888887]","[0.8061493635177612, 0.8044604659080505, 0.8017690181732178, 0.7970179319381714, 0.79635089635849]"
e57550c9-12d6-42d0-8608-3f5176771d50,Pathology,0.326171875,0.369140625,0.287109375,0.018310546875,False,A,0.04935503005981445,medmcqa_3,"['PBMD', 'PBMD', 'PBMD', 'PBMD', 'PBMD']","[467572377852259472, 467572377856014024, 467572377853391979, 467572377854703029, 467572377856188284]","[0.8095438480377197, 0.8011062741279602, 0.7945348620414734, 0.7910017371177673, 0.7902514338493347]"
b0e1c035-1968-4efe-a73c-934009e1e4fa,Pathology,0.034423828125,0.9453125,0.004974365234375,0.01348876953125,True,B,0.06501555442810059,medmcqa_3,"['PBMD', 'PBMD', 'PBMD', 'PBMD', 'PBMD']","[467572377856376046, 467572377855551477, 467572377856362951, 467572377855165122, 467572377855853734]","[0.8353114724159241, 0.8237200379371643, 0.8228433728218079, 0.8184750080108643, 0.8171424865722656]"
772b9602-7647-4d3b-8284-bded99571624,Pathology,0.02587890625,0.9140625,0.03759765625,0.0242919921875,True,B,0.035916805267333984,medmcqa_3,"['STAT', 'PBMD', 'PBMD', 'PBMD', 'PBMD']","[467572377850355190, 467572377850840862, 467572377854400496, 467572377850825021, 467572377850829452]","[0.8446667790412903, 0.8420173525810242, 0.839205265045166, 0.8380265235900879, 0.8371866941452026]"
612ee6b0-07bc-4ba0-8842-8fb521f62ad7,Pathology,0.0084228515625,0.97265625,0.0147705078125,0.005767822265625,True,B,0.04918074607849121,medmcqa_3,"['TEXT', 'TEXT', 'PBMD', 'PBMD', 'TEXT']","[467523489549971123, 467523489549971124, 467572377856121355, 467572377855696905, 467523489549701476]","[0.8079677820205688, 0.8074702024459839, 0.7983198165893555, 0.7978508472442627, 0.7914608716964722]"
47c6d2f8-5754-41ba-856b-43388b61e10f,Pathology,0.044921875,0.703125,0.0240478515625,0.228515625,True,B,0.048163652420043945,medmcqa_3,"['PBMD', 'PBMD', 'PBMD', 'TEXT', 'PBMD']","[467572377853829274, 467572377855738579, 467572377854959463, 467523489549973858, 467572377854475192]","[0.8462631106376648, 0.8107550740242004, 0.8072509765625, 0.8053311109542847, 0.8014204502105713]"
b870c94b-8d35-454c-b3da-47f01efa9fbf,Pathology,0.89453125,0.015380859375,0.016357421875,0.0732421875,True,A,0.04780292510986328,medmcqa_3,"['PBMD', 'PBMD', 'PBMD', 'PBMD', 'PBMD']","[467572377856366094, 467572377855738320, 467572377852530011, 467572377853104778, 467572377853698134]","[0.8258340358734131, 0.817854642868042, 0.8122287392616272, 0.8108046054840088, 0.8095847368240356]"
4bbf56c7-bb4f-40fe-a486-d25757b17e70,Ophthalmology,0.287109375,0.6875,0.0086669921875,0.018310546875,True,B,0.04584550857543945,medmcqa_3,"['PBMD', 'PBMD', 'PBMD', 'PBMD', 'PBMD']","[467572377854990520, 467572377854112129, 467572377856955940, 467572377852496691, 467572377852970079]","[0.8253158330917358, 0.8203638792037964, 0.8194832801818848, 0.8182457685470581, 0.8167805671691895]"
500ad93f-9ffa-44c1-b785-f43b541b31e2,Ophthalmology,0.05810546875,0.0146484375,0.8515625,0.07470703125,True,C,0.025987625122070312,medmcqa_3,"['TEXT', 'STAT', 'STAT', 'TEXT', 'STAT']","[467523489549700756, 467572377850683920, 467572377850359938, 467523489549700755, 467572377850774838]","[0.7856385707855225, 0.7766968607902527, 0.7560888528823853, 0.7540923357009888, 0.7501224875450134]"
f6dca3fc-6111-48c6-bf2d-7de90fdff1b1,Ophthalmology,0.024658203125,0.142578125,0.11083984375,0.72265625,False,C,0.04670548439025879,medmcqa_3,"['PBMD', 'PBMD', 'PBMD', 'PBMD', 'PBMD']","[467572377854025080, 467572377852457751, 467572377855878396, 467572377852263496, 467572377853370406]","[0.8031752109527588, 0.7961054444313049, 0.7951260805130005, 0.791668176651001, 0.7914105653762817]"
39bf4a08-de56-4812-8dc3-c0d86f8f2d32,Ophthalmology,0.96875,0.00738525390625,0.012939453125,0.01220703125,True,A,0.047521352767944336,medmcqa_3,"['PBMD', 'STAT', 'STAT', 'PBMD', 'PBMD']","[467572377855226066, 467572377850684130, 467572377850763072, 467572377856660055, 467572377855134957]","[0.8296979665756226, 0.8214008808135986, 0.8195715546607971, 0.8186867237091064, 0.8160648345947266]"
6abb67be-13d5-4f45-8f91-0037dc81f1d7,Ophthalmology,0.2216796875,0.0634765625,0.031982421875,0.68359375,False,A,0.040673255920410156,medmcqa_3,"['PBMD', 'PBMD', 'PBMD', 'PBMD', 'PBMD']","[467572377853759730, 467572377855005482, 467572377853197738, 467572377852306566, 467572377855561661]","[0.7524983286857605, 0.7524843811988831, 0.7497882843017578, 0.74844890832901, 0.7450131773948669]"
9431352c-7b44-4b08-86c6-f08c76a0274c,Ophthalmology,0.53515625,0.020751953125,0.026611328125,0.41796875,True,A,0.03524899482727051,medmcqa_3,"['STAT', 'PBMD', 'PBMD', 'STAT', 'PBMD']","[467572377850706563, 467572377856163708, 467572377856600105, 467572377850633483, 467572377854798523]","[0.775129497051239, 0.7740454077720642, 0.7706882953643799, 0.7642379999160767, 0.7637478709220886]"
3a54026a-a3b3-41a3-9022-391ba442dad9,Ophthalmology,0.0927734375,0.056396484375,0.77734375,0.072265625,True,C,0.03284955024719238,medmcqa_3,"['PBMD', 'PBMD', 'PBMD', 'PBMD', 'PBMD']","[467572377855411951, 467572377854904532, 467572377853077842, 467572377852101996, 467572377852603112]","[0.7925446033477783, 0.7907313704490662, 0.7755903005599976, 0.7715998291969299, 0.7712580561637878]"
87d78d59-f6b7-4c80-ba5e-62a466fe9428,Ophthalmology,0.302734375,0.046630859375,0.008056640625,0.640625,True,D,0.04633283615112305,medmcqa_3,"['PBMD', 'PBMD', 'PBMD', 'PBMD', 'PBMD']","[467572377855974524, 467572377856413067, 467572377855661538, 467572377855737534, 467572377852758758]","[0.7595889568328857, 0.7583930492401123, 0.7550861239433289, 0.7538436651229858, 0.7523775100708008]"
07a17f18-d7f5-4c83-b9d9-ff22608def1e,Ophthalmology,0.0908203125,0.04296875,0.86328125,0.00274658203125,True,C,0.03520345687866211,medmcqa_3,"['PBMD', 'STAT', 'PBMD', 'PBMD', 'STAT']","[467572377856017063, 467572377850768798, 467572377854897039, 467572377854608559, 467572377850332250]","[0.8063287138938904, 0.7838107347488403, 0.7800326943397522, 0.7795603275299072, 0.7760491371154785]"
a79b1452-13d6-41f7-b276-cda81cfb3ea6,Ophthalmology,0.1650390625,0.08837890625,0.396484375,0.349609375,True,C,0.032218217849731445,medmcqa_3,"['PBMD', 'PBMD', 'PBMD', 'PBMD', 'PBMD']","[467572377852252194, 467572377854932915, 467572377852711658, 467572377853805337, 467572377855805975]","[0.849778413772583, 0.836999773979187, 0.8320900797843933, 0.8104138374328613, 0.8084664344787598]"
0c662544-29f5-4b23-9bcc-a631b6a320ad,Ophthalmology,0.003814697265625,0.99609375,0.0006256103515625,0.0001678466796875,True,B,0.032460689544677734,medmcqa_3,"['PBMD', 'PBMD', 'STAT', 'PBMD', 'STAT']","[467572377856699261, 467572377856096456, 467572377850346016, 467572377853855635, 467572377850345984]","[0.7940143346786499, 0.7804335355758667, 0.7784183025360107, 0.7686582803726196, 0.7672226428985596]"
e23ad6ee-f245-4303-9008-fb78d39bfb8a,Ophthalmology,0.0245361328125,0.91796875,0.0245361328125,0.031494140625,False,C,0.04643058776855469,medmcqa_3,"['PBMD', 'PBMD', 'PBMD', 'TEXT', 'STAT']","[467572377852898894, 467572377851000252, 467572377855985327, 467523489549707976, 467572377850629347]","[0.8259674906730652, 0.8223587870597839, 0.8162485957145691, 0.8121905326843262, 0.8084412813186646]"
a6382989-2dd5-420f-b084-cb909bdebb50,Ophthalmology,0.004302978515625,0.0027923583984375,0.9921875,0.00066375732421875,True,C,0.03206372261047363,medmcqa_3,"['STAT', 'PBMD', 'PBMD', 'TEXT', 'STAT']","[467572377850347363, 467572377854973841, 467572377854313705, 467523489549677082, 467572377850246667]","[0.8208492398262024, 0.8197969794273376, 0.8182361125946045, 0.8121373653411865, 0.8089085817337036]"
6c3f920d-96e2-4d84-88a8-a63bcd50c420,Ophthalmology,0.1083984375,0.1572265625,0.02734375,0.70703125,False,B,0.06100273132324219,medmcqa_3,"['PBMD', 'PBMD', 'PBMD', 'PBMD', 'PBMD']","[467572377856170240, 467572377853576926, 467572377852948018, 467572377853858580, 467572377853505810]","[0.8335158228874207, 0.8292081952095032, 0.826327383518219, 0.8248536586761475, 0.8214023113250732]"
b2792f26-5561-45cc-af6b-f3c214b24007,Ophthalmology,0.0830078125,0.89453125,0.0135498046875,0.01055908203125,True,B,0.030948162078857422,medmcqa_3,"['STAT', 'STAT', 'STAT', 'PBMD', 'STAT']","[467572377850240968, 467572377850682531, 467572377850240970, 467572377852601462, 467572377850240973]","[0.8002471327781677, 0.7875760197639465, 0.7857587337493896, 0.7737066745758057, 0.7733618021011353]"
04b05780-a8f1-49d7-a503-1d4708df88ef,Ophthalmology,0.09375,0.04150390625,0.8359375,0.0303955078125,True,C,0.05359601974487305,medmcqa_3,"['PBMD', 'PBMD', 'PBMD', 'STAT', 'PBMD']","[467572377854609353, 467572377854012693, 467572377854951222, 467572377850764941, 467572377855385277]","[0.7647577524185181, 0.7590940594673157, 0.7542425394058228, 0.7539989948272705, 0.752650260925293]"
58e1a7dd-6fc3-4b0c-8195-c67ad3d198d3,Ophthalmology,0.03515625,0.84765625,0.05419921875,0.0615234375,False,D,0.03449201583862305,medmcqa_3,"['PBMD', 'STAT', 'STAT', 'PBMD', 'PBMD']","[467572377853584941, 467572377850759055, 467572377850759054, 467572377854602665, 467572377856341180]","[0.8009263873100281, 0.7989434003829956, 0.7969577312469482, 0.7948356866836548, 0.788429856300354]"
2184cf3b-ddc2-428f-8488-8571b11bc9ea,Ophthalmology,0.150390625,0.59375,0.2470703125,0.00848388671875,True,B,0.03345656394958496,medmcqa_3,"['PBMD', 'PBMD', 'PBMD', 'PBMD', 'PBMD']","[467572377856189674, 467572377855016943, 467572377854189365, 467572377854509311, 467572377856196090]","[0.7945334911346436, 0.7694262862205505, 0.7688659429550171, 0.7454074025154114, 0.7442020773887634]"
65d54cd0-f708-44eb-906b-cc7b548a6ded,Ophthalmology,0.85546875,0.0069580078125,0.11572265625,0.021484375,True,A,0.03477144241333008,medmcqa_3,"['PBMD', 'STAT', 'STAT', 'STAT', 'STAT']","[467572377852935578, 467572377850777720, 467572377850308419, 467572377850308428, 467572377850308398]","[0.8680160045623779, 0.8554819226264954, 0.834437370300293, 0.8240145444869995, 0.8232900500297546]"
c0656873-3fc0-4f1d-9f28-5fad131efdb4,Ophthalmology,0.80078125,0.024169921875,0.1083984375,0.06591796875,False,C,0.034032344818115234,medmcqa_3,"['PBMD', 'PBMD', 'PBMD', 'PBMD', 'STAT']","[467572377854945729, 467572377853765790, 467572377854947036, 467572377854747435, 467572377850368296]","[0.805455207824707, 0.7993977665901184, 0.7942500114440918, 0.7731882333755493, 0.7694342732429504]"
c70efef7-813f-4b61-a9d1-dd7a6109c380,Gynaecology & Obstetrics,0.07080078125,0.28125,0.59375,0.05517578125,True,C,0.04825878143310547,medmcqa_3,"['PBMD', 'PBMD', 'PBMD', 'PBMD', 'PBMD']","[467572377856257045, 467572377856803138, 467572377856391637, 467572377856134785, 467572377854115436]","[0.7928854823112488, 0.7813552618026733, 0.7808411121368408, 0.7702283263206482, 0.7681431770324707]"
15a20677-7145-4110-97ba-132b0a5e93a4,Gynaecology & Obstetrics,0.1064453125,0.5390625,0.1982421875,0.154296875,True,B,0.035480499267578125,medmcqa_3,"['PBMD', 'PBMD', 'PBMD', 'PBMD', 'PBMD']","[467572377852802343, 467572377855068642, 467572377856387060, 467572377852048369, 467572377855078085]","[0.8122988939285278, 0.8101327419281006, 0.8086206912994385, 0.8065190315246582, 0.8047028183937073]"
6319d7ef-1241-4e03-a52f-ebdabb7dbd54,Gynaecology & Obstetrics,0.054931640625,0.062255859375,0.859375,0.02294921875,True,C,0.08005857467651367,medmcqa_3,"['PBMD', 'PBMD', 'PBMD', 'PBMD', 'PBMD']","[467572377856887892, 467572377856317928, 467572377852989007, 467572377855776688, 467572377853063754]","[0.8133261203765869, 0.8061355948448181, 0.805055558681488, 0.8029000759124756, 0.8025315999984741]"
90249ff6-3e92-4577-bf75-2e6aab78f48b,Gynaecology & Obstetrics,0.33984375,0.03369140625,0.55859375,0.06689453125,False,A,0.048521995544433594,medmcqa_3,"['PBMD', 'PBMD', 'PBMD', 'PBMD', 'PBMD']","[467572377854688132, 467572377852572433, 467572377854688131, 467572377852564280, 467572377855358770]","[0.7649996280670166, 0.7646569013595581, 0.7623839974403381, 0.7610495686531067, 0.754700779914856]"
50b04e79-1cba-4c86-aaf0-f5f446841577,Gynaecology & Obstetrics,0.1328125,0.09130859375,0.01092529296875,0.765625,False,B,0.0520482063293457,medmcqa_3,"['STAT', 'PBMD', 'PBMD', 'PBMD', 'PBMD']","[467572377850765166, 467572377853754810, 467572377852559516, 467572377856843509, 467572377853386058]","[0.8047100901603699, 0.8038734197616577, 0.8031972646713257, 0.7982663512229919, 0.797710120677948]"
5294137a-cb1d-43b1-b501-d4424c19dd74,Gynaecology & Obstetrics,0.021484375,0.97265625,0.0029144287109375,0.001556396484375,True,B,0.04589533805847168,medmcqa_3,"['PBMD', 'STAT', 'STAT', 'PBMD', 'PBMD']","[467572377853724822, 467572377850370967, 467572377850302793, 467572377856950821, 467572377854600525]","[0.8510132431983948, 0.8310762047767639, 0.8297230005264282, 0.8259186148643494, 0.8252375721931458]"
6e2b39bc-6178-42e5-9148-8663417b5c5a,Gynaecology & Obstetrics,0.5234375,0.169921875,0.0277099609375,0.279296875,True,A,0.03752398490905762,medmcqa_3,"['TEXT', 'PBMD', 'PBMD', 'PBMD', 'STAT']","[467523489549689637, 467572377854996689, 467572377853561506, 467572377854874632, 467572377850722062]","[0.8601990342140198, 0.8369060754776001, 0.8314937353134155, 0.8312937021255493, 0.8312594890594482]"
0b16f94f-4ea8-4129-8a12-6877e9bcdd67,Gynaecology & Obstetrics,0.9921875,0.0048828125,0.00191497802734375,7.915496826171875e-05,True,A,0.03708362579345703,medmcqa_3,"['PBMD', 'TEXT', 'STAT', 'PBMD', 'TEXT']","[467572377853253194, 467523489549974983, 467572377850728941, 467572377854331120, 467523489549690902]","[0.8272659182548523, 0.8223164677619934, 0.8201090693473816, 0.8094420433044434, 0.809300422668457]"
052f519c-f34e-4459-83dd-eba19d6ebc02,Gynaecology & Obstetrics,0.43359375,0.43359375,0.12451171875,0.0079345703125,False,B,0.05467581748962402,medmcqa_3,"['PBMD', 'PBMD', 'PBMD', 'PBMD', 'PBMD']","[467572377856144068, 467572377853580764, 467572377852557716, 467572377852436297, 467572377852750026]","[0.8108541965484619, 0.8021369576454163, 0.7958701848983765, 0.7908735275268555, 0.7888113260269165]"
6979a875-5f32-4e7f-966e-25dea9e566b4,Gynaecology & Obstetrics,0.095703125,0.05810546875,0.294921875,0.55078125,False,C,0.04714703559875488,medmcqa_3,"['PBMD', 'PBMD', 'PBMD', 'PBMD', 'PBMD']","[467572377854440866, 467572377853019478, 467572377853010608, 467572377852610326, 467572377855027898]","[0.8393919467926025, 0.8366521000862122, 0.8366219997406006, 0.829520583152771, 0.8272709846496582]"
5138b164-7f8c-4cf2-950a-9649292c4ba4,Gynaecology & Obstetrics,0.031494140625,0.10986328125,0.8125,0.0458984375,True,C,0.05480599403381348,medmcqa_3,"['PBMD', 'PBMD', 'PBMD', 'PBMD', 'PBMD']","[467572377850890329, 467572377853070845, 467572377854363122, 467572377850880906, 467572377853308317]","[0.8314038515090942, 0.8234215974807739, 0.8225128054618835, 0.822052001953125, 0.8164865374565125]"
9b747639-650f-4321-98bd-aafa370c218a,Gynaecology & Obstetrics,0.01214599609375,0.022705078125,0.96484375,0.00060272216796875,True,C,0.05346989631652832,medmcqa_3,"['PBMD', 'PBMD', 'PBMD', 'PBMD', 'PBMD']","[467572377852779102, 467572377853911494, 467572377854715389, 467572377855934729, 467572377853959081]","[0.8236112594604492, 0.8219761252403259, 0.8183243274688721, 0.8138015270233154, 0.8120568990707397]"
96f7144f-23c6-46bc-b5f0-7c3dfefb031e,Gynaecology & Obstetrics,0.40625,0.24609375,0.24609375,0.1025390625,False,B,0.06369161605834961,medmcqa_3,"['PBMD', 'PBMD', 'PBMD', 'PBMD', 'PBMD']","[467572377856685346, 467572377856809360, 467572377856600754, 467572377856947816, 467572377854763089]","[0.8148589134216309, 0.8102837204933167, 0.8067642450332642, 0.7980543971061707, 0.7892829179763794]"
ae040812-b921-4061-9b38-1c62d644d12d,Gynaecology & Obstetrics,0.59765625,0.06298828125,0.283203125,0.0556640625,True,A,0.04787611961364746,medmcqa_3,"['PBMD', 'PBMD', 'PBMD', 'PBMD', 'PBMD']","[467572377853596437, 467572377853611714, 467572377852547306, 467572377852766129, 467572377852767679]","[0.848508358001709, 0.8464030027389526, 0.8410422801971436, 0.8355287313461304, 0.8327654600143433]"
8abf06e5-8f22-4eb5-b9ce-ecfe86f2b563,Gynaecology & Obstetrics,0.119140625,0.68359375,0.07666015625,0.119140625,True,B,0.05039072036743164,medmcqa_3,"['PBMD', 'PBMD', 'PBMD', 'PBMD', 'PBMD']","[467572377855642383, 467572377854911639, 467572377853338296, 467572377850882999, 467572377854583791]","[0.8249934315681458, 0.8238968253135681, 0.8196965456008911, 0.819129467010498, 0.8191100358963013]"
9dec05e6-20c9-4b14-805d-436c3d9aa49a,Gynaecology & Obstetrics,0.00750732421875,0.984375,0.0003509521484375,0.00848388671875,True,B,0.0389554500579834,medmcqa_3,"['PBMD', 'PBMD', 'PBMD', 'PBMD', 'PBMD']","[467572377855476523, 467572377854614005, 467572377854783124, 467572377856973578, 467572377854360025]","[0.7910563349723816, 0.7841281890869141, 0.7802239060401917, 0.7791122794151306, 0.7768519520759583]"
51054785-af67-4f2e-8834-a177e8e517a5,Gynaecology & Obstetrics,0.3125,0.2431640625,0.1669921875,0.275390625,False,B,0.05255413055419922,medmcqa_3,"['PBMD', 'PBMD', 'PBMD', 'PBMD', 'PBMD']","[467572377853132079, 467572377855815638, 467572377856512911, 467572377855321917, 467572377855616433]","[0.8450785279273987, 0.8406015634536743, 0.8405927419662476, 0.8352491855621338, 0.8351308107376099]"
6cd6781c-ac10-421c-b960-cfeb3baf8236,Gynaecology & Obstetrics,0.039794921875,0.054443359375,0.8515625,0.054443359375,True,C,0.036411285400390625,medmcqa_3,"['PBMD', 'PBMD', 'PBMD', 'STAT', 'PBMD']","[467572377855499814, 467572377852998862, 467572377856716532, 467572377850283203, 467572377854704411]","[0.7866848111152649, 0.7741967439651489, 0.7680786848068237, 0.7639949321746826, 0.7638693451881409]"
f354a4bd-efff-44d1-ab49-7761a475451f,Gynaecology & Obstetrics,0.1494140625,0.80859375,0.0277099609375,0.0123291015625,True,B,0.04770493507385254,medmcqa_3,"['PBMD', 'PBMD', 'PBMD', 'TEXT', 'PBMD']","[467572377854150249, 467572377856646525, 467572377855955354, 467523489549964039, 467572377853864487]","[0.8022501468658447, 0.7963645458221436, 0.7947937250137329, 0.7916446924209595, 0.7893126010894775]"
23b004ad-bf4a-49e8-be74-bd10493afb37,Gynaecology & Obstetrics,0.1435546875,0.7265625,0.111328125,0.0181884765625,True,B,0.05650687217712402,medmcqa_3,"['STAT', 'PBMD', 'PBMD', 'PBMD', 'PBMD']","[467572377850324030, 467572377855564246, 467572377855220097, 467572377856268737, 467572377855396315]","[0.8224132061004639, 0.8109586238861084, 0.8089770078659058, 0.8024004101753235, 0.8021091222763062]"
0faf2901-c83a-4956-a239-3e8567346d8f,Medicine,0.8203125,0.052490234375,0.11083984375,0.0169677734375,True,A,0.08163332939147949,medmcqa_3,"['PBMD', 'PBMD', 'PBMD', 'PBMD', 'PBMD']","[467572377854483547, 467572377853930861, 467572377854833391, 467572377854482090, 467572377853925363]","[0.7943570613861084, 0.7909680008888245, 0.7901079058647156, 0.7886147499084473, 0.786373496055603]"
95c75bef-1543-4618-9a6d-cb69e243f191,Medicine,0.328125,0.61328125,0.05029296875,0.00872802734375,True,B,0.07048320770263672,medmcqa_3,"['PBMD', 'PBMD', 'PBMD', 'PBMD', 'PBMD']","[467572377855784633, 467572377855213221, 467572377853020691, 467572377853530917, 467572377853670000]","[0.8230514526367188, 0.8157040476799011, 0.814892590045929, 0.8145482540130615, 0.8141285181045532]"
f04feb47-42f0-43b9-b886-e8e25276c0a2,Medicine,0.0106201171875,0.013671875,0.017578125,0.95703125,False,B,0.04678034782409668,medmcqa_3,"['PBMD', 'PBMD', 'PBMD', 'PBMD', 'PBMD']","[467572377853093278, 467572377854939286, 467572377852051697, 467572377852049079, 467572377854419418]","[0.8196195363998413, 0.8098248243331909, 0.8092913627624512, 0.8057931065559387, 0.8057332038879395]"
15ee4caa-81a2-4173-ac33-d76211807bfa,Medicine,0.490234375,0.01080322265625,0.490234375,0.009521484375,False,C,0.040049076080322266,medmcqa_3,"['PBMD', 'PBMD', 'PBMD', 'PBMD', 'STAT']","[467572377853782017, 467572377853827119, 467572377854739035, 467572377854432750, 467572377850377387]","[0.8220846652984619, 0.8167678117752075, 0.8157738447189331, 0.8141391277313232, 0.8138250112533569]"
15ecec55-b974-432a-b604-22667c65d2da,Medicine,0.107421875,0.027099609375,0.07373046875,0.79296875,True,D,0.035430908203125,medmcqa_3,"['PBMD', 'STAT', 'PBMD', 'TEXT', 'PBMD']","[467572377853676338, 467572377850389277, 467572377854232089, 467523489549945925, 467572377855711426]","[0.8176976442337036, 0.8043020367622375, 0.8029993772506714, 0.802260160446167, 0.8003795146942139]"
f143f99c-84a2-4d87-a4c9-6e89f033edcf,Medicine,0.435546875,0.337890625,0.08544921875,0.1416015625,False,B,0.048676252365112305,medmcqa_3,"['PBMD', 'PBMD', 'PBMD', 'PBMD', 'PBMD']","[467572377855216742, 467572377853195410, 467572377856167104, 467572377856463467, 467572377854376905]","[0.7976688146591187, 0.7846878170967102, 0.7705141305923462, 0.7692299485206604, 0.7672337889671326]"
d45cd1ed-b588-4522-a91c-eb01a16da37e,Medicine,0.06494140625,0.6171875,0.291015625,0.027099609375,True,B,0.03748631477355957,medmcqa_3,"['PBMD', 'PBMD', 'PBMD', 'PBMD', 'PBMD']","[467572377855604792, 467572377854994588, 467572377852141054, 467572377852721692, 467572377853465402]","[0.7842628955841064, 0.7822859287261963, 0.7767737507820129, 0.7763007283210754, 0.7732857465744019]"
32f8af4e-56da-4ed2-b822-aaf1186ab750,Medicine,0.98046875,0.0062255859375,0.00115203857421875,0.01092529296875,True,A,0.04953742027282715,medmcqa_3,"['PBMD', 'PBMD', 'PBMD', 'PBMD', 'TEXT']","[467572377850930065, 467572377854793405, 467572377856009306, 467572377852048641, 467523489549956630]","[0.7495852112770081, 0.7401521801948547, 0.7357349395751953, 0.7344813942909241, 0.733367383480072]"
e05b12a1-f6f8-485a-89b7-0419f9998b38,Medicine,0.12060546875,0.0208740234375,0.0732421875,0.78515625,True,D,0.023945093154907227,medmcqa_3,"['PBMD', 'PBMD', 'PBMD', 'STAT', 'PBMD']","[467572377850986322, 467572377850961144, 467572377854331196, 467572377850383282, 467572377855648978]","[0.826213002204895, 0.8149434328079224, 0.8146970868110657, 0.8029398918151855, 0.7994323968887329]"
10296f16-3600-4fe5-8127-deca32c3bc03,Medicine,0.007110595703125,0.0026092529296875,0.98828125,0.00084686279296875,True,C,0.03788590431213379,medmcqa_3,"['TEXT', 'STAT', 'STAT', 'PBMD', 'STAT']","[467523489549982926, 467572377850718898, 467572377850653784, 467572377853996361, 467572377850413588]","[0.7767187356948853, 0.7758675813674927, 0.7708728313446045, 0.7705622911453247, 0.7664040923118591]"
66692863-032b-4369-81ed-b6b974f8f703,Medicine,0.03564453125,0.298828125,0.10986328125,0.55859375,True,D,0.04818010330200195,medmcqa_3,"['PBMD', 'PBMD', 'PBMD', 'PBMD', 'PBMD']","[467572377855326832, 467572377855086766, 467572377856518131, 467572377856401603, 467572377856367584]","[0.795803427696228, 0.7954747676849365, 0.7922436594963074, 0.7847158312797546, 0.7821744084358215]"
8b6abdbc-7d5f-443c-8205-3924b687b61e,Medicine,0.0027923583984375,0.9921875,0.002960205078125,0.0027923583984375,True,B,0.07961773872375488,medmcqa_3,"['PBMD', 'PBMD', 'PBMD', 'PBMD', 'PBMD']","[467572377852773509, 467572377856374695, 467572377852536308, 467572377852468174, 467572377853263300]","[0.8017668724060059, 0.7983754873275757, 0.7980265021324158, 0.7881525754928589, 0.7857770919799805]"
f031095d-b57a-4707-9543-65fb562033f8,Medicine,0.037109375,0.95703125,0.003662109375,0.00390625,True,B,0.06537914276123047,medmcqa_3,"['PBMD', 'PBMD', 'PBMD', 'PBMD', 'PBMD']","[467572377856956718, 467572377853679297, 467572377856001193, 467572377856419933, 467572377856378201]","[0.8129734992980957, 0.8059020042419434, 0.7911860942840576, 0.7863510847091675, 0.7781128287315369]"
6548e448-b371-41d2-a925-acfad721cb96,Medicine,0.1611328125,0.01092529296875,0.01092529296875,0.81640625,True,D,0.04781389236450195,medmcqa_3,"['PBMD', 'PBMD', 'PBMD', 'PBMD', 'PBMD']","[467572377854868273, 467572377856515847, 467572377852703749, 467572377855146785, 467572377854130410]","[0.8285767436027527, 0.823291003704071, 0.8038884997367859, 0.7971741557121277, 0.7914523482322693]"
8159d635-bc08-431a-8bbe-d74a93e18992,Medicine,0.058349609375,0.12353515625,0.80859375,0.01080322265625,False,A,0.03897714614868164,medmcqa_3,"['PBMD', 'PBMD', 'PBMD', 'PBMD', 'PBMD']","[467572377852464242, 467572377855500312, 467572377850948261, 467572377856433382, 467572377852192574]","[0.8373682498931885, 0.8162903189659119, 0.8151288032531738, 0.8132532835006714, 0.8106544613838196]"
24cf1123-f76f-4294-8286-8c2df48013c5,Medicine,0.03564453125,0.026123046875,0.01904296875,0.91796875,True,D,0.03772926330566406,medmcqa_3,"['PBMD', 'PBMD', 'PBMD', 'PBMD', 'PBMD']","[467572377853054655, 467572377854148251, 467572377854700909, 467572377854788552, 467572377854522066]","[0.8789187669754028, 0.8778445720672607, 0.8758808970451355, 0.8747066259384155, 0.8723171949386597]"
5ce5c5c0-35a6-4a38-9ca4-eec82afd7de7,Medicine,0.82421875,0.04638671875,0.09814453125,0.031982421875,True,A,0.04667997360229492,medmcqa_3,"['PBMD', 'PBMD', 'PBMD', 'PBMD', 'STAT']","[467572377853070969, 467572377852474985, 467572377855295853, 467572377852901919, 467572377850639075]","[0.8564589023590088, 0.8431953191757202, 0.8410460352897644, 0.8375445604324341, 0.8256378769874573]"
9bab9eb8-df0f-4388-9e26-54816bb10e34,Medicine,0.953125,0.01123046875,0.02880859375,0.00775146484375,False,C,0.050643205642700195,medmcqa_3,"['PBMD', 'PBMD', 'PBMD', 'PBMD', 'PBMD']","[467572377855913731, 467572377855190101, 467572377854717087, 467572377856159983, 467572377855721834]","[0.7604612708091736, 0.7573240399360657, 0.755760908126831, 0.7541493773460388, 0.7484650015830994]"
f5825b85-69b8-485e-b52b-fbacd1bb2663,Medicine,0.9765625,0.01904296875,0.004241943359375,0.00156402587890625,True,A,0.03644609451293945,medmcqa_3,"['STAT', 'PBMD', 'STAT', 'PBMD', 'PBMD']","[467572377850229490, 467572377854088980, 467572377850274853, 467572377852326212, 467572377852171313]","[0.8239699602127075, 0.8185268640518188, 0.8147737383842468, 0.8143100142478943, 0.8102273344993591]"
73421893-93f1-4799-bca7-e5bb112125c3,Medicine,0.98046875,0.0096435546875,0.006622314453125,0.00177764892578125,True,A,0.03723955154418945,medmcqa_3,"['PBMD', 'PBMD', 'PBMD', 'PBMD', 'PBMD']","[467572377854146338, 467572377856771164, 467572377855921606, 467572377856154607, 467572377852969881]","[0.7935251593589783, 0.7934423089027405, 0.7925032377243042, 0.7915900349617004, 0.7870927453041077]"
281c31fe-90eb-4302-af16-5d5b201f23b7,Microbiology,0.92578125,0.0279541015625,0.0096435546875,0.035888671875,True,A,0.03684520721435547,medmcqa_3,"['PBMD', 'PBMD', 'PBMD', 'PBMD', 'PBMD']","[467572377854913108, 467572377856369995, 467572377855371130, 467572377852796689, 467572377855165934]","[0.7794888615608215, 0.7772262096405029, 0.7710528373718262, 0.7706619501113892, 0.7698124647140503]"
9e7eef9d-3a60-4d2e-921e-94316580776a,Microbiology,0.8671875,0.01318359375,0.11767578125,0.001678466796875,True,A,0.0381007194519043,medmcqa_3,"['PBMD', 'PBMD', 'PBMD', 'PBMD', 'PBMD']","[467572377856115514, 467572377856967018, 467572377855151552, 467572377855326052, 467572377856036146]","[0.7945876121520996, 0.7846436500549316, 0.7685738801956177, 0.7681648135185242, 0.7633373737335205]"
fa7d358f-1f58-4c00-8850-3fbfb3f95393,Microbiology,0.017333984375,0.0235595703125,0.88671875,0.07275390625,True,C,0.047265052795410156,medmcqa_3,"['PBMD', 'PBMD', 'PBMD', 'PBMD', 'PBMD']","[467572377856719229, 467572377853404198, 467572377854521005, 467572377850939295, 467572377856564205]","[0.8423382043838501, 0.8253383040428162, 0.8225268125534058, 0.8216538429260254, 0.8188928961753845]"
8c7bc413-a6c1-41dd-a3a6-a0ac8b23a5fa,Microbiology,0.49609375,0.040771484375,0.076171875,0.38671875,False,D,0.05398893356323242,medmcqa_3,"['PBMD', 'PBMD', 'PBMD', 'PBMD', 'PBMD']","[467572377856328122, 467572377850879264, 467572377856055512, 467572377850880908, 467572377852131332]","[0.7861151695251465, 0.7849396467208862, 0.7812099456787109, 0.7746294736862183, 0.7711267471313477]"
3996ae24-9085-4069-ba66-5066e7e1aeba,Microbiology,0.376953125,0.427734375,0.1474609375,0.0478515625,True,B,0.03702807426452637,medmcqa_3,"['PBMD', 'PBMD', 'PBMD', 'PBMD', 'PBMD']","[467572377852300764, 467572377853334008, 467572377855583886, 467572377853470621, 467572377855030537]","[0.8052057027816772, 0.7945563793182373, 0.7918881177902222, 0.7883684635162354, 0.7825297117233276]"
67e64e6f-55a5-4a0e-880a-01b3d25d2586,Microbiology,0.625,0.035400390625,0.10888671875,0.23046875,True,A,0.06844115257263184,medmcqa_3,"['PBMD', 'PBMD', 'PBMD', 'PBMD', 'PBMD']","[467572377855438989, 467572377853345749, 467572377856287125, 467572377852784308, 467572377855939914]","[0.791587769985199, 0.775818943977356, 0.7750718593597412, 0.7749698162078857, 0.7742130756378174]"
a589dde8-a0de-4027-8e99-021821c4ecdf,Microbiology,0.11279296875,0.5703125,0.23828125,0.0771484375,True,B,0.053316354751586914,medmcqa_3,"['PBMD', 'PBMD', 'PBMD', 'PBMD', 'PBMD']","[467572377854339062, 467572377853464598, 467572377852598087, 467572377856576192, 467572377852032077]","[0.7664618492126465, 0.7581040263175964, 0.7484161257743835, 0.7454507946968079, 0.7423556447029114]"
f677c0ae-7e76-41c3-b8f6-c65b4bb06b85,Microbiology,0.051513671875,0.02294921875,0.9140625,0.01080322265625,True,C,0.04839444160461426,medmcqa_3,"['STAT', 'STAT', 'TEXT', 'TEXT', 'PBMD']","[467572377850756073, 467572377850638975, 467523489549978525, 467523489549978556, 467572377853649740]","[0.803179144859314, 0.7971475124359131, 0.7883857488632202, 0.7883857488632202, 0.786170482635498]"
e5ba8c6d-fb6c-44da-93a0-7f2db4ad0f6a,Microbiology,0.00138092041015625,0.00156402587890625,0.0179443359375,0.98046875,True,D,0.0396273136138916,medmcqa_3,"['PBMD', 'PBMD', 'PBMD', 'PBMD', 'PBMD']","[467572377856771469, 467572377850793152, 467572377853941166, 467572377854902543, 467572377855575014]","[0.762127697467804, 0.753014862537384, 0.751189649105072, 0.750393807888031, 0.7500239610671997]"
84dc3f2c-6175-478a-9005-259b73972553,Microbiology,0.00457763671875,0.002166748046875,0.9921875,0.0023040771484375,True,C,0.03919386863708496,medmcqa_3,"['PBMD', 'PBMD', 'STAT', 'STAT', 'STAT']","[467572377855017808, 467572377856338853, 467572377850405033, 467572377850405029, 467572377850405040]","[0.8194385766983032, 0.8026354312896729, 0.7872345447540283, 0.7844815254211426, 0.7841837406158447]"
14d6f309-7956-4a11-b4d4-8e5b31f8900c,Microbiology,0.84375,0.0947265625,0.047607421875,0.013671875,True,A,0.05717277526855469,medmcqa_3,"['PBMD', 'PBMD', 'PBMD', 'PBMD', 'PBMD']","[467572377856462162, 467572377853817962, 467572377850964545, 467572377855863281, 467572377852587816]","[0.8297114968299866, 0.8016436100006104, 0.801461935043335, 0.7975975871086121, 0.796401858329773]"
f7d92973-ed95-4f40-8f65-6863bb6c8af4,Microbiology,0.32421875,0.1962890625,0.416015625,0.06396484375,True,C,0.06435704231262207,medmcqa_3,"['PBMD', 'PBMD', 'PBMD', 'PBMD', 'PBMD']","[467572377852501902, 467572377852447990, 467572377854090376, 467572377854297401, 467572377852611284]","[0.7871883511543274, 0.7786816358566284, 0.7741595506668091, 0.7722302675247192, 0.7721072435379028]"
fbfd0aac-f891-47dd-96bb-ac6191471636,Microbiology,0.216796875,0.51953125,0.0703125,0.19140625,False,A,0.05254244804382324,medmcqa_3,"['PBMD', 'PBMD', 'PBMD', 'PBMD', 'PBMD']","[467572377855900126, 467572377853308498, 467572377852471265, 467572377850896374, 467572377850888175]","[0.8171883225440979, 0.808769941329956, 0.8041113018989563, 0.803977906703949, 0.7965002655982971]"
33bfa0d9-46a8-40c3-a99d-9b701eed3773,Microbiology,0.81640625,0.03173828125,0.1337890625,0.0169677734375,True,A,0.05468463897705078,medmcqa_3,"['STAT', 'PBMD', 'PBMD', 'PBMD', 'PBMD']","[467572377850750772, 467572377856739260, 467572377853275358, 467572377853409921, 467572377856722440]","[0.7712042927742004, 0.7574460506439209, 0.7567451000213623, 0.756582498550415, 0.7565666437149048]"
17f6003a-f235-438d-b295-97600a5c8299,Microbiology,0.369140625,0.11962890625,0.41796875,0.09326171875,False,A,0.061699867248535156,medmcqa_3,"['PBMD', 'PBMD', 'PBMD', 'PBMD', 'PBMD']","[467572377856971328, 467572377855089393, 467572377856084511, 467572377856242453, 467572377855935126]","[0.8355457186698914, 0.8305520415306091, 0.8265936374664307, 0.8256486058235168, 0.8256219029426575]"
03dc96e9-7d18-4c12-b32e-6b187b42effa,Microbiology,0.65234375,0.10009765625,0.240234375,0.0081787109375,False,C,0.03455781936645508,medmcqa_3,"['STAT', 'STAT', 'STAT', 'STAT', 'STAT']","[467572377850696169, 467572377850316535, 467572377850264018, 467572377850408807, 467572377850316536]","[0.7983734011650085, 0.7865145802497864, 0.7845336198806763, 0.7844828367233276, 0.7784271836280823]"
7d517a3a-6410-4a75-a591-1061e04c3687,Microbiology,0.00946044921875,0.021240234375,0.96484375,0.0057373046875,True,C,0.037061214447021484,medmcqa_3,"['PBMD', 'PBMD', 'PBMD', 'PBMD', 'PBMD']","[467572377852198951, 467572377854315383, 467572377852189137, 467572377854948092, 467572377852270516]","[0.7877088785171509, 0.7761979699134827, 0.7703078985214233, 0.7677899599075317, 0.767231285572052]"
a068e035-93d4-42f5-97d5-1af3ed6a5b80,Microbiology,0.3359375,0.158203125,0.357421875,0.1484375,False,A,0.06163215637207031,medmcqa_3,"['PBMD', 'PBMD', 'PBMD', 'PBMD', 'PBMD']","[467572377852483431, 467572377852346812, 467572377854836016, 467572377855504802, 467572377852894634]","[0.8202705979347229, 0.8190683126449585, 0.8169325590133667, 0.8146159648895264, 0.8139067888259888]"
7a3e925c-50a3-4ccb-9cfd-e8965ecce557,Microbiology,0.0181884765625,0.043701171875,0.93359375,0.004058837890625,True,C,0.05393099784851074,medmcqa_3,"['PBMD', 'PBMD', 'PBMD', 'PBMD', 'PBMD']","[467572377853343083, 467572377853697256, 467572377854547630, 467572377855619200, 467572377852819402]","[0.772304356098175, 0.7721052169799805, 0.7720628976821899, 0.7717241048812866, 0.7661451697349548]"
e7f6536b-8882-4acf-8f6c-1b7b4e3ef3a2,Microbiology,0.02099609375,0.0223388671875,0.94921875,0.006011962890625,True,C,0.0372767448425293,medmcqa_3,"['PBMD', 'PBMD', 'PBMD', 'TEXT', 'PBMD']","[467572377854094509, 467572377854841904, 467572377854972899, 467523489549932528, 467572377852162899]","[0.7992044687271118, 0.7971242666244507, 0.7921704053878784, 0.7911453247070312, 0.7904585003852844]"
ece33c68-c3fa-4ed1-95d0-1292799a2280,Biochemistry,0.93359375,0.0194091796875,0.041015625,0.00555419921875,True,A,0.03893542289733887,medmcqa_3,"['PBMD', 'PBMD', 'PBMD', 'PBMD', 'PBMD']","[467572377854103359, 467572377854788564, 467572377855032748, 467572377853500980, 467572377853400458]","[0.7894061803817749, 0.7870421409606934, 0.7861236333847046, 0.7830609083175659, 0.7762655019760132]"
1c2e7149-8a8a-4cf5-aba5-36fe64225d9e,Biochemistry,0.0174560546875,0.8984375,0.07373046875,0.01202392578125,True,B,0.04863166809082031,medmcqa_3,"['STAT', 'PBMD', 'PBMD', 'PBMD', 'PBMD']","[467572377850296138, 467572377853170396, 467572377856371922, 467572377853604713, 467572377853150870]","[0.7835506200790405, 0.769513726234436, 0.7694914937019348, 0.7671239376068115, 0.7652897238731384]"
15afd065-bde4-4233-bbce-0daf02b0302b,Biochemistry,0.1025390625,0.23046875,0.0400390625,0.625,True,D,0.048372745513916016,medmcqa_3,"['PBMD', 'PBMD', 'PBMD', 'PBMD', 'PBMD']","[467572377854170334, 467572377854555819, 467572377854352226, 467572377853693539, 467572377853532328]","[0.8009978532791138, 0.7994903922080994, 0.7986083030700684, 0.7941723465919495, 0.7928231954574585]"
872c6f3a-8ef0-4c39-861b-48a40654f1b5,Biochemistry,0.003173828125,0.99609375,0.0004291534423828125,0.000354766845703125,True,B,0.033854007720947266,medmcqa_3,"['PBMD', 'PBMD', 'PBMD', 'PBMD', 'PBMD']","[467572377856016563, 467572377854924136, 467572377853210279, 467572377856370853, 467572377853543768]","[0.7404659986495972, 0.7357469201087952, 0.7309396266937256, 0.7294949293136597, 0.7275753617286682]"
74df148e-4d3c-49d6-9934-a47be33dc650,Biochemistry,0.16796875,0.115234375,0.130859375,0.5859375,True,D,0.0462794303894043,medmcqa_3,"['PBMD', 'PBMD', 'PBMD', 'PBMD', 'PBMD']","[467572377854385409, 467572377852138440, 467572377853630281, 467572377851009927, 467572377853623373]","[0.8200206160545349, 0.815645694732666, 0.8057955503463745, 0.8025793433189392, 0.801495373249054]"
dac27525-4e55-4d43-9097-8c60919dc980,Biochemistry,0.0010986328125,1.0,0.0002956390380859375,0.000244140625,True,B,0.047059059143066406,medmcqa_3,"['PBMD', 'PBMD', 'PBMD', 'PBMD', 'PBMD']","[467572377850845060, 467572377856746685, 467572377850845059, 467572377856659859, 467572377852146837]","[0.8195579051971436, 0.8189475536346436, 0.8094449639320374, 0.8052902221679688, 0.8032795786857605]"
21df9392-05d1-484c-8207-5c3343bbe58c,Biochemistry,0.9609375,0.0198974609375,0.01287841796875,0.005706787109375,True,A,0.047098636627197266,medmcqa_3,"['TEXT', 'PBMD', 'PBMD', 'PBMD', 'TEXT']","[467523489549679585, 467572377850893410, 467572377850885825, 467572377854584639, 467523489549677599]","[0.7691155672073364, 0.7673593759536743, 0.7615702152252197, 0.7552149295806885, 0.7509710192680359]"
3819e7fd-e3b3-486a-80e8-84a9bd7c859a,Biochemistry,0.2255859375,0.328125,0.291015625,0.1552734375,False,C,0.07776904106140137,medmcqa_3,"['TEXT', 'PBMD', 'PBMD', 'PBMD', 'PBMD']","[467523489549944436, 467572377856656708, 467572377854295075, 467572377855456878, 467572377856761097]","[0.8169310092926025, 0.8161121010780334, 0.8154039978981018, 0.8118650913238525, 0.8116073608398438]"
f64dde60-159f-4352-ae4c-c9967bad0e4b,Biochemistry,0.0023193359375,0.00090789794921875,0.99609375,0.00066375732421875,True,C,0.05588126182556152,medmcqa_3,"['PBMD', 'PBMD', 'PBMD', 'PBMD', 'PBMD']","[467572377855077368, 467572377852974606, 467572377856040466, 467572377855621110, 467572377855049256]","[0.7897235751152039, 0.7808078527450562, 0.7794588804244995, 0.7752529382705688, 0.7740362882614136]"
f3fffc4a-619c-4d37-a05a-2bd0e241650c,Biochemistry,0.0031585693359375,0.9921875,0.0015869140625,0.00262451171875,True,B,0.054201364517211914,medmcqa_3,"['TEXT', 'PBMD', 'TEXT', 'TEXT', 'TEXT']","[467523489549678728, 467572377855849871, 467523489549680614, 467523489549679620, 467523489549678242]","[0.7963773012161255, 0.7940417528152466, 0.792243480682373, 0.7889615297317505, 0.7844229936599731]"
484ad673-0b58-47c8-bb9a-d1569005f1ee,Biochemistry,0.1455078125,0.09423828125,0.7421875,0.019775390625,True,C,0.035329580307006836,medmcqa_3,"['PBMD', 'TEXT', 'PBMD', 'PBMD', 'PBMD']","[467572377855579695, 467523489549683212, 467572377855710822, 467572377854763916, 467572377854945966]","[0.82953280210495, 0.8244616985321045, 0.8205670118331909, 0.813550591468811, 0.8132947683334351]"
b5a5f383-3b42-4c6d-9677-54a61be771b3,Biochemistry,0.01025390625,0.0029449462890625,0.984375,0.001678466796875,True,C,0.06543159484863281,medmcqa_3,"['PBMD', 'PBMD', 'PBMD', 'TEXT', 'PBMD']","[467572377855439458, 467572377853050207, 467572377851004363, 467523489549687326, 467572377853952773]","[0.7892462015151978, 0.7879115343093872, 0.7863596677780151, 0.7848874926567078, 0.7840535640716553]"
08b1c600-3c94-43a5-b70c-00aa9cfd2fc9,Biochemistry,0.9921875,0.0048828125,0.00131988525390625,0.000850677490234375,True,A,0.03664708137512207,medmcqa_3,"['STAT', 'PBMD', 'PBMD', 'STAT', 'PBMD']","[467572377850759147, 467572377852533495, 467572377856490910, 467572377850759149, 467572377852557785]","[0.8534612059593201, 0.8527780175209045, 0.8456352949142456, 0.8406621217727661, 0.8356640338897705]"
dc5d515b-7c42-44ab-a097-7939c53dd79d,Biochemistry,0.91796875,0.02294921875,0.04296875,0.0157470703125,True,A,0.07861733436584473,medmcqa_3,"['PBMD', 'PBMD', 'PBMD', 'PBMD', 'PBMD']","[467572377856096622, 467572377856257990, 467572377856571701, 467572377853434903, 467572377856513152]","[0.8268075585365295, 0.8204437494277954, 0.8160123229026794, 0.8132984638214111, 0.8106507062911987]"
82bbcb35-3d59-418b-9b49-f25cbe7f5495,Biochemistry,0.02587890625,0.051513671875,0.91015625,0.01080322265625,True,C,0.06344151496887207,medmcqa_3,"['PBMD', 'PBMD', 'PBMD', 'PBMD', 'PBMD']","[467572377854175344, 467572377854023966, 467572377854971319, 467572377850893269, 467572377855728547]","[0.805669903755188, 0.8003890514373779, 0.8001133799552917, 0.799317479133606, 0.7960701584815979]"
16845888-4990-47f3-91b6-8400d616298a,Biochemistry,0.6640625,0.037353515625,0.054443359375,0.244140625,True,A,0.055495500564575195,medmcqa_3,"['PBMD', 'PBMD', 'PBMD', 'PBMD', 'TEXT']","[467572377855556140, 467572377856978021, 467572377856905689, 467572377853431216, 467523489549678836]","[0.7600237727165222, 0.7575777769088745, 0.7563740611076355, 0.7531636357307434, 0.7509002089500427]"
5aff7ff7-887f-49e1-84c9-5b6a5385b5a8,Biochemistry,0.9921875,0.006683349609375,0.00139617919921875,0.0010223388671875,True,A,0.049098968505859375,medmcqa_3,"['PBMD', 'PBMD', 'PBMD', 'PBMD', 'PBMD']","[467572377854254235, 467572377852486586, 467572377856856688, 467572377856011895, 467572377854689806]","[0.7763422727584839, 0.7596337199211121, 0.7583173513412476, 0.7565121054649353, 0.7546865940093994]"
85cb2cc1-f749-4999-aa2f-5fb3f9e313dc,Biochemistry,0.004058837890625,0.000293731689453125,0.002166748046875,0.9921875,True,D,0.037386417388916016,medmcqa_3,"['STAT', 'PBMD', 'PBMD', 'STAT', 'PBMD']","[467572377850671489, 467572377856614920, 467572377852253708, 467572377850350131, 467572377854819162]","[0.8343801498413086, 0.8034233450889587, 0.788827657699585, 0.7870956659317017, 0.7833744287490845]"
cb0e4832-38a4-45b6-9409-a1b06109d56d,Biochemistry,0.26171875,0.140625,0.5546875,0.042724609375,True,C,0.056534767150878906,medmcqa_3,"['PBMD', 'PBMD', 'PBMD', 'PBMD', 'PBMD']","[467572377854145764, 467572377852556889, 467572377853196623, 467572377854415173, 467572377856266770]","[0.8091320991516113, 0.8076677322387695, 0.8015230894088745, 0.7942835092544556, 0.793858528137207]"
deb402e5-cf7c-45c2-8388-174369df7ed9,Biochemistry,0.7265625,0.2353515625,0.019287109375,0.0205078125,True,A,0.058075666427612305,medmcqa_3,"['TEXT', 'TEXT', 'PBMD', 'PBMD', 'PBMD']","[467523489549677529, 467523489549677506, 467572377852598388, 467572377854134780, 467572377853777156]","[0.7961581945419312, 0.791756272315979, 0.7848328948020935, 0.7829142808914185, 0.7748723030090332]"
1d052932-b2eb-476f-a564-0cc8e26a9dd5,Forensic Medicine,0.1611328125,0.09765625,0.63671875,0.10400390625,True,C,0.03552436828613281,medmcqa_3,"['PBMD', 'PBMD', 'PBMD', 'PBMD', 'PBMD']","[467572377852599025, 467572377853296407, 467572377854588786, 467572377854701631, 467572377855066790]","[0.7610278129577637, 0.7371745705604553, 0.7361021041870117, 0.7348863482475281, 0.7348108887672424]"
b0274c7f-32be-457b-8b83-36c8d38aab18,Forensic Medicine,0.2021484375,0.259765625,0.1083984375,0.4296875,False,A,0.036479949951171875,medmcqa_3,"['STAT', 'PBMD', 'PBMD', 'TEXT', 'STAT']","[467572377850228800, 467572377853791775, 467572377854269065, 467523489549937243, 467572377850228826]","[0.7807275056838989, 0.7458961606025696, 0.737710177898407, 0.7373569011688232, 0.7360268831253052]"
dc740f65-6623-42ed-bf21-9457d7c15e4a,Forensic Medicine,0.2080078125,0.341796875,0.18359375,0.267578125,True,B,0.03524899482727051,medmcqa_3,"['PBMD', 'PBMD', 'PBMD', 'PBMD', 'PBMD']","[467572377852864689, 467572377855398033, 467572377853477905, 467572377856279181, 467572377852702664]","[0.7631510496139526, 0.7475531697273254, 0.7466535568237305, 0.7318688035011292, 0.7300947904586792]"
510f96b0-3efb-4f54-9847-c2a5a015aecf,Forensic Medicine,0.01239013671875,0.984375,0.000743865966796875,0.0006561279296875,True,B,0.036719560623168945,medmcqa_3,"['TEXT', 'TEXT', 'PBMD', 'PBMD', 'TEXT']","[467523489549976904, 467523489549961140, 467572377856781453, 467572377856162262, 467523489549993694]","[0.772428035736084, 0.7656332850456238, 0.7651721835136414, 0.7624866962432861, 0.7599758505821228]"
a1e4fef1-0b5d-4985-9a05-e8943c17c4f4,Forensic Medicine,0.138671875,0.03515625,0.625,0.2021484375,True,C,0.037404537200927734,medmcqa_3,"['PBMD', 'PBMD', 'PBMD', 'PBMD', 'PBMD']","[467572377854235548, 467572377850998367, 467572377850989605, 467572377853868163, 467572377855044731]","[0.7612226009368896, 0.7535216212272644, 0.7487884163856506, 0.7453439831733704, 0.7444866299629211]"
925737c7-b838-4ca6-9bd1-e89d842406f6,Forensic Medicine,0.875,0.01104736328125,0.1044921875,0.0091552734375,True,A,0.036741018295288086,medmcqa_3,"['PBMD', 'PBMD', 'PBMD', 'PBMD', 'PBMD']","[467572377852318808, 467572377856128075, 467572377852318809, 467572377856638097, 467572377855874361]","[0.7042499780654907, 0.695293664932251, 0.6918318867683411, 0.6904190182685852, 0.6876392960548401]"
da7e069f-6868-4816-8662-5da1f5898cfb,Forensic Medicine,0.0257568359375,0.006134033203125,0.96875,0.00106048583984375,True,C,0.03513908386230469,medmcqa_3,"['STAT', 'PBMD', 'PBMD', 'STAT', 'PBMD']","[467572377850325675, 467572377854796831, 467572377854677673, 467572377850653857, 467572377856674340]","[0.8210804462432861, 0.8010419607162476, 0.7976213097572327, 0.7941544055938721, 0.7921075820922852]"
66735a50-04cd-4cf3-96c1-ee3a2de2417f,Forensic Medicine,0.55859375,0.0859375,0.33984375,0.0140380859375,True,A,0.037448883056640625,medmcqa_3,"['PBMD', 'PBMD', 'PBMD', 'PBMD', 'PBMD']","[467572377852120820, 467572377854928894, 467572377853224584, 467572377852317672, 467572377854131062]","[0.7535414695739746, 0.748155951499939, 0.7410789132118225, 0.7406958341598511, 0.7399289011955261]"
c31f2b60-b390-4878-8c5d-52f6d8ae2534,Forensic Medicine,0.2412109375,0.3515625,0.3515625,0.057373046875,False,C,0.03360152244567871,medmcqa_3,"['PBMD', 'STAT', 'PBMD', 'PBMD', 'PBMD']","[467572377855895058, 467572377850671193, 467572377856510240, 467572377852431556, 467572377855444056]","[0.7335121035575867, 0.7332448959350586, 0.7313000559806824, 0.730439305305481, 0.7290139198303223]"
3c19df42-ae32-40d3-9ed4-fc16e1c720d3,Forensic Medicine,0.02001953125,0.96484375,0.01007080078125,0.0047607421875,True,B,0.023643970489501953,medmcqa_3,"['STAT', 'STAT', 'STAT', 'STAT', 'STAT']","[467572377850758009, 467572377850758011, 467572377850758010, 467572377850269584, 467572377850366886]","[0.7503951191902161, 0.6977038383483887, 0.6955298185348511, 0.6930596828460693, 0.6925583481788635]"
3506174e-ad4e-4ce2-af62-b0c21fb4cb95,Forensic Medicine,0.029052734375,0.11474609375,0.455078125,0.400390625,True,C,0.03704476356506348,medmcqa_3,"['STAT', 'PBMD', 'PBMD', 'PBMD', 'PBMD']","[467572377850226542, 467572377853028298, 467572377853754173, 467572377853791427, 467572377852177208]","[0.8476402163505554, 0.793246865272522, 0.7759029865264893, 0.769831657409668, 0.7684997320175171]"
983f5d7b-df0f-4cb0-a9dc-57ad0014b2a4,Forensic Medicine,0.0196533203125,0.02685546875,0.9453125,0.006805419921875,True,C,0.06579065322875977,medmcqa_3,"['PBMD', 'PBMD', 'PBMD', 'PBMD', 'PBMD']","[467572377856671511, 467572377855678281, 467572377852295081, 467572377853490185, 467572377855012491]","[0.7521730661392212, 0.7507866621017456, 0.7495429515838623, 0.7454366087913513, 0.7441462874412537]"
7fe30ce2-56bf-42d6-ac33-092033e133e5,Forensic Medicine,0.94140625,0.0322265625,0.01519775390625,0.01043701171875,True,A,0.03832197189331055,medmcqa_3,"['STAT', 'PBMD', 'PBMD', 'PBMD', 'PBMD']","[467572377850336329, 467572377850836034, 467572377856628900, 467572377854070664, 467572377855951017]","[0.8061063885688782, 0.7822125554084778, 0.7808876037597656, 0.7796694040298462, 0.7791163921356201]"
1932882b-df57-4ce9-b9ac-51494c8bcded,Forensic Medicine,0.95703125,0.0174560546875,0.0186767578125,0.0087890625,True,A,0.037715911865234375,medmcqa_3,"['PBMD', 'PBMD', 'PBMD', 'PBMD', 'TEXT']","[467572377855844158, 467572377853276866, 467572377852216082, 467572377852552032, 467523489549948621]","[0.8039038777351379, 0.7998069524765015, 0.7993513941764832, 0.7988867163658142, 0.798673689365387]"
8e2dc536-b946-4050-8892-2fff0f15f721,Forensic Medicine,0.0107421875,0.0166015625,0.004486083984375,0.96875,True,D,0.037517547607421875,medmcqa_3,"['TEXT', 'TEXT', 'TEXT', 'TEXT', 'TEXT']","[467523489549952394, 467523489549995365, 467523489549952446, 467523489549995367, 467523489549707671]","[0.7817553877830505, 0.7684539556503296, 0.7649614810943604, 0.7623531818389893, 0.7614933252334595]"
02071765-db10-41ed-9c6e-db8f2230c8a3,Forensic Medicine,0.984375,0.008544921875,0.0031280517578125,0.0037841796875,True,A,0.049195051193237305,medmcqa_3,"['PBMD', 'STAT', 'PBMD', 'PBMD', 'PBMD']","[467572377855930095, 467572377850341030, 467572377856551595, 467572377856162787, 467572377853689606]","[0.7919046878814697, 0.7821040153503418, 0.7762179374694824, 0.776002824306488, 0.7744040489196777]"
a6228ae9-fe28-438e-a803-988515ab5862,Forensic Medicine,0.6171875,0.2001953125,0.12158203125,0.06103515625,True,A,0.054593801498413086,medmcqa_3,"['PBMD', 'PBMD', 'PBMD', 'PBMD', 'PBMD']","[467572377852186678, 467572377852753345, 467572377855580622, 467572377853166611, 467572377853097900]","[0.8204498291015625, 0.7900218367576599, 0.7863022685050964, 0.7693291902542114, 0.7672837972640991]"
98f36d70-cf61-4b19-9326-967df34f82fb,Forensic Medicine,0.054931640625,0.0966796875,0.040283203125,0.80859375,True,D,0.04034709930419922,medmcqa_3,"['PBMD', 'PBMD', 'PBMD', 'PBMD', 'PBMD']","[467572377852312475, 467572377855578652, 467572377854923029, 467572377854124926, 467572377856777337]","[0.7914859056472778, 0.7801023721694946, 0.7766468524932861, 0.7738016843795776, 0.773349404335022]"
d90dac41-7b87-4c70-8a72-6f5d12ea544b,Forensic Medicine,0.11279296875,0.6484375,0.185546875,0.05322265625,False,A,0.03698325157165527,medmcqa_3,"['TEXT', 'PBMD', 'PBMD', 'PBMD', 'PBMD']","[467523489549999343, 467572377853899453, 467572377854424895, 467572377856767269, 467572377856131832]","[0.7020347118377686, 0.7003974318504333, 0.6925140023231506, 0.6865245699882507, 0.6857032179832458]"
0670da8c-bec9-41ec-a9ce-faa1dec2214e,Forensic Medicine,0.98046875,0.00848388671875,0.0123291015625,7.343292236328125e-05,True,A,0.06452012062072754,medmcqa_3,"['PBMD', 'PBMD', 'PBMD', 'PBMD', 'PBMD']","[467572377853090613, 467572377852970286, 467572377852667084, 467572377855125671, 467572377852857789]","[0.8023262023925781, 0.8012261390686035, 0.8004664182662964, 0.7976628541946411, 0.7951124906539917]"
925873cf-2eca-478b-81fc-db7ae9446c29,ENT,0.99609375,0.00262451171875,0.00090789794921875,0.00019073486328125,True,A,0.048113107681274414,medmcqa_3,"['STAT', 'STAT', 'STAT', 'PBMD', 'PBMD']","[467572377850719780, 467572377850319230, 467572377850361751, 467572377854580397, 467572377854923739]","[0.8075109720230103, 0.7797690629959106, 0.7649691104888916, 0.760134220123291, 0.7600963115692139]"
3822e420-3d62-43a5-bab6-afd125751919,ENT,0.310546875,0.451171875,0.07373046875,0.166015625,False,A,0.03894305229187012,medmcqa_3,"['PBMD', 'PBMD', 'PBMD', 'PBMD', 'PBMD']","[467572377853922579, 467572377852333390, 467572377850998093, 467572377856490592, 467572377856662786]","[0.797706127166748, 0.7781953811645508, 0.7629833817481995, 0.7610903382301331, 0.7561754584312439]"
aab19089-ed7f-4313-9d16-b9d2b803a835,ENT,0.236328125,0.111328125,0.56640625,0.0869140625,False,A,0.05684828758239746,medmcqa_3,"['PBMD', 'PBMD', 'PBMD', 'PBMD', 'PBMD']","[467572377855219689, 467572377854511269, 467572377853371615, 467572377852292623, 467572377854266586]","[0.7333371639251709, 0.7227333784103394, 0.7170565128326416, 0.7107747197151184, 0.7107124328613281]"
850668c6-37e8-407b-a938-ad5078bf6585,ENT,0.9765625,0.003997802734375,0.013916015625,0.00579833984375,True,A,0.036705970764160156,medmcqa_3,"['PBMD', 'PBMD', 'STAT', 'STAT', 'PBMD']","[467572377856866961, 467572377855387727, 467572377850349930, 467572377850340416, 467572377855919344]","[0.8085501790046692, 0.8079796433448792, 0.803146481513977, 0.7855643033981323, 0.7762232422828674]"
bedee5eb-b15f-4b4f-9e7c-5a48b5dab1b9,ENT,0.6796875,0.091796875,0.220703125,0.00970458984375,True,A,0.034120798110961914,medmcqa_3,"['PBMD', 'PBMD', 'STAT', 'PBMD', 'STAT']","[467572377853742203, 467572377853479260, 467572377850354776, 467572377854817216, 467572377850273824]","[0.7650185823440552, 0.7610135674476624, 0.7602903246879578, 0.7599647045135498, 0.7598286271095276]"
04a83926-5a0e-4d26-8578-c9230415efd3,ENT,0.005523681640625,0.00457763671875,0.002777099609375,0.98828125,True,D,0.034271955490112305,medmcqa_3,"['PBMD', 'STAT', 'PBMD', 'PBMD', 'PBMD']","[467572377855021412, 467572377850785568, 467572377854068691, 467572377853479260, 467572377855065776]","[0.7914685010910034, 0.7817529439926147, 0.7631030082702637, 0.7625518441200256, 0.758307933807373]"
6ad928a1-5e2b-4943-a5e5-be5139375b6f,ENT,0.029296875,0.09033203125,0.85546875,0.0257568359375,False,A,0.06516289710998535,medmcqa_3,"['PBMD', 'PBMD', 'PBMD', 'PBMD', 'PBMD']","[467572377854203275, 467572377856386373, 467572377854918282, 467572377856310104, 467572377855743926]","[0.7845582962036133, 0.782981276512146, 0.7745328545570374, 0.7737684845924377, 0.7736618518829346]"
5fbab22d-6457-47ef-b584-c95b2b9c8f65,ENT,0.27734375,0.1484375,0.1689453125,0.404296875,True,D,0.04924798011779785,medmcqa_3,"['PBMD', 'PBMD', 'PBMD', 'TEXT', 'PBMD']","[467572377855215775, 467572377850999719, 467572377855948340, 467523489549676916, 467572377852238721]","[0.7332687973976135, 0.7304610013961792, 0.7289552688598633, 0.7289381623268127, 0.7278165817260742]"
5e4904dc-3023-4861-8cc6-5407e28199f4,ENT,0.375,0.166015625,0.330078125,0.12890625,False,D,0.039327383041381836,medmcqa_3,"['PBMD', 'PBMD', 'PBMD', 'STAT', 'STAT']","[467572377852041071, 467572377852173897, 467572377854003298, 467572377850331853, 467572377850227873]","[0.7744856476783752, 0.7707152962684631, 0.752516508102417, 0.7510185837745667, 0.7494405508041382]"
2b80b75a-9b67-49c0-aa56-a82f89246ede,ENT,0.00958251953125,0.005157470703125,0.005157470703125,0.98046875,True,D,0.046510934829711914,medmcqa_3,"['PBMD', 'TEXT', 'PBMD', 'PBMD', 'PBMD']","[467572377854279725, 467523489549960174, 467572377854910176, 467572377852093349, 467572377853737202]","[0.8024518489837646, 0.8015094995498657, 0.8004218339920044, 0.7976762056350708, 0.7900532484054565]"
7f6d1f08-88da-404d-8609-975b800525db,ENT,0.7890625,0.00823974609375,0.19921875,0.0025177001953125,True,A,0.03555893898010254,medmcqa_3,"['TEXT', 'STAT', 'STAT', 'PBMD', 'STAT']","[467523489549929684, 467572377850348789, 467572377850320086, 467572377856968062, 467572377850289077]","[0.7882769107818604, 0.7734998464584351, 0.7704706192016602, 0.765565037727356, 0.7621096968650818]"
76943406-82ea-452f-ba3c-8294d5131236,ENT,0.63671875,0.1416015625,0.09765625,0.125,True,A,0.036141157150268555,medmcqa_3,"['TEXT', 'PBMD', 'PBMD', 'PBMD', 'PBMD']","[467523489549708341, 467572377854784499, 467572377856887151, 467572377854191891, 467572377853554790]","[0.8127637505531311, 0.8127338886260986, 0.8123570084571838, 0.8076385259628296, 0.8058140873908997]"
9dd236e0-6dce-46bc-ae1c-588cbcf8ae7e,ENT,0.015869140625,0.921875,0.052001953125,0.009033203125,True,B,0.0555572509765625,medmcqa_3,"['PBMD', 'STAT', 'PBMD', 'PBMD', 'PBMD']","[467572377854972860, 467572377850705442, 467572377854147180, 467572377856564199, 467572377854758356]","[0.7581197023391724, 0.750676155090332, 0.7454275488853455, 0.7415395379066467, 0.7406675219535828]"
ca8fa4b0-4abf-48ca-81ea-47d576214695,ENT,0.12890625,0.12890625,0.578125,0.1650390625,False,A,0.03528785705566406,medmcqa_3,"['PBMD', 'PBMD', 'PBMD', 'PBMD', 'PBMD']","[467572377853778249, 467572377852970614, 467572377854804437, 467572377854816710, 467572377853583550]","[0.8209895491600037, 0.8180443048477173, 0.807219386100769, 0.807007908821106, 0.8006294369697571]"
9c00513c-c51e-4fff-a4f7-8f7e106a6189,ENT,0.0155029296875,0.0225830078125,0.9609375,0.00127410888671875,False,B,0.03676748275756836,medmcqa_3,"['STAT', 'PBMD', 'PBMD', 'PBMD', 'PBMD']","[467572377850781296, 467572377852453301, 467572377853386785, 467572377854808290, 467572377852128343]","[0.8182727694511414, 0.8168904781341553, 0.815532386302948, 0.8140506744384766, 0.8129030466079712]"
1b75c585-4c03-49ea-a9af-b73c4695a02d,ENT,0.75,0.115234375,0.115234375,0.018798828125,True,A,0.03621101379394531,medmcqa_3,"['STAT', 'PBMD', 'PBMD', 'STAT', 'PBMD']","[467572377850411624, 467572377854957772, 467572377856968062, 467572377850247296, 467572377852047959]","[0.7778383493423462, 0.7746365070343018, 0.7694011330604553, 0.7619597911834717, 0.7608047723770142]"
6580936e-04ad-478c-aa9c-9276a04ab117,ENT,0.2333984375,0.06689453125,0.6328125,0.06689453125,True,C,0.06586766242980957,medmcqa_3,"['PBMD', 'PBMD', 'PBMD', 'PBMD', 'PBMD']","[467572377855168445, 467572377856242572, 467572377855841261, 467572377856400317, 467572377856668026]","[0.7818801403045654, 0.7769370675086975, 0.7763268947601318, 0.7753775119781494, 0.7693190574645996]"
49d51a8b-f675-431f-892b-22495b04c748,ENT,0.34765625,0.1279296875,0.39453125,0.1279296875,True,C,0.05701899528503418,medmcqa_3,"['PBMD', 'PBMD', 'STAT', 'PBMD', 'PBMD']","[467572377854280076, 467572377856660517, 467572377850242348, 467572377853631824, 467572377855590528]","[0.7598600387573242, 0.7580761313438416, 0.7536863684654236, 0.7524250745773315, 0.7519019842147827]"
1da62bd1-f210-451c-aeee-60658c9e155d,ENT,0.01043701171875,0.046875,0.94140625,0.00091552734375,True,C,0.031755924224853516,medmcqa_3,"['PBMD', 'TEXT', 'PBMD', 'PBMD', 'PBMD']","[467572377856904977, 467523489549987941, 467572377850952940, 467572377854788556, 467572377855721081]","[0.7549726963043213, 0.7473231554031372, 0.7473204135894775, 0.7455108761787415, 0.7449033260345459]"
5b19e0c0-55a9-44b6-bac1-7382edf82e86,ENT,0.275390625,0.189453125,0.0791015625,0.455078125,True,D,0.04929852485656738,medmcqa_3,"['TEXT', 'PBMD', 'PBMD', 'PBMD', 'STAT']","[467523489549990542, 467572377856647175, 467572377852752635, 467572377854957952, 467572377850251524]","[0.7356058955192566, 0.7164934277534485, 0.7150793671607971, 0.7131627798080444, 0.711117148399353]"
8823db56-c519-44b4-87e8-b00ff1e54b52,Pediatrics,0.0166015625,0.0047607421875,0.012939453125,0.96484375,True,D,0.03927421569824219,medmcqa_3,"['TEXT', 'TEXT', 'PBMD', 'STAT', 'TEXT']","[467523489549977125, 467523489549972668, 467572377855895429, 467572377850251232, 467523489549711468]","[0.8026662468910217, 0.7944316864013672, 0.7888469099998474, 0.783065676689148, 0.7822250723838806]"
57fd04ac-d3f6-429c-8b12-059bc890a2b3,Pediatrics,0.130859375,0.0546875,0.357421875,0.45703125,True,D,0.046132564544677734,medmcqa_3,"['PBMD', 'PBMD', 'PBMD', 'PBMD', 'PBMD']","[467572377852148874, 467572377856536086, 467572377855474052, 467572377855551535, 467572377853290390]","[0.8003376126289368, 0.7960895299911499, 0.7911808490753174, 0.7901623249053955, 0.7893821001052856]"
84aa6d20-0298-45a0-8131-907d7b923c1d,Pediatrics,0.310546875,0.166015625,0.01361083984375,0.51171875,True,D,0.055231571197509766,medmcqa_3,"['PBMD', 'PBMD', 'PBMD', 'PBMD', 'PBMD']","[467572377854154136, 467572377853807216, 467572377854263274, 467572377856332525, 467572377856487724]","[0.7986787557601929, 0.7964516282081604, 0.7950806617736816, 0.7948889136314392, 0.7908322215080261]"
1c31d0dd-0a98-4681-a1e9-35b4554957a4,Pediatrics,0.02392578125,0.2578125,0.69921875,0.0186767578125,False,B,0.03748965263366699,medmcqa_3,"['PBMD', 'PBMD', 'PBMD', 'PBMD', 'PBMD']","[467572377854105200, 467572377856286385, 467572377854342286, 467572377852171814, 467572377852550417]","[0.7278499007225037, 0.7219449877738953, 0.714585542678833, 0.7127520442008972, 0.7075308561325073]"
2f6fcd3f-af72-46f2-8644-03a5c17ae86e,Pediatrics,0.26953125,0.41796875,0.1982421875,0.11279296875,True,B,0.05646491050720215,medmcqa_3,"['STAT', 'PBMD', 'PBMD', 'PBMD', 'PBMD']","[467572377850279765, 467572377855758238, 467572377852984698, 467572377855841140, 467572377852967641]","[0.7952861189842224, 0.7854717969894409, 0.7768558263778687, 0.7739403247833252, 0.7721320390701294]"
2289d879-a20e-4c1f-944a-28963ddbf7e2,Pediatrics,0.052490234375,0.56640625,0.162109375,0.220703125,False,C,0.03823518753051758,medmcqa_3,"['PBMD', 'PBMD', 'PBMD', 'PBMD', 'STAT']","[467572377856351846, 467572377855324669, 467572377850831652, 467572377853094354, 467572377850746080]","[0.7828508615493774, 0.7742830514907837, 0.7729154825210571, 0.7704853415489197, 0.7699391841888428]"
af6a0acd-5f08-4a8d-b034-01706f801d62,Pediatrics,0.005462646484375,0.0179443359375,0.05859375,0.91796875,True,D,0.06427979469299316,medmcqa_3,"['PBMD', 'PBMD', 'PBMD', 'PBMD', 'PBMD']","[467572377856103922, 467572377856176460, 467572377856352567, 467572377853330606, 467572377856098002]","[0.8010563850402832, 0.7837214469909668, 0.7752217650413513, 0.7715045213699341, 0.7677441835403442]"
a794fb42-4542-4d9d-917a-938320e437ee,Pediatrics,0.25390625,0.287109375,0.287109375,0.173828125,True,B,0.05417466163635254,medmcqa_3,"['PBMD', 'PBMD', 'PBMD', 'PBMD', 'STAT']","[467572377855927383, 467572377852920202, 467572377855560600, 467572377856100429, 467572377850651246]","[0.7442299723625183, 0.7433654069900513, 0.7412945032119751, 0.7406758069992065, 0.7376558780670166]"
efcd7871-f80f-4400-a859-ba4a5f3b34a9,Pediatrics,0.90234375,0.0654296875,0.0240478515625,0.007354736328125,True,A,0.07914400100708008,medmcqa_3,"['PBMD', 'PBMD', 'PBMD', 'PBMD', 'PBMD']","[467572377854785347, 467572377855570061, 467572377856763222, 467572377856901666, 467572377856581239]","[0.8587149381637573, 0.8461818695068359, 0.8431740403175354, 0.8397783041000366, 0.8380181193351746]"
73b2213f-04d6-4293-854e-0f3c30e3d04d,Pediatrics,0.609375,0.0267333984375,0.326171875,0.038818359375,True,A,0.049402713775634766,medmcqa_3,"['PBMD', 'PBMD', 'PBMD', 'PBMD', 'PBMD']","[467572377854693774, 467572377852043714, 467572377854935241, 467572377852307771, 467572377855293498]","[0.8364171981811523, 0.8208745718002319, 0.81899094581604, 0.7919991612434387, 0.7894293069839478]"
708d375e-a984-4324-977e-df3bf47b917c,Pediatrics,0.034912109375,0.95703125,0.00567626953125,0.0030364990234375,True,B,0.062196969985961914,medmcqa_3,"['PBMD', 'PBMD', 'PBMD', 'PBMD', 'PBMD']","[467572377852252989, 467572377850815478, 467572377853389640, 467572377856064451, 467572377852941592]","[0.7858846783638, 0.7829415798187256, 0.7772873640060425, 0.7758941054344177, 0.7754688858985901]"
71ccbfe8-09e0-4bce-a325-3d0bc771acc5,Pediatrics,0.0167236328125,0.005096435546875,0.006561279296875,0.97265625,True,D,0.033487558364868164,medmcqa_3,"['STAT', 'STAT', 'TEXT', 'PBMD', 'PBMD']","[467572377850663825, 467572377850284510, 467523489549963192, 467572377854493843, 467572377856934340]","[0.7925518155097961, 0.7608034610748291, 0.7524052858352661, 0.748291015625, 0.7461346983909607]"
558b39da-b738-4ec4-be14-7d6e2a632b1f,Pediatrics,0.9765625,0.0074462890625,0.01226806640625,0.0045166015625,True,A,0.06458258628845215,medmcqa_3,"['PBMD', 'PBMD', 'PBMD', 'PBMD', 'PBMD']","[467572377856103922, 467572377855485866, 467572377853682391, 467572377854371085, 467572377855609594]","[0.8105521202087402, 0.8065235018730164, 0.7930616736412048, 0.7929865121841431, 0.7915187478065491]"
ce595e35-9aa2-4c71-90a9-d509896f4249,Pediatrics,0.044677734375,0.373046875,0.54296875,0.039306640625,False,B,0.03786158561706543,medmcqa_3,"['PBMD', 'PBMD', 'PBMD', 'PBMD', 'PBMD']","[467572377854779945, 467572377856567645, 467572377853258604, 467572377853152185, 467572377853756782]","[0.795372724533081, 0.7952044010162354, 0.7869587540626526, 0.785737156867981, 0.7847099304199219]"
18281eec-ca92-43cc-8470-b731f542e383,Pediatrics,0.03466796875,0.00775146484375,0.0025177001953125,0.953125,True,D,0.06161761283874512,medmcqa_3,"['PBMD', 'PBMD', 'PBMD', 'PBMD', 'PBMD']","[467572377852652201, 467572377855609594, 467572377852845783, 467572377853963431, 467572377856103922]","[0.813232958316803, 0.8091001510620117, 0.8081919550895691, 0.8058561086654663, 0.8058274984359741]"
44266c6c-0921-4728-9093-eb52459ba6db,Pediatrics,0.03466796875,0.7890625,0.1552734375,0.0223388671875,False,A,0.03663206100463867,medmcqa_3,"['PBMD', 'PBMD', 'PBMD', 'PBMD', 'PBMD']","[467572377850946235, 467572377853093728, 467572377855688980, 467572377855578578, 467572377855022766]","[0.8479042649269104, 0.8336791396141052, 0.8253631591796875, 0.8206319808959961, 0.8197147846221924]"
de9780d6-97ff-48fa-9eeb-b49d831852da,Pediatrics,0.466796875,0.07177734375,0.09765625,0.36328125,True,A,0.04792952537536621,medmcqa_3,"['STAT', 'PBMD', 'PBMD', 'PBMD', 'PBMD']","[467572377850292911, 467572377856968021, 467572377854287379, 467572377850955756, 467572377854660791]","[0.8096076250076294, 0.8039810657501221, 0.7802609205245972, 0.7792595624923706, 0.7735072374343872]"
6418673c-e93b-47fb-a801-19c7fc369d73,Pediatrics,0.9140625,0.0517578125,0.00958251953125,0.02294921875,True,A,0.057021379470825195,medmcqa_3,"['PBMD', 'PBMD', 'PBMD', 'PBMD', 'PBMD']","[467572377854681339, 467572377850812776, 467572377850979456, 467572377852720287, 467572377854226844]","[0.7570972442626953, 0.7536196708679199, 0.7530019283294678, 0.7528672218322754, 0.7527890801429749]"
b9a78603-431f-4c3e-b913-6ba3b1e15058,Pediatrics,0.2431640625,0.353515625,0.189453125,0.21484375,True,B,0.058217525482177734,medmcqa_3,"['PBMD', 'PBMD', 'PBMD', 'PBMD', 'PBMD']","[467572377855671699, 467572377855673625, 467572377855400727, 467572377856821960, 467572377852827625]","[0.7973724007606506, 0.7918869853019714, 0.7890583276748657, 0.7887992858886719, 0.7875852584838867]"
796766f1-6564-4d0d-9e60-32e07ada0976,Pediatrics,0.439453125,0.18359375,0.11083984375,0.265625,False,D,0.06208300590515137,medmcqa_3,"['PBMD', 'PBMD', 'PBMD', 'PBMD', 'PBMD']","[467572377852888764, 467572377855008939, 467572377855340141, 467572377853434464, 467572377856697979]","[0.7783352732658386, 0.7762448191642761, 0.7712550163269043, 0.7708655595779419, 0.770169734954834]"
ad4028d6-0548-4491-949d-e8e55de3705d,Psychiatry,0.396484375,0.2255859375,0.06884765625,0.30859375,True,A,0.04913163185119629,medmcqa_3,"['STAT', 'STAT', 'PBMD', 'PBMD', 'PBMD']","[467572377850277341, 467572377850277334, 467572377854050954, 467572377853447381, 467572377855880817]","[0.7704041004180908, 0.7564012408256531, 0.7557229995727539, 0.7539117336273193, 0.7467378973960876]"
e24e70c1-28d3-429c-b2ed-1233a7061886,Psychiatry,0.00433349609375,0.000377655029296875,0.99609375,0.00015735626220703125,True,C,0.03541159629821777,medmcqa_3,"['PBMD', 'PBMD', 'PBMD', 'PBMD', 'PBMD']","[467572377854099592, 467572377855217987, 467572377853343585, 467572377855292516, 467572377856017711]","[0.81199049949646, 0.8080313801765442, 0.8038213849067688, 0.8028808236122131, 0.7991470098495483]"
23d9993a-4add-473d-a0db-0df65cebab6f,Psychiatry,0.0311279296875,0.0546875,0.058349609375,0.85546875,False,C,0.03481006622314453,medmcqa_3,"['PBMD', 'PBMD', 'PBMD', 'STAT', 'PBMD']","[467572377856019761, 467572377853619394, 467572377852819006, 467572377850287788, 467572377852370473]","[0.7880914807319641, 0.7856298685073853, 0.7844698429107666, 0.7836492657661438, 0.7813090085983276]"
cf2868bf-f392-4658-93fa-4023f0b735dc,Psychiatry,0.99609375,0.00090789794921875,0.001922607421875,0.00020313262939453125,True,A,0.04874467849731445,medmcqa_3,"['PBMD', 'PBMD', 'PBMD', 'PBMD', 'PBMD']","[467572377853785226, 467572377853498670, 467572377853452337, 467572377854199169, 467572377855482899]","[0.787048876285553, 0.7717405557632446, 0.770464301109314, 0.7671751976013184, 0.7630565166473389]"
2906b865-1f6c-4e04-9fbd-b0ffc5fbb55f,Psychiatry,0.5,0.2373046875,0.0771484375,0.1845703125,True,A,0.032584428787231445,medmcqa_3,"['PBMD', 'PBMD', 'PBMD', 'PBMD', 'PBMD']","[467572377852888178, 467572377855274061, 467572377853786831, 467572377856689460, 467572377856796910]","[0.7605119347572327, 0.7509041428565979, 0.7507165670394897, 0.7491065859794617, 0.7490538954734802]"
89c343ba-843b-4728-bbc7-d7e865e5839a,Psychiatry,0.9609375,0.0113525390625,0.0166015625,0.010009765625,True,A,0.03941059112548828,medmcqa_3,"['PBMD', 'PBMD', 'STAT', 'STAT', 'TEXT']","[467572377856966086, 467572377852710502, 467572377850283374, 467572377850283377, 467523489549690048]","[0.7795284986495972, 0.7725731134414673, 0.7692884206771851, 0.7664539813995361, 0.7657397985458374]"
3eef5a1d-9fb5-4238-8265-b72cd2ecb57c,Psychiatry,0.2353515625,0.2080078125,0.0595703125,0.498046875,False,C,0.04988384246826172,medmcqa_3,"['PBMD', 'PBMD', 'TEXT', 'PBMD', 'PBMD']","[467572377856197440, 467572377854154111, 467523489549952335, 467572377855645705, 467572377854596280]","[0.7558323740959167, 0.7468312382698059, 0.729188859462738, 0.7291750311851501, 0.7285705208778381]"
dc516dd3-1cc6-469c-9713-ac66bb331abe,Psychiatry,0.0198974609375,0.00185394287109375,0.0166015625,0.9609375,True,D,0.0480952262878418,medmcqa_3,"['TEXT', 'PBMD', 'PBMD', 'PBMD', 'PBMD']","[467523489549952444, 467572377855812838, 467572377856513335, 467572377852931071, 467572377855652918]","[0.7909198999404907, 0.7872565388679504, 0.7799936532974243, 0.7775278091430664, 0.7735505700111389]"
6d5c8e5b-6008-47d2-9a52-4c182ac1d537,Psychiatry,0.008056640625,0.0009002685546875,0.002960205078125,0.98828125,True,D,0.03873324394226074,medmcqa_3,"['STAT', 'STAT', 'PBMD', 'PBMD', 'STAT']","[467572377850361265, 467572377850290263, 467572377856976221, 467572377856851969, 467572377850361262]","[0.8404742479324341, 0.8351726531982422, 0.7946116328239441, 0.7869503498077393, 0.7801823019981384]"
3c69cd02-ada1-4430-bfba-88470b6eccff,Psychiatry,0.029296875,0.0002231597900390625,0.000732421875,0.96875,True,D,0.04706406593322754,medmcqa_3,"['PBMD', 'PBMD', 'PBMD', 'PBMD', 'PBMD']","[467572377855403954, 467572377855890663, 467572377855634258, 467572377853544622, 467572377856788237]","[0.7157312035560608, 0.7112343907356262, 0.7109024524688721, 0.7030407190322876, 0.7026633024215698]"
ff561628-9e42-4f3c-adb8-484ceb3fc70f,Psychiatry,0.019287109375,0.9296875,0.0181884765625,0.03173828125,True,B,0.040795326232910156,medmcqa_3,"['PBMD', 'PBMD', 'PBMD', 'PBMD', 'PBMD']","[467572377852905680, 467572377853402079, 467572377852751197, 467572377853356512, 467572377850842924]","[0.7611287832260132, 0.7602341175079346, 0.7571945190429688, 0.756879448890686, 0.7533591985702515]"
cf9062d6-04f3-4ae8-8db0-782c088ec982,Psychiatry,0.8984375,0.00823974609375,0.06103515625,0.03271484375,True,A,0.038890838623046875,medmcqa_3,"['PBMD', 'PBMD', 'PBMD', 'TEXT', 'PBMD']","[467572377853909139, 467572377854725272, 467572377854824038, 467523489549958508, 467572377853167819]","[0.7691055536270142, 0.7489513754844666, 0.7472240924835205, 0.7379010915756226, 0.7344725131988525]"
ee40f567-0991-438e-96cd-847593acd7f7,Psychiatry,0.10888671875,0.0546875,0.03125,0.8046875,True,D,0.039825439453125,medmcqa_3,"['STAT', 'STAT', 'PBMD', 'PBMD', 'STAT']","[467572377850226263, 467572377850250916, 467572377856523954, 467572377855359312, 467572377850341327]","[0.7838106155395508, 0.769079327583313, 0.7589541077613831, 0.7584702968597412, 0.7583962678909302]"
ecf6f648-4e63-4ba7-b375-d3f4c8ca6e2b,Psychiatry,0.90625,0.006500244140625,0.03515625,0.05126953125,True,A,0.03840351104736328,medmcqa_3,"['PBMD', 'PBMD', 'PBMD', 'PBMD', 'PBMD']","[467572377852172242, 467572377852197721, 467572377856284910, 467572377854949116, 467572377852194132]","[0.8146472573280334, 0.7943509221076965, 0.7909637093544006, 0.7840503454208374, 0.7708444595336914]"
9e758ccb-3bcc-461d-a31b-0feb910ee961,Psychiatry,0.009033203125,0.984375,0.0017852783203125,0.005859375,True,B,0.0397951602935791,medmcqa_3,"['PBMD', 'PBMD', 'PBMD', 'PBMD', 'TEXT']","[467572377856083688, 467572377856508536, 467572377854908177, 467572377853499001, 467523489549961204]","[0.7717622518539429, 0.7676249742507935, 0.7656453847885132, 0.7652511596679688, 0.7632865309715271]"
62836ef8-0fa7-47fa-8d7b-1b934ba7d2ee,Psychiatry,0.0634765625,0.10498046875,0.7734375,0.05615234375,False,B,0.03832578659057617,medmcqa_3,"['PBMD', 'PBMD', 'PBMD', 'PBMD', 'PBMD']","[467572377856234978, 467572377855988065, 467572377856696768, 467572377856464241, 467572377856101421]","[0.7678807377815247, 0.7437458038330078, 0.7398768067359924, 0.7368811368942261, 0.7360783815383911]"
14f033a3-eed9-4371-af2b-f84bfcfcb7d2,Psychiatry,0.1123046875,0.0771484375,0.734375,0.0771484375,False,D,0.04828834533691406,medmcqa_3,"['PBMD', 'PBMD', 'PBMD', 'TEXT', 'PBMD']","[467572377854970381, 467572377855050540, 467572377855023733, 467523489549948354, 467572377854981595]","[0.81356281042099, 0.8120270371437073, 0.8116395473480225, 0.8112540245056152, 0.8102638125419617]"
52884711-d317-4149-93ed-91257b8cc1a4,Psychiatry,0.01446533203125,0.1376953125,0.057373046875,0.7890625,True,D,0.03560614585876465,medmcqa_3,"['PBMD', 'PBMD', 'PBMD', 'PBMD', 'PBMD']","[467572377854394426, 467572377853360063, 467572377854509294, 467572377853412198, 467572377853560397]","[0.7922056913375854, 0.7817840576171875, 0.7784327268600464, 0.7780025601387024, 0.7766771912574768]"
f87b266f-9e65-48dd-a1a7-622ad04b2f21,Psychiatry,0.98828125,0.006683349609375,0.002166748046875,0.0009613037109375,True,A,0.03240036964416504,medmcqa_3,"['PBMD', 'PBMD', 'PBMD', 'PBMD', 'PBMD']","[467572377856211333, 467572377853111731, 467572377854198441, 467572377852917633, 467572377850998382]","[0.801852822303772, 0.7548324465751648, 0.7541910409927368, 0.7524853944778442, 0.7446045875549316]"
13df9c77-6bd8-489e-8a58-0a88c0a18d05,Psychiatry,0.306640625,0.1865234375,0.39453125,0.11279296875,True,C,0.03598475456237793,medmcqa_3,"['PBMD', 'PBMD', 'PBMD', 'PBMD', 'PBMD']","[467572377855236958, 467572377854803504, 467572377855924995, 467572377854090962, 467572377850923569]","[0.7709692716598511, 0.7578086853027344, 0.757726788520813, 0.7572352886199951, 0.7558646202087402]"
22d6b066-82ec-43d6-a3b1-b81e872cd0e2,Anaesthesia,0.357421875,0.279296875,0.1162109375,0.24609375,False,C,0.039533138275146484,medmcqa_3,"['STAT', 'PBMD', 'PBMD', 'STAT', 'PBMD']","[467572377850721982, 467572377853578571, 467572377852339217, 467572377850786167, 467572377854728723]","[0.7630487680435181, 0.7623060941696167, 0.7621797323226929, 0.7603923678398132, 0.759720504283905]"
4b6a32f1-71d9-47eb-aa2c-deddb77d0612,Anaesthesia,0.2421875,0.65625,0.03076171875,0.0693359375,False,A,0.05502676963806152,medmcqa_3,"['PBMD', 'PBMD', 'TEXT', 'PBMD', 'PBMD']","[467572377855652040, 467572377850963151, 467523489549983510, 467572377853006524, 467572377852465285]","[0.7889846563339233, 0.7749638557434082, 0.773315966129303, 0.7698950171470642, 0.7693930864334106]"
91bc57dd-42e9-4d5c-90f2-bb4d7083edc5,Anaesthesia,0.41015625,0.055419921875,0.0712890625,0.46484375,False,A,0.08336234092712402,medmcqa_3,"['PBMD', 'PBMD', 'PBMD', 'PBMD', 'PBMD']","[467572377856942099, 467572377853874539, 467572377856673650, 467572377856816275, 467572377856296490]","[0.8761098384857178, 0.8650016784667969, 0.86455237865448, 0.8521938323974609, 0.8448836803436279]"
212b6761-4689-4b34-884b-e91b3bb6ddd2,Anaesthesia,0.08056640625,0.11669921875,0.040283203125,0.76171875,True,D,0.04835247993469238,medmcqa_3,"['STAT', 'PBMD', 'PBMD', 'PBMD', 'PBMD']","[467572377850720365, 467572377856937627, 467572377856137839, 467572377852552387, 467572377855284386]","[0.8709486722946167, 0.8356797099113464, 0.8121353387832642, 0.7966346144676208, 0.7958683967590332]"
efb5de11-3557-46f6-ae63-5ef4c0d174ca,Anaesthesia,0.10205078125,0.11572265625,0.11572265625,0.66796875,True,D,0.055928707122802734,medmcqa_3,"['PBMD', 'PBMD', 'PBMD', 'PBMD', 'PBMD']","[467572377855003787, 467572377853066986, 467572377856038874, 467572377854599899, 467572377853738157]","[0.7831685543060303, 0.7646663784980774, 0.7626007199287415, 0.7589995861053467, 0.7581738233566284]"
46868f3b-52d8-4f75-997a-1b6ee908443a,Anaesthesia,0.0128173828125,0.02880859375,0.00390625,0.953125,True,D,0.0534212589263916,medmcqa_3,"['PBMD', 'TEXT', 'PBMD', 'PBMD', 'STAT']","[467572377851000949, 467523489549983659, 467572377853106088, 467572377853409058, 467572377850789178]","[0.7979258894920349, 0.7908691167831421, 0.7900688648223877, 0.7811592817306519, 0.7786370515823364]"
68325eff-1281-4b1b-bc43-20efa6a8d76f,Anaesthesia,0.06396484375,0.8828125,0.0250244140625,0.0267333984375,True,B,0.04837512969970703,medmcqa_3,"['PBMD', 'PBMD', 'PBMD', 'PBMD', 'STAT']","[467572377852119008, 467572377852246886, 467572377852169904, 467572377853937162, 467572377850360404]","[0.8203521966934204, 0.8156091570854187, 0.8154091238975525, 0.7954075932502747, 0.7877004742622375]"
5e72fa22-530d-45a1-bc4b-b73c7cc1353e,Anaesthesia,0.9609375,0.01068115234375,0.003692626953125,0.0240478515625,True,A,0.04599571228027344,medmcqa_3,"['PBMD', 'PBMD', 'PBMD', 'PBMD', 'PBMD']","[467572377852284018, 467572377854456799, 467572377855729784, 467572377852372291, 467572377853568701]","[0.8163787722587585, 0.8086919188499451, 0.7991413474082947, 0.7967603206634521, 0.7963979244232178]"
bedf2cb4-b234-4083-a7d9-20bfa4351020,Anaesthesia,0.000804901123046875,1.0,0.0002307891845703125,3.314018249511719e-05,True,B,0.04860687255859375,medmcqa_3,"['PBMD', 'PBMD', 'PBMD', 'PBMD', 'PBMD']","[467572377850944064, 467572377854902924, 467572377853973106, 467572377852047216, 467572377855741717]","[0.8273510336875916, 0.8065418004989624, 0.7947420477867126, 0.7904971241950989, 0.7904247045516968]"
b1e61d15-9e6b-4b4f-823a-7387e4243d3e,Anaesthesia,0.96484375,0.02734375,0.00537109375,0.004180908203125,True,A,0.03544759750366211,medmcqa_3,"['PBMD', 'PBMD', 'PBMD', 'PBMD', 'PBMD']","[467572377854601507, 467572377855979184, 467572377854631331, 467572377854830991, 467572377855195409]","[0.8063048720359802, 0.7964962720870972, 0.7955249547958374, 0.7906136512756348, 0.790601372718811]"
e471fc28-7a4e-470c-9ff1-af07d3e0901a,Anaesthesia,0.291015625,0.15625,0.375,0.1767578125,False,B,0.026332855224609375,medmcqa_3,"['STAT', 'STAT', 'STAT', 'STAT', 'PBMD']","[467572377850414383, 467572377850778356, 467572377850303683, 467572377850671587, 467572377856196540]","[0.7730228304862976, 0.7521008253097534, 0.7434684634208679, 0.7421983480453491, 0.7380736470222473]"
1728a252-367f-45a6-be2b-391fe449355a,Anaesthesia,0.1142578125,0.017578125,0.0225830078125,0.84375,True,D,0.038056373596191406,medmcqa_3,"['STAT', 'PBMD', 'PBMD', 'PBMD', 'PBMD']","[467572377850775204, 467572377855479147, 467572377856890731, 467572377856310205, 467572377853694791]","[0.7810937166213989, 0.766362190246582, 0.7592129707336426, 0.7573080062866211, 0.7559413909912109]"
34a7b909-c8aa-4baa-8a46-52051bff0e06,Anaesthesia,0.010986328125,0.0004253387451171875,0.000400543212890625,0.98828125,True,D,0.050000667572021484,medmcqa_3,"['PBMD', 'PBMD', 'PBMD', 'PBMD', 'PBMD']","[467572377853624340, 467572377853624339, 467572377854352129, 467572377854209153, 467572377854352841]","[0.80376797914505, 0.7942388653755188, 0.7912778854370117, 0.7862875461578369, 0.7807551622390747]"
3d31c657-e933-444b-925c-4bbff6cd4aff,Anaesthesia,0.1279296875,0.0732421875,0.1064453125,0.69140625,True,D,0.039156198501586914,medmcqa_3,"['TEXT', 'PBMD', 'PBMD', 'PBMD', 'PBMD']","[467523489549960898, 467572377856969656, 467572377853898599, 467572377852180233, 467572377852051123]","[0.8281514048576355, 0.8229337930679321, 0.8172258138656616, 0.8156242370605469, 0.8155786395072937]"
b4984846-3ad3-406d-9e1a-1df457a98efe,Anaesthesia,0.001922607421875,0.00080108642578125,0.99609375,6.198883056640625e-05,True,C,0.04845547676086426,medmcqa_3,"['STAT', 'PBMD', 'PBMD', 'PBMD', 'PBMD']","[467572377850745810, 467572377856171593, 467572377855688371, 467572377852471880, 467572377856560350]","[0.8144530057907104, 0.8014889359474182, 0.7959399223327637, 0.7893117666244507, 0.7886540293693542]"
29f5329e-56e5-4e02-8567-b4c2158b21a4,Anaesthesia,0.130859375,0.10205078125,0.011474609375,0.75390625,False,A,0.062195539474487305,medmcqa_3,"['PBMD', 'PBMD', 'PBMD', 'PBMD', 'PBMD']","[467572377855686387, 467572377854226462, 467572377856218898, 467572377855366872, 467572377852244220]","[0.7861615419387817, 0.7798604369163513, 0.7738395929336548, 0.7732816338539124, 0.7722732424736023]"
36fff068-2edc-4d21-8489-8ead67ea5fdf,Anaesthesia,0.138671875,0.177734375,0.2578125,0.42578125,True,D,0.056948184967041016,medmcqa_3,"['PBMD', 'PBMD', 'PBMD', 'PBMD', 'PBMD']","[467572377853426832, 467572377852302030, 467572377854750425, 467572377852518660, 467572377854182723]","[0.7573447227478027, 0.7572190761566162, 0.7567099332809448, 0.7506663799285889, 0.7504743337631226]"
85753f38-4b50-413f-8f16-291711317d68,Anaesthesia,0.9921875,0.003570556640625,0.00518798828125,0.000354766845703125,True,A,0.049490928649902344,medmcqa_3,"['PBMD', 'STAT', 'PBMD', 'PBMD', 'PBMD']","[467572377854131819, 467572377850684483, 467572377854082982, 467572377853593228, 467572377854906560]","[0.7654376029968262, 0.7619096040725708, 0.7602212429046631, 0.7576854825019836, 0.7565643787384033]"
b0547567-2eb8-46d4-94d8-9ffc26815626,Anaesthesia,0.46484375,0.05908203125,0.41015625,0.06689453125,False,C,0.0588991641998291,medmcqa_3,"['PBMD', 'PBMD', 'PBMD', 'PBMD', 'PBMD']","[467572377856776279, 467572377853326414, 467572377850864849, 467572377856341920, 467572377856331169]","[0.8091878890991211, 0.7919144630432129, 0.7901380062103271, 0.7890204191207886, 0.786781907081604]"
f8686b39-33fe-4d8f-b04e-ec04624fef0e,Anaesthesia,0.115234375,0.16796875,0.314453125,0.40234375,False,B,0.0559842586517334,medmcqa_3,"['PBMD', 'PBMD', 'PBMD', 'PBMD', 'PBMD']","[467572377856236208, 467572377856447719, 467572377855441492, 467572377855726505, 467572377853880932]","[0.7456319332122803, 0.7402302026748657, 0.7399153709411621, 0.7394821047782898, 0.7345736026763916]"
e7745214-0188-4a9c-a130-76f90d2a24b3,Radiology,0.482421875,0.1220703125,0.1376953125,0.2578125,False,C,0.03598761558532715,medmcqa_3,"['PBMD', 'PBMD', 'PBMD', 'PBMD', 'PBMD']","[467572377852200923, 467572377850981540, 467572377856809839, 467572377855070302, 467572377855040414]","[0.7196006774902344, 0.707944393157959, 0.7042856216430664, 0.7007295489311218, 0.6976282000541687]"
a7543a33-ad1a-4271-8a06-34b650248154,Radiology,0.0279541015625,0.8203125,0.1259765625,0.0279541015625,True,B,0.03461194038391113,medmcqa_3,"['PBMD', 'PBMD', 'PBMD', 'PBMD', 'STAT']","[467572377854041638, 467572377853433227, 467572377850865594, 467572377854986800, 467572377850764771]","[0.7762187123298645, 0.7741847038269043, 0.7740840911865234, 0.7684823870658875, 0.7682749629020691]"
b8710ca3-6e5f-437c-b3e6-1d31ddcbea33,Radiology,0.07373046875,0.10693359375,0.12109375,0.69921875,True,D,0.036563873291015625,medmcqa_3,"['PBMD', 'PBMD', 'PBMD', 'PBMD', 'PBMD']","[467572377854502263, 467572377855213658, 467572377852346858, 467572377853809697, 467572377853024104]","[0.8431897759437561, 0.8260380029678345, 0.79830402135849, 0.7981557846069336, 0.7934698462486267]"
aedbff9a-974c-4517-9e64-4e7aa5b771da,Radiology,0.038330078125,0.038330078125,0.04931640625,0.875,True,D,0.07297563552856445,medmcqa_3,"['PBMD', 'PBMD', 'PBMD', 'PBMD', 'PBMD']","[467572377853991620, 467572377853510085, 467572377855504556, 467572377855071129, 467572377855985581]","[0.8385401964187622, 0.835399329662323, 0.7441573739051819, 0.7396843433380127, 0.7366222143173218]"
b92f7260-2761-4b02-a2bf-520d8b1d1d67,Radiology,0.76171875,0.169921875,0.048828125,0.0179443359375,False,C,0.048615455627441406,medmcqa_3,"['PBMD', 'PBMD', 'PBMD', 'PBMD', 'PBMD']","[467572377850990255, 467572377850986169, 467572377852215222, 467572377853805487, 467572377853406265]","[0.8316125869750977, 0.8303695917129517, 0.8179320693016052, 0.8104114532470703, 0.808480978012085]"
ef947105-cc7d-40a4-9844-26eab7f201b3,Radiology,0.0145263671875,0.58203125,0.004730224609375,0.400390625,True,B,0.033194541931152344,medmcqa_3,"['PBMD', 'PBMD', 'PBMD', 'PBMD', 'PBMD']","[467572377850997695, 467572377853748076, 467572377854272013, 467572377854961214, 467572377855319077]","[0.8345894813537598, 0.8244563341140747, 0.8236849308013916, 0.8189051151275635, 0.8127115368843079]"
d4841ba2-af27-47e0-8d5c-b8e39741cc94,Radiology,0.3046875,0.185546875,0.50390625,0.005950927734375,False,B,0.034662485122680664,medmcqa_3,"['PBMD', 'PBMD', 'PBMD', 'PBMD', 'PBMD']","[467572377852184726, 467572377853993691, 467572377855042264, 467572377852713050, 467572377855940785]","[0.8383455276489258, 0.8381859064102173, 0.8305467963218689, 0.8177011013031006, 0.8172149658203125]"
ad1ae7e9-b259-478e-ab76-18b252983d9c,Radiology,0.2119140625,0.240234375,0.30859375,0.240234375,True,C,0.04097795486450195,medmcqa_3,"['STAT', 'PBMD', 'PBMD', 'STAT', 'STAT']","[467572377850260624, 467572377852936912, 467572377854516535, 467572377850260623, 467572377850316902]","[0.7134336829185486, 0.7064688205718994, 0.705548107624054, 0.7046154737472534, 0.701278567314148]"
afd7e3f4-37e2-462c-8c3a-3dd3abf4c2ca,Radiology,0.095703125,0.123046875,0.55078125,0.2294921875,True,C,0.03782486915588379,medmcqa_3,"['STAT', 'PBMD', 'PBMD', 'PBMD', 'STAT']","[467572377850644688, 467572377852287081, 467572377854431781, 467572377853501580, 467572377850370310]","[0.7811158895492554, 0.7809364795684814, 0.7749238610267639, 0.7723219394683838, 0.761966347694397]"
d18a3ba2-275b-4e19-8ae2-2c8b9272eff0,Radiology,0.007568359375,0.98828125,0.001312255859375,0.00109100341796875,True,B,0.037943124771118164,medmcqa_3,"['PBMD', 'TEXT', 'PBMD', 'PBMD', 'PBMD']","[467572377853629248, 467523489549976351, 467572377856901375, 467572377852085090, 467572377852294668]","[0.796966552734375, 0.7947426438331604, 0.7912034392356873, 0.7885646224021912, 0.7870453596115112]"
023c50ba-333c-452b-8090-196ff7c6ac72,Radiology,0.1005859375,0.65625,0.12890625,0.1142578125,True,B,0.03770041465759277,medmcqa_3,"['PBMD', 'PBMD', 'PBMD', 'PBMD', 'PBMD']","[467572377850920729, 467572377855492023, 467572377852264771, 467572377852348271, 467572377853378383]","[0.7707522511482239, 0.7622500061988831, 0.7595155239105225, 0.7523730397224426, 0.7517868280410767]"
5d2afd69-c845-47b0-9d01-501059483181,Radiology,0.83984375,0.06884765625,0.08837890625,0.0022125244140625,True,A,0.03965163230895996,medmcqa_3,"['PBMD', 'PBMD', 'PBMD', 'PBMD', 'PBMD']","[467572377853376371, 467572377852114747, 467572377854170548, 467572377855287073, 467572377852164476]","[0.7410691976547241, 0.7317884564399719, 0.7238725423812866, 0.7230696678161621, 0.7194976210594177]"
c0120325-bc5d-487d-bb65-b940fd7af292,Radiology,0.059326171875,0.265625,0.439453125,0.2353515625,True,C,0.06164956092834473,medmcqa_3,"['PBMD', 'PBMD', 'PBMD', 'PBMD', 'PBMD']","[467572377856240832, 467572377853633552, 467572377853526156, 467572377854489329, 467572377855270567]","[0.8434833884239197, 0.8370714783668518, 0.8336692452430725, 0.8317188024520874, 0.8294320106506348]"
e45af12d-fe1d-48b4-940d-2f40a449b0fe,Radiology,0.1533203125,0.1533203125,0.470703125,0.22265625,False,A,0.05097174644470215,medmcqa_3,"['PBMD', 'PBMD', 'PBMD', 'PBMD', 'PBMD']","[467572377853294264, 467572377853475074, 467572377855888193, 467572377853915938, 467572377854634609]","[0.7807472944259644, 0.7761081457138062, 0.7756596803665161, 0.7713016867637634, 0.7610143423080444]"
213fa4eb-2afa-435b-875b-e287e1d432fd,Radiology,0.267578125,0.07666015625,0.01416015625,0.640625,True,D,0.057166337966918945,medmcqa_3,"['PBMD', 'PBMD', 'PBMD', 'PBMD', 'PBMD']","[467572377855530274, 467572377856591464, 467572377852560966, 467572377855102163, 467572377855675894]","[0.8266451358795166, 0.8240488767623901, 0.823029637336731, 0.8188643455505371, 0.8157321214675903]"
d8a1a0e1-9add-40e3-9aae-2b9f63ee4463,Radiology,0.003570556640625,0.00518798828125,0.9921875,0.000583648681640625,True,C,0.024538040161132812,medmcqa_3,"['STAT', 'STAT', 'STAT', 'PBMD', 'PBMD']","[467572377850298252, 467572377850678744, 467572377850382628, 467572377854947111, 467572377854949804]","[0.8495219945907593, 0.8351925611495972, 0.8254973888397217, 0.8227533102035522, 0.8197845816612244]"
10b9dc43-4b89-43e2-9859-08dc75ec53b8,Radiology,0.50390625,0.0771484375,0.0267333984375,0.392578125,False,D,0.03628969192504883,medmcqa_3,"['PBMD', 'PBMD', 'PBMD', 'PBMD', 'PBMD']","[467572377852267612, 467572377854088711, 467572377852307407, 467572377852189734, 467572377856577569]","[0.8020647168159485, 0.799330472946167, 0.7834008932113647, 0.7781198620796204, 0.7735016942024231]"
261ba2e2-a703-436d-9bee-cc68430d21bb,Radiology,0.56640625,0.236328125,0.111328125,0.0869140625,True,A,0.03173184394836426,medmcqa_3,"['PBMD', 'PBMD', 'PBMD', 'PBMD', 'PBMD']","[467572377855288820, 467572377854762282, 467572377855765515, 467572377852252028, 467572377855878879]","[0.776287317276001, 0.7678823471069336, 0.7606123685836792, 0.7593698501586914, 0.7570043206214905]"
92f1c8d1-2b56-45f5-874d-80739f113cb4,Radiology,0.0703125,0.7109375,0.06201171875,0.158203125,False,D,0.04770183563232422,medmcqa_3,"['PBMD', 'PBMD', 'STAT', 'PBMD', 'PBMD']","[467572377856739917, 467572377854205950, 467572377850279682, 467572377854384789, 467572377852421770]","[0.7423096299171448, 0.7303522825241089, 0.7290746569633484, 0.7290711998939514, 0.7286106944084167]"
b0259cb5-7b71-44d4-a24f-d20996c9cb8f,Radiology,0.2734375,0.166015625,0.423828125,0.1376953125,True,C,0.05097031593322754,medmcqa_3,"['PBMD', 'PBMD', 'PBMD', 'PBMD', 'PBMD']","[467572377854911417, 467572377856719114, 467572377852297437, 467572377850919371, 467572377856558503]","[0.8188682794570923, 0.8161361217498779, 0.8139735460281372, 0.8132473230361938, 0.8098281621932983]"
2d60053a-831d-400c-882e-81e8dd8127de,Skin,0.8984375,0.0093994140625,0.00830078125,0.08349609375,True,A,0.046097517013549805,medmcqa_3,"['PBMD', 'PBMD', 'PBMD', 'PBMD', 'PBMD']","[467572377853294473, 467572377856431459, 467572377852563374, 467572377853053756, 467572377855654688]","[0.7978504300117493, 0.7793706655502319, 0.7782720327377319, 0.7764662504196167, 0.773523211479187]"
9b09d008-271a-424f-b18e-1d69f5904dd1,Skin,0.484375,0.484375,0.02734375,0.0030670166015625,True,A,0.02718353271484375,medmcqa_3,"['PBMD', 'STAT', 'PBMD', 'STAT', 'PBMD']","[467572377852134412, 467572377850772604, 467572377850957974, 467572377850787695, 467572377854510580]","[0.8054827451705933, 0.8039143085479736, 0.7982374429702759, 0.7940582036972046, 0.7835668325424194]"
b148f326-3472-47bb-9527-d9ab0d2edc3f,Skin,0.66796875,0.216796875,0.03759765625,0.07958984375,True,A,0.08037137985229492,medmcqa_3,"['PBMD', 'PBMD', 'PBMD', 'PBMD', 'PBMD']","[467572377856382345, 467572377854368170, 467572377853010297, 467572377856018713, 467572377855266609]","[0.7848258018493652, 0.7829006910324097, 0.7807087898254395, 0.7806310653686523, 0.780336856842041]"
22f9b07d-a0e1-4366-becf-903fe9f8fe08,Skin,0.007568359375,0.002166748046875,0.98828125,0.000904083251953125,True,C,0.03200888633728027,medmcqa_3,"['PBMD', 'STAT', 'PBMD', 'PBMD', 'PBMD']","[467572377852432679, 467572377850398792, 467572377856428160, 467572377853692564, 467572377850939622]","[0.814524233341217, 0.8122068643569946, 0.810451865196228, 0.8081721067428589, 0.8057102560997009]"
033b1b9b-f6ef-43bb-93b4-12c5ecb47900,Skin,0.0078125,0.9609375,0.0308837890625,0.000640869140625,True,B,0.06076240539550781,medmcqa_3,"['PBMD', 'PBMD', 'PBMD', 'PBMD', 'PBMD']","[467572377854001054, 467572377856054129, 467572377852244675, 467572377856414728, 467572377852535491]","[0.8055274486541748, 0.788606584072113, 0.7832471132278442, 0.7813011407852173, 0.7751685380935669]"
acd6b8e6-00d7-4195-bdb9-b2be3b5a842d,Skin,0.46484375,0.2490234375,0.0380859375,0.2490234375,True,A,0.06400036811828613,medmcqa_3,"['PBMD', 'PBMD', 'PBMD', 'PBMD', 'PBMD']","[467572377853066474, 467572377853156067, 467572377853851432, 467572377855093475, 467572377853118449]","[0.7949077486991882, 0.7940213084220886, 0.7939473390579224, 0.793039083480835, 0.7910350561141968]"
65038e3d-f66a-4f1f-b58d-3964b1a05d21,Skin,0.95703125,0.01544189453125,0.00823974609375,0.0211181640625,True,A,0.033460378646850586,medmcqa_3,"['PBMD', 'STAT', 'TEXT', 'PBMD', 'STAT']","[467572377854923099, 467572377850271615, 467523489549978954, 467572377854952258, 467572377850664743]","[0.7917019128799438, 0.7676287293434143, 0.7664922475814819, 0.7619869709014893, 0.7618861198425293]"
e74ed8f7-36a1-44e2-b7a8-5fe0faa0f1e8,Skin,0.953125,0.02880859375,0.01129150390625,0.00726318359375,True,A,0.035759925842285156,medmcqa_3,"['PBMD', 'PBMD', 'PBMD', 'PBMD', 'PBMD']","[467572377850949797, 467572377852864256, 467572377853337473, 467572377850963710, 467572377851001331]","[0.8091689348220825, 0.8090201616287231, 0.7995638847351074, 0.7990813851356506, 0.7965230345726013]"
fff353b2-433b-4de2-84a9-501801c412e6,Skin,0.8046875,0.1796875,0.00653076171875,0.0107421875,True,A,0.03606462478637695,medmcqa_3,"['PBMD', 'PBMD', 'PBMD', 'PBMD', 'PBMD']","[467572377850956915, 467572377852284032, 467572377853210732, 467572377852138021, 467572377850944788]","[0.8536173701286316, 0.8500967025756836, 0.8443585634231567, 0.8411380052566528, 0.8384264707565308]"
dba081a9-cb79-45bb-8124-a3c6ffc40459,Skin,0.0228271484375,0.00836181640625,0.96875,0.0001850128173828125,True,C,0.04712200164794922,medmcqa_3,"['PBMD', 'PBMD', 'PBMD', 'PBMD', 'PBMD']","[467572377854403540, 467572377854521520, 467572377850956915, 467572377854530127, 467572377854529535]","[0.8417104482650757, 0.8382546901702881, 0.837729811668396, 0.835923433303833, 0.8341985940933228]"
3bee095f-79bd-40fd-896d-a7676be637b9,Skin,0.5546875,0.0849609375,0.1796875,0.1796875,False,D,0.03324556350708008,medmcqa_3,"['STAT', 'PBMD', 'STAT', 'STAT', 'PBMD']","[467572377850237714, 467572377853582142, 467572377850237722, 467572377850237729, 467572377853664473]","[0.779946506023407, 0.7783601880073547, 0.7748425602912903, 0.7689735889434814, 0.7687472105026245]"
980409a2-b208-447c-b31f-b22844246d7b,Skin,0.07421875,0.09521484375,0.031005859375,0.80078125,True,D,0.03674912452697754,medmcqa_3,"['PBMD', 'PBMD', 'PBMD', 'PBMD', 'PBMD']","[467572377856534863, 467572377856243856, 467572377854722360, 467572377851000960, 467572377850995068]","[0.753596305847168, 0.7535792589187622, 0.7531421184539795, 0.7458505034446716, 0.7456419467926025]"
47abe328-5845-4467-aad2-57786dc1a927,Skin,0.96875,0.0047607421875,0.0257568359375,0.00128173828125,True,A,0.048288822174072266,medmcqa_3,"['PBMD', 'PBMD', 'PBMD', 'TEXT', 'PBMD']","[467572377855885811, 467572377854580352, 467572377855809466, 467523489549975918, 467572377856832305]","[0.7962074279785156, 0.754805862903595, 0.745332658290863, 0.7321078777313232, 0.7317936420440674]"
e2af8eeb-4611-4484-a1ca-86f4bf3a27cf,Skin,0.359375,0.0244140625,0.0244140625,0.59375,False,A,0.05548715591430664,medmcqa_3,"['PBMD', 'PBMD', 'PBMD', 'PBMD', 'PBMD']","[467572377852185274, 467572377854199682, 467572377852064629, 467572377855789183, 467572377852949914]","[0.7491315007209778, 0.7439596652984619, 0.7425158023834229, 0.7421455383300781, 0.7404860854148865]"
6952fb5d-837b-4f5f-bdd8-fb61f8fb669c,Skin,0.046630859375,0.9375,0.005950927734375,0.00921630859375,True,B,0.03653883934020996,medmcqa_3,"['PBMD', 'PBMD', 'PBMD', 'PBMD', 'PBMD']","[467572377852321230, 467572377852032890, 467572377854972132, 467572377854327161, 467572377856866389]","[0.786552369594574, 0.7768932580947876, 0.7680513262748718, 0.7611774802207947, 0.759234607219696]"
fb8bdd12-fede-4ebe-a2fd-94bf8442d73c,Skin,0.9609375,0.0113525390625,0.025634765625,0.001129150390625,True,A,0.038365840911865234,medmcqa_3,"['STAT', 'PBMD', 'PBMD', 'PBMD', 'PBMD']","[467572377850247064, 467572377853888852, 467572377852542247, 467572377853638356, 467572377852960139]","[0.8040062785148621, 0.7860654592514038, 0.7740781307220459, 0.7718572616577148, 0.77130126953125]"
e8350dd9-bd8c-477c-889e-10218c94e835,Skin,0.984375,0.004547119140625,0.006622314453125,0.0040283203125,True,A,0.03716778755187988,medmcqa_3,"['PBMD', 'PBMD', 'PBMD', 'PBMD', 'PBMD']","[467572377855411148, 467572377856154717, 467572377855619605, 467572377852564779, 467572377853416989]","[0.870227038860321, 0.867520809173584, 0.8589323163032532, 0.8571469783782959, 0.8561593890190125]"
c273e4b9-6df0-452a-8d92-d3f4169cc004,Skin,0.68359375,0.09228515625,0.15234375,0.07177734375,True,A,0.041227102279663086,medmcqa_3,"['PBMD', 'PBMD', 'PBMD', 'PBMD', 'PBMD']","[467572377854647830, 467572377854596709, 467572377854070590, 467572377853297900, 467572377850797991]","[0.7713176012039185, 0.767785370349884, 0.7670328617095947, 0.7657212018966675, 0.758059561252594]"
8475bee8-295c-452b-9467-bfc1cf9be207,Skin,0.69921875,0.1552734375,0.12109375,0.025390625,False,C,0.03605246543884277,medmcqa_3,"['PBMD', 'PBMD', 'PBMD', 'PBMD', 'PBMD']","[467572377855275576, 467572377853114450, 467572377855905540, 467572377852770508, 467572377850941849]","[0.789991021156311, 0.7870579361915588, 0.7835734486579895, 0.7825626730918884, 0.7803492546081543]"
4b9871d3-c47e-471b-a64b-d2ffebbcaa44,Skin,0.86328125,0.0625,0.01025390625,0.0625,True,A,0.03217482566833496,medmcqa_3,"['PBMD', 'PBMD', 'PBMD', 'PBMD', 'STAT']","[467572377852769835, 467572377852770708, 467572377854567849, 467572377853744009, 467572377850698093]","[0.8229014873504639, 0.8134059309959412, 0.8077908754348755, 0.8044719099998474, 0.8030956983566284]"
