id,subject,probA,probB,probC,probD,result,answer,time,split,sources,ids,similarity
e4927cf9-d5c2-4d7e-ab5b-7429e206275e,Microbiology,0.0245361328125,0.16015625,0.8125,0.0015716552734375,True,C,0.23282790184020996,medmcqa_1,"['PBMD', 'PBMD', 'PBMD', 'PBMD', 'PBMD']","[467572377850972470, 467572377853545782, 467572377856394362, 467572377854751012, 467572377853552162]","[0.8481689691543579, 0.817023515701294, 0.8149737119674683, 0.8135256767272949, 0.8056752681732178]"
a31fa037-1f22-44a4-8d07-6457c439b685,Microbiology,0.006256103515625,0.98828125,0.00244140625,0.0033416748046875,True,B,0.18016624450683594,medmcqa_1,"['PBMD', 'PBMD', 'PBMD', 'PBMD', 'PBMD']","[467572377854025031, 467572377854135665, 467572377855898186, 467572377854214042, 467572377856005277]","[0.8226160407066345, 0.8207201957702637, 0.8194599747657776, 0.8181180357933044, 0.8167646527290344]"
93751803-0e12-444d-a80a-f15784cc6a86,Microbiology,0.003143310546875,0.0024566650390625,0.00518798828125,0.98828125,True,D,0.23857569694519043,medmcqa_1,"['PBMD', 'PBMD', 'PBMD', 'PBMD', 'PBMD']","[467572377856888010, 467572377856404427, 467572377856758639, 467572377856132282, 467572377856277957]","[0.8049744367599487, 0.8048034906387329, 0.8024923801422119, 0.8007795810699463, 0.8006241917610168]"
7ddb4b66-7d59-42e8-9714-04fdb5741670,Microbiology,0.7421875,0.09423828125,0.06884765625,0.09423828125,False,C,0.1895437240600586,medmcqa_1,"['PBMD', 'PBMD', 'PBMD', 'PBMD', 'PBMD']","[467572377855961391, 467572377854902003, 467572377854710171, 467572377853204609, 467572377853715421]","[0.7332669496536255, 0.7309557199478149, 0.7289659976959229, 0.7278376817703247, 0.7277163863182068]"
8fe12f62-9e59-408b-899d-72def6e9e16e,Microbiology,0.0771484375,0.026611328125,0.828125,0.06787109375,True,C,0.1515672206878662,medmcqa_1,"['PBMD', 'PBMD', 'PBMD', 'PBMD', 'PBMD']","[467572377852133583, 467572377854666221, 467572377852238435, 467572377853894193, 467572377856538708]","[0.7632031440734863, 0.7595381140708923, 0.7566680908203125, 0.7565296292304993, 0.7563334703445435]"
dec39d56-fcb3-4cf1-8e83-e09a09a8ce6e,Microbiology,0.640625,0.0869140625,0.0869140625,0.18359375,True,A,0.23718047142028809,medmcqa_1,"['PBMD', 'PBMD', 'PBMD', 'PBMD', 'PBMD']","[467572377854517862, 467572377852439127, 467572377854861495, 467572377854562656, 467572377850961670]","[0.7768385410308838, 0.7765204310417175, 0.7727108001708984, 0.7717928886413574, 0.7654104828834534]"
de1065e8-37ba-4b6b-a05d-f967fdf76f58,Microbiology,0.984375,0.0040283203125,0.01031494140625,0.0001888275146484375,True,A,0.16655397415161133,medmcqa_1,"['TEXT', 'PBMD', 'PBMD', 'TEXT', 'PBMD']","[467523489549701790, 467572377856208239, 467572377853950826, 467523489549971432, 467572377853243939]","[0.8287432193756104, 0.8103146553039551, 0.8093625903129578, 0.806734561920166, 0.802646279335022]"
5a2facfc-eefa-4828-b96a-c319e1c71745,Microbiology,1.0,0.00124359130859375,0.0006256103515625,4.8160552978515625e-05,True,A,0.09830474853515625,medmcqa_1,"['PBMD', 'PBMD', 'PBMD', 'PBMD', 'PBMD']","[467572377854225556, 467572377855553743, 467572377852053020, 467572377855913760, 467572377852754205]","[0.7764202356338501, 0.7717931270599365, 0.7652831077575684, 0.7590689063072205, 0.7589337825775146]"
8919343b-cb06-4265-8e82-209b335117b3,Microbiology,0.047119140625,0.0023345947265625,0.00634765625,0.9453125,True,D,0.19605445861816406,medmcqa_1,"['PBMD', 'PBMD', 'PBMD', 'PBMD', 'PBMD']","[467572377856773580, 467572377855199480, 467572377856145138, 467572377853306267, 467572377856940993]","[0.8252189755439758, 0.823758602142334, 0.8193168044090271, 0.8179396390914917, 0.8146889209747314]"
02f27add-bf4d-4155-81aa-8f537546ceda,Microbiology,0.06982421875,0.45703125,0.40234375,0.06982421875,False,C,0.24941349029541016,medmcqa_1,"['PBMD', 'PBMD', 'PBMD', 'PBMD', 'PBMD']","[467572377853328533, 467572377854183568, 467572377856958990, 467572377852150733, 467572377852237996]","[0.7554643154144287, 0.7542321085929871, 0.7511463761329651, 0.7434561848640442, 0.7415968775749207]"
7cacd6ea-ee7d-481d-bc66-467c47dc315c,Microbiology,0.322265625,0.1962890625,0.1962890625,0.28515625,False,B,0.23776793479919434,medmcqa_1,"['STAT', 'PBMD', 'PBMD', 'PBMD', 'PBMD']","[467572377850319566, 467572377853316870, 467572377855415686, 467572377853795184, 467572377853956626]","[0.7821435928344727, 0.7820571064949036, 0.7805438041687012, 0.7792890071868896, 0.7733967304229736]"
47d11c3e-1090-4157-be00-405e9a23961e,Microbiology,0.1953125,0.0264892578125,0.00433349609375,0.7734375,False,A,0.14122986793518066,medmcqa_1,"['STAT', 'STAT', 'TEXT', 'PBMD', 'STAT']","[467572377850285467, 467572377850779347, 467523489549933306, 467572377852937826, 467572377850285483]","[0.8257462978363037, 0.7996289134025574, 0.787495493888855, 0.7849161028862, 0.7844384908676147]"
bf1695d4-b341-49a2-9144-aa52d346c645,Microbiology,0.79296875,0.0888671875,0.057373046875,0.06103515625,False,B,0.2240140438079834,medmcqa_1,"['TEXT', 'PBMD', 'PBMD', 'PBMD', 'PBMD']","[467523489549704203, 467572377856297300, 467572377855100886, 467572377856697523, 467572377855339919]","[0.8160232901573181, 0.8157452344894409, 0.815392792224884, 0.8130525350570679, 0.8108879327774048]"
ca49d5c3-9678-4b4f-b10d-4021802c636d,Microbiology,1.0,0.00150299072265625,0.0002956390380859375,7.009506225585938e-05,True,A,0.16744017601013184,medmcqa_1,"['PBMD', 'PBMD', 'PBMD', 'PBMD', 'PBMD']","[467572377856647034, 467572377856847862, 467572377850841624, 467572377853243507, 467572377855103209]","[0.8064523935317993, 0.8016958832740784, 0.7973015308380127, 0.7941405773162842, 0.7919093370437622]"
84edf98d-5d16-4377-95fc-2bb67058e7d4,Microbiology,0.0673828125,0.0361328125,0.8203125,0.076171875,True,C,0.16963744163513184,medmcqa_1,"['PBMD', 'PBMD', 'PBMD', 'PBMD', 'PBMD']","[467572377855167149, 467572377852260889, 467572377854843568, 467572377851014814, 467572377854240006]","[0.7671380639076233, 0.7664142847061157, 0.7640382051467896, 0.7635598182678223, 0.7611576914787292]"
a18a805c-102a-4493-9a14-9fef1f17862f,Microbiology,0.03515625,0.75390625,0.1484375,0.06201171875,True,B,0.1404266357421875,medmcqa_1,"['PBMD', 'PBMD', 'PBMD', 'PBMD', 'PBMD']","[467572377856312949, 467572377854776440, 467572377852437604, 467572377852758235, 467572377854040683]","[0.8293373584747314, 0.8252773284912109, 0.8143594861030579, 0.8137354850769043, 0.8096369504928589]"
87d25aef-12d5-478d-b126-e98a1a76e9f0,Microbiology,0.0035858154296875,0.9921875,0.002044677734375,0.002166748046875,True,B,0.1977546215057373,medmcqa_1,"['PBMD', 'PBMD', 'PBMD', 'PBMD', 'PBMD']","[467572377856081041, 467572377856338137, 467572377856788465, 467572377856369918, 467572377852039635]","[0.7813027501106262, 0.7713484168052673, 0.7653665542602539, 0.7629861235618591, 0.7627719044685364]"
bd2d1f59-a803-4311-b0b5-65dff935f85c,Microbiology,0.044921875,0.330078125,0.005706787109375,0.6171875,False,B,0.1970992088317871,medmcqa_1,"['PBMD', 'PBMD', 'PBMD', 'PBMD', 'PBMD']","[467572377856104459, 467572377854845478, 467572377852792840, 467572377855487576, 467572377856343779]","[0.778224527835846, 0.7758916020393372, 0.7752130627632141, 0.7710995078086853, 0.7696049809455872]"
4cbe210a-0779-4ba7-b599-e9b89fa5a0b1,Microbiology,0.01153564453125,0.97265625,0.0074462890625,0.006561279296875,True,B,0.21133804321289062,medmcqa_1,"['PBMD', 'PBMD', 'PBMD', 'PBMD', 'PBMD']","[467572377854565894, 467572377852268807, 467572377854302915, 467572377854875109, 467572377853406076]","[0.8097711205482483, 0.804857611656189, 0.802209198474884, 0.8012722730636597, 0.8008757829666138]"
0d8286b5-43b3-4ea2-9af4-d39822a11972,Microbiology,0.042724609375,0.140625,0.00897216796875,0.80859375,False,B,0.18746280670166016,medmcqa_1,"['PBMD', 'PBMD', 'PBMD', 'PBMD', 'PBMD']","[467572377850994681, 467572377850845621, 467572377855393515, 467572377854318161, 467572377855519057]","[0.7855914235115051, 0.7775001525878906, 0.773512601852417, 0.7690619230270386, 0.7648794651031494]"
5515fbdd-b28a-4493-914c-b8cefe901334,Social & Preventive Medicine,0.02490234375,0.00592041015625,0.28515625,0.68359375,False,B,0.18233823776245117,medmcqa_1,"['PBMD', 'PBMD', 'PBMD', 'PBMD', 'PBMD']","[467572377854683285, 467572377854592991, 467572377853809808, 467572377850928869, 467572377852294685]","[0.7773789763450623, 0.7753622531890869, 0.7645046710968018, 0.7644440531730652, 0.7633072137832642]"
9ed9358f-cdc1-48d6-8147-45ab98516fb0,Social & Preventive Medicine,0.1591796875,0.62890625,0.1806640625,0.03125,True,B,0.08276677131652832,medmcqa_1,"['PBMD', 'PBMD', 'PBMD', 'PBMD', 'PBMD']","[467572377853585090, 467572377853499312, 467572377852304098, 467572377855523609, 467572377856818407]","[0.7749587893486023, 0.7722491025924683, 0.7718113660812378, 0.7667171955108643, 0.7651477456092834]"
5266b717-91e2-4c9f-94aa-2be119379a81,Social & Preventive Medicine,0.212890625,0.51171875,0.212890625,0.06494140625,False,D,0.2236039638519287,medmcqa_1,"['PBMD', 'PBMD', 'PBMD', 'PBMD', 'PBMD']","[467572377856875470, 467572377856861986, 467572377852480166, 467572377854516405, 467572377852228309]","[0.7614568471908569, 0.7553796172142029, 0.7536910772323608, 0.749161958694458, 0.7481189966201782]"
5dd40005-ebc1-4136-9b9b-70705d09e384,Social & Preventive Medicine,0.12451171875,0.3828125,0.359375,0.1328125,True,B,0.1767747402191162,medmcqa_1,"['STAT', 'TEXT', 'PBMD', 'PBMD', 'TEXT']","[467572377850314217, 467523489549932066, 467572377856254707, 467572377854727430, 467523489549978627]","[0.7964493036270142, 0.7907472252845764, 0.7901725172996521, 0.7887142300605774, 0.7853010296821594]"
85377a0a-3388-46b2-b2ba-43b90a2b7955,Social & Preventive Medicine,0.00457763671875,0.0037994384765625,0.9921875,0.0002593994140625,True,C,0.22800612449645996,medmcqa_1,"['PBMD', 'PBMD', 'PBMD', 'PBMD', 'PBMD']","[467572377854326847, 467572377855102839, 467572377854319010, 467572377854326938, 467572377855926076]","[0.7600846886634827, 0.7580004334449768, 0.7575703263282776, 0.7568761110305786, 0.7542704343795776]"
2166e021-8b96-47ad-9e4d-fa55a623938b,Social & Preventive Medicine,0.087890625,0.8359375,0.053466796875,0.023681640625,False,A,0.18302416801452637,medmcqa_1,"['PBMD', 'STAT', 'PBMD', 'PBMD', 'PBMD']","[467572377852082639, 467572377850371205, 467572377856131972, 467572377856254259, 467572377856721675]","[0.7900413870811462, 0.7894553542137146, 0.7892589569091797, 0.7872949838638306, 0.7827179431915283]"
3149d45d-d152-4d8a-a992-430c0d1bed57,Social & Preventive Medicine,0.11962890625,0.1357421875,0.609375,0.1357421875,False,A,0.14026880264282227,medmcqa_1,"['PBMD', 'PBMD', 'PBMD', 'PBMD', 'PBMD']","[467572377854673339, 467572377854102327, 467572377853974175, 467572377854144796, 467572377856601644]","[0.7866805791854858, 0.7739900946617126, 0.7735450267791748, 0.7670022249221802, 0.7643586993217468]"
2a74f19e-1c3b-4318-ba5b-0812f80d895e,Social & Preventive Medicine,0.0147705078125,0.00616455078125,0.00579833984375,0.97265625,True,D,0.08738589286804199,medmcqa_1,"['PBMD', 'PBMD', 'PBMD', 'PBMD', 'PBMD']","[467572377850968639, 467572377854820532, 467572377852899789, 467572377856973521, 467572377852727956]","[0.7850451469421387, 0.779386579990387, 0.7784404158592224, 0.7722266912460327, 0.7706426382064819]"
eea47061-62d2-40bd-a772-8b8d8dfb431d,Social & Preventive Medicine,0.5078125,0.1650390625,0.255859375,0.0732421875,False,B,0.1557483673095703,medmcqa_1,"['PBMD', 'PBMD', 'PBMD', 'PBMD', 'PBMD']","[467572377850844716, 467572377855444975, 467572377854665205, 467572377854125370, 467572377852260631]","[0.7839486598968506, 0.7764135599136353, 0.7746011018753052, 0.7743733525276184, 0.7738906741142273]"
b3c00c97-b6ca-4475-95e2-42343c8959cc,Social & Preventive Medicine,0.10400390625,0.06298828125,0.06298828125,0.76953125,False,A,0.15324807167053223,medmcqa_1,"['PBMD', 'PBMD', 'PBMD', 'PBMD', 'PBMD']","[467572377852552415, 467572377855041206, 467572377856423124, 467572377854237645, 467572377852938689]","[0.7754255533218384, 0.7497621774673462, 0.7493970394134521, 0.7447720766067505, 0.744270920753479]"
4b376e03-6fe0-40fd-b3be-aea6048bf7fa,Social & Preventive Medicine,0.24609375,0.40625,0.296875,0.051513671875,False,A,0.14052438735961914,medmcqa_1,"['PBMD', 'PBMD', 'PBMD', 'PBMD', 'PBMD']","[467572377853428132, 467572377852589544, 467572377854169203, 467572377855487693, 467572377854327016]","[0.7249175906181335, 0.7244842648506165, 0.7234364748001099, 0.7206634283065796, 0.7191287279129028]"
82a21b84-e5d6-46d5-98bc-46fc75641f7b,Social & Preventive Medicine,0.03759765625,0.07958984375,0.85546875,0.0291748046875,True,C,0.14380955696105957,medmcqa_1,"['STAT', 'PBMD', 'PBMD', 'STAT', 'PBMD']","[467572377850341167, 467572377856936846, 467572377856533999, 467572377850677082, 467572377856959150]","[0.823830246925354, 0.8050721883773804, 0.7975292205810547, 0.7969891428947449, 0.7968409061431885]"
ba54a2e5-0beb-4a2b-a1ec-f34e58a5e679,Social & Preventive Medicine,0.10888671875,0.042724609375,0.042724609375,0.8046875,False,B,0.1527712345123291,medmcqa_1,"['STAT', 'PBMD', 'PBMD', 'PBMD', 'PBMD']","[467572377850287488, 467572377855185497, 467572377856896740, 467572377850854641, 467572377854115371]","[0.7438180446624756, 0.7418475151062012, 0.741018533706665, 0.739834725856781, 0.7392069697380066]"
7c6fe266-845b-4f4b-8ddb-ca5d016e0396,Social & Preventive Medicine,0.08544921875,0.232421875,0.0517578125,0.62890625,True,D,0.27693819999694824,medmcqa_1,"['PBMD', 'PBMD', 'PBMD', 'PBMD', 'PBMD']","[467572377856423792, 467572377855217814, 467572377855364681, 467572377856050529, 467572377852340936]","[0.8008832931518555, 0.7966408133506775, 0.7816985845565796, 0.776176929473877, 0.7747535705566406]"
257b6434-4c38-4b6a-8207-23c436906b0c,Social & Preventive Medicine,0.91796875,0.020263671875,0.0074462890625,0.05517578125,True,A,0.1798689365386963,medmcqa_1,"['PBMD', 'PBMD', 'PBMD', 'PBMD', 'PBMD']","[467572377852486210, 467572377852040064, 467572377854200781, 467572377853100169, 467572377854923045]","[0.7917781472206116, 0.7811595797538757, 0.7798612117767334, 0.7772146463394165, 0.7737767696380615]"
bcc3680a-8167-4c75-ba0c-b7c94cb440b6,Social & Preventive Medicine,0.07861328125,0.74609375,0.0289306640625,0.146484375,True,B,0.15461325645446777,medmcqa_1,"['PBMD', 'PBMD', 'PBMD', 'PBMD', 'PBMD']","[467572377855755657, 467572377852954829, 467572377854923045, 467572377854134047, 467572377853686115]","[0.7572484612464905, 0.7543962001800537, 0.7521660923957825, 0.7518898844718933, 0.7516835927963257]"
c06d48a3-baba-4dfd-8144-39234497be00,Social & Preventive Medicine,0.03955078125,0.95703125,0.0028533935546875,0.001434326171875,True,B,0.11405205726623535,medmcqa_1,"['PBMD', 'PBMD', 'PBMD', 'PBMD', 'PBMD']","[467572377853582639, 467572377856433599, 467572377852861798, 467572377855048550, 467572377850945903]","[0.7816329598426819, 0.7637840509414673, 0.7559393644332886, 0.7507860064506531, 0.7460556030273438]"
fab688a9-c8b9-49de-9fd1-596e226477e6,Social & Preventive Medicine,0.026123046875,0.337890625,0.6328125,0.003753662109375,True,C,0.13932085037231445,medmcqa_1,"['PBMD', 'PBMD', 'PBMD', 'PBMD', 'PBMD']","[467572377854666329, 467572377853433730, 467572377854998193, 467572377854252901, 467572377853506871]","[0.7436068654060364, 0.7242801189422607, 0.7238856554031372, 0.7217553853988647, 0.7192637920379639]"
ae3aa91a-4bfb-42a5-b8f6-7f8217e18fb0,Social & Preventive Medicine,0.2421875,0.51171875,0.166015625,0.07861328125,True,B,0.16926002502441406,medmcqa_1,"['PBMD', 'PBMD', 'PBMD', 'PBMD', 'PBMD']","[467572377855290996, 467572377855206515, 467572377856323333, 467572377854235914, 467572377855427551]","[0.7389267086982727, 0.7173635959625244, 0.7150174379348755, 0.7148010730743408, 0.7141420245170593]"
9e897983-8674-4556-9457-457acfa15d9e,Social & Preventive Medicine,0.2275390625,0.423828125,0.2275390625,0.12158203125,False,C,0.17905807495117188,medmcqa_1,"['PBMD', 'PBMD', 'PBMD', 'PBMD', 'PBMD']","[467572377855962335, 467572377855010759, 467572377852067128, 467572377853233088, 467572377853340792]","[0.8204807043075562, 0.8124761581420898, 0.8112434148788452, 0.7956191897392273, 0.7937216758728027]"
3c51b6f8-0c1e-4f6f-9f2b-9b2463364ff2,Dental,0.10595703125,0.69140625,0.050048828125,0.154296875,False,C,0.08240079879760742,medmcqa_1,"['PBMD', 'PBMD', 'PBMD', 'PBMD', 'PBMD']","[467572377852077134, 467572377852168414, 467572377853387635, 467572377852757884, 467572377854795179]","[0.7265359163284302, 0.7183226346969604, 0.7130615711212158, 0.7092573046684265, 0.7086775898933411]"
a21105e6-e66d-4ae5-ab2d-cee0c3b6bd4d,Dental,0.208984375,0.2373046875,0.1630859375,0.390625,False,B,0.08333516120910645,medmcqa_1,"['TEXT', 'TEXT', 'TEXT', 'TEXT', 'TEXT']","[467523489549677742, 467523489549987024, 467523489549983570, 467523489549983051, 467523489549939247]","[0.7162819504737854, 0.7162819504737854, 0.7162818908691406, 0.7162818908691406, 0.7162818908691406]"
8a04c842-70a5-4ba5-9645-c5ef4a5acd66,Dental,0.1650390625,0.396484375,0.08837890625,0.349609375,False,A,0.23458075523376465,medmcqa_1,"['PBMD', 'PBMD', 'PBMD', 'PBMD', 'PBMD']","[467572377850963652, 467572377855957715, 467572377856790484, 467572377856809636, 467572377852253622]","[0.8016054630279541, 0.8003774881362915, 0.7820898294448853, 0.7815289497375488, 0.7806732058525085]"
2bd4a99b-c158-4dac-8632-ae800f490a9e,Dental,0.87890625,0.0869140625,0.01251220703125,0.0234375,False,B,0.12058663368225098,medmcqa_1,"['PBMD', 'PBMD', 'PBMD', 'PBMD', 'PBMD']","[467572377855767255, 467572377853738992, 467572377854276615, 467572377854267783, 467572377853166545]","[0.78000408411026, 0.7685908675193787, 0.7677075266838074, 0.7669262290000916, 0.7666740417480469]"
a4e71725-0ed0-4088-bec3-6cfc37490df4,Dental,0.028564453125,0.0184326171875,0.006378173828125,0.9453125,True,D,0.08678817749023438,medmcqa_1,"['PBMD', 'PBMD', 'PBMD', 'PBMD', 'PBMD']","[467572377852954745, 467572377852183662, 467572377852598480, 467572377854599138, 467572377852450545]","[0.8072359561920166, 0.7775306105613708, 0.768696665763855, 0.7645539045333862, 0.761739194393158]"
8de6d7b3-c5f9-4c22-b93e-41cf119212f1,Dental,0.01348876953125,0.01348876953125,0.028564453125,0.9453125,False,C,0.1070249080657959,medmcqa_1,"['PBMD', 'PBMD', 'PBMD', 'PBMD', 'PBMD']","[467572377850963645, 467572377855514707, 467572377852266107, 467572377852265898, 467572377852464562]","[0.7829684615135193, 0.7821276783943176, 0.7753085494041443, 0.768180251121521, 0.7642644643783569]"
9baf46e0-b16f-48a5-b761-334765784402,Dental,0.65625,0.166015625,0.1376953125,0.0419921875,True,A,0.2024853229522705,medmcqa_1,"['PBMD', 'PBMD', 'PBMD', 'PBMD', 'PBMD']","[467572377853290358, 467572377853803810, 467572377855479237, 467572377856334973, 467572377855741506]","[0.7405860424041748, 0.7403818368911743, 0.7334704399108887, 0.7310330271720886, 0.7305743098258972]"
815a13ca-72f8-4964-8732-04f03b313aa4,Dental,0.2197265625,0.67578125,0.05224609375,0.05224609375,True,B,0.1595015525817871,medmcqa_1,"['STAT', 'STAT', 'PBMD', 'PBMD', 'PBMD']","[467572377850319213, 467572377850625332, 467572377852790110, 467572377854190545, 467572377852576214]","[0.7391945719718933, 0.7390180826187134, 0.738868772983551, 0.7370894551277161, 0.736810564994812]"
76ba3417-012e-4bf8-840c-13bb7bc60dcc,Dental,0.80859375,0.1240234375,0.0517578125,0.0167236328125,True,A,0.12027406692504883,medmcqa_1,"['PBMD', 'PBMD', 'PBMD', 'PBMD', 'PBMD']","[467572377856422062, 467572377854816125, 467572377855575042, 467572377855506680, 467572377856913018]","[0.7934147119522095, 0.786405086517334, 0.7793528437614441, 0.771813690662384, 0.7714452743530273]"
242d1a23-0032-4565-99cc-ebf7d8fc54aa,Dental,0.71484375,0.12451171875,0.0625,0.0966796875,True,A,0.1756441593170166,medmcqa_1,"['PBMD', 'PBMD', 'PBMD', 'PBMD', 'PBMD']","[467572377856982552, 467572377855492407, 467572377855958521, 467572377856823858, 467572377852546500]","[0.8492428064346313, 0.8418083786964417, 0.8396674990653992, 0.8381105065345764, 0.8362405300140381]"
9ca1d8a1-131f-4ed9-9ba6-e2fd8ed9e09d,Dental,0.072265625,0.22265625,0.6875,0.018310546875,False,B,0.09724187850952148,medmcqa_1,"['PBMD', 'PBMD', 'PBMD', 'PBMD', 'PBMD']","[467572377854847802, 467572377850964440, 467572377855489138, 467572377853031187, 467572377853675876]","[0.7799124717712402, 0.778076171875, 0.7760741114616394, 0.762322187423706, 0.7606163024902344]"
4f0750e5-1479-453d-85f2-5b532aa130a9,Dental,0.1943359375,0.220703125,0.36328125,0.220703125,False,D,0.1667928695678711,medmcqa_1,"['PBMD', 'PBMD', 'PBMD', 'PBMD', 'PBMD']","[467572377853002371, 467572377853138820, 467572377854141044, 467572377855848003, 467572377853372215]","[0.7561116814613342, 0.7512698769569397, 0.7455462217330933, 0.7394380569458008, 0.7391346096992493]"
53d58d7a-d546-4b1a-88a7-fa7348ff08a5,Dental,0.62109375,0.083984375,0.09521484375,0.201171875,True,A,0.2940983772277832,medmcqa_1,"['PBMD', 'PBMD', 'PBMD', 'PBMD', 'PBMD']","[467572377852853450, 467572377855557196, 467572377854670350, 467572377855820414, 467572377852637992]","[0.7718844413757324, 0.7717154026031494, 0.7702199220657349, 0.7688300609588623, 0.7654615640640259]"
9a664b49-9962-466f-a160-3ae2036dd720,Dental,0.43359375,0.109375,0.296875,0.1591796875,True,A,0.2350783348083496,medmcqa_1,"['PBMD', 'PBMD', 'PBMD', 'PBMD', 'PBMD']","[467572377854819288, 467572377854628539, 467572377852992335, 467572377855348821, 467572377850919745]","[0.7809363603591919, 0.7756150364875793, 0.770460307598114, 0.7699022889137268, 0.7615835070610046]"
ec39111c-8207-4aed-8e4c-e81e104c3f79,Dental,0.057373046875,0.039306640625,0.89453125,0.0068359375,True,C,0.16669106483459473,medmcqa_1,"['PBMD', 'PBMD', 'PBMD', 'PBMD', 'PBMD']","[467572377852757342, 467572377853922186, 467572377853351118, 467572377853792605, 467572377850925700]","[0.8295486569404602, 0.8150640726089478, 0.8107553720474243, 0.8080061078071594, 0.8047535419464111]"
bdb5ddab-b229-4775-a698-62d03c559af1,Dental,0.703125,0.12255859375,0.10791015625,0.0654296875,False,B,0.09270143508911133,medmcqa_1,"['STAT', 'STAT', 'PBMD', 'STAT', 'STAT']","[467572377850246520, 467572377850351544, 467572377853072211, 467572377850315370, 467572377850369603]","[0.7721413373947144, 0.7671098709106445, 0.7633627653121948, 0.7554481625556946, 0.7539057731628418]"
76e1d3a2-90b6-4735-be99-004263456619,Dental,0.59375,0.1708984375,0.1171875,0.1171875,True,A,0.19020843505859375,medmcqa_1,"['PBMD', 'PBMD', 'PBMD', 'PBMD', 'PBMD']","[467572377856874559, 467572377856870795, 467572377852729549, 467572377852963848, 467572377853378721]","[0.79239422082901, 0.7760839462280273, 0.770248532295227, 0.7658299207687378, 0.7589030265808105]"
51250c61-30fe-47d0-b5cf-e9ce5abcac6e,Dental,0.06787109375,0.1435546875,0.64453125,0.1435546875,False,D,0.17795801162719727,medmcqa_1,"['PBMD', 'PBMD', 'PBMD', 'PBMD', 'PBMD']","[467572377854267783, 467572377853370635, 467572377854276615, 467572377856124441, 467572377853363932]","[0.7729628086090088, 0.7725982666015625, 0.7621968388557434, 0.7547896504402161, 0.753955602645874]"
d0bb44e4-6d29-4b19-8046-c47c28b48bc5,Dental,0.220703125,0.52734375,0.1943359375,0.0556640625,False,A,0.17849445343017578,medmcqa_1,"['PBMD', 'PBMD', 'PBMD', 'PBMD', 'PBMD']","[467572377850876831, 467572377854136763, 467572377854821509, 467572377853469071, 467572377855737091]","[0.7969805598258972, 0.7899657487869263, 0.7887025475502014, 0.7867874503135681, 0.7809159755706787]"
762c8e46-a58b-4a23-b03d-f5d2055a3fac,Dental,0.1083984375,0.1083984375,0.625,0.158203125,True,C,0.1925806999206543,medmcqa_1,"['PBMD', 'PBMD', 'PBMD', 'PBMD', 'PBMD']","[467572377850923888, 467572377853918641, 467572377854737315, 467572377855816532, 467572377854824787]","[0.8206467032432556, 0.8113000988960266, 0.8102929592132568, 0.8101061582565308, 0.8092241287231445]"
3bb33f16-ca92-481f-bb39-b5278156c63d,Pathology,0.0264892578125,0.236328125,0.5,0.236328125,False,D,0.12428689002990723,medmcqa_1,"['TEXT', 'STAT', 'STAT', 'PBMD', 'STAT']","[467523489549925743, 467572377850717537, 467572377850255636, 467572377855035584, 467572377850325732]","[0.8116213083267212, 0.7988013029098511, 0.7914600372314453, 0.7876957654953003, 0.7855995893478394]"
d6094ebe-a5b0-49fe-8443-6d9eeabff0fb,Pathology,0.0267333984375,0.0267333984375,0.9453125,0.002197265625,True,C,0.10827517509460449,medmcqa_1,"['STAT', 'STAT', 'TEXT', 'PBMD', 'PBMD']","[467572377850672806, 467572377850674678, 467523489549975914, 467572377852367389, 467572377852305516]","[0.7640077471733093, 0.7628867626190186, 0.7573376893997192, 0.7472847700119019, 0.7457155585289001]"
f7aaa747-4b20-4034-b4dd-3aa8b964327a,Pathology,0.984375,0.0115966796875,0.002593994140625,0.0029449462890625,True,A,0.1094810962677002,medmcqa_1,"['PBMD', 'PBMD', 'PBMD', 'PBMD', 'PBMD']","[467572377854235531, 467572377855232212, 467572377852921066, 467572377853684056, 467572377854019072]","[0.7554060220718384, 0.751264214515686, 0.7510817050933838, 0.7493648529052734, 0.7475115060806274]"
cd385d3e-f948-4dbf-bccb-3e67436a580b,Pathology,0.2734375,0.51171875,0.047607421875,0.166015625,True,B,0.14287114143371582,medmcqa_1,"['PBMD', 'PBMD', 'PBMD', 'PBMD', 'PBMD']","[467572377856519047, 467572377856355243, 467572377854532838, 467572377855066009, 467572377853449596]","[0.7752220034599304, 0.7646148204803467, 0.7622171640396118, 0.7620816230773926, 0.7610409259796143]"
775ae087-72e3-45fb-9b1d-e4a74bddc1c1,Pathology,0.5625,0.33984375,0.05224609375,0.046142578125,True,A,0.12067341804504395,medmcqa_1,"['PBMD', 'PBMD', 'PBMD', 'PBMD', 'PBMD']","[467572377855699829, 467572377854742190, 467572377855403048, 467572377852146948, 467572377855044307]","[0.7874873280525208, 0.772681474685669, 0.7703782916069031, 0.7675880789756775, 0.7655534148216248]"
cd3ee63d-d3f2-44ea-a18c-dbf9bf1c57cf,Pathology,0.140625,0.08544921875,0.140625,0.6328125,True,D,0.17998981475830078,medmcqa_1,"['PBMD', 'PBMD', 'PBMD', 'PBMD', 'PBMD']","[467572377855681853, 467572377853747794, 467572377853741571, 467572377852757300, 467572377855376661]","[0.7921925783157349, 0.789820671081543, 0.7863439917564392, 0.7817596197128296, 0.7797062397003174]"
f6f50542-f6b4-4fa8-b073-d12597eb52f9,Pathology,0.0162353515625,0.9453125,0.003631591796875,0.034423828125,True,B,0.1132822036743164,medmcqa_1,"['PBMD', 'PBMD', 'PBMD', 'PBMD', 'PBMD']","[467572377855111139, 467572377855348989, 467572377852585021, 467572377853784007, 467572377855654286]","[0.8594458699226379, 0.8587860465049744, 0.8465396165847778, 0.8410796523094177, 0.837113618850708]"
6b86f0c4-8038-4e49-8789-2a288d123aa7,Pathology,0.984375,0.0026092529296875,0.0014801025390625,0.0096435546875,True,A,0.15411067008972168,medmcqa_1,"['PBMD', 'PBMD', 'PBMD', 'PBMD', 'PBMD']","[467572377850956915, 467572377850944788, 467572377852284032, 467572377854734414, 467572377853903876]","[0.8394304513931274, 0.833873987197876, 0.8314181566238403, 0.8288691639900208, 0.8277583122253418]"
4fec3e84-b821-4da3-b300-dc0ad6c32608,Pathology,0.1015625,0.0166015625,0.130859375,0.75,True,D,0.18088817596435547,medmcqa_1,"['STAT', 'STAT', 'PBMD', 'PBMD', 'STAT']","[467572377850397716, 467572377850397715, 467572377856828680, 467572377856424683, 467572377850693270]","[0.8271695375442505, 0.8225749135017395, 0.8007296323776245, 0.797165036201477, 0.7957806587219238]"
82e0c97f-b421-4836-a0ec-602fb1045910,Pathology,0.67578125,0.28125,0.03564453125,0.009033203125,False,B,0.11938858032226562,medmcqa_1,"['PBMD', 'PBMD', 'STAT', 'PBMD', 'PBMD']","[467572377856016748, 467572377855003091, 467572377850411218, 467572377853537761, 467572377854303821]","[0.8007273077964783, 0.7802541851997375, 0.7760495543479919, 0.7701505422592163, 0.7696220874786377]"
3645e915-e8a7-44fe-8cad-734ce6b71063,Pathology,0.99609375,0.00140380859375,0.0029754638671875,0.000202178955078125,True,A,0.0935370922088623,medmcqa_1,"['PBMD', 'PBMD', 'PBMD', 'PBMD', 'PBMD']","[467572377852936952, 467572377854156609, 467572377854863447, 467572377854845965, 467572377852144858]","[0.8018804788589478, 0.7907003164291382, 0.7877112627029419, 0.7859338521957397, 0.7857702970504761]"
53f00275-55bc-497b-872f-d223d5021601,Pathology,0.8203125,0.07177734375,0.052490234375,0.055908203125,True,A,0.11225366592407227,medmcqa_1,"['STAT', 'PBMD', 'PBMD', 'PBMD', 'PBMD']","[467572377850383039, 467572377855082489, 467572377853859554, 467572377852085387, 467572377852092038]","[0.8111066818237305, 0.8097817897796631, 0.8015020489692688, 0.7962918281555176, 0.793596625328064]"
ced932ec-06de-41fd-96f4-4efd3746eb21,Pathology,0.93359375,0.005889892578125,0.052490234375,0.00970458984375,False,D,0.14303946495056152,medmcqa_1,"['PBMD', 'PBMD', 'PBMD', 'PBMD', 'PBMD']","[467572377854742757, 467572377854395559, 467572377850934231, 467572377854754318, 467572377852262134]","[0.809402585029602, 0.7770198583602905, 0.7762543559074402, 0.7691577672958374, 0.7590758204460144]"
dabfee93-2e1b-4e6c-bff6-03c025bd986f,Pathology,0.007049560546875,0.006622314453125,0.0035400390625,0.984375,True,D,0.18159246444702148,medmcqa_1,"['PBMD', 'PBMD', 'PBMD', 'PBMD', 'PBMD']","[467572377852995618, 467572377856728264, 467572377853186891, 467572377853788123, 467572377855299335]","[0.7928678393363953, 0.7898522019386292, 0.7885265350341797, 0.7882943153381348, 0.7875127792358398]"
0681bb5e-c1f0-4077-8294-93e36efcc83f,Pathology,0.001922607421875,0.001495361328125,0.99609375,5.125999450683594e-05,True,C,0.11959242820739746,medmcqa_1,"['PBMD', 'PBMD', 'PBMD', 'PBMD', 'PBMD']","[467572377854289295, 467572377852368042, 467572377853970271, 467572377850879220, 467572377854522884]","[0.8039065003395081, 0.7838953733444214, 0.7809577584266663, 0.7635186314582825, 0.7634791731834412]"
797c13b3-6566-46d8-9dbf-d6bb1e17ed5d,Pathology,0.00897216796875,0.97265625,0.0030975341796875,0.0157470703125,True,B,0.09901952743530273,medmcqa_1,"['PBMD', 'PBMD', 'PBMD', 'PBMD', 'PBMD']","[467572377853802913, 467572377854734415, 467572377855619989, 467572377854720084, 467572377856639314]","[0.8357928991317749, 0.8160773515701294, 0.8130283355712891, 0.8120568990707397, 0.8028864860534668]"
a5d204a1-2ae9-428a-bf12-1419fa344668,Pathology,0.0498046875,0.9375,0.005950927734375,0.006317138671875,True,B,0.12414288520812988,medmcqa_1,"['STAT', 'STAT', 'TEXT', 'PBMD', 'PBMD']","[467572377850671727, 467572377850652805, 467523489549713416, 467572377856907367, 467572377853989195]","[0.8063164949417114, 0.8013550043106079, 0.7999700903892517, 0.7982859015464783, 0.7934241890907288]"
ddf9fb8c-9f79-4897-b012-bb419f270aa0,Pathology,0.007568359375,0.00139617919921875,0.98828125,0.00115966796875,True,C,0.10743594169616699,medmcqa_1,"['PBMD', 'STAT', 'PBMD', 'PBMD', 'PBMD']","[467572377854840944, 467572377850771094, 467572377854289275, 467572377852827650, 467572377854406460]","[0.8183506727218628, 0.8085271716117859, 0.8056076765060425, 0.8003085255622864, 0.7976727485656738]"
a3bc5be5-72a7-45a8-81a2-4c492249c14f,Pathology,0.0634765625,0.09228515625,0.7734375,0.07177734375,True,C,0.1217489242553711,medmcqa_1,"['TEXT', 'PBMD', 'PBMD', 'TEXT', 'STAT']","[467523489549971010, 467572377856547848, 467572377855991204, 467523489549926088, 467572377850745793]","[0.7693378925323486, 0.7616401314735413, 0.7608554363250732, 0.7587900161743164, 0.7586752772331238]"
ec54fbf2-f596-4d2a-a9cd-1cf104d7893a,Pathology,0.0157470703125,0.011474609375,0.97265625,0.00128936767578125,True,C,0.15097355842590332,medmcqa_1,"['PBMD', 'PBMD', 'PBMD', 'PBMD', 'PBMD']","[467572377850919614, 467572377856022856, 467572377852794547, 467572377856885412, 467572377852484795]","[0.7588094472885132, 0.7543056607246399, 0.7522366046905518, 0.7519819736480713, 0.750149130821228]"
2cde59aa-666b-4fa6-802b-74ecdd525bfb,Pediatrics,0.0189208984375,0.91015625,0.051513671875,0.017822265625,True,B,0.2383127212524414,medmcqa_1,"['PBMD', 'PBMD', 'PBMD', 'PBMD', 'PBMD']","[467572377852201038, 467572377851012187, 467572377854905846, 467572377856840411, 467572377856456061]","[0.7897398471832275, 0.7742214202880859, 0.7729053497314453, 0.7723513841629028, 0.7716145515441895]"
cfd037d5-868e-49d9-89e8-a084e84ce0dc,Pediatrics,0.01055908203125,0.025390625,0.01275634765625,0.953125,False,B,0.2614917755126953,medmcqa_1,"['PBMD', 'TEXT', 'PBMD', 'PBMD', 'PBMD']","[467572377855894277, 467523489549997849, 467572377855209359, 467572377854197292, 467572377853122964]","[0.7742710113525391, 0.7625738382339478, 0.7604442834854126, 0.7587664127349854, 0.7585114240646362]"
593bd593-3060-493d-bb10-ff9e10e36f17,Pediatrics,0.09375,0.1640625,0.34765625,0.39453125,True,D,0.21848750114440918,medmcqa_1,"['TEXT', 'PBMD', 'PBMD', 'PBMD', 'PBMD']","[467523489549977910, 467572377855713005, 467572377854683030, 467572377852230248, 467572377855832231]","[0.8070579171180725, 0.7992972731590271, 0.798801064491272, 0.7933754324913025, 0.7912431359291077]"
e8b34af9-6a4b-42cf-90ce-fb46a23db79d,Pediatrics,0.04443359375,0.060546875,0.890625,0.003875732421875,True,C,0.11404228210449219,medmcqa_1,"['PBMD', 'TEXT', 'PBMD', 'PBMD', 'PBMD']","[467572377854994070, 467523489549977851, 467572377854644637, 467572377853589553, 467572377855584289]","[0.84473717212677, 0.7999788522720337, 0.7957575917243958, 0.7848589420318604, 0.7846378087997437]"
d3b541c9-d300-4ced-9a2c-c64eaa672ff0,Pediatrics,0.06787109375,0.34375,0.56640625,0.0206298828125,False,B,0.19200444221496582,medmcqa_1,"['PBMD', 'PBMD', 'PBMD', 'PBMD', 'PBMD']","[467572377853401530, 467572377855842919, 467572377852029546, 467572377852695643, 467572377853019763]","[0.8725064992904663, 0.8708046674728394, 0.8518599271774292, 0.8498457670211792, 0.8479130268096924]"
21ee5793-fb33-407c-81ba-7f01f5eefe47,Pediatrics,0.142578125,0.72265625,0.059326171875,0.076171875,True,B,0.13934707641601562,medmcqa_1,"['STAT', 'TEXT', 'TEXT', 'PBMD', 'PBMD']","[467572377850290527, 467523489549968270, 467523489549934869, 467572377854113640, 467572377852108227]","[0.8079065084457397, 0.7972226142883301, 0.7943758368492126, 0.7927080988883972, 0.7914007902145386]"
3b184f01-db13-4379-ab0b-7709853e0326,Pediatrics,0.8046875,0.095703125,0.05810546875,0.04248046875,True,A,0.1916201114654541,medmcqa_1,"['PBMD', 'PBMD', 'PBMD', 'PBMD', 'PBMD']","[467572377852541683, 467572377854917035, 467572377854186194, 467572377853472452, 467572377852326079]","[0.8347110748291016, 0.8253639936447144, 0.8204411864280701, 0.819493293762207, 0.8120400905609131]"
406dfa1b-f27b-4db0-8c21-7c300498f63d,Pediatrics,0.0308837890625,0.62109375,0.1220703125,0.2275390625,True,B,0.15611886978149414,medmcqa_1,"['PBMD', 'PBMD', 'PBMD', 'STAT', 'PBMD']","[467572377855655468, 467572377855444058, 467572377855974522, 467572377850273431, 467572377856289057]","[0.8131243586540222, 0.8094367384910583, 0.7972779273986816, 0.7950052618980408, 0.7917683124542236]"
bf8d5b76-bda5-4221-95ef-d536c00c24ee,Pediatrics,0.0198974609375,0.95703125,0.00830078125,0.013671875,True,B,0.20525455474853516,medmcqa_1,"['PBMD', 'PBMD', 'PBMD', 'PBMD', 'PBMD']","[467572377853660623, 467572377855553407, 467572377853227091, 467572377853392003, 467572377850940012]","[0.8201796412467957, 0.817528247833252, 0.813946008682251, 0.8104754686355591, 0.8094735145568848]"
cfff846f-f37f-4866-9a45-7f903b5e80fe,Pediatrics,0.58203125,0.11474609375,0.1884765625,0.11474609375,True,A,0.19119501113891602,medmcqa_1,"['PBMD', 'PBMD', 'PBMD', 'PBMD', 'PBMD']","[467572377856674093, 467572377854196493, 467572377853655479, 467572377852161303, 467572377854718738]","[0.8135188817977905, 0.8116632699966431, 0.8087233304977417, 0.8054503798484802, 0.8045748472213745]"
73cbdaba-1321-4765-a9f4-ec0b0dbc9994,Pediatrics,0.11767578125,0.46484375,0.361328125,0.055419921875,False,D,0.2169191837310791,medmcqa_1,"['PBMD', 'PBMD', 'PBMD', 'PBMD', 'PBMD']","[467572377855471326, 467572377854615089, 467572377855593114, 467572377850884743, 467572377855529963]","[0.7815103530883789, 0.7724535465240479, 0.7704881429672241, 0.7703152894973755, 0.769464373588562]"
e621e03f-d935-427f-a7a7-14f6f9a0efab,Pediatrics,0.0830078125,0.89453125,0.0185546875,0.004150390625,True,B,0.14502406120300293,medmcqa_1,"['TEXT', 'PBMD', 'PBMD', 'PBMD', 'PBMD']","[467523489549677714, 467572377854298521, 467572377854932107, 467572377853653478, 467572377853666959]","[0.8408639430999756, 0.8333457708358765, 0.8188776969909668, 0.8178566694259644, 0.8158602714538574]"
16b0d12a-6521-4f27-a70f-2726a7a3f6a3,Pediatrics,0.0849609375,0.00897216796875,0.31640625,0.58984375,False,C,0.16765642166137695,medmcqa_1,"['PBMD', 'PBMD', 'STAT', 'PBMD', 'PBMD']","[467572377854407464, 467572377854103910, 467572377850725730, 467572377855452035, 467572377850833697]","[0.837902307510376, 0.8310890793800354, 0.8175796270370483, 0.8166337609291077, 0.816365122795105]"
23cdcc3c-aabd-403a-b2f7-59ecfab6ed23,Pediatrics,0.02001953125,0.06982421875,0.90625,0.00506591796875,True,C,0.09318375587463379,medmcqa_1,"['PBMD', 'TEXT', 'PBMD', 'STAT', 'STAT']","[467572377855159672, 467523489549709907, 467572377855280688, 467572377850320633, 467572377850347496]","[0.8014242649078369, 0.7914758324623108, 0.7884044051170349, 0.7836977243423462, 0.7810400724411011]"
c7d3b43e-bcf6-4d61-bca9-552c07da0d6f,Pediatrics,0.00799560546875,0.0035552978515625,0.004547119140625,0.984375,True,D,0.21248483657836914,medmcqa_1,"['PBMD', 'PBMD', 'PBMD', 'PBMD', 'PBMD']","[467572377854595149, 467572377852580430, 467572377855703321, 467572377852751181, 467572377852199295]","[0.8319181799888611, 0.8295292258262634, 0.8257730007171631, 0.8210155963897705, 0.8200672268867493]"
176b116a-244a-4bb5-a162-f43d5a340a0e,Pediatrics,0.0291748046875,0.006103515625,0.96484375,0.0003910064697265625,True,C,0.16281938552856445,medmcqa_1,"['PBMD', 'PBMD', 'PBMD', 'PBMD', 'PBMD']","[467572377854550462, 467572377850874112, 467572377854284044, 467572377855071119, 467572377854666820]","[0.8180524110794067, 0.8164562582969666, 0.8083752393722534, 0.8017065525054932, 0.7990929484367371]"
2e78ce60-b4af-41c4-b2bd-595a6e728c1d,Pediatrics,0.1513671875,0.6796875,0.05224609375,0.11767578125,True,B,0.2049703598022461,medmcqa_1,"['PBMD', 'PBMD', 'PBMD', 'PBMD', 'PBMD']","[467572377853907968, 467572377852775942, 467572377854245629, 467572377852407454, 467572377853498495]","[0.7755201458930969, 0.7755085229873657, 0.7744704484939575, 0.7691296339035034, 0.7669346332550049]"
ca2561d2-80a5-439b-949c-98d7c9dfb448,Pediatrics,0.01348876953125,0.01116943359375,0.9453125,0.0303955078125,False,D,0.11336088180541992,medmcqa_1,"['PBMD', 'STAT', 'PBMD', 'PBMD', 'PBMD']","[467572377853054100, 467572377850347899, 467572377854822226, 467572377853602413, 467572377856135042]","[0.8123384714126587, 0.8086540102958679, 0.8060457110404968, 0.8036597371101379, 0.7990022897720337]"
d95f1158-fa4b-4229-98c5-40f4dc2bacec,Pediatrics,0.68359375,0.09228515625,0.1953125,0.030029296875,True,A,0.19722867012023926,medmcqa_1,"['PBMD', 'PBMD', 'PBMD', 'PBMD', 'PBMD']","[467572377856397576, 467572377855044249, 467572377852899613, 467572377855094070, 467572377856639405]","[0.8268917202949524, 0.8156428337097168, 0.8016964793205261, 0.8006886839866638, 0.8000451922416687]"
c86f02db-18ea-4ef1-a03a-1bee6d661c7b,Pediatrics,0.00140380859375,0.000514984130859375,0.0048828125,0.9921875,True,D,0.1654214859008789,medmcqa_1,"['PBMD', 'PBMD', 'PBMD', 'PBMD', 'PBMD']","[467572377856479619, 467572377856377684, 467572377855906327, 467572377855206429, 467572377855594485]","[0.8181619048118591, 0.8001350164413452, 0.799389660358429, 0.7992257475852966, 0.7970398664474487]"
6fe48790-f8f0-4c37-8dae-a76ddbac8a7a,Medicine,0.240234375,0.44921875,0.10009765625,0.2119140625,False,D,0.17176437377929688,medmcqa_1,"['PBMD', 'PBMD', 'PBMD', 'TEXT', 'PBMD']","[467572377854563616, 467572377852846920, 467572377850970104, 467523489549692052, 467572377853533976]","[0.8278221487998962, 0.819179356098175, 0.8187770843505859, 0.8134661316871643, 0.8099309802055359]"
148f5ca1-0e61-4e4a-a19a-47df89cb1689,Medicine,0.123046875,0.294921875,0.55078125,0.0311279296875,False,B,0.16807103157043457,medmcqa_1,"['PBMD', 'STAT', 'PBMD', 'PBMD', 'PBMD']","[467572377853364624, 467572377850656626, 467572377856237133, 467572377853124893, 467572377853114505]","[0.8121671676635742, 0.8117611408233643, 0.8104614019393921, 0.8101230263710022, 0.8095359802246094]"
5603de35-adb1-4612-a9ea-1e719e1aa879,Medicine,0.06201171875,0.75390625,0.16796875,0.015625,True,B,0.18773698806762695,medmcqa_1,"['PBMD', 'PBMD', 'PBMD', 'PBMD', 'PBMD']","[467572377854903818, 467572377852281682, 467572377854254454, 467572377855563262, 467572377853179135]","[0.7994825839996338, 0.7988409996032715, 0.7971137762069702, 0.7910559177398682, 0.7866790890693665]"
6345cacc-9150-4410-8add-3153eaed701c,Medicine,0.94921875,0.0185546875,0.006805419921875,0.0252685546875,True,A,0.10744428634643555,medmcqa_1,"['PBMD', 'PBMD', 'PBMD', 'PBMD', 'PBMD']","[467572377854860638, 467572377854314788, 467572377856570369, 467572377854245252, 467572377852527853]","[0.7938714027404785, 0.7905421853065491, 0.7877364754676819, 0.7799555659294128, 0.7795453667640686]"
5db315ce-ffe3-4f63-9071-d9168619ce60,Medicine,0.02294921875,0.002410888671875,0.000946044921875,0.97265625,True,D,0.1666710376739502,medmcqa_1,"['PBMD', 'PBMD', 'PBMD', 'PBMD', 'PBMD']","[467572377856816735, 467572377853539865, 467572377856209229, 467572377853313323, 467572377850812430]","[0.8303427696228027, 0.8262699842453003, 0.823864221572876, 0.8219384551048279, 0.8200446367263794]"
d7a840fd-00b4-4980-a01a-4de04a73d18f,Medicine,0.96484375,0.01214599609375,0.02001953125,0.0037078857421875,True,A,0.21492338180541992,medmcqa_1,"['PBMD', 'PBMD', 'PBMD', 'PBMD', 'PBMD']","[467572377855559363, 467572377855751585, 467572377853292259, 467572377853597454, 467572377852493906]","[0.827828049659729, 0.8207756280899048, 0.8200024366378784, 0.8176714777946472, 0.8165748715400696]"
36e20a28-fe52-4272-8027-043e6f66ab54,Medicine,0.1669921875,0.2431640625,0.189453125,0.400390625,False,C,0.2321021556854248,medmcqa_1,"['PBMD', 'PBMD', 'PBMD', 'PBMD', 'PBMD']","[467572377855213434, 467572377852803424, 467572377856157151, 467572377855823795, 467572377853428897]","[0.7788457870483398, 0.7658495306968689, 0.7625871896743774, 0.7612788081169128, 0.7555269002914429]"
86222cd5-174b-4f22-b54c-280039bb8322,Medicine,0.94140625,0.0322265625,0.0250244140625,0.00299072265625,True,A,0.14515256881713867,medmcqa_1,"['STAT', 'STAT', 'PBMD', 'PBMD', 'PBMD']","[467572377850653410, 467572377850653409, 467572377853430236, 467572377854023563, 467572377856686421]","[0.7787154912948608, 0.7771943211555481, 0.7644218802452087, 0.7636628746986389, 0.756382405757904]"
ebefed46-d39d-42b5-8406-b16c9fb32ba7,Medicine,0.263671875,0.125,0.494140625,0.1171875,True,C,0.22029376029968262,medmcqa_1,"['PBMD', 'PBMD', 'PBMD', 'PBMD', 'PBMD']","[467572377853512886, 467572377853978750, 467572377856787962, 467572377856140606, 467572377856657828]","[0.8091474771499634, 0.8072285652160645, 0.8036420941352844, 0.7987579107284546, 0.7976740598678589]"
0a96136a-d645-4ad6-9f31-53192793e1d0,Medicine,0.2333984375,0.125,0.2060546875,0.435546875,True,D,0.19679665565490723,medmcqa_1,"['PBMD', 'PBMD', 'PBMD', 'PBMD', 'PBMD']","[467572377854993792, 467572377854224965, 467572377853953876, 467572377856009989, 467572377854314601]","[0.8491985201835632, 0.8427534103393555, 0.8386372327804565, 0.8345707654953003, 0.8338308334350586]"
b3f181b1-dcd4-44d6-a008-628ed7b39cdc,Medicine,0.25390625,0.1748046875,0.5390625,0.034423828125,False,A,0.20671796798706055,medmcqa_1,"['PBMD', 'PBMD', 'PBMD', 'PBMD', 'PBMD']","[467572377855094394, 467572377854916872, 467572377853146817, 467572377855377183, 467572377855206673]","[0.7587127685546875, 0.7573448419570923, 0.7569206357002258, 0.7533881664276123, 0.7521462440490723]"
36dd849c-4867-4ca6-8f5e-c8419e4634bb,Medicine,0.61328125,0.13671875,0.1455078125,0.1064453125,True,A,0.20483946800231934,medmcqa_1,"['TEXT', 'PBMD', 'TEXT', 'PBMD', 'PBMD']","[467523489549687584, 467572377853909984, 467523489549986042, 467572377854888568, 467572377853311037]","[0.8191949725151062, 0.8166395425796509, 0.8105974197387695, 0.8094803094863892, 0.8086148500442505]"
a60894bd-585a-4a93-bf8e-cdee04292df6,Medicine,0.99609375,0.004058837890625,0.000354766845703125,0.0002765655517578125,True,A,0.2253565788269043,medmcqa_1,"['PBMD', 'PBMD', 'PBMD', 'PBMD', 'PBMD']","[467572377856140099, 467572377853504540, 467572377854023677, 467572377856874419, 467572377853374822]","[0.8247740268707275, 0.822449803352356, 0.8177674412727356, 0.8165692090988159, 0.8143024444580078]"
80066b5e-d621-4912-b7fd-f1e867a9c8d4,Medicine,0.27734375,0.35546875,0.123046875,0.244140625,False,C,0.27758336067199707,medmcqa_1,"['PBMD', 'PBMD', 'PBMD', 'PBMD', 'PBMD']","[467572377853377479, 467572377852716909, 467572377854706046, 467572377853992847, 467572377854934806]","[0.8058233857154846, 0.7983393669128418, 0.7972115278244019, 0.7961578369140625, 0.7959184646606445]"
d181cc7f-0491-4d80-9e53-81c1a87619eb,Medicine,0.25,0.52734375,0.11767578125,0.10400390625,False,A,0.22247672080993652,medmcqa_1,"['PBMD', 'PBMD', 'PBMD', 'PBMD', 'PBMD']","[467572377854696299, 467572377855267128, 467572377855687279, 467572377855482488, 467572377855248465]","[0.867428183555603, 0.8566731214523315, 0.8529847860336304, 0.8487349152565002, 0.8486307263374329]"
92ee38b6-68d0-4626-8c03-053db30d77dc,Medicine,0.003173828125,0.00058746337890625,0.000354766845703125,0.99609375,True,D,0.09286999702453613,medmcqa_1,"['PBMD', 'PBMD', 'PBMD', 'PBMD', 'PBMD']","[467572377852105926, 467572377852280597, 467572377853364624, 467572377852299959, 467572377854702822]","[0.8045204877853394, 0.8004977703094482, 0.798812985420227, 0.7987961173057556, 0.7957512736320496]"
74340a21-07b9-4e61-92a5-d4e4fb270de6,Medicine,0.26171875,0.12353515625,0.5546875,0.06201171875,True,C,0.1556413173675537,medmcqa_1,"['TEXT', 'STAT', 'PBMD', 'PBMD', 'PBMD']","[467523489549989881, 467572377850663997, 467572377852041805, 467572377852062469, 467572377854434701]","[0.7589124441146851, 0.7556809186935425, 0.7556487321853638, 0.7533206343650818, 0.7531710863113403]"
31579687-1448-4606-9db6-52f9d0cc8a7f,Medicine,0.16796875,0.45703125,0.314453125,0.061767578125,False,D,0.254366397857666,medmcqa_1,"['PBMD', 'PBMD', 'PBMD', 'PBMD', 'PBMD']","[467572377855140693, 467572377855758358, 467572377856382048, 467572377855329252, 467572377855403034]","[0.7809829711914062, 0.7734583616256714, 0.7685659527778625, 0.7668505907058716, 0.7661168575286865]"
e93ff140-f550-4b5d-a589-aec6b7392142,Medicine,0.283203125,0.6796875,0.010986328125,0.0233154296875,True,B,0.11986064910888672,medmcqa_1,"['PBMD', 'PBMD', 'PBMD', 'PBMD', 'PBMD']","[467572377852650218, 467572377852856845, 467572377853109151, 467572377854013477, 467572377852389059]","[0.7571865320205688, 0.7569278478622437, 0.7562596797943115, 0.7546627521514893, 0.7540690898895264]"
0489f20c-a0ce-4251-9eec-e8d5e691a49e,Medicine,0.01031494140625,0.98828125,0.000701904296875,0.001678466796875,True,B,0.12535524368286133,medmcqa_1,"['PBMD', 'PBMD', 'PBMD', 'PBMD', 'PBMD']","[467572377853990763, 467572377854598653, 467572377856562956, 467572377850980081, 467572377853326696]","[0.8077294826507568, 0.804054319858551, 0.8010520935058594, 0.8006252646446228, 0.798462986946106]"
1e8c037d-b7d9-48c9-8aba-39b01a178619,Ophthalmology,0.10693359375,0.1767578125,0.0174560546875,0.69921875,True,D,0.09846615791320801,medmcqa_1,"['PBMD', 'STAT', 'STAT', 'PBMD', 'PBMD']","[467572377852098880, 467572377850777014, 467572377850359297, 467572377852571770, 467572377852859136]","[0.8045884966850281, 0.7915529012680054, 0.789431095123291, 0.7889461517333984, 0.7878091335296631]"
b0060b73-4e6b-4537-a556-c1fb94a65c4a,Ophthalmology,0.267578125,0.0673828125,0.0233154296875,0.640625,True,D,0.18034791946411133,medmcqa_1,"['PBMD', 'PBMD', 'PBMD', 'PBMD', 'PBMD']","[467572377855358943, 467572377855301898, 467572377855500219, 467572377855545840, 467572377856289461]","[0.8259448409080505, 0.8200397491455078, 0.818528413772583, 0.8069754838943481, 0.8054373860359192]"
51203235-22e6-43fb-a51f-a2fcceb5f042,Ophthalmology,0.984375,0.00799560546875,0.007049560546875,0.000274658203125,False,B,0.1934819221496582,medmcqa_1,"['PBMD', 'PBMD', 'PBMD', 'PBMD', 'PBMD']","[467572377855330330, 467572377856144136, 467572377856846656, 467572377852956720, 467572377855224173]","[0.7891988158226013, 0.7828567028045654, 0.7821811437606812, 0.7815065979957581, 0.7814200520515442]"
d4c4bf0d-08ef-47e6-b8e2-e530082fa63a,Ophthalmology,0.134765625,0.68359375,0.046630859375,0.134765625,False,D,0.12658405303955078,medmcqa_1,"['PBMD', 'PBMD', 'PBMD', 'PBMD', 'PBMD']","[467572377855037020, 467572377850937872, 467572377852474413, 467572377850805675, 467572377853978203]","[0.7728775143623352, 0.769671618938446, 0.7681664228439331, 0.7677674293518066, 0.7660226225852966]"
18c1a5f9-d998-414e-bb9c-991191c10710,Ophthalmology,0.96875,0.0167236328125,0.00653076171875,0.006134033203125,True,A,0.16826701164245605,medmcqa_1,"['PBMD', 'PBMD', 'PBMD', 'PBMD', 'PBMD']","[467572377852500382, 467572377855319658, 467572377854713436, 467572377853461515, 467572377853383159]","[0.8251213431358337, 0.8232231736183167, 0.8230499029159546, 0.8228734731674194, 0.8196249008178711]"
20929b62-1d50-4e64-9370-8d4966ccb2ae,Ophthalmology,0.047607421875,0.166015625,0.0419921875,0.74609375,True,D,0.15155982971191406,medmcqa_1,"['PBMD', 'PBMD', 'PBMD', 'PBMD', 'PBMD']","[467572377856641232, 467572377854825838, 467572377852912806, 467572377855762431, 467572377852189172]","[0.8200604915618896, 0.8066985011100769, 0.8054765462875366, 0.8019511103630066, 0.8015643358230591]"
ed92d804-ac83-440a-b908-df404df935ad,Ophthalmology,0.0361328125,0.0233154296875,0.93359375,0.006683349609375,True,C,0.18135619163513184,medmcqa_1,"['PBMD', 'PBMD', 'PBMD', 'PBMD', 'PBMD']","[467572377854897022, 467572377854640570, 467572377852104669, 467572377855041230, 467572377852500667]","[0.8082774877548218, 0.794864296913147, 0.794838547706604, 0.7878422737121582, 0.7838989496231079]"
731b8834-5904-47e0-a208-d46bcf1c6c9b,Ophthalmology,0.0291748046875,0.0291748046875,0.90625,0.03515625,False,A,0.15080642700195312,medmcqa_1,"['PBMD', 'PBMD', 'PBMD', 'STAT', 'TEXT']","[467572377854244028, 467572377855719547, 467572377853836506, 467572377850248119, 467523489549951210]","[0.8245767951011658, 0.813912570476532, 0.810022234916687, 0.8086495399475098, 0.803248941898346]"
d12e4d46-e1d9-4320-860c-184a735d9027,Ophthalmology,0.98828125,0.01031494140625,0.0020294189453125,6.532669067382812e-05,True,A,0.08208036422729492,medmcqa_1,"['PBMD', 'PBMD', 'PBMD', 'PBMD', 'STAT']","[467572377856649330, 467572377852917984, 467572377855065140, 467572377853369714, 467572377850716618]","[0.8430984020233154, 0.809348464012146, 0.8054184317588806, 0.7976402640342712, 0.7974748611450195]"
f80230e3-6a41-4a2d-81a0-86cacead9dcf,Ophthalmology,0.7109375,0.07958984375,0.1796875,0.0311279296875,True,A,0.17884230613708496,medmcqa_1,"['PBMD', 'PBMD', 'PBMD', 'PBMD', 'PBMD']","[467572377852887481, 467572377856646698, 467572377852742382, 467572377853816458, 467572377854685446]","[0.8202701210975647, 0.8202434778213501, 0.818808376789093, 0.8132832050323486, 0.8095853328704834]"
756277e4-4420-466e-adee-3aee112a7b69,Ophthalmology,0.1064453125,0.6953125,0.0238037109375,0.17578125,True,B,0.1399233341217041,medmcqa_1,"['PBMD', 'PBMD', 'PBMD', 'PBMD', 'STAT']","[467572377852715074, 467572377854811918, 467572377854951229, 467572377852112942, 467572377850235160]","[0.7763266563415527, 0.7733202576637268, 0.7725225687026978, 0.7722707390785217, 0.76894611120224]"
eaa184bf-53c5-4755-bee8-a9153e587ff0,Ophthalmology,0.26953125,0.185546875,0.038818359375,0.50390625,True,D,0.12688112258911133,medmcqa_1,"['PBMD', 'PBMD', 'PBMD', 'PBMD', 'PBMD']","[467572377856224786, 467572377852505038, 467572377852029470, 467572377854523585, 467572377854873242]","[0.757196307182312, 0.7566777467727661, 0.7548437118530273, 0.7535969018936157, 0.7514350414276123]"
17360c6c-2c98-4fe2-aa85-487dcf4678df,Ophthalmology,0.2021484375,0.62109375,0.1015625,0.07421875,False,A,0.08631491661071777,medmcqa_1,"['PBMD', 'STAT', 'STAT', 'PBMD', 'PBMD']","[467572377854900638, 467572377850388201, 467572377850306073, 467572377853405679, 467572377854914042]","[0.7485151290893555, 0.7483851909637451, 0.7438839077949524, 0.7403113842010498, 0.7394282817840576]"
8cce7868-0429-4f98-9e6a-4baa045dffcc,Ophthalmology,0.091796875,0.8671875,0.03369140625,0.005859375,True,B,0.15129923820495605,medmcqa_1,"['PBMD', 'PBMD', 'PBMD', 'PBMD', 'PBMD']","[467572377853176405, 467572377854064059, 467572377855004806, 467572377852162073, 467572377852505917]","[0.7820810675621033, 0.7786352038383484, 0.7721318006515503, 0.7697932124137878, 0.7693116068840027]"
681b886d-1d27-41d3-8fa5-6d9fb4b0c4c5,Ophthalmology,0.283203125,0.033935546875,0.6796875,0.0037994384765625,True,C,0.08178973197937012,medmcqa_1,"['STAT', 'STAT', 'STAT', 'STAT', 'STAT']","[467572377850410572, 467572377850410571, 467572377850410593, 467572377850410562, 467572377850410573]","[0.7820466756820679, 0.7810783386230469, 0.7684582471847534, 0.759921133518219, 0.7580305933952332]"
362c70ed-9bc0-4266-8462-4c8302d7ef52,Ophthalmology,0.017822265625,0.97265625,0.00372314453125,0.0069580078125,False,D,0.148773193359375,medmcqa_1,"['PBMD', 'PBMD', 'PBMD', 'PBMD', 'PBMD']","[467572377856565326, 467572377853189927, 467572377852256024, 467572377850929898, 467572377853806180]","[0.8146393299102783, 0.8003669381141663, 0.7911654710769653, 0.7892152667045593, 0.7883671522140503]"
8f57f95a-a12e-49e9-87b8-eb58ffa6cb9c,Ophthalmology,0.29296875,0.703125,0.0034637451171875,0.00185394287109375,False,C,0.20059585571289062,medmcqa_1,"['PBMD', 'PBMD', 'PBMD', 'PBMD', 'PBMD']","[467572377856260148, 467572377854957451, 467572377852306566, 467572377856813601, 467572377855561661]","[0.7894506454467773, 0.7853150367736816, 0.7804257869720459, 0.7792618274688721, 0.7780543565750122]"
796d7b5d-f79d-4c6a-860c-198e9404ea07,Ophthalmology,0.1826171875,0.3203125,0.30078125,0.1943359375,False,D,0.18127226829528809,medmcqa_1,"['PBMD', 'PBMD', 'PBMD', 'PBMD', 'PBMD']","[467572377854731286, 467572377853759688, 467572377853451677, 467572377853849314, 467572377854662633]","[0.8644407987594604, 0.8585418462753296, 0.8580428957939148, 0.8441378474235535, 0.8435153365135193]"
065971a5-7b85-4a6d-a657-8d152956f946,Ophthalmology,0.18359375,0.0810546875,0.72265625,0.010986328125,True,C,0.1123807430267334,medmcqa_1,"['STAT', 'STAT', 'PBMD', 'PBMD', 'STAT']","[467572377850281363, 467572377850732986, 467572377850935213, 467572377853329917, 467572377850695720]","[0.7999875545501709, 0.7885792255401611, 0.786096453666687, 0.7848150730133057, 0.7839438915252686]"
2aacf8d1-b36e-49be-8333-af91aa2a49c9,Ophthalmology,0.052490234375,0.01324462890625,0.9296875,0.0048828125,True,C,0.1511092185974121,medmcqa_1,"['STAT', 'PBMD', 'PBMD', 'PBMD', 'PBMD']","[467572377850639417, 467572377852736058, 467572377852044445, 467572377856081085, 467572377856626864]","[0.80763840675354, 0.806835949420929, 0.8024111390113831, 0.7955307960510254, 0.7919216752052307]"
5444cae2-aeab-4a04-8501-e91fe8ce794a,Anaesthesia,0.146484375,0.51171875,0.2734375,0.0693359375,False,A,0.2136545181274414,medmcqa_1,"['PBMD', 'PBMD', 'PBMD', 'PBMD', 'PBMD']","[467572377855192158, 467572377852805680, 467572377856463934, 467572377855609243, 467572377854074601]","[0.7457236647605896, 0.744985818862915, 0.7410711646080017, 0.7297049164772034, 0.726756751537323]"
73944fde-aa45-4a1f-a140-e56d201ed4b0,Anaesthesia,0.2890625,0.2890625,0.1982421875,0.224609375,True,A,0.23563575744628906,medmcqa_1,"['STAT', 'STAT', 'PBMD', 'PBMD', 'PBMD']","[467572377850628498, 467572377850367752, 467572377855486454, 467572377856699295, 467572377854016000]","[0.8000141382217407, 0.7929225564002991, 0.7916231751441956, 0.7894275188446045, 0.7874784469604492]"
9138af01-4f96-4301-9817-8662fc2a0012,Anaesthesia,0.044921875,0.01068115234375,0.042236328125,0.90234375,True,D,0.1681666374206543,medmcqa_1,"['PBMD', 'PBMD', 'PBMD', 'PBMD', 'PBMD']","[467572377852686549, 467572377854226424, 467572377855388720, 467572377854985571, 467572377852354109]","[0.8204317688941956, 0.8003396987915039, 0.7937644720077515, 0.7934409379959106, 0.7906968593597412]"
872eb991-48a8-486f-8dd8-c19b8f3cd096,Anaesthesia,0.00665283203125,0.98828125,0.0048828125,0.00084686279296875,True,B,0.15372371673583984,medmcqa_1,"['PBMD', 'PBMD', 'PBMD', 'PBMD', 'PBMD']","[467572377854146423, 467572377855953948, 467572377856175719, 467572377856734389, 467572377855277828]","[0.754825234413147, 0.7547235488891602, 0.7524484395980835, 0.7505559325218201, 0.7413640022277832]"
93b42b71-45b2-4314-9bb5-b71c362c50cf,Anaesthesia,0.015625,0.1787109375,0.80078125,0.00421142578125,True,C,0.17931675910949707,medmcqa_1,"['STAT', 'STAT', 'PBMD', 'PBMD', 'PBMD']","[467572377850267334, 467572377850381317, 467572377855890405, 467572377854834719, 467572377852991152]","[0.7410736680030823, 0.7400667667388916, 0.7342642545700073, 0.7294656038284302, 0.7280109524726868]"
406b5b4f-9ad4-42c0-9669-12d038df4ac8,Anaesthesia,0.02587890625,0.91015625,0.0201416015625,0.042724609375,False,C,0.14215469360351562,medmcqa_1,"['PBMD', 'PBMD', 'PBMD', 'PBMD', 'STAT']","[467572377853382512, 467572377854276747, 467572377852448864, 467572377855627469, 467572377850344959]","[0.7553231716156006, 0.750440776348114, 0.7490072250366211, 0.74700528383255, 0.7469450831413269]"
dea9021b-e874-4096-9195-ac758f2de19d,Anaesthesia,0.032470703125,0.01055908203125,0.890625,0.064453125,True,C,0.08653688430786133,medmcqa_1,"['STAT', 'STAT', 'STAT', 'STAT', 'STAT']","[467572377850403958, 467572377850765235, 467572377850391436, 467572377850394528, 467572377850393478]","[0.7897822260856628, 0.7737046480178833, 0.7723594903945923, 0.7713349461555481, 0.7682629823684692]"
522522f6-47cd-4dbc-843d-8dbd3768bff7,Anaesthesia,0.255859375,0.421875,0.2265625,0.09423828125,False,D,0.27425718307495117,medmcqa_1,"['PBMD', 'PBMD', 'PBMD', 'PBMD', 'PBMD']","[467572377855192158, 467572377852805680, 467572377856463934, 467572377855609243, 467572377855494757]","[0.77595055103302, 0.7697666883468628, 0.7583059072494507, 0.7460781335830688, 0.7427954077720642]"
8466f417-6a8e-4f07-87f8-556fb5fac62a,Anaesthesia,0.2255859375,0.2255859375,0.4765625,0.0732421875,False,A,0.1397850513458252,medmcqa_1,"['PBMD', 'PBMD', 'PBMD', 'PBMD', 'PBMD']","[467572377852747402, 467572377856741442, 467572377852585171, 467572377855757642, 467572377854750180]","[0.831122875213623, 0.8288785815238953, 0.8249085545539856, 0.813901424407959, 0.8124145269393921]"
41bea7f1-6fe1-4441-81ba-579c07008ea6,Anaesthesia,0.55078125,0.07470703125,0.03759765625,0.3359375,False,D,0.1768357753753662,medmcqa_1,"['PBMD', 'PBMD', 'PBMD', 'PBMD', 'PBMD']","[467572377856186444, 467572377852673810, 467572377853981128, 467572377852389349, 467572377852533560]","[0.796683669090271, 0.7866665124893188, 0.7830036878585815, 0.7826616168022156, 0.7821096777915955]"
69a34f1e-09bd-4364-b763-f28c6ddf772a,Anaesthesia,0.59375,0.1494140625,0.11669921875,0.140625,True,A,0.14006805419921875,medmcqa_1,"['PBMD', 'STAT', 'STAT', 'STAT', 'PBMD']","[467572377852094317, 467572377850362246, 467572377850385401, 467572377850231759, 467572377855926685]","[0.8179525136947632, 0.8026750683784485, 0.7994394302368164, 0.7945709228515625, 0.7913463115692139]"
930d4945-04ef-4c32-9c9d-279e8226f852,Anaesthesia,0.490234375,0.045654296875,0.43359375,0.03125,True,A,0.23038530349731445,medmcqa_1,"['PBMD', 'PBMD', 'PBMD', 'PBMD', 'PBMD']","[467572377853484358, 467572377852673810, 467572377855874538, 467572377855877442, 467572377855737731]","[0.7977317571640015, 0.7922419309616089, 0.7921056747436523, 0.7889479398727417, 0.7868761420249939]"
820b79a8-3eef-494b-a007-995db6b5258c,Anaesthesia,0.0299072265625,0.01409912109375,0.0263671875,0.9296875,False,B,0.18219470977783203,medmcqa_1,"['PBMD', 'PBMD', 'PBMD', 'PBMD', 'PBMD']","[467572377855072804, 467572377854227347, 467572377856464877, 467572377854696711, 467572377854126734]","[0.7880719900131226, 0.7823939919471741, 0.7776549458503723, 0.7745559215545654, 0.7682492733001709]"
92f4374d-b087-41de-a4d7-288565d77c38,Anaesthesia,0.6171875,0.005035400390625,0.375,0.00119781494140625,True,A,0.12050557136535645,medmcqa_1,"['PBMD', 'PBMD', 'STAT', 'PBMD', 'PBMD']","[467572377856168092, 467572377856420872, 467572377850292814, 467572377853948208, 467572377853788174]","[0.8169910907745361, 0.8036341071128845, 0.7931016683578491, 0.7887119650840759, 0.7865362167358398]"
fb79561d-8beb-4a31-aaa5-9350e20b0caa,Anaesthesia,0.30078125,0.234375,0.33984375,0.125,False,A,0.1703946590423584,medmcqa_1,"['STAT', 'STAT', 'STAT', 'STAT', 'STAT']","[467572377850748107, 467572377850760086, 467572377850364980, 467572377850384939, 467572377850760097]","[0.7703723907470703, 0.7639948129653931, 0.753043532371521, 0.7524662017822266, 0.7511633634567261]"
d2198d20-fa7b-4abd-a3f6-d849ee0973fb,Anaesthesia,0.0062255859375,0.0042724609375,0.984375,0.005157470703125,True,C,0.18026113510131836,medmcqa_1,"['PBMD', 'PBMD', 'PBMD', 'PBMD', 'PBMD']","[467572377854968413, 467572377855749715, 467572377854018131, 467572377855863211, 467572377853081308]","[0.7899371981620789, 0.773705244064331, 0.7732086181640625, 0.7730816006660461, 0.7729923725128174]"
7690c75b-9e17-4af8-844a-6c638db1240a,Anaesthesia,0.0252685546875,0.9453125,0.006378173828125,0.022216796875,False,D,0.14069843292236328,medmcqa_1,"['PBMD', 'PBMD', 'PBMD', 'PBMD', 'PBMD']","[467572377854774077, 467572377852926586, 467572377852771515, 467572377856145276, 467572377852611389]","[0.8222757577896118, 0.8138273358345032, 0.8064209222793579, 0.8028227090835571, 0.798495352268219]"
7e38cd45-2858-4483-b448-d461bde268ee,Anaesthesia,0.154296875,0.2890625,0.5390625,0.017333984375,True,C,0.15300679206848145,medmcqa_1,"['STAT', 'PBMD', 'PBMD', 'PBMD', 'PBMD']","[467572377850232210, 467572377853930940, 467572377853936109, 467572377855803092, 467572377853687511]","[0.7675557136535645, 0.7628193497657776, 0.7627240419387817, 0.7625733613967896, 0.7609798312187195]"
65639a35-9603-40ce-9584-aaf1f53c71d4,Anaesthesia,0.0966796875,0.279296875,0.58984375,0.033447265625,False,D,0.2248387336730957,medmcqa_1,"['PBMD', 'PBMD', 'PBMD', 'PBMD', 'STAT']","[467572377852346471, 467572377852562399, 467572377855958787, 467572377852155093, 467572377850698775]","[0.7996922135353088, 0.7851612567901611, 0.7805991768836975, 0.7760025262832642, 0.7759363055229187]"
52e0bdf3-57a4-4dd6-ba5c-e9facb82e61f,Anaesthesia,0.1572265625,0.0146484375,0.029052734375,0.80078125,True,D,0.14075255393981934,medmcqa_1,"['STAT', 'PBMD', 'PBMD', 'PBMD', 'PBMD']","[467572377850292797, 467572377854015091, 467572377850962327, 467572377852875649, 467572377854927408]","[0.7647531628608704, 0.7605220675468445, 0.759933590888977, 0.759483814239502, 0.758245050907135]"
dc3b4878-5fcb-4cd0-b31d-594a5320655a,Pharmacology,0.0301513671875,0.9375,0.020751953125,0.01177978515625,True,B,0.1971571445465088,medmcqa_1,"['PBMD', 'PBMD', 'PBMD', 'TEXT', 'PBMD']","[467572377854165089, 467572377853599576, 467572377853225026, 467523489549982085, 467572377856114048]","[0.7600988149642944, 0.7466378808021545, 0.7459853291511536, 0.7449854612350464, 0.7417165040969849]"
a8683027-bf0c-459a-99d6-7b4676278072,Pharmacology,0.193359375,0.21875,0.0625,0.5234375,True,D,0.19283103942871094,medmcqa_1,"['PBMD', 'PBMD', 'PBMD', 'PBMD', 'PBMD']","[467572377850836169, 467572377854414530, 467572377852073886, 467572377855766719, 467572377856982355]","[0.7713716626167297, 0.755174994468689, 0.7508236765861511, 0.7499373555183411, 0.7481034994125366]"
f8420128-0bd2-4a3e-b54f-d99fd7eb7070,Pharmacology,0.345703125,0.00299072265625,0.005950927734375,0.64453125,False,A,0.22885990142822266,medmcqa_1,"['PBMD', 'PBMD', 'PBMD', 'TEXT', 'PBMD']","[467572377854550700, 467572377853707842, 467572377854745754, 467523489549981907, 467572377850851141]","[0.8101356029510498, 0.8099178075790405, 0.8087963461875916, 0.8037540316581726, 0.80018150806427]"
c4256578-82f3-4cb8-891a-be9864c80547,Pharmacology,0.99609375,0.004058837890625,0.0004558563232421875,0.00090789794921875,True,A,0.12256240844726562,medmcqa_1,"['PBMD', 'PBMD', 'PBMD', 'PBMD', 'PBMD']","[467572377855091370, 467572377855886102, 467572377853431391, 467572377852289375, 467572377852688618]","[0.824990451335907, 0.7992610335350037, 0.7951422929763794, 0.7920566201210022, 0.7919661998748779]"
889673c1-cf2a-44a3-a0db-7e4f0a5a52de,Pharmacology,0.19921875,0.328125,0.373046875,0.10009765625,True,C,0.11430621147155762,medmcqa_1,"['STAT', 'TEXT', 'TEXT', 'STAT', 'PBMD']","[467572377850663289, 467523489549983960, 467523489549983959, 467572377850658317, 467572377855612444]","[0.7636861801147461, 0.7551209330558777, 0.7505638003349304, 0.7499645352363586, 0.7435261011123657]"
cb022556-5a47-402a-b52c-725b6c314e83,Pharmacology,0.032470703125,0.0184326171875,0.94921875,0.00151824951171875,True,C,0.16771292686462402,medmcqa_1,"['PBMD', 'PBMD', 'PBMD', 'PBMD', 'PBMD']","[467572377852533295, 467572377854824975, 467572377854127527, 467572377852653071, 467572377854480603]","[0.7959734201431274, 0.7911861538887024, 0.7884296774864197, 0.7823306918144226, 0.7811934947967529]"
d9801e88-03ce-46a5-87fe-fa3d8b61fadf,Pharmacology,0.64453125,0.11181640625,0.1630859375,0.08203125,False,C,0.23791193962097168,medmcqa_1,"['TEXT', 'PBMD', 'PBMD', 'PBMD', 'PBMD']","[467523489549985541, 467572377856608483, 467572377855840566, 467572377856654286, 467572377854177797]","[0.8007584810256958, 0.7998773455619812, 0.7976149916648865, 0.7970908880233765, 0.7939139008522034]"
a5d733b4-18d3-468c-8aaa-bbcb66cbb07e,Pharmacology,0.00750732421875,0.0062255859375,0.984375,0.0020294189453125,True,C,0.15378570556640625,medmcqa_1,"['PBMD', 'PBMD', 'PBMD', 'PBMD', 'PBMD']","[467572377856382459, 467572377853013307, 467572377853565385, 467572377852882612, 467572377852393538]","[0.817010760307312, 0.8062206506729126, 0.805995762348175, 0.8052466511726379, 0.8008678555488586]"
c70d078e-2a95-4779-b8d5-6050a5b58394,Pharmacology,0.30859375,0.396484375,0.1650390625,0.12890625,False,C,0.17361927032470703,medmcqa_1,"['PBMD', 'PBMD', 'PBMD', 'PBMD', 'STAT']","[467572377855653310, 467572377855067293, 467572377856136904, 467572377854303540, 467572377850391218]","[0.7612981796264648, 0.7603882551193237, 0.7594268321990967, 0.7571287155151367, 0.7533702254295349]"
8654832a-f650-4836-82ba-cc59f14e1bb9,Pharmacology,0.1650390625,0.5078125,0.2392578125,0.08837890625,False,A,0.20551776885986328,medmcqa_1,"['PBMD', 'PBMD', 'PBMD', 'PBMD', 'PBMD']","[467572377852434544, 467572377853576065, 467572377854730842, 467572377852280924, 467572377854298335]","[0.8174331784248352, 0.8044474720954895, 0.8024880886077881, 0.8020486831665039, 0.8015419244766235]"
41a7eb65-1e8e-46ee-8d9a-8544101fe4db,Pharmacology,0.00909423828125,0.98828125,0.000659942626953125,0.0029449462890625,True,B,0.16640901565551758,medmcqa_1,"['PBMD', 'PBMD', 'PBMD', 'PBMD', 'PBMD']","[467572377853990763, 467572377854659773, 467572377854154814, 467572377854759372, 467572377855328907]","[0.827233076095581, 0.8255895972251892, 0.8233948945999146, 0.8219614028930664, 0.8193663358688354]"
860f5673-7e87-4a35-ba17-628c738929fa,Pharmacology,0.8984375,0.02392578125,0.0693359375,0.00994873046875,True,A,0.1504223346710205,medmcqa_1,"['STAT', 'PBMD', 'PBMD', 'PBMD', 'STAT']","[467572377850288260, 467572377856597827, 467572377856054716, 467572377856415617, 467572377850242118]","[0.8206688761711121, 0.8058779239654541, 0.7995378375053406, 0.7971619963645935, 0.7967166900634766]"
89108206-90cd-4886-bb7f-758f8fec9152,Pharmacology,0.72265625,0.11083984375,0.1611328125,0.005523681640625,True,A,0.1682724952697754,medmcqa_1,"['PBMD', 'PBMD', 'PBMD', 'PBMD', 'PBMD']","[467572377853266116, 467572377852041533, 467572377855543310, 467572377854265302, 467572377854759737]","[0.7988566160202026, 0.7980446219444275, 0.7973940372467041, 0.793644905090332, 0.7936416268348694]"
39aa0685-41e4-4701-acb9-88abe226e574,Pharmacology,0.10400390625,0.0159912109375,0.87109375,0.0096435546875,False,A,0.1910262107849121,medmcqa_1,"['PBMD', 'PBMD', 'PBMD', 'PBMD', 'PBMD']","[467572377855620058, 467572377853352467, 467572377855441404, 467572377856215469, 467572377852580454]","[0.8043246865272522, 0.7942612171173096, 0.7927754521369934, 0.7919790148735046, 0.7890698909759521]"
559675a7-0767-47f2-bd6e-fc2279032447,Pharmacology,0.1435546875,0.56640625,0.126953125,0.162109375,False,D,0.18689370155334473,medmcqa_1,"['PBMD', 'PBMD', 'PBMD', 'PBMD', 'PBMD']","[467572377850917213, 467572377852262861, 467572377854768932, 467572377854813812, 467572377855713746]","[0.8180544972419739, 0.8094990253448486, 0.8002021312713623, 0.799824595451355, 0.7993026971817017]"
c8c58b43-3a44-4e38-a6b3-245af1dcf2ab,Pharmacology,0.0140380859375,0.92578125,0.01092529296875,0.049072265625,True,B,0.11277651786804199,medmcqa_1,"['PBMD', 'STAT', 'PBMD', 'TEXT', 'STAT']","[467572377852055616, 467572377850305512, 467572377852319095, 467523489549706061, 467572377850659560]","[0.8236842155456543, 0.8167423009872437, 0.8149210214614868, 0.8024169206619263, 0.7991204857826233]"
1a3ceadc-b414-43e2-a674-bf52546b7d89,Pharmacology,0.05810546875,0.00836181640625,0.80078125,0.130859375,False,A,0.1734330654144287,medmcqa_1,"['PBMD', 'PBMD', 'PBMD', 'PBMD', 'PBMD']","[467572377853215645, 467572377854384716, 467572377854529132, 467572377854336773, 467572377850941020]","[0.786372721195221, 0.7797768712043762, 0.777763307094574, 0.7757222056388855, 0.7748373746871948]"
1b18ac4d-8101-48f1-bcc9-b53391c550ab,Pharmacology,0.45703125,0.130859375,0.16796875,0.244140625,True,A,0.20884275436401367,medmcqa_1,"['PBMD', 'PBMD', 'PBMD', 'PBMD', 'PBMD']","[467572377856601929, 467572377853381978, 467572377855804695, 467572377854762334, 467572377855042372]","[0.8348894119262695, 0.8316560983657837, 0.8304160833358765, 0.8292187452316284, 0.8263049125671387]"
407d4eec-cf0b-460c-bcdb-cf0081ec8c5d,Pharmacology,0.12158203125,0.54296875,0.330078125,0.003448486328125,True,B,0.2275240421295166,medmcqa_1,"['PBMD', 'PBMD', 'PBMD', 'PBMD', 'PBMD']","[467572377852511719, 467572377853299244, 467572377853684431, 467572377854536259, 467572377853684762]","[0.7762359380722046, 0.7758440375328064, 0.7739241123199463, 0.7738672494888306, 0.772784948348999]"
4127528f-2cc3-44bc-b07e-446577f5018c,Pharmacology,0.35546875,0.158203125,0.294921875,0.1904296875,True,A,0.16817808151245117,medmcqa_1,"['STAT', 'PBMD', 'STAT', 'STAT', 'STAT']","[467572377850719718, 467572377853988846, 467572377850255208, 467572377850768559, 467572377850245110]","[0.8177709579467773, 0.7758727669715881, 0.7690065503120422, 0.759589672088623, 0.7577738761901855]"
44ff9d66-1271-48ec-80e0-51f38a47c976,Surgery,0.953125,0.019775390625,0.01544189453125,0.01129150390625,True,A,0.2408769130706787,medmcqa_1,"['PBMD', 'PBMD', 'PBMD', 'PBMD', 'PBMD']","[467572377854313793, 467572377852695594, 467572377855081625, 467572377856861230, 467572377854001331]","[0.784609317779541, 0.778533935546875, 0.77808678150177, 0.7779322266578674, 0.7733674049377441]"
959f8a7b-ea3c-40f9-a6a3-f90248f7e8d2,Surgery,0.8125,0.1328125,0.031494140625,0.0230712890625,False,C,0.08713412284851074,medmcqa_1,"['TEXT', 'STAT', 'PBMD', 'PBMD', 'STAT']","[467523489549937364, 467572377850231313, 467572377854113765, 467572377853851257, 467572377850735730]","[0.8018412590026855, 0.7903522849082947, 0.7799595594406128, 0.773045539855957, 0.7715979814529419]"
83190d93-147b-4abc-a5fc-500371388fd5,Surgery,0.15625,0.291015625,0.375,0.1767578125,False,D,0.15925931930541992,medmcqa_1,"['STAT', 'STAT', 'PBMD', 'PBMD', 'PBMD']","[467572377850283475, 467572377850373414, 467572377856950216, 467572377854891830, 467572377854351413]","[0.7799955606460571, 0.7777156233787537, 0.7758010625839233, 0.7712576389312744, 0.7675735950469971]"
ff42704e-3996-4abe-a5b6-574344e7aaf0,Surgery,0.0164794921875,0.021240234375,0.95703125,0.0036773681640625,True,C,0.14067387580871582,medmcqa_1,"['PBMD', 'PBMD', 'PBMD', 'TEXT', 'PBMD']","[467572377855411386, 467572377856868335, 467572377856957261, 467523489550006143, 467572377853280331]","[0.8256599307060242, 0.8110939264297485, 0.806792676448822, 0.8065853118896484, 0.8059177398681641]"
890982b8-3906-44be-aff1-437a7c6c373d,Surgery,0.302734375,0.02490234375,0.030029296875,0.640625,True,D,0.18254327774047852,medmcqa_1,"['PBMD', 'PBMD', 'STAT', 'PBMD', 'PBMD']","[467572377855819917, 467572377856901374, 467572377850284405, 467572377852837781, 467572377854902202]","[0.8006657361984253, 0.7957845330238342, 0.794874906539917, 0.7944761514663696, 0.7944058775901794]"
131f5cb9-45ff-4698-992a-dfb143a3c237,Surgery,0.5703125,0.392578125,0.0235595703125,0.0142822265625,True,A,0.10800957679748535,medmcqa_1,"['PBMD', 'PBMD', 'STAT', 'PBMD', 'STAT']","[467572377853483950, 467572377851013283, 467572377850656340, 467572377852234992, 467572377850288284]","[0.7756795883178711, 0.7746304273605347, 0.7724400162696838, 0.7712413668632507, 0.7709914445877075]"
11b93c69-b9e9-47ec-821c-779598f139c1,Surgery,0.06591796875,0.55078125,0.259765625,0.123046875,True,B,0.15485620498657227,medmcqa_1,"['PBMD', 'PBMD', 'PBMD', 'PBMD', 'PBMD']","[467572377852264271, 467572377853575577, 467572377852943690, 467572377856797808, 467572377856545425]","[0.7933134436607361, 0.7921813130378723, 0.7913540601730347, 0.7889045476913452, 0.7865519523620605]"
b70b70d6-0d72-41b3-bc8b-405f0e83fa03,Surgery,0.99609375,0.0023193359375,0.0029754638671875,0.0001392364501953125,True,A,0.14398574829101562,medmcqa_1,"['PBMD', 'PBMD', 'PBMD', 'PBMD', 'PBMD']","[467572377854588299, 467572377855746294, 467572377853415503, 467572377854269148, 467572377854352887]","[0.7707321643829346, 0.7679778933525085, 0.761709988117218, 0.7616745233535767, 0.7592662572860718]"
71e11d65-2238-4a3f-9b41-bfb7218c66e5,Surgery,0.291015625,0.328125,0.2255859375,0.1552734375,False,C,0.16348719596862793,medmcqa_1,"['PBMD', 'STAT', 'PBMD', 'STAT', 'STAT']","[467572377852685327, 467572377850785576, 467572377853269287, 467572377850785562, 467572377850683625]","[0.7625135779380798, 0.761807918548584, 0.7586382627487183, 0.7566832304000854, 0.7552155256271362]"
2066f9f0-3eb8-4f40-8ca3-39406b885674,Surgery,0.494140625,0.2333984375,0.1103515625,0.1611328125,True,A,0.14378857612609863,medmcqa_1,"['PBMD', 'PBMD', 'PBMD', 'STAT', 'PBMD']","[467572377854632900, 467572377852613102, 467572377852549778, 467572377850295937, 467572377854124113]","[0.7813264727592468, 0.7646260857582092, 0.7624027729034424, 0.759279727935791, 0.7582912445068359]"
eee44fc5-ad97-4eaa-9720-02f6096eece5,Surgery,0.48046875,0.2265625,0.15625,0.1376953125,False,D,0.19653582572937012,medmcqa_1,"['PBMD', 'PBMD', 'PBMD', 'PBMD', 'PBMD']","[467572377856705259, 467572377855281851, 467572377856546840, 467572377853085746, 467572377853375907]","[0.8441311717033386, 0.8210443258285522, 0.8151925206184387, 0.8046723008155823, 0.8007243871688843]"
b0710c52-911e-4db7-9f74-5f92160b0eb3,Surgery,0.7734375,0.1044921875,0.049560546875,0.07177734375,True,A,0.1423628330230713,medmcqa_1,"['PBMD', 'PBMD', 'PBMD', 'STAT', 'PBMD']","[467572377855587425, 467572377856115332, 467572377854210207, 467572377850666607, 467572377856742166]","[0.787135124206543, 0.7750468850135803, 0.7657653093338013, 0.7644737958908081, 0.7634081244468689]"
76dc78f2-39b2-47c0-97d1-3206032a777f,Surgery,0.019775390625,0.953125,0.00567626953125,0.0211181640625,True,B,0.14333152770996094,medmcqa_1,"['PBMD', 'PBMD', 'PBMD', 'PBMD', 'PBMD']","[467572377854281693, 467572377852257200, 467572377852288064, 467572377854644576, 467572377853435060]","[0.8028069734573364, 0.7949046492576599, 0.7915943264961243, 0.791023850440979, 0.7893750667572021]"
5a236a74-118f-49b5-adde-21dba36a8bee,Surgery,0.8828125,0.072265625,0.0302734375,0.0142822265625,True,A,0.17306280136108398,medmcqa_1,"['PBMD', 'PBMD', 'PBMD', 'PBMD', 'PBMD']","[467572377855546071, 467572377852911692, 467572377855751210, 467572377855220408, 467572377853356594]","[0.841040849685669, 0.815268874168396, 0.8145571947097778, 0.8104112148284912, 0.8051698207855225]"
b304b0be-c800-43e4-be04-739bd0cc47fd,Surgery,0.06884765625,0.89453125,0.032470703125,0.006011962890625,False,A,0.10072016716003418,medmcqa_1,"['STAT', 'STAT', 'PBMD', 'PBMD', 'STAT']","[467572377850766158, 467572377850260223, 467572377852546057, 467572377853393392, 467572377850260222]","[0.7885717153549194, 0.7803876399993896, 0.7722190022468567, 0.771699070930481, 0.7707080841064453]"
a176a27c-5514-46e8-8fe4-3871c7982706,Surgery,0.2158203125,0.75390625,0.0177001953125,0.01220703125,True,B,0.12121987342834473,medmcqa_1,"['PBMD', 'PBMD', 'PBMD', 'PBMD', 'STAT']","[467572377854818701, 467572377852324238, 467572377852249612, 467572377852254941, 467572377850315257]","[0.8114947080612183, 0.8073527812957764, 0.7994037866592407, 0.7891945242881775, 0.7877434492111206]"
dcb2ad3a-cefa-4fde-9b24-b694b287f9d7,Surgery,0.1318359375,0.1318359375,0.458984375,0.27734375,False,D,0.17154288291931152,medmcqa_1,"['PBMD', 'PBMD', 'PBMD', 'PBMD', 'PBMD']","[467572377853747215, 467572377856218516, 467572377852441107, 467572377852887270, 467572377856078743]","[0.815558671951294, 0.7999032735824585, 0.7951470613479614, 0.7941812872886658, 0.7940549850463867]"
2f41338e-aea5-444f-9745-5208a6d9fb9a,Surgery,0.004913330078125,0.9921875,0.00080108642578125,0.000354766845703125,True,B,0.08112835884094238,medmcqa_1,"['STAT', 'STAT', 'STAT', 'STAT', 'PBMD']","[467572377850229168, 467572377850229185, 467572377850328501, 467572377850225885, 467572377854063741]","[0.813610315322876, 0.7936242818832397, 0.7879071235656738, 0.7863550782203674, 0.7859588265419006]"
c25d4907-49a0-4104-83d2-df515cdcf676,Surgery,0.01318359375,0.984375,0.000957489013671875,0.000156402587890625,True,B,0.11394357681274414,medmcqa_1,"['STAT', 'STAT', 'STAT', 'STAT', 'PBMD']","[467572377850756422, 467572377850756423, 467572377850634927, 467572377850685497, 467572377853396877]","[0.8310563564300537, 0.8018389344215393, 0.7967415452003479, 0.7954965829849243, 0.7952663898468018]"
bf67324d-93dd-41a4-919b-313088e3a495,Surgery,0.294921875,0.203125,0.123046875,0.37890625,False,C,0.16641521453857422,medmcqa_1,"['STAT', 'PBMD', 'STAT', 'PBMD', 'PBMD']","[467572377850657244, 467572377855291554, 467572377850669194, 467572377852254150, 467572377854688389]","[0.8242902159690857, 0.785393238067627, 0.7853190898895264, 0.7824481129646301, 0.7817369699478149]"
e3b365b5-231a-4439-900a-c2cd741266a1,Anatomy,0.73828125,0.1279296875,0.08837890625,0.04443359375,True,A,0.14095592498779297,medmcqa_1,"['PBMD', 'PBMD', 'PBMD', 'PBMD', 'PBMD']","[467572377854456894, 467572377856866140, 467572377856266852, 467572377854265754, 467572377852076477]","[0.84117591381073, 0.8273159861564636, 0.8206504583358765, 0.8188153505325317, 0.8182284832000732]"
d0aaea50-8928-4b40-ad20-7161f679bbc0,Anatomy,0.291015625,0.310546875,0.310546875,0.0888671875,False,A,0.1972649097442627,medmcqa_1,"['PBMD', 'PBMD', 'PBMD', 'PBMD', 'PBMD']","[467572377854912047, 467572377853269303, 467572377852202730, 467572377852993808, 467572377852778338]","[0.7492194175720215, 0.7489115595817566, 0.748000979423523, 0.7475967407226562, 0.7466574311256409]"
22ab08db-3408-4b27-8a6c-3da3985f71b9,Anatomy,0.047119140625,0.609375,0.2890625,0.053466796875,True,B,0.16691064834594727,medmcqa_1,"['TEXT', 'PBMD', 'PBMD', 'TEXT', 'PBMD']","[467523489549992288, 467572377856482592, 467572377852267332, 467523489549700172, 467572377856622112]","[0.8052653074264526, 0.8049913048744202, 0.8049613833427429, 0.8047663569450378, 0.803217351436615]"
04b5defc-1a24-4b6f-b647-4f87f2f82fe0,Anatomy,0.86328125,0.0908203125,0.03564453125,0.00958251953125,False,B,0.1126859188079834,medmcqa_1,"['STAT', 'STAT', 'STAT', 'PBMD', 'PBMD']","[467572377850256733, 467572377850259087, 467572377850386355, 467572377855744941, 467572377855348086]","[0.797886312007904, 0.7851523160934448, 0.7834175825119019, 0.7818456292152405, 0.7708007097244263]"
13088525-20c1-4b21-8fba-f48097969211,Anatomy,0.1943359375,0.72265625,0.059326171875,0.023193359375,True,B,0.2157301902770996,medmcqa_1,"['PBMD', 'PBMD', 'TEXT', 'PBMD', 'PBMD']","[467572377853089261, 467572377855106819, 467523489549960143, 467572377852517216, 467572377853063927]","[0.7675109505653381, 0.7639575600624084, 0.7612712383270264, 0.7610049843788147, 0.7608678340911865]"
27a55dd4-2931-4c86-ba40-7f3b341c9b34,Anatomy,0.07275390625,0.0184326171875,0.0208740234375,0.88671875,True,D,0.125044584274292,medmcqa_1,"['STAT', 'PBMD', 'PBMD', 'TEXT', 'STAT']","[467572377850303212, 467572377853502826, 467572377852163480, 467523489549687712, 467572377850321153]","[0.7886824011802673, 0.7884491682052612, 0.7837543487548828, 0.7813317179679871, 0.7813287377357483]"
808e56de-bf9d-4a6d-acbe-e27ef3880361,Anatomy,0.1796875,0.5546875,0.26171875,0.00396728515625,True,B,0.17493009567260742,medmcqa_1,"['TEXT', 'PBMD', 'PBMD', 'PBMD', 'PBMD']","[467523489549676923, 467572377853364253, 467572377855530336, 467572377855589284, 467572377852935363]","[0.8110424280166626, 0.8061042428016663, 0.7999560236930847, 0.7947933673858643, 0.7825474143028259]"
47ef5a0a-7625-49dd-bda3-819f6df9799e,Anatomy,0.07080078125,0.1318359375,0.7578125,0.037841796875,True,C,0.12238001823425293,medmcqa_1,"['STAT', 'STAT', 'PBMD', 'STAT', 'PBMD']","[467572377850402625, 467572377850402620, 467572377854556438, 467572377850738954, 467572377854244516]","[0.8000690937042236, 0.7784762382507324, 0.77605140209198, 0.7730945348739624, 0.7657504677772522]"
42c3b6ae-45e3-405f-b8bd-fa6a17924c6b,Anatomy,0.00141143798828125,1.0,0.0001316070556640625,0.000148773193359375,True,B,0.16853761672973633,medmcqa_1,"['PBMD', 'PBMD', 'PBMD', 'PBMD', 'PBMD']","[467572377854505301, 467572377852446604, 467572377856491195, 467572377854136625, 467572377854429421]","[0.8240192532539368, 0.8209565281867981, 0.8125531673431396, 0.8088407516479492, 0.8081567883491516]"
498c56bd-94f3-48de-b981-5c6400ee5700,Anatomy,0.0654296875,0.00830078125,0.0225830078125,0.90234375,True,D,0.15479731559753418,medmcqa_1,"['PBMD', 'PBMD', 'PBMD', 'STAT', 'PBMD']","[467572377854936372, 467572377855434603, 467572377853892313, 467572377850308625, 467572377856887878]","[0.8022990226745605, 0.7823665738105774, 0.7683117389678955, 0.7682397365570068, 0.7681920528411865]"
4a073cec-41b0-49ef-aa57-a010c2bfe5d9,Anatomy,0.1875,0.03466796875,0.036865234375,0.7421875,True,D,0.20720314979553223,medmcqa_1,"['PBMD', 'TEXT', 'TEXT', 'PBMD', 'PBMD']","[467572377853101343, 467523489549988701, 467523489549960144, 467572377854889657, 467572377853543697]","[0.7987625002861023, 0.787228524684906, 0.7855862379074097, 0.7781875133514404, 0.7766017913818359]"
f1457bfc-13d3-40bb-9ad9-c6ec7f6c00dd,Anatomy,0.00262451171875,0.99609375,0.00080108642578125,0.00080108642578125,True,B,0.13898015022277832,medmcqa_1,"['STAT', 'STAT', 'STAT', 'PBMD', 'STAT']","[467572377850321948, 467572377850665324, 467572377850392643, 467572377853998150, 467572377850665331]","[0.8270306587219238, 0.8190584778785706, 0.816267728805542, 0.812920331954956, 0.8126270174980164]"
f955fff3-f4ec-41be-a119-a43e2024120e,Anatomy,0.0732421875,0.064453125,0.8359375,0.02685546875,True,C,0.1524214744567871,medmcqa_1,"['STAT', 'STAT', 'STAT', 'PBMD', 'PBMD']","[467572377850644361, 467572377850714286, 467572377850358105, 467572377852205411, 467572377854419102]","[0.8347485065460205, 0.8305783271789551, 0.8294805288314819, 0.8220922946929932, 0.8168778419494629]"
eb5d2e40-c7b7-4de2-a394-26b3ce685746,Anatomy,0.9921875,0.00139617919921875,0.0037994384765625,0.004302978515625,True,A,0.16928887367248535,medmcqa_1,"['TEXT', 'PBMD', 'PBMD', 'STAT', 'STAT']","[467523489550008953, 467572377855742481, 467572377855925499, 467572377850348684, 467572377850652597]","[0.7775118947029114, 0.7768362164497375, 0.7748188972473145, 0.7743747234344482, 0.7713832259178162]"
a28512ef-dd2c-48f1-9033-95c1d84daf47,Anatomy,0.26953125,0.126953125,0.0322265625,0.5703125,False,B,0.14443612098693848,medmcqa_1,"['PBMD', 'TEXT', 'TEXT', 'PBMD', 'TEXT']","[467572377855189765, 467523489549950008, 467523489549950034, 467572377853790762, 467523489549989207]","[0.7876975536346436, 0.7786769866943359, 0.7751888036727905, 0.7736495137214661, 0.7730455994606018]"
433889ad-6b7a-4b52-b45d-2e2379f81d5e,Anatomy,0.01318359375,0.040771484375,0.92578125,0.0205078125,True,C,0.0927116870880127,medmcqa_1,"['STAT', 'STAT', 'TEXT', 'STAT', 'STAT']","[467572377850777606, 467572377850296599, 467523489549676095, 467572377850775499, 467572377850345646]","[0.7806131839752197, 0.7740123271942139, 0.7521235942840576, 0.7341394424438477, 0.733443021774292]"
82d43b40-d7e9-427f-8870-81445cc14391,Anatomy,0.193359375,0.263671875,0.3828125,0.16015625,False,A,0.16301202774047852,medmcqa_1,"['PBMD', 'PBMD', 'PBMD', 'TEXT', 'PBMD']","[467572377855636617, 467572377855004131, 467572377853512337, 467523489549676296, 467572377854146893]","[0.7853370904922485, 0.758827805519104, 0.7565878629684448, 0.7527463436126709, 0.7520571947097778]"
2dc17e8f-306a-433c-995c-9903dcaf4ccc,Anatomy,0.07666015625,0.7734375,0.030029296875,0.11865234375,False,D,0.23519301414489746,medmcqa_1,"['PBMD', 'PBMD', 'PBMD', 'PBMD', 'PBMD']","[467572377853782489, 467572377856279850, 467572377855815998, 467572377853277963, 467572377852781641]","[0.7988117933273315, 0.7954082489013672, 0.7903835773468018, 0.7834933400154114, 0.7825210094451904]"
8cc0f461-86ab-4fdf-97f4-194da3dc5e26,Anatomy,0.0108642578125,0.0625,0.00897216796875,0.91796875,True,D,0.15604329109191895,medmcqa_1,"['TEXT', 'TEXT', 'TEXT', 'PBMD', 'PBMD']","[467523489549698947, 467523489549698865, 467523489549698949, 467572377852311440, 467572377852752587]","[0.7892323732376099, 0.7806591391563416, 0.7722830772399902, 0.766014814376831, 0.7583092451095581]"
8ba2ca7c-9ae4-4771-9e9c-0e44250ca6b5,Anatomy,0.0830078125,0.578125,0.30859375,0.0306396484375,True,B,0.1379997730255127,medmcqa_1,"['PBMD', 'PBMD', 'PBMD', 'PBMD', 'PBMD']","[467572377853779529, 467572377856331130, 467572377853108661, 467572377854797621, 467572377853301368]","[0.7860743403434753, 0.7858411073684692, 0.774169385433197, 0.7710162401199341, 0.7631096839904785]"
81a24a92-4459-4999-9c49-6ee91a6182a3,Forensic Medicine,0.09912109375,0.345703125,0.392578125,0.1630859375,True,C,0.10026025772094727,medmcqa_1,"['STAT', 'PBMD', 'STAT', 'STAT', 'PBMD']","[467572377850405945, 467572377853095536, 467572377850713338, 467572377850390956, 467572377856777358]","[0.7858266234397888, 0.7719151973724365, 0.7711559534072876, 0.7708556652069092, 0.7679493427276611]"
5ba07589-bec7-4600-b1a2-93beb50dbc17,Forensic Medicine,0.12109375,0.13671875,0.19921875,0.54296875,False,B,0.1914196014404297,medmcqa_1,"['PBMD', 'PBMD', 'PBMD', 'PBMD', 'PBMD']","[467572377853105272, 467572377855837961, 467572377852199532, 467572377854379649, 467572377852273122]","[0.7604947090148926, 0.7589408159255981, 0.7547469139099121, 0.7544752955436707, 0.7538031339645386]"
9323af0c-ce73-4fcd-9646-88c87ea5d0f7,Forensic Medicine,0.11865234375,0.033935546875,0.7734375,0.072265625,False,A,0.17080068588256836,medmcqa_1,"['PBMD', 'PBMD', 'PBMD', 'PBMD', 'PBMD']","[467572377853993123, 467572377854932014, 467572377854875944, 467572377854890739, 467572377852525633]","[0.7694332003593445, 0.769016444683075, 0.7658376693725586, 0.7640266418457031, 0.7624226212501526]"
cfa28a58-dd1f-4852-b34f-d150a9fd9011,Forensic Medicine,0.169921875,0.0277099609375,0.76171875,0.040283203125,False,D,0.16727828979492188,medmcqa_1,"['PBMD', 'PBMD', 'PBMD', 'PBMD', 'PBMD']","[467572377854126735, 467572377856722817, 467572377853865514, 467572377854859873, 467572377854643740]","[0.7683058977127075, 0.7646451592445374, 0.7597514390945435, 0.7552186846733093, 0.7544879913330078]"
34d20a1d-da67-4205-b8c7-981dc313289f,Forensic Medicine,0.0284423828125,0.94140625,0.022216796875,0.00677490234375,False,A,0.13713693618774414,medmcqa_1,"['PBMD', 'PBMD', 'PBMD', 'PBMD', 'PBMD']","[467572377856217458, 467572377854771940, 467572377854742945, 467572377852756314, 467572377855761606]","[0.7440803647041321, 0.7415187954902649, 0.7394370436668396, 0.7330489158630371, 0.7283713221549988]"
2ab8b27b-1646-4886-8378-f2f11f84a79e,Forensic Medicine,0.0198974609375,0.010009765625,0.9609375,0.010009765625,True,C,0.09171676635742188,medmcqa_1,"['PBMD', 'STAT', 'PBMD', 'STAT', 'STAT']","[467572377850918589, 467572377850777720, 467572377854111137, 467572377850695057, 467572377850282303]","[0.7337394952774048, 0.7304382920265198, 0.7298793792724609, 0.7286195158958435, 0.727706789970398]"
78fc72f1-b950-427c-aa07-fe36d04d8c42,Forensic Medicine,0.8828125,0.06787109375,0.0283203125,0.0220947265625,True,A,0.12172985076904297,medmcqa_1,"['PBMD', 'PBMD', 'PBMD', 'PBMD', 'PBMD']","[467572377852263080, 467572377850917872, 467572377856128013, 467572377854904284, 467572377852242139]","[0.7894420623779297, 0.7291757464408875, 0.7263957262039185, 0.7259488105773926, 0.7239119410514832]"
2cc86d26-ec8a-43f8-8fa8-bd56054db9f2,Forensic Medicine,0.19921875,0.13671875,0.54296875,0.12109375,False,B,0.1420879364013672,medmcqa_1,"['PBMD', 'PBMD', 'PBMD', 'PBMD', 'PBMD']","[467572377850980322, 467572377854878982, 467572377852237130, 467572377853778462, 467572377852092994]","[0.7782446146011353, 0.7717446684837341, 0.7686044573783875, 0.7676934003829956, 0.7665860652923584]"
b7d8bd74-0651-43ca-9284-f29321e22628,Forensic Medicine,0.87109375,0.046142578125,0.059326171875,0.024658203125,True,A,0.0938575267791748,medmcqa_1,"['PBMD', 'PBMD', 'PBMD', 'PBMD', 'PBMD']","[467572377856355168, 467572377852856921, 467572377854778138, 467572377856438341, 467572377854356417]","[0.8106390237808228, 0.7914509773254395, 0.7850139141082764, 0.7836642265319824, 0.7818974256515503]"
132fec12-271f-4778-93af-042d6ec32a22,Forensic Medicine,0.3359375,0.23046875,0.23046875,0.203125,True,A,0.15088391304016113,medmcqa_1,"['PBMD', 'PBMD', 'PBMD', 'PBMD', 'PBMD']","[467572377850855138, 467572377856077383, 467572377852331507, 467572377855799828, 467572377852092821]","[0.7814720273017883, 0.7752630710601807, 0.7726506590843201, 0.7720569968223572, 0.7717446088790894]"
27eecec7-69c5-40bd-9d90-c19e43acc9a3,Forensic Medicine,0.055908203125,0.6796875,0.0810546875,0.1826171875,False,A,0.08727431297302246,medmcqa_1,"['PBMD', 'TEXT', 'PBMD', 'PBMD', 'PBMD']","[467572377855022433, 467523489549959630, 467572377853498103, 467572377855652561, 467572377855039138]","[0.7576305866241455, 0.7560502290725708, 0.752892017364502, 0.7523475289344788, 0.7499138116836548]"
b317f77b-62b2-4ad9-a520-3bdbe0c37f47,Forensic Medicine,0.10400390625,0.63671875,0.2197265625,0.04052734375,True,B,0.11439204216003418,medmcqa_1,"['PBMD', 'PBMD', 'PBMD', 'PBMD', 'PBMD']","[467572377852536393, 467572377853168904, 467572377850989790, 467572377852189870, 467572377852501537]","[0.7518587112426758, 0.7512811422348022, 0.7436766624450684, 0.7419050931930542, 0.7415286302566528]"
2ae293df-8147-46d5-bd46-b913a95c2593,Forensic Medicine,0.68359375,0.22265625,0.08203125,0.01104736328125,False,B,0.2236039638519287,medmcqa_1,"['PBMD', 'PBMD', 'PBMD', 'PBMD', 'PBMD']","[467572377856595953, 467572377855094730, 467572377855197356, 467572377856617988, 467572377852544300]","[0.7804151773452759, 0.7778218984603882, 0.7757834196090698, 0.7753216028213501, 0.7748013138771057]"
3a99eeb5-973d-4468-bf41-4111c70ec9ff,Forensic Medicine,0.10498046875,0.0634765625,0.05615234375,0.7734375,False,A,0.11490130424499512,medmcqa_1,"['PBMD', 'PBMD', 'PBMD', 'PBMD', 'PBMD']","[467572377853785341, 467572377852943300, 467572377853684175, 467572377853990899, 467572377852750495]","[0.7719939351081848, 0.758381187915802, 0.7563484907150269, 0.74864661693573, 0.7448962926864624]"
15f7993b-1b86-400a-83c1-a91417ab640c,Forensic Medicine,0.9765625,0.01904296875,0.004241943359375,0.000946044921875,True,A,0.12274575233459473,medmcqa_1,"['PBMD', 'PBMD', 'PBMD', 'PBMD', 'PBMD']","[467572377852079001, 467572377852915675, 467572377853580349, 467572377853289575, 467572377853004908]","[0.7869666218757629, 0.7798366546630859, 0.7606733441352844, 0.7559916973114014, 0.7550321817398071]"
e48eccc3-3935-4cdc-90a7-4aebfaa3e76e,Forensic Medicine,0.36328125,0.220703125,0.220703125,0.1943359375,True,A,0.18626785278320312,medmcqa_1,"['PBMD', 'PBMD', 'PBMD', 'PBMD', 'PBMD']","[467572377856367992, 467572377853168904, 467572377853994654, 467572377852121817, 467572377852272471]","[0.7311251759529114, 0.7292752861976624, 0.729121744632721, 0.728948712348938, 0.7195642590522766]"
519a4ff4-7e05-455a-b8dd-edd85636dccf,Forensic Medicine,0.58203125,0.3125,0.044921875,0.061279296875,False,C,0.2339308261871338,medmcqa_1,"['PBMD', 'STAT', 'PBMD', 'PBMD', 'PBMD']","[467572377853085054, 467572377850390940, 467572377854660231, 467572377852807883, 467572377853269486]","[0.8156152963638306, 0.8143099546432495, 0.8063541650772095, 0.8054865598678589, 0.8022266030311584]"
864ebcb5-85f5-45eb-a209-5d14ef53e787,Forensic Medicine,0.10205078125,0.10205078125,0.0400390625,0.75390625,False,B,0.12436842918395996,medmcqa_1,"['PBMD', 'PBMD', 'PBMD', 'PBMD', 'PBMD']","[467572377855358090, 467572377852599025, 467572377856279181, 467572377853098337, 467572377856240877]","[0.7392040491104126, 0.7379714250564575, 0.7352361083030701, 0.7327365875244141, 0.7326978445053101]"
7654b57a-4955-4f89-a828-a8c82995f619,Forensic Medicine,0.1904296875,0.51953125,0.16796875,0.123046875,True,B,0.11980772018432617,medmcqa_1,"['PBMD', 'PBMD', 'PBMD', 'PBMD', 'PBMD']","[467572377854124929, 467572377856777322, 467572377855032920, 467572377855066790, 467572377854779082]","[0.7721868753433228, 0.7438235282897949, 0.7428271770477295, 0.7404968738555908, 0.7390331029891968]"
8a63cb8d-20f8-40ea-ba34-12b9583c9224,Forensic Medicine,0.025390625,0.953125,0.00994873046875,0.01129150390625,True,B,0.14176416397094727,medmcqa_1,"['PBMD', 'PBMD', 'PBMD', 'PBMD', 'PBMD']","[467572377856428061, 467572377854973188, 467572377854232083, 467572377854126206, 467572377854103469]","[0.7959035038948059, 0.7927195429801941, 0.7918842434883118, 0.7916086912155151, 0.7885415554046631]"
3171c368-25b8-4025-b7ae-ef22cc2f3f8c,Biochemistry,0.0033721923828125,0.000850677490234375,0.00080108642578125,0.99609375,True,D,0.15324616432189941,medmcqa_1,"['PBMD', 'PBMD', 'PBMD', 'PBMD', 'PBMD']","[467572377853907760, 467572377853052629, 467572377853319981, 467572377853667051, 467572377855998779]","[0.783759355545044, 0.7818673849105835, 0.7803379893302917, 0.7770223617553711, 0.7741562128067017]"
1f5885bd-7146-46de-87b8-f32ae199ce7c,Biochemistry,0.91015625,0.07470703125,0.01470947265625,0.001983642578125,True,A,0.17877697944641113,medmcqa_1,"['PBMD', 'PBMD', 'PBMD', 'PBMD', 'PBMD']","[467572377850894249, 467572377854064761, 467572377854190785, 467572377853501236, 467572377855981798]","[0.79991614818573, 0.7950459122657776, 0.7939601540565491, 0.7902799248695374, 0.7875944972038269]"
b941a672-c231-45ad-a086-11c1726a8d09,Biochemistry,0.00096893310546875,1.0,9.012222290039062e-05,0.0002460479736328125,True,B,0.12494373321533203,medmcqa_1,"['TEXT', 'STAT', 'TEXT', 'TEXT', 'TEXT']","[467523489549946781, 467572377850627333, 467523489549958503, 467523489549958507, 467523489549711383]","[0.8129760026931763, 0.7828559279441833, 0.7802683115005493, 0.7762800455093384, 0.7734199166297913]"
54054782-8948-4be1-861f-dd67a24a5b9c,Biochemistry,0.1865234375,0.61328125,0.064453125,0.13671875,True,B,0.1655101776123047,medmcqa_1,"['PBMD', 'PBMD', 'PBMD', 'PBMD', 'PBMD']","[467572377853246676, 467572377853835466, 467572377853524802, 467572377854345481, 467572377856111706]","[0.8227038383483887, 0.817314624786377, 0.8164698481559753, 0.8079615831375122, 0.8011413216590881]"
bd5b9ca9-7065-4c91-8a54-26c8d3a34501,Biochemistry,0.28125,0.46484375,0.181640625,0.0712890625,False,C,0.31978368759155273,medmcqa_1,"['PBMD', 'PBMD', 'PBMD', 'PBMD', 'PBMD']","[467572377854820531, 467572377854298521, 467572377854299854, 467572377853914991, 467572377850877927]","[0.8179610967636108, 0.8157899379730225, 0.8142989277839661, 0.8140349388122559, 0.8039693236351013]"
20445700-6fe0-4e44-b27c-561d580c5ea9,Biochemistry,0.2109375,0.14453125,0.5703125,0.07275390625,False,B,0.1089622974395752,medmcqa_1,"['STAT', 'STAT', 'STAT', 'STAT', 'TEXT']","[467572377850711228, 467572377850745135, 467572377850269524, 467572377850704471, 467523489549991756]","[0.8058039546012878, 0.7979134917259216, 0.7864071726799011, 0.784095048904419, 0.7831119298934937]"
d0de8433-05e9-4391-ad03-5b228436ccd5,Biochemistry,0.0238037109375,0.015380859375,0.953125,0.00775146484375,True,C,0.17177700996398926,medmcqa_1,"['TEXT', 'PBMD', 'PBMD', 'PBMD', 'PBMD']","[467523489549686341, 467572377854340622, 467572377852330558, 467572377855148217, 467572377854336565]","[0.772918701171875, 0.7659569978713989, 0.7633804678916931, 0.7610312700271606, 0.7591162919998169]"
ad5ec8c2-dd73-4a3e-8904-8675c689bca2,Biochemistry,0.0703125,0.06201171875,0.85546875,0.0101318359375,True,C,0.1547565460205078,medmcqa_1,"['STAT', 'PBMD', 'PBMD', 'PBMD', 'PBMD']","[467572377850789706, 467572377854240142, 467572377853210639, 467572377853336727, 467572377854718701]","[0.8310436010360718, 0.8303786516189575, 0.8265023827552795, 0.8243919610977173, 0.8239563703536987]"
2c0bfd6d-2451-4961-8155-6c0a739e7f1c,Biochemistry,0.032470703125,0.03662109375,0.04150390625,0.890625,True,D,0.14463019371032715,medmcqa_1,"['TEXT', 'PBMD', 'TEXT', 'TEXT', 'TEXT']","[467523489549678797, 467572377853420600, 467523489549680798, 467523489549678734, 467523489549686000]","[0.8250260353088379, 0.8072428703308105, 0.8071066737174988, 0.8061873316764832, 0.8059239387512207]"
c36f9d0a-bcf4-44c2-93ef-0f83d3387664,Biochemistry,0.1650390625,0.0303955078125,0.0196533203125,0.78515625,True,D,0.11314630508422852,medmcqa_1,"['TEXT', 'PBMD', 'PBMD', 'PBMD', 'STAT']","[467523489549678013, 467572377854751884, 467572377853062346, 467572377854521546, 467572377850398249]","[0.809973955154419, 0.8084347248077393, 0.7931487560272217, 0.7923845052719116, 0.7885443568229675]"
9ca33423-8e19-4c59-9f3b-c4240d97ee3e,Biochemistry,0.8828125,0.05322265625,0.01519775390625,0.046875,True,A,0.09865427017211914,medmcqa_1,"['PBMD', 'PBMD', 'PBMD', 'TEXT', 'PBMD']","[467572377850962276, 467572377856900565, 467572377854713509, 467523489549711314, 467572377855015643]","[0.8000181913375854, 0.7975953817367554, 0.7975308299064636, 0.7885808348655701, 0.7770106792449951]"
3624dceb-9318-4aa7-add1-b4c2fbac3065,Biochemistry,0.94140625,0.03662109375,0.0184326171875,0.0019378662109375,True,A,0.16877460479736328,medmcqa_1,"['PBMD', 'PBMD', 'PBMD', 'PBMD', 'PBMD']","[467572377853739883, 467572377853703584, 467572377853876302, 467572377853704698, 467572377854555714]","[0.7969321012496948, 0.7882777452468872, 0.7852402925491333, 0.7809560298919678, 0.7801951169967651]"
6167ceda-f896-4511-a570-ae19f725e1e7,Biochemistry,0.05859375,0.9140625,0.009521484375,0.0167236328125,True,B,0.19284749031066895,medmcqa_1,"['PBMD', 'PBMD', 'PBMD', 'PBMD', 'PBMD']","[467572377854860251, 467572377852309225, 467572377852276861, 467572377854235432, 467572377850961234]","[0.7763784527778625, 0.7747105360031128, 0.7677345871925354, 0.7676778435707092, 0.7660175561904907]"
c2b92bd3-f89c-429e-be8d-25d2d6c5806e,Biochemistry,0.0029754638671875,0.99609375,0.00058746337890625,0.0002765655517578125,True,B,0.16535401344299316,medmcqa_1,"['PBMD', 'STAT', 'PBMD', 'STAT', 'PBMD']","[467572377854391736, 467572377850728569, 467572377855039733, 467572377850728581, 467572377854400821]","[0.8396614789962769, 0.8328828811645508, 0.8217630982398987, 0.8098407983779907, 0.8086972236633301]"
4bfec2de-e6e7-41c6-bbe9-3dc864f9d719,Biochemistry,0.01129150390625,0.03271484375,0.95703125,0.00077056884765625,True,C,0.14438152313232422,medmcqa_1,"['PBMD', 'PBMD', 'PBMD', 'PBMD', 'PBMD']","[467572377853582697, 467572377853157375, 467572377855062146, 467572377854486561, 467572377852342994]","[0.8092333674430847, 0.8018762469291687, 0.7960711717605591, 0.7915323376655579, 0.7914548516273499]"
31b780dc-dc96-470b-a6be-55d4b668ba51,Biochemistry,0.76171875,0.0908203125,0.0157470703125,0.1318359375,True,A,0.22766923904418945,medmcqa_1,"['STAT', 'PBMD', 'PBMD', 'PBMD', 'PBMD']","[467572377850394405, 467572377856729136, 467572377856729137, 467572377856718253, 467572377854128112]","[0.7991302013397217, 0.7836245894432068, 0.7818799614906311, 0.7733415365219116, 0.7698242664337158]"
f1b944e7-35c7-4ae3-aea7-3cd1d32e5249,Biochemistry,0.07763671875,0.028564453125,0.88671875,0.0072021484375,True,C,0.12543034553527832,medmcqa_1,"['STAT', 'STAT', 'PBMD', 'PBMD', 'PBMD']","[467572377850747477, 467572377850747465, 467572377856255755, 467572377853922409, 467572377853733950]","[0.7775918245315552, 0.7730254530906677, 0.7679640650749207, 0.7667760848999023, 0.7639767527580261]"
399563b2-ad18-41a9-82bc-3d49e1642fd9,Biochemistry,0.10693359375,0.291015625,0.54296875,0.057373046875,True,C,0.1118159294128418,medmcqa_1,"['PBMD', 'PBMD', 'PBMD', 'PBMD', 'PBMD']","[467572377853687109, 467572377852910898, 467572377854804002, 467572377852887581, 467572377853192514]","[0.8119727969169617, 0.7876846194267273, 0.7876451015472412, 0.7865462303161621, 0.785757303237915]"
0ae79405-095f-47c3-8fa6-e61495e66324,Biochemistry,0.01226806640625,0.00897216796875,0.0024261474609375,0.9765625,True,D,0.14999628067016602,medmcqa_1,"['PBMD', 'STAT', 'STAT', 'TEXT', 'TEXT']","[467572377852323127, 467572377850728797, 467572377850354720, 467523489549679644, 467523489549677620]","[0.7659617066383362, 0.7527450323104858, 0.7476558089256287, 0.7475831508636475, 0.7441156506538391]"
9bf68fe9-789d-4021-aaf4-d39fa49b302c,Biochemistry,0.97265625,0.021484375,0.001556396484375,0.0025634765625,True,A,0.14282679557800293,medmcqa_1,"['PBMD', 'TEXT', 'PBMD', 'PBMD', 'PBMD']","[467572377856516902, 467523489549711382, 467572377852585357, 467572377855612924, 467572377855889499]","[0.7845469117164612, 0.7780044078826904, 0.7779926061630249, 0.7772226929664612, 0.7747020125389099]"
e1cf9f3f-2fd8-40e3-96c3-1a6ecb016b22,Physiology,0.154296875,0.57421875,0.047119140625,0.224609375,False,A,0.2237405776977539,medmcqa_1,"['PBMD', 'PBMD', 'PBMD', 'PBMD', 'PBMD']","[467572377852185306, 467572377855386655, 467572377855514804, 467572377854522005, 467572377854359515]","[0.7851762175559998, 0.7837055325508118, 0.7774310111999512, 0.7772901058197021, 0.7770757675170898]"
5a4d6226-a00e-45c0-bc74-5b1c718b1620,Physiology,0.98828125,0.006683349609375,0.0023040771484375,0.000797271728515625,True,A,0.1754622459411621,medmcqa_1,"['PBMD', 'PBMD', 'PBMD', 'PBMD', 'PBMD']","[467572377852540243, 467572377852850970, 467572377852177935, 467572377853762433, 467572377852291825]","[0.7818571925163269, 0.7698752880096436, 0.7667573690414429, 0.7643007040023804, 0.7629115581512451]"
0b1e3ca7-b56b-4c9c-a660-2ff1a12393b1,Physiology,0.00335693359375,0.9921875,0.004302978515625,0.000659942626953125,True,B,0.19349026679992676,medmcqa_1,"['PBMD', 'PBMD', 'PBMD', 'PBMD', 'PBMD']","[467572377852531848, 467572377855912590, 467572377856344151, 467572377853384808, 467572377852264618]","[0.756598949432373, 0.7522348165512085, 0.7506977319717407, 0.7434461116790771, 0.7424747347831726]"
6bfb7ced-ef9e-4df7-ae35-ce5699bbc7a5,Physiology,0.07177734375,0.1181640625,0.7734375,0.038330078125,True,C,0.23192286491394043,medmcqa_1,"['PBMD', 'PBMD', 'PBMD', 'PBMD', 'PBMD']","[467572377854404658, 467572377853205307, 467572377855252754, 467572377854412398, 467572377853231871]","[0.7985277771949768, 0.7918082475662231, 0.7896156311035156, 0.7889888286590576, 0.7889666557312012]"
7c8d5c20-9868-406d-a987-2d8027acffa1,Physiology,0.006011962890625,0.94921875,0.041748046875,0.002838134765625,True,B,0.10099196434020996,medmcqa_1,"['STAT', 'PBMD', 'STAT', 'PBMD', 'STAT']","[467572377850346278, 467572377854891830, 467572377850357301, 467572377852739953, 467572377850313629]","[0.8189001083374023, 0.7782901525497437, 0.7739671468734741, 0.7739643454551697, 0.7727696299552917]"
c5641329-23a5-4f95-a7c9-3be2882bcbcf,Physiology,0.07763671875,0.09375,0.78515625,0.041748046875,True,C,0.12547993659973145,medmcqa_1,"['STAT', 'PBMD', 'STAT', 'PBMD', 'TEXT']","[467572377850788143, 467572377856363865, 467572377850744323, 467572377850918589, 467523489549679037]","[0.7677773833274841, 0.7510601282119751, 0.7509654760360718, 0.7494519948959351, 0.7494182586669922]"
261c602e-7e6f-4cf8-9231-13182b2db849,Physiology,0.1630859375,0.208984375,0.5,0.126953125,False,B,0.28696322441101074,medmcqa_1,"['TEXT', 'PBMD', 'PBMD', 'PBMD', 'PBMD']","[467523489549988446, 467572377854230968, 467572377853199335, 467572377854398881, 467572377852849599]","[0.7895244359970093, 0.782849133014679, 0.7804769277572632, 0.7803611159324646, 0.7800202369689941]"
64400a13-aab9-46fd-8609-ac725bb8e72e,Physiology,0.07666015625,0.111328125,0.7265625,0.08642578125,True,C,0.16611075401306152,medmcqa_1,"['STAT', 'TEXT', 'TEXT', 'PBMD', 'TEXT']","[467572377850726737, 467523489549991623, 467523489549991359, 467572377854772326, 467523489549991378]","[0.8008593320846558, 0.789911150932312, 0.7658353447914124, 0.7643915414810181, 0.7636187076568604]"
ef7dd5a4-386f-45e2-aa47-b2e9835f7169,Physiology,0.169921875,0.10302734375,0.05517578125,0.671875,True,D,0.16867613792419434,medmcqa_1,"['PBMD', 'PBMD', 'TEXT', 'PBMD', 'STAT']","[467572377854527448, 467572377856439236, 467523489549989508, 467572377853110061, 467572377850635289]","[0.791953980922699, 0.7604113817214966, 0.7577046155929565, 0.7555502653121948, 0.7545781135559082]"
7bc79566-0465-4612-a072-878afe214190,Physiology,0.00897216796875,0.0101318359375,0.9140625,0.06640625,True,C,0.15220236778259277,medmcqa_1,"['TEXT', 'TEXT', 'STAT', 'PBMD', 'PBMD']","[467523489549988778, 467523489549950130, 467572377850407191, 467572377852046232, 467572377855731780]","[0.7967809438705444, 0.790846049785614, 0.7907022833824158, 0.7883283495903015, 0.7833830714225769]"
7d9967cf-83ed-4796-be25-4c0637193d4c,Physiology,0.283203125,0.6015625,0.038330078125,0.07666015625,True,B,0.26494765281677246,medmcqa_1,"['PBMD', 'PBMD', 'PBMD', 'PBMD', 'PBMD']","[467572377856805386, 467572377854476730, 467572377853315844, 467572377854443062, 467572377854324723]","[0.8001039028167725, 0.7945342063903809, 0.7931385040283203, 0.7882070541381836, 0.7879805564880371]"
75037cd8-82e0-4544-b8b4-39b0c3c894e8,Physiology,0.05419921875,0.66015625,0.00830078125,0.275390625,False,D,0.23112845420837402,medmcqa_1,"['PBMD', 'PBMD', 'PBMD', 'PBMD', 'PBMD']","[467572377852253080, 467572377852250275, 467572377850903147, 467572377852128452, 467572377855029617]","[0.8092920780181885, 0.8013014197349548, 0.8008315563201904, 0.7988207340240479, 0.7952066659927368]"
4eb2c660-2893-450f-957c-536b6a6f9b3d,Physiology,0.10400390625,0.021728515625,0.87109375,0.004852294921875,True,C,0.17211341857910156,medmcqa_1,"['PBMD', 'STAT', 'PBMD', 'PBMD', 'PBMD']","[467572377853123060, 467572377850746687, 467572377853504113, 467572377854777907, 467572377854184725]","[0.795772910118103, 0.7888311743736267, 0.7867516875267029, 0.7820813655853271, 0.7799532413482666]"
6f4e74ac-0e46-463b-9a42-f9439b6f7851,Physiology,0.44921875,0.1455078125,0.240234375,0.1650390625,False,C,0.27839112281799316,medmcqa_1,"['PBMD', 'STAT', 'PBMD', 'PBMD', 'PBMD']","[467572377853629748, 467572377850293989, 467572377854623736, 467572377854313022, 467572377855154563]","[0.8449678421020508, 0.839017927646637, 0.8308654427528381, 0.8287702798843384, 0.8279935121536255]"
17d49a43-a8cf-43c9-9c9e-70a42e741af1,Physiology,0.0810546875,0.67578125,0.1708984375,0.0712890625,False,A,0.15131711959838867,medmcqa_1,"['PBMD', 'PBMD', 'PBMD', 'PBMD', 'PBMD']","[467572377854684384, 467572377854101777, 467572377852957631, 467572377855367455, 467572377852544555]","[0.7674200534820557, 0.767410933971405, 0.7568717002868652, 0.7567794919013977, 0.7553112506866455]"
108d98b3-bf9a-4d0b-92f0-3736950e4c20,Physiology,0.7109375,0.1796875,0.01080322265625,0.0966796875,False,B,0.09993791580200195,medmcqa_1,"['STAT', 'STAT', 'STAT', 'STAT', 'STAT']","[467572377850717124, 467572377850712029, 467572377850745640, 467572377850232368, 467572377850664024]","[0.8418697714805603, 0.8325979709625244, 0.8223602771759033, 0.8161845803260803, 0.8140996694564819]"
31d2fae2-b491-4feb-b871-d889d9ac4efe,Physiology,0.091796875,0.87109375,0.0191650390625,0.0191650390625,False,A,0.1549057960510254,medmcqa_1,"['PBMD', 'PBMD', 'PBMD', 'PBMD', 'STAT']","[467572377854997819, 467572377852085320, 467572377855013770, 467572377852783372, 467572377850387621]","[0.777836799621582, 0.7664006948471069, 0.7662156224250793, 0.7582559585571289, 0.7569061517715454]"
c6365cce-507c-40f6-90a2-46b867f47b6e,Physiology,0.01165771484375,0.0021514892578125,0.984375,0.002288818359375,True,C,0.15346145629882812,medmcqa_1,"['PBMD', 'PBMD', 'PBMD', 'PBMD', 'TEXT']","[467572377854384970, 467572377855301628, 467572377854410750, 467572377854414477, 467523489549988401]","[0.7916344404220581, 0.7753705382347107, 0.7753679752349854, 0.7730315923690796, 0.7726761698722839]"
833ba236-ccb4-44d5-ba31-865de41488a5,Physiology,0.404296875,0.1484375,0.27734375,0.1689453125,False,D,0.20781326293945312,medmcqa_1,"['TEXT', 'STAT', 'PBMD', 'STAT', 'PBMD']","[467523489549984859, 467572377850368868, 467572377852071490, 467572377850399618, 467572377853649643]","[0.7942172288894653, 0.7876278758049011, 0.7748150825500488, 0.7747333645820618, 0.7729817628860474]"
37c2d828-130c-4ebd-ae35-03c852064141,Physiology,0.01226806640625,0.97265625,0.0030975341796875,0.01080322265625,True,B,0.16715574264526367,medmcqa_1,"['PBMD', 'PBMD', 'PBMD', 'PBMD', 'PBMD']","[467572377854404773, 467572377854794399, 467572377855252461, 467572377852165674, 467572377850851567]","[0.78468918800354, 0.7720975279808044, 0.7702310085296631, 0.7681689262390137, 0.7654837369918823]"
a05c8cf2-b0bc-496e-b5fd-51467952e2ca,Gynaecology & Obstetrics,0.09033203125,0.314453125,0.404296875,0.1904296875,False,D,0.243452787399292,medmcqa_1,"['PBMD', 'PBMD', 'PBMD', 'PBMD', 'PBMD']","[467572377853330129, 467572377855906001, 467572377856165614, 467572377854344582, 467572377855579491]","[0.8195691704750061, 0.8056310415267944, 0.8051230907440186, 0.799055278301239, 0.7978559732437134]"
2fad53ed-ad7b-4194-8316-7fd39b1089a4,Gynaecology & Obstetrics,0.091796875,0.1513671875,0.67578125,0.0810546875,True,C,0.12251639366149902,medmcqa_1,"['TEXT', 'TEXT', 'PBMD', 'PBMD', 'STAT']","[467523489549970295, 467523489549970291, 467572377854409739, 467572377854354904, 467572377850336660]","[0.8396690487861633, 0.8069151043891907, 0.7970412373542786, 0.7948121428489685, 0.7885578870773315]"
6004baf5-e4da-4d48-915d-e1bd251c936e,Gynaecology & Obstetrics,0.007110595703125,0.98828125,0.0023040771484375,0.00115966796875,False,A,0.1104745864868164,medmcqa_1,"['PBMD', 'PBMD', 'PBMD', 'PBMD', 'TEXT']","[467572377855492561, 467572377852917757, 467572377854668014, 467572377852237407, 467523489549692760]","[0.7838019728660583, 0.7429937124252319, 0.7372604012489319, 0.7324481010437012, 0.7299572825431824]"
5682860b-5ef4-4c1d-88b4-eb81546548ba,Gynaecology & Obstetrics,0.042236328125,0.515625,0.1669921875,0.275390625,False,A,0.13750696182250977,medmcqa_1,"['PBMD', 'PBMD', 'PBMD', 'PBMD', 'PBMD']","[467572377854569938, 467572377850857181, 467572377855282836, 467572377855741572, 467572377850865881]","[0.8420175909996033, 0.8399584293365479, 0.8362241983413696, 0.8318505883216858, 0.829297661781311]"
e5e1f694-5bce-4ea7-8d47-b629076533e1,Gynaecology & Obstetrics,0.037353515625,0.244140625,0.6640625,0.054443359375,True,C,0.1527860164642334,medmcqa_1,"['PBMD', 'PBMD', 'PBMD', 'PBMD', 'PBMD']","[467572377853381770, 467572377853812822, 467572377854151453, 467572377853195117, 467572377856590496]","[0.8409664630889893, 0.8297008275985718, 0.8226339817047119, 0.8173486590385437, 0.8151587843894958]"
c839b148-d464-4420-9f5d-d66be78d0fd5,Gynaecology & Obstetrics,0.0341796875,0.0125732421875,0.01708984375,0.9375,False,C,0.2236347198486328,medmcqa_1,"['PBMD', 'PBMD', 'PBMD', 'PBMD', 'TEXT']","[467572377856584763, 467572377856407807, 467572377853526132, 467572377855204196, 467523489550003680]","[0.7946183681488037, 0.7916445732116699, 0.7865173816680908, 0.7833828330039978, 0.7825177311897278]"
6e74627b-cb5d-44f2-8200-d62bfa69ec85,Gynaecology & Obstetrics,0.1591796875,0.2041015625,0.2041015625,0.431640625,False,C,0.1138310432434082,medmcqa_1,"['PBMD', 'PBMD', 'PBMD', 'PBMD', 'PBMD']","[467572377852852756, 467572377852300320, 467572377855125105, 467572377854059675, 467572377855086869]","[0.80813068151474, 0.803727388381958, 0.7980353832244873, 0.7965894937515259, 0.7901297211647034]"
ade05b67-b4f5-433b-8433-d74e009763cd,Gynaecology & Obstetrics,0.01031494140625,0.98828125,0.001678466796875,0.000579833984375,False,A,0.20496416091918945,medmcqa_1,"['TEXT', 'PBMD', 'PBMD', 'PBMD', 'PBMD']","[467523489549967274, 467572377856791462, 467572377852755322, 467572377854583790, 467572377856559112]","[0.801586925983429, 0.7983546257019043, 0.7978720664978027, 0.7971794605255127, 0.7964340448379517]"
641830d8-81c8-4a90-abaf-1d0fc4de838d,Gynaecology & Obstetrics,0.1298828125,0.515625,0.0791015625,0.275390625,False,D,0.17635726928710938,medmcqa_1,"['PBMD', 'PBMD', 'PBMD', 'PBMD', 'PBMD']","[467572377853381190, 467572377855452286, 467572377855852273, 467572377852866428, 467572377853004062]","[0.8208374977111816, 0.8206174969673157, 0.8200101852416992, 0.8177720904350281, 0.8166678547859192]"
24ee7b54-bd3e-4152-9a09-3fe73f3cfcfe,Gynaecology & Obstetrics,0.01025390625,0.0037689208984375,0.005828857421875,0.98046875,False,A,0.13402462005615234,medmcqa_1,"['PBMD', 'STAT', 'PBMD', 'PBMD', 'STAT']","[467572377856470913, 467572377850716056, 467572377853823944, 467572377855354375, 467572377850716041]","[0.7965072989463806, 0.7773573398590088, 0.7772551774978638, 0.7745044231414795, 0.7736209630966187]"
adfb47b8-d96c-4e96-8ada-389755a65d4e,Gynaecology & Obstetrics,0.2275390625,0.2275390625,0.06494140625,0.48046875,True,D,0.14159059524536133,medmcqa_1,"['PBMD', 'STAT', 'PBMD', 'TEXT', 'PBMD']","[467572377853424699, 467572377850726728, 467572377856019371, 467523489549968191, 467572377856356265]","[0.8240923881530762, 0.8217048048973083, 0.8199291229248047, 0.8181142210960388, 0.8176885843276978]"
89e0b62e-fa1d-4964-8870-d57cb8b871f4,Gynaecology & Obstetrics,0.26953125,0.26953125,0.11279296875,0.34765625,False,B,0.20166993141174316,medmcqa_1,"['PBMD', 'PBMD', 'PBMD', 'PBMD', 'PBMD']","[467572377855010759, 467572377852067128, 467572377855154362, 467572377855394598, 467572377852314450]","[0.8178243041038513, 0.8099353909492493, 0.8070358633995056, 0.8068212866783142, 0.8036088347434998]"
77997eca-fce9-4840-916d-b373c61c411d,Gynaecology & Obstetrics,0.357421875,0.3359375,0.1396484375,0.1689453125,False,C,0.2038726806640625,medmcqa_1,"['PBMD', 'PBMD', 'TEXT', 'PBMD', 'PBMD']","[467572377855366285, 467572377855367870, 467523489549966550, 467572377855641457, 467572377855076463]","[0.8258719444274902, 0.8196220993995667, 0.8077249526977539, 0.8016408681869507, 0.7991137504577637]"
6a0892ca-db19-4c27-9057-2bf9171e9469,Gynaecology & Obstetrics,0.0130615234375,0.9765625,0.00201416015625,0.0084228515625,True,B,0.12248444557189941,medmcqa_1,"['PBMD', 'STAT', 'STAT', 'TEXT', 'PBMD']","[467572377856800716, 467572377850637645, 467572377850626845, 467523489549965066, 467572377856336724]","[0.8261059522628784, 0.8163634538650513, 0.814102828502655, 0.8123800158500671, 0.7996774911880493]"
3e736802-2e0b-405c-b429-eac535efb755,Gynaecology & Obstetrics,0.12451171875,0.10986328125,0.71484375,0.048828125,False,D,0.17300677299499512,medmcqa_1,"['STAT', 'PBMD', 'PBMD', 'PBMD', 'PBMD']","[467572377850758156, 467572377855655777, 467572377853536650, 467572377855575961, 467572377854558793]","[0.8048120737075806, 0.8047168850898743, 0.8002102375030518, 0.7976436614990234, 0.7940108776092529]"
b7b14d8f-2501-431e-afcd-e8b43dfb39f1,Gynaecology & Obstetrics,0.8515625,0.08984375,0.031005859375,0.029052734375,True,A,0.13858675956726074,medmcqa_1,"['PBMD', 'PBMD', 'PBMD', 'TEXT', 'PBMD']","[467572377855340630, 467572377854604089, 467572377854195118, 467523489549687923, 467572377855296118]","[0.7865039110183716, 0.7857111692428589, 0.7831774950027466, 0.7809629440307617, 0.7806490063667297]"
c18807a9-ccf8-40f5-8b11-9e2c8b789c3e,Gynaecology & Obstetrics,0.23828125,0.26953125,0.306640625,0.185546875,False,B,0.2383742332458496,medmcqa_1,"['PBMD', 'PBMD', 'PBMD', 'PBMD', 'PBMD']","[467572377855999944, 467572377852750353, 467572377850799321, 467572377855994434, 467572377853828346]","[0.7647669315338135, 0.7549630403518677, 0.7533068656921387, 0.7501190900802612, 0.7467714548110962]"
9ccd0247-2723-4707-b569-ca0402842cd9,Gynaecology & Obstetrics,0.043701171875,0.3671875,0.22265625,0.3671875,True,B,0.22839999198913574,medmcqa_1,"['PBMD', 'PBMD', 'TEXT', 'PBMD', 'PBMD']","[467572377852958559, 467572377854563184, 467523489549966313, 467572377853720880, 467572377852655861]","[0.7590140700340271, 0.7575050592422485, 0.7530313730239868, 0.7517526149749756, 0.7507168054580688]"
aa32b0f3-dd63-455c-8de0-9fd429edfd20,Gynaecology & Obstetrics,0.6796875,0.0673828125,0.1943359375,0.059326171875,True,A,0.11494731903076172,medmcqa_1,"['PBMD', 'PBMD', 'PBMD', 'PBMD', 'PBMD']","[467572377854171312, 467572377852156873, 467572377852775404, 467572377852175789, 467572377852209983]","[0.831864595413208, 0.8264455795288086, 0.8220449090003967, 0.8205041289329529, 0.8198297619819641]"
41b7f0c0-744e-41fd-ae2b-13fc6a741347,Gynaecology & Obstetrics,0.97265625,0.01226806640625,0.004791259765625,0.01080322265625,True,A,0.14106035232543945,medmcqa_1,"['STAT', 'STAT', 'PBMD', 'TEXT', 'PBMD']","[467572377850407053, 467572377850710283, 467572377856197792, 467523489549965402, 467572377856628710]","[0.7576585412025452, 0.7525138854980469, 0.7496963143348694, 0.7458433508872986, 0.7456150650978088]"
6b76c9ea-e2bf-48c6-8d3b-053f0f101ecb,Radiology,0.0810546875,0.0279541015625,0.021728515625,0.87109375,True,D,0.10678267478942871,medmcqa_1,"['PBMD', 'PBMD', 'PBMD', 'PBMD', 'PBMD']","[467572377855697828, 467572377856376627, 467572377853747487, 467572377854822116, 467572377852960245]","[0.823108434677124, 0.8067519664764404, 0.8039451241493225, 0.8025965690612793, 0.7981880307197571]"
74a4b01c-7f65-4cdf-a9c8-5b0d6989171e,Radiology,0.87109375,0.04931640625,0.0150146484375,0.06298828125,True,A,0.183152437210083,medmcqa_1,"['PBMD', 'PBMD', 'PBMD', 'PBMD', 'PBMD']","[467572377854104931, 467572377855030579, 467572377852876493, 467572377854997459, 467572377854558051]","[0.7891037464141846, 0.7802697420120239, 0.7782875895500183, 0.7777277231216431, 0.776707649230957]"
e750cd52-447e-4ae7-9948-156375e177bb,Radiology,0.890625,0.01348876953125,0.003204345703125,0.09375,True,A,0.14317846298217773,medmcqa_1,"['PBMD', 'PBMD', 'PBMD', 'PBMD', 'PBMD']","[467572377855234975, 467572377854634425, 467572377852171998, 467572377855316684, 467572377854875797]","[0.7880557179450989, 0.787558913230896, 0.7856978178024292, 0.7834018468856812, 0.7827326059341431]"
9a21d76c-9104-4bd2-be55-a37c3b71c0f5,Radiology,0.146484375,0.84375,0.004150390625,0.0050048828125,False,A,0.16897344589233398,medmcqa_1,"['PBMD', 'PBMD', 'PBMD', 'PBMD', 'PBMD']","[467572377852421372, 467572377852161683, 467572377853868370, 467572377854272600, 467572377855738887]","[0.8027238249778748, 0.794334888458252, 0.7933349609375, 0.7862635850906372, 0.781731367111206]"
63c52b21-f814-4a6d-ac11-a719fffebfd3,Radiology,0.12890625,0.212890625,0.578125,0.07861328125,False,B,0.12365269660949707,medmcqa_1,"['PBMD', 'PBMD', 'PBMD', 'PBMD', 'PBMD']","[467572377855078623, 467572377852799749, 467572377854799255, 467572377854083818, 467572377855014545]","[0.8000662326812744, 0.7919110059738159, 0.7815924286842346, 0.7796287536621094, 0.7792560458183289]"
c03c5c4d-5433-4515-a343-12c7f0ea1e07,Radiology,0.12109375,0.54296875,0.044677734375,0.291015625,False,D,0.15706753730773926,medmcqa_1,"['PBMD', 'PBMD', 'PBMD', 'PBMD', 'PBMD']","[467572377855804659, 467572377852439354, 467572377854630673, 467572377854630267, 467572377853294264]","[0.7835843563079834, 0.7742152214050293, 0.7700661420822144, 0.7689893245697021, 0.7559468746185303]"
27172e24-cd06-4dc8-b00b-0a378fcc9a36,Radiology,0.65234375,0.053466796875,0.240234375,0.053466796875,False,C,0.15037059783935547,medmcqa_1,"['PBMD', 'PBMD', 'PBMD', 'PBMD', 'PBMD']","[467572377852166744, 467572377852860448, 467572377856767226, 467572377853826901, 467572377850923677]","[0.7939105033874512, 0.7931428551673889, 0.7895184755325317, 0.7865436673164368, 0.7861953973770142]"
dd0e6433-1998-4d01-bd39-8c64bfa0dd4f,Radiology,0.035888671875,0.0556640625,0.81640625,0.091796875,False,A,0.1640317440032959,medmcqa_1,"['PBMD', 'PBMD', 'PBMD', 'PBMD', 'PBMD']","[467572377852389103, 467572377855612796, 467572377856248433, 467572377853759189, 467572377854163436]","[0.7844875454902649, 0.7827883362770081, 0.773899257183075, 0.7730454206466675, 0.7714126110076904]"
9078aaca-bbfd-41cd-ad69-03057fca84ba,Radiology,0.412109375,0.36328125,0.091796875,0.1337890625,True,A,0.2147364616394043,medmcqa_1,"['PBMD', 'STAT', 'STAT', 'PBMD', 'PBMD']","[467572377855739643, 467572377850402412, 467572377850223069, 467572377856563146, 467572377852571152]","[0.7953873872756958, 0.794806718826294, 0.7910364270210266, 0.7904404997825623, 0.7871617674827576]"
dbd24ee5-8032-4316-9330-fe831f819c40,Radiology,0.62109375,0.138671875,0.201171875,0.03955078125,True,A,0.12288999557495117,medmcqa_1,"['PBMD', 'PBMD', 'PBMD', 'PBMD', 'PBMD']","[467572377855697828, 467572377856376627, 467572377852336037, 467572377853747487, 467572377852570909]","[0.8126420974731445, 0.8032398223876953, 0.7981059551239014, 0.7912882566452026, 0.7894830703735352]"
dde225f7-adf4-41e8-afe5-f12ab7801578,Radiology,0.021240234375,0.0034637451171875,0.95703125,0.0164794921875,True,C,0.13857340812683105,medmcqa_1,"['STAT', 'PBMD', 'PBMD', 'PBMD', 'STAT']","[467572377850650247, 467572377852947172, 467572377853581873, 467572377853077203, 467572377850727543]","[0.8063815236091614, 0.7900067567825317, 0.7873970866203308, 0.7857016324996948, 0.7815913558006287]"
ef35d544-203c-4f85-bfe7-a04f8bae3e96,Radiology,0.040771484375,0.01171875,0.9296875,0.01708984375,True,C,0.10827779769897461,medmcqa_1,"['PBMD', 'PBMD', 'PBMD', 'STAT', 'TEXT']","[467572377853681181, 467572377855237239, 467572377852302139, 467572377850333501, 467523489549708263]","[0.8087127208709717, 0.8004559278488159, 0.793801486492157, 0.7931652665138245, 0.7919957637786865]"
9e52adfd-3abb-43d2-9fd8-718351feed62,Radiology,0.056396484375,0.0771484375,0.828125,0.036376953125,True,C,0.1145315170288086,medmcqa_1,"['PBMD', 'PBMD', 'PBMD', 'PBMD', 'PBMD']","[467572377853087167, 467572377854967355, 467572377853887129, 467572377850970245, 467572377850973164]","[0.7571277618408203, 0.7473887801170349, 0.747018039226532, 0.746476948261261, 0.7450024485588074]"
a456bf4d-1f3e-42a4-8976-b1b81ff466ee,Radiology,0.263671875,0.232421875,0.298828125,0.205078125,True,C,0.21394896507263184,medmcqa_1,"['PBMD', 'PBMD', 'PBMD', 'PBMD', 'PBMD']","[467572377855272177, 467572377853378383, 467572377853782486, 467572377855453354, 467572377852551324]","[0.7668163776397705, 0.7610549330711365, 0.7592709064483643, 0.7592417001724243, 0.7552180886268616]"
679512f7-f5af-4b3a-b7a1-851938dec9c5,Radiology,0.0546875,0.027587890625,0.005767822265625,0.91015625,True,D,0.1520862579345703,medmcqa_1,"['PBMD', 'PBMD', 'PBMD', 'PBMD', 'PBMD']","[467572377850804104, 467572377852438217, 467572377852960121, 467572377856638626, 467572377850848655]","[0.8041105270385742, 0.7854694128036499, 0.7824697494506836, 0.7739681005477905, 0.7736462950706482]"
5c97e587-2436-40b2-9f70-6f08a903d543,Radiology,0.04931640625,0.04931640625,0.875,0.028076171875,False,D,0.12150979042053223,medmcqa_1,"['PBMD', 'PBMD', 'PBMD', 'PBMD', 'PBMD']","[467572377852528062, 467572377852251063, 467572377854825946, 467572377856753556, 467572377852480967]","[0.818228006362915, 0.8050626516342163, 0.798186719417572, 0.7934187054634094, 0.7923566102981567]"
94f81251-43c1-4ba0-a67c-4f6412742774,Radiology,0.6171875,0.1552734375,0.12109375,0.10693359375,True,A,0.1120903491973877,medmcqa_1,"['PBMD', 'PBMD', 'PBMD', 'PBMD', 'TEXT']","[467572377854661534, 467572377855543931, 467572377852068574, 467572377851000342, 467523489549988451]","[0.7117186188697815, 0.7113977670669556, 0.7078472971916199, 0.7037420272827148, 0.7034167051315308]"
fad11cf2-c2ab-487b-b8bf-ad6d3b2b1713,Radiology,0.06640625,0.00958251953125,0.00482177734375,0.91796875,True,D,0.11941003799438477,medmcqa_1,"['PBMD', 'PBMD', 'PBMD', 'PBMD', 'STAT']","[467572377852252995, 467572377853378383, 467572377854634309, 467572377850923412, 467572377850225247]","[0.7990236282348633, 0.7961304783821106, 0.7859792709350586, 0.7853583097457886, 0.7839353084564209]"
e22b0ef5-df61-4475-b22b-30f2932f90fe,Radiology,0.0869140625,0.236328125,0.033935546875,0.64453125,False,B,0.15277981758117676,medmcqa_1,"['PBMD', 'PBMD', 'PBMD', 'PBMD', 'PBMD']","[467572377855846029, 467572377855760875, 467572377855140539, 467572377853140053, 467572377854821863]","[0.7858904600143433, 0.7739751935005188, 0.7738692760467529, 0.7717565298080444, 0.7713964581489563]"
ce05eb3a-dc89-4e3c-bc3d-859a9922e9f0,Radiology,0.02734375,0.00347900390625,0.9609375,0.006500244140625,True,C,0.15555715560913086,medmcqa_1,"['STAT', 'PBMD', 'PBMD', 'PBMD', 'TEXT']","[467572377850286849, 467572377853801391, 467572377853124978, 467572377856280736, 467523489549975481]","[0.8093760013580322, 0.7746332883834839, 0.7743486166000366, 0.7652450203895569, 0.7641519904136658]"
b22457e3-c620-4a3d-bde1-0aa6e6c185a7,Psychiatry,0.1767578125,0.6171875,0.146484375,0.06103515625,False,C,0.15330266952514648,medmcqa_1,"['PBMD', 'PBMD', 'TEXT', 'PBMD', 'TEXT']","[467572377854988251, 467572377852208975, 467523489549995686, 467572377854962365, 467523489549952649]","[0.7295389175415039, 0.7243999242782593, 0.7182541489601135, 0.7182168960571289, 0.7173376679420471]"
1338302d-2d9f-4d48-ac86-48f3c680594c,Psychiatry,0.1298828125,0.11474609375,0.74609375,0.00885009765625,True,C,0.11393451690673828,medmcqa_1,"['PBMD', 'PBMD', 'PBMD', 'PBMD', 'PBMD']","[467572377855231011, 467572377853450813, 467572377854575611, 467572377855701932, 467572377855036565]","[0.7407460808753967, 0.7386685609817505, 0.7313199639320374, 0.7307323813438416, 0.7209848761558533]"
36eda6ec-6654-41ba-937b-60a3052e6c49,Psychiatry,0.11376953125,0.03466796875,0.7890625,0.06103515625,False,D,0.1556379795074463,medmcqa_1,"['TEXT', 'PBMD', 'TEXT', 'PBMD', 'PBMD']","[467523489549961470, 467572377855701932, 467523489549961471, 467572377855863604, 467572377856064578]","[0.7689655423164368, 0.7686910629272461, 0.7659227848052979, 0.7575308084487915, 0.7563070058822632]"
c757d1c6-e17b-4b88-baa3-38720c1dd5eb,Psychiatry,0.045654296875,0.3828125,0.55859375,0.01397705078125,False,B,0.17428851127624512,medmcqa_1,"['PBMD', 'PBMD', 'PBMD', 'PBMD', 'PBMD']","[467572377853759138, 467572377852095127, 467572377852075675, 467572377854103221, 467572377855083400]","[0.7179971933364868, 0.716788649559021, 0.7158222794532776, 0.7155243754386902, 0.7152592539787292]"
97648c60-2ed9-4c8e-9142-48806639731a,Psychiatry,0.2197265625,0.765625,0.0096435546875,0.0033416748046875,True,B,0.10722208023071289,medmcqa_1,"['PBMD', 'STAT', 'PBMD', 'PBMD', 'PBMD']","[467572377852185572, 467572377850391435, 467572377854884675, 467572377856693374, 467572377855902528]","[0.7981764674186707, 0.7950459718704224, 0.792351245880127, 0.7903405427932739, 0.7856554985046387]"
2d98e8a0-829a-47ef-87e1-c6bbd54473a1,Psychiatry,0.08154296875,0.283203125,0.033935546875,0.6015625,True,D,0.14224839210510254,medmcqa_1,"['PBMD', 'PBMD', 'TEXT', 'TEXT', 'PBMD']","[467572377852749875, 467572377856174458, 467523489549948202, 467523489549690088, 467572377854714346]","[0.7508611679077148, 0.741571307182312, 0.737341582775116, 0.7339805960655212, 0.7326758503913879]"
8729556c-a513-42d6-abc1-ed7f6c9ca397,Psychiatry,0.126953125,0.64453125,0.041259765625,0.185546875,False,A,0.18043160438537598,medmcqa_1,"['PBMD', 'PBMD', 'PBMD', 'PBMD', 'PBMD']","[467572377852937060, 467572377856138971, 467572377853545524, 467572377850804208, 467572377854196285]","[0.7616220116615295, 0.7533645033836365, 0.7528429627418518, 0.752781331539154, 0.7525596618652344]"
85d37c8a-2bcc-48d9-bc5c-b63495f25ab3,Psychiatry,0.98828125,0.002777099609375,0.007537841796875,0.00157928466796875,True,A,0.1393578052520752,medmcqa_1,"['PBMD', 'PBMD', 'PBMD', 'TEXT', 'PBMD']","[467572377852844502, 467572377853810866, 467572377854711240, 467523489549952570, 467572377856620171]","[0.7985439896583557, 0.7964897751808167, 0.7952669858932495, 0.7925297021865845, 0.789344310760498]"
7c9b4d7b-6290-430f-a097-96d88c65ecd8,Psychiatry,0.057861328125,0.90234375,0.03515625,0.0030670166015625,False,A,0.11449146270751953,medmcqa_1,"['PBMD', 'PBMD', 'PBMD', 'PBMD', 'PBMD']","[467572377854980405, 467572377855812891, 467572377852497790, 467572377854765340, 467572377855094193]","[0.7342215776443481, 0.7274815440177917, 0.7231072187423706, 0.7229564189910889, 0.721676230430603]"
5a2f9e25-3acb-4830-9f18-009480595be1,Psychiatry,0.05859375,0.0751953125,0.05859375,0.80859375,True,D,0.12292957305908203,medmcqa_1,"['PBMD', 'PBMD', 'TEXT', 'PBMD', 'PBMD']","[467572377852749875, 467572377854676092, 467523489549948202, 467572377854769586, 467572377852726850]","[0.7606101632118225, 0.7471196055412292, 0.7415154576301575, 0.7386537790298462, 0.7384586334228516]"
937dd47d-2d03-4bb7-a36d-d82a58f565d5,Psychiatry,0.07080078125,0.59375,0.020263671875,0.31640625,True,B,0.18215441703796387,medmcqa_1,"['PBMD', 'PBMD', 'PBMD', 'PBMD', 'PBMD']","[467572377855753611, 467572377856900591, 467572377852113239, 467572377855841270, 467572377853759281]","[0.8316966891288757, 0.8301516771316528, 0.8251259326934814, 0.8202056884765625, 0.8116564750671387]"
f361defb-1a36-496f-b195-9dcb6bb31ea5,Psychiatry,0.921875,0.02783203125,0.03369140625,0.015869140625,True,A,0.09288501739501953,medmcqa_1,"['PBMD', 'PBMD', 'STAT', 'PBMD', 'PBMD']","[467572377856355168, 467572377852856921, 467572377850334287, 467572377856438341, 467572377854356417]","[0.8219519853591919, 0.8009740114212036, 0.7950935959815979, 0.7937677502632141, 0.7880305051803589]"
af75fc76-911b-48da-9ca0-75a8c912c18b,Psychiatry,0.000911712646484375,1.0,0.0006256103515625,0.000244140625,True,B,0.11542224884033203,medmcqa_1,"['TEXT', 'PBMD', 'PBMD', 'PBMD', 'STAT']","[467523489549706378, 467572377855549149, 467572377853065038, 467572377855926725, 467572377850246580]","[0.761228084564209, 0.7426306009292603, 0.7324870824813843, 0.7281417846679688, 0.7266247868537903]"
f19f48e2-8706-4f8b-bca5-66c3000f7b27,Psychiatry,0.85546875,0.06591796875,0.05126953125,0.0274658203125,False,D,0.12311053276062012,medmcqa_1,"['PBMD', 'PBMD', 'PBMD', 'PBMD', 'PBMD']","[467572377854643088, 467572377852744578, 467572377853090476, 467572377855643179, 467572377855695657]","[0.7668220400810242, 0.7618541717529297, 0.7520639300346375, 0.7515478134155273, 0.7510871887207031]"
e99aa66e-4f63-4a4a-afc7-49c96eb9540c,Psychiatry,0.031005859375,0.75,0.21484375,0.00445556640625,True,B,0.11315417289733887,medmcqa_1,"['PBMD', 'PBMD', 'PBMD', 'PBMD', 'PBMD']","[467572377854095786, 467572377854669566, 467572377852547169, 467572377854989737, 467572377853912367]","[0.7805483341217041, 0.7802313566207886, 0.7746596336364746, 0.7740031480789185, 0.772208034992218]"
bdc34663-b39a-47bb-b034-7f804e437c09,Psychiatry,0.99609375,0.0031585693359375,0.0021820068359375,0.0002155303955078125,True,A,0.11913156509399414,medmcqa_1,"['PBMD', 'PBMD', 'PBMD', 'PBMD', 'PBMD']","[467572377854372325, 467572377852883010, 467572377853571218, 467572377852883630, 467572377852273479]","[0.8045763969421387, 0.8022110462188721, 0.7991489768028259, 0.7944554090499878, 0.7936393022537231]"
5ccc26af-b2fb-4d7e-b117-e622359b75a2,Orthopaedics,0.0380859375,0.021728515625,0.921875,0.0169677734375,True,C,0.0928187370300293,medmcqa_1,"['STAT', 'STAT', 'STAT', 'PBMD', 'PBMD']","[467572377850700810, 467572377850641463, 467572377850766188, 467572377856104202, 467572377853136398]","[0.8008791208267212, 0.798765242099762, 0.7965219020843506, 0.7948074340820312, 0.7923315763473511]"
6ca26608-cafb-46c8-80a1-39bc0e70d5ff,Orthopaedics,0.0238037109375,0.064453125,0.0196533203125,0.890625,True,D,0.16297578811645508,medmcqa_1,"['PBMD', 'PBMD', 'PBMD', 'PBMD', 'PBMD']","[467572377856380347, 467572377854959059, 467572377856563681, 467572377856338356, 467572377856782978]","[0.775804877281189, 0.7691301703453064, 0.7669973373413086, 0.7665043473243713, 0.7641794681549072]"
7983c1d8-d7ec-4426-82d8-c0bdc1568aa9,Orthopaedics,0.75,0.1220703125,0.1220703125,0.00732421875,True,A,0.13815093040466309,medmcqa_1,"['PBMD', 'PBMD', 'PBMD', 'PBMD', 'PBMD']","[467572377852078144, 467572377850937983, 467572377856000008, 467572377852802879, 467572377856894144]","[0.828520655632019, 0.8245736956596375, 0.823408842086792, 0.8199865221977234, 0.8155572414398193]"
dac67e00-7708-4533-a6da-38c259fe8403,Orthopaedics,0.00909423828125,0.0035552978515625,0.00130462646484375,0.984375,True,D,0.10632538795471191,medmcqa_1,"['STAT', 'STAT', 'STAT', 'STAT', 'TEXT']","[467572377850234634, 467572377850410613, 467572377850410614, 467572377850685764, 467523489550009259]","[0.7729341387748718, 0.7693429589271545, 0.7582942247390747, 0.7576941847801208, 0.7549020051956177]"
3d3d18de-8e78-4d58-90f4-2c9257c76a5e,Orthopaedics,0.90625,0.06982421875,0.0213623046875,0.002716064453125,True,A,0.09304237365722656,medmcqa_1,"['STAT', 'PBMD', 'STAT', 'STAT', 'PBMD']","[467572377850665261, 467572377852715672, 467572377850657139, 467572377850411588, 467572377855634247]","[0.7698684334754944, 0.7670090198516846, 0.7607171535491943, 0.7594777345657349, 0.7581091523170471]"
7b9b3255-7a24-4c61-bc2f-cadcb051e294,Orthopaedics,0.2021484375,0.045166015625,0.55078125,0.2021484375,True,C,0.1512742042541504,medmcqa_1,"['STAT', 'STAT', 'STAT', 'PBMD', 'PBMD']","[467572377850713122, 467572377850407961, 467572377850713121, 467572377855454074, 467572377855544321]","[0.7953339219093323, 0.7893968224525452, 0.7848243713378906, 0.7824416160583496, 0.7819783687591553]"
f822dfed-f142-4583-b7c2-779cf63ccad6,Orthopaedics,0.36328125,0.59765625,0.0150146484375,0.023193359375,False,C,0.0819234848022461,medmcqa_1,"['PBMD', 'PBMD', 'STAT', 'PBMD', 'PBMD']","[467572377852182903, 467572377853852186, 467572377850291821, 467572377852129211, 467572377853449513]","[0.7626381516456604, 0.7616420388221741, 0.7596404552459717, 0.7550696134567261, 0.7542970776557922]"
7879facb-4a0b-424e-9997-25aae47a52aa,Orthopaedics,0.259765625,0.083984375,0.546875,0.10791015625,False,B,0.17676663398742676,medmcqa_1,"['PBMD', 'PBMD', 'PBMD', 'PBMD', 'PBMD']","[467572377854156801, 467572377854860858, 467572377856697100, 467572377854844700, 467572377855298479]","[0.7672392129898071, 0.7634257078170776, 0.7596096992492676, 0.758257269859314, 0.755340576171875]"
31cb149e-7c0f-489f-b2c6-10985226e2ff,Orthopaedics,0.0283203125,0.9375,0.031982421875,0.0023193359375,True,B,0.0978243350982666,medmcqa_1,"['PBMD', 'PBMD', 'PBMD', 'PBMD', 'PBMD']","[467572377853295952, 467572377854838700, 467572377852066610, 467572377854430015, 467572377854928902]","[0.8244991302490234, 0.8124233484268188, 0.811410129070282, 0.8099338412284851, 0.8091679215431213]"
f3fac8a7-d3e8-4d02-b4eb-4ac18da8e7c0,Orthopaedics,0.01904296875,0.97265625,0.0016632080078125,0.005126953125,False,A,0.0696561336517334,medmcqa_1,"['PBMD', 'PBMD', 'PBMD', 'PBMD', 'STAT']","[467572377853886704, 467572377853891602, 467572377856393929, 467572377852120028, 467572377850402341]","[0.7398000359535217, 0.735805094242096, 0.7250131368637085, 0.7238330841064453, 0.7209952473640442]"
d75dc767-c74f-4b3d-a2bd-f5e6c082e497,Orthopaedics,0.22265625,0.06787109375,0.68359375,0.02490234375,True,C,0.09452176094055176,medmcqa_1,"['STAT', 'STAT', 'STAT', 'STAT', 'STAT']","[467572377850282694, 467572377850713195, 467572377850655639, 467572377850282693, 467572377850724920]","[0.8021376132965088, 0.7957679033279419, 0.7950555086135864, 0.7880133986473083, 0.7843743562698364]"
5c621759-a7f6-4cb9-851b-11da1704d76e,Orthopaedics,0.0458984375,0.205078125,0.07568359375,0.671875,True,D,0.06944108009338379,medmcqa_1,"['PBMD', 'PBMD', 'PBMD', 'STAT', 'PBMD']","[467572377852334769, 467572377854304101, 467572377853888834, 467572377850676362, 467572377853536382]","[0.8468014597892761, 0.8295320868492126, 0.8258422613143921, 0.820774257183075, 0.8186720609664917]"
c6f6754f-21ac-49d0-b8cd-8bf25049d813,Orthopaedics,0.038818359375,0.0220947265625,0.056396484375,0.8828125,False,B,0.13960599899291992,medmcqa_1,"['PBMD', 'PBMD', 'PBMD', 'PBMD', 'PBMD']","[467572377854647416, 467572377854959059, 467572377855813216, 467572377855679338, 467572377856470256]","[0.7783412337303162, 0.7770901322364807, 0.7745097279548645, 0.7730190753936768, 0.770554780960083]"
dccadcab-84e0-4aec-b33a-7509f61f07fe,Orthopaedics,0.01153564453125,0.005462646484375,0.005126953125,0.9765625,True,D,0.11418628692626953,medmcqa_1,"['STAT', 'PBMD', 'PBMD', 'PBMD', 'PBMD']","[467572377850243772, 467572377853878449, 467572377856091337, 467572377852614713, 467572377854080537]","[0.8045239448547363, 0.7931851148605347, 0.7912382483482361, 0.7873581051826477, 0.786705732345581]"
baacab5b-7e28-4b0d-b78e-73253e5c7dde,Orthopaedics,0.0169677734375,0.052001953125,0.921875,0.00750732421875,True,C,0.14083218574523926,medmcqa_1,"['PBMD', 'PBMD', 'PBMD', 'PBMD', 'PBMD']","[467572377853451861, 467572377855160541, 467572377855439020, 467572377854748046, 467572377854730899]","[0.7961844205856323, 0.7948715686798096, 0.7923424243927002, 0.7902802228927612, 0.789836049079895]"
c8313319-bed0-4c8b-8fa4-83f40e3c8af0,Orthopaedics,0.1123046875,0.0283203125,0.828125,0.0301513671875,False,A,0.13924336433410645,medmcqa_1,"['PBMD', 'PBMD', 'PBMD', 'PBMD', 'PBMD']","[467572377855505671, 467572377852900598, 467572377855994419, 467572377855808392, 467572377852117266]","[0.7482457756996155, 0.7462606430053711, 0.745150089263916, 0.7441667318344116, 0.7437668442726135]"
ccca9015-2ce5-40cf-bed4-187f9428d984,Orthopaedics,0.0517578125,0.0123291015625,0.016845703125,0.91796875,False,C,0.20075011253356934,medmcqa_1,"['PBMD', 'PBMD', 'PBMD', 'PBMD', 'PBMD']","[467572377855587286, 467572377854537586, 467572377854224965, 467572377855829116, 467572377852938229]","[0.8043642640113831, 0.8004279732704163, 0.7974505424499512, 0.7966091632843018, 0.7953624129295349]"
44cc205e-7682-4501-aed2-4896371856c2,Orthopaedics,0.01239013671875,0.98828125,0.0010833740234375,0.00010728836059570312,True,B,0.20008516311645508,medmcqa_1,"['PBMD', 'PBMD', 'PBMD', 'PBMD', 'PBMD']","[467572377856290467, 467572377856833586, 467572377852314130, 467572377854261381, 467572377853459734]","[0.8064985275268555, 0.797275185585022, 0.7963248491287231, 0.7939943075180054, 0.7890512347221375]"
b6b91d49-7a30-4a9a-91e6-b2f20341470c,Orthopaedics,0.9765625,0.01483154296875,0.006591796875,0.0003490447998046875,True,A,0.17881393432617188,medmcqa_1,"['PBMD', 'STAT', 'PBMD', 'PBMD', 'PBMD']","[467572377854783504, 467572377850370016, 467572377852404922, 467572377855443096, 467572377854122478]","[0.8090154528617859, 0.7949701547622681, 0.7844516038894653, 0.7843801975250244, 0.7817437052726746]"
cef58dc3-f340-4f76-909d-8f9fb4866e29,Orthopaedics,0.008544921875,0.98828125,0.000659942626953125,0.000583648681640625,True,B,0.15049052238464355,medmcqa_1,"['PBMD', 'PBMD', 'PBMD', 'PBMD', 'PBMD']","[467572377854729201, 467572377855606113, 467572377854700992, 467572377856020043, 467572377852925157]","[0.870790958404541, 0.8649715185165405, 0.8502861261367798, 0.8479409217834473, 0.8441769480705261]"
1482f619-ffc5-4773-b48e-995421bcab06,ENT,0.15234375,0.7734375,0.0673828125,0.008056640625,False,A,0.19448018074035645,medmcqa_1,"['PBMD', 'PBMD', 'PBMD', 'PBMD', 'PBMD']","[467572377854716806, 467572377854592349, 467572377854759212, 467572377852738909, 467572377855736818]","[0.827170193195343, 0.8211668729782104, 0.8136511445045471, 0.8101229667663574, 0.8092737197875977]"
fd03f7de-6c4a-4244-97c6-12829919c1ed,ENT,0.035888671875,0.92578125,0.023193359375,0.0169677734375,True,B,0.07096505165100098,medmcqa_1,"['STAT', 'STAT', 'STAT', 'STAT', 'STAT']","[467572377850719779, 467572377850758619, 467572377850758620, 467572377850758617, 467572377850758605]","[0.8248713612556458, 0.8192384243011475, 0.8123394846916199, 0.8093686103820801, 0.808756411075592]"
a43a0fc3-9d61-45a2-8ebd-f90bb31af019,ENT,0.91015625,0.045166015625,0.03515625,0.0107421875,True,A,0.11233758926391602,medmcqa_1,"['PBMD', 'PBMD', 'PBMD', 'PBMD', 'PBMD']","[467572377852458615, 467572377853134682, 467572377853290322, 467572377855499619, 467572377852280383]","[0.7433642148971558, 0.725212574005127, 0.7223512530326843, 0.7196102142333984, 0.7180694341659546]"
b9e53e10-851b-41bd-b2e3-0ddc302ffd99,ENT,0.2412109375,0.48046875,0.06494140625,0.212890625,True,B,0.15343570709228516,medmcqa_1,"['PBMD', 'STAT', 'PBMD', 'PBMD', 'STAT']","[467572377855826581, 467572377850351778, 467572377856368728, 467572377855811867, 467572377850718379]","[0.8142302632331848, 0.8059685230255127, 0.7935488820075989, 0.7921993732452393, 0.7908427715301514]"
86e26dc5-2f48-45b1-82df-b14ffbc11fcb,ENT,0.6796875,0.25,0.05224609375,0.019287109375,True,A,0.15105462074279785,medmcqa_1,"['PBMD', 'PBMD', 'PBMD', 'PBMD', 'PBMD']","[467572377856201541, 467572377853891339, 467572377855341306, 467572377855921619, 467572377853417403]","[0.8093828558921814, 0.7951105833053589, 0.7922589778900146, 0.7920928001403809, 0.7911560535430908]"
99f08890-7505-4062-9293-1f135de62e5c,ENT,0.4140625,0.365234375,0.126953125,0.0927734375,False,B,0.2097165584564209,medmcqa_1,"['PBMD', 'PBMD', 'PBMD', 'PBMD', 'PBMD']","[467572377852819722, 467572377853789176, 467572377856769337, 467572377852229312, 467572377853303338]","[0.8106889724731445, 0.8015704154968262, 0.7991315126419067, 0.797231912612915, 0.7966833114624023]"
1a8b0cf7-f674-4339-ba6f-a664cb96178d,ENT,0.177734375,0.0478515625,0.546875,0.2275390625,False,D,0.17803668975830078,medmcqa_1,"['PBMD', 'PBMD', 'PBMD', 'PBMD', 'PBMD']","[467572377852738909, 467572377854755432, 467572377852103344, 467572377854714033, 467572377854929218]","[0.8383301496505737, 0.8323909640312195, 0.8192441463470459, 0.8089241981506348, 0.8035984635353088]"
d8b1befc-377a-4e40-aef2-3bca58710670,ENT,0.09716796875,0.33984375,0.263671875,0.298828125,True,B,0.1647510528564453,medmcqa_1,"['TEXT', 'TEXT', 'PBMD', 'PBMD', 'PBMD']","[467523489549951384, 467523489549708247, 467572377854958443, 467572377855492843, 467572377852034869]","[0.8230509757995605, 0.8214979767799377, 0.8002318143844604, 0.7932929396629333, 0.7929443717002869]"
514ac65d-87cb-47b7-b8b0-ffc36253753f,ENT,0.83203125,0.1123046875,0.0302734375,0.0267333984375,True,A,0.17038917541503906,medmcqa_1,"['PBMD', 'PBMD', 'PBMD', 'PBMD', 'PBMD']","[467572377852242590, 467572377854794092, 467572377855356680, 467572377856001425, 467572377855806451]","[0.7996254563331604, 0.773587167263031, 0.7725657224655151, 0.7714290022850037, 0.7703616619110107]"
6beed60d-08f5-4efa-bd22-4a6901e451a2,ENT,0.98046875,0.0029296875,0.01397705078125,0.002288818359375,True,A,0.0875844955444336,medmcqa_1,"['STAT', 'STAT', 'STAT', 'STAT', 'STAT']","[467572377850296519, 467572377850734192, 467572377850296510, 467572377850653511, 467572377850238475]","[0.7990334630012512, 0.7834383845329285, 0.7816932201385498, 0.7785962820053101, 0.7785356044769287]"
afd502ff-b700-4ecf-acec-f849331dd1ed,ENT,0.310546875,0.310546875,0.291015625,0.0888671875,False,C,0.1427297592163086,medmcqa_1,"['PBMD', 'PBMD', 'PBMD', 'PBMD', 'PBMD']","[467572377854887476, 467572377854059831, 467572377854559909, 467572377856026011, 467572377853468070]","[0.7527943253517151, 0.751819908618927, 0.7478457689285278, 0.746068000793457, 0.7422350645065308]"
56a82596-5a2c-461b-b6a4-00019b3e4eaf,ENT,0.04736328125,0.0269775390625,0.1865234375,0.73828125,False,C,0.125380277633667,medmcqa_1,"['PBMD', 'PBMD', 'PBMD', 'PBMD', 'PBMD']","[467572377852300864, 467572377853449487, 467572377854665162, 467572377855194276, 467572377853061404]","[0.8057181239128113, 0.8022944927215576, 0.8012872934341431, 0.7985964417457581, 0.7976263165473938]"
624cf635-1421-416e-978a-996781f350c0,ENT,0.9765625,0.02294921875,0.00188446044921875,0.0001544952392578125,True,A,0.1208500862121582,medmcqa_1,"['PBMD', 'PBMD', 'TEXT', 'TEXT', 'PBMD']","[467572377850891386, 467572377854485843, 467523489549926817, 467523489549707367, 467572377856203451]","[0.7799640893936157, 0.7796617150306702, 0.7775683403015137, 0.7774186730384827, 0.7766337394714355]"
69f1a181-5580-4146-ba87-bbd3980f948c,ENT,0.00616455078125,0.0157470703125,0.97265625,0.004241943359375,True,C,0.13979315757751465,medmcqa_1,"['PBMD', 'PBMD', 'PBMD', 'PBMD', 'PBMD']","[467572377852270687, 467572377852448253, 467572377853074611, 467572377852533375, 467572377854097936]","[0.7873588800430298, 0.7816272377967834, 0.7736822366714478, 0.7727830410003662, 0.771079421043396]"
6ace03e9-b26c-455d-a158-71cbf9a0854b,ENT,0.013671875,0.025634765625,0.9609375,0.0010528564453125,True,C,0.1243135929107666,medmcqa_1,"['PBMD', 'PBMD', 'PBMD', 'PBMD', 'PBMD']","[467572377855425804, 467572377853661438, 467572377853323462, 467572377854436194, 467572377850879321]","[0.8084115982055664, 0.8064886331558228, 0.804924726486206, 0.8032563924789429, 0.7963801622390747]"
7a42db5f-21a1-41f2-a436-17f685bbea63,ENT,0.78125,0.1201171875,0.05322265625,0.044189453125,True,A,0.2019186019897461,medmcqa_1,"['PBMD', 'PBMD', 'PBMD', 'PBMD', 'PBMD']","[467572377856708332, 467572377855124604, 467572377853138156, 467572377852503394, 467572377852346981]","[0.767494261264801, 0.7604155540466309, 0.7557679414749146, 0.7502453923225403, 0.7499961256980896]"
50c890ad-538a-4ca0-9900-4736b795af01,ENT,0.337890625,0.0751953125,0.205078125,0.3828125,False,B,0.2019336223602295,medmcqa_1,"['PBMD', 'PBMD', 'PBMD', 'PBMD', 'PBMD']","[467572377854192481, 467572377855483707, 467572377852034485, 467572377853863362, 467572377852276954]","[0.7860079407691956, 0.7831935882568359, 0.7783474326133728, 0.7747364044189453, 0.7686392068862915]"
b192b045-d178-4bbf-8796-3c26dae548f3,ENT,0.01239013671875,0.98828125,0.00079345703125,0.0004520416259765625,True,B,0.12041831016540527,medmcqa_1,"['PBMD', 'PBMD', 'STAT', 'STAT', 'PBMD']","[467572377855512802, 467572377855126868, 467572377850683770, 467572377850338601, 467572377855833469]","[0.8122594952583313, 0.8020298480987549, 0.7957807183265686, 0.788959264755249, 0.7880007028579712]"
8616b528-3a38-4bc5-b002-2e5133f56496,ENT,0.0048828125,0.9921875,0.001495361328125,0.000850677490234375,True,B,0.14977741241455078,medmcqa_1,"['PBMD', 'PBMD', 'PBMD', 'PBMD', 'PBMD']","[467572377855189787, 467572377854832850, 467572377852472240, 467572377853048988, 467572377854836695]","[0.7966039180755615, 0.788425087928772, 0.7872485518455505, 0.7867578268051147, 0.7863016128540039]"
4d1e7661-fffc-42d0-8bed-1e4ecc040fe8,ENT,0.47265625,0.25390625,0.185546875,0.08740234375,False,C,0.1081242561340332,medmcqa_1,"['STAT', 'STAT', 'STAT', 'STAT', 'STAT']","[467572377850321319, 467572377850758621, 467572377850719779, 467572377850730684, 467572377850327642]","[0.8137563467025757, 0.8115359544754028, 0.8111791014671326, 0.8087728023529053, 0.8078530430793762]"
f6bb3faa-6ccb-4838-a2d9-1ae2f2d63e7d,Skin,0.59375,0.07080078125,0.0908203125,0.2470703125,True,A,0.14213871955871582,medmcqa_1,"['STAT', 'STAT', 'STAT', 'PBMD', 'STAT']","[467572377850414790, 467572377850728106, 467572377850728117, 467572377853031305, 467572377850383885]","[0.8110976219177246, 0.808034360408783, 0.8076583743095398, 0.802547037601471, 0.7918766140937805]"
0c970c10-c97d-4025-b24d-e70245231e41,Skin,0.028564453125,0.9453125,0.0208740234375,0.004669189453125,False,C,0.14154386520385742,medmcqa_1,"['PBMD', 'PBMD', 'PBMD', 'PBMD', 'PBMD']","[467572377852175572, 467572377856025374, 467572377855820802, 467572377853543100, 467572377854373763]","[0.768670916557312, 0.7662134170532227, 0.766035795211792, 0.7639038562774658, 0.7624251842498779]"
ce4876e4-6a17-465e-a1c4-6353dad02e85,Skin,0.33984375,0.263671875,0.263671875,0.1328125,False,C,0.19768095016479492,medmcqa_1,"['STAT', 'PBMD', 'PBMD', 'PBMD', 'PBMD']","[467572377850249903, 467572377854532663, 467572377854365076, 467572377853172398, 467572377853820308]","[0.7955142259597778, 0.7910394072532654, 0.7860987186431885, 0.7842795848846436, 0.7829331159591675]"
cc65668e-675f-4422-a28f-96df292dc630,Skin,0.00665283203125,0.0035552978515625,0.0042724609375,0.984375,True,D,0.138413667678833,medmcqa_1,"['PBMD', 'PBMD', 'PBMD', 'PBMD', 'PBMD']","[467572377853001179, 467572377853302230, 467572377853599176, 467572377853600515, 467572377853060886]","[0.8271823525428772, 0.8171349763870239, 0.8164059519767761, 0.8055835962295532, 0.8046422004699707]"
be07e8f6-e306-4b6c-b36e-6ec18e0043e5,Skin,0.15625,0.546875,0.1767578125,0.12158203125,True,B,0.143204927444458,medmcqa_1,"['PBMD', 'PBMD', 'PBMD', 'PBMD', 'PBMD']","[467572377853784538, 467572377855916489, 467572377852286885, 467572377855780983, 467572377856637783]","[0.8271178603172302, 0.8240795135498047, 0.8232085704803467, 0.8229911923408508, 0.8223013281822205]"
725d9973-1082-4c9b-b4fb-9c63a4615e63,Skin,0.076171875,0.63671875,0.125,0.1611328125,False,D,0.11358380317687988,medmcqa_1,"['PBMD', 'STAT', 'PBMD', 'PBMD', 'PBMD']","[467572377852800774, 467572377850785741, 467572377853127844, 467572377855914301, 467572377853052670]","[0.7984675168991089, 0.7974439859390259, 0.785285234451294, 0.78294438123703, 0.7794761657714844]"
aa677f5e-3b2c-4ec8-8b77-78610a8a38cf,Skin,0.82421875,0.0986328125,0.02490234375,0.052734375,True,A,0.0891423225402832,medmcqa_1,"['PBMD', 'PBMD', 'PBMD', 'PBMD', 'PBMD']","[467572377854898768, 467572377852606375, 467572377853298642, 467572377853611829, 467572377854408227]","[0.8159658908843994, 0.8132057189941406, 0.8115159869194031, 0.8068339824676514, 0.7976565361022949]"
0f49668c-7988-48a6-ba11-ad49aa561259,Skin,0.047607421875,0.0224609375,0.65625,0.2734375,False,D,0.20610547065734863,medmcqa_1,"['PBMD', 'PBMD', 'PBMD', 'PBMD', 'PBMD']","[467572377853916383, 467572377856445261, 467572377852044515, 467572377853482893, 467572377854616822]","[0.7851971387863159, 0.7816491723060608, 0.7807175517082214, 0.7805334329605103, 0.7792170643806458]"
ce7d3beb-17f5-416a-9584-6fdf807f4d99,Skin,0.341796875,0.008544921875,0.01171875,0.63671875,True,D,0.12508201599121094,medmcqa_1,"['PBMD', 'PBMD', 'PBMD', 'PBMD', 'PBMD']","[467572377856914270, 467572377852100275, 467572377854771528, 467572377853168767, 467572377855517556]","[0.8385612368583679, 0.833655595779419, 0.8213854432106018, 0.8183297514915466, 0.8178675770759583]"
6f78cdec-b48a-497c-bf8d-6b5b9b083ecf,Skin,0.447265625,0.5078125,0.034423828125,0.0126953125,False,A,0.24750113487243652,medmcqa_1,"['PBMD', 'PBMD', 'PBMD', 'PBMD', 'PBMD']","[467572377854109661, 467572377853064560, 467572377852280698, 467572377853839755, 467572377852348669]","[0.7900174260139465, 0.7789294123649597, 0.7787138819694519, 0.7782989740371704, 0.7781926989555359]"
53cc935b-3123-4b83-ad62-307b2b736c9e,Skin,0.019775390625,0.07373046875,0.0087890625,0.8984375,False,C,0.13776087760925293,medmcqa_1,"['PBMD', 'PBMD', 'PBMD', 'PBMD', 'PBMD']","[467572377852441255, 467572377856154717, 467572377854510580, 467572377855234281, 467572377856837222]","[0.77884840965271, 0.7776769399642944, 0.7763627767562866, 0.7729549407958984, 0.7724387049674988]"
c8d2885b-1529-4575-abcd-b8afdfb64512,Skin,0.021728515625,0.052001953125,0.921875,0.004547119140625,True,C,0.1528637409210205,medmcqa_1,"['PBMD', 'PBMD', 'PBMD', 'PBMD', 'PBMD']","[467572377852484614, 467572377850932698, 467572377853060010, 467572377854152829, 467572377854162705]","[0.7769131064414978, 0.7750409841537476, 0.773694634437561, 0.7725021243095398, 0.771041750907898]"
105be08b-3a40-4e47-831d-f8cae8b90240,Skin,0.016845703125,0.9765625,0.00138092041015625,0.003753662109375,True,B,0.16692113876342773,medmcqa_1,"['PBMD', 'STAT', 'TEXT', 'STAT', 'PBMD']","[467572377855730807, 467572377850729331, 467523489549980594, 467572377850234231, 467572377855547948]","[0.7952376008033752, 0.783769428730011, 0.7829214930534363, 0.7808968424797058, 0.7708723545074463]"
02b5fc8b-8dd7-4de9-84b8-ea71c32aac57,Skin,0.3125,0.08935546875,0.515625,0.083984375,False,D,0.17755341529846191,medmcqa_1,"['PBMD', 'PBMD', 'PBMD', 'PBMD', 'PBMD']","[467572377855288668, 467572377855283983, 467572377853142794, 467572377856607216, 467572377852761363]","[0.7755727171897888, 0.7744163870811462, 0.7715717554092407, 0.7714301347732544, 0.7706383466720581]"
344d849d-fe32-41d8-853f-b02b41028d71,Skin,0.005889892578125,0.9921875,0.00140380859375,0.000377655029296875,True,B,0.1098477840423584,medmcqa_1,"['PBMD', 'PBMD', 'PBMD', 'STAT', 'PBMD']","[467572377852100275, 467572377854212343, 467572377853603342, 467572377850625265, 467572377855517556]","[0.8136374950408936, 0.8079173564910889, 0.8070317506790161, 0.805706262588501, 0.8055315017700195]"
26124571-60c3-4509-9c33-981bc3b40054,Skin,0.1943359375,0.006256103515625,0.02978515625,0.76953125,True,D,0.12384605407714844,medmcqa_1,"['STAT', 'PBMD', 'STAT', 'TEXT', 'PBMD']","[467572377850380060, 467572377854222398, 467572377850738880, 467523489549928616, 467572377852919998]","[0.7750914096832275, 0.7555211782455444, 0.753788948059082, 0.7502367496490479, 0.7458918690681458]"
8e12446e-b9b5-4152-8cc5-9ef959931a31,Skin,0.047607421875,0.1875,0.7421875,0.0211181640625,True,C,0.1228642463684082,medmcqa_1,"['PBMD', 'PBMD', 'PBMD', 'PBMD', 'PBMD']","[467572377852177739, 467572377852562986, 467572377852950163, 467572377854717810, 467572377855821627]","[0.8086674213409424, 0.7967506647109985, 0.7911278009414673, 0.7901081442832947, 0.7872952818870544]"
