id,subject,probA,probB,probC,probD,result,answer,time,split,sources,ids,similarity
f118395f-4528-4983-bea5-0ed03d38208e,Physiology,0.039794921875,0.022705078125,0.796875,0.138671875,True,C,0.14971351623535156,medmcqa_1,"['PBMD', 'PBMD', 'PBMD', 'PBMD', 'PBMD']","[467572377854315116, 467572377853515525, 467572377854237121, 467572377854774488, 467572377855321177]","[0.8044005632400513, 0.8034235239028931, 0.8033308982849121, 0.7965479493141174, 0.7961485385894775]"
d8db0f15-b2c5-4f1f-b1c0-b18b2b9e450a,Physiology,0.01495361328125,0.984375,0.000896453857421875,0.00130462646484375,True,B,0.04934525489807129,medmcqa_1,"['STAT', 'TEXT', 'PBMD', 'PBMD', 'PBMD']","[467572377850665593, 467523489549952220, 467572377854798445, 467572377854594395, 467572377856867927]","[0.7687163352966309, 0.768103301525116, 0.7667006254196167, 0.7654138803482056, 0.7648545503616333]"
8d25c009-57d6-4aed-9ca8-1eb9f9c57ad8,Physiology,0.01397705078125,0.98046875,0.00201416015625,0.0037689208984375,False,A,0.08040475845336914,medmcqa_1,"['PBMD', 'PBMD', 'PBMD', 'PBMD', 'PBMD']","[467572377853853359, 467572377856236954, 467572377853082143, 467572377856062575, 467572377850971550]","[0.8204094171524048, 0.8197014331817627, 0.8179014325141907, 0.8162197470664978, 0.8135808706283569]"
69f564f9-694d-43ab-8d91-90ef47b015e5,Physiology,0.0062255859375,0.008544921875,0.984375,8.344650268554688e-05,True,C,0.10226607322692871,medmcqa_1,"['PBMD', 'PBMD', 'PBMD', 'PBMD', 'PBMD']","[467572377853593515, 467572377853720738, 467572377853188778, 467572377853671983, 467572377855292906]","[0.8199339509010315, 0.8192243576049805, 0.8174973726272583, 0.8168256878852844, 0.816555917263031]"
f1d08577-38a4-444d-99b0-29ad1d6870b5,Physiology,0.01080322265625,0.0027313232421875,0.0147705078125,0.97265625,True,D,0.05781888961791992,medmcqa_1,"['PBMD', 'PBMD', 'TEXT', 'TEXT', 'PBMD']","[467572377852097471, 467572377854339927, 467523489549989801, 467523489549989803, 467572377854661534]","[0.7933436632156372, 0.791771650314331, 0.786700427532196, 0.7824226021766663, 0.7807444334030151]"
cdc9eb94-3316-4421-98c0-c1be3c715127,Physiology,0.0087890625,0.09423828125,0.89453125,0.0011138916015625,True,C,0.057651519775390625,medmcqa_1,"['PBMD', 'PBMD', 'PBMD', 'PBMD', 'PBMD']","[467572377855069031, 467572377852049446, 467572377853964871, 467572377854825912, 467572377854936119]","[0.8759161829948425, 0.8673247694969177, 0.8663037419319153, 0.8662019371986389, 0.8514087200164795]"
35048284-32dd-49a1-bb4b-8bbe09ae450f,Physiology,0.9765625,0.006561279296875,0.016845703125,0.00069427490234375,True,A,0.05016732215881348,medmcqa_1,"['PBMD', 'PBMD', 'TEXT', 'TEXT', 'TEXT']","[467572377852672829, 467572377854555685, 467523489549677152, 467523489549949611, 467523489549989056]","[0.7820040583610535, 0.7763692140579224, 0.7690632343292236, 0.7631374597549438, 0.7562211751937866]"
8187c0c7-2920-480b-ac9e-a8c60b084fc1,Physiology,0.00433349609375,0.99609375,0.000354766845703125,0.0004863739013671875,True,B,0.061928749084472656,medmcqa_1,"['TEXT', 'TEXT', 'PBMD', 'PBMD', 'PBMD']","[467523489549684457, 467523489549684430, 467572377852387815, 467572377854846792, 467572377853287106]","[0.782078742980957, 0.7819663286209106, 0.7763172388076782, 0.7724484801292419, 0.7717633843421936]"
e3da4d08-c7e6-4873-9bac-62cf7bc78e6a,Physiology,0.01318359375,0.005157470703125,0.98046875,0.00010061264038085938,True,C,0.08382105827331543,medmcqa_1,"['PBMD', 'STAT', 'PBMD', 'PBMD', 'PBMD']","[467572377854168133, 467572377850643875, 467572377853682271, 467572377854163363, 467572377855335267]","[0.7964073419570923, 0.7931321263313293, 0.7922294735908508, 0.7919375896453857, 0.7917153239250183]"
a3b727ae-d59e-4cf6-a8c8-7b883fe2b4dc,Physiology,0.021484375,0.0032806396484375,0.005096435546875,0.96875,True,D,0.06232023239135742,medmcqa_1,"['PBMD', 'PBMD', 'PBMD', 'PBMD', 'PBMD']","[467572377852106967, 467572377852107006, 467572377855363198, 467572377853523844, 467572377853666998]","[0.8216453194618225, 0.8117199540138245, 0.8046782612800598, 0.8023942112922668, 0.8000354170799255]"
4f896369-a8ab-4770-8bd8-62a456719d4b,Physiology,0.06396484375,0.043701171875,0.87890625,0.0125732421875,True,C,0.08181428909301758,medmcqa_1,"['PBMD', 'PBMD', 'PBMD', 'PBMD', 'PBMD']","[467572377852728887, 467572377853339960, 467572377854917793, 467572377855835699, 467572377854620070]","[0.7858209609985352, 0.772599458694458, 0.7712275385856628, 0.77059006690979, 0.7704254984855652]"
c857f164-768c-4cd8-8a80-b3df0acd7a1a,Physiology,0.0277099609375,0.07568359375,0.8125,0.08544921875,True,C,0.08345389366149902,medmcqa_1,"['STAT', 'TEXT', 'PBMD', 'PBMD', 'PBMD']","[467572377850648692, 467523489549988226, 467572377853975378, 467572377853864614, 467572377854212641]","[0.7498336434364319, 0.7432525753974915, 0.7384633421897888, 0.7366564273834229, 0.7324451208114624]"
007957c6-bab1-4550-9e08-f25f07a12fa3,Physiology,0.6953125,0.19921875,0.05029296875,0.056884765625,True,A,0.047057390213012695,medmcqa_1,"['TEXT', 'PBMD', 'PBMD', 'PBMD', 'PBMD']","[467523489549677318, 467572377852053309, 467572377850801926, 467572377854270753, 467572377856294474]","[0.8019090890884399, 0.7931027412414551, 0.7919229865074158, 0.789422869682312, 0.7887886166572571]"
64fc3371-2e53-440c-9d5c-460717f8422f,Physiology,0.0054931640625,0.01025390625,0.984375,0.0017852783203125,True,C,0.048647165298461914,medmcqa_1,"['PBMD', 'PBMD', 'PBMD', 'PBMD', 'PBMD']","[467572377854658569, 467572377854503600, 467572377852603310, 467572377850896128, 467572377853501186]","[0.7574394941329956, 0.7438778281211853, 0.7403572201728821, 0.7399210929870605, 0.7396843433380127]"
ef7cf618-4ec6-4a0d-b8dd-13e5f5349922,Physiology,0.44921875,0.12890625,0.11376953125,0.30859375,True,A,0.07158327102661133,medmcqa_1,"['PBMD', 'PBMD', 'PBMD', 'PBMD', 'PBMD']","[467572377854490007, 467572377856707848, 467572377854444318, 467572377854341275, 467572377853317787]","[0.8209633827209473, 0.8086142539978027, 0.8069374561309814, 0.8023385405540466, 0.8010876178741455]"
bc88879b-5238-4c60-b419-54d0c73f4366,Physiology,0.0546875,0.85546875,0.01220703125,0.07958984375,True,B,0.07239055633544922,medmcqa_1,"['TEXT', 'TEXT', 'TEXT', 'PBMD', 'PBMD']","[467523489549678593, 467523489549991711, 467523489549991746, 467572377854082454, 467572377853492265]","[0.8713029623031616, 0.8483952283859253, 0.8474828004837036, 0.8468493223190308, 0.8440245389938354]"
fca2c479-58e2-48f9-bfb6-3359e8e5bf4c,Physiology,0.224609375,0.047119140625,0.474609375,0.25390625,False,A,0.07720041275024414,medmcqa_1,"['PBMD', 'PBMD', 'PBMD', 'TEXT', 'PBMD']","[467572377853222054, 467572377855571851, 467572377852457201, 467523489549982110, 467572377855321842]","[0.8037110567092896, 0.7916371822357178, 0.7883809208869934, 0.7855851054191589, 0.7848360538482666]"
a45448fd-ada4-414c-9d40-d0fe03342ca0,Physiology,0.396484375,0.349609375,0.041748046875,0.2119140625,True,A,0.06787371635437012,medmcqa_1,"['PBMD', 'PBMD', 'PBMD', 'PBMD', 'PBMD']","[467572377854639680, 467572377854982586, 467572377853799505, 467572377852061235, 467572377854515295]","[0.7628229856491089, 0.7606650590896606, 0.7603129148483276, 0.7569034695625305, 0.7548916935920715]"
62bfdfd6-e964-4f87-b185-fd7a9cc1334c,Physiology,0.81640625,0.0380859375,0.1328125,0.01239013671875,True,A,0.07665348052978516,medmcqa_1,"['PBMD', 'PBMD', 'PBMD', 'PBMD', 'PBMD']","[467572377852490587, 467572377856589952, 467572377856237538, 467572377852240931, 467572377855298504]","[0.7295008897781372, 0.7262042164802551, 0.7252986431121826, 0.7243002653121948, 0.7239717841148376]"
c944359d-bcb3-4e51-91ee-be3f49014489,Physiology,0.0888671875,0.2412109375,0.396484375,0.2734375,True,C,0.043921709060668945,medmcqa_1,"['PBMD', 'PBMD', 'PBMD', 'PBMD', 'PBMD']","[467572377850828489, 467572377854661534, 467572377852673050, 467572377852622209, 467572377854577066]","[0.7705036997795105, 0.7698869109153748, 0.7648808360099792, 0.7647680640220642, 0.7627546787261963]"
b721aaba-bb65-45e3-a6c5-e64c9a940bcd,Dental,0.984375,0.01165771484375,0.0015716552734375,0.0035400390625,True,A,0.06674408912658691,medmcqa_1,"['PBMD', 'PBMD', 'PBMD', 'PBMD', 'PBMD']","[467572377855886829, 467572377852419327, 467572377854147111, 467572377855534469, 467572377854387491]","[0.8345651030540466, 0.829047441482544, 0.8226273059844971, 0.8188464641571045, 0.8136544227600098]"
b670ea0e-dc47-4aa2-9223-88c7e5d07578,Dental,0.052978515625,0.94140625,0.00408935546875,0.002197265625,False,A,0.04836893081665039,medmcqa_1,"['PBMD', 'PBMD', 'PBMD', 'PBMD', 'PBMD']","[467572377854739288, 467572377852514105, 467572377853820243, 467572377852553142, 467572377850925814]","[0.8228408098220825, 0.8131971955299377, 0.8075294494628906, 0.8064792156219482, 0.7992516160011292]"
f5b73fe0-0e40-4f9d-9e90-55b3ef376cda,Dental,0.0035858154296875,0.9921875,0.00140380859375,0.00109100341796875,True,B,0.048874855041503906,medmcqa_1,"['PBMD', 'PBMD', 'STAT', 'PBMD', 'PBMD']","[467572377853852279, 467572377856233113, 467572377850382019, 467572377853425831, 467572377856173814]","[0.8521437048912048, 0.8372354507446289, 0.8368843197822571, 0.8079591989517212, 0.794104814529419]"
22241403-a172-4830-9fae-5ae93c60ded3,Dental,0.150390625,0.263671875,0.337890625,0.248046875,False,B,0.0314028263092041,medmcqa_1,"['TEXT', 'TEXT', 'TEXT', 'TEXT', 'TEXT']","[467523489549691990, 467523489549678035, 467523489549992321, 467523489549983051, 467523489549983570]","[0.6640399098396301, 0.6640399098396301, 0.6640399098396301, 0.6596677899360657, 0.6596677899360657]"
4692925c-127b-429f-a541-9d4bcca72fdd,Dental,0.0830078125,0.1064453125,0.61328125,0.1982421875,True,C,0.07075190544128418,medmcqa_1,"['STAT', 'PBMD', 'PBMD', 'PBMD', 'PBMD']","[467572377850353091, 467572377856028541, 467572377853209141, 467572377855901032, 467572377852807882]","[0.7906887531280518, 0.7777786254882812, 0.7777582406997681, 0.7689874768257141, 0.7664169669151306]"
464e0ed6-7dfc-4daa-8596-d6afb7a7deda,Dental,0.248046875,0.318359375,0.28125,0.150390625,False,C,0.04810690879821777,medmcqa_1,"['PBMD', 'PBMD', 'PBMD', 'PBMD', 'PBMD']","[467572377850920695, 467572377853268918, 467572377852944865, 467572377855080621, 467572377853053256]","[0.8188408017158508, 0.8145104646682739, 0.8127708435058594, 0.7957515716552734, 0.7956340312957764]"
226c07d5-7b35-424f-80d4-faf5ba780b0f,Dental,0.1484375,0.130859375,0.58984375,0.130859375,False,A,0.07990193367004395,medmcqa_1,"['PBMD', 'PBMD', 'PBMD', 'PBMD', 'PBMD']","[467572377856350691, 467572377855999475, 467572377855437562, 467572377856696685, 467572377855799174]","[0.8053714036941528, 0.7956902980804443, 0.7941012382507324, 0.7911221385002136, 0.7897605895996094]"
0a4074c4-d530-4e2c-a2d5-75a4e05ea1eb,Dental,0.25390625,0.5390625,0.099609375,0.10595703125,False,A,0.07213306427001953,medmcqa_1,"['STAT', 'PBMD', 'PBMD', 'PBMD', 'STAT']","[467572377850729682, 467572377856313043, 467572377856286035, 467572377854822018, 467572377850729698]","[0.8381460905075073, 0.8369622230529785, 0.8335127830505371, 0.8284960985183716, 0.804947018623352]"
21cac9b8-25c0-43e4-b339-489d23ba9cc7,Dental,0.021484375,0.1025390625,0.0189208984375,0.85546875,True,D,0.0482020378112793,medmcqa_1,"['PBMD', 'PBMD', 'PBMD', 'PBMD', 'PBMD']","[467572377852796132, 467572377856692318, 467572377855818237, 467572377853268953, 467572377852360482]","[0.8224782943725586, 0.8171902298927307, 0.8150531053543091, 0.813370406627655, 0.8048408031463623]"
9a2d90a6-8c0e-4890-b578-5ba415cbb724,Dental,1.0,0.00070953369140625,0.0006256103515625,2.1457672119140625e-05,True,A,0.061963558197021484,medmcqa_1,"['PBMD', 'PBMD', 'PBMD', 'PBMD', 'PBMD']","[467572377856726356, 467572377854070590, 467572377856252690, 467572377854570982, 467572377852455679]","[0.7828401923179626, 0.761474609375, 0.7579814195632935, 0.7560633420944214, 0.7503921985626221]"
bdc9afd4-4764-4dac-9bdd-270c0442f940,Dental,0.279296875,0.51953125,0.1689453125,0.03125,False,C,0.06878042221069336,medmcqa_1,"['PBMD', 'PBMD', 'TEXT', 'TEXT', 'PBMD']","[467572377854014452, 467572377856061329, 467523489549956551, 467523489549933019, 467572377856150616]","[0.7457325458526611, 0.7428074479103088, 0.7427564263343811, 0.7419851422309875, 0.7414594292640686]"
9fb5159d-7f92-4bd2-97c5-a511239aba66,Dental,0.09814453125,0.1728515625,0.1259765625,0.6015625,True,D,0.05695319175720215,medmcqa_1,"['PBMD', 'PBMD', 'PBMD', 'PBMD', 'PBMD']","[467572377852252989, 467572377856154717, 467572377853389640, 467572377853812520, 467572377854539278]","[0.8345813155174255, 0.8174635767936707, 0.8063812851905823, 0.8055424690246582, 0.8046890497207642]"
ab783e09-db8e-41ba-91a8-9a1177e330a4,Dental,0.69921875,0.10693359375,0.039306640625,0.1552734375,False,D,0.058476924896240234,medmcqa_1,"['PBMD', 'PBMD', 'PBMD', 'PBMD', 'PBMD']","[467572377854838462, 467572377853132133, 467572377854824473, 467572377850926783, 467572377852510275]","[0.7959200143814087, 0.7902201414108276, 0.7668370604515076, 0.7665585279464722, 0.7555805444717407]"
5c8742ef-a523-4055-bf6f-eb6f637bf434,Dental,0.435546875,0.16015625,0.263671875,0.1416015625,False,C,0.07177853584289551,medmcqa_1,"['PBMD', 'PBMD', 'PBMD', 'PBMD', 'PBMD']","[467572377853944729, 467572377855315233, 467572377854823388, 467572377855646914, 467572377854818685]","[0.802042543888092, 0.8000316619873047, 0.7992101907730103, 0.7985351085662842, 0.7977782487869263]"
bb06a065-c2ef-43b4-8f28-baeccaecae73,Dental,0.0157470703125,0.9765625,0.0033111572265625,0.00482177734375,True,B,0.06826925277709961,medmcqa_1,"['PBMD', 'PBMD', 'PBMD', 'PBMD', 'PBMD']","[467572377856335649, 467572377856654325, 467572377855097492, 467572377855169107, 467572377856725143]","[0.7937597632408142, 0.7836519479751587, 0.773259162902832, 0.7726984024047852, 0.771845281124115]"
735cd33b-7abc-45ff-8d1a-cf39440125f1,Dental,1.0,0.00075531005859375,9.584426879882812e-05,2.0742416381835938e-05,True,A,0.04549527168273926,medmcqa_1,"['STAT', 'PBMD', 'STAT', 'PBMD', 'PBMD']","[467572377850357670, 467572377850928183, 467572377850246739, 467572377854730384, 467572377850896270]","[0.8239312171936035, 0.8124285936355591, 0.8122873902320862, 0.80808424949646, 0.8055599927902222]"
3822ee5c-3460-4ded-9d24-0f028e80b2a3,Dental,0.134765625,0.416015625,0.1962890625,0.251953125,False,C,0.06707620620727539,medmcqa_1,"['PBMD', 'PBMD', 'PBMD', 'PBMD', 'PBMD']","[467572377856975937, 467572377850923548, 467572377856704470, 467572377853346558, 467572377854826704]","[0.7946697473526001, 0.7878867387771606, 0.7748647928237915, 0.7738707065582275, 0.7699908018112183]"
d783ae1e-458d-49bc-93a8-d19af3f90aaf,Dental,0.2236328125,0.369140625,0.25390625,0.1533203125,True,B,0.06551432609558105,medmcqa_1,"['PBMD', 'PBMD', 'PBMD', 'PBMD', 'PBMD']","[467572377853377156, 467572377853294264, 467572377853474355, 467572377852252528, 467572377855685637]","[0.7832623720169067, 0.7792950868606567, 0.7657745480537415, 0.7612099647521973, 0.7582570314407349]"
3132d41a-ba97-4935-a3bb-b98db7c190b7,Dental,0.031982421875,0.87890625,0.07666015625,0.01177978515625,True,B,0.06012678146362305,medmcqa_1,"['PBMD', 'PBMD', 'TEXT', 'TEXT', 'STAT']","[467572377854357030, 467572377852298534, 467523489550000044, 467523489550000043, 467572377850785447]","[0.823578953742981, 0.8177986145019531, 0.811749279499054, 0.8029062747955322, 0.8004604578018188]"
a7b3a003-db8b-481c-81e0-64e512e7c03e,Dental,1.0,0.00096893310546875,0.0002613067626953125,6.580352783203125e-05,True,A,0.044745683670043945,medmcqa_1,"['PBMD', 'PBMD', 'PBMD', 'PBMD', 'PBMD']","[467572377856154717, 467572377850957974, 467572377852936952, 467572377852441292, 467572377853812520]","[0.8409690856933594, 0.8331426978111267, 0.8160472512245178, 0.8123616576194763, 0.8118833303451538]"
055998c6-ad63-4215-88d5-6574826b3202,Surgery,0.31640625,0.5546875,0.1025390625,0.027587890625,False,C,0.05856800079345703,medmcqa_1,"['TEXT', 'PBMD', 'TEXT', 'STAT', 'STAT']","[467523489550008067, 467572377852706848, 467523489550007178, 467572377850388803, 467572377850388805]","[0.7753688097000122, 0.7722521424293518, 0.7645410299301147, 0.7643393874168396, 0.7620412111282349]"
2baa0379-8b30-4a0c-afe6-d3348f0ba71c,Surgery,0.060791015625,0.036865234375,0.89453125,0.0087890625,True,C,0.07311439514160156,medmcqa_1,"['PBMD', 'PBMD', 'PBMD', 'PBMD', 'PBMD']","[467572377853267585, 467572377852184127, 467572377852174190, 467572377856471186, 467572377852579540]","[0.7848253846168518, 0.7793852686882019, 0.7780870795249939, 0.7761253118515015, 0.7748262882232666]"
3ae0e41d-be3d-4652-8f71-33e02486cede,Surgery,0.2421875,0.1298828125,0.275390625,0.353515625,False,A,0.04482436180114746,medmcqa_1,"['STAT', 'STAT', 'PBMD', 'STAT', 'TEXT']","[467572377850626411, 467572377850293702, 467572377852326133, 467572377850293727, 467523489549960086]","[0.8295043706893921, 0.8288860321044922, 0.8223081231117249, 0.8190557360649109, 0.8172687888145447]"
10220c90-3a0b-4c68-bdaf-e7ab2e2d7990,Surgery,0.466796875,0.1337890625,0.11767578125,0.283203125,True,A,0.0579829216003418,medmcqa_1,"['PBMD', 'PBMD', 'PBMD', 'PBMD', 'PBMD']","[467572377855387808, 467572377852654880, 467572377856298691, 467572377853367808, 467572377853661534]","[0.8221442103385925, 0.8201063871383667, 0.8195608258247375, 0.8193874359130859, 0.8187395930290222]"
a4e64054-f527-4cd3-9888-616ac302ea46,Surgery,0.99609375,0.00066375732421875,0.0023193359375,0.0002155303955078125,True,A,0.059964656829833984,medmcqa_1,"['PBMD', 'STAT', 'PBMD', 'PBMD', 'PBMD']","[467572377854866487, 467572377850224575, 467572377855170889, 467572377853811413, 467572377853964291]","[0.7758702039718628, 0.7707363963127136, 0.7683281898498535, 0.7670336961746216, 0.7668329477310181]"
02fe1980-4b2b-4e61-9c8b-f2210dd4259a,Surgery,0.1572265625,0.0240478515625,0.0225830078125,0.796875,True,D,0.05694890022277832,medmcqa_1,"['TEXT', 'PBMD', 'PBMD', 'PBMD', 'PBMD']","[467523489549936332, 467572377854590938, 467572377853191154, 467572377852939780, 467572377856052734]","[0.7660427093505859, 0.7626568078994751, 0.7486816644668579, 0.7427225112915039, 0.7416843175888062]"
01b202ad-2a98-4604-beaf-5fa8445aabc9,Surgery,0.01483154296875,0.006988525390625,0.0030975341796875,0.9765625,True,D,0.0708920955657959,medmcqa_1,"['PBMD', 'PBMD', 'PBMD', 'STAT', 'PBMD']","[467572377854949981, 467572377852329861, 467572377856896066, 467572377850672936, 467572377852571051]","[0.8418253660202026, 0.8118930459022522, 0.8054419159889221, 0.8036823272705078, 0.8009418249130249]"
a4f94942-2b95-40d5-8dbc-d17832ddfa27,Surgery,0.020263671875,0.0019989013671875,0.9765625,0.00177001953125,True,C,0.04991507530212402,medmcqa_1,"['TEXT', 'PBMD', 'TEXT', 'PBMD', 'PBMD']","[467523489550007968, 467572377856822750, 467523489549979291, 467572377852358594, 467572377852736949]","[0.8054794669151306, 0.7934848070144653, 0.792763888835907, 0.7871053814888, 0.7856948375701904]"
897d6414-57a4-458a-bf59-c5c36436f60a,Surgery,0.158203125,0.011474609375,0.02587890625,0.8046875,True,D,0.06716561317443848,medmcqa_1,"['TEXT', 'PBMD', 'PBMD', 'PBMD', 'PBMD']","[467523489550002942, 467572377852856738, 467572377852863809, 467572377852030164, 467572377853427009]","[0.8238845467567444, 0.8234416246414185, 0.8205601572990417, 0.8190226554870605, 0.8175559043884277]"
b36429ed-4615-4ae7-8215-78589e7ab8ca,Surgery,0.002471923828125,0.00159454345703125,0.99609375,0.000705718994140625,True,C,0.05717325210571289,medmcqa_1,"['STAT', 'PBMD', 'STAT', 'PBMD', 'PBMD']","[467572377850333872, 467572377855564403, 467572377850385638, 467572377853388668, 467572377853687923]","[0.7829656600952148, 0.7714245319366455, 0.7707902789115906, 0.7628515362739563, 0.7599349617958069]"
72183745-dee9-4741-b98e-18e7955ac10f,Surgery,0.71484375,0.020263671875,0.1806640625,0.08544921875,True,A,0.046018123626708984,medmcqa_1,"['PBMD', 'PBMD', 'PBMD', 'PBMD', 'PBMD']","[467572377854693774, 467572377852043714, 467572377854935241, 467572377856289065, 467572377855293498]","[0.7969658374786377, 0.7851985692977905, 0.7780757546424866, 0.7649879455566406, 0.7636741399765015]"
b28af576-2865-4bef-bf83-2d8532c0fa87,Surgery,0.032470703125,0.421875,0.54296875,0.0022125244140625,False,B,0.08391046524047852,medmcqa_1,"['PBMD', 'PBMD', 'PBMD', 'PBMD', 'PBMD']","[467572377853840196, 467572377856348265, 467572377856060401, 467572377853542324, 467572377853001560]","[0.78489089012146, 0.784767210483551, 0.7843825221061707, 0.7836011648178101, 0.7807784080505371]"
c2c0ce16-6def-46e9-a094-e8ea3c75e31b,Surgery,0.123046875,0.625,0.1787109375,0.07470703125,True,B,0.07079386711120605,medmcqa_1,"['STAT', 'PBMD', 'STAT', 'STAT', 'PBMD']","[467572377850781606, 467572377855502570, 467572377850273723, 467572377850774316, 467572377856411052]","[0.8011192083358765, 0.7907493114471436, 0.7854869365692139, 0.784500777721405, 0.7803248763084412]"
56f7ad6c-ae89-48e0-8f6e-ab9bb764090a,Surgery,0.10302734375,0.0260009765625,0.86328125,0.0079345703125,True,C,0.06128859519958496,medmcqa_1,"['PBMD', 'PBMD', 'PBMD', 'PBMD', 'PBMD']","[467572377851016437, 467572377852135606, 467572377854825339, 467572377856469997, 467572377850918993]","[0.774685263633728, 0.7745012640953064, 0.7730592489242554, 0.7696854472160339, 0.7681561708450317]"
aee13bb1-d403-43b5-9df3-c6bf6c9418c7,Surgery,0.0283203125,0.9375,0.01611328125,0.0172119140625,True,B,0.07007050514221191,medmcqa_1,"['PBMD', 'PBMD', 'PBMD', 'PBMD', 'PBMD']","[467572377853155071, 467572377854146098, 467572377853936011, 467572377854504067, 467572377850935976]","[0.8496398329734802, 0.8440978527069092, 0.838010311126709, 0.8347558975219727, 0.8302706480026245]"
738ba812-6fe2-4c61-a092-93cf83cde5c7,Surgery,0.0240478515625,0.013671875,0.95703125,0.00390625,False,B,0.04089498519897461,medmcqa_1,"['PBMD', 'PBMD', 'PBMD', 'PBMD', 'PBMD']","[467572377856460107, 467572377853407494, 467572377853789176, 467572377853192689, 467572377853852748]","[0.8045414090156555, 0.797290027141571, 0.7961644530296326, 0.7946760058403015, 0.7942043542861938]"
8a3d1bcf-2aeb-4fd4-b978-5f3c035424f5,Surgery,0.039306640625,0.94921875,0.004669189453125,0.00640869140625,True,B,0.07051730155944824,medmcqa_1,"['PBMD', 'PBMD', 'PBMD', 'PBMD', 'PBMD']","[467572377854969657, 467572377854155256, 467572377852897556, 467572377852800134, 467572377852859284]","[0.7913572788238525, 0.7833885550498962, 0.7815409898757935, 0.7789930701255798, 0.775541365146637]"
d6cb4741-0918-4056-9783-976d80ae9124,Surgery,0.3203125,0.59765625,0.055419921875,0.0279541015625,False,A,0.05902290344238281,medmcqa_1,"['TEXT', 'PBMD', 'PBMD', 'STAT', 'PBMD']","[467523489549979155, 467572377852723418, 467572377855704883, 467572377850621196, 467572377853827137]","[0.7818815112113953, 0.7786895036697388, 0.7752897143363953, 0.772550642490387, 0.7710137963294983]"
1f70c017-d41a-46d2-8c8c-fb3aa4ab2552,Surgery,0.8828125,0.0498046875,0.0439453125,0.0235595703125,True,A,0.05854916572570801,medmcqa_1,"['PBMD', 'PBMD', 'PBMD', 'PBMD', 'PBMD']","[467572377855712883, 467572377855012371, 467572377854188037, 467572377855854574, 467572377854331183]","[0.802139937877655, 0.7997247576713562, 0.7879818081855774, 0.7804028391838074, 0.7801281213760376]"
28fe7bd7-c4c3-44e4-813f-06f096c129a0,Surgery,0.2294921875,0.70703125,0.022705078125,0.04248046875,False,A,0.07433342933654785,medmcqa_1,"['PBMD', 'PBMD', 'PBMD', 'PBMD', 'PBMD']","[467572377853411158, 467572377855004074, 467572377855590611, 467572377856096032, 467572377854039783]","[0.7570773363113403, 0.7565063834190369, 0.7477129101753235, 0.7448744177818298, 0.7444058060646057]"
c6aaec93-d7b1-4746-8e30-9abdb1c3a3b7,Orthopaedics,0.796875,0.1220703125,0.0654296875,0.01556396484375,True,A,0.04326200485229492,medmcqa_1,"['PBMD', 'PBMD', 'PBMD', 'PBMD', 'PBMD']","[467572377854140726, 467572377853274651, 467572377854634198, 467572377854951242, 467572377852300369]","[0.8373016715049744, 0.811111569404602, 0.8054390549659729, 0.8007529377937317, 0.7964982986450195]"
210e857c-b23b-4f78-96fe-d226f3b11dc8,Orthopaedics,0.025634765625,0.0113525390625,0.9609375,0.0013580322265625,True,C,0.074066162109375,medmcqa_1,"['PBMD', 'PBMD', 'PBMD', 'PBMD', 'PBMD']","[467572377856092397, 467572377854225931, 467572377852087750, 467572377852917124, 467572377856923694]","[0.8192981481552124, 0.8151086568832397, 0.8066585063934326, 0.8050407767295837, 0.8014410734176636]"
e7e3a527-7fa6-4b7e-a3ec-61365882a767,Orthopaedics,0.0006256103515625,1.0,0.0002956390380859375,8.487701416015625e-05,True,B,0.03902745246887207,medmcqa_1,"['PBMD', 'PBMD', 'PBMD', 'STAT', 'PBMD']","[467572377854716019, 467572377854007854, 467572377855075640, 467572377850225751, 467572377850922821]","[0.825884222984314, 0.8245752453804016, 0.8166700601577759, 0.8149011731147766, 0.8110389709472656]"
49fe11d4-b070-4ee9-ba0e-909dad1d38ff,Orthopaedics,0.0458984375,0.05224609375,0.181640625,0.71875,True,D,0.04919719696044922,medmcqa_1,"['TEXT', 'TEXT', 'STAT', 'STAT', 'STAT']","[467523489549980646, 467523489549687706, 467572377850746417, 467572377850326642, 467572377850263116]","[0.8131073713302612, 0.8072652220726013, 0.7995709180831909, 0.7910172939300537, 0.7901893854141235]"
2c3adf10-2bb9-4f73-a3f7-963a05a2267c,Orthopaedics,0.091796875,0.193359375,0.11767578125,0.59765625,False,B,0.04468941688537598,medmcqa_1,"['PBMD', 'PBMD', 'PBMD', 'PBMD', 'PBMD']","[467572377856403223, 467572377853886309, 467572377850857745, 467572377852088447, 467572377854959822]","[0.7387241721153259, 0.7307141423225403, 0.7229865193367004, 0.7213292121887207, 0.7211663722991943]"
dd0ce306-3d34-4afb-9443-47716f2347f2,Orthopaedics,1.0,0.0006256103515625,0.000457763671875,0.00040435791015625,True,A,0.04159832000732422,medmcqa_1,"['PBMD', 'PBMD', 'PBMD', 'PBMD', 'PBMD']","[467572377853837958, 467572377854959070, 467572377853787657, 467572377853180091, 467572377852313595]","[0.860185444355011, 0.8522419333457947, 0.8478193879127502, 0.8432461619377136, 0.8366172313690186]"
467ca474-9ee2-4122-a9ae-14f5bb994635,Orthopaedics,0.53125,0.162109375,0.15234375,0.15234375,True,A,0.06889820098876953,medmcqa_1,"['PBMD', 'PBMD', 'PBMD', 'PBMD', 'PBMD']","[467572377853140339, 467572377855339537, 467572377855485862, 467572377852510668, 467572377854035897]","[0.7511924505233765, 0.7501999139785767, 0.7454972267150879, 0.7420273423194885, 0.7420011758804321]"
212dcd83-8837-474c-b922-bef15b945fec,Orthopaedics,0.044189453125,0.474609375,0.474609375,0.00634765625,True,B,0.05935549736022949,medmcqa_1,"['PBMD', 'PBMD', 'PBMD', 'PBMD', 'PBMD']","[467572377854622250, 467572377856052558, 467572377850868964, 467572377854240348, 467572377854959082]","[0.8448436856269836, 0.8417272567749023, 0.8334596753120422, 0.8262567520141602, 0.8198516368865967]"
b1be208c-6d25-41cb-bbfc-19486b6344df,Orthopaedics,0.357421875,0.40625,0.216796875,0.0189208984375,True,B,0.06136679649353027,medmcqa_1,"['PBMD', 'PBMD', 'PBMD', 'PBMD', 'PBMD']","[467572377856765581, 467572377853158810, 467572377855079920, 467572377852089053, 467572377856813060]","[0.7696839570999146, 0.7641629576683044, 0.7631971836090088, 0.76082444190979, 0.7574528455734253]"
cc1ac165-b9d8-4532-bf85-89b7ddb75d74,Orthopaedics,0.447265625,0.1865234375,0.1279296875,0.2392578125,True,A,0.049677133560180664,medmcqa_1,"['PBMD', 'PBMD', 'PBMD', 'PBMD', 'PBMD']","[467572377850980630, 467572377855014034, 467572377852744470, 467572377855163408, 467572377852389289]","[0.7900505065917969, 0.7844530940055847, 0.781043291091919, 0.7774544358253479, 0.7737085223197937]"
27a18022-65ed-4807-b8fb-734b57afebd9,Orthopaedics,0.003814697265625,0.0004863739013671875,0.00116729736328125,0.99609375,True,D,0.062232017517089844,medmcqa_1,"['PBMD', 'STAT', 'STAT', 'PBMD', 'STAT']","[467572377856488941, 467572377850364166, 467572377850407370, 467572377856176855, 467572377850656607]","[0.8025957345962524, 0.7824704647064209, 0.7812156081199646, 0.7803078293800354, 0.7744787335395813]"
e6fe84f7-5bfc-4301-b92f-021f5df18473,Orthopaedics,0.01007080078125,0.9609375,0.00174713134765625,0.025634765625,True,B,0.04664111137390137,medmcqa_1,"['PBMD', 'PBMD', 'PBMD', 'STAT', 'STAT']","[467572377854266219, 467572377856229498, 467572377855146923, 467572377850301738, 467572377850749869]","[0.7865962386131287, 0.7788883447647095, 0.7737133502960205, 0.7705056667327881, 0.7687841653823853]"
cacf2ecc-75c0-4897-bc95-f17f5986bdde,Orthopaedics,0.01397705078125,0.003326416015625,0.0015716552734375,0.98046875,True,D,0.07953810691833496,medmcqa_1,"['PBMD', 'PBMD', 'PBMD', 'PBMD', 'PBMD']","[467572377855234343, 467572377855254548, 467572377852512080, 467572377854080891, 467572377854209124]","[0.8317792415618896, 0.8252861499786377, 0.8208152055740356, 0.8193771839141846, 0.8108436465263367]"
3063f5ea-a0cf-400e-8f0b-e55371207d9d,Orthopaedics,0.038818359375,0.01519775390625,0.94140625,0.00384521484375,True,C,0.04839158058166504,medmcqa_1,"['PBMD', 'PBMD', 'PBMD', 'PBMD', 'STAT']","[467572377852165145, 467572377854903297, 467572377854254537, 467572377854266219, 467572377850415845]","[0.8086832761764526, 0.8046745657920837, 0.7929372787475586, 0.7793948650360107, 0.7555833458900452]"
ea03e2cc-e224-4873-b17d-ff321cad4054,Orthopaedics,0.029052734375,0.007354736328125,0.96484375,7.677078247070312e-05,True,C,0.07154726982116699,medmcqa_1,"['PBMD', 'PBMD', 'PBMD', 'STAT', 'PBMD']","[467572377856268682, 467572377852943765, 467572377854113331, 467572377850746339, 467572377853503187]","[0.7763264775276184, 0.7730067372322083, 0.7609567642211914, 0.7592198252677917, 0.757902979850769]"
4565ee32-3e1b-403e-b9dd-3b87b2941560,Orthopaedics,0.0008544921875,1.0,0.000278472900390625,8.487701416015625e-05,True,B,0.04565167427062988,medmcqa_1,"['PBMD', 'PBMD', 'PBMD', 'PBMD', 'PBMD']","[467572377856526834, 467572377855051365, 467572377855511643, 467572377854072217, 467572377854880848]","[0.7710187435150146, 0.7627661228179932, 0.7525603175163269, 0.7502162456512451, 0.7347164750099182]"
d47365bc-6410-4645-8973-7e74ed8ca6cd,Orthopaedics,0.322265625,0.53125,0.1044921875,0.041015625,False,C,0.06145668029785156,medmcqa_1,"['PBMD', 'PBMD', 'PBMD', 'PBMD', 'PBMD']","[467572377855744302, 467572377855234489, 467572377853955532, 467572377850991185, 467572377856387659]","[0.722111701965332, 0.7167189121246338, 0.7099141478538513, 0.7095439434051514, 0.7059020400047302]"
0cc36c09-0eef-4be6-b6db-fe5ad5a4bc39,Orthopaedics,0.036865234375,0.30859375,0.65234375,0.002349853515625,True,C,0.046392202377319336,medmcqa_1,"['PBMD', 'STAT', 'PBMD', 'PBMD', 'PBMD']","[467572377854106604, 467572377850348282, 467572377855011138, 467572377854844933, 467572377856737528]","[0.7729871273040771, 0.7725377678871155, 0.7722890973091125, 0.7704238891601562, 0.7693123817443848]"
d7c92d3b-2f91-4364-ac19-0667550061f9,Orthopaedics,0.2353515625,0.5625,0.1826171875,0.01806640625,True,B,0.06262350082397461,medmcqa_1,"['PBMD', 'PBMD', 'PBMD', 'STAT', 'PBMD']","[467572377855781807, 467572377854671426, 467572377855399678, 467572377850626411, 467572377850966100]","[0.835091233253479, 0.8311192989349365, 0.8067294359207153, 0.8007956743240356, 0.8006781339645386]"
4b19ea9d-3042-475d-94a5-5b981ff1d364,Orthopaedics,0.5703125,0.392578125,0.0184326171875,0.0162353515625,False,B,0.04862070083618164,medmcqa_1,"['PBMD', 'STAT', 'PBMD', 'PBMD', 'TEXT']","[467572377853502295, 467572377850338066, 467572377852502208, 467572377856304513, 467523489549942508]","[0.7250765562057495, 0.7169354557991028, 0.7147490978240967, 0.7146905660629272, 0.7123972177505493]"
fd93cab2-31ee-4115-963b-f94f52378951,Pharmacology,0.9921875,0.0023040771484375,0.005889892578125,0.00015735626220703125,True,A,0.06585121154785156,medmcqa_1,"['PBMD', 'PBMD', 'PBMD', 'PBMD', 'PBMD']","[467572377852231055, 467572377852863528, 467572377855689810, 467572377854796850, 467572377854774166]","[0.8050122261047363, 0.78557950258255, 0.7807741165161133, 0.7799944281578064, 0.7783984541893005]"
f8aae9f8-76a7-4f92-ae4c-2ffee34c72f3,Pharmacology,0.0155029296875,0.07373046875,0.90234375,0.010009765625,False,B,0.06219029426574707,medmcqa_1,"['PBMD', 'TEXT', 'PBMD', 'PBMD', 'PBMD']","[467572377854226874, 467523489549709088, 467572377854542724, 467572377855195554, 467572377854780351]","[0.8088266849517822, 0.8058393001556396, 0.8031232357025146, 0.8012589812278748, 0.7941142916679382]"
e7a87db5-f066-4ec5-bd07-9eb10be1beef,Pharmacology,0.6328125,0.205078125,0.0380859375,0.12451171875,False,D,0.0847172737121582,medmcqa_1,"['PBMD', 'PBMD', 'PBMD', 'PBMD', 'PBMD']","[467572377853151435, 467572377854962106, 467572377856382927, 467572377856229460, 467572377854696890]","[0.8620002269744873, 0.8468947410583496, 0.8453046083450317, 0.8417696952819824, 0.8404150009155273]"
7f701de5-c680-4004-aad2-c1757d3ff2b3,Pharmacology,0.0021820068359375,0.00140380859375,0.00159454345703125,0.99609375,True,D,0.05906248092651367,medmcqa_1,"['PBMD', 'PBMD', 'PBMD', 'PBMD', 'PBMD']","[467572377850885468, 467572377852246426, 467572377855039595, 467572377853323649, 467572377853804201]","[0.7614268064498901, 0.7548261880874634, 0.7506824135780334, 0.7498726844787598, 0.7465413212776184]"
250ab22a-e58f-4f49-b130-0f67f0e0257d,Pharmacology,0.0145263671875,0.0145263671875,0.95703125,0.0145263671875,True,C,0.050623178482055664,medmcqa_1,"['PBMD', 'PBMD', 'PBMD', 'PBMD', 'STAT']","[467572377852512448, 467572377853414720, 467572377855624203, 467572377855554992, 467572377850347757]","[0.7672243118286133, 0.7669661641120911, 0.7655442953109741, 0.7598598003387451, 0.7570334076881409]"
1b062681-42c1-47df-a374-72dd9ff7cf85,Pharmacology,0.0546875,0.4296875,0.486328125,0.0291748046875,False,B,0.07001042366027832,medmcqa_1,"['PBMD', 'STAT', 'PBMD', 'PBMD', 'PBMD']","[467572377852561034, 467572377850724648, 467572377856961938, 467572377856147086, 467572377856105386]","[0.8209992051124573, 0.818996787071228, 0.8143661022186279, 0.8127549290657043, 0.8116403818130493]"
fd583bec-af86-47e2-9263-79e1d1811aaa,Pharmacology,0.0211181640625,0.89453125,0.00933837890625,0.07373046875,True,B,0.05244874954223633,medmcqa_1,"['STAT', 'TEXT', 'STAT', 'PBMD', 'STAT']","[467572377850664449, 467523489549947837, 467572377850630604, 467572377856909018, 467572377850395766]","[0.8014538288116455, 0.798090934753418, 0.7915809154510498, 0.7852338552474976, 0.7828927040100098]"
3311fa79-fc56-451f-8ed0-d87e2cfd1341,Pharmacology,0.000667572021484375,1.0,0.000179290771484375,0.00016880035400390625,True,B,0.044785499572753906,medmcqa_1,"['STAT', 'STAT', 'PBMD', 'PBMD', 'PBMD']","[467572377850361948, 467572377850393073, 467572377853906338, 467572377855959303, 467572377852803504]","[0.8157042264938354, 0.7737377285957336, 0.7641081809997559, 0.7617775797843933, 0.7574771642684937]"
be5db063-d2b8-41d8-8fcf-393b53852b53,Pharmacology,0.89453125,0.039306640625,0.003021240234375,0.064453125,True,A,0.10313081741333008,medmcqa_1,"['PBMD', 'PBMD', 'PBMD', 'PBMD', 'PBMD']","[467572377856153594, 467572377855273845, 467572377852592739, 467572377853329882, 467572377854058224]","[0.8308832049369812, 0.8060389161109924, 0.801960825920105, 0.7988474369049072, 0.7952021956443787]"
403f0450-0c76-498c-b2cf-61991956ead6,Pharmacology,0.007568359375,0.98828125,0.00168609619140625,0.00139617919921875,True,B,0.047925710678100586,medmcqa_1,"['TEXT', 'PBMD', 'STAT', 'PBMD', 'PBMD']","[467523489549685704, 467572377852178755, 467572377850343928, 467572377850971907, 467572377855178702]","[0.8044768571853638, 0.800510048866272, 0.7990365028381348, 0.7876124382019043, 0.7847225666046143]"
c19add0c-c0d2-469f-9b8b-2d5521c2b638,Pharmacology,0.09814453125,0.142578125,0.7265625,0.033935546875,False,B,0.04930853843688965,medmcqa_1,"['PBMD', 'PBMD', 'PBMD', 'STAT', 'STAT']","[467572377853527362, 467572377855010118, 467572377855876518, 467572377850687760, 467572377850687765]","[0.827391505241394, 0.8228501081466675, 0.8186484575271606, 0.8178208470344543, 0.8168264627456665]"
10e20c14-480e-4884-bc2d-86df11ecba4f,Pharmacology,0.091796875,0.87109375,0.0218505859375,0.0159912109375,True,B,0.07261013984680176,medmcqa_1,"['PBMD', 'PBMD', 'PBMD', 'PBMD', 'PBMD']","[467572377856712246, 467572377852692932, 467572377856466592, 467572377855238916, 467572377853105782]","[0.8497087955474854, 0.8391528129577637, 0.8365945816040039, 0.8340564370155334, 0.8298625946044922]"
d5123728-a9cd-4800-b0cc-940ea6fbe877,Pharmacology,0.1611328125,0.234375,0.33984375,0.265625,False,D,0.07874536514282227,medmcqa_1,"['PBMD', 'PBMD', 'PBMD', 'PBMD', 'TEXT']","[467572377853547901, 467572377853981489, 467572377853509324, 467572377852605872, 467523489549709334]","[0.8195820450782776, 0.8189244866371155, 0.8110471963882446, 0.7993419170379639, 0.7991937398910522]"
0d88dc61-5bf0-4c1c-b7b7-c12b75135581,Pharmacology,0.1025390625,0.1162109375,0.58984375,0.19140625,False,D,0.06932950019836426,medmcqa_1,"['PBMD', 'PBMD', 'PBMD', 'PBMD', 'PBMD']","[467572377854385881, 467572377854496085, 467572377850887048, 467572377854915325, 467572377855627370]","[0.821753203868866, 0.8115862011909485, 0.8110513687133789, 0.8104252815246582, 0.8047738075256348]"
b1c37112-8db5-48ab-b6a1-16764629776a,Pharmacology,0.0225830078125,0.017578125,0.95703125,0.001739501953125,False,D,0.07844877243041992,medmcqa_1,"['PBMD', 'PBMD', 'PBMD', 'PBMD', 'PBMD']","[467572377852373857, 467572377852635181, 467572377855049983, 467572377855654033, 467572377852280935]","[0.8504029512405396, 0.8411967754364014, 0.8327617645263672, 0.8279162049293518, 0.8232810497283936]"
2237467a-dbe3-40cf-be31-2ebfd57912e6,Pharmacology,0.01318359375,0.00101470947265625,0.984375,0.00012969970703125,True,C,0.08606338500976562,medmcqa_1,"['PBMD', 'PBMD', 'PBMD', 'PBMD', 'PBMD']","[467572377852421505, 467572377856530435, 467572377852348829, 467572377853692710, 467572377852771375]","[0.7932682633399963, 0.7882505655288696, 0.7772428393363953, 0.7709547877311707, 0.7644572257995605]"
939e3520-b8eb-49fa-989f-a6297bdcc070,Pharmacology,0.04638671875,0.162109375,0.7734375,0.01708984375,True,C,0.04325699806213379,medmcqa_1,"['TEXT', 'PBMD', 'STAT', 'STAT', 'STAT']","[467523489549706071, 467572377852175183, 467572377850672788, 467572377850294147, 467572377850338862]","[0.7941833734512329, 0.7705017924308777, 0.7697938680648804, 0.7643039226531982, 0.7634470462799072]"
7ecce098-4dce-4bea-b70c-af9f4a30e002,Pharmacology,0.99609375,0.00159454345703125,0.0004863739013671875,5.125999450683594e-05,True,A,0.04651212692260742,medmcqa_1,"['STAT', 'PBMD', 'PBMD', 'PBMD', 'PBMD']","[467572377850398850, 467572377852282740, 467572377856393932, 467572377852330656, 467572377854776721]","[0.8009258508682251, 0.7772288918495178, 0.7747846841812134, 0.7729197144508362, 0.7717554569244385]"
1cd8e106-775b-4d17-a4c6-fe6698cd3caa,Pharmacology,0.291015625,0.69921875,0.005340576171875,0.002532958984375,True,B,0.06153059005737305,medmcqa_1,"['STAT', 'STAT', 'PBMD', 'PBMD', 'PBMD']","[467572377850726545, 467572377850761356, 467572377856717412, 467572377856205596, 467572377856820922]","[0.8165918588638306, 0.7962076663970947, 0.7847458720207214, 0.7846965789794922, 0.7840055227279663]"
33a34b7a-e710-44ed-bcc1-25581b5afeb5,Pharmacology,0.0185546875,0.0269775390625,0.0032196044921875,0.953125,False,B,0.047858476638793945,medmcqa_1,"['PBMD', 'TEXT', 'STAT', 'STAT', 'TEXT']","[467572377854276918, 467523489549969572, 467572377850772830, 467572377850674370, 467523489549976368]","[0.7946771383285522, 0.7773017883300781, 0.7769311666488647, 0.7720102071762085, 0.7685397863388062]"
c161c30b-ca70-4325-9cb3-b63629f6fa7c,Social & Preventive Medicine,0.07080078125,0.21875,0.59375,0.11669921875,False,D,0.06921839714050293,medmcqa_1,"['PBMD', 'PBMD', 'PBMD', 'PBMD', 'PBMD']","[467572377853165864, 467572377854535816, 467572377853042652, 467572377855507202, 467572377852476655]","[0.7823703289031982, 0.7728795409202576, 0.772239089012146, 0.7697082757949829, 0.7631091475486755]"
d880f613-f2ee-4889-8151-9f7ac5032f09,Social & Preventive Medicine,0.5703125,0.14453125,0.09912109375,0.185546875,False,B,0.04938364028930664,medmcqa_1,"['PBMD', 'PBMD', 'PBMD', 'PBMD', 'PBMD']","[467572377852128820, 467572377856812039, 467572377853716668, 467572377850804663, 467572377854972650]","[0.7179278135299683, 0.7105502486228943, 0.7069620490074158, 0.704674482345581, 0.6967133283615112]"
d39c7a84-fb28-416b-b5ce-c4fdd2e75734,Social & Preventive Medicine,0.0751953125,0.01080322265625,0.9140625,0.001007080078125,True,C,0.07489633560180664,medmcqa_1,"['PBMD', 'PBMD', 'PBMD', 'PBMD', 'PBMD']","[467572377856124302, 467572377853537168, 467572377854474444, 467572377854469191, 467572377856163700]","[0.7745928168296814, 0.7542321681976318, 0.7531760931015015, 0.7487733364105225, 0.7478337287902832]"
58e4c747-92f9-48a6-984a-4d465c048645,Social & Preventive Medicine,0.6328125,0.08056640625,0.16015625,0.125,False,C,0.05989432334899902,medmcqa_1,"['PBMD', 'PBMD', 'PBMD', 'PBMD', 'PBMD']","[467572377855404480, 467572377856844713, 467572377850933556, 467572377855024568, 467572377855475885]","[0.7456059455871582, 0.7238145470619202, 0.7221871018409729, 0.720585286617279, 0.7198630571365356]"
4eb72a41-151f-4d0a-84d4-590584a4c5b5,Social & Preventive Medicine,0.2890625,0.2890625,0.328125,0.09375,False,B,0.06806516647338867,medmcqa_1,"['PBMD', 'PBMD', 'PBMD', 'PBMD', 'PBMD']","[467572377854678991, 467572377854992022, 467572377854059762, 467572377854335026, 467572377854143363]","[0.7970724105834961, 0.7961011528968811, 0.7911734580993652, 0.7904655337333679, 0.7866741418838501]"
90460d43-3cc2-43f0-b547-7061680c1788,Social & Preventive Medicine,0.177734375,0.353515625,0.2275390625,0.2421875,False,A,0.08174943923950195,medmcqa_1,"['PBMD', 'PBMD', 'PBMD', 'PBMD', 'PBMD']","[467572377852810988, 467572377852493212, 467572377853489589, 467572377855612519, 467572377853994989]","[0.8061697483062744, 0.8040769100189209, 0.8018321990966797, 0.7961044311523438, 0.7920662760734558]"
67634be0-5a49-4bfd-a163-7bf8f5c040ea,Social & Preventive Medicine,0.058349609375,0.06640625,0.0167236328125,0.859375,True,D,0.05671334266662598,medmcqa_1,"['TEXT', 'TEXT', 'PBMD', 'TEXT', 'PBMD']","[467523489549707343, 467523489549980603, 467572377852177801, 467523489549930430, 467572377854527469]","[0.791695237159729, 0.7796632051467896, 0.7783945202827454, 0.7756756544113159, 0.7732857465744019]"
f5819536-f1fb-4764-9cd8-b586a101ffa1,Social & Preventive Medicine,0.875,0.04638671875,0.007568359375,0.07177734375,True,A,0.047197818756103516,medmcqa_1,"['PBMD', 'PBMD', 'PBMD', 'PBMD', 'PBMD']","[467572377853795634, 467572377855841479, 467572377853370635, 467572377856955245, 467572377856658922]","[0.7188100218772888, 0.7175480127334595, 0.7171541452407837, 0.7157647609710693, 0.7141615748405457]"
4c0a6811-f929-4d9f-99a6-8348baad3947,Social & Preventive Medicine,0.1298828125,0.0791015625,0.275390625,0.515625,False,C,0.06209611892700195,medmcqa_1,"['PBMD', 'PBMD', 'PBMD', 'PBMD', 'PBMD']","[467572377855910624, 467572377855011052, 467572377856256411, 467572377855252314, 467572377853169519]","[0.7631696462631226, 0.7611994743347168, 0.7559453248977661, 0.7553142309188843, 0.754736065864563]"
ae449e79-d829-4558-9a71-034088cdb09f,Social & Preventive Medicine,0.060302734375,0.8828125,0.0284423828125,0.0267333984375,True,B,0.04039573669433594,medmcqa_1,"['PBMD', 'PBMD', 'PBMD', 'PBMD', 'PBMD']","[467572377856115514, 467572377853280380, 467572377852318069, 467572377855326052, 467572377852351809]","[0.7826703786849976, 0.772860050201416, 0.7676690220832825, 0.7626299262046814, 0.7609276175498962]"
59454b65-4fa1-4e53-9c9a-c1721b2028ed,Social & Preventive Medicine,0.54296875,0.373046875,0.02099609375,0.06494140625,True,A,0.08136916160583496,medmcqa_1,"['PBMD', 'PBMD', 'PBMD', 'PBMD', 'PBMD']","[467572377854643746, 467572377855618826, 467572377856334848, 467572377855362161, 467572377856931195]","[0.7842620611190796, 0.7616703510284424, 0.7593193054199219, 0.7500451803207397, 0.7490114569664001]"
54d95125-0035-4cda-909c-4e19008673bd,Social & Preventive Medicine,0.298828125,0.298828125,0.279296875,0.1240234375,True,A,0.08764100074768066,medmcqa_1,"['PBMD', 'PBMD', 'PBMD', 'PBMD', 'PBMD']","[467572377855646809, 467572377855952257, 467572377854326719, 467572377854306334, 467572377855673985]","[0.8057681918144226, 0.7967525720596313, 0.7965604066848755, 0.7914910316467285, 0.7893054485321045]"
fe8cf994-6731-47c9-89be-fd16100db6d3,Social & Preventive Medicine,0.0169677734375,0.1416015625,0.81640625,0.024658203125,True,C,0.04727673530578613,medmcqa_1,"['PBMD', 'PBMD', 'PBMD', 'PBMD', 'PBMD']","[467572377852821820, 467572377856862156, 467572377852069388, 467572377854562703, 467572377853095137]","[0.7707696557044983, 0.7616444826126099, 0.7579143643379211, 0.757138729095459, 0.7569600939750671]"
c3fd1434-b39b-42ea-a5ef-a20fbb7c1101,Social & Preventive Medicine,0.06298828125,0.10400390625,0.76953125,0.06298828125,True,C,0.05903315544128418,medmcqa_1,"['PBMD', 'PBMD', 'PBMD', 'PBMD', 'PBMD']","[467572377855813223, 467572377855086426, 467572377855458705, 467572377853140384, 467572377855406876]","[0.753383457660675, 0.7465949654579163, 0.7440363764762878, 0.7325616478919983, 0.7317555546760559]"
dcfe8324-6c0e-4f7c-b090-c7d351290fc5,Social & Preventive Medicine,0.91015625,0.06591796875,0.0137939453125,0.01214599609375,True,A,0.05700969696044922,medmcqa_1,"['PBMD', 'PBMD', 'PBMD', 'STAT', 'PBMD']","[467572377852506267, 467572377852234401, 467572377856391220, 467572377850252542, 467572377852060605]","[0.7577926516532898, 0.7570410966873169, 0.7520368695259094, 0.750007152557373, 0.7459734678268433]"
d87c14f7-43bd-4c51-bcb8-a0ed3968a999,Social & Preventive Medicine,0.478515625,0.421875,0.019775390625,0.078125,True,A,0.04362154006958008,medmcqa_1,"['STAT', 'PBMD', 'TEXT', 'PBMD', 'PBMD']","[467572377850751212, 467572377854012053, 467523489549979024, 467572377855676217, 467572377855094226]","[0.7908611297607422, 0.7888095378875732, 0.7729732990264893, 0.7724588513374329, 0.7669795155525208]"
0c093e7e-80d4-47e4-b6e5-ee070eb63b38,Social & Preventive Medicine,0.042236328125,0.1884765625,0.74609375,0.0225830078125,True,C,0.06158614158630371,medmcqa_1,"['PBMD', 'PBMD', 'PBMD', 'PBMD', 'PBMD']","[467572377852130245, 467572377856687586, 467572377854772533, 467572377852894974, 467572377856570193]","[0.7718912363052368, 0.7708102464675903, 0.7647013664245605, 0.7608552575111389, 0.7596808075904846]"
bc33dd87-d8c8-4411-9637-62d0ab2409d9,Social & Preventive Medicine,0.1728515625,0.60546875,0.049560546875,0.1728515625,True,B,0.06806349754333496,medmcqa_1,"['PBMD', 'PBMD', 'TEXT', 'PBMD', 'PBMD']","[467572377852558450, 467572377853765001, 467523489549956360, 467572377852294908, 467572377856288298]","[0.7591812610626221, 0.7561321258544922, 0.7532093524932861, 0.7455812096595764, 0.7453625202178955]"
a5ed3d1e-9b62-4da8-8d5f-bc7fa6e90710,Social & Preventive Medicine,0.216796875,0.458984375,0.1318359375,0.19140625,True,B,0.07855534553527832,medmcqa_1,"['PBMD', 'PBMD', 'PBMD', 'PBMD', 'PBMD']","[467572377854357949, 467572377855365726, 467572377852789155, 467572377855427551, 467572377852358203]","[0.780877947807312, 0.734756588935852, 0.7273547649383545, 0.7271890044212341, 0.7218404412269592]"
996aba49-c7e3-462b-a8d0-c85433785f52,Social & Preventive Medicine,0.1337890625,0.04345703125,0.052490234375,0.76953125,True,D,0.05905961990356445,medmcqa_1,"['PBMD', 'PBMD', 'PBMD', 'PBMD', 'PBMD']","[467572377855398035, 467572377852582230, 467572377852811021, 467572377853826424, 467572377852749143]","[0.7693262696266174, 0.7635527849197388, 0.7629024982452393, 0.762217104434967, 0.7606740593910217]"
e5099e89-ea03-49d4-a2ae-5c741a8c21cc,Anatomy,0.05908203125,0.49609375,0.3203125,0.125,True,B,0.05114555358886719,medmcqa_1,"['STAT', 'STAT', 'TEXT', 'PBMD', 'STAT']","[467572377850676576, 467572377850778467, 467523489549674374, 467572377853113905, 467572377850785858]","[0.8251738548278809, 0.8124080300331116, 0.8122545480728149, 0.8022294044494629, 0.7988046407699585]"
964bab55-f000-4910-80fa-0687f6b0466b,Anatomy,0.158203125,0.5546875,0.203125,0.0849609375,False,D,0.06853461265563965,medmcqa_1,"['PBMD', 'TEXT', 'TEXT', 'STAT', 'PBMD']","[467572377856812756, 467523489550006016, 467523489550006026, 467572377850238642, 467572377855284580]","[0.7942615747451782, 0.776283860206604, 0.7760353088378906, 0.7696060538291931, 0.767250657081604]"
f08e4b1c-2950-4716-b94f-f56b844f64b7,Anatomy,0.52734375,0.1259765625,0.220703125,0.1259765625,True,A,0.06148695945739746,medmcqa_1,"['PBMD', 'PBMD', 'PBMD', 'STAT', 'PBMD']","[467572377852503788, 467572377856701255, 467572377854907266, 467572377850622209, 467572377856218145]","[0.7979744672775269, 0.7964984774589539, 0.7919764518737793, 0.789156436920166, 0.7885393500328064]"
2f3a1d79-bccf-4de3-9b45-74fbc8c7111a,Anatomy,0.01031494140625,0.0009002685546875,0.00244140625,0.98828125,True,D,0.050206661224365234,medmcqa_1,"['PBMD', 'PBMD', 'STAT', 'PBMD', 'PBMD']","[467572377855322303, 467572377853463702, 467572377850743796, 467572377852640681, 467572377852487236]","[0.7385080456733704, 0.7213048934936523, 0.720546543598175, 0.7164651155471802, 0.7151500582695007]"
459d2060-dd34-40bb-a816-6be720af9a69,Anatomy,0.0341796875,0.9375,0.003173828125,0.026611328125,True,B,0.04946398735046387,medmcqa_1,"['PBMD', 'PBMD', 'PBMD', 'PBMD', 'PBMD']","[467572377855754408, 467572377856841332, 467572377855181617, 467572377855394491, 467572377852171011]","[0.7992432117462158, 0.7937142848968506, 0.7712910175323486, 0.7651239633560181, 0.7642577886581421]"
96192788-8635-49e4-92db-e7d8a9ff2a29,Anatomy,0.004608154296875,0.99609375,0.00090789794921875,0.000244140625,True,B,0.05122709274291992,medmcqa_1,"['STAT', 'STAT', 'STAT', 'PBMD', 'STAT']","[467572377850705036, 467572377850365658, 467572377850365656, 467572377853903392, 467572377850409316]","[0.8056875467300415, 0.8012971878051758, 0.7991723418235779, 0.7888026237487793, 0.7861278057098389]"
0d49c0b1-8623-4b45-84b1-5b42f765bc91,Anatomy,0.2109375,0.185546875,0.392578125,0.2109375,False,A,0.07207489013671875,medmcqa_1,"['PBMD', 'PBMD', 'PBMD', 'PBMD', 'PBMD']","[467572377853505872, 467572377854285130, 467572377850943845, 467572377854196982, 467572377853778541]","[0.7315550446510315, 0.7191064357757568, 0.7160572409629822, 0.7136167287826538, 0.7134106755256653]"
038c400f-e187-4b7d-b67c-e1cd7624831b,Anatomy,0.0147705078125,0.00897216796875,0.004486083984375,0.97265625,True,D,0.07146549224853516,medmcqa_1,"['PBMD', 'PBMD', 'PBMD', 'PBMD', 'PBMD']","[467572377854962384, 467572377854865668, 467572377854285089, 467572377852482574, 467572377855134806]","[0.8376560211181641, 0.8205502033233643, 0.815021812915802, 0.8137187957763672, 0.8112048506736755]"
9fd3f752-fcd1-46c4-aa0d-6fba2635cd69,Anatomy,1.0,0.0006256103515625,0.0001583099365234375,3.528594970703125e-05,True,A,0.0416719913482666,medmcqa_1,"['STAT', 'STAT', 'PBMD', 'STAT', 'STAT']","[467572377850737308, 467572377850374646, 467572377852554249, 467572377850748694, 467572377850305951]","[0.831935703754425, 0.8186995983123779, 0.8140168786048889, 0.8113285899162292, 0.798052191734314]"
c9a0f4db-06da-4c30-9cce-1d4a843f81b2,Anatomy,0.01220703125,0.004791259765625,0.0703125,0.9140625,True,D,0.046393632888793945,medmcqa_1,"['PBMD', 'PBMD', 'STAT', 'PBMD', 'PBMD']","[467572377852740136, 467572377853283824, 467572377850288790, 467572377854770899, 467572377856740890]","[0.7913407683372498, 0.7785943746566772, 0.7782047390937805, 0.7761743068695068, 0.7733961343765259]"
7a405d81-e44c-4397-ac4b-63ef4af3927d,Anatomy,0.058837890625,0.462890625,0.016845703125,0.462890625,False,D,0.0615079402923584,medmcqa_1,"['TEXT', 'PBMD', 'PBMD', 'PBMD', 'PBMD']","[467523489549676483, 467572377855847924, 467572377856593142, 467572377856773576, 467572377854912096]","[0.7785426378250122, 0.7771364450454712, 0.7732102870941162, 0.7610714435577393, 0.7593433260917664]"
ad45411b-da64-4182-951f-39d4a4c4500f,Anatomy,0.0021820068359375,0.000751495361328125,0.00116729736328125,0.99609375,True,D,0.0803980827331543,medmcqa_1,"['TEXT', 'PBMD', 'PBMD', 'PBMD', 'TEXT']","[467523489549704150, 467572377853739142, 467572377855287645, 467572377852999227, 467523489549704203]","[0.8271410465240479, 0.8060251474380493, 0.8037177324295044, 0.8024115562438965, 0.8021154403686523]"
8ae99547-eab7-4857-bd57-5480e707737f,Anatomy,0.33203125,0.107421875,0.546875,0.01458740234375,False,A,0.06830143928527832,medmcqa_1,"['PBMD', 'PBMD', 'PBMD', 'PBMD', 'PBMD']","[467572377856915516, 467572377855804147, 467572377853760165, 467572377855952593, 467572377856812797]","[0.7731701135635376, 0.7723573446273804, 0.7679001092910767, 0.7664577960968018, 0.7659000158309937]"
67d2dfed-1494-4d37-ae68-6e4c2601f6e5,Anatomy,0.267578125,0.1728515625,0.470703125,0.0869140625,False,B,0.05831170082092285,medmcqa_1,"['PBMD', 'PBMD', 'PBMD', 'TEXT', 'PBMD']","[467572377856425160, 467572377853119234, 467572377856052414, 467523489550005721, 467572377852493498]","[0.7782059907913208, 0.7708104848861694, 0.7690511345863342, 0.7683796882629395, 0.7674395442008972]"
aebab13b-298f-4e2b-aa83-82f2b7c41c9f,Anatomy,0.6796875,0.046142578125,0.142578125,0.1337890625,False,B,0.061728477478027344,medmcqa_1,"['STAT', 'STAT', 'TEXT', 'TEXT', 'PBMD']","[467572377850741423, 467572377850705063, 467523489549676793, 467523489549676821, 467572377856767260]","[0.7852451801300049, 0.781074583530426, 0.7762037515640259, 0.7749752402305603, 0.7743951678276062]"
e5450446-04d1-4acf-9c40-60ae3ed1f382,Anatomy,0.14453125,0.11279296875,0.23828125,0.50390625,True,D,0.045270681381225586,medmcqa_1,"['PBMD', 'PBMD', 'PBMD', 'PBMD', 'PBMD']","[467572377853683886, 467572377852597334, 467572377852325970, 467572377852436583, 467572377854600127]","[0.8114795684814453, 0.8062045574188232, 0.7981785535812378, 0.7963150143623352, 0.7916924357414246]"
f6d4556b-3e96-4cb4-aea0-f691c0c589ba,Anatomy,0.375,0.6171875,0.002227783203125,0.004180908203125,True,B,0.06361913681030273,medmcqa_1,"['PBMD', 'PBMD', 'PBMD', 'PBMD', 'PBMD']","[467572377853326724, 467572377852656838, 467572377856060975, 467572377852951301, 467572377852316800]","[0.7947937250137329, 0.7901846170425415, 0.780509889125824, 0.7512112855911255, 0.7493451237678528]"
2af43bb4-dbd5-48e2-a57d-365b265a885e,Anatomy,0.400390625,0.275390625,0.1474609375,0.177734375,False,B,0.05328631401062012,medmcqa_1,"['PBMD', 'PBMD', 'TEXT', 'PBMD', 'STAT']","[467572377853692508, 467572377852593233, 467523489549676652, 467572377854783970, 467572377850410628]","[0.7429028153419495, 0.7412726283073425, 0.7369240522384644, 0.7335097789764404, 0.7324008345603943]"
f9d0f467-bd98-48a8-8733-07f2614f8878,Anatomy,0.0023193359375,0.99609375,0.0002765655517578125,0.000244140625,True,B,0.04319906234741211,medmcqa_1,"['STAT', 'STAT', 'STAT', 'TEXT', 'STAT']","[467572377850773011, 467572377850657473, 467572377850641108, 467523489549989245, 467572377850673030]","[0.800809919834137, 0.7897053956985474, 0.7896685004234314, 0.7805525064468384, 0.7796615958213806]"
69e24527-9514-4c39-a33d-516d15f953d6,Anatomy,0.01385498046875,0.006988525390625,0.006561279296875,0.97265625,True,D,0.06966018676757812,medmcqa_1,"['STAT', 'PBMD', 'PBMD', 'PBMD', 'PBMD']","[467572377850342844, 467572377855943382, 467572377856153077, 467572377856448271, 467572377854115436]","[0.8347999453544617, 0.8199212551116943, 0.8196646571159363, 0.8154810070991516, 0.815479576587677]"
e44ca651-f871-4233-95e1-dcd18854aa63,Pathology,0.9765625,0.01080322265625,0.013916015625,0.000225067138671875,True,A,0.04959416389465332,medmcqa_1,"['PBMD', 'PBMD', 'PBMD', 'PBMD', 'PBMD']","[467572377854335564, 467572377854321700, 467572377850861334, 467572377852050300, 467572377853728472]","[0.7764167189598083, 0.7756201028823853, 0.7737535834312439, 0.7736362814903259, 0.7734487056732178]"
6ab43fd3-9081-491a-9882-33f9c593cc70,Pathology,0.142578125,0.09765625,0.72265625,0.038330078125,True,C,0.062026262283325195,medmcqa_1,"['PBMD', 'PBMD', 'PBMD', 'PBMD', 'PBMD']","[467572377856686114, 467572377854059032, 467572377852510350, 467572377855837208, 467572377855577938]","[0.7817895412445068, 0.7800272703170776, 0.7772958278656006, 0.7760189175605774, 0.7654712200164795]"
b3254c83-a2db-4343-a57d-e431c1e0533a,Pathology,0.9296875,0.0263671875,0.0361328125,0.00628662109375,True,A,0.06435084342956543,medmcqa_1,"['PBMD', 'PBMD', 'PBMD', 'PBMD', 'PBMD']","[467572377852972393, 467572377852823705, 467572377853091709, 467572377852965119, 467572377853394010]","[0.8337496519088745, 0.8310275077819824, 0.8280510902404785, 0.8254557847976685, 0.8253538608551025]"
365412ac-825d-495f-8e74-e33955cae33c,Pathology,0.01312255859375,0.000896453857421875,0.00482177734375,0.98046875,True,D,0.051343441009521484,medmcqa_1,"['STAT', 'PBMD', 'PBMD', 'PBMD', 'PBMD']","[467572377850691090, 467572377854668460, 467572377853043208, 467572377856427970, 467572377852826883]","[0.8585604429244995, 0.8555319309234619, 0.8511030673980713, 0.8403613567352295, 0.8359935283660889]"
2ac74e87-59ad-4265-bfda-a202ab7145b8,Pathology,0.1982421875,0.1982421875,0.5390625,0.064453125,True,C,0.06302881240844727,medmcqa_1,"['PBMD', 'PBMD', 'PBMD', 'PBMD', 'PBMD']","[467572377854293624, 467572377854084387, 467572377853262430, 467572377854339747, 467572377854959263]","[0.7866144180297852, 0.7859290838241577, 0.7758871912956238, 0.7716042995452881, 0.7682474255561829]"
8c100164-3f0c-49db-9c16-0e05472927b2,Pathology,0.032470703125,0.0184326171875,0.9453125,0.00250244140625,True,C,0.044020891189575195,medmcqa_1,"['PBMD', 'PBMD', 'STAT', 'PBMD', 'PBMD']","[467572377855470071, 467572377856015246, 467572377850768618, 467572377854560863, 467572377851007042]","[0.8378766775131226, 0.7999044060707092, 0.7983965277671814, 0.7949371337890625, 0.7931708097457886]"
90af2700-d390-4c51-b5ea-ba44c8c93482,Pathology,0.1279296875,0.39453125,0.447265625,0.0286865234375,True,C,0.06281757354736328,medmcqa_1,"['STAT', 'PBMD', 'PBMD', 'TEXT', 'PBMD']","[467572377850316885, 467572377853039487, 467572377853913701, 467523489549674531, 467572377855000310]","[0.7547633051872253, 0.7442144155502319, 0.7387040853500366, 0.736648678779602, 0.7338014841079712]"
a96209a9-2f05-4c30-a424-b374a74010a6,Pathology,0.06982421875,0.0166015625,0.061767578125,0.8515625,False,C,0.05845332145690918,medmcqa_1,"['PBMD', 'PBMD', 'PBMD', 'PBMD', 'PBMD']","[467572377853470313, 467572377854033466, 467572377855960298, 467572377850932732, 467572377852069511]","[0.7939397692680359, 0.7880359888076782, 0.7850430011749268, 0.7834262251853943, 0.7820981740951538]"
1164d59e-afc6-4449-a766-963f462cfa51,Pathology,0.921875,0.0245361328125,0.01025390625,0.043212890625,True,A,0.0599818229675293,medmcqa_1,"['PBMD', 'PBMD', 'PBMD', 'PBMD', 'PBMD']","[467572377855151112, 467572377855411148, 467572377853416989, 467572377856154717, 467572377852564779]","[0.866195023059845, 0.8640920519828796, 0.8638755083084106, 0.857482373714447, 0.8567794561386108]"
1c8e624a-ac76-4437-b1c1-ca3921510577,Pathology,0.255859375,0.6171875,0.044677734375,0.08349609375,True,B,0.07942986488342285,medmcqa_1,"['PBMD', 'PBMD', 'PBMD', 'PBMD', 'PBMD']","[467572377855495059, 467572377852573048, 467572377852157199, 467572377854187952, 467572377853290303]","[0.7990541458129883, 0.7890187501907349, 0.7835179567337036, 0.781023383140564, 0.7805407643318176]"
f1fc29eb-b461-4c22-b517-8771caadd3a7,Pathology,0.984375,0.0096435546875,0.0054931640625,0.00012969970703125,True,A,0.045644283294677734,medmcqa_1,"['PBMD', 'PBMD', 'PBMD', 'PBMD', 'PBMD']","[467572377850831048, 467572377853953338, 467572377854431776, 467572377852165928, 467572377853625411]","[0.8034247159957886, 0.8020676374435425, 0.7789055705070496, 0.778748095035553, 0.7751569747924805]"
7b5d89f9-f8de-46f8-aafe-c10e81eb28c3,Pathology,0.0035858154296875,0.99609375,0.0008544921875,0.0002593994140625,True,B,0.061842918395996094,medmcqa_1,"['PBMD', 'PBMD', 'PBMD', 'PBMD', 'PBMD']","[467572377854673856, 467572377854134149, 467572377854142100, 467572377853678572, 467572377854482611]","[0.8222543001174927, 0.8208116292953491, 0.8200008869171143, 0.8146665692329407, 0.8120479583740234]"
65defc0f-abf1-4800-ae53-f5243313d14c,Pathology,0.01226806640625,0.0084228515625,0.97265625,0.00616455078125,True,C,0.07972407341003418,medmcqa_1,"['PBMD', 'PBMD', 'PBMD', 'PBMD', 'PBMD']","[467572377856215742, 467572377852502818, 467572377853047998, 467572377854152163, 467572377854101471]","[0.8301419019699097, 0.8264250755310059, 0.8256548047065735, 0.8241319060325623, 0.8234763145446777]"
d0fa6457-aa11-43c8-9e1b-0ea2fff7ccb5,Pathology,0.486328125,0.0703125,0.1083984375,0.333984375,True,A,0.06809425354003906,medmcqa_1,"['PBMD', 'PBMD', 'STAT', 'PBMD', 'PBMD']","[467572377853095737, 467572377850957328, 467572377850302331, 467572377853818610, 467572377855066267]","[0.8817337155342102, 0.8649134039878845, 0.8643625378608704, 0.8627023100852966, 0.8517788648605347]"
1b651c95-4b57-441c-8f00-9058eaf9a514,Pathology,0.050048828125,0.002349853515625,0.9453125,0.0009765625,False,A,0.052903175354003906,medmcqa_1,"['TEXT', 'PBMD', 'PBMD', 'PBMD', 'PBMD']","[467523489549975018, 467572377853374523, 467572377853411600, 467572377855561876, 467572377854374551]","[0.7989147901535034, 0.794649600982666, 0.7933449745178223, 0.791878879070282, 0.7917813062667847]"
6d514350-f662-4cf5-a437-668d5205b00d,Pathology,0.36328125,0.1943359375,0.412109375,0.02978515625,False,B,0.08404040336608887,medmcqa_1,"['PBMD', 'PBMD', 'PBMD', 'STAT', 'PBMD']","[467572377850937056, 467572377853188437, 467572377856233219, 467572377850659119, 467572377854687728]","[0.8031409382820129, 0.7863450050354004, 0.7821786403656006, 0.782049298286438, 0.781753659248352]"
64597c46-f04c-4300-9622-9fc37f197d3e,Pathology,0.0380859375,0.67578125,0.248046875,0.0380859375,False,C,0.06999897956848145,medmcqa_1,"['PBMD', 'PBMD', 'PBMD', 'PBMD', 'PBMD']","[467572377852074704, 467572377852575169, 467572377854999063, 467572377852326217, 467572377854709430]","[0.7969275712966919, 0.7929044365882874, 0.7917170524597168, 0.7903685569763184, 0.7867660522460938]"
a8b29f2d-6c0e-41d0-8535-30c8b1ee852f,Pathology,0.002044677734375,0.99609375,0.000518798828125,0.0003337860107421875,True,B,0.032242774963378906,medmcqa_1,"['STAT', 'STAT', 'STAT', 'STAT', 'STAT']","[467572377850282304, 467572377850285055, 467572377850285056, 467572377850285047, 467572377850285046]","[0.7770528197288513, 0.7717861533164978, 0.7675977945327759, 0.765892744064331, 0.7639241814613342]"
05d806dd-4f35-43d5-b08c-f560f26e434a,Pathology,0.451171875,0.212890625,0.2001953125,0.1376953125,True,A,0.07837319374084473,medmcqa_1,"['PBMD', 'PBMD', 'STAT', 'PBMD', 'PBMD']","[467572377855590366, 467572377856176683, 467572377850719930, 467572377856054677, 467572377856432673]","[0.8148206472396851, 0.8107215166091919, 0.8099294900894165, 0.8012673258781433, 0.7997928261756897]"
a19746b5-3413-40c6-887c-41b170ec1857,Pathology,0.054931640625,0.027587890625,0.2041015625,0.71484375,True,D,0.045874595642089844,medmcqa_1,"['PBMD', 'PBMD', 'STAT', 'TEXT', 'PBMD']","[467572377852312222, 467572377856821072, 467572377850300150, 467523489549973806, 467572377853622903]","[0.7922970652580261, 0.7863502502441406, 0.7856335639953613, 0.7854204177856445, 0.7846754789352417]"
fee06a82-2355-44d2-af90-9ce73038b66a,Ophthalmology,0.6171875,0.10693359375,0.12109375,0.1552734375,True,A,0.04909801483154297,medmcqa_1,"['PBMD', 'PBMD', 'STAT', 'PBMD', 'PBMD']","[467572377854721863, 467572377853420137, 467572377850339930, 467572377852496694, 467572377855007951]","[0.7991135716438293, 0.7838678359985352, 0.7748681306838989, 0.7693478465080261, 0.7632955312728882]"
706d1435-e7e9-427a-be98-545805e98ef7,Ophthalmology,0.0517578125,0.1240234375,0.71484375,0.109375,False,B,0.0729985237121582,medmcqa_1,"['PBMD', 'PBMD', 'PBMD', 'PBMD', 'PBMD']","[467572377855276458, 467572377852868885, 467572377850880699, 467572377856196090, 467572377852355151]","[0.7682441473007202, 0.764742374420166, 0.7639439702033997, 0.763757586479187, 0.7618088126182556]"
a2e358e8-6f0e-4f42-b555-ced3133a28ff,Ophthalmology,0.046630859375,0.828125,0.026611328125,0.0986328125,True,B,0.07804751396179199,medmcqa_1,"['PBMD', 'PBMD', 'PBMD', 'PBMD', 'PBMD']","[467572377853369676, 467572377855871959, 467572377855964960, 467572377852728831, 467572377853114820]","[0.7699709534645081, 0.7632580995559692, 0.7588067054748535, 0.7525042295455933, 0.7523384094238281]"
126bd8da-feb5-4d46-ab31-356e4017b720,Ophthalmology,0.154296875,0.474609375,0.197265625,0.1748046875,True,B,0.05013847351074219,medmcqa_1,"['STAT', 'STAT', 'STAT', 'STAT', 'PBMD']","[467572377850287931, 467572377850287930, 467572377850287932, 467572377850287939, 467572377855831752]","[0.8212680220603943, 0.819207489490509, 0.7853055000305176, 0.7832497954368591, 0.7803738117218018]"
2482ec3f-efda-4bba-8cf8-c8a3cf6b8120,Ophthalmology,0.08203125,0.68359375,0.1728515625,0.059814453125,True,B,0.0631704330444336,medmcqa_1,"['PBMD', 'PBMD', 'PBMD', 'PBMD', 'PBMD']","[467572377852262822, 467572377853448703, 467572377856109257, 467572377853187852, 467572377854804338]","[0.7983108758926392, 0.7828075289726257, 0.7803983688354492, 0.7763113975524902, 0.7755053639411926]"
3480838f-0888-40c8-b892-40e0a82f227e,Ophthalmology,0.0234375,0.73046875,0.03857421875,0.208984375,True,B,0.051825761795043945,medmcqa_1,"['TEXT', 'PBMD', 'PBMD', 'PBMD', 'PBMD']","[467523489549708089, 467572377856101440, 467572377853046414, 467572377854283796, 467572377854954774]","[0.7551807165145874, 0.7514514923095703, 0.7451082468032837, 0.7380250096321106, 0.7347505688667297]"
c69fb01c-356b-4b30-9864-d883426b15eb,Ophthalmology,0.06640625,0.91796875,0.0029296875,0.0108642578125,True,B,0.04774332046508789,medmcqa_1,"['PBMD', 'PBMD', 'PBMD', 'PBMD', 'PBMD']","[467572377854647563, 467572377854068877, 467572377854727190, 467572377852111817, 467572377853970913]","[0.7982657551765442, 0.7838603854179382, 0.7815676331520081, 0.7814317345619202, 0.7802096605300903]"
0a0e6add-83ba-4c98-b93e-b0f6480e71ce,Ophthalmology,0.95703125,0.034912109375,0.005340576171875,0.00286865234375,True,A,0.06720209121704102,medmcqa_1,"['PBMD', 'PBMD', 'PBMD', 'PBMD', 'TEXT']","[467572377855266720, 467572377856917516, 467572377852914195, 467572377853181178, 467523489549708014]","[0.8525938987731934, 0.8378046751022339, 0.8320539593696594, 0.8192934393882751, 0.8171960115432739]"
ab87ec94-236b-4247-bde2-5d7193578e27,Ophthalmology,0.251953125,0.251953125,0.08154296875,0.4140625,False,B,0.06126713752746582,medmcqa_1,"['PBMD', 'PBMD', 'PBMD', 'PBMD', 'PBMD']","[467572377852706305, 467572377852331138, 467572377854882528, 467572377852733344, 467572377852071720]","[0.823754072189331, 0.8076906204223633, 0.7918621301651001, 0.7913001775741577, 0.7898035049438477]"
c324a888-716b-4b03-ab89-fb72c686ace7,Ophthalmology,0.037109375,0.0018463134765625,0.95703125,0.00390625,True,C,0.04570484161376953,medmcqa_1,"['STAT', 'STAT', 'STAT', 'STAT', 'STAT']","[467572377850742844, 467572377850742833, 467572377850742823, 467572377850347424, 467572377850780855]","[0.8776454925537109, 0.8162249326705933, 0.815941572189331, 0.8146223425865173, 0.8146222829818726]"
767e276d-cf56-4260-9071-8083422a6ac6,Ophthalmology,0.302734375,0.44140625,0.1435546875,0.11181640625,False,A,0.10560774803161621,medmcqa_1,"['PBMD', 'PBMD', 'PBMD', 'PBMD', 'PBMD']","[467572377855971450, 467572377852230647, 467572377856610562, 467572377856454563, 467572377856978511]","[0.7756305932998657, 0.7730336785316467, 0.769011378288269, 0.7688654065132141, 0.7686865925788879]"
87f3b07c-6f3a-46e5-a6eb-1936c3856a18,Ophthalmology,0.02001953125,0.01141357421875,0.0028839111328125,0.96484375,True,D,0.061276912689208984,medmcqa_1,"['PBMD', 'PBMD', 'STAT', 'PBMD', 'PBMD']","[467572377850973718, 467572377853486988, 467572377850683920, 467572377853725502, 467572377854274551]","[0.7473089098930359, 0.7455369830131531, 0.7442968487739563, 0.7420675754547119, 0.7412742376327515]"
ae74c003-998f-459b-a6b2-1b23ca3cb052,Ophthalmology,0.03271484375,0.58203125,0.0093994140625,0.375,False,A,0.06836128234863281,medmcqa_1,"['PBMD', 'STAT', 'PBMD', 'STAT', 'PBMD']","[467572377856351205, 467572377850699487, 467572377856235348, 467572377850370587, 467572377856756662]","[0.8106248378753662, 0.8089062571525574, 0.8034703135490417, 0.7988284826278687, 0.7964179515838623]"
eb0d3393-1fcc-4598-85d9-eb475d3417ee,Ophthalmology,0.004425048828125,0.95703125,0.00469970703125,0.034912109375,True,B,0.05884289741516113,medmcqa_1,"['PBMD', 'STAT', 'PBMD', 'PBMD', 'PBMD']","[467572377856218855, 467572377850340080, 467572377854256527, 467572377852398325, 467572377852914532]","[0.8648943305015564, 0.864652156829834, 0.8600587844848633, 0.858106255531311, 0.8534576892852783]"
d646def4-71c7-45ea-b8ff-9439d49bfef2,Ophthalmology,0.1513671875,0.765625,0.049072265625,0.03369140625,False,C,0.04959249496459961,medmcqa_1,"['STAT', 'STAT', 'PBMD', 'PBMD', 'PBMD']","[467572377850403386, 467572377850231078, 467572377854189372, 467572377855861915, 467572377852548923]","[0.8259281516075134, 0.8031049966812134, 0.8016569018363953, 0.7999730110168457, 0.793762743473053]"
8f81a4c9-83c5-4363-9c6b-74fc201b1d28,Ophthalmology,0.455078125,0.3125,0.042236328125,0.189453125,True,A,0.04154801368713379,medmcqa_1,"['STAT', 'STAT', 'STAT', 'STAT', 'PBMD']","[467572377850721747, 467572377850721722, 467572377850721800, 467572377850721723, 467572377854646848]","[0.8352530598640442, 0.8236653804779053, 0.8217023611068726, 0.8197526931762695, 0.817676305770874]"
d5164154-c7fa-47d6-b580-b128198138bf,Ophthalmology,0.013671875,0.9609375,0.01068115234375,0.0155029296875,True,B,0.04191017150878906,medmcqa_1,"['PBMD', 'PBMD', 'PBMD', 'PBMD', 'PBMD']","[467572377855739874, 467572377854168066, 467572377852124702, 467572377852295664, 467572377850925330]","[0.8478668928146362, 0.8409798741340637, 0.838129997253418, 0.8332911729812622, 0.8327175974845886]"
dcd85986-4a38-42b5-8e64-76b27d8b1dbe,Ophthalmology,0.0130615234375,0.97265625,0.0045166015625,0.009521484375,True,B,0.06365680694580078,medmcqa_1,"['TEXT', 'PBMD', 'PBMD', 'PBMD', 'STAT']","[467523489549951189, 467572377852649445, 467572377856502287, 467572377853559711, 467572377850781551]","[0.7994688749313354, 0.7964458465576172, 0.7958387732505798, 0.7956625819206238, 0.788875937461853]"
86f68e9e-8f29-411b-94eb-eeb0bcd3eaae,Ophthalmology,0.0174560546875,0.65234375,0.05712890625,0.271484375,False,D,0.0526125431060791,medmcqa_1,"['PBMD', 'PBMD', 'PBMD', 'TEXT', 'PBMD']","[467572377854269193, 467572377852068922, 467572377850827909, 467523489549959837, 467572377855897234]","[0.7919063568115234, 0.7887606024742126, 0.7838640213012695, 0.7833467125892639, 0.7785027027130127]"
f36f2981-0b3a-4c89-adaf-00fe8b756a88,Ophthalmology,0.921875,0.043212890625,0.0191650390625,0.014892578125,True,A,0.04021143913269043,medmcqa_1,"['PBMD', 'STAT', 'PBMD', 'PBMD', 'PBMD']","[467572377852082472, 467572377850364627, 467572377852093247, 467572377852724356, 467572377852036185]","[0.8323904275894165, 0.8024746179580688, 0.797360360622406, 0.7972697615623474, 0.7937753796577454]"
54d6b431-89b0-4f31-8481-db6ac7b7be54,Gynaecology & Obstetrics,0.279296875,0.671875,0.01483154296875,0.033447265625,False,A,0.059285879135131836,medmcqa_1,"['TEXT', 'PBMD', 'PBMD', 'STAT', 'TEXT']","[467523489549962251, 467572377850922364, 467572377854072420, 467572377850316251, 467523489549962242]","[0.7774178385734558, 0.7694026827812195, 0.7568087577819824, 0.7560172080993652, 0.7558327317237854]"
883d6022-7002-453b-95e7-cf37cb3dfd50,Gynaecology & Obstetrics,0.25390625,0.087890625,0.609375,0.047119140625,True,C,0.062026262283325195,medmcqa_1,"['PBMD', 'PBMD', 'PBMD', 'PBMD', 'PBMD']","[467572377854666404, 467572377853922157, 467572377856570190, 467572377856536403, 467572377856911190]","[0.7892733812332153, 0.7829001545906067, 0.7825319170951843, 0.7806975841522217, 0.7798613905906677]"
67921870-caad-4f84-922e-8801c5466140,Gynaecology & Obstetrics,0.1572265625,0.484375,0.29296875,0.0654296875,False,C,0.06258916854858398,medmcqa_1,"['TEXT', 'TEXT', 'TEXT', 'STAT', 'TEXT']","[467523489549966865, 467523489549966862, 467523489549966866, 467572377850726758, 467523489549966885]","[0.7987308502197266, 0.7799603939056396, 0.7731247544288635, 0.7663283944129944, 0.7601108551025391]"
1b95b200-a04e-4014-9578-5794b20a5e22,Gynaecology & Obstetrics,0.97265625,0.01904296875,0.0030975341796875,0.0032958984375,False,B,0.047715187072753906,medmcqa_1,"['STAT', 'PBMD', 'STAT', 'PBMD', 'PBMD']","[467572377850330388, 467572377855072882, 467572377850330399, 467572377852244028, 467572377853060465]","[0.7545871138572693, 0.7542961835861206, 0.752400279045105, 0.7519748210906982, 0.7507089972496033]"
b861b844-9f05-4694-9c0c-ab575066143c,Gynaecology & Obstetrics,0.06494140625,0.291015625,0.61328125,0.0306396484375,True,C,0.05284690856933594,medmcqa_1,"['PBMD', 'PBMD', 'PBMD', 'PBMD', 'STAT']","[467572377853960303, 467572377856938905, 467572377852348294, 467572377856822273, 467572377850681401]","[0.8035084009170532, 0.7978433966636658, 0.783758819103241, 0.7815365195274353, 0.7805014252662659]"
298d2556-c420-44d3-8616-82a422a0ab7f,Gynaecology & Obstetrics,0.51171875,0.3984375,0.07861328125,0.0106201171875,True,A,0.04729795455932617,medmcqa_1,"['PBMD', 'PBMD', 'PBMD', 'PBMD', 'PBMD']","[467572377854692790, 467572377854556758, 467572377852323613, 467572377852156873, 467572377850996377]","[0.8123750686645508, 0.788348913192749, 0.7877259254455566, 0.784180760383606, 0.7814587354660034]"
b63075f0-30e3-440b-9ac4-17b604aacd36,Gynaecology & Obstetrics,0.0771484375,0.23828125,0.03662109375,0.6484375,True,D,0.06088709831237793,medmcqa_1,"['PBMD', 'PBMD', 'PBMD', 'PBMD', 'PBMD']","[467572377855442752, 467572377856530041, 467572377855432386, 467572377856731566, 467572377853181187]","[0.8472204804420471, 0.8316514492034912, 0.8307375311851501, 0.8287926912307739, 0.8238973021507263]"
11b76f31-f958-4a76-aa1a-f9fd7503d3f7,Gynaecology & Obstetrics,0.006256103515625,0.0023040771484375,0.0037841796875,0.98828125,True,D,0.0635840892791748,medmcqa_1,"['PBMD', 'PBMD', 'PBMD', 'PBMD', 'PBMD']","[467572377853611130, 467572377853029325, 467572377855080166, 467572377852750353, 467572377853823322]","[0.7772334814071655, 0.76848304271698, 0.7602592706680298, 0.7588075399398804, 0.7542552351951599]"
0481d3d4-3a74-4331-9071-fed841778f0c,Gynaecology & Obstetrics,0.043701171875,0.0673828125,0.388671875,0.5,False,C,0.07480597496032715,medmcqa_1,"['STAT', 'TEXT', 'TEXT', 'PBMD', 'PBMD']","[467572377850225672, 467523489549709617, 467523489549694391, 467572377852602279, 467572377856625180]","[0.7790201902389526, 0.7628036141395569, 0.7606856822967529, 0.7590574026107788, 0.753543496131897]"
decba84f-4858-4d04-9722-c962b6fdee7f,Gynaecology & Obstetrics,0.220703125,0.1181640625,0.25,0.412109375,False,C,0.0626072883605957,medmcqa_1,"['PBMD', 'PBMD', 'PBMD', 'PBMD', 'TEXT']","[467572377854816470, 467572377855368064, 467572377853676064, 467572377854153085, 467523489549692950]","[0.7783786654472351, 0.776768684387207, 0.7748361825942993, 0.7733479738235474, 0.7729485034942627]"
b01a1ae8-5aef-489c-87d9-f5bd8f496c86,Gynaecology & Obstetrics,0.890625,0.053466796875,0.050048828125,0.0076904296875,True,A,0.046338796615600586,medmcqa_1,"['PBMD', 'PBMD', 'PBMD', 'PBMD', 'PBMD']","[467572377856160326, 467572377855887828, 467572377855991585, 467572377855024705, 467572377855876520]","[0.8196824789047241, 0.8137185573577881, 0.7949528098106384, 0.7888554930686951, 0.7801880836486816]"
ba377b3a-d5fc-4694-89b2-ed1d828f899b,Gynaecology & Obstetrics,0.022705078125,0.00787353515625,0.96484375,0.0032806396484375,True,C,0.08320116996765137,medmcqa_1,"['PBMD', 'STAT', 'PBMD', 'PBMD', 'PBMD']","[467572377853523405, 467572377850409960, 467572377853318707, 467572377856804682, 467572377856197393]","[0.8488054275512695, 0.8380559682846069, 0.8376467823982239, 0.8376369476318359, 0.8338290452957153]"
b551edad-aba7-4b2a-9381-2b721c625e3e,Gynaecology & Obstetrics,0.984375,0.008544921875,0.0042724609375,0.0021514892578125,True,A,0.07006335258483887,medmcqa_1,"['PBMD', 'TEXT', 'PBMD', 'PBMD', 'PBMD']","[467572377851017631, 467523489549968273, 467572377853703541, 467572377855983830, 467572377856836558]","[0.7900593876838684, 0.7834006547927856, 0.7821940183639526, 0.779387354850769, 0.7791350483894348]"
f4d4c6cf-7952-4b8a-97e3-10cee2b5e8eb,Gynaecology & Obstetrics,0.01025390625,0.984375,0.0027618408203125,0.00157928466796875,True,B,0.08763909339904785,medmcqa_1,"['PBMD', 'PBMD', 'PBMD', 'PBMD', 'PBMD']","[467572377856751231, 467572377856934740, 467572377856504302, 467572377856519207, 467572377855778233]","[0.8279995918273926, 0.8253848552703857, 0.8201457262039185, 0.8200704455375671, 0.8109843134880066]"
c23f1779-e7dc-4fdc-b3e3-70b879e0e6a6,Gynaecology & Obstetrics,0.1025390625,0.216796875,0.09033203125,0.58984375,True,D,0.07175016403198242,medmcqa_1,"['PBMD', 'PBMD', 'PBMD', 'PBMD', 'PBMD']","[467572377854063072, 467572377853901938, 467572377850928041, 467572377852602279, 467572377856690075]","[0.755926251411438, 0.7496185898780823, 0.7466654181480408, 0.7451592683792114, 0.744451642036438]"
c204adf5-fdb8-47fa-bcf4-3fcc95c0eb9b,Gynaecology & Obstetrics,0.05029296875,0.056884765625,0.890625,0.00341796875,True,C,0.062320709228515625,medmcqa_1,"['PBMD', 'PBMD', 'PBMD', 'PBMD', 'PBMD']","[467572377854112628, 467572377853825394, 467572377854664102, 467572377854361119, 467572377853682939]","[0.7907536029815674, 0.7864892482757568, 0.7802975177764893, 0.7799628973007202, 0.7793724536895752]"
dae7444e-da65-42c5-9eb6-595537c8c9e2,Gynaecology & Obstetrics,0.095703125,0.40234375,0.35546875,0.1474609375,True,B,0.08157634735107422,medmcqa_1,"['PBMD', 'PBMD', 'PBMD', 'PBMD', 'PBMD']","[467572377852217768, 467572377854546318, 467572377853901939, 467572377854766589, 467572377853602949]","[0.8078123331069946, 0.8030338287353516, 0.8029764890670776, 0.7972939014434814, 0.7963678240776062]"
63792af9-2cf0-4697-a5c0-4516aa3cb172,Gynaecology & Obstetrics,0.00909423828125,0.98828125,0.0020294189453125,0.00157928466796875,True,B,0.07316398620605469,medmcqa_1,"['PBMD', 'PBMD', 'PBMD', 'PBMD', 'TEXT']","[467572377853075600, 467572377852492218, 467572377855269065, 467572377855910827, 467523489549675472]","[0.8077966570854187, 0.8071909546852112, 0.8063395023345947, 0.8062566518783569, 0.8037770986557007]"
c412646f-4769-401d-82a7-7fb1272d84b5,Gynaecology & Obstetrics,0.025146484375,0.01263427734375,0.01953125,0.94140625,True,D,0.04979991912841797,medmcqa_1,"['TEXT', 'STAT', 'TEXT', 'STAT', 'STAT']","[467523489549967599, 467572377850785771, 467523489549967602, 467572377850745921, 467572377850785764]","[0.8280856609344482, 0.8144881725311279, 0.8077343702316284, 0.8011325001716614, 0.7950810790061951]"
8c3c9c5a-7920-43fa-9e7a-5582b5f61a48,Gynaecology & Obstetrics,0.0269775390625,0.2265625,0.6953125,0.050537109375,True,C,0.049272775650024414,medmcqa_1,"['PBMD', 'PBMD', 'PBMD', 'PBMD', 'PBMD']","[467572377850972102, 467572377852187312, 467572377855809311, 467572377852167492, 467572377855842157]","[0.7850911021232605, 0.7577656507492065, 0.7535353899002075, 0.7519757747650146, 0.7518203854560852]"
4b5221fd-1e3f-4c21-899b-19862447ec43,Medicine,0.007568359375,0.000453948974609375,0.00148773193359375,0.9921875,True,D,0.08181023597717285,medmcqa_1,"['STAT', 'PBMD', 'PBMD', 'STAT', 'PBMD']","[467572377850347495, 467572377852875120, 467572377856184866, 467572377850768988, 467572377855190022]","[0.8193122744560242, 0.8187811374664307, 0.8180242776870728, 0.808558464050293, 0.8073069453239441]"
d2435a55-fc96-4872-ab51-9c0e54cfbb52,Medicine,0.98046875,0.00482177734375,0.00958251953125,0.005828857421875,True,A,0.06646227836608887,medmcqa_1,"['PBMD', 'PBMD', 'PBMD', 'PBMD', 'PBMD']","[467572377856222370, 467572377854567112, 467572377852537637, 467572377852791445, 467572377855702153]","[0.7613416910171509, 0.7599273920059204, 0.7586745023727417, 0.7458683252334595, 0.7426427006721497]"
50b22b12-a480-44d1-9dbe-6aa524e58b28,Medicine,0.328125,0.609375,0.017333984375,0.044189453125,True,B,0.06936073303222656,medmcqa_1,"['STAT', 'PBMD', 'TEXT', 'PBMD', 'PBMD']","[467572377850643115, 467572377855707786, 467523489549707472, 467572377854194767, 467572377855272216]","[0.724568784236908, 0.7237163782119751, 0.7205920219421387, 0.7194569110870361, 0.7194463014602661]"
322956e4-d314-4a05-bd14-6d0aa638396e,Medicine,0.115234375,0.515625,0.01373291015625,0.35546875,False,D,0.052022695541381836,medmcqa_1,"['PBMD', 'PBMD', 'PBMD', 'PBMD', 'PBMD']","[467572377852099461, 467572377852724296, 467572377853325483, 467572377852137175, 467572377855021033]","[0.7888903021812439, 0.7776508927345276, 0.77239990234375, 0.772235631942749, 0.7700390815734863]"
04425c5a-5753-4bbe-9d3e-d16f634c95b9,Medicine,0.0002956390380859375,1.0,0.00058746337890625,0.000911712646484375,True,B,0.04941248893737793,medmcqa_1,"['PBMD', 'PBMD', 'PBMD', 'PBMD', 'PBMD']","[467572377854597949, 467572377852712331, 467572377853075726, 467572377852243417, 467572377852204727]","[0.8056415915489197, 0.8030922412872314, 0.7799687385559082, 0.7735041379928589, 0.7669984102249146]"
dee9f246-6344-408a-94ca-5da454845be8,Medicine,0.2734375,0.65625,0.060791015625,0.01129150390625,True,B,0.04309248924255371,medmcqa_1,"['TEXT', 'PBMD', 'STAT', 'STAT', 'STAT']","[467523489549710301, 467572377852930371, 467572377850713807, 467572377850705450, 467572377850726161]","[0.7882521152496338, 0.7787895798683167, 0.7771164178848267, 0.7761469483375549, 0.769157886505127]"
1986cf19-9ef6-4477-9866-46c66a6f4d9d,Medicine,0.1376953125,0.2001953125,0.330078125,0.330078125,False,D,0.040915727615356445,medmcqa_1,"['STAT', 'TEXT', 'STAT', 'PBMD', 'STAT']","[467572377850264849, 467523489549709369, 467572377850311289, 467572377853091719, 467572377850256191]","[0.8336431384086609, 0.8302109837532043, 0.8272024393081665, 0.824336051940918, 0.8241313099861145]"
c7c05448-ef3e-46cf-b5c3-efb00e69044b,Medicine,0.05517578125,0.408203125,0.013916015625,0.5234375,True,D,0.04650092124938965,medmcqa_1,"['PBMD', 'PBMD', 'TEXT', 'STAT', 'TEXT']","[467572377853075499, 467572377853853324, 467523489549713943, 467572377850682873, 467523489550006744]","[0.83144611120224, 0.826491117477417, 0.8256799578666687, 0.8233858346939087, 0.8148223757743835]"
f9f1fa00-f4e6-4a9f-9c67-98f6cfef96ad,Medicine,0.005889892578125,0.9921875,0.0020294189453125,0.001312255859375,True,B,0.06336116790771484,medmcqa_1,"['PBMD', 'PBMD', 'PBMD', 'PBMD', 'TEXT']","[467572377855376903, 467572377855066776, 467572377856718932, 467572377853677806, 467523489549945834]","[0.7963469624519348, 0.7962846159934998, 0.792548418045044, 0.7922314405441284, 0.7910639047622681]"
fe25d0dc-d74f-45d5-8244-6a5c14cf6df6,Medicine,0.01019287109375,0.97265625,0.0079345703125,0.0074462890625,False,A,0.05148005485534668,medmcqa_1,"['PBMD', 'PBMD', 'PBMD', 'PBMD', 'PBMD']","[467572377854037785, 467572377853485620, 467572377854395819, 467572377854950930, 467572377852274509]","[0.8363913297653198, 0.8345001935958862, 0.8329123854637146, 0.8295621275901794, 0.8290446996688843]"
88ecb8f7-828d-4e78-8c60-36df7cffcefe,Medicine,0.004608154296875,0.9921875,0.002044677734375,0.000202178955078125,True,B,0.07016992568969727,medmcqa_1,"['PBMD', 'PBMD', 'PBMD', 'PBMD', 'PBMD']","[467572377852442773, 467572377856158368, 467572377856762420, 467572377855693455, 467572377856138473]","[0.7744131088256836, 0.7725444436073303, 0.7712938785552979, 0.7711455225944519, 0.7698758840560913]"
863d19b4-2620-4c3c-8147-d24bb1a0c464,Medicine,0.044189453125,0.010498046875,0.9453125,0.00110626220703125,True,C,0.0584719181060791,medmcqa_1,"['TEXT', 'PBMD', 'PBMD', 'PBMD', 'STAT']","[467523489549707153, 467572377853458693, 467572377853893796, 467572377856024668, 467572377850653416]","[0.8054782152175903, 0.79964280128479, 0.798588752746582, 0.7976549863815308, 0.7963932752609253]"
bdb67be1-9f98-4aa4-a267-f8068ce22d87,Medicine,0.96875,0.01080322265625,0.011474609375,0.007415771484375,True,A,0.07789754867553711,medmcqa_1,"['PBMD', 'PBMD', 'PBMD', 'PBMD', 'PBMD']","[467572377854092390, 467572377854024223, 467572377852562915, 467572377856044714, 467572377853054470]","[0.8537068367004395, 0.852927029132843, 0.8527072668075562, 0.8498691916465759, 0.8472268581390381]"
4d45b24a-22ad-41a2-929d-1c12f9224d8c,Medicine,0.251953125,0.119140625,0.60546875,0.0234375,True,C,0.07150554656982422,medmcqa_1,"['PBMD', 'PBMD', 'PBMD', 'PBMD', 'PBMD']","[467572377856689427, 467572377854936536, 467572377855413956, 467572377855353320, 467572377854947906]","[0.8202654719352722, 0.8198464512825012, 0.8190268278121948, 0.817720353603363, 0.8166664242744446]"
1202b747-45f3-45f8-9750-38c99a04265f,Medicine,0.01531982421875,0.94921875,0.006805419921875,0.0303955078125,False,D,0.04819655418395996,medmcqa_1,"['PBMD', 'STAT', 'PBMD', 'PBMD', 'STAT']","[467572377852891026, 467572377850281294, 467572377854205563, 467572377853099964, 467572377850360136]","[0.7847728729248047, 0.7820464968681335, 0.7673319578170776, 0.767180860042572, 0.7657960057258606]"
b40dbad9-6ed9-4f30-8910-4287b4f0108a,Medicine,0.0284423828125,0.94140625,0.00921630859375,0.020751953125,True,B,0.0623929500579834,medmcqa_1,"['PBMD', 'PBMD', 'PBMD', 'PBMD', 'PBMD']","[467572377852741753, 467572377852089335, 467572377850956989, 467572377853498390, 467572377853186196]","[0.8543315529823303, 0.8539071679115295, 0.8518306612968445, 0.8489552140235901, 0.8444931507110596]"
d1663df1-ada3-46e0-8126-11e15f02af15,Medicine,0.1025390625,0.03759765625,0.1025390625,0.7578125,True,D,0.06272339820861816,medmcqa_1,"['PBMD', 'PBMD', 'PBMD', 'PBMD', 'PBMD']","[467572377850916104, 467572377853342919, 467572377852732098, 467572377852941266, 467572377852291614]","[0.7747445106506348, 0.7714757323265076, 0.7711595296859741, 0.7591366171836853, 0.758047342300415]"
dcb79323-2141-49c9-a9d0-b42973ccbfbb,Medicine,0.98828125,0.007110595703125,0.0020294189453125,0.00148773193359375,True,A,0.042887210845947266,medmcqa_1,"['PBMD', 'PBMD', 'PBMD', 'STAT', 'PBMD']","[467572377853836909, 467572377850955465, 467572377852910218, 467572377850662493, 467572377852051479]","[0.8404691219329834, 0.8219799995422363, 0.8175063729286194, 0.8148125410079956, 0.810904860496521]"
346004bf-e37e-46b9-8d3b-a206e40fd5c5,Medicine,0.99609375,0.0029754638671875,0.00180816650390625,9.584426879882812e-05,True,A,0.06128859519958496,medmcqa_1,"['TEXT', 'STAT', 'STAT', 'PBMD', 'PBMD']","[467523489549930056, 467572377850368286, 467572377850685653, 467572377856774164, 467572377856422853]","[0.8416040539741516, 0.8407825231552124, 0.8286364674568176, 0.8168996572494507, 0.8150297999382019]"
c3a2645c-98ab-451a-826f-695882a83215,Medicine,0.1328125,0.408203125,0.361328125,0.09716796875,False,D,0.07743382453918457,medmcqa_1,"['PBMD', 'PBMD', 'PBMD', 'PBMD', 'PBMD']","[467572377855296839, 467572377855024929, 467572377854085950, 467572377850991239, 467572377853057506]","[0.800037145614624, 0.7877357602119446, 0.7863274216651917, 0.7852774262428284, 0.784733235836029]"
f80ed95e-3cf8-4baf-bc63-415c93a1df30,Microbiology,0.9765625,0.01153564453125,0.00897216796875,0.0022735595703125,True,A,0.04860877990722656,medmcqa_1,"['PBMD', 'STAT', 'PBMD', 'PBMD', 'PBMD']","[467572377856569433, 467572377850281300, 467572377852080862, 467572377852728318, 467572377851005161]","[0.7847155332565308, 0.7625560760498047, 0.7617447376251221, 0.7590644955635071, 0.7544754147529602]"
95544a97-2d90-41f9-93de-d47cbd9469cb,Microbiology,0.138671875,0.10791015625,0.703125,0.051025390625,True,C,0.04930233955383301,medmcqa_1,"['PBMD', 'PBMD', 'PBMD', 'PBMD', 'PBMD']","[467572377852242538, 467572377855359443, 467572377854327221, 467572377850849384, 467572377850826214]","[0.7701379060745239, 0.767751932144165, 0.7660396099090576, 0.7657735347747803, 0.7656933665275574]"
b8b813d0-299a-4934-b3aa-2074a70df573,Microbiology,0.01165771484375,0.98828125,0.0004253387451171875,0.0003757476806640625,True,B,0.03838396072387695,medmcqa_1,"['PBMD', 'PBMD', 'PBMD', 'PBMD', 'PBMD']","[467572377854020231, 467572377856828611, 467572377852113885, 467572377850910633, 467572377855383247]","[0.802736759185791, 0.7719434499740601, 0.7647838592529297, 0.7518728375434875, 0.750451385974884]"
ecfaa301-b008-4d2f-a149-ec17bc3f731d,Microbiology,0.34375,0.390625,0.0283203125,0.236328125,True,B,0.08170580863952637,medmcqa_1,"['PBMD', 'PBMD', 'PBMD', 'PBMD', 'PBMD']","[467572377856965262, 467572377853267634, 467572377852495302, 467572377856143583, 467572377856755321]","[0.8079732656478882, 0.8012949228286743, 0.7993499040603638, 0.7980997562408447, 0.7976073026657104]"
4ca835cb-92ef-4e0d-b698-28558cb5cacc,Microbiology,0.86328125,0.05517578125,0.029541015625,0.0517578125,True,A,0.0718226432800293,medmcqa_1,"['PBMD', 'PBMD', 'PBMD', 'PBMD', 'PBMD']","[467572377852143275, 467572377852157072, 467572377856005277, 467572377854214042, 467572377852499448]","[0.8151494264602661, 0.8128580451011658, 0.8111398220062256, 0.8058739900588989, 0.8041868209838867]"
9a909746-e871-442a-8ba5-e511ad03495a,Microbiology,0.00170135498046875,0.0002155303955078125,0.00116729736328125,0.99609375,True,D,0.04710245132446289,medmcqa_1,"['PBMD', 'PBMD', 'PBMD', 'PBMD', 'PBMD']","[467572377853654791, 467572377854791638, 467572377853531866, 467572377853323187, 467572377850928734]","[0.8355759382247925, 0.8272389769554138, 0.8270196318626404, 0.8269667029380798, 0.8257327079772949]"
cb450a89-2caf-4fc3-a893-c55c22ad91e4,Microbiology,0.29296875,0.259765625,0.06982421875,0.376953125,True,D,0.06996583938598633,medmcqa_1,"['PBMD', 'PBMD', 'PBMD', 'PBMD', 'PBMD']","[467572377856811686, 467572377852078324, 467572377856039373, 467572377854326540, 467572377852601859]","[0.7740546464920044, 0.7693613767623901, 0.7685771584510803, 0.764893651008606, 0.7618972063064575]"
f0c4039e-4f4b-4eaa-b754-96a5673dd8e1,Microbiology,0.240234375,0.240234375,0.44921875,0.06884765625,False,A,0.06076526641845703,medmcqa_1,"['PBMD', 'PBMD', 'PBMD', 'PBMD', 'PBMD']","[467572377855749918, 467572377855926520, 467572377856461188, 467572377855697467, 467572377855038427]","[0.7844830751419067, 0.776681661605835, 0.7675511837005615, 0.7659900188446045, 0.7633634805679321]"
e002fbda-6f37-4752-b693-3c2875fff29f,Microbiology,0.007110595703125,0.98828125,0.00168609619140625,0.0019073486328125,True,B,0.0683131217956543,medmcqa_1,"['PBMD', 'PBMD', 'PBMD', 'PBMD', 'PBMD']","[467572377854634994, 467572377853276882, 467572377854741583, 467572377854799721, 467572377854960150]","[0.782106339931488, 0.7810343503952026, 0.7807092070579529, 0.7720774412155151, 0.7693929672241211]"
b1e46e1c-4326-41ff-948a-dc243c3905cb,Microbiology,0.056396484375,0.0439453125,0.78125,0.11962890625,True,C,0.04289746284484863,medmcqa_1,"['TEXT', 'TEXT', 'PBMD', 'PBMD', 'PBMD']","[467523489549928767, 467523489549931689, 467572377853742630, 467572377855015464, 467572377850999852]","[0.7722680568695068, 0.7599760293960571, 0.7599315643310547, 0.7572925090789795, 0.7572418451309204]"
9896c5a7-aed9-48a8-9869-3b430734f347,Microbiology,0.91796875,0.0277099609375,0.0130615234375,0.04296875,True,A,0.04722285270690918,medmcqa_1,"['PBMD', 'PBMD', 'PBMD', 'PBMD', 'PBMD']","[467572377854866569, 467572377850943959, 467572377853765627, 467572377853277559, 467572377855083662]","[0.8018907308578491, 0.7813794016838074, 0.7803218364715576, 0.7770849466323853, 0.773357093334198]"
ec34bd32-ea00-4363-a12a-d715143cb9e3,Microbiology,0.0225830078125,0.006072998046875,0.9609375,0.010009765625,True,C,0.06387114524841309,medmcqa_1,"['PBMD', 'PBMD', 'PBMD', 'PBMD', 'PBMD']","[467572377854762242, 467572377852653377, 467572377852342725, 467572377854360431, 467572377850844617]","[0.8081264495849609, 0.8057214021682739, 0.8008185029029846, 0.8001837730407715, 0.798017144203186]"
26ffecf6-530e-4663-95ad-9aaee9b58c24,Microbiology,0.078125,0.0269775390625,0.89453125,0.001953125,True,C,0.04082918167114258,medmcqa_1,"['PBMD', 'PBMD', 'PBMD', 'PBMD', 'PBMD']","[467572377855034265, 467572377854842355, 467572377854288694, 467572377853136844, 467572377853978617]","[0.805500864982605, 0.7966629266738892, 0.7867843508720398, 0.7856619954109192, 0.7840372323989868]"
00f7f000-16c7-4414-a9b7-dfbce6f5a0b0,Microbiology,0.004608154296875,0.00191497802734375,0.000514984130859375,0.9921875,True,D,0.07882571220397949,medmcqa_1,"['PBMD', 'PBMD', 'PBMD', 'PBMD', 'PBMD']","[467572377853679589, 467572377856831822, 467572377856369867, 467572377853153347, 467572377855593247]","[0.8429174423217773, 0.8392133712768555, 0.8370912075042725, 0.8353756070137024, 0.8353216648101807]"
afe4e0da-292c-4a81-97a7-592225c549a2,Microbiology,0.3125,0.515625,0.039794921875,0.130859375,True,B,0.04866957664489746,medmcqa_1,"['PBMD', 'PBMD', 'PBMD', 'PBMD', 'PBMD']","[467572377854644566, 467572377855390782, 467572377852280628, 467572377853718085, 467572377853717202]","[0.8155163526535034, 0.8126529455184937, 0.8099026083946228, 0.8083130717277527, 0.8079392910003662]"
3b9c6130-7685-4154-8fe6-84326d675eae,Microbiology,0.07080078125,0.006561279296875,0.00616455078125,0.91796875,True,D,0.06158614158630371,medmcqa_1,"['PBMD', 'TEXT', 'STAT', 'TEXT', 'PBMD']","[467572377854570009, 467523489549971452, 467572377850343787, 467523489549698694, 467572377854872767]","[0.7895221710205078, 0.7868125438690186, 0.7805639505386353, 0.7804586887359619, 0.7779895663261414]"
38db217e-fa1a-4ed8-b45e-d9a56788f1b6,Microbiology,0.6953125,0.19921875,0.032470703125,0.0732421875,True,A,0.07222294807434082,medmcqa_1,"['PBMD', 'PBMD', 'PBMD', 'PBMD', 'PBMD']","[467572377852601859, 467572377856811686, 467572377854326540, 467572377856039373, 467572377853681320]","[0.7623936533927917, 0.7614235877990723, 0.7600097060203552, 0.7550912499427795, 0.7492728233337402]"
b8dcfb85-3681-4736-b500-d6dc78613c00,Microbiology,0.07080078125,0.048828125,0.014892578125,0.8671875,True,D,0.07189702987670898,medmcqa_1,"['PBMD', 'PBMD', 'PBMD', 'PBMD', 'PBMD']","[467572377852369086, 467572377852621718, 467572377853534982, 467572377852643487, 467572377853014385]","[0.8202044367790222, 0.809156596660614, 0.8080360293388367, 0.8080121874809265, 0.8021945357322693]"
8aac16e3-519f-40ae-938b-bc2fa8582ab6,Microbiology,0.048583984375,0.1689453125,0.02294921875,0.7578125,True,D,0.053768157958984375,medmcqa_1,"['PBMD', 'PBMD', 'PBMD', 'PBMD', 'PBMD']","[467572377853217102, 467572377852326673, 467572377850814249, 467572377856507800, 467572377854438934]","[0.7913378477096558, 0.7865561246871948, 0.7826342582702637, 0.7825408577919006, 0.7814086675643921]"
8f5c96d3-5b82-4e01-97a7-117139cf0449,Microbiology,0.2734375,0.54296875,0.12158203125,0.06103515625,True,B,0.06919717788696289,medmcqa_1,"['PBMD', 'TEXT', 'TEXT', 'TEXT', 'PBMD']","[467572377853960065, 467523489549986357, 467523489549985927, 467523489549928371, 467572377852644897]","[0.7724765539169312, 0.7654151916503906, 0.7629033327102661, 0.7564694285392761, 0.755868673324585]"
fdd3f4c8-77ff-4a3f-8bc4-d60cff1edf95,Biochemistry,0.1103515625,0.765625,0.024658203125,0.09765625,True,B,0.05910158157348633,medmcqa_1,"['PBMD', 'STAT', 'PBMD', 'PBMD', 'PBMD']","[467572377854033820, 467572377850231874, 467572377853938046, 467572377853849258, 467572377853593823]","[0.787645161151886, 0.7763878107070923, 0.7732783555984497, 0.7716502547264099, 0.7695237994194031]"
806f257e-2bb6-44fb-95d2-9cf54a0aae88,Biochemistry,0.68359375,0.251953125,0.052734375,0.01104736328125,False,C,0.0590822696685791,medmcqa_1,"['PBMD', 'PBMD', 'PBMD', 'TEXT', 'PBMD']","[467572377850965585, 467572377852467882, 467572377856126730, 467523489549678167, 467572377854847744]","[0.8477796912193298, 0.8468561768531799, 0.8421118259429932, 0.8347264528274536, 0.83397376537323]"
2af12709-d0b6-449b-97ca-182a53b746cf,Biochemistry,0.9375,0.0250244140625,0.004913330078125,0.031982421875,True,A,0.06072545051574707,medmcqa_1,"['TEXT', 'PBMD', 'PBMD', 'PBMD', 'PBMD']","[467523489549677240, 467572377855596335, 467572377855780021, 467572377853929364, 467572377855030864]","[0.7779755592346191, 0.77583247423172, 0.7725292444229126, 0.7709759473800659, 0.765773355960846]"
ec1b5ff0-3b09-47db-9305-98347d1b0af1,Biochemistry,0.01708984375,0.0206298828125,0.93359375,0.030029296875,True,C,0.06336832046508789,medmcqa_1,"['STAT', 'TEXT', 'PBMD', 'TEXT', 'TEXT']","[467572377850224866, 467523489549677428, 467572377853763060, 467523489549679810, 467523489549677422]","[0.797542154788971, 0.7860539555549622, 0.7740850448608398, 0.7691357731819153, 0.7681663632392883]"
00e23868-d218-4708-b332-239f1b9bb38c,Biochemistry,0.00150299072265625,0.99609375,0.0003566741943359375,0.000457763671875,True,B,0.06216025352478027,medmcqa_1,"['PBMD', 'PBMD', 'PBMD', 'PBMD', 'PBMD']","[467572377850793691, 467572377850914346, 467572377854113445, 467572377854013802, 467572377852280285]","[0.7778913974761963, 0.7770071029663086, 0.7754061222076416, 0.770050585269928, 0.768242359161377]"
ca973108-6f2e-4960-b750-fcf9a37d0d35,Biochemistry,0.00262451171875,0.99609375,0.0010986328125,0.00019073486328125,True,B,0.06163978576660156,medmcqa_1,"['PBMD', 'PBMD', 'PBMD', 'PBMD', 'PBMD']","[467572377852671942, 467572377854333694, 467572377855406388, 467572377855861348, 467572377854335030]","[0.7886427640914917, 0.778197705745697, 0.7747999429702759, 0.7737095355987549, 0.7726295590400696]"
1d5bee12-e421-44ff-81cf-6e688602f892,Biochemistry,0.031494140625,0.81640625,0.0115966796875,0.1416015625,True,B,0.050774335861206055,medmcqa_1,"['PBMD', 'TEXT', 'PBMD', 'PBMD', 'TEXT']","[467572377854338265, 467523489549677916, 467572377854446274, 467572377853355729, 467523489549679615]","[0.8080518841743469, 0.8072229623794556, 0.8034950494766235, 0.7975220680236816, 0.7969748973846436]"
ad2f213d-dfce-4a2c-b533-a14ab5eb58cf,Biochemistry,0.031005859375,0.002105712890625,0.004180908203125,0.9609375,True,D,0.07132792472839355,medmcqa_1,"['PBMD', 'PBMD', 'PBMD', 'PBMD', 'PBMD']","[467572377854211911, 467572377852286645, 467572377852316049, 467572377854512425, 467572377852232225]","[0.8090484142303467, 0.7965390682220459, 0.7961780428886414, 0.7937160134315491, 0.7914487719535828]"
1f0bc908-7a33-4725-9ada-7146610e46c8,Biochemistry,0.000431060791015625,9.012222290039062e-05,0.00012302398681640625,1.0,True,D,0.06444978713989258,medmcqa_1,"['PBMD', 'PBMD', 'PBMD', 'PBMD', 'PBMD']","[467572377852675039, 467572377853491979, 467572377854505929, 467572377852151843, 467572377855174088]","[0.7910425662994385, 0.7846997976303101, 0.7845119833946228, 0.7747496366500854, 0.7745285630226135]"
ebc6f4e3-68b3-4fd3-b4f2-52ffeb6dd5ab,Biochemistry,0.02001953125,0.01141357421875,0.96484375,0.0023956298828125,True,C,0.04914522171020508,medmcqa_1,"['PBMD', 'PBMD', 'PBMD', 'PBMD', 'PBMD']","[467572377854554272, 467572377850800782, 467572377853448911, 467572377854330467, 467572377852748406]","[0.7742611169815063, 0.7669218182563782, 0.7624309062957764, 0.7617156505584717, 0.761615514755249]"
d8e83cf9-d1ea-4005-bc64-5fff40140ad1,Biochemistry,0.00445556640625,0.0107421875,0.02001953125,0.96484375,True,D,0.05912947654724121,medmcqa_1,"['TEXT', 'TEXT', 'PBMD', 'TEXT', 'PBMD']","[467523489549678563, 467523489549711320, 467572377854519126, 467523489549679166, 467572377854549690]","[0.7581225633621216, 0.7375658750534058, 0.7296266555786133, 0.729081928730011, 0.7285889983177185]"
d07f0121-d518-4d04-83f8-b73f83433b02,Biochemistry,0.01312255859375,0.98046875,0.0037689208984375,0.00274658203125,True,B,0.07331037521362305,medmcqa_1,"['PBMD', 'PBMD', 'PBMD', 'PBMD', 'PBMD']","[467572377854823314, 467572377853747028, 467572377855920522, 467572377852772946, 467572377850896316]","[0.8352188467979431, 0.8341991901397705, 0.8248286247253418, 0.8219683170318604, 0.8176803588867188]"
d88b5ee5-bd2f-49e5-bcd9-f875c89150a1,Biochemistry,0.0673828125,0.0247802734375,0.08642578125,0.8203125,True,D,0.04493546485900879,medmcqa_1,"['PBMD', 'STAT', 'PBMD', 'TEXT', 'PBMD']","[467572377852581702, 467572377850722083, 467572377854326677, 467523489549678586, 467572377856827685]","[0.8153308629989624, 0.8115220069885254, 0.8095312118530273, 0.806122362613678, 0.805260181427002]"
e14a35b9-45f0-4beb-a971-112ba840f767,Biochemistry,0.126953125,0.828125,0.0172119140625,0.026611328125,True,B,0.08022499084472656,medmcqa_1,"['PBMD', 'PBMD', 'PBMD', 'PBMD', 'PBMD']","[467572377856963830, 467572377853184945, 467572377853984274, 467572377856861443, 467572377853593914]","[0.7526116371154785, 0.7525573968887329, 0.750129759311676, 0.7464461922645569, 0.7431389093399048]"
960c6f04-4912-4538-884f-a9952932fe4f,Biochemistry,0.353515625,0.0478515625,0.0164794921875,0.58203125,True,D,0.08076596260070801,medmcqa_1,"['PBMD', 'PBMD', 'PBMD', 'PBMD', 'PBMD']","[467572377854334964, 467572377854334965, 467572377854716342, 467572377853999427, 467572377856604405]","[0.8006985187530518, 0.7984201908111572, 0.7941251993179321, 0.7914046049118042, 0.7863926887512207]"
ec099212-7c62-48a3-9eb5-224633b59b24,Biochemistry,0.0033721923828125,0.99609375,0.00080108642578125,0.00054931640625,True,B,0.04112434387207031,medmcqa_1,"['TEXT', 'PBMD', 'PBMD', 'TEXT', 'TEXT']","[467523489549681361, 467572377852405545, 467572377853029792, 467523489549681353, 467523489549681360]","[0.8162506818771362, 0.8077882528305054, 0.8069708943367004, 0.7935661673545837, 0.7934145927429199]"
506bb446-441a-4f49-a44b-187a10cc1542,Biochemistry,0.060546875,0.5078125,0.39453125,0.036865234375,True,B,0.07993555068969727,medmcqa_1,"['PBMD', 'PBMD', 'PBMD', 'PBMD', 'PBMD']","[467572377852280756, 467572377853886101, 467572377854326204, 467572377852205444, 467572377855290279]","[0.8403915166854858, 0.8362042903900146, 0.8321788311004639, 0.8314341306686401, 0.8302891254425049]"
cb5a1c88-6955-4b63-ac0d-a5eaf766af04,Biochemistry,0.9921875,0.00555419921875,0.00191497802734375,0.00021457672119140625,True,A,0.05703592300415039,medmcqa_1,"['PBMD', 'PBMD', 'TEXT', 'TEXT', 'PBMD']","[467572377851012840, 467572377854566485, 467523489549678788, 467523489549710532, 467572377855688897]","[0.8045915365219116, 0.8015128970146179, 0.8007693886756897, 0.7974221706390381, 0.7864362001419067]"
d9907b52-0c56-4df4-b0bd-d95ceb073d56,Biochemistry,0.478515625,0.2255859375,0.17578125,0.12060546875,False,B,0.08754229545593262,medmcqa_1,"['PBMD', 'PBMD', 'PBMD', 'PBMD', 'PBMD']","[467572377855436133, 467572377853951988, 467572377855432832, 467572377854303065, 467572377855887938]","[0.8019567131996155, 0.7962680459022522, 0.7951156497001648, 0.7916709780693054, 0.789517343044281]"
c6db42c8-ebc4-4eb4-b841-a70a482ff103,Biochemistry,0.94921875,0.01055908203125,0.004974365234375,0.03466796875,True,A,0.0722503662109375,medmcqa_1,"['PBMD', 'TEXT', 'PBMD', 'PBMD', 'TEXT']","[467572377854329082, 467523489549678163, 467572377854340449, 467572377852334517, 467523489549678144]","[0.8114703893661499, 0.8063346743583679, 0.8060661554336548, 0.8055814504623413, 0.8016600012779236]"
9a10dba1-94f1-49c3-91f4-75a686b68fc9,Forensic Medicine,0.2001953125,0.2265625,0.373046875,0.2001953125,True,C,0.08095717430114746,medmcqa_1,"['PBMD', 'PBMD', 'PBMD', 'PBMD', 'PBMD']","[467572377852901543, 467572377853371981, 467572377852187602, 467572377855826923, 467572377854233776]","[0.7780090570449829, 0.774655818939209, 0.7708142399787903, 0.7682942152023315, 0.7680831551551819]"
5f02f61e-61e5-4aae-a1f0-78bc3138b03f,Forensic Medicine,0.1669921875,0.455078125,0.1015625,0.275390625,False,A,0.05899190902709961,medmcqa_1,"['TEXT', 'PBMD', 'PBMD', 'PBMD', 'PBMD']","[467523489549959630, 467572377854315921, 467572377856519931, 467572377855305249, 467572377852556308]","[0.7462556958198547, 0.735928475856781, 0.7321533560752869, 0.7307007312774658, 0.7304861545562744]"
9d27ce32-5305-4d83-baa2-18a446cbbd40,Forensic Medicine,0.002471923828125,0.99609375,0.0021820068359375,5.793571472167969e-05,True,B,0.060254812240600586,medmcqa_1,"['PBMD', 'PBMD', 'PBMD', 'PBMD', 'PBMD']","[467572377852259705, 467572377856970999, 467572377852717955, 467572377855770488, 467572377855967312]","[0.7529266476631165, 0.7487192153930664, 0.7430423498153687, 0.7380453944206238, 0.7378923296928406]"
1b83c979-bd21-4bc5-8202-542f4e9b12a1,Forensic Medicine,0.251953125,0.1728515625,0.043701171875,0.53125,False,C,0.050557851791381836,medmcqa_1,"['PBMD', 'PBMD', 'PBMD', 'PBMD', 'PBMD']","[467572377852496749, 467572377852486324, 467572377855015154, 467572377854460624, 467572377854625966]","[0.7490337491035461, 0.7487011551856995, 0.7390833497047424, 0.7367621660232544, 0.736673891544342]"
385f86a6-c944-4633-b51e-72ed010bec8c,Forensic Medicine,0.01092529296875,0.004852294921875,0.984375,0.000698089599609375,True,C,0.06142115592956543,medmcqa_1,"['TEXT', 'TEXT', 'PBMD', 'PBMD', 'PBMD']","[467523489549952010, 467523489549972527, 467572377853889081, 467572377854983406, 467572377855177845]","[0.7653103470802307, 0.7652397155761719, 0.7631300687789917, 0.7606583833694458, 0.7552875280380249]"
e18c327c-53b2-4dd6-a430-2b32a4019654,Forensic Medicine,0.045166015625,0.91015625,0.0400390625,0.005767822265625,True,B,0.04933905601501465,medmcqa_1,"['PBMD', 'PBMD', 'PBMD', 'PBMD', 'PBMD']","[467572377856406937, 467572377855072115, 467572377854666393, 467572377853580349, 467572377852357395]","[0.7579891681671143, 0.7443331480026245, 0.7434710264205933, 0.7418470978736877, 0.7409720420837402]"
bc288e18-b0c3-4b29-804c-9152a21716f8,Forensic Medicine,0.01239013671875,0.002288818359375,0.984375,0.00201416015625,True,C,0.0616455078125,medmcqa_1,"['PBMD', 'PBMD', 'TEXT', 'TEXT', 'PBMD']","[467572377856486486, 467572377853989314, 467523489549952394, 467523489549706586, 467572377854973941]","[0.7030638456344604, 0.6957578659057617, 0.6948221325874329, 0.6940861344337463, 0.6898996829986572]"
77ff89c3-9330-41cd-9a6f-7f4a9e6f7fc0,Forensic Medicine,0.15625,0.546875,0.12158203125,0.1767578125,False,C,0.06130385398864746,medmcqa_1,"['PBMD', 'PBMD', 'TEXT', 'PBMD', 'PBMD']","[467572377854083745, 467572377854102916, 467523489549958489, 467572377856015214, 467572377852624435]","[0.7592712044715881, 0.7541688084602356, 0.7447611689567566, 0.7423880100250244, 0.7408280372619629]"
fa2ea493-50b9-4a16-a881-c4f70bae2084,Forensic Medicine,0.10888671875,0.431640625,0.380859375,0.07958984375,False,C,0.04706311225891113,medmcqa_1,"['PBMD', 'PBMD', 'PBMD', 'PBMD', 'PBMD']","[467572377852614039, 467572377856978736, 467572377856823961, 467572377852753320, 467572377850999463]","[0.7896376252174377, 0.788567066192627, 0.7863025069236755, 0.7854310274124146, 0.7814182043075562]"
303a416b-1af0-4473-854c-d361d7c0e4e5,Forensic Medicine,0.0179443359375,0.9765625,0.00201416015625,0.00213623046875,True,B,0.06439065933227539,medmcqa_1,"['PBMD', 'PBMD', 'PBMD', 'PBMD', 'PBMD']","[467572377853761534, 467572377856322178, 467572377854780736, 467572377856637217, 467572377855698336]","[0.80511474609375, 0.8007453680038452, 0.7916275858879089, 0.7888219356536865, 0.7882116436958313]"
480cdd4a-34bd-442a-a53c-09697e7e4903,Forensic Medicine,0.2197265625,0.361328125,0.248046875,0.1708984375,True,B,0.08190131187438965,medmcqa_1,"['PBMD', 'PBMD', 'PBMD', 'PBMD', 'PBMD']","[467572377856551305, 467572377850907242, 467572377856957462, 467572377852743184, 467572377856421479]","[0.7286790013313293, 0.7255153656005859, 0.7248802185058594, 0.7227668762207031, 0.7221745848655701]"
bd18a5ca-23b3-4db9-b19a-c090eb423643,Forensic Medicine,0.2099609375,0.0771484375,0.6875,0.0250244140625,True,C,0.0438995361328125,medmcqa_1,"['PBMD', 'PBMD', 'PBMD', 'PBMD', 'PBMD']","[467572377852042871, 467572377855445977, 467572377856549284, 467572377856750757, 467572377853580349]","[0.7835289239883423, 0.7743985652923584, 0.7715235948562622, 0.7677526473999023, 0.7641857862472534]"
858f2bda-6f1f-4046-8e37-74d07bbd4469,Forensic Medicine,0.0166015625,0.018798828125,0.96484375,0.001129150390625,True,C,0.028411149978637695,medmcqa_1,"['PBMD', 'STAT', 'PBMD', 'PBMD', 'STAT']","[467572377852305603, 467572377850643457, 467572377855915854, 467572377852336867, 467572377850683920]","[0.7497296929359436, 0.747727632522583, 0.7471476793289185, 0.7459645867347717, 0.7414414286613464]"
17e676b3-2c0e-485a-96bc-eb2bcfda64ce,Forensic Medicine,0.1640625,0.07763671875,0.185546875,0.57421875,False,A,0.05723905563354492,medmcqa_1,"['PBMD', 'PBMD', 'PBMD', 'PBMD', 'PBMD']","[467572377852902274, 467572377854313330, 467572377852146689, 467572377852347422, 467572377852806255]","[0.762893795967102, 0.7620670795440674, 0.7594034671783447, 0.7566635608673096, 0.7565106153488159]"
36498720-7aa1-4fac-92bd-c131a177fa01,Forensic Medicine,0.064453125,0.056884765625,0.5078125,0.37109375,False,D,0.04666399955749512,medmcqa_1,"['PBMD', 'STAT', 'PBMD', 'PBMD', 'PBMD']","[467572377853086030, 467572377850390935, 467572377855925968, 467572377855036326, 467572377852724865]","[0.8392232656478882, 0.8261937499046326, 0.8176761269569397, 0.8170216083526611, 0.815349280834198]"
ce9d9942-2986-4742-9597-be0b073c15f4,Forensic Medicine,0.044189453125,0.005615234375,0.0059814453125,0.9453125,True,D,0.06205463409423828,medmcqa_1,"['PBMD', 'STAT', 'PBMD', 'PBMD', 'PBMD']","[467572377856016811, 467572377850370745, 467572377856286602, 467572377854052211, 467572377854362510]","[0.7213841080665588, 0.7151588201522827, 0.7123681306838989, 0.7110683917999268, 0.709844708442688]"
6452013a-4efd-4111-a30f-9e8ba969a250,Forensic Medicine,0.1572265625,0.0654296875,0.703125,0.07421875,True,C,0.045317888259887695,medmcqa_1,"['PBMD', 'PBMD', 'PBMD', 'PBMD', 'PBMD']","[467572377854012970, 467572377855873454, 467572377856694638, 467572377853447915, 467572377853364343]","[0.7514322996139526, 0.7389491200447083, 0.7341024279594421, 0.7323765158653259, 0.727841854095459]"
0a4a66e7-a7a0-41e7-89ad-5c817592f06b,Forensic Medicine,0.2119140625,0.6953125,0.056884765625,0.036865234375,True,B,0.02578568458557129,medmcqa_1,"['TEXT', 'TEXT', 'TEXT', 'TEXT', 'TEXT']","[467523489549677962, 467523489549677742, 467523489549987024, 467523489549983051, 467523489549983570]","[0.6986781358718872, 0.6972613334655762, 0.6972613334655762, 0.6972612738609314, 0.6972612738609314]"
d036be29-be60-4f66-baab-2803b32743be,Forensic Medicine,0.011474609375,0.97265625,0.011474609375,0.005767822265625,True,B,0.053609371185302734,medmcqa_1,"['TEXT', 'PBMD', 'PBMD', 'TEXT', 'TEXT']","[467523489549995970, 467572377852134875, 467572377850924156, 467523489549989429, 467523489549989445]","[0.7311885952949524, 0.7016012668609619, 0.6977047920227051, 0.6961256265640259, 0.6961256265640259]"
5f04034c-ae84-44ae-8a45-619969b35bd3,Forensic Medicine,0.054443359375,0.2294921875,0.486328125,0.2294921875,True,C,0.06226849555969238,medmcqa_1,"['PBMD', 'PBMD', 'PBMD', 'PBMD', 'PBMD']","[467572377856155045, 467572377853996470, 467572377855129909, 467572377850838208, 467572377854935962]","[0.7510781288146973, 0.7506301999092102, 0.7487396001815796, 0.7390121221542358, 0.7387412190437317]"
9bcc67e3-19ea-4ec5-9d13-0fdfdafc2ef5,ENT,0.99609375,0.002044677734375,0.0002765655517578125,0.000457763671875,True,A,0.046228647232055664,medmcqa_1,"['PBMD', 'PBMD', 'PBMD', 'PBMD', 'STAT']","[467572377852682627, 467572377855398251, 467572377855961940, 467572377856379731, 467572377850264180]","[0.8446229696273804, 0.8430529832839966, 0.834139347076416, 0.8341240882873535, 0.8304997682571411]"
64dd0a6a-ae93-4e94-bae7-9547fe2f9a74,ENT,0.0341796875,0.07275390625,0.00921630859375,0.8828125,True,D,0.05283164978027344,medmcqa_1,"['STAT', 'PBMD', 'PBMD', 'PBMD', 'PBMD']","[467572377850381583, 467572377853348170, 467572377854869644, 467572377854061592, 467572377855831287]","[0.7751616835594177, 0.7638296484947205, 0.76202392578125, 0.7565926313400269, 0.7556684613227844]"
7f1a4c67-b6e2-4c5d-abb9-2a8883ec5654,ENT,0.1669921875,0.66015625,0.042236328125,0.1298828125,True,B,0.06296634674072266,medmcqa_1,"['PBMD', 'PBMD', 'PBMD', 'PBMD', 'PBMD']","[467572377850961805, 467572377853554790, 467572377850813586, 467572377853789563, 467572377856887707]","[0.7497099041938782, 0.7456339597702026, 0.7426922917366028, 0.7403213977813721, 0.7394997477531433]"
c74502a0-5b03-4fbc-9ab8-c8bad54ab7e6,ENT,0.041259765625,0.046875,0.8828125,0.0284423828125,False,D,0.05307722091674805,medmcqa_1,"['STAT', 'PBMD', 'PBMD', 'PBMD', 'PBMD']","[467572377850748400, 467572377852728754, 467572377852119659, 467572377852322629, 467572377853107770]","[0.830875813961029, 0.7952812910079956, 0.7863311767578125, 0.7834413051605225, 0.7828164100646973]"
0c5e8330-2a50-4d94-9591-ac49809ca88a,ENT,0.98046875,0.015869140625,0.00177764892578125,0.0006561279296875,True,A,0.04639101028442383,medmcqa_1,"['PBMD', 'STAT', 'PBMD', 'PBMD', 'STAT']","[467572377852809067, 467572377850748398, 467572377852122078, 467572377852753252, 467572377850624289]","[0.8109409809112549, 0.808759331703186, 0.8041932582855225, 0.8006377220153809, 0.7979850172996521]"
81bb551d-532d-4e85-98ab-717d2dda8ede,ENT,0.00885009765625,0.95703125,0.00885009765625,0.0240478515625,True,B,0.06064939498901367,medmcqa_1,"['PBMD', 'PBMD', 'PBMD', 'PBMD', 'PBMD']","[467572377853357903, 467572377854698370, 467572377852776940, 467572377852099535, 467572377855883993]","[0.8229324221611023, 0.8122807741165161, 0.810315728187561, 0.8084310293197632, 0.8079873323440552]"
65b2e108-7022-40df-a21a-147b5329fb63,ENT,0.984375,0.0062255859375,0.00799560546875,0.0003986358642578125,True,A,0.06307625770568848,medmcqa_1,"['PBMD', 'PBMD', 'PBMD', 'PBMD', 'PBMD']","[467572377854983381, 467572377855585181, 467572377855626894, 467572377852871095, 467572377853776499]","[0.8322598934173584, 0.810163140296936, 0.8081226348876953, 0.8077641725540161, 0.8075025081634521]"
58efdbe0-e40b-4a5a-83cb-a02f03bf9f95,ENT,0.08154296875,0.08642578125,0.7734375,0.0595703125,True,C,0.058854103088378906,medmcqa_1,"['PBMD', 'PBMD', 'PBMD', 'PBMD', 'PBMD']","[467572377855721128, 467572377854744668, 467572377855065584, 467572377853955198, 467572377852966293]","[0.7671995162963867, 0.7594559788703918, 0.7568203210830688, 0.7524139285087585, 0.7506464719772339]"
a6d3cb58-5794-4e77-b448-8531e01984e5,ENT,0.365234375,0.25,0.25,0.1337890625,False,B,0.07221794128417969,medmcqa_1,"['PBMD', 'PBMD', 'PBMD', 'PBMD', 'PBMD']","[467572377856662598, 467572377852740531, 467572377854140606, 467572377850935412, 467572377855600184]","[0.8148959875106812, 0.8023194670677185, 0.8022409677505493, 0.8019729256629944, 0.8007357120513916]"
75fdf0cc-21d4-4bbf-b91d-0cfd935a7b44,ENT,0.0159912109375,0.33984375,0.63671875,0.007080078125,True,C,0.046996355056762695,medmcqa_1,"['PBMD', 'TEXT', 'PBMD', 'PBMD', 'PBMD']","[467572377856806769, 467523489549708218, 467572377853159019, 467572377855278366, 467572377854150514]","[0.7907365560531616, 0.7791624069213867, 0.7713958024978638, 0.7703394889831543, 0.7692329287528992]"
888fce1e-4d1a-423b-ae08-7509d4014a55,ENT,0.287109375,0.53515625,0.10546875,0.072265625,False,A,0.05872368812561035,medmcqa_1,"['STAT', 'PBMD', 'PBMD', 'PBMD', 'PBMD']","[467572377850271921, 467572377855085032, 467572377854662833, 467572377854028891, 467572377855097355]","[0.8145672082901001, 0.8138335347175598, 0.8130322694778442, 0.8075147271156311, 0.8031376600265503]"
d7fb90aa-c14a-45e3-ac12-d4f0f65610a9,ENT,0.1015625,0.275390625,0.455078125,0.1669921875,True,C,0.04670834541320801,medmcqa_1,"['PBMD', 'STAT', 'PBMD', 'PBMD', 'PBMD']","[467572377853127725, 467572377850417937, 467572377855961940, 467572377854236896, 467572377853866280]","[0.7771354913711548, 0.773495614528656, 0.772342324256897, 0.7682249546051025, 0.7669058442115784]"
48b8ddcb-c85b-4864-91fe-76f175d8e947,ENT,0.06982421875,0.45703125,0.0177001953125,0.45703125,True,B,0.04973483085632324,medmcqa_1,"['PBMD', 'PBMD', 'PBMD', 'PBMD', 'PBMD']","[467572377855912009, 467572377855652163, 467572377853882729, 467572377856550997, 467572377854007988]","[0.8024142384529114, 0.7884649038314819, 0.7883356809616089, 0.7878130674362183, 0.7858404517173767]"
d8e59a24-9614-4b5b-b6c3-8cd606e1e61a,ENT,0.043212890625,0.06689453125,0.87109375,0.0203857421875,True,C,0.07338881492614746,medmcqa_1,"['PBMD', 'PBMD', 'PBMD', 'PBMD', 'PBMD']","[467572377855880955, 467572377852920485, 467572377855685685, 467572377855927087, 467572377854755443]","[0.822722315788269, 0.8129263520240784, 0.8101411461830139, 0.8063342571258545, 0.8051176071166992]"
fe099bed-65de-4b07-94e9-8bc1c0dfcccd,ENT,0.00518798828125,0.0010223388671875,0.0023040771484375,0.9921875,True,D,0.05134463310241699,medmcqa_1,"['STAT', 'STAT', 'STAT', 'PBMD', 'PBMD']","[467572377850239467, 467572377850705061, 467572377850634516, 467572377852701435, 467572377853675957]","[0.8232504725456238, 0.8207266330718994, 0.8099543452262878, 0.7988035082817078, 0.795788049697876]"
cb50cded-1a26-469f-9df2-87be1173706c,ENT,0.0108642578125,0.00958251953125,0.9765625,0.00201416015625,True,C,0.04367494583129883,medmcqa_1,"['STAT', 'STAT', 'STAT', 'PBMD', 'STAT']","[467572377850239467, 467572377850705061, 467572377850634516, 467572377853675957, 467572377850674813]","[0.812401294708252, 0.8056942224502563, 0.7917196154594421, 0.785254180431366, 0.7847993969917297]"
8f58cb05-3be4-42ee-b018-2fc8a2c56fe1,ENT,0.1279296875,0.57421875,0.2392578125,0.060302734375,True,B,0.057466745376586914,medmcqa_1,"['PBMD', 'PBMD', 'PBMD', 'PBMD', 'PBMD']","[467572377853416534, 467572377853367928, 467572377856085048, 467572377856555086, 467572377855657587]","[0.7936400771141052, 0.7823975682258606, 0.7741951942443848, 0.765163779258728, 0.7649332880973816]"
a29b745f-9967-405a-a57f-969b0d6c0b0b,ENT,0.00592041015625,0.9921875,0.000293731689453125,0.00013065338134765625,True,B,0.04963827133178711,medmcqa_1,"['PBMD', 'PBMD', 'TEXT', 'PBMD', 'PBMD']","[467572377852986115, 467572377856235363, 467523489549708289, 467572377855018623, 467572377856601218]","[0.7955284118652344, 0.785122275352478, 0.7776762843132019, 0.7729934453964233, 0.7701683044433594]"
cfb69f42-25b0-469e-97d2-89ce8a26a81a,ENT,0.013427734375,0.0086669921875,0.9453125,0.034423828125,True,C,0.07192683219909668,medmcqa_1,"['PBMD', 'PBMD', 'PBMD', 'PBMD', 'PBMD']","[467572377852728086, 467572377852862798, 467572377856330160, 467572377854033403, 467572377856721593]","[0.8325343728065491, 0.8316288590431213, 0.8278537392616272, 0.8270531892776489, 0.8258486390113831]"
b7066b0d-aa18-4028-be41-d624960e0a64,ENT,0.376953125,0.12255859375,0.484375,0.0146484375,False,A,0.061353445053100586,medmcqa_1,"['PBMD', 'PBMD', 'PBMD', 'PBMD', 'PBMD']","[467572377854157441, 467572377854942733, 467572377854983381, 467572377852516072, 467572377853687968]","[0.7650780081748962, 0.7634454965591431, 0.7620401978492737, 0.758303165435791, 0.7579454779624939]"
67ce6136-f31b-437b-8c04-00934cc9ef55,Pediatrics,0.01953125,0.94140625,0.0284423828125,0.01043701171875,True,B,0.0720663070678711,medmcqa_1,"['TEXT', 'STAT', 'PBMD', 'PBMD', 'STAT']","[467523489550008010, 467572377850378917, 467572377852959901, 467572377855939396, 467572377850732458]","[0.7933192253112793, 0.7854612469673157, 0.7814968824386597, 0.7797874212265015, 0.7748786807060242]"
5a9479fc-9380-4c8e-a893-cc938715ddb9,Pediatrics,0.009521484375,0.004791259765625,0.015625,0.96875,True,D,0.07137894630432129,medmcqa_1,"['PBMD', 'PBMD', 'PBMD', 'PBMD', 'PBMD']","[467572377853801121, 467572377854644137, 467572377854569609, 467572377856499335, 467572377852744588]","[0.8062533140182495, 0.8030315637588501, 0.8011437058448792, 0.8005643486976624, 0.7998507022857666]"
f4151c87-8e0c-462d-94c2-bf7dd9481eae,Pediatrics,0.470703125,0.32421875,0.1962890625,0.0091552734375,False,B,0.04966449737548828,medmcqa_1,"['PBMD', 'STAT', 'PBMD', 'PBMD', 'PBMD']","[467572377854226013, 467572377850395137, 467572377855053203, 467572377856542706, 467572377854214600]","[0.8378550410270691, 0.813330888748169, 0.8117728233337402, 0.8098387718200684, 0.8095863461494446]"
f62ed92c-bc46-4fe5-87ae-56b361d7f670,Pediatrics,0.064453125,0.10595703125,0.78125,0.047119140625,True,C,0.0825498104095459,medmcqa_1,"['PBMD', 'PBMD', 'PBMD', 'PBMD', 'PBMD']","[467572377856730434, 467572377856598916, 467572377855723121, 467572377856111904, 467572377855731543]","[0.8248164057731628, 0.8157613277435303, 0.8149880766868591, 0.8108910322189331, 0.8065366744995117]"
5ad0e4d3-ad54-4f9f-8864-a8d69eabf5dc,Pediatrics,0.98046875,0.0062255859375,0.00848388671875,0.003997802734375,True,A,0.046720027923583984,medmcqa_1,"['STAT', 'STAT', 'PBMD', 'PBMD', 'STAT']","[467572377850646868, 467572377850646862, 467572377854340704, 467572377856470738, 467572377850674475]","[0.7854917049407959, 0.7760576009750366, 0.772243082523346, 0.7699737548828125, 0.7670770287513733]"
31fd76d6-3fa7-4dc2-9dc3-d1dc95728702,Pediatrics,0.12890625,0.65625,0.1005859375,0.1142578125,True,B,0.04951786994934082,medmcqa_1,"['PBMD', 'PBMD', 'PBMD', 'PBMD', 'PBMD']","[467572377854210451, 467572377852249157, 467572377852191623, 467572377852864360, 467572377852324699]","[0.7725383043289185, 0.769564688205719, 0.7661892771720886, 0.7639719843864441, 0.7634928226470947]"
04c3976d-207a-496e-9357-7d23904c7567,Pediatrics,0.275390625,0.2021484375,0.1669921875,0.353515625,False,A,0.0679478645324707,medmcqa_1,"['PBMD', 'PBMD', 'PBMD', 'PBMD', 'PBMD']","[467572377853782001, 467572377854575277, 467572377853340748, 467572377853059052, 467572377855775368]","[0.8538236618041992, 0.7990260124206543, 0.7966830730438232, 0.7963150143623352, 0.7962279319763184]"
51ce0c03-56ae-4678-a1c5-b4eecbe45923,Pediatrics,0.59765625,0.283203125,0.10400390625,0.01409912109375,True,A,0.05842447280883789,medmcqa_1,"['TEXT', 'PBMD', 'PBMD', 'TEXT', 'PBMD']","[467523489549677714, 467572377853668637, 467572377854932107, 467523489549945779, 467572377854298521]","[0.8550987243652344, 0.8150747418403625, 0.8150166273117065, 0.8093386888504028, 0.8062418699264526]"
e2f8d079-7d22-4372-b0e9-79c3adc9e92b,Pediatrics,0.07421875,0.427734375,0.484375,0.01373291015625,False,B,0.07727789878845215,medmcqa_1,"['PBMD', 'PBMD', 'PBMD', 'PBMD', 'PBMD']","[467572377856452306, 467572377856470012, 467572377852873753, 467572377856217062, 467572377852591885]","[0.802721381187439, 0.7996921539306641, 0.7972474098205566, 0.7945423126220703, 0.7933108806610107]"
ac8ebfc1-a8b1-4dbe-a213-fe139e74b162,Pediatrics,0.1787109375,0.018798828125,0.80078125,0.00154876708984375,False,A,0.03755354881286621,medmcqa_1,"['PBMD', 'PBMD', 'PBMD', 'PBMD', 'PBMD']","[467572377854592857, 467572377853355652, 467572377854803176, 467572377855026491, 467572377854807003]","[0.8164446353912354, 0.8155509829521179, 0.8096775412559509, 0.7998276352882385, 0.7981868386268616]"
d86bc87d-9db1-4950-b57a-206e93df3aba,Pediatrics,0.06298828125,0.87109375,0.03369140625,0.03173828125,True,B,0.05888795852661133,medmcqa_1,"['PBMD', 'PBMD', 'PBMD', 'PBMD', 'STAT']","[467572377855578578, 467572377852496067, 467572377852099221, 467572377853963431, 467572377850747605]","[0.8428507447242737, 0.8370020389556885, 0.8239684104919434, 0.822415292263031, 0.821462869644165]"
166f7559-c57a-4a38-bde9-411efc4b8bd6,Pediatrics,0.96875,0.01470947265625,0.009521484375,0.00543212890625,True,A,0.07029962539672852,medmcqa_1,"['PBMD', 'PBMD', 'PBMD', 'PBMD', 'PBMD']","[467572377854288999, 467572377855846632, 467572377855469962, 467572377855080716, 467572377853486495]","[0.8367070555686951, 0.8349363803863525, 0.8348876237869263, 0.831571102142334, 0.8212398290634155]"
91c96305-b323-4aa2-bdc4-d1fbfbb22b87,Pediatrics,0.0189208984375,0.0037384033203125,0.0037384033203125,0.97265625,True,D,0.04953908920288086,medmcqa_1,"['TEXT', 'STAT', 'PBMD', 'STAT', 'PBMD']","[467523489549979595, 467572377850312652, 467572377853683728, 467572377850649783, 467572377855494150]","[0.8019858598709106, 0.8014386892318726, 0.7931070923805237, 0.7925390601158142, 0.7894741296768188]"
22e607a3-46dd-4016-999f-818d5bdf6958,Pediatrics,0.5703125,0.34765625,0.046875,0.034423828125,True,A,0.07986116409301758,medmcqa_1,"['PBMD', 'PBMD', 'PBMD', 'PBMD', 'PBMD']","[467572377855810090, 467572377853076121, 467572377852082608, 467572377856284966, 467572377855163522]","[0.8027629852294922, 0.7965673208236694, 0.7953540086746216, 0.7917930483818054, 0.786560595035553]"
783151c6-d67f-4806-a599-f3a48ea5599f,Pediatrics,0.01483154296875,0.006195068359375,0.9765625,0.000614166259765625,True,C,0.06978416442871094,medmcqa_1,"['PBMD', 'PBMD', 'PBMD', 'PBMD', 'PBMD']","[467572377853264773, 467572377852464993, 467572377852775254, 467572377853595649, 467572377854067648]","[0.8513681888580322, 0.8494277596473694, 0.8458309173583984, 0.8428412079811096, 0.8405218124389648]"
ba80cb80-db55-4d9c-9631-dc442933b62b,Pediatrics,0.98046875,0.01092529296875,0.00799560546875,0.00018787384033203125,True,A,0.07340884208679199,medmcqa_1,"['PBMD', 'PBMD', 'PBMD', 'PBMD', 'PBMD']","[467572377855485866, 467572377852299427, 467572377853682391, 467572377853711544, 467572377854945086]","[0.7999433279037476, 0.7941043376922607, 0.7834646701812744, 0.783422589302063, 0.7818763852119446]"
5054a92a-e8c8-4542-a195-00805eb5b52b,Pediatrics,0.69140625,0.25390625,0.044189453125,0.00872802734375,False,C,0.058974504470825195,medmcqa_1,"['PBMD', 'PBMD', 'PBMD', 'PBMD', 'PBMD']","[467572377855205797, 467572377853607112, 467572377853988301, 467572377854751593, 467572377854863796]","[0.7914344072341919, 0.7833302021026611, 0.7828525304794312, 0.7812982201576233, 0.7808079719543457]"
c759f002-d46b-414f-ba92-1b8ad31ee46c,Pediatrics,0.625,0.1484375,0.11572265625,0.10888671875,True,A,0.11428117752075195,medmcqa_1,"['PBMD', 'PBMD', 'PBMD', 'PBMD', 'PBMD']","[467572377856778067, 467572377855521700, 467572377855961147, 467572377854269813, 467572377856469112]","[0.7922883033752441, 0.7891327738761902, 0.7875878214836121, 0.785035252571106, 0.7850077748298645]"
9a585782-6c1d-4a24-ab75-50bfa94857b1,Pediatrics,0.0419921875,0.0306396484375,0.8984375,0.0306396484375,True,C,0.0693826675415039,medmcqa_1,"['PBMD', 'PBMD', 'PBMD', 'PBMD', 'PBMD']","[467572377856598914, 467572377856533999, 467572377852981125, 467572377852751481, 467572377853275751]","[0.8084554672241211, 0.8032357096672058, 0.7993795275688171, 0.7961984276771545, 0.7933032512664795]"
d944fb13-45b0-4071-83e6-438bac49179d,Pediatrics,0.00058746337890625,6.198883056640625e-05,0.0002956390380859375,1.0,True,D,0.05209660530090332,medmcqa_1,"['PBMD', 'PBMD', 'PBMD', 'PBMD', 'PBMD']","[467572377852911926, 467572377852264328, 467572377853338669, 467572377852462915, 467572377852512558]","[0.8575669527053833, 0.8503442406654358, 0.8498660922050476, 0.8483893275260925, 0.8444777727127075]"
8482818b-12da-4982-9922-57934754518b,Psychiatry,0.01153564453125,0.86328125,0.11669921875,0.01019287109375,True,B,0.06689167022705078,medmcqa_1,"['PBMD', 'PBMD', 'PBMD', 'PBMD', 'PBMD']","[467572377853363750, 467572377854316296, 467572377854198408, 467572377856696575, 467572377850886732]","[0.7884827852249146, 0.782467246055603, 0.7817824482917786, 0.7810402512550354, 0.7799860835075378]"
42000f85-9f65-4053-9706-2f27289eed18,Psychiatry,0.123046875,0.05810546875,0.8046875,0.01470947265625,False,A,0.07178926467895508,medmcqa_1,"['TEXT', 'PBMD', 'PBMD', 'PBMD', 'PBMD']","[467523489549958717, 467572377850852332, 467572377854615296, 467572377853198643, 467572377853453441]","[0.8118229508399963, 0.7907400131225586, 0.7876306772232056, 0.7870573997497559, 0.7839860916137695]"
b0686beb-fb7b-4dc7-93b1-97c7bf107b47,Psychiatry,0.04443359375,0.0732421875,0.041748046875,0.83984375,True,D,0.044317007064819336,medmcqa_1,"['TEXT', 'TEXT', 'TEXT', 'TEXT', 'PBMD']","[467523489549952650, 467523489549952649, 467523489549949167, 467523489549952651, 467572377852606045]","[0.8017690777778625, 0.777046263217926, 0.777022659778595, 0.74757319688797, 0.7428207397460938]"
ddea6614-2bd3-499f-97f4-4585b90b0026,Psychiatry,0.421875,0.039306640625,0.478515625,0.060791015625,False,A,0.04138588905334473,medmcqa_1,"['PBMD', 'PBMD', 'PBMD', 'PBMD', 'PBMD']","[467572377856242582, 467572377854584189, 467572377852706413, 467572377853775850, 467572377852795803]","[0.7352903485298157, 0.729637086391449, 0.7220666408538818, 0.7218429446220398, 0.7210673093795776]"
edceef2a-c021-40e3-ae79-a36dfdeb193e,Psychiatry,0.004913330078125,0.000751495361328125,0.9921875,0.0002288818359375,True,C,0.042792320251464844,medmcqa_1,"['TEXT', 'TEXT', 'STAT', 'PBMD', 'STAT']","[467523489549952394, 467523489549706457, 467572377850261599, 467572377852326530, 467572377850367196]","[0.8189079761505127, 0.7842896580696106, 0.781320333480835, 0.7804938554763794, 0.7801236510276794]"
a6fa2624-167d-4d43-8271-d005c5c01fa9,Psychiatry,0.0035858154296875,0.00109100341796875,0.000377655029296875,0.99609375,True,D,0.05876517295837402,medmcqa_1,"['PBMD', 'PBMD', 'PBMD', 'PBMD', 'PBMD']","[467572377854829947, 467572377852482323, 467572377852694370, 467572377855238551, 467572377856242520]","[0.7866914868354797, 0.7804273366928101, 0.7768226265907288, 0.7742156386375427, 0.7674064040184021]"
272a9118-9b0b-4a03-9fc9-b58af992bd14,Psychiatry,0.99609375,0.00180816650390625,0.0003337860107421875,0.00021648406982421875,True,A,0.06254887580871582,medmcqa_1,"['PBMD', 'TEXT', 'PBMD', 'STAT', 'PBMD']","[467572377852399473, 467523489549952450, 467572377852654883, 467572377850405094, 467572377852059518]","[0.7881749868392944, 0.7871723771095276, 0.7845425009727478, 0.7827932834625244, 0.7804501056671143]"
bb238b50-9b74-4f6a-91db-c01a660c6a95,Psychiatry,0.00909423828125,0.00244140625,0.98828125,0.000453948974609375,True,C,0.033991336822509766,medmcqa_1,"['PBMD', 'STAT', 'STAT', 'STAT', 'STAT']","[467572377854581566, 467572377850726892, 467572377850708386, 467572377850686445, 467572377850698591]","[0.8083683848381042, 0.805088222026825, 0.7997435927391052, 0.7990433573722839, 0.7990217804908752]"
020f8c37-0cb6-4120-b3b3-f353841b1434,Psychiatry,0.6171875,0.330078125,0.02392578125,0.02880859375,True,A,0.06296205520629883,medmcqa_1,"['PBMD', 'PBMD', 'TEXT', 'TEXT', 'PBMD']","[467572377851008156, 467572377854911938, 467523489549961104, 467523489549995762, 467572377856091722]","[0.8082233667373657, 0.7874646782875061, 0.7853111028671265, 0.7852596044540405, 0.7758601903915405]"
9b1532fe-85c1-4a99-87d4-ef4707e7f84d,Psychiatry,0.00433349609375,0.99609375,0.000751495361328125,0.000202178955078125,True,B,0.08129644393920898,medmcqa_1,"['PBMD', 'PBMD', 'PBMD', 'PBMD', 'PBMD']","[467572377855084323, 467572377855912621, 467572377854705062, 467572377852657285, 467572377855351034]","[0.8420364856719971, 0.8308229446411133, 0.8248568773269653, 0.8235299587249756, 0.8225426077842712]"
a84b7856-0197-4002-9944-31f3cdb8f6ca,Psychiatry,0.055908203125,0.7734375,0.0673828125,0.1044921875,False,D,0.038613319396972656,medmcqa_1,"['PBMD', 'PBMD', 'PBMD', 'PBMD', 'PBMD']","[467572377853819716, 467572377854186652, 467572377852801092, 467572377854690265, 467572377854001568]","[0.8601646423339844, 0.8385320901870728, 0.8297184705734253, 0.8210741281509399, 0.8149752616882324]"
3e898971-5fcd-4bae-af9e-40d5d1a90c10,Psychiatry,0.15234375,0.68359375,0.0133056640625,0.15234375,True,B,0.04955482482910156,medmcqa_1,"['TEXT', 'TEXT', 'PBMD', 'PBMD', 'TEXT']","[467523489549951932, 467523489549949683, 467572377854059099, 467572377852181079, 467523489549993114]","[0.7994550466537476, 0.7836253643035889, 0.7754690647125244, 0.7616036534309387, 0.761597216129303]"
35119333-c26a-47ec-ab55-98a35570f5d3,Psychiatry,0.048828125,0.0245361328125,0.462890625,0.462890625,False,D,0.060668230056762695,medmcqa_1,"['PBMD', 'TEXT', 'PBMD', 'PBMD', 'PBMD']","[467572377856173329, 467523489549958689, 467572377855636668, 467572377854799155, 467572377856504597]","[0.8057650327682495, 0.8031574487686157, 0.80292809009552, 0.8014737367630005, 0.799155592918396]"
15c1041b-fba8-41fc-8962-be6b741ff842,Psychiatry,0.0033721923828125,0.001922607421875,0.00054931640625,0.99609375,True,D,0.04884791374206543,medmcqa_1,"['PBMD', 'PBMD', 'PBMD', 'PBMD', 'PBMD']","[467572377854340299, 467572377854681535, 467572377852295744, 467572377852124803, 467572377852272567]","[0.7711132764816284, 0.7521992921829224, 0.7477436065673828, 0.7396132946014404, 0.7385234236717224]"
e11268cf-9f08-491b-8937-3875cbd26f46,Psychiatry,0.047119140625,0.154296875,0.10595703125,0.69140625,False,C,0.07719087600708008,medmcqa_1,"['PBMD', 'PBMD', 'PBMD', 'PBMD', 'PBMD']","[467572377855288582, 467572377855088953, 467572377852707048, 467572377854700231, 467572377854679682]","[0.7885695099830627, 0.7851834297180176, 0.7821111679077148, 0.7820905447006226, 0.7814379334449768]"
5498118b-4784-444f-8e94-8ee4ec1686a1,Psychiatry,0.9609375,0.01458740234375,0.0225830078125,0.00022220611572265625,True,A,0.0513002872467041,medmcqa_1,"['TEXT', 'TEXT', 'PBMD', 'TEXT', 'PBMD']","[467523489549995568, 467523489549948248, 467572377856497802, 467523489549948247, 467572377852582595]","[0.7906826734542847, 0.7851700782775879, 0.7788447141647339, 0.7703308463096619, 0.7573397159576416]"
4d6eb981-34d9-40aa-96be-3bd3eb1fc74a,Psychiatry,0.02685546875,0.9453125,0.01348876953125,0.0126953125,True,B,0.07467985153198242,medmcqa_1,"['PBMD', 'PBMD', 'PBMD', 'PBMD', 'TEXT']","[467572377856630290, 467572377853146817, 467572377855967598, 467572377854883104, 467523489549952350]","[0.8113691806793213, 0.8082138299942017, 0.7993714809417725, 0.7929771542549133, 0.7894461154937744]"
ae2981fa-bc8b-4053-b7a8-c08f075982e3,Psychiatry,0.003814697265625,0.9921875,0.0031585693359375,0.0002593994140625,True,B,0.04651045799255371,medmcqa_1,"['PBMD', 'PBMD', 'PBMD', 'PBMD', 'PBMD']","[467572377856315762, 467572377853775947, 467572377852501332, 467572377852063453, 467572377852322271]","[0.7928997278213501, 0.7816884517669678, 0.780692458152771, 0.779531717300415, 0.7748585939407349]"
4af0c4a4-953b-4c6e-801c-70c7551f4453,Psychiatry,0.012939453125,0.021240234375,0.96484375,0.00174713134765625,True,C,0.06117057800292969,medmcqa_1,"['PBMD', 'PBMD', 'PBMD', 'PBMD', 'PBMD']","[467572377852807452, 467572377855038918, 467572377852707534, 467572377852526633, 467572377852725779]","[0.7773463726043701, 0.7722295522689819, 0.7721476554870605, 0.7694701552391052, 0.7671238780021667]"
3bae2d95-174d-46da-a0db-8061b065d663,Psychiatry,0.99609375,0.00180816650390625,0.0004863739013671875,4.5299530029296875e-05,True,A,0.05918121337890625,medmcqa_1,"['PBMD', 'PBMD', 'TEXT', 'PBMD', 'PBMD']","[467572377855051030, 467572377854509395, 467523489549948247, 467572377853865085, 467572377855997773]","[0.7509971261024475, 0.7499240040779114, 0.7496282458305359, 0.7446526885032654, 0.7389149069786072]"
386a1f9c-0c72-41dd-8c15-b105e6967cac,Anaesthesia,0.85546875,0.0201416015625,0.0400390625,0.08447265625,True,A,0.07210969924926758,medmcqa_1,"['PBMD', 'PBMD', 'PBMD', 'PBMD', 'PBMD']","[467572377856008398, 467572377853108224, 467572377852321141, 467572377853196512, 467572377855212643]","[0.7835501432418823, 0.7791160345077515, 0.7695460319519043, 0.7690466046333313, 0.7685750722885132]"
6c24b9a8-9231-4be4-946c-4af71b659abc,Anaesthesia,0.09521484375,0.482421875,0.044921875,0.376953125,True,B,0.0509037971496582,medmcqa_1,"['STAT', 'STAT', 'PBMD', 'STAT', 'STAT']","[467572377850673476, 467572377850720883, 467572377856696438, 467572377850241100, 467572377850393990]","[0.7986637353897095, 0.7974311113357544, 0.7844352126121521, 0.7791759967803955, 0.7775082588195801]"
bb8e1230-6c07-4fb4-ba9a-0577fe072b48,Anaesthesia,0.103515625,0.008544921875,0.0191650390625,0.8671875,True,D,0.04653191566467285,medmcqa_1,"['STAT', 'STAT', 'STAT', 'STAT', 'PBMD']","[467572377850251827, 467572377850251822, 467572377850251838, 467572377850246790, 467572377852706848]","[0.8062763214111328, 0.76615971326828, 0.7328262329101562, 0.7151925563812256, 0.7122828960418701]"
baf04fb5-a2f6-4e7f-b5da-ea8cabbf2342,Anaesthesia,0.005889892578125,0.000514984130859375,0.00109100341796875,0.9921875,True,D,0.05787158012390137,medmcqa_1,"['PBMD', 'PBMD', 'PBMD', 'PBMD', 'STAT']","[467572377854699981, 467572377852471880, 467572377855688371, 467572377856171593, 467572377850745810]","[0.8423025608062744, 0.8375500440597534, 0.8192138671875, 0.8182854056358337, 0.8175277709960938]"
40d4a2bf-0dd6-4978-85ec-81bcafa94b0f,Anaesthesia,0.035888671875,0.035888671875,0.92578125,0.0021514892578125,True,C,0.08390355110168457,medmcqa_1,"['PBMD', 'PBMD', 'PBMD', 'PBMD', 'PBMD']","[467572377854951821, 467572377855814821, 467572377855653261, 467572377854232978, 467572377853165221]","[0.8197132349014282, 0.8052232265472412, 0.8043970465660095, 0.8004447221755981, 0.7998594045639038]"
c49111ab-8078-40cb-9e61-3f069e4ad79c,Anaesthesia,0.0966796875,0.671875,0.1923828125,0.040283203125,True,B,0.05405592918395996,medmcqa_1,"['STAT', 'PBMD', 'PBMD', 'STAT', 'STAT']","[467572377850699350, 467572377853513727, 467572377856008402, 467572377850760091, 467572377850629846]","[0.7904912233352661, 0.7859225273132324, 0.7810771465301514, 0.7805765867233276, 0.7698930501937866]"
af192342-b559-4454-9673-e96a872af83e,Anaesthesia,0.32421875,0.3671875,0.134765625,0.173828125,False,A,0.06473231315612793,medmcqa_1,"['PBMD', 'PBMD', 'PBMD', 'PBMD', 'PBMD']","[467572377855598540, 467572377856506964, 467572377856134827, 467572377856836130, 467572377855732943]","[0.8352959156036377, 0.81935054063797, 0.8152102828025818, 0.8111847639083862, 0.810755729675293]"
174c0439-9d9b-4cd0-ae89-10a20202be70,Anaesthesia,0.005889892578125,0.000705718994140625,0.0023040771484375,0.9921875,True,D,0.06186532974243164,medmcqa_1,"['STAT', 'STAT', 'PBMD', 'PBMD', 'PBMD']","[467572377850721982, 467572377850786167, 467572377853584531, 467572377853085349, 467572377854096494]","[0.7944996953010559, 0.7927592992782593, 0.7888419032096863, 0.7853763103485107, 0.7765237092971802]"
c59f9f2f-6101-419e-b6b4-9e466d96255e,Anaesthesia,0.8359375,0.06884765625,0.053466796875,0.041748046875,True,A,0.0666496753692627,medmcqa_1,"['TEXT', 'PBMD', 'PBMD', 'PBMD', 'PBMD']","[467523489549983613, 467572377854666407, 467572377853335286, 467572377853559806, 467572377856776279]","[0.8257248401641846, 0.825087308883667, 0.8137799501419067, 0.8116359710693359, 0.8102014064788818]"
5c87206e-9adb-498f-9afc-b44d33e5cf13,Anaesthesia,0.125,0.81640625,0.043212890625,0.0140380859375,True,B,0.07539987564086914,medmcqa_1,"['PBMD', 'PBMD', 'PBMD', 'PBMD', 'PBMD']","[467572377854596414, 467572377853512605, 467572377854716201, 467572377852592737, 467572377852893778]","[0.7832266092300415, 0.7812958359718323, 0.7712160348892212, 0.770753800868988, 0.7691593170166016]"
a56763bc-c352-4c23-b642-a21d9e8ab352,Anaesthesia,0.16015625,0.435546875,0.384765625,0.01806640625,False,C,0.059247732162475586,medmcqa_1,"['PBMD', 'PBMD', 'PBMD', 'PBMD', 'PBMD']","[467572377855048797, 467572377853888750, 467572377852471896, 467572377853395349, 467572377854886204]","[0.819543719291687, 0.8177903890609741, 0.8115500211715698, 0.8025878071784973, 0.8017978668212891]"
109a41ae-a04e-4eb5-bab1-9452d9dde4ed,Anaesthesia,0.81640625,0.1416015625,0.035888671875,0.004852294921875,True,A,0.04620695114135742,medmcqa_1,"['TEXT', 'PBMD', 'TEXT', 'PBMD', 'PBMD']","[467523489549968052, 467572377853951628, 467523489549968055, 467572377853358108, 467572377853062874]","[0.804068922996521, 0.7989363670349121, 0.7870681881904602, 0.7841798663139343, 0.7768523097038269]"
05426ef7-9d97-4907-b16f-f2f40cc5899a,Anaesthesia,0.01220703125,0.96875,0.004486083984375,0.01300048828125,True,B,0.0703275203704834,medmcqa_1,"['STAT', 'STAT', 'PBMD', 'PBMD', 'PBMD']","[467572377850719130, 467572377850295647, 467572377855442382, 467572377852848806, 467572377854023326]","[0.7577831149101257, 0.7505828738212585, 0.7478075623512268, 0.7445836663246155, 0.7441719770431519]"
471aacc8-e844-4dd0-b98d-56808a381b29,Anaesthesia,0.28515625,0.6875,0.00921630859375,0.0194091796875,True,B,0.05971932411193848,medmcqa_1,"['PBMD', 'PBMD', 'PBMD', 'PBMD', 'PBMD']","[467572377856095118, 467572377855949772, 467572377855718855, 467572377853192507, 467572377855637064]","[0.8250517249107361, 0.8239784240722656, 0.8017504215240479, 0.7975620031356812, 0.794888436794281]"
d91849e9-5650-4424-aff9-0b9a424c90d6,Anaesthesia,0.388671875,0.302734375,0.0986328125,0.208984375,True,A,0.06087017059326172,medmcqa_1,"['PBMD', 'PBMD', 'PBMD', 'PBMD', 'PBMD']","[467572377856885063, 467572377853996544, 467572377854041564, 467572377852245938, 467572377856607789]","[0.840441107749939, 0.8314872980117798, 0.8299955129623413, 0.8290201425552368, 0.8262295722961426]"
9d2d70b3-9ef0-43f9-9d09-005ff279d8fd,Anaesthesia,0.162109375,0.004058837890625,0.0103759765625,0.82421875,True,D,0.047136783599853516,medmcqa_1,"['STAT', 'STAT', 'PBMD', 'STAT', 'STAT']","[467572377850699350, 467572377850264691, 467572377855564405, 467572377850760091, 467572377850359376]","[0.8135943412780762, 0.7939979434013367, 0.7838882207870483, 0.7838686108589172, 0.7815234065055847]"
ab5d86b9-b0f5-4e43-954f-8d0790ede7b1,Anaesthesia,0.01312255859375,0.009033203125,0.9765625,0.00014591217041015625,True,C,0.047765493392944336,medmcqa_1,"['PBMD', 'PBMD', 'PBMD', 'PBMD', 'PBMD']","[467572377854096548, 467572377850958534, 467572377853996881, 467572377854659298, 467572377854785944]","[0.7982428073883057, 0.792125940322876, 0.7906092405319214, 0.7853274345397949, 0.7830042243003845]"
204e9ffd-6cb9-4673-9a40-4745cbd5a281,Anaesthesia,0.08544921875,0.0216064453125,0.5546875,0.337890625,False,D,0.0831613540649414,medmcqa_1,"['PBMD', 'PBMD', 'PBMD', 'PBMD', 'STAT']","[467572377855363066, 467572377856368319, 467572377856607293, 467572377856426968, 467572377850268439]","[0.8499233722686768, 0.847041130065918, 0.8456977605819702, 0.8349943161010742, 0.8334462642669678]"
b1a39a14-cad5-4a54-94e1-aedf1165fac1,Anaesthesia,0.00262451171875,0.0004558563232421875,0.000751495361328125,0.99609375,True,D,0.048876285552978516,medmcqa_1,"['PBMD', 'PBMD', 'STAT', 'STAT', 'STAT']","[467572377855160712, 467572377855564405, 467572377850250044, 467572377850775189, 467572377850250023]","[0.7678558826446533, 0.7568743228912354, 0.7558534145355225, 0.7524923086166382, 0.7443062663078308]"
b5ec622b-1dc1-432e-8325-4cf29c72af46,Anaesthesia,0.142578125,0.8203125,0.01416015625,0.0218505859375,True,B,0.08086204528808594,medmcqa_1,"['PBMD', 'PBMD', 'PBMD', 'PBMD', 'PBMD']","[467572377856096503, 467572377850938529, 467572377854058111, 467572377855049913, 467572377852646013]","[0.8187856674194336, 0.8104248046875, 0.8089805841445923, 0.8082014918327332, 0.8043733835220337]"
a5feccf0-0284-490a-aaef-c823fb9571d9,Radiology,0.029052734375,0.00506591796875,0.96484375,0.001983642578125,True,C,0.04934406280517578,medmcqa_1,"['TEXT', 'STAT', 'TEXT', 'PBMD', 'PBMD']","[467523489549711997, 467572377850355394, 467523489549711996, 467572377856452558, 467572377851001672]","[0.7683808207511902, 0.7564573884010315, 0.7519569993019104, 0.7496581077575684, 0.7438202500343323]"
844e3b1e-2f49-454c-b2d1-384be0b68d0b,Radiology,0.9921875,0.007568359375,0.00139617919921875,0.000274658203125,True,A,0.03990888595581055,medmcqa_1,"['STAT', 'STAT', 'PBMD', 'PBMD', 'PBMD']","[467572377850292218, 467572377850395441, 467572377855362821, 467572377854677079, 467572377853156714]","[0.8548367023468018, 0.7916918992996216, 0.7371765971183777, 0.7331269383430481, 0.7276305556297302]"
e84044f4-408d-4f58-a88f-0263fae683f6,Radiology,0.0240478515625,0.0155029296875,0.95703125,0.0019683837890625,True,C,0.07031989097595215,medmcqa_1,"['PBMD', 'PBMD', 'PBMD', 'PBMD', 'PBMD']","[467572377854912607, 467572377854029367, 467572377850844921, 467572377853749006, 467572377856761205]","[0.8491052389144897, 0.8456705808639526, 0.8304793834686279, 0.8239660859107971, 0.820026159286499]"
9f6c6c50-bf27-4091-9023-c24d5891812e,Radiology,0.130859375,0.8515625,0.01141357421875,0.005401611328125,False,C,0.05881810188293457,medmcqa_1,"['PBMD', 'PBMD', 'PBMD', 'PBMD', 'PBMD']","[467572377852502255, 467572377853041196, 467572377852114403, 467572377852101409, 467572377853104040]","[0.848827600479126, 0.8418698310852051, 0.8409871459007263, 0.8338894844055176, 0.8315288424491882]"
ce9da6e7-8e31-4f76-ac1f-82e3941e819c,Radiology,0.330078125,0.1767578125,0.291015625,0.2001953125,False,C,0.045866966247558594,medmcqa_1,"['PBMD', 'PBMD', 'PBMD', 'PBMD', 'PBMD']","[467572377852026545, 467572377852111165, 467572377852167990, 467572377852073722, 467572377854659885]","[0.827838659286499, 0.8154346942901611, 0.8124886155128479, 0.8123178482055664, 0.8117290735244751]"
c0df1672-962e-4df5-8754-6a9d7c8382f0,Radiology,0.1943359375,0.1181640625,0.220703125,0.466796875,False,A,0.08098959922790527,medmcqa_1,"['PBMD', 'PBMD', 'STAT', 'PBMD', 'PBMD']","[467572377853491588, 467572377856218965, 467572377850234323, 467572377853961552, 467572377856698935]","[0.813216507434845, 0.8005590438842773, 0.797815203666687, 0.7961414456367493, 0.793449878692627]"
43329469-c307-4081-bd1d-a5a3bfb710eb,Radiology,0.330078125,0.2578125,0.330078125,0.08349609375,True,A,0.07292819023132324,medmcqa_1,"['PBMD', 'PBMD', 'PBMD', 'PBMD', 'PBMD']","[467572377855695678, 467572377855374382, 467572377854686354, 467572377856888770, 467572377852300241]","[0.7725474834442139, 0.7720857858657837, 0.7719804048538208, 0.7703967690467834, 0.7694470882415771]"
58dc7a34-64d4-4f1c-9bca-0b4cbfd09da9,Radiology,0.37109375,0.1982421875,0.1748046875,0.255859375,True,A,0.049936532974243164,medmcqa_1,"['PBMD', 'PBMD', 'PBMD', 'PBMD', 'PBMD']","[467572377856663583, 467572377854816331, 467572377856119510, 467572377854637186, 467572377853380141]","[0.764694333076477, 0.7603224515914917, 0.75850510597229, 0.7566567659378052, 0.7561085224151611]"
b833b379-b8cb-47b9-b528-91c4bf08029c,Radiology,0.14453125,0.78125,0.0162353515625,0.06005859375,True,B,0.04887866973876953,medmcqa_1,"['STAT', 'PBMD', 'PBMD', 'PBMD', 'PBMD']","[467572377850784041, 467572377853499084, 467572377853622533, 467572377854041021, 467572377852960854]","[0.7776716947555542, 0.7740190029144287, 0.7738021016120911, 0.7677570581436157, 0.7624362111091614]"
d3a6b6ac-eb7e-4629-97bb-61e0ecce23bf,Radiology,0.05078125,0.90234375,0.03955078125,0.00830078125,True,B,0.05107259750366211,medmcqa_1,"['PBMD', 'PBMD', 'PBMD', 'PBMD', 'STAT']","[467572377854536807, 467572377854663957, 467572377855435442, 467572377854931397, 467572377850689386]","[0.7984497547149658, 0.7965071201324463, 0.7837662100791931, 0.7801788449287415, 0.7798992395401001]"
36430cc0-55c8-433d-b533-74635cae551e,Radiology,0.318359375,0.06298828125,0.59765625,0.021728515625,False,A,0.07176780700683594,medmcqa_1,"['PBMD', 'PBMD', 'PBMD', 'PBMD', 'PBMD']","[467572377852325752, 467572377852844153, 467572377852078830, 467572377853890422, 467572377852393655]","[0.7460727095603943, 0.7203444838523865, 0.7186185121536255, 0.7180989980697632, 0.7180808782577515]"
43758a94-f940-448a-a732-3a3fd68a58a2,Radiology,0.10546875,0.287109375,0.60546875,0.002471923828125,True,C,0.06190681457519531,medmcqa_1,"['PBMD', 'PBMD', 'PBMD', 'PBMD', 'PBMD']","[467572377853195082, 467572377853811563, 467572377852153816, 467572377856695899, 467572377854387366]","[0.7775014042854309, 0.7747402191162109, 0.7740832567214966, 0.765607476234436, 0.7633194923400879]"
9d8a83d0-819e-4bee-90ac-0ef81576639e,Radiology,0.4296875,0.55078125,0.0057373046875,0.0146484375,True,B,0.04284071922302246,medmcqa_1,"['PBMD', 'PBMD', 'PBMD', 'PBMD', 'PBMD']","[467572377852116534, 467572377855920310, 467572377855034046, 467572377854436306, 467572377854718217]","[0.8002417683601379, 0.7995123267173767, 0.7819536328315735, 0.780779242515564, 0.7787577509880066]"
58545ed3-b19a-4bde-b285-91044d553fe7,Radiology,0.1552734375,0.6171875,0.1552734375,0.07373046875,True,B,0.04552197456359863,medmcqa_1,"['STAT', 'TEXT', 'STAT', 'PBMD', 'PBMD']","[467572377850633592, 467523489549705739, 467572377850240102, 467572377852545205, 467572377853579539]","[0.7657191753387451, 0.748222827911377, 0.7451102137565613, 0.742729663848877, 0.742112398147583]"
2ad2256f-8fba-45b6-bd7c-92418ada1c38,Radiology,0.3828125,0.12451171875,0.10986328125,0.3828125,False,D,0.06153583526611328,medmcqa_1,"['PBMD', 'PBMD', 'PBMD', 'PBMD', 'PBMD']","[467572377852272839, 467572377855089266, 467572377852539461, 467572377854276678, 467572377854756964]","[0.7634003758430481, 0.7626850008964539, 0.7614366412162781, 0.7596948146820068, 0.7595169544219971]"
4a7a8bf6-3608-450b-8391-e2d4856a447f,Radiology,0.416015625,0.251953125,0.287109375,0.0439453125,False,C,0.0703575611114502,medmcqa_1,"['PBMD', 'PBMD', 'PBMD', 'PBMD', 'TEXT']","[467572377853988386, 467572377854063466, 467572377853378164, 467572377854207817, 467523489549974461]","[0.740998387336731, 0.7365384101867676, 0.7356550693511963, 0.7303453683853149, 0.725267231464386]"
04fca20e-80a4-4406-bac3-1b13e448047c,Radiology,0.016845703125,0.00213623046875,0.0045166015625,0.9765625,True,D,0.04662489891052246,medmcqa_1,"['TEXT', 'PBMD', 'TEXT', 'STAT', 'PBMD']","[467523489549708683, 467572377853690710, 467523489550001982, 467572377850394726, 467572377854900590]","[0.8118779063224792, 0.8081076741218567, 0.8027836084365845, 0.8027299046516418, 0.7999743819236755]"
4178435a-a846-4002-84de-807d254f4ff1,Radiology,0.859375,0.054931640625,0.080078125,0.006988525390625,True,A,0.08363842964172363,medmcqa_1,"['PBMD', 'PBMD', 'PBMD', 'PBMD', 'PBMD']","[467572377853689539, 467572377852404959, 467572377852563991, 467572377853898173, 467572377855372723]","[0.8302252292633057, 0.8245965838432312, 0.8164217472076416, 0.8150489330291748, 0.814804196357727]"
f9e78683-3a72-4e15-b5f1-391e6bb523d7,Radiology,0.1435546875,0.2080078125,0.56640625,0.08154296875,True,C,0.0594029426574707,medmcqa_1,"['PBMD', 'PBMD', 'PBMD', 'PBMD', 'PBMD']","[467572377854208101, 467572377855498533, 467572377852101782, 467572377855824590, 467572377853935126]","[0.7918301224708557, 0.7710335850715637, 0.7697712779045105, 0.7667633295059204, 0.7645267844200134]"
611c0b23-7d07-427e-95e3-e36fcbfcc71e,Radiology,0.062255859375,0.4609375,0.07080078125,0.40625,True,B,0.04742550849914551,medmcqa_1,"['STAT', 'PBMD', 'PBMD', 'PBMD', 'PBMD']","[467572377850659192, 467572377852068523, 467572377850969925, 467572377853898627, 467572377856204782]","[0.8037329912185669, 0.7966946363449097, 0.7961342930793762, 0.7910659909248352, 0.7909795641899109]"
c7057459-d09f-4c89-9204-b020785a0299,Skin,0.00116729736328125,0.000244140625,0.00040435791015625,1.0,True,D,0.073089599609375,medmcqa_1,"['PBMD', 'PBMD', 'PBMD', 'PBMD', 'PBMD']","[467572377853588959, 467572377855032562, 467572377854784183, 467572377852230697, 467572377854127566]","[0.8399604558944702, 0.8250321745872498, 0.8232943415641785, 0.8209943771362305, 0.817864179611206]"
0e17f2d6-9ee5-4081-9a20-7230d1de07d7,Skin,1.0,0.00116729736328125,0.0004863739013671875,5.125999450683594e-05,True,A,0.04382181167602539,medmcqa_1,"['PBMD', 'PBMD', 'PBMD', 'PBMD', 'PBMD']","[467572377852240081, 467572377852235161, 467572377855582731, 467572377856830325, 467572377855278556]","[0.8040617108345032, 0.7942906618118286, 0.7938863039016724, 0.7875646352767944, 0.7866389751434326]"
2616c64e-54ae-4af7-a2da-2a272d9d206f,Skin,0.98046875,0.01312255859375,0.0042724609375,0.0013885498046875,True,A,0.04973030090332031,medmcqa_1,"['PBMD', 'PBMD', 'PBMD', 'PBMD', 'PBMD']","[467572377854624722, 467572377850900789, 467572377852323187, 467572377854605937, 467572377854819565]","[0.7784584164619446, 0.775550901889801, 0.7699756026268005, 0.7698991894721985, 0.7694106101989746]"
0fb5daf1-70b9-421f-ad5e-b55760042adf,Skin,0.84375,0.07861328125,0.0419921875,0.037109375,True,A,0.04659700393676758,medmcqa_1,"['PBMD', 'PBMD', 'PBMD', 'PBMD', 'PBMD']","[467572377855239958, 467572377852666707, 467572377854888916, 467572377850840684, 467572377856938215]","[0.7813557386398315, 0.7775876522064209, 0.7739744186401367, 0.7728249430656433, 0.7716219425201416]"
520d1c2b-eeb5-4672-8ade-ce7ff693059b,Skin,0.99609375,0.002471923828125,0.0002765655517578125,0.002471923828125,True,A,0.043196916580200195,medmcqa_1,"['PBMD', 'PBMD', 'PBMD', 'PBMD', 'PBMD']","[467572377850957974, 467572377856154717, 467572377852441292, 467572377852936952, 467572377853812520]","[0.8455973267555237, 0.8430879712104797, 0.8138167262077332, 0.8112170696258545, 0.8104926347732544]"
2359459d-b3d5-474d-b531-fe4340186756,Skin,0.0625,0.055419921875,0.86328125,0.016845703125,True,C,0.05869340896606445,medmcqa_1,"['PBMD', 'PBMD', 'PBMD', 'PBMD', 'PBMD']","[467572377854791674, 467572377854070590, 467572377850797991, 467572377854596709, 467572377850865896]","[0.7751744985580444, 0.7637276649475098, 0.7624629735946655, 0.7605484127998352, 0.7595959901809692]"
99da1ca6-b55d-4dbe-96f8-ca8025dc6c35,Skin,0.006317138671875,0.038818359375,0.01611328125,0.9375,True,D,0.04794931411743164,medmcqa_1,"['PBMD', 'PBMD', 'STAT', 'PBMD', 'PBMD']","[467572377852135813, 467572377854838694, 467572377850240789, 467572377852263168, 467572377856182714]","[0.8036776781082153, 0.7966270446777344, 0.7905898094177246, 0.7879014015197754, 0.783263623714447]"
7b8be3b9-84a9-464c-959e-4fe87411a858,Skin,0.04541015625,0.66796875,0.0084228515625,0.279296875,False,D,0.043496131896972656,medmcqa_1,"['PBMD', 'PBMD', 'PBMD', 'PBMD', 'PBMD']","[467572377853983021, 467572377852870866, 467572377853763308, 467572377856829710, 467572377852412050]","[0.7671871185302734, 0.7576369643211365, 0.7519617080688477, 0.7431755661964417, 0.740607500076294]"
5cafd85f-ca1e-43ca-84af-cc03d478e531,Skin,0.08349609375,0.0947265625,0.79296875,0.0272216796875,True,C,0.04649758338928223,medmcqa_1,"['PBMD', 'STAT', 'STAT', 'PBMD', 'PBMD']","[467572377855405277, 467572377850398893, 467572377850739779, 467572377856914270, 467572377853452714]","[0.7944414615631104, 0.7860881090164185, 0.7836424112319946, 0.7818835973739624, 0.7783998250961304]"
6199a7a9-d43b-493c-be42-baed4c668170,Skin,1.0,0.00075531005859375,0.000148773193359375,5.14984130859375e-05,True,A,0.06278729438781738,medmcqa_1,"['PBMD', 'PBMD', 'PBMD', 'PBMD', 'PBMD']","[467572377854925573, 467572377854505575, 467572377854834084, 467572377855619741, 467572377854638071]","[0.7887940406799316, 0.7697906494140625, 0.7691227197647095, 0.7668841481208801, 0.7661336064338684]"
d1e57556-a49c-42d1-b73a-9927f5abe03a,Skin,0.9375,0.0234375,0.009765625,0.0283203125,True,A,0.07430338859558105,medmcqa_1,"['PBMD', 'PBMD', 'PBMD', 'PBMD', 'PBMD']","[467572377856373700, 467572377852774293, 467572377854147228, 467572377852635620, 467572377852635621]","[0.7809314727783203, 0.7797039151191711, 0.7759592533111572, 0.7739154696464539, 0.7734273672103882]"
947bcbb7-ed99-4d69-b9c5-9670a686d02f,Skin,0.06982421875,0.244140625,0.6640625,0.022705078125,False,A,0.042798519134521484,medmcqa_1,"['PBMD', 'PBMD', 'PBMD', 'PBMD', 'PBMD']","[467572377852278328, 467572377854271562, 467572377850963708, 467572377855679551, 467572377854915305]","[0.738003671169281, 0.7354297041893005, 0.7330243587493896, 0.729394793510437, 0.728307843208313]"
2e1b983b-196f-4df6-b200-caec5eb1f20d,Skin,0.12451171875,0.435546875,0.248046875,0.193359375,False,D,0.057718515396118164,medmcqa_1,"['PBMD', 'PBMD', 'STAT', 'PBMD', 'PBMD']","[467572377854534483, 467572377855225594, 467572377850273529, 467572377853110910, 467572377856267397]","[0.8093459606170654, 0.8078191876411438, 0.8037735223770142, 0.798708975315094, 0.7982407808303833]"
64d565fd-4e32-498e-9acb-26ee937ca61c,Skin,0.005523681640625,0.98828125,0.003570556640625,0.0026092529296875,True,B,0.05423736572265625,medmcqa_1,"['STAT', 'STAT', 'PBMD', 'PBMD', 'STAT']","[467572377850746281, 467572377850746283, 467572377856552889, 467572377852137351, 467572377850746272]","[0.8265794515609741, 0.7917448878288269, 0.7905895113945007, 0.7889751195907593, 0.7811397314071655]"
6be0eaec-2c79-45cc-b485-ab81f1c7e090,Skin,0.48046875,0.2275390625,0.2275390625,0.06494140625,True,A,0.04906630516052246,medmcqa_1,"['PBMD', 'PBMD', 'STAT', 'PBMD', 'PBMD']","[467572377852053392, 467572377853450115, 467572377850621585, 467572377853704593, 467572377854586551]","[0.7412610054016113, 0.7378411889076233, 0.7369365692138672, 0.736630380153656, 0.7354490756988525]"
d99c0f46-2ea6-471e-bbc6-81927ab83724,Skin,0.251953125,0.173828125,0.53515625,0.038818359375,False,A,0.05651712417602539,medmcqa_1,"['PBMD', 'PBMD', 'STAT', 'PBMD', 'PBMD']","[467572377855079611, 467572377856178087, 467572377850332024, 467572377853395248, 467572377853382423]","[0.8197231888771057, 0.8138689398765564, 0.8121318817138672, 0.8095762133598328, 0.8090671896934509]"
59e71f90-c422-433c-bc07-bb9460ebb12c,Skin,0.71484375,0.0849609375,0.042724609375,0.1591796875,True,A,0.04825091361999512,medmcqa_1,"['PBMD', 'PBMD', 'PBMD', 'PBMD', 'PBMD']","[467572377854254424, 467572377852349440, 467572377851001041, 467572377854155711, 467572377855467803]","[0.782355785369873, 0.772557258605957, 0.7680383920669556, 0.762390673160553, 0.7563351392745972]"
0b301f2b-9546-45a8-be31-54d565511ffb,Skin,0.022705078125,0.0107421875,0.96484375,0.00136566162109375,True,C,0.07084512710571289,medmcqa_1,"['PBMD', 'PBMD', 'PBMD', 'PBMD', 'PBMD']","[467572377850944788, 467572377853210732, 467572377854515430, 467572377853416989, 467572377852888833]","[0.8643730878829956, 0.8507797718048096, 0.848065972328186, 0.8478987812995911, 0.8468340039253235]"
fce03682-ced2-436a-b7f7-50151f714b3d,Skin,0.0277099609375,0.052001953125,0.91796875,0.00074005126953125,True,C,0.09980583190917969,medmcqa_1,"['PBMD', 'PBMD', 'PBMD', 'PBMD', 'PBMD']","[467572377852100275, 467572377853871607, 467572377853192850, 467572377856236372, 467572377856500487]","[0.8569033741950989, 0.8238034248352051, 0.815544843673706, 0.8126920461654663, 0.8045281171798706]"
bf30ec96-d629-4e28-8f97-a061f5c7d080,Skin,0.7578125,0.054931640625,0.1689453125,0.017822265625,True,A,0.060843706130981445,medmcqa_1,"['PBMD', 'PBMD', 'PBMD', 'PBMD', 'PBMD']","[467572377852747319, 467572377854816551, 467572377853462309, 467572377853605991, 467572377854518019]","[0.793632984161377, 0.7774683237075806, 0.7747471332550049, 0.7715889811515808, 0.7702662348747253]"
