id,source,probA,probB,probC,probD,answer,time,error,sources,ids,similarity
0.0,MEDMCQA,5.0936655497935135e-06,4.495143912208732e-06,3.2377308798459126e-06,0.9999871253967285,3,5.007655620574951,False,"['TEXT', 'PBMD', 'PBMD', 'PBMD', 'TEXT']","[468502519162356417, 468502519163152466, 468502519163677955, 468502519163659326, 468502519162357546]","[0.7015731930732727, 0.7308184504508972, 0.7286089658737183, 0.7728725075721741, 0.7045883536338806]"
1.0,MEDMCQA,0.9999853372573853,6.438984655687818e-06,1.4144573015073547e-06,6.747997758793645e-06,0,3.6985673904418945,False,"['STAT', 'STAT', 'STAT', 'STAT', 'STAT']","[468502519162697709, 468502519162968323, 468502519162868945, 468502519162968330, 468502519162968331]","[0.8038607239723206, 0.7917578816413879, 0.8076399564743042, 0.7635882496833801, 0.7700004577636719]"
2.0,MEDMCQA,8.28427291708067e-05,0.9998708963394165,2.546376344980672e-05,2.0782919818884693e-05,1,4.547160625457764,False,"['PBMD', 'PBMD', 'PBMD', 'PBMD', 'STAT']","[468502519163929025, 468502519163207920, 468502519163284650, 468502519163188050, 468502519162436810]","[0.727733850479126, 0.7330549359321594, 0.7313326001167297, 0.7311891913414001, 0.7474445700645447]"
3.0,MEDMCQA,0.9998676776885986,7.253928197314963e-05,3.1690065952716395e-05,2.7966383640887216e-05,2,6.3404059410095215,False,"['STAT', 'PBMD', 'PBMD', 'PBMD', 'PBMD']","[468502519162975642, 468502519163479775, 468502519163047454, 468502519163289130, 468502519163178238]","[0.7885847091674805, 0.7954401969909668, 0.802266001701355, 0.7988027334213257, 0.7967373132705688]"
4.0,MEDMCQA,4.7850639930402394e-06,3.3931187317648437e-06,2.857292429325753e-06,0.9999889135360718,3,6.278690814971924,False,"['TEXT', 'TEXT', 'TEXT', 'TEXT', 'TEXT']","[468502519162381387, 468502519162313414, 468502519162313563, 468502519162307675, 468502519162313412]","[0.7991638779640198, 0.7914852499961853, 0.7958880066871643, 0.8003636002540588, 0.825505793094635]"
5.0,MEDMCQA,0.9999963045120239,2.2959159196034307e-06,1.914280716164285e-07,1.1726391448974027e-06,0,4.50450873374939,False,"['PBMD', 'TEXT', 'PBMD', 'STAT', 'PBMD']","[468502519163836481, 468502519162329772, 468502519163839522, 468502519162949172, 468502519163832239]","[0.7748363614082336, 0.7681911587715149, 0.7889091968536377, 0.7525442242622375, 0.7497938871383667]"
6.0,MEDMCQA,3.814981482719304e-06,6.894559646752896e-06,1.6027938727347646e-06,0.9999877214431763,1,3.2246241569519043,False,"['PBMD', 'PBMD', 'PBMD', 'PBMD', 'PBMD']","[468502519163688134, 468502519163402058, 468502519163546725, 468502519163529517, 468502519163117830]","[0.7322907447814941, 0.723412036895752, 0.7286182641983032, 0.7239532470703125, 0.7323384881019592]"
7.0,MEDMCQA,0.9660132527351379,0.013355490751564503,0.004010045435279608,0.016621176153421402,1,6.497260093688965,False,"['PBMD', 'PBMD', 'PBMD', 'PBMD', 'PBMD']","[468502519163823538, 468502519163669190, 468502519163692527, 468502519163593707, 468502519163531524]","[0.7174593210220337, 0.7244766354560852, 0.7045899033546448, 0.7024155259132385, 0.7107599377632141]"
8.0,MEDMCQA,2.709101499931421e-05,3.5889766877517104e-05,0.9993168115615845,0.0006202121148817241,2,5.993062496185303,False,"['STAT', 'STAT', 'PBMD', 'STAT', 'STAT']","[468502519162457943, 468502519162788370, 468502519163119491, 468502519162457940, 468502519162457929]","[0.8049830198287964, 0.8174548745155334, 0.8424609303474426, 0.8103270530700684, 0.8097202777862549]"
9.0,MEDMCQA,9.169429540634155e-05,6.698678771499544e-05,1.6698772014933638e-05,0.9998247027397156,1,7.5093770027160645,False,"['PBMD', 'PBMD', 'PBMD', 'PBMD', 'PBMD']","[468502519163468483, 468502519163202567, 468502519163768623, 468502519163375824, 468502519163494477]","[0.7796214818954468, 0.7555466294288635, 0.7564749121665955, 0.7858111262321472, 0.7689605355262756]"
10.0,MEDMCQA,1.2029554454784375e-05,0.9999809265136719,3.84487657356658e-06,3.1875147215032484e-06,1,4.437266826629639,False,"['STAT', 'TEXT', 'TEXT', 'TEXT', 'TEXT']","[468502519162891895, 468502519162354559, 468502519162333467, 468502519162298364, 468502519162382505]","[0.802100658416748, 0.8086000680923462, 0.797115683555603, 0.7907549738883972, 0.8086575269699097]"
11.0,MEDMCQA,0.9999593496322632,2.8409394872142002e-05,1.602748397999676e-06,1.0782990102597978e-05,0,5.188005208969116,False,"['STAT', 'PBMD', 'PBMD', 'TEXT', 'PBMD']","[468502519162798284, 468502519163504648, 468502519163247987, 468502519162298341, 468502519163896842]","[0.7946306467056274, 0.7990819215774536, 0.808491587638855, 0.8119333982467651, 0.8105829954147339]"
12.0,MEDMCQA,1.4060838111618068e-05,1.6697656974429265e-05,0.9997579455375671,0.00021134174312464893,2,6.879513502120972,False,"['STAT', 'TEXT', 'TEXT', 'STAT', 'STAT']","[468502519162922268, 468502519162388580, 468502519162388582, 468502519162768013, 468502519162798058]","[0.7911324501037598, 0.7801675796508789, 0.7676313519477844, 0.7964503765106201, 0.7793976068496704]"
13.0,MEDMCQA,0.0003858701675198972,0.00017122885037679225,7.725429895799607e-05,0.9993656277656555,3,6.821241140365601,False,"['TEXT', 'PBMD', 'STAT', 'STAT', 'TEXT']","[468502519162296532, 468502519163203813, 468502519162912100, 468502519162770137, 468502519162296007]","[0.7481134533882141, 0.7468506097793579, 0.7503101825714111, 0.745175838470459, 0.7224156260490417]"
14.0,MEDMCQA,2.40604435930436e-06,1.0615965038596187e-05,0.9999734163284302,1.363116916763829e-05,2,5.430116653442383,False,"['STAT', 'PBMD', 'STAT', 'PBMD', 'PBMD']","[468502519162429794, 468502519163859029, 468502519162704248, 468502519163856719, 468502519163838695]","[0.7597679495811462, 0.7469502091407776, 0.7645808458328247, 0.752166748046875, 0.7403271794319153]"
15.0,MEDMCQA,0.0004676104581449181,0.000602185376919806,0.9294629096984863,0.06946735084056854,2,4.801323175430298,False,"['TEXT', 'TEXT', 'PBMD', 'TEXT', 'STAT']","[468502519162297153, 468502519162299536, 468502519163261465, 468502519162297154, 468502519162492538]","[0.8137187957763672, 0.8347001075744629, 0.7619031667709351, 0.8007798194885254, 0.7570984363555908]"
16.0,MEDMCQA,0.999735414981842,7.997005013749003e-05,2.7257563033344923e-06,0.00018180618644692004,3,3.5866317749023438,False,"['PBMD', 'PBMD', 'PBMD', 'PBMD', 'PBMD']","[468502519163120586, 468502519163351751, 468502519163113795, 468502519163742816, 468502519163670397]","[0.7633274793624878, 0.7751375436782837, 0.7503848075866699, 0.7439661622047424, 0.7859328985214233]"
17.0,MEDMCQA,0.0006785846780985594,0.0006674120668321848,0.9984452128410339,0.0002087836037389934,0,5.448360919952393,False,"['PBMD', 'PBMD', 'STAT', 'PBMD', 'PBMD']","[468502519163434923, 468502519163433240, 468502519162963711, 468502519163114220, 468502519163114219]","[0.7979660630226135, 0.7973170280456543, 0.8127598762512207, 0.8058502674102783, 0.8178979158401489]"
18.0,MEDMCQA,4.289259777578991e-06,1.1125493074359838e-05,0.9999785423278809,6.0488255257951096e-06,2,5.307655096054077,False,"['STAT', 'STAT', 'STAT', 'PBMD', 'PBMD']","[468502519162767372, 468502519162767370, 468502519162937509, 468502519163809911, 468502519163117315]","[0.8023107647895813, 0.7868649959564209, 0.7630025148391724, 0.7688966989517212, 0.7799215912818909]"
19.0,MEDMCQA,0.9996525049209595,5.648149090120569e-05,9.815012163016945e-06,0.0002812887541949749,0,5.246849536895752,False,"['STAT', 'STAT', 'STAT', 'STAT', 'TEXT']","[468502519162694704, 468502519162694699, 468502519162694716, 468502519162437613, 468502519162296174]","[0.78122878074646, 0.7990072965621948, 0.8082062602043152, 0.787500262260437, 0.7688001394271851]"
20.0,MEDMCQA,6.5403064581914805e-06,8.203381185012404e-06,1.18198568088701e-05,0.9999734163284302,3,5.392469644546509,False,"['PBMD', 'PBMD', 'PBMD', 'PBMD', 'PBMD']","[468502519163159211, 468502519163153491, 468502519163706387, 468502519163612997, 468502519163146181]","[0.774266242980957, 0.7727633118629456, 0.7328965067863464, 0.7354738712310791, 0.7393028140068054]"
21.0,MEDMCQA,3.231787559343502e-05,9.66575498750899e-06,4.2891533666988835e-06,0.9999537467956543,0,5.231695890426636,False,"['PBMD', 'PBMD', 'TEXT', 'PBMD', 'PBMD']","[468502519163432765, 468502519163436041, 468502519162399115, 468502519163120017, 468502519163137499]","[0.696275532245636, 0.7076160311698914, 0.6788643598556519, 0.6756925582885742, 0.6610279083251953]"
22.0,MEDMCQA,0.9999940395355225,4.092903054697672e-06,2.0377366638513195e-07,1.653682488722552e-06,0,4.89365029335022,False,"['STAT', 'PBMD', 'PBMD', 'STAT', 'PBMD']","[468502519162872310, 468502519163805602, 468502519163960062, 468502519162799655, 468502519163686927]","[0.8108389973640442, 0.8193299770355225, 0.8569070100784302, 0.8227403163909912, 0.8257126808166504]"
23.0,MEDMCQA,5.255375072010793e-06,0.9999908208847046,9.422368520972668e-07,2.994422402480268e-06,1,5.189306735992432,False,"['STAT', 'PBMD', 'PBMD', 'PBMD', 'PBMD']","[468502519162904112, 468502519163863627, 468502519163799054, 468502519163953230, 468502519163366850]","[0.7630997896194458, 0.7736937403678894, 0.7588418126106262, 0.7695437669754028, 0.7759968042373657]"
24.0,MEDMCQA,1.1478194210212678e-05,3.5912093153456226e-05,1.4063377420825418e-05,0.9999384880065918,2,5.006597280502319,False,"['PBMD', 'PBMD', 'PBMD', 'PBMD', 'PBMD']","[468502519163119481, 468502519163530222, 468502519163133224, 468502519163644501, 468502519163431928]","[0.6600440740585327, 0.6679519414901733, 0.6765508055686951, 0.6503129601478577, 0.6785206198692322]"
25.0,MEDMCQA,3.905468929588096e-06,2.9480027023964794e-06,7.934442010082421e-07,0.9999923706054688,3,5.668987274169922,False,"['PBMD', 'PBMD', 'PBMD', 'PBMD', 'PBMD']","[468502519163434278, 468502519163116896, 468502519163445111, 468502519163119211, 468502519163433643]","[0.7833683490753174, 0.7571179866790771, 0.7425083518028259, 0.7593362927436829, 0.7405666708946228]"
26.0,MEDMCQA,0.9999804496765137,1.280538799619535e-05,1.2482480542530539e-06,5.550724836211884e-06,0,5.096336126327515,False,"['PBMD', 'STAT', 'PBMD', 'STAT', 'STAT']","[468502519163405234, 468502519162727734, 468502519163170915, 468502519162921547, 468502519162779781]","[0.759714663028717, 0.7550870180130005, 0.7604835629463196, 0.7599343657493591, 0.7496060132980347]"
27.0,MEDMCQA,0.9996434450149536,9.239672363037243e-05,7.643869139428716e-06,0.00025661473046056926,0,5.9350152015686035,False,"['PBMD', 'STAT', 'STAT', 'STAT', 'PBMD']","[468502519163322456, 468502519162830152, 468502519162929050, 468502519162929051, 468502519163915084]","[0.765644907951355, 0.750293493270874, 0.7745324373245239, 0.7879230976104736, 0.7468991875648499]"
28.0,MEDMCQA,6.536842647619778e-06,4.830109537579119e-05,0.9994438290596008,0.0005013467743992805,2,7.646122932434082,False,"['PBMD', 'PBMD', 'PBMD', 'PBMD', 'PBMD']","[468502519163035830, 468502519163944163, 468502519163964254, 468502519163772915, 468502519163784771]","[0.76926589012146, 0.778743326663971, 0.7612187266349792, 0.7808343768119812, 0.7612391114234924]"
29.0,MEDMCQA,2.2463998902821913e-05,5.38883323315531e-05,0.9995285272598267,0.00039508522604592144,0,5.325822353363037,False,"['PBMD', 'PBMD', 'PBMD', 'PBMD', 'STAT']","[468502519163945477, 468502519163900432, 468502519163868852, 468502519163035873, 468502519162868389]","[0.7678540945053101, 0.8052822947502136, 0.7639098167419434, 0.7739335894584656, 0.773399829864502]"
30.0,MEDMCQA,9.515022611594759e-06,1.6699385014362633e-05,0.9998613595962524,0.00011235032434342429,2,8.35759687423706,False,"['PBMD', 'PBMD', 'PBMD', 'PBMD', 'PBMD']","[468502519163653438, 468502519163258736, 468502519163135996, 468502519163706082, 468502519163933175]","[0.808521032333374, 0.801584005355835, 0.824560284614563, 0.802800178527832, 0.8077365159988403]"
31.0,MEDMCQA,0.9999815225601196,1.4624227333115414e-05,4.052472490911896e-07,3.4465269891370554e-06,0,4.010254383087158,False,"['TEXT', 'STAT', 'PBMD', 'TEXT', 'PBMD']","[468502519162295600, 468502519162872778, 468502519163471630, 468502519162295537, 468502519163559041]","[0.7805156707763672, 0.7351683378219604, 0.7350552082061768, 0.7344627976417542, 0.7549549341201782]"
32.0,MEDMCQA,6.65461557218805e-05,0.00023409060668200254,0.00012652929581236094,0.9995728135108948,3,4.748083591461182,False,"['PBMD', 'PBMD', 'PBMD', 'PBMD', 'PBMD']","[468502519163617457, 468502519163540146, 468502519163738135, 468502519163436883, 468502519163915890]","[0.7913550734519958, 0.7899243235588074, 0.8094474077224731, 0.7967727184295654, 0.8110183477401733]"
33.0,MEDMCQA,0.005636586342006922,0.0007451580604538321,0.00019822001922875643,0.9934200644493103,3,7.211722135543823,False,"['STAT', 'TEXT', 'STAT', 'STAT', 'STAT']","[468502519162965780, 468502519162316212, 468502519162989891, 468502519162965790, 468502519162989893]","[0.7030065059661865, 0.7276537418365479, 0.7184363007545471, 0.7148649096488953, 0.6936801075935364]"
34.0,MEDMCQA,0.9999642372131348,2.8744416340487078e-05,2.090388079523109e-06,4.860298304265598e-06,0,7.541996955871582,False,"['STAT', 'PBMD', 'STAT', 'PBMD', 'STAT']","[468502519162864615, 468502519163222028, 468502519162856314, 468502519163201398, 468502519162856338]","[0.7698685526847839, 0.7342232465744019, 0.7607171535491943, 0.7507786154747009, 0.7289742231369019]"
35.0,MEDMCQA,2.8408006983227096e-05,4.101174636161886e-05,0.9999104738235474,2.0144292648183182e-05,2,3.791494131088257,False,"['PBMD', 'PBMD', 'PBMD', 'PBMD', 'PBMD']","[468502519163971269, 468502519163248117, 468502519163688324, 468502519163893697, 468502519163914146]","[0.7358490228652954, 0.754604697227478, 0.7396042943000793, 0.7563686370849609, 0.7764133214950562]"
36.0,MEDMCQA,0.00025019480381160975,0.9996981620788574,1.873313294709078e-06,4.9847018090076745e-05,0,6.718659400939941,False,"['STAT', 'STAT', 'PBMD', 'STAT', 'TEXT']","[468502519162878303, 468502519162917603, 468502519163529920, 468502519162880447, 468502519162296487]","[0.7585874199867249, 0.7405235767364502, 0.7623656392097473, 0.747972309589386, 0.7377278804779053]"
37.0,MEDMCQA,0.999956488609314,3.33438474626746e-05,5.337951733963564e-06,4.784908924193587e-06,0,2.875319480895996,False,"['STAT', 'TEXT', 'STAT', 'STAT', 'PBMD']","[468502519162871235, 468502519162384580, 468502519162985287, 468502519162886703, 468502519163052471]","[0.8116450905799866, 0.8127676248550415, 0.8336039781570435, 0.8200618624687195, 0.814361572265625]"
38.0,MEDMCQA,2.5215611003659433e-06,3.7558538679149933e-06,1.101588395613362e-06,0.9999926090240479,3,4.101513624191284,False,"['STAT', 'STAT', 'STAT', 'PBMD', 'STAT']","[468502519162852830, 468502519162485079, 468502519162871252, 468502519163056084, 468502519162485088]","[0.7471824884414673, 0.7589165568351746, 0.7638739943504333, 0.7539681196212769, 0.7665407657623291]"
39.0,MEDMCQA,0.9998835325241089,9.842745930654928e-05,2.8126976303610718e-06,1.5086971870914567e-05,0,4.9396891593933105,False,"['TEXT', 'TEXT', 'PBMD', 'TEXT', 'TEXT']","[468502519162335838, 468502519162327135, 468502519163556557, 468502519162306543, 468502519162327151]","[0.7775683403015137, 0.7774186730384827, 0.7601117491722107, 0.7608344554901123, 0.7724552750587463]"
40.0,MEDMCQA,3.187545871696784e-06,0.999990701675415,5.71495490930829e-07,5.507584774022689e-06,1,6.8023316860198975,False,"['STAT', 'STAT', 'STAT', 'PBMD', 'TEXT']","[468502519162906058, 468502519162990065, 468502519162436150, 468502519163922443, 468502519162328222]","[0.7870899438858032, 0.8100010752677917, 0.7713147401809692, 0.7707514762878418, 0.7771214246749878]"
41.0,MEDMCQA,7.002157644819818e-07,1.0188080068473937e-06,5.122888637743017e-07,0.9999977350234985,3,4.399294137954712,False,"['STAT', 'STAT', 'STAT', 'STAT', 'STAT']","[468502519162980842, 468502519162481143, 468502519162799160, 468502519162980836, 468502519162980840]","[0.8061545491218567, 0.7649490833282471, 0.7843399047851562, 0.7510508894920349, 0.77549147605896]"
42.0,MEDMCQA,0.00025306051247753203,0.0002779326168820262,0.9993683695793152,0.00010066052345791832,2,5.272197246551514,False,"['PBMD', 'PBMD', 'PBMD', 'PBMD', 'PBMD']","[468502519163793488, 468502519163637124, 468502519163963678, 468502519163552102, 468502519163936043]","[0.7296832203865051, 0.7362924218177795, 0.7250794768333435, 0.7167044281959534, 0.7182931303977966]"
43.0,MEDMCQA,3.844906586891739e-06,0.9999887943267822,1.9033668650081381e-06,5.507574314833619e-06,1,4.2889626026153564,False,"['STAT', 'TEXT', 'STAT', 'STAT', 'STAT']","[468502519162722759, 468502519162296614, 468502519162991017, 468502519162722748, 468502519162843899]","[0.7699329853057861, 0.7660170197486877, 0.7583739161491394, 0.7738173007965088, 0.7603780627250671]"
44.0,MEDMCQA,1.3496946849045344e-06,2.994428541569505e-06,2.7693938591255574e-06,0.999992847442627,3,5.912478446960449,False,"['PBMD', 'PBMD', 'PBMD', 'PBMD', 'STAT']","[468502519163415232, 468502519163282862, 468502519163115383, 468502519163577612, 468502519162887737]","[0.7793657779693604, 0.7764729261398315, 0.7735303640365601, 0.773764431476593, 0.7744401097297668]"
45.0,MEDMCQA,3.4254899219376966e-05,0.00013548076094593853,0.9995691180229187,0.0002611459931358695,2,5.819954872131348,False,"['TEXT', 'TEXT', 'TEXT', 'PBMD', 'STAT']","[468502519162399043, 468502519162306308, 468502519162342947, 468502519163483169, 468502519162478541]","[0.8121219873428345, 0.7686303853988647, 0.7955722212791443, 0.7903019785881042, 0.7789644598960876]"
46.0,MEDMCQA,1.2656191756832413e-05,5.682352366420673e-06,1.9637684545159573e-06,0.9999797344207764,0,6.53615665435791,False,"['PBMD', 'PBMD', 'PBMD', 'PBMD', 'PBMD']","[468502519163076363, 468502519163088675, 468502519163276492, 468502519163730665, 468502519163069230]","[0.7509155869483948, 0.7727714776992798, 0.7687525749206543, 0.7687805891036987, 0.7920044660568237]"
47.0,MEDMCQA,0.009779706597328186,0.5256757140159607,0.4358004629611969,0.028744155541062355,0,5.595539093017578,False,"['STAT', 'STAT', 'STAT', 'STAT', 'STAT']","[468502519162970943, 468502519162456377, 468502519162963071, 468502519162765467, 468502519162765468]","[0.7447744011878967, 0.7647715210914612, 0.7449893951416016, 0.7349829077720642, 0.7530436515808105]"
48.0,MEDMCQA,9.665505058364943e-05,0.9997785687446594,5.8281755627831444e-05,6.6559856350068e-05,1,7.554275274276733,False,"['TEXT', 'TEXT', 'TEXT', 'TEXT', 'TEXT']","[468502519162400982, 468502519162351823, 468502519162400933, 468502519162351896, 468502519162319726]","[0.7971083521842957, 0.7880641222000122, 0.750127911567688, 0.7732450366020203, 0.7467129230499268]"
49.0,MEDMCQA,3.169135743519291e-05,0.999908447265625,8.397373676416464e-06,5.1440150855341926e-05,1,5.1207075119018555,False,"['PBMD', 'PBMD', 'PBMD', 'PBMD', 'PBMD']","[468502519163236795, 468502519163533022, 468502519163238007, 468502519163981716, 468502519163328055]","[0.7939907312393188, 0.7825708389282227, 0.7794405817985535, 0.7847973704338074, 0.788713276386261]"
50.0,MEDMCQA,5.144158785697073e-05,0.9999363422393799,5.203242494644655e-07,1.1658923540380783e-05,1,6.689112186431885,False,"['STAT', 'STAT', 'STAT', 'STAT', 'STAT']","[468502519162899033, 468502519162937567, 468502519162837986, 468502519162892184, 468502519162696770]","[0.7368244528770447, 0.7539352178573608, 0.7440075278282166, 0.7277382016181946, 0.7122727036476135]"
51.0,MEDMCQA,0.99951171875,0.00022599003568757325,5.679692549165338e-06,0.00025658091180957854,0,4.964785099029541,False,"['PBMD', 'PBMD', 'STAT', 'PBMD', 'STAT']","[468502519163665464, 468502519163268657, 468502519162767829, 468502519163282510, 468502519162705036]","[0.7071386575698853, 0.6612089276313782, 0.6619715094566345, 0.679936945438385, 0.6772304773330688]"
52.0,MEDMCQA,0.9997310042381287,0.00011211648961761966,3.965934411098715e-06,0.0001529460569145158,0,5.257400274276733,False,"['STAT', 'STAT', 'STAT', 'STAT', 'STAT']","[468502519162980841, 468502519162980840, 468502519162711172, 468502519162741286, 468502519162420351]","[0.766939640045166, 0.7496688961982727, 0.7557570338249207, 0.751831591129303, 0.7563494443893433]"
53.0,MEDMCQA,7.071783329593018e-06,9.818199032451957e-06,6.048816885595443e-06,0.9999771118164062,3,6.865708351135254,False,"['TEXT', 'STAT', 'STAT', 'TEXT', 'TEXT']","[468502519162334993, 468502519162719041, 468502519162816409, 468502519162364085, 468502519162387792]","[0.786926805973053, 0.7965932488441467, 0.7983444333076477, 0.784551203250885, 0.8054215908050537]"
54.0,MEDMCQA,8.530207196599804e-06,8.332604920724407e-06,5.093619165563723e-06,0.9999780654907227,3,5.049373626708984,False,"['PBMD', 'PBMD', 'PBMD', 'PBMD', 'TEXT']","[468502519163669895, 468502519163702554, 468502519163984896, 468502519163456174, 468502519162303624]","[0.7700440883636475, 0.7656042575836182, 0.7919360995292664, 0.7654469609260559, 0.7669972777366638]"
55.0,MEDMCQA,0.9991557598114014,0.00020171451615169644,2.1427304091048427e-05,0.000621059094555676,0,7.172070264816284,False,"['STAT', 'STAT', 'STAT', 'TEXT', 'TEXT']","[468502519162930009, 468502519162759886, 468502519162831201, 468502519162418763, 468502519162390825]","[0.8049741983413696, 0.767819881439209, 0.7785156965255737, 0.7837924361228943, 0.8187153339385986]"
56.0,MEDMCQA,2.7264034088148037e-06,8.800937393971253e-06,0.9999727010726929,1.5689369320170954e-05,2,6.136613368988037,False,"['PBMD', 'STAT', 'STAT', 'STAT', 'PBMD']","[468502519163103898, 468502519162467444, 468502519162467469, 468502519162458338, 468502519163102787]","[0.7709992527961731, 0.8040518164634705, 0.7707532048225403, 0.7707003355026245, 0.7824127674102783]"
57.0,MEDMCQA,1.5689258361817338e-05,0.9999656677246094,8.139480087265838e-06,1.0451298294356093e-05,1,5.421485424041748,False,"['PBMD', 'PBMD', 'PBMD', 'PBMD', 'PBMD']","[468502519163527308, 468502519163434236, 468502519163323992, 468502519163433058, 468502519163915971]","[0.744331955909729, 0.7384016513824463, 0.739176869392395, 0.7430319786071777, 0.7387217283248901]"
58.0,MEDMCQA,2.9944135349069256e-06,7.071859272400616e-06,2.123357035088702e-06,0.9999878406524658,2,6.50408935546875,False,"['TEXT', 'PBMD', 'PBMD', 'STAT', 'STAT']","[468502519162343942, 468502519163507213, 468502519163425847, 468502519162972285, 468502519162718591]","[0.7760170698165894, 0.7457317113876343, 0.7475094199180603, 0.7516152858734131, 0.7431137561798096]"
59.0,MEDMCQA,0.9999872446060181,1.0289488272974268e-05,1.55348038788361e-06,9.132439799941494e-07,0,4.806554079055786,False,"['TEXT', 'TEXT', 'TEXT', 'TEXT', 'TEXT']","[468502519162408930, 468502519162306046, 468502519162408931, 468502519162298706, 468502519162409136]","[0.7060213685035706, 0.7096150517463684, 0.7066624760627747, 0.7376478314399719, 0.7329910397529602]"
60.0,MEDMCQA,0.5128950476646423,0.004873543046414852,0.48182031512260437,0.0004111344169359654,2,4.22871208190918,False,"['PBMD', 'TEXT', 'TEXT', 'TEXT', 'PBMD']","[468502519163693650, 468502519162298420, 468502519162298422, 468502519162298452, 468502519163804562]","[0.7718658447265625, 0.7554168701171875, 0.7576768398284912, 0.7534418702125549, 0.766949474811554]"
61.0,MEDMCQA,0.9998615980148315,0.00010350199590902776,8.663529115437996e-06,2.6271827664459124e-05,0,5.38362979888916,False,"['PBMD', 'PBMD', 'PBMD', 'PBMD', 'PBMD']","[468502519163194977, 468502519163434591, 468502519163182723, 468502519163434790, 468502519163549312]","[0.7507760524749756, 0.7535246014595032, 0.7617136836051941, 0.7551001310348511, 0.7613276839256287]"
62.0,MEDMCQA,0.0002034030039794743,0.9996787309646606,4.068316047778353e-05,7.72030689404346e-05,0,5.014089107513428,False,"['STAT', 'STAT', 'PBMD', 'PBMD', 'PBMD']","[468502519162868391, 468502519162868392, 468502519163927077, 468502519163742147, 468502519163617022]","[0.7671974897384644, 0.7345353364944458, 0.7979058623313904, 0.725623607635498, 0.7141327857971191]"
63.0,MEDMCQA,4.4508286123345897e-07,1.8162158994528e-06,3.1381398457597243e-06,0.9999946355819702,3,6.570796012878418,False,"['PBMD', 'PBMD', 'PBMD', 'PBMD', 'PBMD']","[468502519163113845, 468502519163119270, 468502519163115764, 468502519163118695, 468502519163614154]","[0.8006373643875122, 0.7967808842658997, 0.8103939294815063, 0.8238208293914795, 0.8007519245147705]"
64.0,MEDMCQA,0.9999407529830933,3.2191463105846196e-05,3.5006592042918783e-06,2.355177821300458e-05,0,3.548842430114746,False,"['STAT', 'STAT', 'STAT', 'STAT', 'TEXT']","[468502519162820234, 468502519162820231, 468502519162820229, 468502519162820227, 468502519162383299]","[0.8072289228439331, 0.8611335158348083, 0.855708122253418, 0.8343008756637573, 0.7971178293228149]"
65.0,MEDMCQA,3.632676452980377e-07,3.989714798535715e-07,2.309069770944916e-07,0.9999990463256836,3,7.0109052658081055,False,"['PBMD', 'PBMD', 'PBMD', 'TEXT', 'PBMD']","[468502519163099126, 468502519163116865, 468502519163928154, 468502519162354488, 468502519163957533]","[0.8058279156684875, 0.8106456398963928, 0.8070884943008423, 0.7994992733001709, 0.7899289131164551]"
66.0,MEDMCQA,7.6314463512972e-05,7.520471990574151e-05,2.7856043743668124e-05,0.9998206496238708,1,6.166003465652466,False,"['TEXT', 'TEXT', 'TEXT', 'TEXT', 'TEXT']","[468502519162297098, 468502519162297091, 468502519162297092, 468502519162333524, 468502519162297096]","[0.8076214790344238, 0.8425205945968628, 0.8430325984954834, 0.8477833271026611, 0.821453869342804]"
67.0,MEDMCQA,0.9998944997787476,6.126506923465058e-05,3.089177880610805e-06,4.109126894036308e-05,1,6.809404611587524,False,"['PBMD', 'PBMD', 'PBMD', 'PBMD', 'TEXT']","[468502519163530652, 468502519163114058, 468502519163184586, 468502519163632945, 468502519162328219]","[0.7803729772567749, 0.771396815776825, 0.7672230005264282, 0.7843684554100037, 0.7687801122665405]"
68.0,MEDMCQA,0.0007235510274767876,0.5615566372871399,0.0003790570190176368,0.43734073638916016,0,5.213454961776733,False,"['STAT', 'PBMD', 'PBMD', 'PBMD', 'TEXT']","[468502519162816260, 468502519163733360, 468502519163002893, 468502519163758511, 468502519162326036]","[0.7255198359489441, 0.7265224456787109, 0.7269717454910278, 0.7272010445594788, 0.7322145104408264]"
69.0,MEDMCQA,2.8128231406299165e-06,5.56211598450318e-05,0.9999281167984009,1.3419228707789443e-05,2,3.860766887664795,False,"['TEXT', 'TEXT', 'TEXT', 'TEXT', 'PBMD']","[468502519162294463, 468502519162344172, 468502519162344465, 468502519162411121, 468502519163229664]","[0.7596874237060547, 0.7654359340667725, 0.7587155103683472, 0.7576384544372559, 0.7558194994926453]"
70.0,MEDMCQA,0.25,0.25,0.25,0.25,2,10.333293199539185,True,"['STAT', 'PBMD', 'PBMD', 'PBMD', 'PBMD']","[468502519162783114, 468502519163745931, 468502519163874410, 468502519163571693, 468502519163435829]","[0.6797857284545898, 0.7019926309585571, 0.6864951252937317, 0.6867793798446655, 0.6825827360153198]"
71.0,MEDMCQA,0.00030942089506424963,0.0009833375224843621,0.0013867281377315521,0.9973204731941223,3,6.278144836425781,False,"['TEXT', 'PBMD', 'STAT', 'TEXT', 'PBMD']","[468502519162371430, 468502519163642425, 468502519162929758, 468502519162371425, 468502519163234804]","[0.7234230637550354, 0.7303650379180908, 0.7275263071060181, 0.7239304780960083, 0.7252125144004822]"
72.0,MEDMCQA,4.785060809808783e-06,3.668833642223035e-06,3.3405110571038676e-06,0.9999881982803345,1,7.198216438293457,False,"['STAT', 'PBMD', 'PBMD', 'STAT', 'PBMD']","[468502519162835938, 468502519163115386, 468502519163337769, 468502519162785634, 468502519163115641]","[0.7452598810195923, 0.7498899698257446, 0.7902967929840088, 0.7440510988235474, 0.7630224823951721]"
73.0,MEDMCQA,1.3629733984998893e-05,0.9998681545257568,1.1124264347017743e-05,0.00010720615682657808,1,3.9560723304748535,False,"['STAT', 'STAT', 'STAT', 'STAT', 'PBMD']","[468502519162921310, 468502519162966725, 468502519162966734, 468502519162938627, 468502519163452145]","[0.7264611721038818, 0.7231505513191223, 0.7096853256225586, 0.7179006338119507, 0.7302162647247314]"
74.0,MEDMCQA,1.2606467862497084e-05,2.3186843463918194e-05,1.4738454410689883e-05,0.9999494552612305,0,7.173710107803345,False,"['STAT', 'PBMD', 'STAT', 'PBMD', 'PBMD']","[468502519162746075, 468502519163617014, 468502519162465527, 468502519163617047, 468502519163123478]","[0.6927168369293213, 0.6796156167984009, 0.6812297701835632, 0.7017145156860352, 0.6732306480407715]"
75.0,MEDMCQA,0.9999306201934814,2.9771934350719675e-05,1.4063266462471802e-05,2.5465285943937488e-05,0,3.9462029933929443,False,"['STAT', 'STAT', 'STAT', 'STAT', 'STAT']","[468502519162900860, 468502519162898421, 468502519162899476, 468502519162739791, 468502519162886305]","[0.7171416282653809, 0.7072260975837708, 0.7365052700042725, 0.708083987236023, 0.7103953957557678]"
76.0,MEDMCQA,1.2679253131864243e-06,1.2679253131864243e-06,1.018806642605341e-06,0.9999964237213135,3,6.916520118713379,False,"['TEXT', 'STAT', 'TEXT', 'TEXT', 'TEXT']","[468502519162394002, 468502519162924746, 468502519162394343, 468502519162401544, 468502519162371237]","[0.8055068254470825, 0.8128942847251892, 0.789831280708313, 0.8002068996429443, 0.8218485713005066]"
77.0,MEDMCQA,4.495104803936556e-06,1.0129875590791926e-05,6.9621546572307125e-06,0.9999784231185913,3,5.431370973587036,False,"['TEXT', 'TEXT', 'STAT', 'PBMD', 'TEXT']","[468502519162332912, 468502519162395450, 468502519162917773, 468502519163523553, 468502519162336233]","[0.7790322303771973, 0.7941206693649292, 0.7735673189163208, 0.7749065160751343, 0.7910246849060059]"
78.0,MEDMCQA,0.00018051968072541058,0.00020940648391842842,0.9975197911262512,0.0020902908872812986,3,5.477243900299072,False,"['PBMD', 'STAT', 'STAT', 'PBMD', 'PBMD']","[468502519163983489, 468502519162909754, 468502519162880451, 468502519163312794, 468502519163292374]","[0.7208157181739807, 0.7129834890365601, 0.7181402444839478, 0.7329173684120178, 0.7204153537750244]"
79.0,MEDMCQA,0.00031815117108635604,0.0008204001933336258,0.9708858132362366,0.02797563374042511,0,4.705402135848999,False,"['PBMD', 'PBMD', 'PBMD', 'PBMD', 'PBMD']","[468502519163863662, 468502519163436414, 468502519163780771, 468502519163435286, 468502519163434931]","[0.7409886121749878, 0.7352705597877502, 0.7461394667625427, 0.7346356511116028, 0.7352968454360962]"
80.0,MEDMCQA,0.25,0.25,0.25,0.25,2,10.248002529144287,True,"['STAT', 'STAT', 'PBMD', 'PBMD', 'PBMD']","[468502519162740077, 468502519162756781, 468502519163424418, 468502519163669663, 468502519163963100]","[0.8416229486465454, 0.8254289627075195, 0.8104519844055176, 0.7993676662445068, 0.7882872819900513]"
81.0,MEDMCQA,4.888286184723256e-07,2.2252777398534818e-06,1.0676999409042764e-06,0.9999961853027344,3,5.212264776229858,False,"['STAT', 'PBMD', 'PBMD', 'PBMD', 'PBMD']","[468502519162830641, 468502519163523534, 468502519163704403, 468502519163661841, 468502519163592990]","[0.7658296823501587, 0.7747535705566406, 0.7721604108810425, 0.7176494002342224, 0.7153926491737366]"
82.0,MEDMCQA,2.7966943889623508e-05,4.037500184495002e-05,4.3998181354254484e-05,0.9998877048492432,1,5.815540075302124,False,"['PBMD', 'PBMD', 'PBMD', 'PBMD', 'PBMD']","[468502519163985163, 468502519163205549, 468502519163822395, 468502519163267060, 468502519163278089]","[0.7942724227905273, 0.7864161133766174, 0.7928186058998108, 0.7770812511444092, 0.7741024494171143]"
83.0,MEDMCQA,0.00037388791679404676,0.00012138362944824621,0.9990708827972412,0.00043371753417886794,2,6.273481607437134,False,"['TEXT', 'TEXT', 'TEXT', 'PBMD', 'PBMD']","[468502519162398188, 468502519162358987, 468502519162358575, 468502519163035605, 468502519163344369]","[0.7227464318275452, 0.7238683700561523, 0.724290132522583, 0.7226659655570984, 0.766491711139679]"
84.0,MEDMCQA,0.9999510049819946,2.373674033151474e-05,2.521456281101564e-06,2.2827398424851708e-05,0,4.894283771514893,False,"['STAT', 'PBMD', 'STAT', 'STAT', 'TEXT']","[468502519162767905, 468502519163194116, 468502519162764128, 468502519162448486, 468502519162347049]","[0.7775108218193054, 0.7887018918991089, 0.7956544756889343, 0.8343064785003662, 0.7794400453567505]"
85.0,MEDMCQA,0.999958872795105,1.2029288882331457e-05,1.0029738177763647e-06,2.8188298529130407e-05,1,4.318340063095093,False,"['PBMD', 'PBMD', 'PBMD', 'PBMD', 'PBMD']","[468502519163622913, 468502519163452259, 468502519163902508, 468502519163249523, 468502519163788022]","[0.7608882188796997, 0.7903317213058472, 0.767412006855011, 0.7866017818450928, 0.7753281593322754]"
86.0,MEDMCQA,0.0001121907916967757,0.0009625779348425567,0.9984416365623474,0.00048354212776757777,1,6.309713125228882,False,"['PBMD', 'PBMD', 'PBMD', 'PBMD', 'PBMD']","[468502519163995749, 468502519163656285, 468502519163115290, 468502519163432909, 468502519163115248]","[0.7646730542182922, 0.7816936373710632, 0.7696569561958313, 0.7484391927719116, 0.7519288659095764]"
87.0,MEDMCQA,0.9998251795768738,9.241351654054597e-05,3.5002544791495893e-06,7.904546509962529e-05,0,3.8160791397094727,False,"['STAT', 'PBMD', 'PBMD', 'PBMD', 'PBMD']","[468502519162885326, 468502519163367965, 468502519163594843, 468502519163327558, 468502519163693773]","[0.7583857774734497, 0.7802953720092773, 0.7490240931510925, 0.759049654006958, 0.7508955001831055]"
88.0,MEDMCQA,0.0010121448431164026,0.0021427106112241745,0.9949541687965393,0.0018909354694187641,2,3.359720230102539,False,"['PBMD', 'PBMD', 'PBMD', 'STAT', 'PBMD']","[468502519163807059, 468502519163604163, 468502519163983803, 468502519162748637, 468502519163968804]","[0.7496808767318726, 0.7500343322753906, 0.7517333030700684, 0.7619360685348511, 0.7514747977256775]"
89.0,MEDMCQA,0.9998569488525391,1.937153865583241e-05,9.720165508042555e-07,0.00012267126294318587,0,4.6540117263793945,False,"['PBMD', 'PBMD', 'PBMD', 'STAT', 'PBMD']","[468502519163018259, 468502519163036372, 468502519163559896, 468502519162965793, 468502519163759835]","[0.7308148145675659, 0.7300130128860474, 0.7554084658622742, 0.7325006723403931, 0.7364119291305542]"
90.0,MEDMCQA,0.25,0.25,0.25,0.25,2,10.238524913787842,True,"['TEXT', 'TEXT', 'STAT', 'STAT', 'STAT']","[468502519162360012, 468502519162327739, 468502519162717927, 468502519162421943, 468502519162480912]","[0.762137234210968, 0.716209888458252, 0.7102794647216797, 0.7073221206665039, 0.7073214650154114]"
91.0,MEDMCQA,0.9990381002426147,0.00020647373457904905,0.00011949783220188692,0.0006359838880598545,0,8.552065134048462,False,"['PBMD', 'PBMD', 'PBMD', 'PBMD', 'PBMD']","[468502519163970635, 468502519163345190, 468502519163863527, 468502519163472503, 468502519163260353]","[0.7506251335144043, 0.7522001266479492, 0.7541887760162354, 0.7600256204605103, 0.76176518201828]"
92.0,MEDMCQA,0.9988226294517517,6.39487843727693e-05,1.4721846127940807e-05,0.0010986445704475045,0,5.817832708358765,False,"['STAT', 'PBMD', 'PBMD', 'STAT', 'PBMD']","[468502519162982873, 468502519163192240, 468502519163805155, 468502519162982759, 468502519163847807]","[0.7919459939002991, 0.7593550682067871, 0.7714107036590576, 0.7490973472595215, 0.7634162902832031]"
93.0,MEDMCQA,4.356654244475067e-06,0.9999438524246216,3.500669890854624e-06,4.8325258831027895e-05,1,2.9177215099334717,False,"['TEXT', 'STAT', 'TEXT', 'PBMD', 'PBMD']","[468502519162359734, 468502519162770574, 468502519162294167, 468502519163973656, 468502519163587627]","[0.7740617990493774, 0.7554413080215454, 0.7490803599357605, 0.7535891532897949, 0.7691830396652222]"
94.0,MEDMCQA,0.9999920129776001,6.4390278566861525e-06,1.0246362336374659e-07,1.4144667375148856e-06,0,6.327897548675537,False,"['STAT', 'STAT', 'STAT', 'PBMD', 'STAT']","[468502519162906577, 468502519162976261, 468502519162450918, 468502519162995763, 468502519162841262]","[0.7718608379364014, 0.7808860540390015, 0.7570248246192932, 0.7820866703987122, 0.7728272676467896]"
95.0,MEDMCQA,0.9999582767486572,2.3923083062982187e-05,8.314940487252898e-07,1.6964006135822274e-05,0,6.536372900009155,False,"['PBMD', 'PBMD', 'PBMD', 'PBMD', 'PBMD']","[468502519163820541, 468502519163805134, 468502519163617875, 468502519163807580, 468502519163550820]","[0.7974657416343689, 0.8035416007041931, 0.7874951958656311, 0.7862621545791626, 0.7886268496513367]"
96.0,MEDMCQA,5.862711532245157e-06,1.2218939446029253e-05,5.338059509085724e-06,0.999976634979248,3,7.522338390350342,False,"['PBMD', 'PBMD', 'PBMD', 'PBMD', 'PBMD']","[468502519163769771, 468502519163161865, 468502519163324230, 468502519163297615, 468502519163555704]","[0.8350279927253723, 0.7679112553596497, 0.8135148286819458, 0.7672679424285889, 0.7731509208679199]"
97.0,MEDMCQA,3.0238243198255077e-05,6.975889846216887e-05,0.9998469352722168,5.306977254804224e-05,3,2.807891368865967,False,"['STAT', 'STAT', 'TEXT', 'STAT', 'TEXT']","[468502519162984245, 468502519162869225, 468502519162366400, 468502519162869218, 468502519162359055]","[0.7072983384132385, 0.724656879901886, 0.7087384462356567, 0.7106524109840393, 0.7020538449287415]"
98.0,MEDMCQA,0.9999887943267822,9.516235877526924e-06,7.11236225470202e-07,9.132454010796209e-07,1,4.504571199417114,False,"['TEXT', 'TEXT', 'TEXT', 'TEXT', 'PBMD']","[468502519162352836, 468502519162352835, 468502519162313365, 468502519162394294, 468502519163994243]","[0.7488588094711304, 0.7285855412483215, 0.7366994023323059, 0.7213083505630493, 0.7305524945259094]"
99.0,MEDMCQA,8.13959923107177e-06,8.939600775192957e-06,2.601572077765013e-06,0.9999803304672241,3,3.443096876144409,False,"['STAT', 'TEXT', 'TEXT', 'PBMD', 'TEXT']","[468502519162819937, 468502519162298729, 468502519162334733, 468502519163654198, 468502519162393619]","[0.7745237350463867, 0.7920746207237244, 0.7511780261993408, 0.7575812935829163, 0.776465892791748]"
100.0,MEDMCQA,0.9996415376663208,3.1682899134466425e-05,4.9352433961757924e-06,0.000321866333251819,0,5.979772329330444,False,"['STAT', 'PBMD', 'PBMD', 'TEXT', 'PBMD']","[468502519162815782, 468502519163647921, 468502519163549863, 468502519162371355, 468502519163400558]","[0.7176457643508911, 0.7480217814445496, 0.7126585245132446, 0.7147621512413025, 0.7128928303718567]"
101.0,MEDMCQA,0.9999409914016724,3.763564382097684e-05,2.331942368982709e-06,1.8924389223684557e-05,0,8.52794861793518,False,"['PBMD', 'PBMD', 'STAT', 'PBMD', 'PBMD']","[468502519163660067, 468502519163754524, 468502519162429730, 468502519163743278, 468502519163542668]","[0.740357518196106, 0.7246919870376587, 0.7352835536003113, 0.7206645011901855, 0.7242662906646729]"
102.0,MEDMCQA,6.893592967571749e-07,1.1544594826773391e-06,1.3925440498496755e-06,0.9999967813491821,3,7.229577541351318,False,"['TEXT', 'PBMD', 'PBMD', 'PBMD', 'PBMD']","[468502519162385219, 468502519163728498, 468502519163151543, 468502519163736086, 468502519163677337]","[0.7772453427314758, 0.7844165563583374, 0.7633030414581299, 0.7643687725067139, 0.7737731337547302]"
103.0,MEDMCQA,0.0003040455048903823,0.00026210362557321787,0.9993233680725098,0.00011054897913709283,2,3.548926830291748,False,"['STAT', 'STAT', 'STAT', 'STAT', 'PBMD']","[468502519162425234, 468502519162694137, 468502519162814719, 468502519162855924, 468502519163781174]","[0.7476996779441833, 0.7518459558486938, 0.7745285630226135, 0.7499353289604187, 0.73810213804245]"
104.0,MEDMCQA,6.3887791839079e-06,1.6997371858451515e-05,6.591580131498631e-06,0.9999700784683228,3,7.836390018463135,False,"['PBMD', 'PBMD', 'PBMD', 'PBMD', 'PBMD']","[468502519163456882, 468502519163139060, 468502519163118864, 468502519163119480, 468502519163431552]","[0.7695572972297668, 0.7533040046691895, 0.7653762698173523, 0.762495219707489, 0.760494589805603]"
105.0,MEDMCQA,0.00019097301992587745,0.0006797080859541893,0.9991219639778137,7.404827556456439e-06,2,6.23686146736145,False,"['PBMD', 'PBMD', 'PBMD', 'PBMD', 'PBMD']","[468502519163247904, 468502519163742156, 468502519163708800, 468502519163114887, 468502519163770458]","[0.8095681071281433, 0.7781893610954285, 0.8148974180221558, 0.7916296720504761, 0.7943993806838989]"
106.0,MEDMCQA,0.0007493969751521945,0.0001252367947017774,0.9990712404251099,5.40744949830696e-05,0,4.680965185165405,False,"['PBMD', 'TEXT', 'PBMD', 'STAT', 'PBMD']","[468502519163223418, 468502519162332422, 468502519163231025, 468502519162839090, 468502519163258192]","[0.7892952561378479, 0.83351731300354, 0.7854201793670654, 0.7679709792137146, 0.8053827881813049]"
107.0,MEDMCQA,0.0005830300506204367,0.0001157058504759334,0.9980425834655762,0.0012586184311658144,0,4.424228191375732,False,"['PBMD', 'STAT', 'STAT', 'PBMD', 'STAT']","[468502519163115187, 468502519162849272, 468502519162837865, 468502519163608870, 468502519162849280]","[0.7492353916168213, 0.7596598863601685, 0.7512224912643433, 0.782434344291687, 0.7377380132675171]"
108.0,MEDMCQA,6.096243396314094e-06,1.5446157703991048e-05,3.6975586681364803e-06,0.9999747276306152,3,10.392048358917236,False,"['PBMD', 'PBMD', 'PBMD', 'PBMD', 'PBMD']","[468502519163377333, 468502519163395588, 468502519163235706, 468502519163219196, 468502519163229665]","[0.8028887510299683, 0.8211087584495544, 0.808229923248291, 0.8221861720085144, 0.8076841831207275]"
109.0,MEDMCQA,0.25,0.25,0.25,0.25,3,10.112327575683594,True,"['STAT', 'STAT', 'STAT', 'STAT', 'STAT']","[468502519162435432, 468502519162445168, 468502519162845820, 468502519162855747, 468502519162722436]","[0.7951889634132385, 0.809719443321228, 0.8035821914672852, 0.781143844127655, 0.7935918569564819]"
110.0,MEDMCQA,0.9999619722366333,2.449049316055607e-05,3.7851955312362406e-06,9.818049875320867e-06,0,6.6869518756866455,False,"['PBMD', 'PBMD', 'TEXT', 'PBMD', 'PBMD']","[468502519163670182, 468502519163979575, 468502519162340699, 468502519163806062, 468502519163651152]","[0.8066242933273315, 0.8162238597869873, 0.8096428513526917, 0.8304433822631836, 0.8233178853988647]"
111.0,MEDMCQA,0.9998170733451843,7.14110501576215e-05,7.295097930182237e-06,0.00010430912516312674,1,4.111968755722046,False,"['TEXT', 'STAT', 'PBMD', 'PBMD', 'PBMD']","[468502519162395417, 468502519162741545, 468502519163189479, 468502519163040131, 468502519163664876]","[0.7349312901496887, 0.7148581743240356, 0.7082825899124146, 0.7098984718322754, 0.7309519648551941]"
112.0,MEDMCQA,0.9609504342079163,0.03288191556930542,0.0008831460727378726,0.005284604616463184,0,6.309951066970825,False,"['STAT', 'STAT', 'STAT', 'PBMD', 'STAT']","[468502519162872784, 468502519162440625, 468502519162751716, 468502519163432412, 468502519162900918]","[0.6953861713409424, 0.6270546317100525, 0.6383910179138184, 0.6324700713157654, 0.6245234608650208]"
113.0,MEDMCQA,0.9998779296875,5.475608122651465e-05,7.1824351834948175e-06,6.013779420754872e-05,3,5.2099690437316895,False,"['TEXT', 'PBMD', 'PBMD', 'STAT', 'PBMD']","[468502519162360991, 468502519163351256, 468502519163793093, 468502519162978594, 468502519163658255]","[0.774073600769043, 0.7877763509750366, 0.7673584222793579, 0.7905873656272888, 0.7838209867477417]"
114.0,MEDMCQA,6.894926627865061e-05,0.9998916387557983,2.0461133317439817e-05,1.8923456082120538e-05,0,5.376888751983643,False,"['PBMD', 'PBMD', 'PBMD', 'PBMD', 'PBMD']","[468502519163925876, 468502519163945653, 468502519163436205, 468502519163923992, 468502519163163345]","[0.735675573348999, 0.7281147241592407, 0.7243589162826538, 0.7392005324363708, 0.7347105145454407]"
115.0,MEDMCQA,0.4354054927825928,0.5590717196464539,4.184753925073892e-05,0.0054809460416436195,0,10.285773754119873,False,"['STAT', 'STAT', 'TEXT', 'STAT', 'PBMD']","[468502519162773299, 468502519162720949, 468502519162409965, 468502519162445220, 468502519163289133]","[0.7886632680892944, 0.7772887349128723, 0.7847107648849487, 0.7743213176727295, 0.774583637714386]"
116.0,MEDMCQA,2.2472946511697955e-05,4.4518554204842076e-05,6.338786079140846e-06,0.9999266862869263,3,5.5115416049957275,False,"['PBMD', 'PBMD', 'PBMD', 'STAT', 'PBMD']","[468502519163433680, 468502519163920237, 468502519163119136, 468502519162439461, 468502519163927229]","[0.7511779069900513, 0.7472447156906128, 0.7338351607322693, 0.7378274202346802, 0.7347877025604248]"
117.0,MEDMCQA,9.309757297160104e-05,0.0003919554001186043,0.9993877410888672,0.00012724929547403008,0,8.302661895751953,False,"['PBMD', 'PBMD', 'PBMD', 'PBMD', 'PBMD']","[468502519163617022, 468502519163115076, 468502519163763045, 468502519163760504, 468502519163623102]","[0.7506414651870728, 0.7616018056869507, 0.7607091665267944, 0.7740513682365417, 0.7677331566810608]"
118.0,MEDMCQA,6.960780410736334e-06,1.777497527655214e-05,0.99978107213974,0.00019410836102906615,2,6.218996047973633,False,"['STAT', 'TEXT', 'TEXT', 'PBMD', 'TEXT']","[468502519162477656, 468502519162378203, 468502519162349567, 468502519163678893, 468502519162328686]","[0.7799088954925537, 0.8004875779151917, 0.8036896586418152, 0.7841167449951172, 0.8029221296310425]"
119.0,MEDMCQA,1.0129787369805854e-05,0.9999697208404541,1.8161706520913867e-06,1.834267459344119e-05,1,5.72265100479126,False,"['TEXT', 'TEXT', 'PBMD', 'STAT', 'STAT']","[468502519162348821, 468502519162348820, 468502519163621107, 468502519162844989, 468502519162844991]","[0.7831928133964539, 0.7255252599716187, 0.7327665686607361, 0.718693196773529, 0.7092062830924988]"
120.0,MEDMCQA,1.003007241706655e-06,2.1233663574093953e-06,4.78507945445017e-06,0.9999921321868896,0,10.241746664047241,False,"['PBMD', 'PBMD', 'PBMD', 'PBMD', 'PBMD']","[468502519163976296, 468502519163945473, 468502519163351751, 468502519163273357, 468502519163928069]","[0.7783834934234619, 0.7660857439041138, 0.7678675055503845, 0.7531936168670654, 0.7765445113182068]"
121.0,MEDMCQA,5.063640128355473e-05,4.8317589971702546e-05,0.9997851252555847,0.0001159078674390912,1,7.647892236709595,False,"['STAT', 'STAT', 'PBMD', 'STAT', 'STAT']","[468502519162868939, 468502519162812697, 468502519163446675, 468502519162757686, 468502519162757701]","[0.7707948684692383, 0.7728834748268127, 0.7980272769927979, 0.800011396408081, 0.811133861541748]"
122.0,MEDMCQA,6.104625936131924e-05,0.00023769943800289184,0.9992467164993286,0.0004546121053863317,3,5.520893573760986,False,"['TEXT', 'PBMD', 'TEXT', 'PBMD', 'PBMD']","[468502519162406665, 468502519163836753, 468502519162406303, 468502519163853038, 468502519163734373]","[0.7805802822113037, 0.7999226450920105, 0.7857285737991333, 0.7946376204490662, 0.7838131189346313]"
123.0,MEDMCQA,6.918823783053085e-05,0.9994454979896545,5.603034151135944e-05,0.0004292443045414984,1,6.907384157180786,False,"['STAT', 'TEXT', 'PBMD', 'PBMD', 'TEXT']","[468502519162424488, 468502519162394830, 468502519163410492, 468502519163021126, 468502519162336738]","[0.760565996170044, 0.7633719444274902, 0.7639352083206177, 0.7434567213058472, 0.7492516040802002]"
124.0,MEDMCQA,0.996605396270752,6.455896073020995e-05,5.934959517617244e-06,0.00332420296035707,0,3.6416256427764893,False,"['PBMD', 'PBMD', 'PBMD', 'PBMD', 'TEXT']","[468502519163114297, 468502519163117995, 468502519163528221, 468502519163116684, 468502519162318805]","[0.7942864298820496, 0.7613256573677063, 0.761603593826294, 0.7554601430892944, 0.7535986304283142]"
125.0,MEDMCQA,3.393078941371641e-06,4.2227552512486e-06,1.5206725038297009e-05,0.9999772310256958,3,4.931005954742432,False,"['STAT', 'STAT', 'STAT', 'PBMD', 'PBMD']","[468502519162487016, 468502519162736346, 468502519162972930, 468502519163353923, 468502519163232485]","[0.7546067833900452, 0.7344799637794495, 0.7503260374069214, 0.734510064125061, 0.749660074710846]"
126.0,MEDMCQA,1.892378531920258e-05,0.9999090433120728,8.938963219407015e-06,6.302582914941013e-05,2,6.217300891876221,False,"['STAT', 'STAT', 'STAT', 'STAT', 'STAT']","[468502519162860685, 468502519162464955, 468502519162492156, 468502519162769292, 468502519162772776]","[0.7864229083061218, 0.789225697517395, 0.7725809216499329, 0.7760838270187378, 0.7791280150413513]"
127.0,MEDMCQA,0.9999048709869385,3.7634283216902986e-05,2.5610449938540114e-06,5.4971871577436104e-05,0,5.529935121536255,False,"['STAT', 'PBMD', 'PBMD', 'PBMD', 'PBMD']","[468502519162713166, 468502519163728294, 468502519163716462, 468502519163121656, 468502519163901077]","[0.7694294452667236, 0.7768906354904175, 0.768854558467865, 0.7740128040313721, 0.7652546763420105]"
128.0,MEDMCQA,0.25,0.25,0.25,0.25,1,10.233262300491333,True,"['PBMD', 'PBMD', 'PBMD', 'STAT', 'PBMD']","[468502519163608951, 468502519163922707, 468502519163435258, 468502519162767397, 468502519163779666]","[0.7705543637275696, 0.7433984279632568, 0.7541786432266235, 0.7462174296379089, 0.779472291469574]"
129.0,MEDMCQA,0.9993640780448914,0.0001312855165451765,0.00011676775466185063,0.0003879240248352289,0,5.6105358600616455,False,"['PBMD', 'PBMD', 'PBMD', 'PBMD', 'PBMD']","[468502519163961171, 468502519163001350, 468502519163434754, 468502519163778046, 468502519163708795]","[0.7841928005218506, 0.778972327709198, 0.771436333656311, 0.7749885320663452, 0.7674945592880249]"
130.0,MEDMCQA,0.00010553570609772578,6.501865573227406e-05,0.9997888207435608,4.068764246767387e-05,0,5.549323558807373,False,"['STAT', 'TEXT', 'PBMD', 'PBMD', 'PBMD']","[468502519162726902, 468502519162296651, 468502519163434769, 468502519163121508, 468502519163917724]","[0.7712951898574829, 0.7430103421211243, 0.7475059032440186, 0.7649780511856079, 0.7635319232940674]"
131.0,MEDMCQA,6.697428761981428e-05,0.00042040683911181986,0.9991501569747925,0.00036241329507902265,2,5.520110845565796,False,"['STAT', 'PBMD', 'STAT', 'STAT', 'STAT']","[468502519162959332, 468502519163447585, 468502519162698691, 468502519162483560, 468502519162483565]","[0.7765456438064575, 0.7634364366531372, 0.7744038701057434, 0.7580187916755676, 0.7681607007980347]"
132.0,MEDMCQA,0.00015474112296942621,4.610014002537355e-05,0.9996805191040039,0.00011864413681905717,2,4.8469977378845215,False,"['TEXT', 'STAT', 'STAT', 'PBMD', 'TEXT']","[468502519162306516, 468502519162715902, 468502519162727878, 468502519163319419, 468502519162398695]","[0.8190178871154785, 0.8181366324424744, 0.8343703746795654, 0.8349095582962036, 0.8293368816375732]"
133.0,MEDMCQA,2.3185673853731714e-05,2.710679837036878e-05,0.9998990297317505,5.064216747996397e-05,0,4.910966157913208,False,"['PBMD', 'STAT', 'PBMD', 'PBMD', 'PBMD']","[468502519163435335, 468502519162788867, 468502519163746520, 468502519163435912, 468502519163118052]","[0.788459062576294, 0.7744325399398804, 0.7894831299781799, 0.7636769413948059, 0.7826751470565796]"
134.0,MEDMCQA,1.5688807252445258e-05,3.535527139320038e-05,1.2029025128867943e-05,0.9999369382858276,3,5.597913026809692,False,"['STAT', 'PBMD', 'TEXT', 'PBMD', 'PBMD']","[468502519162449730, 468502519163380188, 468502519162337728, 468502519163245457, 468502519163073741]","[0.7574015855789185, 0.7522887587547302, 0.7606848478317261, 0.7645697593688965, 0.7502318620681763]"
135.0,MEDMCQA,2.9016032385698054e-06,5.420908564701676e-06,0.999752938747406,0.00023875065380707383,2,7.71804666519165,False,"['TEXT', 'TEXT', 'PBMD', 'STAT', 'PBMD']","[468502519162324239, 468502519162324238, 468502519163471328, 468502519162435401, 468502519163064285]","[0.7515529990196228, 0.7549351453781128, 0.7594131231307983, 0.7479369044303894, 0.7445235848426819]"
136.0,MEDMCQA,3.611903593991883e-06,0.9999743700027466,1.8738309108812246e-06,2.0145580492680892e-05,1,4.810696363449097,False,"['PBMD', 'TEXT', 'PBMD', 'TEXT', 'PBMD']","[468502519163912003, 468502519162370592, 468502519163730730, 468502519162370583, 468502519163535774]","[0.7344248294830322, 0.7421112060546875, 0.7417469024658203, 0.7418466806411743, 0.7407267689704895]"
137.0,MEDMCQA,2.9297889341250993e-05,4.329947114456445e-05,0.9995050430297852,0.00042240836773999035,0,4.99822473526001,False,"['STAT', 'TEXT', 'STAT', 'PBMD', 'TEXT']","[468502519162909905, 468502519162416398, 468502519162909913, 468502519163743332, 468502519162416396]","[0.787254273891449, 0.7976009845733643, 0.7804745435714722, 0.7935481071472168, 0.7904965877532959]"
138.0,MEDMCQA,3.3079802960855886e-05,0.9998186230659485,1.3209736607677769e-05,0.00013498624321073294,1,5.174959659576416,False,"['TEXT', 'TEXT', 'TEXT', 'TEXT', 'TEXT']","[468502519162419278, 468502519162405073, 468502519162396117, 468502519162348286, 468502519162392142]","[0.7107168436050415, 0.7041431665420532, 0.7002713680267334, 0.7002713680267334, 0.7002713084220886]"
139.0,MEDMCQA,1.1726367574738106e-06,3.089486199314706e-06,1.436744582861138e-06,0.9999942779541016,3,5.756158113479614,False,"['TEXT', 'TEXT', 'TEXT', 'TEXT', 'PBMD']","[468502519162394632, 468502519162394476, 468502519162394633, 468502519162326384, 468502519163263565]","[0.747581958770752, 0.7766842246055603, 0.7681751251220703, 0.7631222605705261, 0.7522003650665283]"
140.0,MEDMCQA,0.9999841451644897,8.597162377554923e-06,3.844888851745054e-06,3.5008110899070743e-06,0,5.447608232498169,False,"['TEXT', 'TEXT', 'TEXT', 'TEXT', 'TEXT']","[468502519162321837, 468502519162380507, 468502519162305648, 468502519162305704, 468502519162321553]","[0.7919329404830933, 0.8067344427108765, 0.7999866008758545, 0.7888917922973633, 0.7797298431396484]"
141.0,MEDMCQA,6.553415732923895e-05,0.9998733997344971,2.7106103516416624e-05,3.399867273401469e-05,2,4.235218286514282,False,"['PBMD', 'PBMD', 'PBMD', 'PBMD', 'PBMD']","[468502519163433091, 468502519163117592, 468502519163114179, 468502519163115986, 468502519163436201]","[0.7310881018638611, 0.717322826385498, 0.7167679667472839, 0.7180619239807129, 0.7277531623840332]"
142.0,MEDMCQA,3.0717503250343725e-05,0.9999470710754395,3.187406719007413e-06,1.892450382001698e-05,0,5.380451679229736,False,"['PBMD', 'PBMD', 'PBMD', 'PBMD', 'PBMD']","[468502519163963722, 468502519163639959, 468502519163639946, 468502519163314016, 468502519163647255]","[0.8597976565361023, 0.8322278261184692, 0.8401436805725098, 0.8492344617843628, 0.8530791401863098]"
143.0,MEDMCQA,0.7416023015975952,0.12490621209144592,0.019763031974434853,0.11372840404510498,0,7.923681020736694,False,"['TEXT', 'PBMD', 'PBMD', 'PBMD', 'TEXT']","[468502519162330979, 468502519163931842, 468502519163934927, 468502519163521295, 468502519162330972]","[0.7723284959793091, 0.7678043842315674, 0.7621445655822754, 0.7853690385818481, 0.7358661890029907]"
144.0,MEDMCQA,2.710764601943083e-05,0.9999302625656128,3.84468148695305e-06,3.882991222781129e-05,1,5.058928966522217,False,"['PBMD', 'PBMD', 'PBMD', 'PBMD', 'PBMD']","[468502519163107937, 468502519163012650, 468502519163818122, 468502519162999678, 468502519162999048]","[0.8082638382911682, 0.8033372163772583, 0.8079074025154114, 0.809562623500824, 0.7894463539123535]"
145.0,MEDMCQA,0.9999876022338867,9.516224054095801e-06,3.689840752940654e-07,2.4439684693788877e-06,0,4.020788908004761,False,"['PBMD', 'PBMD', 'PBMD', 'PBMD', 'PBMD']","[468502519163402055, 468502519163228475, 468502519163681715, 468502519163753700, 468502519163756058]","[0.6613471508026123, 0.6601394414901733, 0.6754305362701416, 0.6821936368942261, 0.671864926815033]"
146.0,MEDMCQA,0.00020743304048664868,0.9997667670249939,3.2879927402973408e-06,2.246935218863655e-05,0,3.7965259552001953,False,"['PBMD', 'PBMD', 'PBMD', 'PBMD', 'PBMD']","[468502519163886183, 468502519163700786, 468502519163482471, 468502519163284432, 468502519163353906]","[0.6972773671150208, 0.7046409249305725, 0.7020396590232849, 0.7178322076797485, 0.7031029462814331]"
147.0,MEDMCQA,3.041578111151466e-06,0.9999909400939941,5.043431201556814e-07,5.507586138264742e-06,1,5.030421018600464,False,"['PBMD', 'PBMD', 'PBMD', 'PBMD', 'PBMD']","[468502519163115050, 468502519163945473, 468502519163431506, 468502519163915600, 468502519163119329]","[0.779566764831543, 0.7618093490600586, 0.7431121468544006, 0.750153660774231, 0.7445859313011169]"
148.0,MEDMCQA,1.0450767149450257e-05,3.647675839602016e-05,0.9999147653579712,3.8227313780225813e-05,2,6.826217174530029,False,"['STAT', 'STAT', 'TEXT', 'PBMD', 'PBMD']","[468502519162716268, 468502519162461833, 468502519162400432, 468502519163216166, 468502519163643427]","[0.8808516263961792, 0.7765210866928101, 0.7869168519973755, 0.7763717770576477, 0.8033818602561951]"
149.0,MEDMCQA,0.9982494711875916,0.000303126173093915,0.00020311219850555062,0.0012442129664123058,0,6.203335285186768,False,"['PBMD', 'TEXT', 'STAT', 'STAT', 'PBMD']","[468502519163759840, 468502519162407621, 468502519162926659, 468502519162697712, 468502519163041356]","[0.76436847448349, 0.729881763458252, 0.7276498675346375, 0.7389176487922668, 0.7446814775466919]"
150.0,MEDMCQA,3.94337585021276e-05,3.9743041270412505e-05,0.9997367262840271,0.0001841292396420613,0,5.184572219848633,False,"['STAT', 'PBMD', 'PBMD', 'STAT', 'PBMD']","[468502519162897377, 468502519163689018, 468502519163716464, 468502519162885321, 468502519163539225]","[0.7431802749633789, 0.7291191816329956, 0.7435657382011414, 0.7503011226654053, 0.7382579445838928]"
151.0,MEDMCQA,0.00020692117686849087,4.71960665890947e-05,0.999737560749054,8.395938493777066e-06,2,3.9705309867858887,False,"['PBMD', 'PBMD', 'STAT', 'PBMD', 'PBMD']","[468502519163695234, 468502519163751121, 468502519162763440, 468502519163695247, 468502519163539140]","[0.7151757478713989, 0.7148946523666382, 0.7205999493598938, 0.7186328768730164, 0.7124885320663452]"
152.0,MEDMCQA,8.013401384232566e-06,7.646442099940032e-06,4.495111170399468e-06,0.9999798536300659,3,7.144659757614136,False,"['PBMD', 'PBMD', 'PBMD', 'PBMD', 'PBMD']","[468502519163760697, 468502519163739909, 468502519163572023, 468502519163880888, 468502519163709106]","[0.7722270488739014, 0.7711769938468933, 0.7826615571975708, 0.7709184288978577, 0.7821096181869507]"
153.0,MEDMCQA,6.8008644120709505e-06,8.463812264380977e-06,8.107836038107052e-06,0.999976634979248,3,6.119931697845459,False,"['STAT', 'STAT', 'STAT', 'PBMD', 'PBMD']","[468502519162868390, 468502519162868392, 468502519162897375, 468502519163121332, 468502519163530876]","[0.7959769368171692, 0.7989279627799988, 0.7504339218139648, 0.7326382398605347, 0.753726601600647]"
154.0,MEDMCQA,5.954707830824191e-06,4.539636938716285e-05,0.9999215602874756,2.710740955080837e-05,2,4.882879257202148,False,"['STAT', 'STAT', 'STAT', 'STAT', 'STAT']","[468502519162855926, 468502519162425628, 468502519162855910, 468502519162855962, 468502519162855960]","[0.7915163636207581, 0.738221287727356, 0.7306299209594727, 0.7373571991920471, 0.7325751781463623]"
155.0,MEDMCQA,1.6280346244457178e-06,7.46937257645186e-06,2.902285359596135e-06,0.9999879598617554,2,4.446159601211548,False,"['TEXT', 'STAT', 'STAT', 'STAT', 'PBMD']","[468502519162306516, 468502519162727878, 468502519162820775, 468502519162707541, 468502519163319419]","[0.8064836263656616, 0.8464639782905579, 0.8278023600578308, 0.8160988688468933, 0.832574725151062]"
156.0,MEDMCQA,0.9998389482498169,0.00010329770157113671,6.747010047547519e-06,5.0837319577112794e-05,2,7.652906179428101,False,"['PBMD', 'PBMD', 'PBMD', 'PBMD', 'PBMD']","[468502519163201662, 468502519163791378, 468502519163812369, 468502519163704763, 468502519163716436]","[0.709956169128418, 0.7476267218589783, 0.706834614276886, 0.7029924988746643, 0.7038758993148804]"
157.0,MEDMCQA,0.9999781847000122,1.2606830750883091e-05,1.4823278888798086e-06,7.766842827550136e-06,0,5.6999852657318115,False,"['STAT', 'STAT', 'PBMD', 'PBMD', 'PBMD']","[468502519162728015, 468502519162781964, 468502519163564711, 468502519163106263, 468502519163991346]","[0.7744064927101135, 0.7714521288871765, 0.7467759251594543, 0.7436152100563049, 0.7553219199180603]"
158.0,MEDMCQA,0.0001396838779328391,0.000265073380433023,0.9988718628883362,0.0007233642973005772,2,4.511466979980469,False,"['STAT', 'PBMD', 'PBMD', 'STAT', 'PBMD']","[468502519162767414, 468502519163146387, 468502519163500366, 468502519162933339, 468502519163432819]","[0.7354863286018372, 0.7601811289787292, 0.7480246424674988, 0.7342692017555237, 0.7701120376586914]"
159.0,MEDMCQA,0.1166296973824501,0.7371224164962769,0.012007920071482658,0.13423995673656464,1,7.3027873039245605,False,"['PBMD', 'PBMD', 'PBMD', 'PBMD', 'PBMD']","[468502519163398480, 468502519163368105, 468502519163677685, 468502519163156430, 468502519163234916]","[0.7719652652740479, 0.7680476903915405, 0.778537929058075, 0.7729186415672302, 0.7517300844192505]"
160.0,MEDMCQA,0.9998273849487305,0.00014883493713568896,2.482057652741787e-06,2.1274847313179635e-05,0,2.66459584236145,False,"['TEXT', 'TEXT', 'STAT', 'PBMD', 'STAT']","[468502519162298773, 468502519162298744, 468502519162752338, 468502519163499045, 468502519162883989]","[0.7977308034896851, 0.7961627244949341, 0.7768718600273132, 0.7926647067070007, 0.7788358926773071]"
161.0,MEDMCQA,8.012581929506268e-06,9.460999717703089e-05,0.9998775720596313,1.983133188332431e-05,2,4.051620006561279,False,"['TEXT', 'STAT', 'STAT', 'TEXT', 'STAT']","[468502519162295823, 468502519162748389, 468502519162745717, 468502519162295449, 468502519162977828]","[0.7521235942840576, 0.7171844244003296, 0.7283633947372437, 0.7164278626441956, 0.7242740392684937]"
162.0,MEDMCQA,3.966940766986227e-06,0.999984622001648,4.450783990250784e-07,1.0953074706776533e-05,1,5.555364608764648,False,"['STAT', 'PBMD', 'PBMD', 'TEXT', 'STAT']","[468502519162714715, 468502519163597966, 468502519163543225, 468502519162320027, 468502519162422506]","[0.7948849201202393, 0.8241051435470581, 0.8263139128684998, 0.8043328523635864, 0.8023171424865723]"
163.0,MEDMCQA,0.00024739038781262934,0.9923614263534546,0.00604073004797101,0.0013505042297765613,1,5.79134464263916,False,"['PBMD', 'PBMD', 'PBMD', 'PBMD', 'PBMD']","[468502519163272428, 468502519163120878, 468502519163726649, 468502519163178737, 468502519163185583]","[0.7362094521522522, 0.7473336458206177, 0.7229205369949341, 0.7142408490180969, 0.7124892473220825]"
164.0,MEDMCQA,0.0004953942843712866,0.00022680805705022067,5.893574780202471e-05,0.9992188215255737,3,5.394227981567383,False,"['STAT', 'STAT', 'PBMD', 'STAT', 'STAT']","[468502519162422481, 468502519162783501, 468502519163749181, 468502519162933322, 468502519162783505]","[0.7865182161331177, 0.7779237031936646, 0.7885206341743469, 0.7739336490631104, 0.779427707195282]"
165.0,MEDMCQA,0.025223324075341225,0.002919811522588134,0.8891527652740479,0.082704097032547,0,4.10416841506958,False,"['STAT', 'STAT', 'PBMD', 'STAT', 'STAT']","[468502519162989877, 468502519162746075, 468502519163251871, 468502519162904241, 468502519162965319]","[0.6888836622238159, 0.7007813453674316, 0.7292166948318481, 0.6978039741516113, 0.6836416125297546]"
166.0,MEDMCQA,0.020132163539528847,0.9401775002479553,0.0008845455595292151,0.0388057567179203,2,7.939962387084961,False,"['STAT', 'TEXT', 'STAT', 'TEXT', 'PBMD']","[468502519162975488, 468502519162296266, 468502519162912103, 468502519162296651, 468502519163914714]","[0.729417622089386, 0.7129060626029968, 0.7096247673034668, 0.7097760438919067, 0.7101589441299438]"
167.0,MEDMCQA,8.381831139558926e-05,0.9998596906661987,3.505388303892687e-05,2.1484320313902572e-05,0,6.9605841636657715,False,"['PBMD', 'PBMD', 'PBMD', 'PBMD', 'PBMD']","[468502519163433244, 468502519163742147, 468502519163922225, 468502519163119145, 468502519163927077]","[0.7618856430053711, 0.7274343967437744, 0.739823043346405, 0.7184256911277771, 0.7224081158638]"
168.0,MEDMCQA,3.7266113395162392e-06,3.9669571378908586e-06,3.500827233438031e-06,0.9999887943267822,2,10.174101829528809,False,"['PBMD', 'STAT', 'PBMD', 'STAT', 'STAT']","[468502519163847997, 468502519162431937, 468502519163602066, 468502519162718057, 468502519162766112]","[0.7833338975906372, 0.7499570846557617, 0.7595020532608032, 0.7690484523773193, 0.7489384412765503]"
169.0,MEDMCQA,5.896400807614555e-07,1.602807969902642e-06,1.287892473555985e-06,0.999996542930603,2,6.45114541053772,False,"['PBMD', 'PBMD', 'PBMD', 'PBMD', 'PBMD']","[468502519163158405, 468502519163435925, 468502519163158964, 468502519163447926, 468502519163447717]","[0.7829684019088745, 0.7412503361701965, 0.7362293004989624, 0.7753084897994995, 0.7681801319122314]"
170.0,MEDMCQA,0.9925023317337036,0.002967528300359845,0.0027019651606678963,0.0018282411620020866,1,10.261750221252441,False,"['PBMD', 'PBMD', 'PBMD', 'PBMD', 'PBMD']","[468502519163437072, 468502519163434925, 468502519163113795, 468502519163927041, 468502519163117512]","[0.7532673478126526, 0.7888386845588684, 0.7661345601081848, 0.7710704803466797, 0.742480993270874]"
171.0,MEDMCQA,9.665707693784498e-06,1.9832745238090865e-05,2.161250085919164e-05,0.9999488592147827,2,6.005266904830933,False,"['STAT', 'STAT', 'PBMD', 'STAT', 'PBMD']","[468502519162834107, 468502519162915712, 468502519163571767, 468502519162834105, 468502519163434465]","[0.7831189036369324, 0.7661677598953247, 0.7859905958175659, 0.7704145312309265, 0.7960922718048096]"
172.0,MEDMCQA,7.963742245920002e-05,0.00022334865934681147,0.9994736313819885,0.00022334865934681147,0,5.2686779499053955,False,"['PBMD', 'PBMD', 'PBMD', 'PBMD', 'PBMD']","[468502519163432160, 468502519163530540, 468502519163448215, 468502519163436510, 468502519163921771]","[0.6854544281959534, 0.7099734544754028, 0.7017116546630859, 0.69039386510849, 0.725567102432251]"
173.0,MEDMCQA,2.0143996152910404e-05,2.5865401767077856e-05,0.9998956918716431,5.8288584114052355e-05,2,5.3633973598480225,False,"['STAT', 'STAT', 'PBMD', 'STAT', 'PBMD']","[468502519162949299, 468502519162714225, 468502519163743791, 468502519162744175, 468502519163112738]","[0.7926511168479919, 0.7831536531448364, 0.7694219350814819, 0.7741367220878601, 0.7716511487960815]"
174.0,MEDMCQA,0.9986283779144287,0.0013249606126919389,9.103593583859038e-06,3.7586236430797726e-05,0,4.335563659667969,False,"['STAT', 'STAT', 'STAT', 'STAT', 'STAT']","[468502519162707032, 468502519162864535, 468502519162843899, 468502519162932675, 468502519162857073]","[0.7838672995567322, 0.8009404540061951, 0.8269370198249817, 0.7919586896896362, 0.813500165939331]"
175.0,MEDMCQA,1.618532587599475e-05,4.3314175854902714e-05,0.9998444318771362,9.60967008722946e-05,0,7.046935319900513,False,"['PBMD', 'PBMD', 'TEXT', 'PBMD', 'PBMD']","[468502519163684449, 468502519163179160, 468502519162410019, 468502519163464113, 468502519163330004]","[0.7886736989021301, 0.7951107621192932, 0.7958060503005981, 0.7988977432250977, 0.7918894290924072]"
176.0,MEDMCQA,3.05901977526446e-07,4.313909585107467e-07,2.964903842439526e-07,0.999998927116394,3,5.2633957862854,False,"['STAT', 'TEXT', 'STAT', 'STAT', 'TEXT']","[468502519162739434, 468502519162306740, 468502519162911059, 468502519162769410, 468502519162401585]","[0.7884352803230286, 0.7725898623466492, 0.7828757762908936, 0.7710564732551575, 0.8027771711349487]"
177.0,MEDMCQA,3.7264719594531925e-06,0.9999513626098633,1.0029663144450751e-06,4.4000982597935945e-05,1,3.5821995735168457,False,"['STAT', 'PBMD', 'STAT', 'STAT', 'STAT']","[468502519162893240, 468502519163867662, 468502519162893228, 468502519162933333, 468502519162933293]","[0.7637599110603333, 0.7463515996932983, 0.7697293758392334, 0.7611637711524963, 0.7512108087539673]"
178.0,MEDMCQA,6.143961400084663e-06,9.22317758522695e-06,0.9999591112136841,2.5466011720709503e-05,2,4.60780930519104,False,"['STAT', 'TEXT', 'STAT', 'PBMD', 'STAT']","[468502519162937431, 468502519162348095, 468502519162797491, 468502519163754621, 468502519162936769]","[0.7605031728744507, 0.7598811388015747, 0.7660523056983948, 0.761866569519043, 0.7675175666809082]"
179.0,MEDMCQA,0.0004960040678270161,0.0005238847224973142,0.9965482354164124,0.002431899309158325,2,5.049818515777588,False,"['STAT', 'STAT', 'STAT', 'STAT', 'STAT']","[468502519162869189, 468502519162984237, 468502519162472570, 468502519162472580, 468502519162472572]","[0.8108184933662415, 0.7571552991867065, 0.7373876571655273, 0.7702695727348328, 0.8018955588340759]"
180.0,MEDMCQA,0.5825107097625732,0.11470316350460052,0.0674305111169815,0.23535560071468353,1,6.832301616668701,False,"['PBMD', 'PBMD', 'PBMD', 'PBMD', 'PBMD']","[468502519163879059, 468502519163683575, 468502519163762943, 468502519163716792, 468502519163618192]","[0.7758057117462158, 0.7771722078323364, 0.7735152840614319, 0.7624433040618896, 0.7767946720123291]"
181.0,MEDMCQA,0.9998114705085754,7.002944039413705e-05,9.514547855360433e-06,0.00010888823453569785,2,4.936791658401489,False,"['STAT', 'PBMD', 'PBMD', 'PBMD', 'PBMD']","[468502519162872628, 468502519163003808, 468502519163140241, 468502519163265937, 468502519163003890]","[0.696033239364624, 0.6987496614456177, 0.7185443043708801, 0.7117811441421509, 0.688133180141449]"
182.0,MEDMCQA,9.721513833937934e-07,1.6280472436847049e-06,1.679727006376197e-06,0.9999957084655762,3,3.7867431640625,False,"['PBMD', 'PBMD', 'PBMD', 'PBMD', 'PBMD']","[468502519163814747, 468502519163847623, 468502519163482036, 468502519163361975, 468502519163343113]","[0.7950019240379333, 0.7915823459625244, 0.7882559299468994, 0.7948338389396667, 0.7884628772735596]"
183.0,MEDMCQA,2.7963191314483993e-05,9.026628686115146e-05,0.9997535347938538,0.0001282942685065791,2,2.973238945007324,False,"['TEXT', 'TEXT', 'TEXT', 'STAT', 'STAT']","[468502519162311738, 468502519162297767, 468502519162401422, 468502519162833079, 468502519162833077]","[0.680884063243866, 0.6808840036392212, 0.6808839440345764, 0.6896159052848816, 0.6749807596206665]"
184.0,MEDMCQA,9.721524065753329e-07,1.287892814616498e-06,9.132526770372351e-07,0.9999967813491821,3,4.480921030044556,False,"['PBMD', 'PBMD', 'PBMD', 'PBMD', 'PBMD']","[468502519163068737, 468502519163204706, 468502519163075386, 468502519163220229, 468502519163798048]","[0.7397844791412354, 0.748765230178833, 0.7552454471588135, 0.7397173643112183, 0.745356559753418]"
185.0,MEDMCQA,1.3006122571823653e-05,1.428443101758603e-05,0.9999096393585205,6.30258655291982e-05,2,5.026767015457153,False,"['TEXT', 'PBMD', 'PBMD', 'PBMD', 'PBMD']","[468502519162389114, 468502519163047708, 468502519163392524, 468502519163184184, 468502519163024411]","[0.7634220123291016, 0.8115881681442261, 0.7657467126846313, 0.7727247476577759, 0.7743066549301147]"
186.0,MEDMCQA,0.0011492075864225626,0.5758628249168396,0.06262217462062836,0.36036577820777893,2,9.587543249130249,False,"['PBMD', 'PBMD', 'PBMD', 'PBMD', 'PBMD']","[468502519163782196, 468502519163538472, 468502519163432662, 468502519163118455, 468502519163115050]","[0.7486928701400757, 0.7519041299819946, 0.7487537860870361, 0.7369855046272278, 0.7680546641349792]"
187.0,MEDMCQA,0.9998672008514404,0.00012243316450621933,7.527046818722738e-06,2.901934976762277e-06,1,3.9549508094787598,False,"['PBMD', 'PBMD', 'PBMD', 'PBMD', 'PBMD']","[468502519163118892, 468502519163531630, 468502519163967214, 468502519163534030, 468502519163755504]","[0.6819568872451782, 0.6821742653846741, 0.6864811182022095, 0.6818545460700989, 0.6798933148384094]"
188.0,MEDMCQA,2.7264452455710853e-06,6.643398592132144e-06,2.6015923140221275e-06,0.9999880790710449,1,5.2824671268463135,False,"['STAT', 'PBMD', 'STAT', 'STAT', 'STAT']","[468502519162844902, 468502519163114875, 468502519162926569, 468502519162926577, 468502519162461288]","[0.7527995705604553, 0.7447428107261658, 0.7476367950439453, 0.7548631429672241, 0.7578128576278687]"
189.0,MEDMCQA,0.9755927324295044,0.002334713004529476,0.0008530415943823755,0.021219493821263313,3,4.081474542617798,False,"['STAT', 'STAT', 'STAT', 'PBMD', 'PBMD']","[468502519162785169, 468502519162422705, 468502519162953854, 468502519163536722, 468502519163274139]","[0.7387453317642212, 0.733805775642395, 0.7261343002319336, 0.7376046776771545, 0.7547556161880493]"
190.0,MEDMCQA,0.0001486942492192611,0.0003623161173891276,0.0006067653303034604,0.9988822340965271,3,5.491461753845215,False,"['STAT', 'PBMD', 'STAT', 'PBMD', 'TEXT']","[468502519162705427, 468502519163685450, 468502519162448486, 468502519163886170, 468502519162329174]","[0.780035138130188, 0.8157283663749695, 0.7979874610900879, 0.7869227528572083, 0.8010043501853943]"
191.0,MEDMCQA,6.540227332152426e-06,0.9999613761901855,2.7263724859949434e-06,2.931126618932467e-05,2,6.860911130905151,False,"['TEXT', 'STAT', 'TEXT', 'TEXT', 'TEXT']","[468502519162394609, 468502519162801344, 468502519162394633, 468502519162353354, 468502519162394631]","[0.791320264339447, 0.7793194055557251, 0.7885032892227173, 0.7877200841903687, 0.7814534306526184]"
192.0,MEDMCQA,6.747988209099276e-06,6.540375125041464e-06,2.8129800284659723e-06,0.9999839067459106,3,6.089118719100952,False,"['PBMD', 'PBMD', 'PBMD', 'PBMD', 'PBMD']","[468502519163704158, 468502519163123020, 468502519163616176, 468502519163941056, 468502519163120969]","[0.7537497878074646, 0.7410331964492798, 0.7309519648551941, 0.7582070827484131, 0.7300534844398499]"
193.0,MEDMCQA,5.919898103456944e-05,0.0001293024542974308,0.9997687935829163,4.2639425373636186e-05,1,6.24743127822876,False,"['PBMD', 'PBMD', 'PBMD', 'PBMD', 'PBMD']","[468502519163673312, 468502519163763583, 468502519163814498, 468502519163783348, 468502519163160067]","[0.69822096824646, 0.6656007170677185, 0.6735454797744751, 0.7110971212387085, 0.706974446773529]"
194.0,MEDMCQA,0.0005994019447825849,0.9944995641708374,0.001356059918180108,0.003544938750565052,2,10.040539026260376,False,"['TEXT', 'PBMD', 'STAT', 'TEXT', 'PBMD']","[468502519162342947, 468502519163784544, 468502519162986729, 468502519162342948, 468502519163513114]","[0.7164196372032166, 0.698117196559906, 0.7041386961936951, 0.71360182762146, 0.6993507742881775]"
195.0,MEDMCQA,9.910282824421301e-05,0.9993976354598999,0.00016857960144989192,0.0003346063895151019,1,5.839852571487427,False,"['STAT', 'STAT', 'STAT', 'TEXT', 'STAT']","[468502519162842394, 468502519162850659, 468502519162850657, 468502519162307439, 468502519162852576]","[0.8132126331329346, 0.7998993396759033, 0.7979323863983154, 0.8080639839172363, 0.8011395931243896]"
196.0,MEDMCQA,1.544546103104949e-05,3.705173003254458e-05,0.9999295473098755,1.8057573470287025e-05,2,4.975794553756714,False,"['STAT', 'STAT', 'TEXT', 'STAT', 'PBMD']","[468502519162863326, 468502519162872287, 468502519162390175, 468502519162924870, 468502519163393683]","[0.7770761251449585, 0.7828660607337952, 0.7911850214004517, 0.7707317471504211, 0.7723063230514526]"
197.0,MEDMCQA,0.00010471804853295907,4.198066017124802e-05,0.9998235106468201,2.976874566229526e-05,2,4.177009105682373,False,"['TEXT', 'STAT', 'STAT', 'TEXT', 'STAT']","[468502519162297261, 468502519162987589, 468502519162895593, 468502519162299344, 468502519162878216]","[0.8605254292488098, 0.7704612016677856, 0.7434752583503723, 0.744034469127655, 0.7725675106048584]"
198.0,MEDMCQA,4.425457063916838e-06,6.962221050343942e-06,6.893532145113568e-07,0.9999879598617554,3,3.77229642868042,False,"['STAT', 'STAT', 'TEXT', 'STAT', 'STAT']","[468502519162457088, 468502519162704387, 468502519162318623, 468502519162457087, 468502519162445467]","[0.7699040174484253, 0.7820043563842773, 0.7806591987609863, 0.7749606966972351, 0.7419789433479309]"
199.0,MEDMCQA,4.396376243676059e-05,8.60768705024384e-05,0.9240216016769409,0.07584831118583679,3,4.5493528842926025,False,"['STAT', 'STAT', 'STAT', 'STAT', 'TEXT']","[468502519162736529, 468502519162736534, 468502519162436079, 468502519162736527, 468502519162296570]","[0.7697756886482239, 0.8028302788734436, 0.7829323410987854, 0.8427886962890625, 0.7802924513816833]"
200.0,MEDMCQA,2.026132051469176e-06,3.5559728530643042e-06,1.3081692031846615e-06,0.999993085861206,2,6.249920845031738,False,"['STAT', 'STAT', 'STAT', 'STAT', 'STAT']","[468502519162806904, 468502519162914492, 468502519162791811, 468502519162766867, 468502519162469654]","[0.7834118604660034, 0.7711558938026428, 0.7465603947639465, 0.76341313123703, 0.7134391069412231]"
201.0,MEDMCQA,5.014599992136937e-06,0.9999680519104004,5.862661055289209e-06,2.111225330736488e-05,1,4.9424333572387695,False,"['STAT', 'PBMD', 'PBMD', 'STAT', 'PBMD']","[468502519162783116, 468502519163113619, 468502519163923698, 468502519162783115, 468502519163114296]","[0.7299506068229675, 0.7702236771583557, 0.7365075945854187, 0.7297341823577881, 0.7681676745414734]"
202.0,MEDMCQA,0.7447492480278015,0.11421100050210953,0.023203371092677116,0.11783643811941147,1,9.15672516822815,False,"['PBMD', 'PBMD', 'TEXT', 'PBMD', 'STAT']","[468502519163114956, 468502519163461019, 468502519162338485, 468502519163622482, 468502519162990207]","[0.7732664346694946, 0.7752215266227722, 0.7612146735191345, 0.7733628749847412, 0.7561721801757812]"
203.0,MEDMCQA,0.9992140531539917,0.0005679696914739907,5.779555067420006e-05,0.00016020321345422417,0,7.632684707641602,False,"['STAT', 'PBMD', 'PBMD', 'PBMD', 'PBMD']","[468502519162947868, 468502519163812023, 468502519163030936, 468502519163802356, 468502519163294653]","[0.6758719682693481, 0.6893335580825806, 0.6848404407501221, 0.6764259338378906, 0.6875876188278198]"
204.0,MEDMCQA,0.999974250793457,1.3108977327647153e-05,2.332019903406035e-06,1.0289354577253107e-05,0,6.253521203994751,False,"['PBMD', 'PBMD', 'PBMD', 'PBMD', 'PBMD']","[468502519163177306, 468502519163297841, 468502519163450841, 468502519163450842, 468502519163044683]","[0.744428277015686, 0.739183247089386, 0.7542861700057983, 0.7439971566200256, 0.7355633974075317]"
205.0,MEDMCQA,0.9999579191207886,2.6584071747493e-05,1.933280827870476e-06,1.3630957255372778e-05,3,5.026889085769653,False,"['STAT', 'STAT', 'PBMD', 'PBMD', 'PBMD']","[468502519162774051, 468502519162774044, 468502519163780777, 468502519163760568, 468502519163434925]","[0.7630975842475891, 0.7490184903144836, 0.7438074350357056, 0.7723555564880371, 0.7501610517501831]"
206.0,MEDMCQA,9.816745659918524e-06,1.5687113773310557e-05,0.9998290538787842,0.00014538742834702134,2,5.2544615268707275,False,"['STAT', 'TEXT', 'STAT', 'PBMD', 'PBMD']","[468502519162801364, 468502519162316718, 468502519162958029, 468502519163768023, 468502519163629975]","[0.763904333114624, 0.7414318919181824, 0.7612093687057495, 0.7538812160491943, 0.7452077269554138]"
207.0,MEDMCQA,0.999859094619751,2.354985372221563e-05,3.1871263672655914e-06,0.00011411933519411832,2,6.7555365562438965,False,"['PBMD', 'PBMD', 'PBMD', 'PBMD', 'PBMD']","[468502519163534029, 468502519163113834, 468502519163506542, 468502519163976302, 468502519163506547]","[0.7808324694633484, 0.7789390087127686, 0.7825132608413696, 0.8054866194725037, 0.7747449278831482]"
208.0,MEDMCQA,0.0019076872849836946,0.99595707654953,0.00038455406320281327,0.001750592258758843,1,8.073152303695679,False,"['TEXT', 'PBMD', 'PBMD', 'STAT', 'PBMD']","[468502519162298300, 468502519163962750, 468502519163405208, 468502519162889563, 468502519163768708]","[0.7738003730773926, 0.8006579875946045, 0.7633240222930908, 0.7616028189659119, 0.7742756605148315]"
209.0,MEDMCQA,5.4221659411268774e-06,7.951081897772383e-06,1.7603197193238884e-06,0.999984860420227,3,4.551260709762573,False,"['PBMD', 'PBMD', 'PBMD', 'PBMD', 'PBMD']","[468502519163876616, 468502519163768607, 468502519163118078, 468502519163116773, 468502519163895632]","[0.7218884229660034, 0.72601318359375, 0.7233015894889832, 0.721799373626709, 0.7298955917358398]"
210.0,MEDMCQA,0.999864935874939,3.426503826631233e-05,1.061481270880904e-05,9.027634223457426e-05,3,7.6348583698272705,False,"['STAT', 'PBMD', 'PBMD', 'PBMD', 'PBMD']","[468502519162724757, 468502519163950140, 468502519163364736, 468502519163012656, 468502519163759195]","[0.7960176467895508, 0.7852236032485962, 0.7878246307373047, 0.8045638799667358, 0.7904729843139648]"
211.0,MEDMCQA,2.2466785594588146e-05,3.0232362405513413e-05,0.9996525049209595,0.00029478807118721306,3,6.040391683578491,False,"['PBMD', 'PBMD', 'PBMD', 'PBMD', 'STAT']","[468502519163139909, 468502519163323032, 468502519163154611, 468502519163542553, 468502519162793286]","[0.8085755109786987, 0.763593316078186, 0.7718740701675415, 0.7961179614067078, 0.7826725840568542]"
212.0,MEDMCQA,3.3405201520508854e-06,3.726619524968555e-06,2.0261277313693427e-06,0.9999909400939941,0,6.958907127380371,False,"['TEXT', 'STAT', 'STAT', 'STAT', 'STAT']","[468502519162341139, 468502519162861219, 468502519162723389, 468502519162736550, 468502519162861208]","[0.7669658660888672, 0.7543568015098572, 0.751602828502655, 0.7623286843299866, 0.7533708810806274]"
213.0,MEDMCQA,2.3544233044958673e-05,0.0002705040678847581,0.9996204376220703,8.545102900825441e-05,0,4.203130006790161,False,"['PBMD', 'PBMD', 'PBMD', 'PBMD', 'PBMD']","[468502519163992975, 468502519163777085, 468502519163784216, 468502519163041482, 468502519163764577]","[0.7128390669822693, 0.710925281047821, 0.7119960188865662, 0.7146463990211487, 0.7090623378753662]"
214.0,MEDMCQA,4.783864369528601e-06,2.2822539904154837e-05,0.9997381567955017,0.00023412932932842523,2,6.8641676902771,False,"['PBMD', 'PBMD', 'PBMD', 'PBMD', 'PBMD']","[468502519163587664, 468502519163577791, 468502519163541630, 468502519163508046, 468502519163537625]","[0.8112297058105469, 0.7980455160140991, 0.7847048044204712, 0.7890932559967041, 0.796649694442749]"
215.0,MEDMCQA,0.999685525894165,4.197486487100832e-05,5.827633140143007e-05,0.00021431397181004286,3,6.523518323898315,False,"['PBMD', 'STAT', 'STAT', 'PBMD', 'PBMD']","[468502519163958185, 468502519162804495, 468502519162976615, 468502519163393740, 468502519163610131]","[0.7909775972366333, 0.7811227440834045, 0.7831728458404541, 0.7787041664123535, 0.784150242805481]"
216.0,MEDMCQA,0.0012530296808108687,0.001154345110990107,0.9974997639656067,9.2921698524151e-05,2,6.718954563140869,False,"['PBMD', 'TEXT', 'TEXT', 'STAT', 'TEXT']","[468502519163967252, 468502519162350746, 468502519162324452, 468502519162795148, 468502519162317347]","[0.7231120467185974, 0.7238332033157349, 0.7226217985153198, 0.7178642153739929, 0.7276043891906738]"
217.0,MEDMCQA,2.2472813725471497e-05,0.9999207258224487,2.8128022222517757e-06,5.390947626437992e-05,1,6.454480171203613,False,"['TEXT', 'STAT', 'PBMD', 'PBMD', 'PBMD']","[468502519162388389, 468502519162447359, 468502519163688174, 468502519163789732, 468502519163180471]","[0.7971034049987793, 0.7977768182754517, 0.8033854961395264, 0.821017861366272, 0.7939175367355347]"
218.0,MEDMCQA,0.017079120501875877,0.07774869352579117,0.9037987589836121,0.0013734817039221525,1,7.48329758644104,False,"['STAT', 'STAT', 'STAT', 'STAT', 'STAT']","[468502519162925819, 468502519162785069, 468502519162491336, 468502519162456376, 468502519162445193]","[0.801004946231842, 0.7712616920471191, 0.791424036026001, 0.7621105313301086, 0.7624539732933044]"
219.0,MEDMCQA,5.0238813855685294e-05,0.9997149109840393,7.887075298640411e-06,0.00022692065977025777,3,5.132401943206787,False,"['PBMD', 'PBMD', 'PBMD', 'STAT', 'PBMD']","[468502519163681807, 468502519163639391, 468502519163760567, 468502519162857564, 468502519163115046]","[0.6724091172218323, 0.6698018312454224, 0.6755780577659607, 0.6716560125350952, 0.6704578399658203]"
220.0,MEDMCQA,0.00023919646628201008,0.00021664405358023942,0.0003666953416541219,0.9991773962974548,3,7.571673154830933,False,"['PBMD', 'PBMD', 'STAT', 'PBMD', 'PBMD']","[468502519163035120, 468502519163215108, 468502519162464684, 468502519163394124, 468502519163457101]","[0.7649543285369873, 0.7761070132255554, 0.7803665995597839, 0.7713916301727295, 0.7758765816688538]"
221.0,MEDMCQA,0.9981398582458496,0.0011871058959513903,0.00015632386202923954,0.0005165863549336791,0,6.063096523284912,False,"['PBMD', 'PBMD', 'PBMD', 'PBMD', 'PBMD']","[468502519163661516, 468502519163635133, 468502519163611422, 468502519163875620, 468502519163648256]","[0.7770897746086121, 0.7512162327766418, 0.770275354385376, 0.8020550012588501, 0.7772427201271057]"
222.0,MEDMCQA,7.4111785579589196e-06,9.44208659348078e-06,4.222762072458863e-06,0.9999788999557495,3,5.428436517715454,False,"['PBMD', 'PBMD', 'PBMD', 'STAT', 'PBMD']","[468502519163900853, 468502519163927941, 468502519163121922, 468502519162457949, 468502519163780411]","[0.7225552201271057, 0.7174661159515381, 0.7214616537094116, 0.7290285229682922, 0.7085020542144775]"
223.0,MEDMCQA,0.9999215602874756,3.231683513149619e-05,2.8128047233622056e-06,4.3317515519447625e-05,2,7.915255069732666,False,"['STAT', 'TEXT', 'PBMD', 'PBMD', 'STAT']","[468502519162469101, 468502519162339037, 468502519163638188, 468502519163766918, 468502519162447530]","[0.7459895610809326, 0.7483531832695007, 0.7493031620979309, 0.7572956681251526, 0.7485817074775696]"
224.0,MEDMCQA,5.8627829275792465e-06,4.637843176169554e-06,6.681445938738761e-07,0.9999887943267822,3,3.9716761112213135,False,"['STAT', 'TEXT', 'PBMD', 'PBMD', 'STAT']","[468502519162843413, 468502519162418410, 468502519163741482, 468502519163748716, 468502519162716939]","[0.7346827387809753, 0.7302626371383667, 0.7434026002883911, 0.737754762172699, 0.731656551361084]"
225.0,MEDMCQA,4.521801747614518e-05,4.365593849797733e-05,1.9831604731734842e-05,0.9998912811279297,3,6.922913551330566,False,"['PBMD', 'PBMD', 'PBMD', 'STAT', 'TEXT']","[468502519163437310, 468502519163000962, 468502519163576365, 468502519162959315, 468502519162342341]","[0.7508737444877625, 0.7484689354896545, 0.7402263879776001, 0.7532573342323303, 0.7566661834716797]"
226.0,MEDMCQA,0.9999901056289673,6.643411779805319e-06,4.052507165397401e-07,2.8572958399308845e-06,0,6.516371250152588,False,"['STAT', 'STAT', 'STAT', 'STAT', 'STAT']","[468502519162876736, 468502519162978182, 468502519162489494, 468502519162802349, 468502519162781302]","[0.8062435388565063, 0.7412564754486084, 0.7596390843391418, 0.7455218434333801, 0.7417458891868591]"
227.0,MEDMCQA,8.747792162466794e-05,7.252173963934183e-05,0.9996259212493896,0.00021398751414380968,3,5.837989568710327,False,"['PBMD', 'STAT', 'STAT', 'PBMD', 'STAT']","[468502519163433058, 468502519162477389, 468502519162477387, 468502519163924703, 468502519162477386]","[0.7483129501342773, 0.7510921359062195, 0.764025866985321, 0.7707198858261108, 0.7579039335250854]"
228.0,MEDMCQA,9.36857486522058e-06,1.2218924894114025e-05,2.9943764729978284e-06,0.9999754428863525,3,7.518486976623535,False,"['STAT', 'PBMD', 'PBMD', 'TEXT', 'PBMD']","[468502519162910003, 468502519163771229, 468502519163820676, 468502519162393893, 468502519163957495]","[0.7520899772644043, 0.747727632522583, 0.7668905854225159, 0.7595264315605164, 0.7547935247421265]"
229.0,MEDMCQA,0.020690858364105225,0.009181512519717216,0.9220200181007385,0.04810768738389015,1,7.134510517120361,False,"['PBMD', 'PBMD', 'PBMD', 'PBMD', 'PBMD']","[468502519163432810, 468502519163742594, 468502519163146155, 468502519163038041, 468502519163922442]","[0.7990184426307678, 0.7885255217552185, 0.7889388203620911, 0.8121665120124817, 0.7826634645462036]"
230.0,MEDMCQA,3.453662066021934e-05,0.9999470710754395,8.139328201650642e-06,1.0289074452884961e-05,0,5.399805784225464,False,"['PBMD', 'TEXT', 'TEXT', 'PBMD', 'TEXT']","[468502519163876097, 468502519162363832, 468502519162307328, 468502519163525474, 468502519162364085]","[0.8008506298065186, 0.7958385348320007, 0.819195032119751, 0.7911741733551025, 0.7945529818534851]"
231.0,MEDMCQA,5.82854772801511e-05,6.108265370130539e-05,3.8224548916332424e-05,0.9998424053192139,3,7.280417203903198,False,"['PBMD', 'PBMD', 'STAT', 'PBMD', 'PBMD']","[468502519163984692, 468502519163113610, 468502519162713168, 468502519163436340, 468502519163656283]","[0.7211083769798279, 0.7111007571220398, 0.7098820209503174, 0.7118488550186157, 0.7111296653747559]"
232.0,MEDMCQA,5.173837962502148e-06,8.800993782642763e-06,6.854221282992512e-06,0.9999791383743286,3,6.881945848464966,False,"['TEXT', 'PBMD', 'PBMD', 'TEXT', 'PBMD']","[468502519162389777, 468502519163682027, 468502519163286476, 468502519162351739, 468502519163896813]","[0.7493708729743958, 0.7458702325820923, 0.7458754181861877, 0.7490038871765137, 0.7592226266860962]"
233.0,MEDMCQA,0.004896100610494614,0.1376035362482071,0.0013024151558056474,0.8561979532241821,2,9.177297830581665,False,"['PBMD', 'PBMD', 'PBMD', 'PBMD', 'PBMD']","[468502519163709546, 468502519163976871, 468502519163096016, 468502519163688290, 468502519163072214]","[0.7615770697593689, 0.7441295385360718, 0.7513446807861328, 0.7508473992347717, 0.7434160709381104]"
234.0,MEDMCQA,0.9999411106109619,1.0451041816850193e-05,1.0029559689428424e-06,4.7390436520799994e-05,0,7.27520489692688,False,"['STAT', 'STAT', 'STAT', 'PBMD', 'PBMD']","[468502519162869752, 468502519162472789, 468502519162721074, 468502519163057631, 468502519163586641]","[0.8030407428741455, 0.8149672746658325, 0.8119596838951111, 0.7771931886672974, 0.767492413520813]"
235.0,MEDMCQA,5.826782580697909e-05,0.00010387362272012979,0.9995396137237549,0.0002982292789965868,2,7.075038433074951,False,"['PBMD', 'PBMD', 'PBMD', 'PBMD', 'PBMD']","[468502519163433496, 468502519163435286, 468502519163786391, 468502519163863662, 468502519163622479]","[0.7328668832778931, 0.7379271984100342, 0.7364298105239868, 0.736112654209137, 0.7578558921813965]"
236.0,MEDMCQA,0.002085713669657707,0.991455078125,0.00018367702432442456,0.006275628227740526,1,6.319267749786377,False,"['PBMD', 'PBMD', 'PBMD', 'PBMD', 'PBMD']","[468502519163756787, 468502519163542557, 468502519163526079, 468502519163798619, 468502519163678385]","[0.7362152934074402, 0.7524848580360413, 0.7587823867797852, 0.7485647797584534, 0.7374640107154846]"
237.0,MEDMCQA,1.5202414033410605e-05,0.999693751335144,3.610889962146757e-06,0.00028740931884385645,1,5.295953989028931,False,"['TEXT', 'STAT', 'TEXT', 'TEXT', 'TEXT']","[468502519162399008, 468502519162820764, 468502519162317884, 468502519162317887, 468502519162398729]","[0.7432975172996521, 0.7672234773635864, 0.7595335245132446, 0.7549164295196533, 0.7567634582519531]"
238.0,MEDMCQA,2.7534728360478766e-05,2.5465460566920228e-05,9.515747478872072e-06,0.9999375343322754,1,9.773160457611084,False,"['PBMD', 'PBMD', 'PBMD', 'PBMD', 'PBMD']","[468502519163148098, 468502519163150977, 468502519163117930, 468502519163907587, 468502519163143519]","[0.7587539553642273, 0.766822099685669, 0.7462778091430664, 0.7466123700141907, 0.7497174143791199]"
239.0,MEDMCQA,0.000319963350193575,5.326277096173726e-05,5.581890218309127e-05,0.999570906162262,3,3.7633121013641357,False,"['STAT', 'STAT', 'STAT', 'TEXT', 'STAT']","[468502519162467705, 468502519162799163, 468502519162980831, 468502519162296331, 468502519162947725]","[0.8209092617034912, 0.8461602926254272, 0.7736091017723083, 0.8482568264007568, 0.7925094366073608]"
240.0,MEDMCQA,0.8824205994606018,0.07955263555049896,0.01219979114830494,0.02582695707678795,3,8.754983901977539,False,"['STAT', 'TEXT', 'STAT', 'STAT', 'PBMD']","[468502519162730580, 468502519162318683, 468502519162965515, 468502519162904531, 468502519163480389]","[0.7906516790390015, 0.795511782169342, 0.7904088497161865, 0.7855018973350525, 0.7799218893051147]"
241.0,MEDMCQA,5.506885827344377e-06,0.9998637437820435,2.560939719842281e-06,0.00012830839841626585,2,4.250371932983398,False,"['STAT', 'STAT', 'STAT', 'PBMD', 'PBMD']","[468502519162855857, 468502519162973208, 468502519162867014, 468502519163862335, 468502519163711603]","[0.8316464424133301, 0.8251198530197144, 0.8146229982376099, 0.8126750588417053, 0.8340590000152588]"
242.0,MEDMCQA,0.00021989329252392054,0.00023044618137646466,0.999506950378418,4.262826041667722e-05,2,5.184194087982178,False,"['TEXT', 'PBMD', 'PBMD', 'PBMD', 'PBMD']","[468502519162310524, 468502519163787118, 468502519163832147, 468502519163641149, 468502519163680092]","[0.791287362575531, 0.8245830535888672, 0.7777314186096191, 0.8001266717910767, 0.7676442861557007]"
243.0,MEDMCQA,0.3831700384616852,0.0033936849795281887,0.6123039722442627,0.0011323103681206703,0,6.30778431892395,False,"['PBMD', 'PBMD', 'PBMD', 'PBMD', 'PBMD']","[468502519163741756, 468502519163732139, 468502519163315227, 468502519163507828, 468502519163491823]","[0.6713712215423584, 0.6711965203285217, 0.6795256733894348, 0.6722499132156372, 0.6706215739250183]"
244.0,MEDMCQA,4.637832716980483e-06,0.9999865293502808,6.681431159449858e-07,8.139649253280368e-06,2,4.653842449188232,False,"['STAT', 'STAT', 'TEXT', 'STAT', 'STAT']","[468502519162936303, 468502519162485656, 468502519162373486, 468502519162750294, 468502519162429906]","[0.8204103112220764, 0.8033817410469055, 0.8202635049819946, 0.7967599034309387, 0.7927491068840027]"
245.0,MEDMCQA,0.9995118379592896,0.00018808561435434967,1.0947896043944638e-05,0.0002890456817112863,0,8.727700233459473,False,"['STAT', 'STAT', 'STAT', 'STAT', 'STAT']","[468502519162968337, 468502519162457978, 468502519162968324, 468502519162952886, 468502519162933306]","[0.7633601427078247, 0.8109018802642822, 0.755282998085022, 0.7677675485610962, 0.7713091969490051]"
246.0,MEDMCQA,2.710743501666002e-05,3.1691804906586185e-05,1.8630649719852954e-05,0.999922513961792,1,7.2567479610443115,False,"['PBMD', 'STAT', 'PBMD', 'PBMD', 'PBMD']","[468502519163554119, 468502519162961763, 468502519163362813, 468502519163112228, 468502519163350486]","[0.7619784474372864, 0.7491240501403809, 0.7482479214668274, 0.7495983242988586, 0.7697932124137878]"
247.0,MEDMCQA,0.9999654293060303,1.3631060028274078e-05,2.057982101177913e-06,1.8924851246993057e-05,2,2.7631380558013916,False,"['PBMD', 'PBMD', 'PBMD', 'PBMD', 'PBMD']","[468502519163011310, 468502519163923765, 468502519163878189, 468502519163927155, 468502519163567699]","[0.6613048315048218, 0.667488694190979, 0.6829447746276855, 0.6989378929138184, 0.6602168679237366]"
248.0,MEDMCQA,1.5056853044370655e-06,5.68239693166106e-06,5.25535824635881e-06,0.9999876022338867,3,6.189279317855835,False,"['PBMD', 'TEXT', 'PBMD', 'PBMD', 'PBMD']","[468502519163710412, 468502519162307610, 468502519163638949, 468502519163504252, 468502519163530155]","[0.7823761701583862, 0.7739459276199341, 0.7618126273155212, 0.7566040754318237, 0.7597679495811462]"
249.0,MEDMCQA,0.999742329120636,4.793952757609077e-05,5.092418632557383e-06,0.00020461133681237698,0,4.884767055511475,False,"['PBMD', 'PBMD', 'PBMD', 'PBMD', 'STAT']","[468502519163704150, 468502519163433647, 468502519163351635, 468502519163433323, 468502519162844906]","[0.7479215860366821, 0.7648935914039612, 0.733669638633728, 0.7497144937515259, 0.7340108752250671]"
250.0,MEDMCQA,0.999994158744812,4.747851562569849e-06,2.4579796331636317e-07,8.059405445237644e-07,0,4.47666072845459,False,"['PBMD', 'PBMD', 'PBMD', 'PBMD', 'PBMD']","[468502519163062338, 468502519163875360, 468502519163978095, 468502519163141169, 468502519163944399]","[0.7796845436096191, 0.7917121648788452, 0.7694623470306396, 0.7842232584953308, 0.7757630944252014]"
251.0,MEDMCQA,0.9993120431900024,0.00042960632708854973,2.751750434981659e-05,0.00023085169959813356,0,5.009443044662476,False,"['PBMD', 'STAT', 'PBMD', 'STAT', 'PBMD']","[468502519163254010, 468502519162854796, 468502519163308393, 468502519162983580, 468502519163637895]","[0.7076455354690552, 0.691710352897644, 0.7238330841064453, 0.6909790635108948, 0.7092045545578003]"
252.0,MEDMCQA,4.565955350699369e-06,1.8738643348115147e-06,1.308168180003122e-06,0.9999922513961792,2,5.9062604904174805,False,"['PBMD', 'PBMD', 'PBMD', 'PBMD', 'PBMD']","[468502519163639334, 468502519163983056, 468502519163693488, 468502519163961749, 468502519163114314]","[0.7647202610969543, 0.7801026105880737, 0.7608134746551514, 0.7634760141372681, 0.7672532796859741]"
253.0,MEDMCQA,4.63782589577022e-06,6.962201041460503e-06,3.2887107863643905e-06,0.9999850988388062,0,6.383250713348389,False,"['STAT', 'STAT', 'STAT', 'PBMD', 'PBMD']","[468502519162729573, 468502519162476771, 468502519162465547, 468502519163726903, 468502519163431415]","[0.8006078004837036, 0.7658591270446777, 0.7769873738288879, 0.7841728925704956, 0.7711411714553833]"
254.0,MEDMCQA,0.9997789263725281,1.5686327969888225e-05,3.3924061426660046e-06,0.00020203753956593573,0,6.443530082702637,False,"['TEXT', 'STAT', 'STAT', 'STAT', 'PBMD']","[468502519162319513, 468502519162436358, 468502519162821737, 468502519162436362, 468502519163960243]","[0.803945004940033, 0.7961099147796631, 0.7919002771377563, 0.793209969997406, 0.7900351881980896]"
255.0,MEDMCQA,1.1038996490242425e-05,0.9999860525131226,2.5359841515637527e-07,2.601586857053917e-06,1,6.804993629455566,False,"['TEXT', 'TEXT', 'TEXT', 'PBMD', 'PBMD']","[468502519162298576, 468502519162298564, 468502519162298565, 468502519163858822, 468502519163593015]","[0.7901782989501953, 0.8032186031341553, 0.7934166789054871, 0.7931114435195923, 0.7871977686882019]"
256.0,MEDMCQA,0.9993008375167847,3.8203845178941265e-05,5.251748916634824e-06,0.0006557040615007281,3,6.3789262771606445,False,"['PBMD', 'PBMD', 'PBMD', 'PBMD', 'PBMD']","[468502519163647915, 468502519163922353, 468502519163701164, 468502519163780558, 468502519163670945]","[0.7777550220489502, 0.7738113403320312, 0.7924271821975708, 0.7730883359909058, 0.7711348533630371]"
257.0,MEDMCQA,2.090450607283856e-06,2.190773557231296e-06,1.6028042182369973e-06,0.999994158744812,3,6.3175437450408936,False,"['PBMD', 'PBMD', 'PBMD', 'STAT', 'PBMD']","[468502519163799936, 468502519163562919, 468502519163544900, 468502519162750882, 468502519163568367]","[0.7789980173110962, 0.7630105018615723, 0.7642282843589783, 0.7611922025680542, 0.7918354868888855]"
258.0,MEDMCQA,3.647292760433629e-05,8.681311737746e-05,6.70839799568057e-05,0.9998096823692322,3,8.643633842468262,False,"['PBMD', 'PBMD', 'PBMD', 'PBMD', 'PBMD']","[468502519163762948, 468502519163432780, 468502519163955672, 468502519163916148, 468502519163157526]","[0.7837646007537842, 0.7703959345817566, 0.7678883671760559, 0.7878928184509277, 0.7723417282104492]"
259.0,MEDMCQA,1.0030113344328129e-06,1.7603398418941651e-06,9.422420248483832e-07,0.9999963045120239,3,3.802278518676758,False,"['PBMD', 'PBMD', 'PBMD', 'PBMD', 'PBMD']","[468502519163241078, 468502519163506185, 468502519163364220, 468502519163123593, 468502519163735831]","[0.7940110564231873, 0.7660841345787048, 0.7673787474632263, 0.7697536945343018, 0.7602632641792297]"
260.0,MEDMCQA,3.288601192252827e-06,0.9999517202377319,6.276405315475131e-07,4.43460994574707e-05,1,5.2288408279418945,False,"['STAT', 'STAT', 'STAT', 'STAT', 'TEXT']","[468502519162851648, 468502519162959113, 468502519162810611, 468502519162851631, 468502519162366172]","[0.8333547115325928, 0.7638118863105774, 0.7851365208625793, 0.7697241902351379, 0.7922415137290955]"
261.0,MEDMCQA,1.4285314136941452e-05,0.9999715089797974,1.37092001750716e-06,1.2805273399862926e-05,1,5.162600755691528,False,"['PBMD', 'PBMD', 'PBMD', 'PBMD', 'PBMD']","[468502519163949997, 468502519163802127, 468502519163566642, 468502519163723248, 468502519163048797]","[0.703154444694519, 0.7096651196479797, 0.6936516165733337, 0.7010337710380554, 0.718296229839325]"
262.0,MEDMCQA,0.9999828338623047,1.290585169044789e-05,1.1726233424269594e-06,3.041553327420843e-06,0,6.10459041595459,False,"['STAT', 'TEXT', 'STAT', 'TEXT', 'TEXT']","[468502519162837776, 468502519162360178, 468502519162831047, 468502519162360046, 468502519162363476]","[0.7831680774688721, 0.7857081294059753, 0.7824526429176331, 0.7929359674453735, 0.7924375534057617]"
263.0,MEDMCQA,0.0008776103495620191,0.005904397927224636,0.9929670095443726,0.0002509489713702351,2,6.270159959793091,False,"['PBMD', 'PBMD', 'PBMD', 'PBMD', 'PBMD']","[468502519163486033, 468502519163564621, 468502519163434530, 468502519163812433, 468502519163432062]","[0.7934160828590393, 0.8021264672279358, 0.7832468748092651, 0.7842757701873779, 0.7713811993598938]"
264.0,MEDMCQA,0.00017511476471554488,0.00010958401981042698,0.9983698725700378,0.0013454772997647524,3,6.985119342803955,False,"['PBMD', 'PBMD', 'PBMD', 'PBMD', 'PBMD']","[468502519163735389, 468502519163778903, 468502519163318020, 468502519163768607, 468502519163156444]","[0.7816494703292847, 0.7635796070098877, 0.7535417079925537, 0.7561064958572388, 0.7771151065826416]"
265.0,MEDMCQA,0.9999958276748657,2.368795094298548e-06,3.059010396100348e-07,1.4593722426070599e-06,0,4.60293436050415,False,"['STAT', 'STAT', 'STAT', 'STAT', 'STAT']","[468502519162846717, 468502519162938854, 468502519162950447, 468502519162423737, 468502519162855917]","[0.7293683886528015, 0.7125425934791565, 0.6908668279647827, 0.6870688199996948, 0.6995804309844971]"
266.0,MEDMCQA,3.0710900318808854e-05,8.956190868047997e-05,0.9997320771217346,0.00014766263484489173,2,5.663794994354248,False,"['STAT', 'STAT', 'PBMD', 'PBMD', 'PBMD']","[468502519162885034, 468502519162885043, 468502519163361298, 468502519163368237, 468502519163698457]","[0.7312785983085632, 0.7290449142456055, 0.7444284558296204, 0.7332717776298523, 0.7367792725563049]"
267.0,MEDMCQA,0.08427603542804718,0.1305292695760727,0.0340505950152874,0.7511441111564636,2,10.262150526046753,False,"['STAT', 'TEXT', 'STAT', 'PBMD', 'TEXT']","[468502519162900139, 468502519162301966, 468502519162900152, 468502519163854622, 468502519162397361]","[0.77972412109375, 0.7746939659118652, 0.7735843658447266, 0.7778230905532837, 0.7778520584106445]"
268.0,MEDMCQA,0.9999828338623047,7.766878297843505e-06,1.1015777090506162e-06,8.39799758978188e-06,0,5.542555809020996,False,"['STAT', 'TEXT', 'TEXT', 'TEXT', 'PBMD']","[468502519162932302, 468502519162316282, 468502519162301557, 468502519162301552, 468502519163160780]","[0.7772212028503418, 0.8206746578216553, 0.7759039998054504, 0.7958685159683228, 0.7536669969558716]"
269.0,MEDMCQA,1.0129648217116483e-05,1.618713213247247e-05,1.763973523338791e-05,0.9999560117721558,3,5.1015801429748535,False,"['TEXT', 'PBMD', 'PBMD', 'PBMD', 'PBMD']","[468502519162298717, 468502519163589812, 468502519163589824, 468502519163076494, 468502519163212680]","[0.7711937427520752, 0.7559093236923218, 0.759710431098938, 0.7543022036552429, 0.764315664768219]"
270.0,MEDMCQA,2.1024276009029563e-07,1.6373724065488204e-07,2.5612810077291215e-06,0.9999970197677612,2,10.195698499679565,False,"['TEXT', 'TEXT', 'TEXT', 'PBMD', 'TEXT']","[468502519162366789, 468502519162366094, 468502519162366011, 468502519163872125, 468502519162366005]","[0.7579798698425293, 0.7517603635787964, 0.7487462759017944, 0.752896249294281, 0.7552960515022278]"
271.0,MEDMCQA,6.438504442485282e-06,0.9999107122421265,3.844606453640154e-06,7.905223174020648e-05,1,5.275181293487549,False,"['PBMD', 'PBMD', 'PBMD', 'PBMD', 'PBMD']","[468502519163874820, 468502519163063515, 468502519163738564, 468502519163115133, 468502519163489105]","[0.7164610624313354, 0.7079691886901855, 0.703172504901886, 0.7264792919158936, 0.718273401260376]"
272.0,MEDMCQA,3.181579086231068e-05,2.7858835892402567e-05,1.9524719391483814e-05,0.9999208450317383,1,7.245038747787476,False,"['STAT', 'PBMD', 'STAT', 'STAT', 'STAT']","[468502519162856742, 468502519163729704, 468502519162868102, 468502519162855159, 468502519162965417]","[0.7801716327667236, 0.7725810408592224, 0.7806850671768188, 0.7537578344345093, 0.7446456551551819]"
273.0,MEDMCQA,0.07724348455667496,0.003042220138013363,0.00764814019203186,0.9120661616325378,2,3.372638702392578,False,"['TEXT', 'TEXT', 'STAT', 'TEXT', 'PBMD']","[468502519162362758, 468502519162358619, 468502519162770783, 468502519162402000, 468502519163255313]","[0.7355726361274719, 0.7247521877288818, 0.7321564555168152, 0.7244047522544861, 0.7202017903327942]"
274.0,MEDMCQA,2.1233565803413512e-06,5.507567948370706e-06,4.710872872237815e-06,0.9999876022338867,3,7.064940929412842,False,"['TEXT', 'TEXT', 'STAT', 'TEXT', 'PBMD']","[468502519162355148, 468502519162355144, 468502519162856607, 468502519162373881, 468502519163905863]","[0.8041466474533081, 0.8080358505249023, 0.8053287863731384, 0.8180835843086243, 0.7994786500930786]"
275.0,MEDMCQA,2.546468203945551e-05,0.9999068975448608,5.02484617754817e-05,1.7230264347745106e-05,0,6.958687782287598,False,"['PBMD', 'PBMD', 'STAT', 'PBMD', 'STAT']","[468502519163945059, 468502519163923139, 468502519162845060, 468502519163267950, 468502519162804824]","[0.7550956010818481, 0.762285590171814, 0.7568522095680237, 0.7533981204032898, 0.790579080581665]"
276.0,MEDMCQA,3.187527909176424e-06,0.9999850988388062,1.459356667510292e-06,1.0289465535606723e-05,1,4.693183422088623,False,"['TEXT', 'STAT', 'STAT', 'TEXT', 'STAT']","[468502519162394581, 468502519162827422, 468502519162827424, 468502519162394578, 468502519162827425]","[0.7613637447357178, 0.7796282768249512, 0.7374658584594727, 0.7560155987739563, 0.789792537689209]"
277.0,MEDMCQA,3.119700340903364e-05,0.00010974225733662024,4.756974522024393e-05,0.9998114705085754,2,5.411020517349243,False,"['PBMD', 'PBMD', 'PBMD', 'PBMD', 'PBMD']","[468502519163985686, 468502519163017066, 468502519163916416, 468502519163906264, 468502519163037842]","[0.7586182951927185, 0.7630150318145752, 0.7578723430633545, 0.756511390209198, 0.7605048418045044]"
278.0,MEDMCQA,6.962200131965801e-06,0.9999849796295166,1.2878775805802434e-06,6.74799548505689e-06,2,5.937460422515869,False,"['STAT', 'PBMD', 'PBMD', 'PBMD', 'PBMD']","[468502519162955052, 468502519163976346, 468502519163779562, 468502519163777348, 468502519163198121]","[0.7585815787315369, 0.7535419464111328, 0.7517102360725403, 0.7674993276596069, 0.7486639618873596]"
279.0,MEDMCQA,3.0716728360857815e-05,0.9999217987060547,4.35655829278403e-06,4.298042767914012e-05,3,3.459573268890381,False,"['PBMD', 'PBMD', 'PBMD', 'PBMD', 'PBMD']","[468502519163831263, 468502519163683862, 468502519163598576, 468502519163598966, 468502519163847744]","[0.8162283301353455, 0.8166401982307434, 0.8242542743682861, 0.8164361119270325, 0.8063023090362549]"
280.0,MEDMCQA,0.9999399185180664,4.112324313609861e-05,4.356636964075733e-06,1.4509816537611187e-05,1,3.196099281311035,False,"['PBMD', 'PBMD', 'PBMD', 'PBMD', 'PBMD']","[468502519163899096, 468502519163921307, 468502519163617021, 468502519163538613, 468502519163530729]","[0.7922627925872803, 0.7820966243743896, 0.7201763987541199, 0.7263376712799072, 0.7408276200294495]"
281.0,MEDMCQA,0.9999476671218872,2.954075171146542e-05,1.184265966003295e-05,1.0952669981634244e-05,0,5.538563251495361,False,"['PBMD', 'PBMD', 'TEXT', 'PBMD', 'PBMD']","[468502519163733110, 468502519163298806, 468502519162313424, 468502519163716818, 468502519163353193]","[0.8090367317199707, 0.8117003440856934, 0.8041552305221558, 0.8028382062911987, 0.8035374283790588]"
282.0,MEDMCQA,0.5503344535827637,0.10180164128541946,0.19019050896167755,0.15767346322536469,0,5.1539411544799805,False,"['STAT', 'PBMD', 'PBMD', 'PBMD', 'PBMD']","[468502519162817483, 468502519163695037, 468502519163207163, 468502519163239645, 468502519163183589]","[0.6804528832435608, 0.706823468208313, 0.6922397613525391, 0.6834255456924438, 0.6978417634963989]"
283.0,MEDMCQA,0.00012242379307281226,0.9997907280921936,1.0287465556757525e-05,7.661085692234337e-05,1,5.5505454540252686,False,"['PBMD', 'TEXT', 'TEXT', 'STAT', 'STAT']","[468502519163643349, 468502519162356300, 468502519162369281, 468502519162760803, 468502519162760807]","[0.8134006261825562, 0.8350618481636047, 0.805226743221283, 0.7934701442718506, 0.8130941987037659]"
284.0,MEDMCQA,2.0141696950304322e-05,0.0001022879732772708,0.9997815489768982,9.609065455151722e-05,2,5.549767732620239,False,"['STAT', 'TEXT', 'PBMD', 'TEXT', 'PBMD']","[468502519162799246, 468502519162391174, 468502519163367124, 468502519162342774, 468502519163938070]","[0.7256868481636047, 0.7338069081306458, 0.72297203540802, 0.7172931432723999, 0.7189261317253113]"
285.0,MEDMCQA,0.00024240613856818527,0.9993230104446411,4.2620413296390325e-05,0.00039193002157844603,3,5.962920427322388,False,"['TEXT', 'PBMD', 'PBMD', 'PBMD', 'PBMD']","[468502519162328171, 468502519163117719, 468502519163976871, 468502519163927047, 468502519163474123]","[0.7556671500205994, 0.7655230760574341, 0.7664645910263062, 0.7543298602104187, 0.7564308643341064]"
286.0,MEDMCQA,7.0717360358685255e-06,1.1935814654862043e-05,1.0533320164540783e-05,0.9999704360961914,1,5.555117607116699,False,"['PBMD', 'PBMD', 'PBMD', 'PBMD', 'PBMD']","[468502519163478110, 468502519163618105, 468502519163665820, 468502519163144312, 468502519163157245]","[0.7393483519554138, 0.7345309853553772, 0.751832902431488, 0.7474548816680908, 0.7377093434333801]"
287.0,MEDMCQA,0.9998205304145813,7.646364974789321e-05,2.3683796825935133e-06,0.00010060777276521549,0,4.785991907119751,False,"['TEXT', 'PBMD', 'PBMD', 'PBMD', 'PBMD']","[468502519162342010, 468502519163638055, 468502519163136671, 468502519163946072, 468502519163587117]","[0.7763848304748535, 0.7742160558700562, 0.7813543081283569, 0.7831331491470337, 0.7778837084770203]"
288.0,MEDMCQA,0.00018686884141061455,0.001292069791816175,0.9853178262710571,0.013203266076743603,0,5.924180030822754,False,"['PBMD', 'PBMD', 'PBMD', 'PBMD', 'PBMD']","[468502519163061282, 468502519163935883, 468502519163924146, 468502519163553120, 468502519163733102]","[0.8038969039916992, 0.7820352911949158, 0.7628117203712463, 0.7665082812309265, 0.7556910514831543]"
289.0,MEDMCQA,0.9999669790267944,9.818099897529464e-06,5.255249561741948e-06,1.805824831535574e-05,0,3.6786398887634277,False,"['STAT', 'STAT', 'STAT', 'STAT', 'STAT']","[468502519162706302, 468502519162901774, 468502519162713934, 468502519162857739, 468502519162965008]","[0.7753334045410156, 0.7753334045410156, 0.7585810422897339, 0.7635495662689209, 0.7406108379364014]"
290.0,MEDMCQA,3.288695552328136e-06,0.9999804496765137,1.4144503666102537e-06,1.4738910977030173e-05,1,4.996636867523193,False,"['TEXT', 'PBMD', 'TEXT', 'PBMD', 'PBMD']","[468502519162352835, 468502519163197911, 468502519162313365, 468502519163994243, 468502519163926252]","[0.7400057315826416, 0.7374664545059204, 0.7405731081962585, 0.7611274719238281, 0.7363353967666626]"
291.0,MEDMCQA,0.99953293800354,4.609333700500429e-05,9.511897587799467e-06,0.00041142766713164747,0,4.368814468383789,False,"['PBMD', 'PBMD', 'PBMD', 'PBMD', 'PBMD']","[468502519163777587, 468502519163852502, 468502519163165201, 468502519163693748, 468502519163046412]","[0.7764262557029724, 0.7547938227653503, 0.7536498308181763, 0.7702366709709167, 0.7647507786750793]"
292.0,MEDMCQA,7.071265827107709e-06,2.9309581805136986e-05,0.9999039173126221,5.967134711681865e-05,2,4.765686511993408,False,"['PBMD', 'PBMD', 'PBMD', 'PBMD', 'STAT']","[468502519163122839, 468502519163383133, 468502519163432012, 468502519163268806, 468502519162437196]","[0.8229524493217468, 0.7855931520462036, 0.7954670190811157, 0.8049761056900024, 0.7928464412689209]"
293.0,MEDMCQA,2.9944030757178552e-06,0.9999843835830688,8.579108907724731e-07,1.1843094398500398e-05,1,5.117525577545166,False,"['PBMD', 'TEXT', 'PBMD', 'STAT', 'PBMD']","[468502519163594227, 468502519162396790, 468502519163944272, 468502519162953374, 468502519163936287]","[0.7606180906295776, 0.7630407810211182, 0.7796838283538818, 0.7562685012817383, 0.7517384886741638]"
294.0,MEDMCQA,0.9990577101707458,1.5192742466751952e-05,1.7045783806679538e-06,0.0009253692696802318,1,3.8587887287139893,False,"['TEXT', 'STAT', 'STAT', 'PBMD', 'STAT']","[468502519162382130, 468502519162428197, 468502519162867718, 468502519163744419, 468502519162970312]","[0.7807941436767578, 0.7765911817550659, 0.7667768597602844, 0.7595484256744385, 0.7938892841339111]"
295.0,MEDMCQA,2.045852852461394e-05,0.9997643828392029,1.3209019925852772e-05,0.00020183739252388477,1,9.505134105682373,False,"['STAT', 'PBMD', 'PBMD', 'STAT', 'PBMD']","[468502519162887868, 468502519163928149, 468502519163617049, 468502519162887873, 468502519163927484]","[0.7268103361129761, 0.8103530406951904, 0.7711876630783081, 0.716596245765686, 0.7565261125564575]"
296.0,MEDMCQA,1.9947085547755705e-06,9.818299986363854e-06,8.714235946172266e-07,0.9999873638153076,1,10.38913345336914,False,"['PBMD', 'PBMD', 'PBMD', 'PBMD', 'PBMD']","[468502519163977742, 468502519163687346, 468502519163614121, 468502519163769147, 468502519163979011]","[0.7118642926216125, 0.7036111950874329, 0.7039153575897217, 0.6937886476516724, 0.6931392550468445]"
297.0,MEDMCQA,0.0010116897756233811,0.9988868832588196,2.427378058200702e-05,7.714191451668739e-05,1,5.777881145477295,False,"['STAT', 'TEXT', 'STAT', 'STAT', 'PBMD']","[468502519162942963, 468502519162296559, 468502519162711156, 468502519162934399, 468502519163230059]","[0.7885500192642212, 0.7552293539047241, 0.7772951722145081, 0.7561383843421936, 0.745672345161438]"
298.0,MEDMCQA,0.9998492002487183,4.494523636822123e-06,2.057742904071347e-06,0.0001442589273210615,0,7.6622395515441895,False,"['STAT', 'STAT', 'STAT', 'STAT', 'TEXT']","[468502519162805788, 468502519162490818, 468502519162836442, 468502519162421647, 468502519162388852]","[0.8170593976974487, 0.8196365237236023, 0.8216647505760193, 0.7893458008766174, 0.8015887141227722]"
299.0,MEDMCQA,1.0289430065313354e-05,0.9999816417694092,1.8161923662773916e-06,6.339134415611625e-06,0,5.099093914031982,False,"['PBMD', 'PBMD', 'PBMD', 'PBMD', 'PBMD']","[468502519163396346, 468502519163566229, 468502519163469987, 468502519163672328, 468502519163157083]","[0.7288081645965576, 0.7304511070251465, 0.7339330315589905, 0.7275261282920837, 0.7251560688018799]"
300.0,MEDMCQA,4.691163368875095e-08,3.653481783771895e-08,1.0467400279878802e-08,0.9999998807907104,1,10.244686126708984,False,"['STAT', 'STAT', 'STAT', 'STAT', 'STAT']","[468502519162485351, 468502519162443485, 468502519162485353, 468502519162942586, 468502519162453465]","[0.7491165399551392, 0.7473889589309692, 0.7431679368019104, 0.7382761240005493, 0.7385231256484985]"
301.0,MEDMCQA,4.9817197577795014e-05,0.00011950524640269578,0.9991000890731812,0.0007306299521587789,3,3.3061904907226562,False,"['PBMD', 'PBMD', 'PBMD', 'PBMD', 'PBMD']","[468502519163114733, 468502519163895638, 468502519163435557, 468502519163914178, 468502519163842120]","[0.7234697937965393, 0.6831616759300232, 0.6915728449821472, 0.6955410838127136, 0.683851957321167]"
302.0,MEDMCQA,0.9996660947799683,7.965275290189311e-05,1.833710484788753e-05,0.00023594862432219088,1,4.921071767807007,False,"['PBMD', 'PBMD', 'PBMD', 'PBMD', 'PBMD']","[468502519163800890, 468502519163830192, 468502519163691245, 468502519163778246, 468502519163471224]","[0.7398808598518372, 0.7356906533241272, 0.7497894763946533, 0.7359006404876709, 0.7383291125297546]"
303.0,MEDMCQA,4.494833319768077e-06,0.9999181032180786,3.726348040800076e-06,7.368532533291727e-05,1,5.7262492179870605,False,"['STAT', 'STAT', 'STAT', 'STAT', 'STAT']","[468502519162794203, 468502519162731111, 468502519162867683, 468502519162960000, 468502519162452497]","[0.8194893002510071, 0.7929836511611938, 0.7801304459571838, 0.7880562543869019, 0.7932052612304688]"
304.0,MEDMCQA,0.9996395111083984,2.5457871743128635e-05,3.0231969503802247e-05,0.0003047363134101033,3,4.397480249404907,False,"['PBMD', 'PBMD', 'PBMD', 'PBMD', 'PBMD']","[468502519163895076, 468502519163689497, 468502519163483995, 468502519163621511, 468502519163205430]","[0.7823665142059326, 0.790264904499054, 0.7836761474609375, 0.7887250185012817, 0.7979710698127747]"
305.0,MEDMCQA,0.9999587535858154,8.800814612186514e-06,1.13651810806914e-06,3.1201598176267e-05,0,2.5174262523651123,False,"['TEXT', 'STAT', 'PBMD', 'PBMD', 'PBMD']","[468502519162307089, 468502519162926713, 468502519163580599, 468502519163661073, 468502519163913970]","[0.75467848777771, 0.7636327147483826, 0.7702425718307495, 0.7917781472206116, 0.7518550157546997]"
306.0,MEDMCQA,5.421844434749801e-06,0.9999254941940308,3.089273832301842e-06,6.60515870549716e-05,1,1.9950873851776123,False,"['TEXT', 'PBMD', 'PBMD', 'PBMD', 'PBMD']","[468502519162371013, 468502519163286662, 468502519163129061, 468502519163437833, 468502519163496643]","[0.7795641422271729, 0.7663640975952148, 0.7542522549629211, 0.7769782543182373, 0.7557148933410645]"
307.0,MEDMCQA,6.747427505615633e-06,0.9999008178710938,1.0129088877874892e-05,8.220049494411796e-05,3,6.54964017868042,False,"['PBMD', 'PBMD', 'TEXT', 'PBMD', 'PBMD']","[468502519163560072, 468502519163822025, 468502519162357685, 468502519163982020, 468502519163939944]","[0.7571842670440674, 0.750014066696167, 0.7389816641807556, 0.740980863571167, 0.7531764507293701]"
308.0,MEDMCQA,8.937680831877515e-06,8.937680831877515e-06,0.9997655749320984,0.00021654018200933933,3,4.969254970550537,False,"['PBMD', 'STAT', 'PBMD', 'PBMD', 'PBMD']","[468502519163399531, 468502519162973958, 468502519163473569, 468502519163239518, 468502519163619550]","[0.7734625935554504, 0.7844184637069702, 0.8040022850036621, 0.7653259038925171, 0.7741876840591431]"
309.0,MEDMCQA,5.143345697433688e-05,2.1440655473270454e-05,0.00014882763207424432,0.9997783303260803,1,9.992032527923584,False,"['STAT', 'STAT', 'STAT', 'STAT', 'STAT']","[468502519162927393, 468502519162755720, 468502519162755722, 468502519162473687, 468502519162844497]","[0.6746680736541748, 0.686842143535614, 0.7130317091941833, 0.6727916598320007, 0.6960887312889099]"
310.0,MEDMCQA,0.999966025352478,1.8631460989126936e-05,3.0415023957175435e-06,1.2314643754507415e-05,0,6.831974506378174,False,"['STAT', 'STAT', 'PBMD', 'PBMD', 'PBMD']","[468502519162888325, 468502519162960491, 468502519163444974, 468502519163237085, 468502519163045800]","[0.8190394639968872, 0.8028166890144348, 0.8017024993896484, 0.8269323110580444, 0.8018251657485962]"
311.0,MEDMCQA,9.721317155708675e-07,0.9999754428863525,1.3709254744753707e-06,2.212561412306968e-05,1,4.453842878341675,False,"['PBMD', 'PBMD', 'PBMD', 'PBMD', 'PBMD']","[468502519163615378, 468502519163465013, 468502519163256194, 468502519163284432, 468502519163207517]","[0.7089499235153198, 0.6841839551925659, 0.6670401692390442, 0.6736559867858887, 0.6660692095756531]"
312.0,MEDMCQA,0.08510421961545944,0.033327292650938034,0.8330774903297424,0.04849092289805412,0,4.466742038726807,False,"['TEXT', 'STAT', 'TEXT', 'TEXT', 'PBMD']","[468502519162406902, 468502519162455778, 468502519162380788, 468502519162340942, 468502519163542020]","[0.7517255544662476, 0.7612659335136414, 0.7547849416732788, 0.7522338628768921, 0.7645894885063171]"
313.0,MEDMCQA,0.25,0.25,0.25,0.25,2,10.42552399635315,True,"['STAT', 'PBMD', 'STAT', 'PBMD', 'PBMD']","[468502519162991529, 468502519163749054, 468502519162882647, 468502519163537611, 468502519163343419]","[0.7104477286338806, 0.7263646721839905, 0.7006200551986694, 0.7070856690406799, 0.7144057154655457]"
314.0,MEDMCQA,0.01215125247836113,0.004134255927056074,0.9804947376251221,0.0032197614200413227,2,4.672714948654175,False,"['STAT', 'STAT', 'STAT', 'STAT', 'STAT']","[468502519162697677, 468502519162840192, 468502519162767351, 468502519162913491, 468502519162913490]","[0.7264750599861145, 0.7660094499588013, 0.7320867776870728, 0.7283502817153931, 0.7276821732521057]"
315.0,MEDMCQA,4.092785729881143e-06,0.9999653100967407,4.78495121569722e-06,2.5867202566587366e-05,1,5.728869676589966,False,"['TEXT', 'PBMD', 'PBMD', 'PBMD', 'PBMD']","[468502519162382627, 468502519163387551, 468502519163348278, 468502519163269486, 468502519163151381]","[0.8008480072021484, 0.8100795745849609, 0.8003511428833008, 0.800601065158844, 0.8070428371429443]"
316.0,MEDMCQA,0.5134631991386414,0.14710967242717743,0.081241674721241,0.2581855058670044,2,8.040053606033325,False,"['STAT', 'STAT', 'STAT', 'PBMD', 'PBMD']","[468502519162912974, 468502519162477803, 468502519162440428, 468502519163534603, 468502519163138767]","[0.6973186731338501, 0.7096630930900574, 0.6986537575721741, 0.7140872478485107, 0.7169925570487976]"
317.0,MEDMCQA,0.0001726237533148378,0.9996664524078369,2.429272535664495e-05,0.0001365566422464326,0,6.486354351043701,False,"['STAT', 'TEXT', 'TEXT', 'TEXT', 'PBMD']","[468502519162485981, 468502519162315611, 468502519162310386, 468502519162307732, 468502519163694483]","[0.7852845788002014, 0.7880749702453613, 0.7875401973724365, 0.7928723692893982, 0.7880581617355347]"
318.0,MEDMCQA,4.681842983700335e-05,0.00016728759510442615,0.999516487121582,0.00026942146359942853,2,4.237827301025391,False,"['TEXT', 'TEXT', 'TEXT', 'PBMD', 'PBMD']","[468502519162306083, 468502519162297377, 468502519162297916, 468502519163001825, 468502519163075208]","[0.7729187607765198, 0.7456603050231934, 0.7488704919815063, 0.7460364103317261, 0.7462518215179443]"
319.0,MEDMCQA,0.0026727477088570595,0.880052924156189,0.012167057022452354,0.10510733723640442,2,4.666041612625122,False,"['PBMD', 'PBMD', 'PBMD', 'PBMD', 'PBMD']","[468502519163897842, 468502519163917228, 468502519163960086, 468502519163445111, 468502519163917202]","[0.7387886643409729, 0.7937241792678833, 0.7460559010505676, 0.7619627714157104, 0.758699357509613]"
320.0,MEDMCQA,9.757500811247155e-05,0.999485969543457,0.0003282436518929899,8.815166802378371e-05,2,4.626754999160767,False,"['PBMD', 'PBMD', 'TEXT', 'PBMD', 'PBMD']","[468502519163164549, 468502519163540478, 468502519162361703, 468502519163684904, 468502519163179713]","[0.6960340142250061, 0.7106980681419373, 0.699708878993988, 0.7110998630523682, 0.7073506712913513]"
321.0,MEDMCQA,0.9999803304672241,7.766859198454767e-06,9.132376703746559e-07,1.0953027413052041e-05,0,4.554155349731445,False,"['STAT', 'STAT', 'STAT', 'PBMD', 'STAT']","[468502519162898593, 468502519162944654, 468502519162831318, 468502519163802618, 468502519162856157]","[0.7747514247894287, 0.7626329064369202, 0.7892076373100281, 0.7771061658859253, 0.7760554552078247]"
322.0,MEDMCQA,3.432125339486447e-08,9.931184052902609e-08,9.422444691153942e-07,0.999998927116394,1,10.158802032470703,False,"['TEXT', 'STAT', 'PBMD', 'TEXT', 'STAT']","[468502519162393526, 468502519162714578, 468502519163069758, 468502519162333659, 468502519162714555]","[0.7822073698043823, 0.7641597986221313, 0.758552074432373, 0.770989179611206, 0.7655351758003235]"
323.0,MEDMCQA,0.009016679599881172,0.9489215612411499,0.017931807786226273,0.02412988618016243,0,8.346377611160278,False,"['PBMD', 'PBMD', 'PBMD', 'STAT', 'PBMD']","[468502519163134485, 468502519163036508, 468502519163647821, 468502519162788387, 468502519163569010]","[0.7158343195915222, 0.7262396216392517, 0.7493798732757568, 0.7136439681053162, 0.7124565839767456]"
324.0,MEDMCQA,0.14906379580497742,0.6275820136070251,0.08763008564710617,0.13572412729263306,1,7.585305452346802,False,"['PBMD', 'PBMD', 'PBMD', 'PBMD', 'PBMD']","[468502519163531390, 468502519163049105, 468502519163670129, 468502519163530727, 468502519163767640]","[0.7922555804252625, 0.7987721562385559, 0.7941141128540039, 0.7841504216194153, 0.8075049519538879]"
325.0,MEDMCQA,3.69758413398813e-06,6.6954603425983805e-06,7.951056431920733e-06,0.9999816417694092,1,5.596267461776733,False,"['PBMD', 'PBMD', 'PBMD', 'PBMD', 'PBMD']","[468502519163899096, 468502519163921307, 468502519163617021, 468502519163530729, 468502519163538613]","[0.7860655784606934, 0.7807877063751221, 0.7150818109512329, 0.7307286262512207, 0.7248348593711853]"
326.0,MEDMCQA,9.009771929413546e-06,0.9999866485595703,2.424947069812333e-06,1.933336307047284e-06,0,5.102154731750488,False,"['PBMD', 'STAT', 'TEXT', 'PBMD', 'PBMD']","[468502519163577375, 468502519162884619, 468502519162381426, 468502519163585569, 468502519163961675]","[0.7964675426483154, 0.7603464722633362, 0.7597342133522034, 0.7690227031707764, 0.7720207571983337]"
327.0,MEDMCQA,1.1125308446935378e-05,0.9999619722366333,2.642492290760856e-06,2.429990672681015e-05,1,5.799478530883789,False,"['STAT', 'STAT', 'PBMD', 'TEXT', 'PBMD']","[468502519162441937, 468502519162441866, 468502519163743825, 468502519162383335, 468502519163725616]","[0.8074823617935181, 0.7887329459190369, 0.7881639003753662, 0.7809581756591797, 0.7825455665588379]"
328.0,MEDMCQA,4.860381068283459e-06,0.9999812841415405,4.6378081606235355e-06,9.223382221534848e-06,1,4.791165828704834,False,"['STAT', 'STAT', 'PBMD', 'STAT', 'STAT']","[468502519162421657, 468502519162884086, 468502519163415937, 468502519162860236, 468502519162421654]","[0.7850963473320007, 0.7580540180206299, 0.7505016922950745, 0.7585250735282898, 0.7729634642601013]"
329.0,MEDMCQA,2.7693934043782065e-06,3.1381339340441627e-06,1.3287694855534937e-06,0.9999927282333374,3,4.931002140045166,False,"['TEXT', 'PBMD', 'PBMD', 'STAT', 'STAT']","[468502519162336767, 468502519163403451, 468502519163036674, 468502519162872631, 468502519162434967]","[0.7538190484046936, 0.7689322233200073, 0.7641038298606873, 0.7696695923805237, 0.7555408477783203]"
,330,0.9986276626586914,0.0005643201293423772,0.00057601259322837,0.00023204927856568247,1,6.461132764816284,False,"['STAT', 'PBMD', 'PBMD', 'TEXT', 'STAT']","[468502519162860658, 468502519163126337, 468502519163126231, 468502519162405073, 468502519162840309]","[0.6817201375961304, 0.6860735416412354, 0.6881608963012695, 0.6888984441757202, 0.6924147009849548]"
331.0,MEDMCQA,3.535260111675598e-05,0.9998613595962524,7.182316039688885e-06,9.609833068680018e-05,1,3.368422269821167,False,"['STAT', 'PBMD', 'PBMD', 'PBMD', 'PBMD']","[468502519162711600, 468502519163870231, 468502519163212764, 468502519163777798, 468502519163201660]","[0.7634077668190002, 0.7215527892112732, 0.7234364748001099, 0.7228153347969055, 0.7168463468551636]"
332.0,MEDMCQA,2.627356479933951e-05,0.9999277591705322,1.2804713151126634e-05,3.321289841551334e-05,1,2.8361518383026123,False,"['PBMD', 'PBMD', 'PBMD', 'PBMD', 'PBMD']","[468502519163765598, 468502519163920261, 468502519163277205, 468502519163451514, 468502519163282966]","[0.7250022888183594, 0.7218018770217896, 0.7318552732467651, 0.7231413722038269, 0.7247247695922852]"
333.0,MEDMCQA,0.9997697472572327,0.0002165410842280835,8.577267749387829e-07,1.2827719729102682e-05,1,4.7864861488342285,False,"['TEXT', 'STAT', 'STAT', 'PBMD', 'PBMD']","[468502519162334531, 468502519162745569, 468502519162716065, 468502519163287944, 468502519163004143]","[0.7372708320617676, 0.7343090176582336, 0.7335965633392334, 0.7381550073623657, 0.7407940626144409]"
334.0,MEDMCQA,0.2360973060131073,0.010373392142355442,0.003213526913896203,0.7503157258033752,0,6.457360506057739,False,"['STAT', 'STAT', 'PBMD', 'PBMD', 'PBMD']","[468502519162477388, 468502519162477389, 468502519163921039, 468502519163529487, 468502519163531524]","[0.7331444621086121, 0.7346134781837463, 0.7540469169616699, 0.7380499243736267, 0.7292454242706299]"
335.0,MEDMCQA,0.25,0.25,0.25,0.25,3,10.321723222732544,True,"['PBMD', 'PBMD', 'PBMD', 'PBMD', 'PBMD']","[468502519163155709, 468502519163118160, 468502519163211740, 468502519163042539, 468502519163513719]","[0.8362820148468018, 0.8393807411193848, 0.8206703662872314, 0.8299791812896729, 0.8341051340103149]"
336.0,MEDMCQA,3.187544734828407e-06,3.288728066763724e-06,3.187544734828407e-06,0.9999903440475464,0,10.351435422897339,False,"['PBMD', 'PBMD', 'PBMD', 'PBMD', 'PBMD']","[468502519163879745, 468502519163151161, 468502519163116047, 468502519163117609, 468502519163431415]","[0.8042151927947998, 0.8172534704208374, 0.8088786005973816, 0.7902854681015015, 0.7722015380859375]"
337.0,MEDMCQA,0.9999817609786987,1.3525203030440025e-05,9.874468105408596e-07,3.7852703371754615e-06,0,4.845274209976196,False,"['PBMD', 'PBMD', 'PBMD', 'PBMD', 'PBMD']","[468502519163127695, 468502519163904753, 468502519163697374, 468502519163624169, 468502519163187746]","[0.7739373445510864, 0.769910991191864, 0.7579945921897888, 0.7819929122924805, 0.7622490525245667]"
338.0,MEDMCQA,3.648841811809689e-05,0.9997461438179016,5.8966848882846534e-05,0.000158421098603867,1,3.764294147491455,False,"['PBMD', 'PBMD', 'STAT', 'STAT', 'STAT']","[468502519163921079, 468502519163875618, 468502519162933281, 468502519162422465, 468502519162422461]","[0.7605270743370056, 0.7703856229782104, 0.7854582071304321, 0.7654944062232971, 0.7899184823036194]"
339.0,MEDMCQA,0.00010145112173631787,5.061584306531586e-05,0.9993792772293091,0.0004686473694164306,3,4.300325155258179,False,"['STAT', 'STAT', 'STAT', 'STAT', 'STAT']","[468502519162811399, 468502519162472529, 468502519162889036, 468502519162965312, 468502519162453528]","[0.7378129959106445, 0.7433960437774658, 0.7358811497688293, 0.7201367020606995, 0.7307944297790527]"
340.0,MEDMCQA,0.00015713910397607833,0.00024721448426134884,0.9994334578514099,0.00016212722402997315,1,5.790777921676636,False,"['STAT', 'STAT', 'STAT', 'STAT', 'PBMD']","[468502519162913079, 468502519162921814, 468502519162956304, 468502519162855801, 468502519163943907]","[0.7944080829620361, 0.7908390164375305, 0.7958690524101257, 0.811761200428009, 0.7908796072006226]"
341.0,MEDMCQA,0.9999465942382812,2.1444262529257685e-05,3.6118033222010126e-06,2.8409032893250696e-05,1,4.5504937171936035,False,"['TEXT', 'PBMD', 'TEXT', 'PBMD', 'PBMD']","[468502519162323967, 468502519163967574, 468502519162323938, 468502519163994627, 468502519163964018]","[0.8160232305526733, 0.7994860410690308, 0.8036613464355469, 0.796743631362915, 0.8000564575195312]"
342.0,MEDMCQA,1.2411253919708543e-05,1.606135629117489e-05,3.5007547012355644e-06,0.9999680519104004,3,5.097873687744141,False,"['STAT', 'STAT', 'STAT', 'STAT', 'STAT']","[468502519162744257, 468502519162824415, 468502519162744258, 468502519162984017, 468502519162744253]","[0.7762894630432129, 0.769131064414978, 0.7789427042007446, 0.7723574638366699, 0.7681640386581421]"
343.0,MEDMCQA,0.0002650806272868067,0.0004203011922072619,0.9988991022109985,0.0004154045309405774,3,3.902416467666626,False,"['PBMD', 'PBMD', 'PBMD', 'PBMD', 'PBMD']","[468502519163964468, 468502519163436647, 468502519163617010, 468502519163899099, 468502519163268434]","[0.6824976205825806, 0.7064083814620972, 0.6893982291221619, 0.6912830471992493, 0.7079113125801086]"
344.0,MEDMCQA,1.2804520338249858e-05,0.9999127388000488,2.50700340984622e-05,4.9469719670014456e-05,1,4.365244388580322,False,"['TEXT', 'STAT', 'PBMD', 'STAT', 'PBMD']","[468502519162360097, 468502519162950244, 468502519163678130, 468502519162443836, 468502519163610648]","[0.77503502368927, 0.7649828195571899, 0.7787171006202698, 0.75507652759552, 0.755488395690918]"
345.0,MEDMCQA,0.9998014569282532,9.760580724105239e-05,2.8404909244272858e-05,7.253447256516665e-05,0,4.361051082611084,False,"['PBMD', 'PBMD', 'PBMD', 'PBMD', 'PBMD']","[468502519163896178, 468502519163655482, 468502519163118728, 468502519163697450, 468502519163921042]","[0.774773120880127, 0.7649796605110168, 0.8087526559829712, 0.778410792350769, 0.778131365776062]"
346.0,MEDMCQA,0.00036538238055072725,0.9994964599609375,2.6675803383113816e-05,0.00011143532901769504,0,5.200768232345581,False,"['PBMD', 'PBMD', 'PBMD', 'PBMD', 'PBMD']","[468502519163331010, 468502519163614140, 468502519163806833, 468502519163534957, 468502519163121424]","[0.7748012542724609, 0.7545986175537109, 0.7665754556655884, 0.7726872563362122, 0.7617694735527039]"
347.0,MEDMCQA,4.22272432842874e-06,1.8075945263262838e-05,7.76677825342631e-06,0.9999699592590332,3,5.865597248077393,False,"['PBMD', 'STAT', 'PBMD', 'PBMD', 'PBMD']","[468502519163683536, 468502519162875894, 468502519163286292, 468502519163783791, 468502519163247875]","[0.7944530844688416, 0.8207743167877197, 0.7928231954574585, 0.8073645234107971, 0.8010919094085693]"
348.0,MEDMCQA,2.7531823434401304e-05,0.999832034111023,1.0128392204933334e-05,0.00013032482820563018,1,8.1120126247406,False,"['PBMD', 'PBMD', 'PBMD', 'PBMD', 'PBMD']","[468502519163144043, 468502519163117412, 468502519163121646, 468502519163113820, 468502519163436761]","[0.7855412364006042, 0.7892216444015503, 0.7775373458862305, 0.7876782417297363, 0.7860835194587708]"
349.0,MEDMCQA,1.147801049228292e-05,3.763494532904588e-05,0.999922513961792,2.8408348953234963e-05,2,7.06803822517395,False,"['TEXT', 'PBMD', 'PBMD', 'PBMD', 'PBMD']","[468502519162389314, 468502519163109314, 468502519163795172, 468502519163482910, 468502519163075003]","[0.767704427242279, 0.7746533751487732, 0.7704375386238098, 0.7720131874084473, 0.768858790397644]"
350.0,MEDMCQA,0.9997226595878601,3.943320189137012e-05,4.682808867073618e-05,0.00019108783453702927,1,4.975694179534912,False,"['PBMD', 'STAT', 'PBMD', 'TEXT', 'STAT']","[468502519163519765, 468502519162919271, 468502519163116084, 468502519162296594, 468502519162477357]","[0.7245121002197266, 0.7199661135673523, 0.722202718257904, 0.6958029866218567, 0.7046685814857483]"
351.0,MEDMCQA,2.3320508262258954e-06,0.9999874830245972,3.156087586830836e-07,9.818300895858556e-06,1,5.119216203689575,False,"['TEXT', 'TEXT', 'STAT', 'PBMD', 'TEXT']","[468502519162330291, 468502519162330484, 468502519162755774, 468502519163968415, 468502519162300854]","[0.7797976732254028, 0.7680737376213074, 0.821100115776062, 0.7812097668647766, 0.7580301761627197]"
352.0,MEDMCQA,2.6273854018654674e-05,2.3922615582705475e-05,0.9999387264251709,1.1125049240945373e-05,1,6.240981578826904,False,"['STAT', 'PBMD', 'TEXT', 'TEXT', 'PBMD']","[468502519162715823, 468502519163303747, 468502519162387681, 468502519162387692, 468502519163865843]","[0.7645261287689209, 0.7673603296279907, 0.7772838473320007, 0.7693825364112854, 0.7705695629119873]"
353.0,MEDMCQA,0.9996272325515747,0.000141990851261653,1.9216373402741738e-05,0.0002114947565132752,0,6.212220191955566,False,"['PBMD', 'PBMD', 'PBMD', 'PBMD', 'PBMD']","[468502519163167748, 468502519163149141, 468502519162995632, 468502519163329533, 468502519163870050]","[0.7932260632514954, 0.7941999435424805, 0.7921946048736572, 0.8036686182022095, 0.7972427010536194]"
354.0,MEDMCQA,2.504083931853529e-05,0.0011694140266627073,5.726310337195173e-05,0.9987483024597168,3,4.907506942749023,False,"['PBMD', 'PBMD', 'PBMD', 'PBMD', 'PBMD']","[468502519163706402, 468502519163618180, 468502519163692595, 468502519163888784, 468502519163742529]","[0.7650620341300964, 0.7354555130004883, 0.7162382006645203, 0.7157512307167053, 0.7192983031272888]"
355.0,MEDMCQA,0.00047559969243593514,0.0013338521821424365,0.9975065588951111,0.0006839314592070878,1,3.4562623500823975,False,"['STAT', 'PBMD', 'PBMD', 'PBMD', 'PBMD']","[468502519162920097, 468502519163786176, 468502519163316133, 468502519163263925, 468502519163626791]","[0.7511350512504578, 0.7501856088638306, 0.7401130795478821, 0.7341312170028687, 0.7405123710632324]"
356.0,MEDMCQA,4.399631870910525e-05,0.9998453855514526,1.3005286746192724e-05,9.761009278008714e-05,3,7.548095703125,False,"['PBMD', 'PBMD', 'PBMD', 'STAT', 'STAT']","[468502519163626360, 468502519163739898, 468502519163308622, 468502519162916252, 468502519162859156]","[0.7757875323295593, 0.7719300985336304, 0.7647876143455505, 0.7786874771118164, 0.7602216005325317]"
357.0,MEDMCQA,0.00039332479354925454,0.00018362891569267958,0.9989694356918335,0.00045359914656728506,2,7.137951612472534,False,"['TEXT', 'TEXT', 'TEXT', 'TEXT', 'TEXT']","[468502519162405075, 468502519162405217, 468502519162405083, 468502519162405073, 468502519162404448]","[0.7041952013969421, 0.6860681176185608, 0.6875790953636169, 0.7080236077308655, 0.6895455718040466]"
358.0,MEDMCQA,0.9999887943267822,7.411251772282412e-06,7.338132945733378e-07,3.1381214284920134e-06,0,4.557638168334961,False,"['STAT', 'PBMD', 'STAT', 'TEXT', 'PBMD']","[468502519162439601, 468502519163456285, 468502519162946512, 468502519162329576, 468502519163328467]","[0.7411714792251587, 0.7734302878379822, 0.7579807043075562, 0.7412188053131104, 0.7549359798431396]"
359.0,MEDMCQA,1.5934747352730483e-05,0.9998666048049927,6.338405000860803e-06,0.00011104199074907228,1,6.2184178829193115,False,"['PBMD', 'STAT', 'PBMD', 'PBMD', 'PBMD']","[468502519163724775, 468502519162746222, 468502519163041103, 468502519163519607, 468502519163967379]","[0.7424135804176331, 0.7640860676765442, 0.7402475476264954, 0.7474714517593384, 0.7680658102035522]"
360.0,MEDMCQA,3.32125709974207e-05,0.9999178647994995,1.3419091374089476e-05,3.535459836712107e-05,1,4.2000486850738525,False,"['STAT', 'PBMD', 'STAT', 'PBMD', 'PBMD']","[468502519162480767, 468502519163378539, 468502519162487080, 468502519163373935, 468502519163148588]","[0.7600414752960205, 0.7347633838653564, 0.7293331623077393, 0.7275184988975525, 0.7228342890739441]"
361.0,MEDMCQA,6.048847808415303e-06,9.080396011995617e-06,2.601577079985873e-06,0.9999822378158569,3,5.058957099914551,False,"['STAT', 'STAT', 'STAT', 'STAT', 'STAT']","[468502519162788367, 468502519162457942, 468502519162788368, 468502519162956107, 468502519162457943]","[0.7541735768318176, 0.7728334069252014, 0.7383241653442383, 0.7483677268028259, 0.7352480888366699]"
362.0,MEDMCQA,1.32118557303329e-05,0.9999790191650391,5.255313226371072e-06,2.482434183548321e-06,0,6.5937676429748535,False,"['STAT', 'PBMD', 'PBMD', 'STAT', 'STAT']","[468502519162726058, 468502519163023967, 468502519163430541, 468502519162772678, 468502519162772676]","[0.7407733798027039, 0.756009578704834, 0.7375026345252991, 0.7316750288009644, 0.7367130517959595]"
363.0,MEDMCQA,3.822879079962149e-05,0.9999533891677856,2.1906841993768467e-06,6.143925929791294e-06,1,5.872866153717041,False,"['PBMD', 'STAT', 'STAT', 'STAT', 'STAT']","[468502519163219470, 468502519162698077, 468502519162446429, 468502519162983140, 468502519162983123]","[0.7979798316955566, 0.7845636010169983, 0.8115096092224121, 0.7863309383392334, 0.7852945923805237]"
364.0,MEDMCQA,6.30223294137977e-05,0.9998534917831421,2.057751771644689e-06,8.139781857607886e-05,3,4.927607536315918,False,"['STAT', 'STAT', 'PBMD', 'PBMD', 'TEXT']","[468502519162752752, 468502519162752757, 468502519163521154, 468502519162993274, 468502519162306040]","[0.788556694984436, 0.7840743064880371, 0.7750106453895569, 0.776940107345581, 0.7837600708007812]"
365.0,MEDMCQA,3.719757296494208e-05,7.410977104882477e-06,3.668699719128199e-06,0.9999517202377319,3,6.613317966461182,False,"['PBMD', 'PBMD', 'PBMD', 'PBMD', 'PBMD']","[468502519163325768, 468502519163618180, 468502519163920753, 468502519163116406, 468502519163573330]","[0.7498729825019836, 0.7674410343170166, 0.75826495885849, 0.7653627395629883, 0.7469436526298523]"
366.0,MEDMCQA,2.0462430256884545e-05,0.9999550580978394,3.288612106189248e-06,2.1111978639964946e-05,1,8.537693977355957,False,"['TEXT', 'TEXT', 'PBMD', 'PBMD', 'PBMD']","[468502519162397594, 468502519162397543, 468502519163226297, 468502519163248264, 468502519163479247]","[0.7772921323776245, 0.7879664897918701, 0.7813459634780884, 0.7785947918891907, 0.780969500541687]"
367.0,MEDMCQA,5.421665719040902e-06,7.311003719223663e-05,0.9998925924301147,2.8854850825155154e-05,2,3.568373203277588,False,"['STAT', 'STAT', 'STAT', 'PBMD', 'STAT']","[468502519162860730, 468502519162860728, 468502519162827163, 468502519163176781, 468502519162774108]","[0.7542234063148499, 0.7519078254699707, 0.7516535520553589, 0.760444700717926, 0.7371459603309631]"
368.0,MEDMCQA,0.9999363422393799,5.829095243825577e-05,3.5761328831540595e-07,5.053769655205542e-06,1,5.102426290512085,False,"['STAT', 'STAT', 'STAT', 'PBMD', 'PBMD']","[468502519162883381, 468502519162738577, 468502519162713303, 468502519163394902, 468502519163964303]","[0.7957807183265686, 0.7889592051506042, 0.757853627204895, 0.7814947962760925, 0.7753663063049316]"
369.0,MEDMCQA,0.9999295473098755,5.1040915423072875e-05,8.139185410982464e-06,1.1300139703962486e-05,0,6.33469295501709,False,"['PBMD', 'PBMD', 'STAT', 'PBMD', 'PBMD']","[468502519163841018, 468502519163298709, 468502519162889149, 468502519163997009, 468502519163777676]","[0.7665051817893982, 0.7572635412216187, 0.751728892326355, 0.7635974287986755, 0.7517396211624146]"
370.0,MEDMCQA,0.9999632835388184,1.5689220163039863e-05,1.994660578930052e-06,1.892481122922618e-05,0,4.430079698562622,False,"['STAT', 'STAT', 'STAT', 'STAT', 'STAT']","[468502519162783940, 468502519162730000, 468502519162967881, 468502519162739820, 468502519162865368]","[0.7637038826942444, 0.7851060628890991, 0.7764676213264465, 0.7603195905685425, 0.771277666091919]"
371.0,MEDMCQA,2.6272382456227206e-05,0.999882698059082,5.433022670331411e-05,3.676167398225516e-05,1,5.1953160762786865,False,"['STAT', 'PBMD', 'TEXT', 'PBMD', 'PBMD']","[468502519162969410, 468502519163494565, 468502519162358038, 468502519163773161, 468502519163787059]","[0.7356820106506348, 0.7384372353553772, 0.7259506583213806, 0.7412841320037842, 0.74063640832901]"
372.0,MEDMCQA,5.475676880450919e-05,1.892343243525829e-05,0.9998904466629028,3.591036511352286e-05,3,5.522950887680054,False,"['TEXT', 'PBMD', 'PBMD', 'STAT', 'STAT']","[468502519162311462, 468502519163931826, 468502519163713974, 468502519162787539, 468502519162733964]","[0.8512512445449829, 0.7778514623641968, 0.8022956848144531, 0.791623055934906, 0.7662896513938904]"
373.0,MEDMCQA,7.265813195544979e-08,1.0467395838986704e-08,3.92786148495361e-07,0.9999995231628418,2,10.325525760650635,False,"['TEXT', 'PBMD', 'PBMD', 'STAT', 'PBMD']","[468502519162418377, 468502519163970092, 468502519163345673, 468502519162477757, 468502519163708699]","[0.6797245740890503, 0.6868266463279724, 0.6818062663078308, 0.6784677505493164, 0.678246021270752]"
374.0,MEDMCQA,0.9995012283325195,3.881325028487481e-05,1.5681971490266733e-05,0.00044419412733986974,2,4.522913694381714,False,"['PBMD', 'STAT', 'STAT', 'STAT', 'STAT']","[468502519163606434, 468502519162926281, 468502519162735199, 468502519162735196, 468502519162735201]","[0.6818027496337891, 0.6841787695884705, 0.678941011428833, 0.6791397333145142, 0.683718204498291]"
375.0,MEDMCQA,0.0003022272721864283,0.9684430360794067,0.001082003815099597,0.030172763392329216,1,3.3645060062408447,False,"['STAT', 'STAT', 'PBMD', 'PBMD', 'STAT']","[468502519162990116, 468502519162990150, 468502519163072055, 468502519163965692, 468502519162990103]","[0.7928439378738403, 0.7762253880500793, 0.770078182220459, 0.7696087956428528, 0.792048454284668]"
376.0,MEDMCQA,0.0005012656911276281,0.00016971633885987103,4.680745769292116e-05,0.99928218126297,0,5.808398723602295,False,"['STAT', 'PBMD', 'PBMD', 'PBMD', 'PBMD']","[468502519162771862, 468502519163571372, 468502519163582355, 468502519163285817, 468502519163532018]","[0.7894552946090698, 0.7655572295188904, 0.7630799412727356, 0.7608146667480469, 0.7622964382171631]"
377.0,MEDMCQA,9.368546670884825e-06,0.9999724626541138,1.2098338402211084e-06,1.6964246242423542e-05,2,6.71565580368042,False,"['PBMD', 'PBMD', 'PBMD', 'PBMD', 'PBMD']","[468502519163118838, 468502519163122717, 468502519163706739, 468502519163118784, 468502519163132372]","[0.7046071887016296, 0.7139698266983032, 0.7088221311569214, 0.7074466943740845, 0.7060915231704712]"
378.0,MEDMCQA,4.682078360929154e-05,0.00016993052850011736,0.9995667338371277,0.00021649710834026337,2,5.90509033203125,False,"['PBMD', 'PBMD', 'PBMD', 'PBMD', 'PBMD']","[468502519163723198, 468502519163434202, 468502519163122943, 468502519163875359, 468502519163121503]","[0.7475200891494751, 0.7735495567321777, 0.7673085927963257, 0.7593683004379272, 0.7476431131362915]"
379.0,MEDMCQA,0.08268092572689056,0.00012875357060693204,6.986552034504712e-05,0.9171204566955566,3,4.307348251342773,False,"['TEXT', 'STAT', 'PBMD', 'PBMD', 'PBMD']","[468502519162386620, 468502519162975568, 468502519163741677, 468502519163118954, 468502519163434676]","[0.7297652363777161, 0.7189505100250244, 0.7205544114112854, 0.7304449677467346, 0.7266027927398682]"
380.0,MEDMCQA,7.5279099291947205e-06,7.411200840579113e-06,3.187517677361029e-06,0.9999818801879883,3,7.2581703662872314,False,"['STAT', 'STAT', 'STAT', 'STAT', 'STAT']","[468502519162469088, 468502519162469090, 468502519162933402, 468502519162469094, 468502519162469093]","[0.7859124541282654, 0.7329649925231934, 0.737501323223114, 0.7777466773986816, 0.7651885151863098]"
381.0,MEDMCQA,0.9999315738677979,4.647337846108712e-05,2.4059436327661388e-06,1.952492857526522e-05,0,6.47294020652771,False,"['PBMD', 'TEXT', 'PBMD', 'PBMD', 'PBMD']","[468502519163772890, 468502519162373878, 468502519163715217, 468502519163667055, 468502519163743293]","[0.7684612274169922, 0.7698664665222168, 0.7696366310119629, 0.7604495882987976, 0.7689180374145508]"
382.0,MEDMCQA,6.591560577362543e-06,2.4490618670824915e-05,1.873817268460698e-06,0.999967098236084,3,3.35145902633667,False,"['STAT', 'STAT', 'STAT', 'STAT', 'STAT']","[468502519162799934, 468502519162989716, 468502519162908759, 468502519162934396, 468502519162913113]","[0.7398266196250916, 0.7397180199623108, 0.8183396458625793, 0.7447418570518494, 0.7434501051902771]"
383.0,MEDMCQA,0.00014817857299931347,0.0062884194776415825,8.75360710779205e-05,0.9934758543968201,1,6.7692296504974365,False,"['STAT', 'TEXT', 'STAT', 'TEXT', 'PBMD']","[468502519162915520, 468502519162377301, 468502519162801190, 468502519162326056, 468502519163211075]","[0.807938814163208, 0.8017529845237732, 0.8091233968734741, 0.7992652058601379, 0.8132830858230591]"
384.0,MEDMCQA,0.14090131223201752,0.03143933042883873,0.8108310699462891,0.0168282613158226,2,10.320295572280884,False,"['PBMD', 'PBMD', 'PBMD', 'PBMD', 'PBMD']","[468502519163726244, 468502519163114816, 468502519163700795, 468502519163434931, 468502519163122222]","[0.7305088639259338, 0.7306870222091675, 0.7334173321723938, 0.7333619594573975, 0.7405073642730713]"
385.0,MEDMCQA,0.999646782875061,7.19588715583086e-05,2.110547029587906e-05,0.0002601481101009995,3,6.07956075668335,False,"['PBMD', 'PBMD', 'PBMD', 'PBMD', 'PBMD']","[468502519163322589, 468502519163011680, 468502519163065727, 468502519163448955, 468502519163109406]","[0.7641621232032776, 0.7695908546447754, 0.774621307849884, 0.7715764045715332, 0.7774962186813354]"
386.0,MEDMCQA,0.9999033212661743,2.7106914785690606e-05,4.029082901979564e-06,6.553611456183717e-05,1,7.49516224861145,False,"['PBMD', 'PBMD', 'PBMD', 'PBMD', 'PBMD']","[468502519163532641, 468502519163642966, 468502519163754804, 468502519163955737, 468502519163671290]","[0.761619508266449, 0.7863858342170715, 0.7866097688674927, 0.7607018351554871, 0.7611389756202698]"
387.0,MEDMCQA,9.222859262081329e-06,2.0784034859389067e-05,0.9999245405197144,4.539650399237871e-05,2,5.677672386169434,False,"['PBMD', 'PBMD', 'TEXT', 'TEXT', 'PBMD']","[468502519163869057, 468502519163526930, 468502519162321237, 468502519162380197, 468502519163626670]","[0.7766541242599487, 0.7769416570663452, 0.7861217260360718, 0.7653768658638, 0.761864960193634]"
388.0,MEDMCQA,3.877891504089348e-05,1.9196955690858886e-05,0.9986170530319214,0.0013249455951154232,3,5.390907287597656,False,"['STAT', 'STAT', 'PBMD', 'STAT', 'PBMD']","[468502519162713137, 468502519162948598, 468502519163434807, 468502519162933286, 468502519163121315]","[0.7551330327987671, 0.7449865341186523, 0.7504726648330688, 0.7497219443321228, 0.7440575957298279]"
389.0,MEDMCQA,1.8630746126291342e-05,3.6477227695286274e-05,0.9999276399612427,1.7230622688657604e-05,2,3.8248491287231445,False,"['STAT', 'STAT', 'TEXT', 'PBMD', 'STAT']","[468502519162863326, 468502519162872287, 468502519162390175, 468502519163393683, 468502519162924870]","[0.7752635478973389, 0.7912440896034241, 0.7949337959289551, 0.7612329125404358, 0.778576135635376]"
390.0,MEDMCQA,0.9999539852142334,1.0782931894937064e-05,3.0893618259142386e-06,3.2191888749366626e-05,0,6.109435796737671,False,"['STAT', 'TEXT', 'TEXT', 'PBMD', 'PBMD']","[468502519162886665, 468502519162362285, 468502519162362791, 468502519163679736, 468502519163568203]","[0.723490297794342, 0.694209098815918, 0.6931527256965637, 0.6975954174995422, 0.6961353421211243]"
391.0,MEDMCQA,0.9974992871284485,5.906459773541428e-05,7.392801308014896e-06,0.002434220165014267,0,6.013548374176025,False,"['STAT', 'TEXT', 'STAT', 'TEXT', 'STAT']","[468502519162485313, 468502519162418074, 468502519162485348, 468502519162366143, 468502519162851642]","[0.7522072792053223, 0.777511715888977, 0.7504593133926392, 0.7493742108345032, 0.7713831663131714]"
392.0,MEDMCQA,0.9999393224716187,1.0615603059704881e-05,7.2959896897373255e-06,4.2813615436898544e-05,0,6.712905168533325,False,"['STAT', 'STAT', 'PBMD', 'TEXT', 'TEXT']","[468502519162694760, 468502519162428753, 468502519163160268, 468502519162388047, 468502519162307400]","[0.8054035902023315, 0.7537752985954285, 0.8085448145866394, 0.755724310874939, 0.7515556216239929]"
393.0,MEDMCQA,0.9999576807022095,1.1935662769246846e-05,9.721144351715338e-07,2.948340625152923e-05,0,6.670444488525391,False,"['STAT', 'STAT', 'STAT', 'PBMD', 'PBMD']","[468502519162893240, 468502519162893228, 468502519162933333, 468502519163538604, 468502519163901640]","[0.7771530747413635, 0.8089027404785156, 0.7958976030349731, 0.766960859298706, 0.7388228178024292]"
394.0,MEDMCQA,1.709727985144127e-05,8.20336390461307e-06,3.3930587051145267e-06,0.9999712705612183,0,5.721338510513306,False,"['PBMD', 'TEXT', 'PBMD', 'PBMD', 'PBMD']","[468502519163541463, 468502519162318800, 468502519163969712, 468502519163756456, 468502519163122378]","[0.7532163858413696, 0.7588866353034973, 0.7496058344841003, 0.7575982213020325, 0.7472871541976929]"
395.0,MEDMCQA,0.0021822266280651093,0.00016437715385109186,6.000038774800487e-05,0.997593343257904,3,5.079434156417847,False,"['STAT', 'PBMD', 'TEXT', 'STAT', 'PBMD']","[468502519162715209, 468502519163911140, 468502519162353503, 468502519162695430, 468502519163339194]","[0.7675952315330505, 0.7629033923149109, 0.7646408081054688, 0.7730098962783813, 0.7625743746757507]"
396.0,MEDMCQA,3.822388680418953e-05,0.9998250603675842,7.410038506350247e-06,0.000129309730255045,1,7.1350274085998535,False,"['PBMD', 'STAT', 'STAT', 'STAT', 'STAT']","[468502519163110493, 468502519162893227, 468502519162893229, 468502519162422478, 468502519162933333]","[0.7601783275604248, 0.7594647407531738, 0.7600813508033752, 0.7564653754234314, 0.7590227723121643]"
397.0,MEDMCQA,0.0002491998311597854,0.00010281591676175594,2.8399743314366788e-05,0.9996196031570435,3,6.374845266342163,False,"['STAT', 'PBMD', 'TEXT', 'PBMD', 'STAT']","[468502519162900057, 468502519163923294, 468502519162395484, 468502519163466609, 468502519162781638]","[0.7726447582244873, 0.7859365940093994, 0.7753900289535522, 0.7754330635070801, 0.7739925980567932]"
398.0,MEDMCQA,0.9999781847000122,1.7366643078275956e-05,1.0676807278287015e-06,3.340477405799902e-06,1,5.014043807983398,False,"['PBMD', 'PBMD', 'PBMD', 'PBMD', 'PBMD']","[468502519163915456, 468502519163668075, 468502519163671015, 468502519163757207, 468502519163384160]","[0.7399813532829285, 0.741765022277832, 0.7614973187446594, 0.7412719130516052, 0.7450643181800842]"
399.0,MEDMCQA,5.593611149379285e-06,2.354998105147388e-05,0.9998644590377808,0.0001063714807969518,2,4.182485103607178,False,"['TEXT', 'STAT', 'TEXT', 'TEXT', 'STAT']","[468502519162306097, 468502519162486158, 468502519162296978, 468502519162296966, 468502519162910614]","[0.7455320358276367, 0.7553117275238037, 0.7444089651107788, 0.7837375402450562, 0.77802574634552]"
400.0,MEDMCQA,1.8331315004616044e-05,6.972426490392536e-05,0.9993504881858826,0.0005614293040707707,2,5.604773998260498,False,"['STAT', 'PBMD', 'PBMD', 'PBMD', 'PBMD']","[468502519162457943, 468502519163142990, 468502519163573684, 468502519163550455, 468502519163420712]","[0.7264940142631531, 0.7102442383766174, 0.7236825227737427, 0.7095033526420593, 0.7122425436973572]"
401.0,MEDMCQA,0.00013548786228056997,0.9996215105056763,6.203085649758577e-05,0.0001809000241337344,0,7.222827911376953,False,"['PBMD', 'PBMD', 'TEXT', 'PBMD', 'PBMD']","[468502519163322436, 468502519163203033, 468502519162387996, 468502519163584613, 468502519163184537]","[0.7964993715286255, 0.7965248227119446, 0.7934930920600891, 0.7992697358131409, 0.7960069179534912]"
402.0,MEDMCQA,0.00047223837464116514,0.00017594636301510036,0.00015167523815762252,0.999200165271759,2,7.827497243881226,False,"['TEXT', 'PBMD', 'PBMD', 'PBMD', 'PBMD']","[468502519162298999, 468502519163405070, 468502519163581271, 468502519163507592, 468502519163614088]","[0.7515287399291992, 0.7559693455696106, 0.7309281229972839, 0.7445992231369019, 0.7315284013748169]"
403.0,MEDMCQA,0.00012146593508077785,9.646353282732889e-05,0.9997482895851135,3.3729873393895105e-05,0,4.41460919380188,False,"['PBMD', 'PBMD', 'STAT', 'PBMD', 'PBMD']","[468502519163026055, 468502519163756762, 468502519162980282, 468502519163218522, 468502519163507623]","[0.7280563116073608, 0.7128887176513672, 0.7264537215232849, 0.7202988266944885, 0.7180970311164856]"
404.0,MEDMCQA,0.9998767375946045,2.6478279323782772e-05,7.182426543295151e-06,8.957486716099083e-05,0,5.16848349571228,False,"['TEXT', 'STAT', 'PBMD', 'PBMD', 'TEXT']","[468502519162385035, 468502519162915894, 468502519163201855, 468502519163743434, 468502519162340834]","[0.7301830053329468, 0.729795515537262, 0.7308070063591003, 0.7310851812362671, 0.7329609394073486]"
405.0,MEDMCQA,0.999962568283081,2.796903754642699e-05,6.083366201892204e-07,8.80084826349048e-06,0,3.5961906909942627,False,"['TEXT', 'STAT', 'TEXT', 'TEXT', 'STAT']","[468502519162390175, 468502519162924870, 468502519162390179, 468502519162390173, 468502519162872287]","[0.7975228428840637, 0.7665408849716187, 0.7668966054916382, 0.7485963702201843, 0.7993436455726624]"
406.0,MEDMCQA,7.934080485938466e-07,9.421954132449173e-07,5.144212627783418e-05,0.9999468326568604,3,10.296489715576172,False,"['PBMD', 'PBMD', 'PBMD', 'PBMD', 'PBMD']","[468502519163232102, 468502519163073874, 468502519163353320, 468502519163329258, 468502519163774144]","[0.7807174921035767, 0.7752286791801453, 0.7657164335250854, 0.7638345956802368, 0.7700241208076477]"
407.0,MEDMCQA,3.844917046080809e-06,3.3405221984139644e-06,1.2482619240472559e-06,0.9999915361404419,0,7.058200120925903,False,"['STAT', 'STAT', 'STAT', 'TEXT', 'STAT']","[468502519162705585, 468502519162465328, 468502519162437054, 468502519162296475, 468502519162831061]","[0.7907357811927795, 0.8124228715896606, 0.7759281992912292, 0.7893884181976318, 0.811926007270813]"
408.0,MEDMCQA,0.0007585707353428006,0.0013004927895963192,0.9956225752830505,0.0023183790035545826,1,7.105846881866455,False,"['STAT', 'STAT', 'PBMD', 'PBMD', 'PBMD']","[468502519162759879, 468502519162421197, 468502519163958111, 468502519163897868, 468502519163780773]","[0.6966289281845093, 0.6973787546157837, 0.7236934900283813, 0.7195964455604553, 0.7027701139450073]"
409.0,MEDMCQA,1.4307238060951022e-08,6.412059860849695e-08,1.2751903000207676e-07,0.9999997615814209,0,10.231807708740234,False,"['TEXT', 'TEXT', 'PBMD', 'STAT', 'TEXT']","[468502519162318761, 468502519162318765, 468502519163114624, 468502519162868391, 468502519162318764]","[0.7033109664916992, 0.7337438464164734, 0.7056182622909546, 0.7033767104148865, 0.7179355621337891]"
410.0,MEDMCQA,0.9983174800872803,0.001648426754400134,1.8131698880097247e-06,3.23912754538469e-05,0,4.106531858444214,False,"['STAT', 'STAT', 'TEXT', 'PBMD', 'STAT']","[468502519162755045, 468502519162930212, 468502519162297331, 468502519163456887, 468502519162449223]","[0.8058721423149109, 0.8010660409927368, 0.7644965648651123, 0.7736347317695618, 0.7685075402259827]"
411.0,MEDMCQA,3.5006967209483264e-06,0.9999514818191528,3.0893540952092735e-06,4.198603346594609e-05,1,6.4978086948394775,False,"['STAT', 'PBMD', 'PBMD', 'PBMD', 'PBMD']","[468502519162975704, 468502519163651974, 468502519163748279, 468502519163432834, 468502519163373974]","[0.8101460933685303, 0.8333008289337158, 0.8177021145820618, 0.8234823346138, 0.8205821514129639]"
412.0,MEDMCQA,3.494192424113862e-05,2.586539812909905e-05,4.36561276728753e-05,0.9998955726623535,0,5.021313667297363,False,"['STAT', 'PBMD', 'PBMD', 'PBMD', 'PBMD']","[468502519162981768, 468502519163135754, 468502519163261133, 468502519163165994, 468502519163333525]","[0.7546089887619019, 0.7748373746871948, 0.7613711357116699, 0.7577985525131226, 0.7653624415397644]"
413.0,MEDMCQA,1.0589969861030113e-05,0.9975247979164124,1.127296309277881e-05,0.0024533746764063835,3,8.124298334121704,False,"['STAT', 'PBMD', 'PBMD', 'PBMD', 'PBMD']","[468502519162855804, 468502519163676081, 468502519163635429, 468502519163116308, 468502519163399818]","[0.8198057413101196, 0.8045517206192017, 0.8074066638946533, 0.8155503273010254, 0.806807279586792]"
414.0,MEDMCQA,1.0949478564725723e-05,4.197363887215033e-05,0.9996563196182251,0.00029078632360324264,2,6.003408670425415,False,"['PBMD', 'PBMD', 'PBMD', 'STAT', 'PBMD']","[468502519163620883, 468502519163115024, 468502519163432427, 468502519162420395, 468502519163433520]","[0.7111327052116394, 0.711122453212738, 0.7140064239501953, 0.7073150873184204, 0.7233046889305115]"
415.0,MEDMCQA,4.610194082488306e-05,0.9997195601463318,1.568539664731361e-05,0.00021854838996659964,1,5.3898656368255615,False,"['STAT', 'STAT', 'STAT', 'STAT', 'STAT']","[468502519162918470, 468502519162947244, 468502519162429888, 468502519162863365, 468502519162913153]","[0.8418696522712708, 0.8223602771759033, 0.8161846399307251, 0.7950191497802734, 0.8325979709625244]"
416.0,MEDMCQA,4.888296416538651e-07,1.0845159295058693e-06,2.496697391052294e-07,0.9999982118606567,3,5.0355024337768555,False,"['STAT', 'STAT', 'STAT', 'PBMD', 'STAT']","[468502519162945089, 468502519162747617, 468502519162945075, 468502519163619557, 468502519162959767]","[0.7183561325073242, 0.7254217863082886, 0.7149757742881775, 0.745585560798645, 0.7184648513793945]"
417.0,MEDMCQA,4.2227252379234415e-06,1.5325886124628596e-05,0.9999701976776123,1.0289312740496825e-05,2,5.533508062362671,False,"['STAT', 'STAT', 'TEXT', 'TEXT', 'TEXT']","[468502519162847292, 468502519162707521, 468502519162317744, 468502519162398521, 468502519162317743]","[0.8082475662231445, 0.8015076518058777, 0.7770710587501526, 0.8016954660415649, 0.8037664890289307]"
418.0,MEDMCQA,6.707546708639711e-05,6.203466182341799e-05,0.9996827840805054,0.0001881177886389196,3,5.639564037322998,False,"['TEXT', 'PBMD', 'TEXT', 'TEXT', 'PBMD']","[468502519162394659, 468502519163081132, 468502519162353951, 468502519162401128, 468502519163188377]","[0.8074543476104736, 0.819516658782959, 0.8121055960655212, 0.8211374282836914, 0.8208316564559937]"
419.0,MEDMCQA,0.0021770948078483343,0.002143342047929764,0.7997037172317505,0.19597582519054413,1,4.161355495452881,False,"['PBMD', 'PBMD', 'PBMD', 'PBMD', 'PBMD']","[468502519163346605, 468502519163461373, 468502519163646212, 468502519163241950, 468502519163220304]","[0.7876348495483398, 0.7618571519851685, 0.7500094175338745, 0.7614073157310486, 0.7491418123245239]"
420.0,MEDMCQA,2.2120069843367673e-05,4.068503767484799e-05,0.999724805355072,0.00021234324958641082,2,6.162452697753906,False,"['PBMD', 'PBMD', 'PBMD', 'STAT', 'PBMD']","[468502519163434424, 468502519163433406, 468502519163666307, 468502519162443095, 468502519163119840]","[0.7516030073165894, 0.7508229613304138, 0.7418092489242554, 0.7489892244338989, 0.7464468479156494]"
421.0,MEDMCQA,3.219209247617982e-05,0.9999603033065796,2.156735718017444e-06,5.422033154900419e-06,1,4.2164812088012695,False,"['PBMD', 'PBMD', 'PBMD', 'PBMD', 'PBMD']","[468502519163445111, 468502519163434278, 468502519163433643, 468502519163116896, 468502519163735385]","[0.7412525415420532, 0.7648366689682007, 0.7463498115539551, 0.7519988417625427, 0.7557697892189026]"
422.0,MEDMCQA,8.527748832420912e-06,5.389702710090205e-05,0.9996898174285889,0.00024776134523563087,2,4.27705979347229,False,"['PBMD', 'PBMD', 'PBMD', 'PBMD', 'PBMD']","[468502519163645357, 468502519163266853, 468502519163793055, 468502519163254184, 468502519163303849]","[0.7688772082328796, 0.7625061273574829, 0.7477693557739258, 0.7468618154525757, 0.7540730237960815]"
423.0,MEDMCQA,2.3551277990918607e-05,3.0240438718465157e-05,0.9999195337295532,2.6687093850341626e-05,2,4.137785911560059,False,"['STAT', 'STAT', 'TEXT', 'PBMD', 'STAT']","[468502519162895536, 468502519162755421, 468502519162331092, 468502519163514987, 468502519162935199]","[0.7692425847053528, 0.7663501501083374, 0.791182279586792, 0.7668978571891785, 0.7731260657310486]"
424.0,MEDMCQA,4.860368335357634e-06,0.9999786615371704,1.5293827573259478e-06,1.4854483197268564e-05,1,3.8257579803466797,False,"['STAT', 'STAT', 'STAT', 'TEXT', 'TEXT']","[468502519162776368, 468502519162950659, 468502519162756279, 468502519162370735, 468502519162373595]","[0.8302028179168701, 0.8126187324523926, 0.7808916568756104, 0.8129198551177979, 0.7870858907699585]"
425.0,MEDMCQA,7.408719102386385e-05,0.0001618212991161272,0.9975475668907166,0.0022164899855852127,0,5.693627595901489,False,"['STAT', 'STAT', 'PBMD', 'STAT', 'STAT']","[468502519162897376, 468502519162897372, 468502519163720047, 468502519162897377, 468502519162897373]","[0.7424042224884033, 0.7501699328422546, 0.7181636095046997, 0.7534476518630981, 0.7388677597045898]"
426.0,MEDMCQA,3.22547675750684e-05,9.590521585778333e-06,6.0015950111846905e-06,0.9999521970748901,3,6.689121723175049,False,"['TEXT', 'PBMD', 'TEXT', 'TEXT', 'TEXT']","[468502519162363412, 468502519163621511, 468502519162363284, 468502519162363397, 468502519162363505]","[0.812584400177002, 0.7947475910186768, 0.8029226064682007, 0.8437470197677612, 0.8050958514213562]"
427.0,MEDMCQA,0.9974967837333679,0.0009989994578063488,6.189900886965916e-05,0.0014422241365537047,1,4.995197534561157,False,"['PBMD', 'PBMD', 'PBMD', 'PBMD', 'PBMD']","[468502519163113691, 468502519163134044, 468502519163627357, 468502519163617047, 468502519163134043]","[0.6516983509063721, 0.6569004654884338, 0.6802815198898315, 0.6919237375259399, 0.661946713924408]"
428.0,MEDMCQA,2.9944185371277854e-06,5.5943105508049484e-06,1.9033682292501908e-06,0.9999895095825195,3,5.349977493286133,False,"['STAT', 'STAT', 'PBMD', 'STAT', 'STAT']","[468502519162847719, 468502519162426939, 468502519163859159, 468502519162771542, 468502519162861798]","[0.784511148929596, 0.7865140438079834, 0.7742741107940674, 0.7917920351028442, 0.7908719778060913]"
429.0,MEDMCQA,0.0005241449689492583,0.0004625562869478017,0.9989926218986511,2.0764664441230707e-05,2,4.4128429889678955,False,"['STAT', 'PBMD', 'STAT', 'TEXT', 'TEXT']","[468502519162958530, 468502519163705886, 468502519162420707, 468502519162318688, 468502519162317076]","[0.7049725651741028, 0.7205436825752258, 0.721592128276825, 0.7099540829658508, 0.7093138098716736]"
430.0,MEDMCQA,6.339126230159309e-06,0.9999803304672241,2.6425407213537255e-06,1.078321656677872e-05,1,5.735995292663574,False,"['STAT', 'STAT', 'PBMD', 'PBMD', 'PBMD']","[468502519162421637, 468502519162806556, 468502519163772407, 468502519163772433, 468502519163710815]","[0.7344314455986023, 0.7648215889930725, 0.7445567846298218, 0.7313429713249207, 0.7551474571228027]"
431.0,MEDMCQA,2.355000833631493e-05,6.604762893402949e-05,0.9998656511306763,4.469006307772361e-05,2,6.003670692443848,False,"['STAT', 'PBMD', 'STAT', 'PBMD', 'PBMD']","[468502519162699722, 468502519163820684, 468502519162897394, 468502519163011387, 468502519163708841]","[0.765339732170105, 0.7823306322097778, 0.7612029314041138, 0.7625608444213867, 0.7959734797477722]"
432.0,MEDMCQA,0.25,0.25,0.25,0.25,1,10.272748231887817,True,"['PBMD', 'TEXT', 'PBMD', 'PBMD', 'TEXT']","[468502519163529487, 468502519162317418, 468502519163428841, 468502519163169382, 468502519162398031]","[0.6982631087303162, 0.6938664317131042, 0.6906020045280457, 0.6981564164161682, 0.7107526659965515]"
433.0,MEDMCQA,0.00018108042422682047,0.9986660480499268,6.29474816378206e-05,0.0010899238986894488,2,4.3090174198150635,False,"['TEXT', 'TEXT', 'TEXT', 'TEXT', 'TEXT']","[468502519162321200, 468502519162321353, 468502519162321440, 468502519162321561, 468502519162321675]","[0.6673744320869446, 0.6673744320869446, 0.6673744320869446, 0.6673744320869446, 0.6673744320869446]"
434.0,MEDMCQA,6.6432189669285435e-06,0.9999610185623169,4.78493075206643e-06,2.753537592070643e-05,1,4.984227895736694,False,"['PBMD', 'PBMD', 'STAT', 'PBMD', 'PBMD']","[468502519163117658, 468502519163116313, 468502519162856767, 468502519163074024, 468502519163612695]","[0.7690688371658325, 0.7619731426239014, 0.7615694999694824, 0.760687530040741, 0.7652000188827515]"
435.0,MEDMCQA,0.9999897480010986,7.646517588000279e-06,2.457968832914048e-07,2.406083694950212e-06,0,4.770618438720703,False,"['TEXT', 'STAT', 'STAT', 'STAT', 'STAT']","[468502519162346815, 468502519162810912, 468502519162985874, 468502519162962114, 468502519162770584]","[0.7527635097503662, 0.7377316951751709, 0.7509424090385437, 0.7581212520599365, 0.7588145732879639]"
436.0,MEDMCQA,1.1124464435852133e-05,2.127609695889987e-05,0.999886155128479,8.140047430060804e-05,2,5.088888168334961,False,"['PBMD', 'STAT', 'STAT', 'STAT', 'PBMD']","[468502519163587218, 468502519162949435, 468502519162913212, 468502519162756857, 468502519163237985]","[0.7012000679969788, 0.7015018463134766, 0.702297568321228, 0.7183100581169128, 0.7132477760314941]"
437.0,MEDMCQA,1.5935916962916963e-05,3.426760667935014e-05,9.817833415581845e-06,0.9999399185180664,0,3.3576056957244873,False,"['PBMD', 'PBMD', 'STAT', 'STAT', 'STAT']","[468502519163223118, 468502519163542951, 468502519162717591, 468502519162816128, 468502519162709804]","[0.5915385484695435, 0.596255362033844, 0.5870783925056458, 0.5870783925056458, 0.5870783925056458]"
438.0,MEDMCQA,0.00045985396718606353,0.0008802455849945545,0.9959486126899719,0.0027113473042845726,2,4.573871612548828,False,"['STAT', 'STAT', 'STAT', 'STAT', 'STAT']","[468502519162840378, 468502519162832524, 468502519162829898, 468502519162968367, 468502519162886954]","[0.7987651228904724, 0.7714900970458984, 0.7834810018539429, 0.7965219020843506, 0.7671911716461182]"
439.0,MEDMCQA,4.3310170440236107e-05,0.0001263050507986918,0.9997519850730896,7.842458580853418e-05,2,6.367002964019775,False,"['STAT', 'STAT', 'STAT', 'STAT', 'STAT']","[468502519162951363, 468502519162771264, 468502519162944760, 468502519162927699, 468502519162944758]","[0.7640341520309448, 0.7988778352737427, 0.7576800584793091, 0.7992159128189087, 0.7976553440093994]"
440.0,MEDMCQA,0.9997814297676086,5.390196747612208e-05,2.045887777057942e-05,0.00014424914843402803,0,6.136128902435303,False,"['STAT', 'STAT', 'PBMD', 'PBMD', 'PBMD']","[468502519162809461, 468502519162852738, 468502519163763119, 468502519163878921, 468502519163674725]","[0.7136298418045044, 0.720837414264679, 0.7415704131126404, 0.7098577618598938, 0.7310905456542969]"
441.0,MEDMCQA,0.022105181589722633,0.16333641111850739,0.7792344689369202,0.03532397747039795,0,10.22711181640625,False,"['PBMD', 'PBMD', 'PBMD', 'PBMD', 'PBMD']","[468502519163771944, 468502519163639950, 468502519163469692, 468502519163465642, 468502519163880574]","[0.8240243792533875, 0.8145396113395691, 0.7878172993659973, 0.7902078628540039, 0.8013238310813904]"
442.0,MEDMCQA,0.99985671043396,2.5663115593488328e-05,5.093001163913868e-06,0.00011245957284700125,3,4.195763826370239,False,"['TEXT', 'STAT', 'PBMD', 'STAT', 'PBMD']","[468502519162372614, 468502519162960204, 468502519163554918, 468502519162862047, 468502519163037747]","[0.7566987872123718, 0.8048121333122253, 0.7929094433784485, 0.7670516967773438, 0.7769712209701538]"
443.0,MEDMCQA,2.902285814343486e-06,0.9999880790710449,4.888246394330054e-07,8.53029268910177e-06,1,4.981691837310791,False,"['PBMD', 'PBMD', 'PBMD', 'PBMD', 'PBMD']","[468502519163191484, 468502519163116151, 468502519163116511, 468502519163114485, 468502519163611422]","[0.758452832698822, 0.7397874593734741, 0.7420147657394409, 0.7322733402252197, 0.7489809393882751]"
444.0,MEDMCQA,1.8737969185167458e-06,0.9999562501907349,2.331977839276078e-06,3.944241689168848e-05,2,6.0426859855651855,False,"['STAT', 'STAT', 'STAT', 'STAT', 'STAT']","[468502519162977880, 468502519162965246, 468502519162821712, 468502519162944500, 468502519162922216]","[0.7317538857460022, 0.7435397505760193, 0.7317107915878296, 0.7309837341308594, 0.7348336577415466]"
445.0,MEDMCQA,0.9999951124191284,3.1381414373754524e-06,1.1610685390905928e-07,1.6536843077119556e-06,0,8.141753673553467,False,"['PBMD', 'PBMD', 'PBMD', 'PBMD', 'PBMD']","[468502519163477525, 468502519163477524, 468502519163533638, 468502519163749690, 468502519163528073]","[0.816887378692627, 0.7976159453392029, 0.7841953635215759, 0.8137874007225037, 0.8021149039268494]"
446.0,MEDMCQA,8.34802704048343e-05,0.999724805355072,2.7102076273877174e-05,0.0001647283643251285,1,5.602534294128418,False,"['PBMD', 'PBMD', 'PBMD', 'PBMD', 'PBMD']","[468502519163699017, 468502519163990472, 468502519163514501, 468502519163740703, 468502519163741900]","[0.7198736071586609, 0.7072643041610718, 0.7067795991897583, 0.7151709794998169, 0.6936265826225281]"
447.0,MEDMCQA,1.8326452845940366e-05,0.9990854263305664,6.333453256957e-06,0.0008899435633793473,1,4.903234243392944,False,"['TEXT', 'TEXT', 'PBMD', 'TEXT', 'STAT']","[468502519162385071, 468502519162379987, 468502519163109231, 468502519162379945, 468502519162450899]","[0.7774657011032104, 0.764365553855896, 0.7586608529090881, 0.8131415247917175, 0.7687283754348755]"
448.0,MEDMCQA,2.9770824767183512e-05,5.828844223287888e-05,1.8630105842021294e-05,0.999893307685852,3,5.772736549377441,False,"['TEXT', 'PBMD', 'PBMD', 'PBMD', 'PBMD']","[468502519162382245, 468502519163379490, 468502519163042298, 468502519163286695, 468502519163866360]","[0.8383910655975342, 0.8447786569595337, 0.8272219300270081, 0.8388824462890625, 0.829837441444397]"
449.0,MEDMCQA,8.139174497046042e-06,2.111141111527104e-05,0.9999281167984009,4.2646221118047833e-05,2,5.973822355270386,False,"['TEXT', 'PBMD', 'PBMD', 'PBMD', 'PBMD']","[468502519162391512, 468502519163112155, 468502519163731972, 468502519163466697, 468502519163823388]","[0.776313066482544, 0.7471379041671753, 0.7432010769844055, 0.7495285272598267, 0.7448268532752991]"
450.0,MEDMCQA,1.1300352525722701e-05,1.9525257812347263e-05,0.9999483823776245,2.078452962450683e-05,0,5.309845685958862,False,"['STAT', 'PBMD', 'STAT', 'STAT', 'PBMD']","[468502519162949452, 468502519163638954, 468502519162699823, 468502519162717052, 468502519163661594]","[0.7420337200164795, 0.7417392134666443, 0.7529762387275696, 0.7557589411735535, 0.7442752718925476]"
451.0,MEDMCQA,7.967068086145446e-05,0.9998910427093506,5.0535404625406954e-06,2.435757778584957e-05,0,3.3243539333343506,False,"['PBMD', 'PBMD', 'PBMD', 'PBMD', 'PBMD']","[468502519163322548, 468502519163223315, 468502519163902192, 468502519163165472, 468502519163143768]","[0.7204116582870483, 0.7584578990936279, 0.7257638573646545, 0.7180555462837219, 0.7177726030349731]"
452.0,MEDMCQA,5.594299636868527e-06,4.289298431103816e-06,2.521548594813794e-06,0.9999876022338867,0,5.920864820480347,False,"['STAT', 'STAT', 'STAT', 'STAT', 'STAT']","[468502519162431924, 468502519162431930, 468502519162431928, 468502519162431939, 468502519162431931]","[0.7842742800712585, 0.7840647101402283, 0.7872490286827087, 0.7504733204841614, 0.7811181545257568]"
453.0,MEDMCQA,3.288702373538399e-06,5.594270987785421e-06,8.664576853334438e-06,0.999982476234436,1,10.213868618011475,False,"['TEXT', 'STAT', 'STAT', 'STAT', 'STAT']","[468502519162295316, 468502519162717595, 468502519162787160, 468502519162758962, 468502519162787158]","[0.7546921372413635, 0.7575479745864868, 0.7834175825119019, 0.7619816064834595, 0.749584972858429]"
454.0,MEDMCQA,4.09251742894412e-06,0.9998997449874878,3.4462450457795057e-06,9.273683826904744e-05,3,4.824951410293579,False,"['STAT', 'STAT', 'PBMD', 'STAT', 'PBMD']","[468502519162784236, 468502519162900510, 468502519163705265, 468502519162953901, 468502519163787059]","[0.7732327580451965, 0.775642991065979, 0.7581708431243896, 0.7680692076683044, 0.7984952926635742]"
455.0,MEDMCQA,5.771088126493851e-06,2.0782485080417246e-05,0.9998500347137451,0.00012339129170868546,1,8.769273042678833,False,"['PBMD', 'PBMD', 'PBMD', 'PBMD', 'STAT']","[468502519163116233, 468502519163743325, 468502519163115437, 468502519163760504, 468502519162798212]","[0.7474880218505859, 0.7314016819000244, 0.7487453818321228, 0.7467461228370667, 0.7456997036933899]"
456.0,MEDMCQA,4.165140853729099e-05,0.00015295081539079547,0.9997621178627014,4.331060699769296e-05,2,5.383693695068359,False,"['PBMD', 'PBMD', 'STAT', 'PBMD', 'PBMD']","[468502519163716464, 468502519163529487, 468502519162477383, 468502519163924703, 468502519163163659]","[0.7748256921768188, 0.756860613822937, 0.7483155727386475, 0.78687584400177, 0.748113751411438]"
457.0,MEDMCQA,0.9999943971633911,4.637869096768554e-06,4.592111793044751e-07,5.203544901632995e-07,0,3.9134063720703125,False,"['PBMD', 'STAT', 'PBMD', 'PBMD', 'PBMD']","[468502519163574238, 468502519162472274, 468502519163658295, 468502519163691571, 468502519163240617]","[0.7447935342788696, 0.7652563452720642, 0.744827926158905, 0.7553232312202454, 0.7652830481529236]"
458.0,MEDMCQA,0.0007427609525620937,0.0012909177457913756,0.9960434436798096,0.0019228162709623575,2,5.193972587585449,False,"['PBMD', 'PBMD', 'PBMD', 'PBMD', 'PBMD']","[468502519163148214, 468502519163616953, 468502519163913892, 468502519163836781, 468502519163658860]","[0.7876527309417725, 0.8063852787017822, 0.7970297336578369, 0.7964192628860474, 0.7706614136695862]"
459.0,MEDMCQA,9.874614761429257e-07,1.6797285979919252e-06,6.681498803118302e-07,0.9999966621398926,3,3.3898723125457764,False,"['PBMD', 'PBMD', 'PBMD', 'PBMD', 'PBMD']","[468502519163803865, 468502519163803863, 468502519163069699, 468502519163568891, 468502519163813062]","[0.7710715532302856, 0.7812711000442505, 0.7598797082901001, 0.8083842992782593, 0.7541811466217041]"
460.0,MEDMCQA,1.2606370546563994e-05,0.9999417066574097,2.331943960598437e-06,4.331838863436133e-05,1,6.293521404266357,False,"['PBMD', 'PBMD', 'PBMD', 'PBMD', 'PBMD']","[468502519163760654, 468502519163814059, 468502519163735016, 468502519163554585, 468502519163960938]","[0.8465396165847778, 0.8092824816703796, 0.8139873147010803, 0.8024358153343201, 0.8116263747215271]"
461.0,MEDMCQA,2.406059593340615e-06,0.9999797344207764,1.9637684545159573e-06,1.5936549971229397e-05,1,2.4755847454071045,False,"['STAT', 'STAT', 'STAT', 'STAT', 'PBMD']","[468502519162953278, 468502519162942955, 468502519162942954, 468502519162953277, 468502519163431377]","[0.8086881637573242, 0.7762953639030457, 0.7721545100212097, 0.7650669813156128, 0.7837344408035278]"
462.0,MEDMCQA,1.7880570339912083e-06,3.5008456507057417e-06,6.276670774241211e-07,0.9999940395355225,3,4.622765064239502,False,"['PBMD', 'PBMD', 'TEXT', 'PBMD', 'STAT']","[468502519163708444, 468502519163926759, 468502519162375523, 468502519163868068, 468502519162477840]","[0.7818843126296997, 0.7744058966636658, 0.7602683901786804, 0.7560804486274719, 0.775654673576355]"
463.0,MEDMCQA,8.152059308486059e-05,0.9994077682495117,3.5893030144507065e-05,0.0004748802457470447,3,6.563515663146973,False,"['PBMD', 'STAT', 'STAT', 'STAT', 'STAT']","[468502519163622722, 468502519162893225, 468502519162713168, 468502519162892500, 468502519162713166]","[0.7641647458076477, 0.7845049500465393, 0.7545511722564697, 0.7605360746383667, 0.7552253007888794]"
464.0,MEDMCQA,0.0050929333083331585,0.001436527818441391,0.9858251214027405,0.007645398378372192,2,6.475172281265259,False,"['PBMD', 'PBMD', 'PBMD', 'PBMD', 'PBMD']","[468502519163927941, 468502519163779241, 468502519163737427, 468502519163323036, 468502519163530256]","[0.7441959381103516, 0.7526533603668213, 0.7117564082145691, 0.7338346242904663, 0.7438055276870728]"
465.0,MEDMCQA,9.910757944453508e-05,0.00033007864840328693,0.9994454979896545,0.00012528371007647365,0,8.196996450424194,False,"['STAT', 'TEXT', 'TEXT', 'TEXT', 'TEXT']","[468502519162490542, 468502519162405073, 468502519162405084, 468502519162405218, 468502519162404441]","[0.6943642497062683, 0.6775512099266052, 0.6741093397140503, 0.6744306087493896, 0.6905586123466492]"
466.0,MEDMCQA,8.45782196847722e-05,0.00035888038109987974,0.9971701502799988,0.002386350417509675,2,4.48561954498291,False,"['PBMD', 'PBMD', 'PBMD', 'PBMD', 'PBMD']","[468502519163960091, 468502519163925561, 468502519163114718, 468502519163777969, 468502519163860560]","[0.721078097820282, 0.7237238883972168, 0.7191896438598633, 0.7295324802398682, 0.7223920822143555]"
467.0,MEDMCQA,0.9999246597290039,1.1478035048639867e-05,1.9636602246464463e-06,6.192860018927604e-05,0,5.418983221054077,False,"['STAT', 'STAT', 'STAT', 'STAT', 'STAT']","[468502519162698368, 468502519162858971, 468502519162977401, 468502519162698369, 468502519162436076]","[0.7707881331443787, 0.7958155870437622, 0.7929523587226868, 0.7752824425697327, 0.7761286497116089]"
468.0,MEDMCQA,0.9998483657836914,0.0001229100307682529,1.568741754454095e-05,1.3005324944970198e-05,0,4.008996486663818,False,"['STAT', 'PBMD', 'TEXT', 'STAT', 'TEXT']","[468502519162904536, 468502519163480389, 468502519162409155, 468502519162445465, 468502519162318616]","[0.8060467839241028, 0.762962818145752, 0.7953492999076843, 0.800731897354126, 0.7777751684188843]"
469.0,MEDMCQA,5.255242285784334e-06,0.9999655485153198,4.4950465962756425e-06,2.4682662115083076e-05,1,4.107346773147583,False,"['PBMD', 'PBMD', 'PBMD', 'PBMD', 'PBMD']","[468502519163552047, 468502519163639347, 468502519163190017, 468502519163146924, 468502519163308585]","[0.6820683479309082, 0.6825186014175415, 0.6979842185974121, 0.6793732047080994, 0.6833990216255188]"
470.0,MEDMCQA,0.999932050704956,5.909311948926188e-05,9.131935598816199e-07,7.827397894288879e-06,1,4.943885803222656,False,"['PBMD', 'TEXT', 'PBMD', 'PBMD', 'PBMD']","[468502519163620126, 468502519162382998, 468502519163374174, 468502519163238504, 468502519163302510]","[0.7677618861198425, 0.7251573801040649, 0.7228508591651917, 0.7272573709487915, 0.7617671489715576]"
471.0,MEDMCQA,2.1611842385027558e-05,5.297000097925775e-05,7.0713676905143075e-06,0.9999183416366577,1,5.3269593715667725,False,"['PBMD', 'PBMD', 'PBMD', 'PBMD', 'PBMD']","[468502519163049636, 468502519163572194, 468502519163115125, 468502519163159661, 468502519163882065]","[0.7965997457504272, 0.739962100982666, 0.7391304969787598, 0.7552897334098816, 0.742870569229126]"
472.0,MEDMCQA,3.807929533650167e-05,1.4396922779269516e-05,6.048600880603772e-06,0.9999414682388306,3,5.726497411727905,False,"['STAT', 'TEXT', 'PBMD', 'TEXT', 'PBMD']","[468502519162719964, 468502519162317277, 468502519163041221, 468502519162317278, 468502519163081922]","[0.7557987570762634, 0.7863142490386963, 0.7770328521728516, 0.7525322437286377, 0.7496192455291748]"
473.0,MEDMCQA,0.25,0.25,0.25,0.25,1,10.599632024765015,True,"['STAT', 'PBMD', 'PBMD', 'PBMD', 'PBMD']","[468502519162842417, 468502519163543052, 468502519163634584, 468502519163795182, 468502519163421044]","[0.7894330620765686, 0.7581279873847961, 0.7622546553611755, 0.751733124256134, 0.7628905773162842]"
474.0,MEDMCQA,6.2407489167526364e-06,0.9999645948410034,3.2886434837564593e-06,2.5867182557703927e-05,1,6.408155918121338,False,"['STAT', 'TEXT', 'TEXT', 'PBMD', 'STAT']","[468502519162452225, 468502519162326094, 468502519162340397, 468502519163580134, 468502519162695566]","[0.8035067319869995, 0.7920018434524536, 0.7925416231155396, 0.7930882573127747, 0.8024137616157532]"
475.0,MEDMCQA,3.6118531170359347e-06,0.9999604225158691,2.2602400804316858e-06,3.3737029298208654e-05,1,5.222928285598755,False,"['STAT', 'PBMD', 'PBMD', 'PBMD', 'PBMD']","[468502519162990902, 468502519163590911, 468502519163585639, 468502519163906380, 468502519163839029]","[0.7896978259086609, 0.798966646194458, 0.7832769155502319, 0.7942507863044739, 0.7870811820030212]"
476.0,MEDMCQA,4.222647021379089e-06,0.9999516010284424,2.2602200715482468e-06,4.19860371039249e-05,0,7.204648733139038,False,"['PBMD', 'PBMD', 'PBMD', 'PBMD', 'PBMD']","[468502519163535877, 468502519163921078, 468502519163873655, 468502519163617038, 468502519163618117]","[0.7470138072967529, 0.7720595598220825, 0.7480300068855286, 0.7447595596313477, 0.7677057981491089]"
477.0,MEDMCQA,4.33163731941022e-05,4.006109884358011e-05,2.144316204066854e-05,0.9998952150344849,2,7.770482301712036,False,"['PBMD', 'PBMD', 'PBMD', 'PBMD', 'PBMD']","[468502519163162855, 468502519163174558, 468502519163435746, 468502519163570976, 468502519163029373]","[0.7775698304176331, 0.7511277198791504, 0.7650031447410583, 0.7625340223312378, 0.7760921716690063]"
478.0,MEDMCQA,1.0451449270476587e-05,6.240845777938375e-06,3.187511993019143e-06,0.999980092048645,3,8.302652597427368,False,"['PBMD', 'PBMD', 'PBMD', 'PBMD', 'PBMD']","[468502519163115386, 468502519163715890, 468502519163777327, 468502519163743350, 468502519163038031]","[0.8001171350479126, 0.7718446254730225, 0.7702313661575317, 0.7778886556625366, 0.7896485328674316]"
479.0,MEDMCQA,4.006087328889407e-05,0.999889612197876,7.295627256098669e-06,6.302460678853095e-05,1,6.8308703899383545,False,"['STAT', 'PBMD', 'STAT', 'PBMD', 'PBMD']","[468502519162871646, 468502519163863665, 468502519162757686, 468502519163786664, 468502519163786660]","[0.8147799372673035, 0.8019959330558777, 0.7968895435333252, 0.8014981746673584, 0.8051324486732483]"
480.0,MEDMCQA,9.570816246196046e-07,8.851558277456206e-07,3.576352867185051e-07,0.9999978542327881,3,4.549741744995117,False,"['STAT', 'STAT', 'STAT', 'TEXT', 'STAT']","[468502519162879414, 468502519162887880, 468502519162887878, 468502519162296624, 468502519162887866]","[0.7672034502029419, 0.7863522171974182, 0.7626169323921204, 0.757080078125, 0.7596692442893982]"
481.0,MEDMCQA,0.9854362607002258,0.012798583135008812,0.00027192526613362134,0.0014931634068489075,0,5.8141748905181885,False,"['PBMD', 'PBMD', 'PBMD', 'PBMD', 'PBMD']","[468502519163726900, 468502519163708856, 468502519163140793, 468502519163571955, 468502519163708868]","[0.7323634624481201, 0.719534695148468, 0.7283081412315369, 0.7224265933036804, 0.7083418965339661]"
482.0,MEDMCQA,5.014590897189919e-06,0.9999662637710571,2.4824025786074344e-06,2.6274577976437286e-05,1,2.3244028091430664,False,"['PBMD', 'PBMD', 'PBMD', 'PBMD', 'PBMD']","[468502519163973469, 468502519163342442, 468502519163116252, 468502519163433962, 468502519163431826]","[0.7668743133544922, 0.7463064789772034, 0.7555314302444458, 0.7994515299797058, 0.7607207298278809]"
483.0,MEDMCQA,0.999976634979248,1.750282353896182e-05,1.4823255014562164e-06,4.42540704170824e-06,0,3.852736711502075,False,"['TEXT', 'PBMD', 'STAT', 'PBMD', 'STAT']","[468502519162297546, 468502519163743583, 468502519162895595, 468502519163085129, 468502519162737839]","[0.7416003346443176, 0.7257536053657532, 0.7476235628128052, 0.7292860150337219, 0.7379398941993713]"
484.0,MEDMCQA,8.232955650555596e-08,9.930840860761236e-08,0.9999643564224243,3.5356242733541876e-05,3,10.265769481658936,False,"['STAT', 'STAT', 'STAT', 'TEXT', 'TEXT']","[468502519162948142, 468502519162821513, 468502519162840182, 468502519162296081, 468502519162356260]","[0.807559609413147, 0.7862024903297424, 0.7888294458389282, 0.7902313470840454, 0.8139589428901672]"
485.0,MEDMCQA,6.962131465115817e-06,1.3419858987617772e-05,4.495089797273977e-06,0.9999750852584839,0,10.095549583435059,False,"['PBMD', 'PBMD', 'PBMD', 'PBMD', 'PBMD']","[468502519163910248, 468502519163683454, 468502519163914600, 468502519163613962, 468502519163691785]","[0.790219247341156, 0.7614811658859253, 0.7547173500061035, 0.7543978691101074, 0.7487939596176147]"
486.0,MEDMCQA,0.00022777821868658066,8.716484444448724e-05,0.0001043863594532013,0.9995806813240051,2,4.930665731430054,False,"['TEXT', 'PBMD', 'PBMD', 'STAT', 'PBMD']","[468502519162361257, 468502519163415370, 468502519163203904, 468502519162874983, 468502519163497572]","[0.7502307891845703, 0.7507851719856262, 0.7507731914520264, 0.7622027397155762, 0.7565816640853882]"
487.0,MEDMCQA,0.9998307228088379,9.689636499388143e-05,2.64770624198718e-05,4.592731420416385e-05,0,5.842100381851196,False,"['STAT', 'TEXT', 'TEXT', 'STAT', 'STAT']","[468502519162424365, 468502519162328134, 468502519162387831, 468502519162933369, 468502519162420373]","[0.810128927230835, 0.7814502716064453, 0.7732642292976379, 0.7990304827690125, 0.8068796396255493]"
488.0,MEDMCQA,0.9986838698387146,0.00025686962180770934,7.834079588064924e-05,0.0009808428585529327,3,5.7579076290130615,False,"['PBMD', 'PBMD', 'PBMD', 'PBMD', 'PBMD']","[468502519163432229, 468502519163432970, 468502519163924757, 468502519163432310, 468502519163321246]","[0.6924301385879517, 0.6957036852836609, 0.6936936378479004, 0.6902392506599426, 0.705066978931427]"
489.0,MEDMCQA,8.748331310926005e-05,0.0001258045231224969,0.9996875524520874,9.913158282870427e-05,0,3.4502241611480713,False,"['STAT', 'PBMD', 'PBMD', 'PBMD', 'STAT']","[468502519162868391, 468502519163538896, 468502519163530474, 468502519163927077, 468502519162726898]","[0.7903308868408203, 0.8160632252693176, 0.7622025012969971, 0.7809345722198486, 0.7367105484008789]"
490.0,MEDMCQA,0.9999642372131348,2.586717346275691e-05,1.2482278179959394e-06,8.66441860125633e-06,0,3.385874032974243,False,"['PBMD', 'STAT', 'STAT', 'STAT', 'PBMD']","[468502519163266911, 468502519162976926, 468502519162751171, 468502519162736602, 468502519163296721]","[0.7736791968345642, 0.7859668731689453, 0.7769896388053894, 0.7820389270782471, 0.779983639717102]"
491.0,MEDMCQA,0.9909536838531494,0.00039631302934139967,7.652924978174269e-05,0.00857342965900898,0,6.604898452758789,False,"['STAT', 'PBMD', 'PBMD', 'PBMD', 'STAT']","[468502519162448615, 468502519163632123, 468502519163928971, 468502519163694710, 468502519162916918]","[0.6844528913497925, 0.7166523337364197, 0.6895756125450134, 0.7008339762687683, 0.6838266849517822]"
492.0,MEDMCQA,5.14348030264955e-05,0.9998044371604919,9.664312528911978e-06,0.00013445808144751936,0,6.061031103134155,False,"['PBMD', 'PBMD', 'PBMD', 'PBMD', 'PBMD']","[468502519163967745, 468502519163689929, 468502519163954436, 468502519163304396, 468502519163699233]","[0.7248865365982056, 0.7222684621810913, 0.7320619225502014, 0.7535681128501892, 0.7199994325637817]"
493.0,MEDMCQA,0.25,0.25,0.25,0.25,1,10.091077089309692,True,"['PBMD', 'PBMD', 'PBMD', 'PBMD', 'PBMD']","[468502519163914194, 468502519163895648, 468502519163618141, 468502519163622971, 468502519163703237]","[0.7894574403762817, 0.7681931853294373, 0.7386768460273743, 0.7434496879577637, 0.7124264240264893]"
494.0,MEDMCQA,0.00011634612747002393,0.9996528625488281,7.6152769906912e-05,0.00015473683015443385,2,4.0253965854644775,False,"['PBMD', 'PBMD', 'PBMD', 'PBMD', 'PBMD']","[468502519163924327, 468502519163435258, 468502519163114051, 468502519163792582, 468502519163431970]","[0.7573947310447693, 0.7490261793136597, 0.7727698087692261, 0.7767913341522217, 0.7414734363555908]"
495.0,MEDMCQA,6.643180768151069e-06,2.1111984096933156e-05,1.6963955204118975e-05,0.9999552965164185,3,6.497772693634033,False,"['TEXT', 'PBMD', 'PBMD', 'PBMD', 'PBMD']","[468502519162388921, 468502519163792541, 468502519163993254, 468502519163071663, 468502519163015466]","[0.7204268574714661, 0.7194787859916687, 0.7145103812217712, 0.726376473903656, 0.7228033542633057]"
496.0,MEDMCQA,0.9999563694000244,1.4854152141197119e-05,1.9637225250335177e-06,2.679253157111816e-05,0,4.366124153137207,False,"['STAT', 'TEXT', 'PBMD', 'STAT', 'TEXT']","[468502519162794609, 468502519162331092, 468502519163170453, 468502519162935199, 468502519162393495]","[0.7528036236763, 0.7744309902191162, 0.7475815415382385, 0.7503661513328552, 0.750505805015564]"
497.0,MEDMCQA,4.565938070300035e-06,5.3381222642201465e-06,1.7061663584172493e-06,0.9999884366989136,1,5.913279056549072,False,"['PBMD', 'STAT', 'STAT', 'PBMD', 'PBMD']","[468502519163944110, 468502519162929503, 468502519162785769, 468502519163118606, 468502519163204234]","[0.8258962035179138, 0.831830620765686, 0.8300139307975769, 0.8050613403320312, 0.8194364309310913]"
498.0,MEDMCQA,5.216783029027283e-05,0.9983318448066711,1.831263034546282e-05,0.0015977328876033425,1,6.500446796417236,False,"['PBMD', 'PBMD', 'PBMD', 'PBMD', 'PBMD']","[468502519163902912, 468502519163150976, 468502519163133219, 468502519163448801, 468502519163432660]","[0.7188833355903625, 0.6964681148529053, 0.6984768509864807, 0.7119547724723816, 0.7019498348236084]"
499.0,MEDMCQA,6.47592855784751e-07,2.225277967227157e-06,7.811460704942874e-07,0.9999963045120239,3,4.0520782470703125,False,"['STAT', 'STAT', 'STAT', 'STAT', 'STAT']","[468502519162928964, 468502519162928969, 468502519162436998, 468502519162427315, 468502519162928965]","[0.8081074357032776, 0.7422212958335876, 0.720914900302887, 0.7183796167373657, 0.7478834986686707]"
500.0,MEDMCQA,0.00029813728178851306,0.999231219291687,7.24931014701724e-05,0.000398065458284691,0,9.278102397918701,False,"['PBMD', 'PBMD', 'PBMD', 'PBMD', 'PBMD']","[468502519163432799, 468502519163363183, 468502519163530805, 468502519163248117, 468502519163123027]","[0.7085094451904297, 0.7132651805877686, 0.7139506340026855, 0.7305271625518799, 0.7480417490005493]"
501.0,MEDMCQA,0.9999551773071289,3.5007096812478267e-06,3.9053238651831634e-06,3.748944800463505e-05,0,7.204899549484253,False,"['STAT', 'STAT', 'STAT', 'STAT', 'TEXT']","[468502519162880907, 468502519162492275, 468502519162439996, 468502519162818681, 468502519162329181]","[0.7913482189178467, 0.8079846501350403, 0.8045798540115356, 0.7966542840003967, 0.8019037842750549]"
502.0,MEDMCQA,1.8161942989536328e-06,0.9999827146530151,5.043389705861046e-07,1.4971048585721292e-05,1,4.871206760406494,False,"['STAT', 'STAT', 'STAT', 'STAT', 'STAT']","[468502519162459830, 468502519162920069, 468502519162459817, 468502519162897926, 468502519162897923]","[0.7445898056030273, 0.7403571605682373, 0.7524219751358032, 0.7582331895828247, 0.7451353073120117]"
503.0,MEDMCQA,2.5854735213215463e-05,0.00046823869342915714,0.9994833469390869,2.246298208774533e-05,2,4.359147310256958,False,"['PBMD', 'TEXT', 'PBMD', 'PBMD', 'PBMD']","[468502519163854092, 468502519162380857, 468502519163720368, 468502519163759314, 468502519163736101]","[0.8326835632324219, 0.8339881896972656, 0.8651052117347717, 0.8115655183792114, 0.8180223703384399]"
504.0,MEDMCQA,5.7380704674869776e-05,0.9998225569725037,3.792632924159989e-05,8.219406299758703e-05,3,5.2836456298828125,False,"['PBMD', 'PBMD', 'PBMD', 'PBMD', 'PBMD']","[468502519163122703, 468502519163652493, 468502519163875360, 468502519163871783, 468502519163674071]","[0.8126870393753052, 0.793197512626648, 0.798214316368103, 0.7989530563354492, 0.8057853579521179]"
505.0,MEDMCQA,9.22339859243948e-06,4.356825229479e-06,3.3930987228814047e-06,0.9999830722808838,0,5.7410125732421875,False,"['PBMD', 'STAT', 'TEXT', 'STAT', 'STAT']","[468502519163322431, 468502519162817517, 468502519162326808, 468502519162735842, 468502519162860022]","[0.7971069812774658, 0.7915675044059753, 0.8328098058700562, 0.8097925782203674, 0.8168210387229919]"
506.0,MEDMCQA,0.999924898147583,2.8408416255842894e-05,1.300632084166864e-05,3.373583240318112e-05,2,6.414786338806152,False,"['TEXT', 'TEXT', 'STAT', 'PBMD', 'PBMD']","[468502519162368259, 468502519162368369, 468502519162438174, 468502519163034213, 468502519163625011]","[0.7726922035217285, 0.7900573015213013, 0.773948073387146, 0.7917491793632507, 0.7732610702514648]"
507.0,MEDMCQA,0.9999524354934692,4.002428977400996e-05,1.529342625872232e-06,5.954891548753949e-06,0,3.8108301162719727,False,"['PBMD', 'STAT', 'PBMD', 'PBMD', 'PBMD']","[468502519163174289, 468502519162952016, 468502519163038041, 468502519163146155, 468502519163926070]","[0.7775390148162842, 0.754267692565918, 0.7938808798789978, 0.7805881500244141, 0.7865511178970337]"
508.0,MEDMCQA,1.0511472510188469e-06,1.392543822476e-06,9.422423659088963e-07,0.9999966621398926,3,6.2186198234558105,False,"['STAT', 'PBMD', 'PBMD', 'STAT', 'PBMD']","[468502519162769395, 468502519163176337, 468502519163188556, 468502519162759655, 468502519163416752]","[0.757524311542511, 0.747360348701477, 0.747586727142334, 0.7694659233093262, 0.7451186180114746]"
509.0,MEDMCQA,0.9993612170219421,7.2502538387198e-05,1.7767511963029392e-05,0.0005484297289513052,2,7.044728755950928,False,"['STAT', 'PBMD', 'PBMD', 'PBMD', 'PBMD']","[468502519162447533, 468502519163704709, 468502519163288119, 468502519163141324, 468502519163965056]","[0.7955142259597778, 0.7618546485900879, 0.7693402767181396, 0.7670111060142517, 0.7794370055198669]"
510.0,MEDMCQA,1.5206134776235558e-05,2.1781783289043233e-05,0.9999383687973022,2.468199272698257e-05,2,6.784154653549194,False,"['PBMD', 'PBMD', 'PBMD', 'PBMD', 'PBMD']","[468502519163062985, 468502519163582365, 468502519163193938, 468502519163488007, 468502519163213710]","[0.8050879240036011, 0.7645555138587952, 0.8152807950973511, 0.7994930148124695, 0.7801167964935303]"
511.0,MEDMCQA,0.9999263286590576,4.1984978452092037e-05,6.853859304101206e-06,2.4875274903024547e-05,0,6.244029760360718,False,"['STAT', 'STAT', 'STAT', 'STAT', 'STAT']","[468502519162424367, 468502519162716975, 468502519162487342, 468502519162915560, 468502519162420351]","[0.7936505079269409, 0.8045998215675354, 0.7671798467636108, 0.7704480886459351, 0.8271927237510681]"
512.0,MEDMCQA,8.267742487078067e-06,7.18313913239399e-06,8.664520464662928e-06,0.9999759197235107,0,6.48604941368103,False,"['PBMD', 'PBMD', 'PBMD', 'STAT', 'PBMD']","[468502519163756332, 468502519163005590, 468502519163678769, 468502519162833992, 468502519163443334]","[0.7318755388259888, 0.752781331539154, 0.7354947924613953, 0.7378095388412476, 0.7360672950744629]"
513.0,MEDMCQA,1.944970790646039e-05,0.999977707862854,6.681372042294242e-07,2.1907374048169004e-06,1,4.724929332733154,False,"['TEXT', 'STAT', 'STAT', 'PBMD', 'STAT']","[468502519162344659, 468502519162925232, 468502519162860047, 468502519163710356, 468502519162806254]","[0.8182078003883362, 0.8117626905441284, 0.8118956089019775, 0.7938323020935059, 0.8025612235069275]"
514.0,MEDMCQA,0.99998939037323,7.469383490388282e-06,3.4662909342841886e-07,2.7264488835498923e-06,0,4.729287624359131,False,"['STAT', 'TEXT', 'TEXT', 'TEXT', 'TEXT']","[468502519162989715, 468502519162316902, 468502519162304177, 468502519162304110, 468502519162304113]","[0.7695097327232361, 0.7890455722808838, 0.7818434238433838, 0.7812983989715576, 0.7838223576545715]"
515.0,MEDMCQA,8.267801604233682e-06,6.43897010377259e-06,2.2602912395086605e-06,0.9999830722808838,3,5.445831537246704,False,"['STAT', 'STAT', 'TEXT', 'STAT', 'TEXT']","[468502519162896174, 468502519162860295, 468502519162377264, 468502519162818209, 468502519162370942]","[0.7750852704048157, 0.7794323563575745, 0.793167769908905, 0.7762565612792969, 0.7782707214355469]"
516.0,MEDMCQA,0.9999561309814453,2.7320960725774057e-05,6.276433168750373e-07,1.5936175259412266e-05,0,4.079086065292358,False,"['TEXT', 'STAT', 'TEXT', 'STAT', 'STAT']","[468502519162381239, 468502519162889262, 468502519162298897, 468502519162943722, 468502519162919673]","[0.773086428642273, 0.7615652084350586, 0.7724350690841675, 0.785283088684082, 0.7544786334037781]"
517.0,MEDMCQA,5.0935896069859155e-06,0.9999722242355347,4.637766323867254e-06,1.8058342902804725e-05,1,7.5931220054626465,False,"['STAT', 'PBMD', 'PBMD', 'PBMD', 'PBMD']","[468502519162771344, 468502519163277048, 468502519163736721, 468502519163772924, 468502519163217625]","[0.8173206448554993, 0.8071211576461792, 0.7684279084205627, 0.7598294615745544, 0.7859508395195007]"
518.0,MEDMCQA,8.990931519292644e-07,1.8162180595027166e-06,1.4823540368524846e-06,0.9999958276748657,3,4.480633497238159,False,"['STAT', 'TEXT', 'TEXT', 'STAT', 'PBMD']","[468502519162437626, 468502519162327807, 468502519162363096, 468502519162859695, 468502519163030096]","[0.7938461899757385, 0.7520458698272705, 0.8098907470703125, 0.7717335224151611, 0.7564986944198608]"
519.0,MEDMCQA,5.8245830587111413e-05,0.9991623163223267,6.151985871838406e-05,0.0007179437670856714,1,5.174179315567017,False,"['STAT', 'PBMD', 'PBMD', 'PBMD', 'PBMD']","[468502519162858499, 468502519163405959, 468502519163821979, 468502519163485496, 468502519163177438]","[0.8449836373329163, 0.8181043267250061, 0.8257554769515991, 0.8123063445091248, 0.807833194732666]"
520.0,MEDMCQA,0.9996846914291382,3.095030115218833e-05,1.2801599950762466e-05,0.0002715802693273872,2,8.36065125465393,False,"['PBMD', 'PBMD', 'PBMD', 'PBMD', 'PBMD']","[468502519163275263, 468502519163108421, 468502519163109239, 468502519163320924, 468502519163009798]","[0.832321047782898, 0.8250872492790222, 0.8279268145561218, 0.8199586868286133, 0.8211754560470581]"
521.0,MEDMCQA,3.4995462101505836e-06,1.3840974133927375e-05,0.9996228218078613,0.0003597631002776325,2,4.244685888290405,False,"['PBMD', 'STAT', 'PBMD', 'PBMD', 'PBMD']","[468502519163305736, 468502519162968878, 468502519163450413, 468502519163081616, 468502519163075243]","[0.7856592535972595, 0.7885676622390747, 0.7814921140670776, 0.7802327871322632, 0.7942333221435547]"
522.0,MEDMCQA,2.536016268095409e-07,4.965278890267655e-07,4.81251333894761e-07,0.9999988079071045,3,4.444274425506592,False,"['PBMD', 'PBMD', 'PBMD', 'PBMD', 'STAT']","[468502519163833864, 468502519163587714, 468502519163854229, 468502519163648273, 468502519162903463]","[0.7692576050758362, 0.7731237411499023, 0.8204317688941956, 0.7683125734329224, 0.7608845233917236]"
523.0,MEDMCQA,0.9999446868896484,2.9969256502226926e-05,7.888887921581045e-06,1.7502265109214932e-05,0,7.005522966384888,False,"['PBMD', 'STAT', 'PBMD', 'PBMD', 'PBMD']","[468502519163616164, 468502519162451485, 468502519163115260, 468502519163927015, 468502519163436286]","[0.8088658452033997, 0.8083171844482422, 0.8098345994949341, 0.8269878625869751, 0.7861671447753906]"
524.0,MEDMCQA,0.05586789920926094,0.10116369277238846,0.07173580676317215,0.771232545375824,3,4.714982748031616,False,"['PBMD', 'PBMD', 'TEXT', 'STAT', 'TEXT']","[468502519163206432, 468502519163444729, 468502519162297694, 468502519162989808, 468502519162348286]","[0.7228369116783142, 0.7004154324531555, 0.6946372389793396, 0.6914786696434021, 0.6982933282852173]"
525.0,MEDMCQA,1.9818444343400188e-05,6.810073682572693e-05,0.99922776222229,0.0006842758157290518,1,5.470907688140869,False,"['PBMD', 'PBMD', 'PBMD', 'PBMD', 'PBMD']","[468502519163123199, 468502519163171888, 468502519163927017, 468502519163119882, 468502519163123635]","[0.7405223250389099, 0.7530809640884399, 0.7399892807006836, 0.7614989280700684, 0.7409353852272034]"
526.0,MEDMCQA,7.483371155103669e-05,0.9997579455375671,0.00010888240649364889,5.82805514568463e-05,0,10.252914428710938,False,"['PBMD', 'PBMD', 'PBMD', 'PBMD', 'PBMD']","[468502519163645350, 468502519163324862, 468502519163038894, 468502519163435039, 468502519163115148]","[0.7327027916908264, 0.7365128993988037, 0.7344158887863159, 0.7323659658432007, 0.7320832014083862]"
527.0,MEDMCQA,0.9999343156814575,2.9082377295708284e-05,6.540050435432931e-06,3.0005548978806473e-05,0,5.395716667175293,False,"['PBMD', 'STAT', 'STAT', 'PBMD', 'PBMD']","[468502519163115687, 468502519162814614, 468502519162849513, 468502519163434068, 468502519163654278]","[0.7636027336120605, 0.7735867500305176, 0.7538266181945801, 0.7576832175254822, 0.7641350030899048]"
528.0,MEDMCQA,0.0011694383574649692,4.917245314572938e-05,1.2299903573875781e-05,0.9987691044807434,3,5.117536544799805,False,"['STAT', 'TEXT', 'PBMD', 'PBMD', 'PBMD']","[468502519162773281, 468502519162383312, 468502519163940914, 468502519163703704, 468502519163120448]","[0.7909040451049805, 0.7964717149734497, 0.7711524963378906, 0.776818573474884, 0.7653322815895081]"
529.0,MEDMCQA,2.246750045742374e-05,6.501186726382002e-05,0.9996843338012695,0.00022824718325864524,3,6.821866273880005,False,"['STAT', 'STAT', 'STAT', 'PBMD', 'PBMD']","[468502519162441897, 468502519162441934, 468502519162441902, 468502519163542573, 468502519163742580]","[0.7888554930686951, 0.7790428996086121, 0.7630099058151245, 0.7771308422088623, 0.7630057334899902]"
530.0,MEDMCQA,1.3006609151489101e-05,2.9540733521571383e-05,1.0369773008278571e-05,0.9999470710754395,2,5.60860538482666,False,"['TEXT', 'PBMD', 'STAT', 'TEXT', 'PBMD']","[468502519162337511, 468502519163801922, 468502519162961055, 468502519162337499, 468502519163638052]","[0.7894973158836365, 0.7649961113929749, 0.7737683653831482, 0.7766196727752686, 0.7685551643371582]"
531.0,MEDMCQA,0.9999806880950928,1.2705738299700897e-05,5.20347327892523e-07,6.048838258720934e-06,0,6.3005690574646,False,"['PBMD', 'PBMD', 'PBMD', 'PBMD', 'PBMD']","[468502519163699210, 468502519163631804, 468502519163605945, 468502519163820063, 468502519163932507]","[0.7554371356964111, 0.7608981728553772, 0.7485944032669067, 0.7640275955200195, 0.7540900707244873]"
532.0,MEDMCQA,1.4174029274727218e-05,1.4174029274727218e-05,8.397833880735561e-06,0.9999632835388184,0,6.046787738800049,False,"['PBMD', 'PBMD', 'PBMD', 'PBMD', 'PBMD']","[468502519163742291, 468502519163975271, 468502519163830351, 468502519163752523, 468502519163864758]","[0.7714166045188904, 0.7638505101203918, 0.7582805156707764, 0.7605905532836914, 0.7799755334854126]"
533.0,MEDMCQA,1.9947203782066936e-06,2.684189666979364e-06,1.963795057235984e-06,0.9999933242797852,3,2.6452722549438477,False,"['STAT', 'TEXT', 'PBMD', 'TEXT', 'TEXT']","[468502519162930105, 468502519162316931, 468502519163638099, 468502519162316945, 468502519162316966]","[0.7529027462005615, 0.741011917591095, 0.7889471054077148, 0.74842768907547, 0.7753621935844421]"
534.0,MEDMCQA,0.9998397827148438,2.7105192202725448e-05,4.936222467222251e-06,0.00012830532796215266,0,5.772609233856201,False,"['STAT', 'PBMD', 'PBMD', 'PBMD', 'PBMD']","[468502519162740177, 468502519163113893, 468502519163529816, 468502519163116317, 468502519163973821]","[0.7121405005455017, 0.7233276963233948, 0.7031410932540894, 0.7035683393478394, 0.7110537886619568]"
535.0,MEDMCQA,0.24542133510112762,0.1039179340004921,0.5617750287055969,0.08888571709394455,0,6.606168985366821,False,"['PBMD', 'PBMD', 'PBMD', 'PBMD', 'STAT']","[468502519163693749, 468502519163759536, 468502519163667242, 468502519163693735, 468502519162866436]","[0.7714766263961792, 0.7505731582641602, 0.7595066428184509, 0.7716230154037476, 0.7501798272132874]"
536.0,MEDMCQA,0.999642014503479,0.0002822488604579121,3.2688636565580964e-05,4.2968400521203876e-05,3,5.566586017608643,False,"['PBMD', 'PBMD', 'PBMD', 'PBMD', 'PBMD']","[468502519163121332, 468502519163742147, 468502519163541614, 468502519163623102, 468502519163617014]","[0.7631429433822632, 0.7454222440719604, 0.7758212685585022, 0.7818745970726013, 0.7441198229789734]"
537.0,MEDMCQA,4.495151188166346e-06,5.5943064580787905e-06,1.1189316637683078e-06,0.9999887943267822,3,4.982465505599976,False,"['STAT', 'STAT', 'TEXT', 'TEXT', 'PBMD']","[468502519162823659, 468502519162823658, 468502519162388021, 468502519162337750, 468502519163600941]","[0.8849322199821472, 0.8775207996368408, 0.8630325794219971, 0.8364591002464294, 0.8561476469039917]"
538.0,MEDMCQA,7.41115809432813e-06,0.9999761581420898,6.747935913153924e-06,9.665972356742714e-06,1,4.280876636505127,False,"['PBMD', 'PBMD', 'TEXT', 'PBMD', 'PBMD']","[468502519163438776, 468502519163146408, 468502519162318400, 468502519163015246, 468502519163128888]","[0.7938242554664612, 0.7794850468635559, 0.7742760181427002, 0.7747313380241394, 0.781062126159668]"
539.0,MEDMCQA,1.9947244709328515e-06,0.9999953508377075,1.1911042747669853e-06,1.4367460607900284e-06,1,5.220105171203613,False,"['PBMD', 'TEXT', 'TEXT', 'STAT', 'STAT']","[468502519163878657, 468502519162338098, 468502519162383391, 468502519162789162, 468502519162427617]","[0.7946195602416992, 0.8132941722869873, 0.7815181016921997, 0.7922765016555786, 0.7843661308288574]"
540.0,MEDMCQA,7.527863999712281e-06,1.2314763807808049e-05,4.356793397164438e-06,0.9999758005142212,3,5.1002161502838135,False,"['STAT', 'STAT', 'STAT', 'TEXT', 'STAT']","[468502519162489289, 468502519162472184, 468502519162489263, 468502519162334077, 468502519162472185]","[0.8724468350410461, 0.8668729662895203, 0.8450092673301697, 0.8127877116203308, 0.8078101873397827]"
541.0,MEDMCQA,0.21654251217842102,0.037629447877407074,0.535947859287262,0.20988018810749054,0,3.012598991394043,False,"['PBMD', 'PBMD', 'PBMD', 'PBMD', 'PBMD']","[468502519163542941, 468502519163530876, 468502519163529487, 468502519163687348, 468502519163901279]","[0.7658968567848206, 0.7515460252761841, 0.7514365315437317, 0.7298174500465393, 0.7283614873886108]"
542.0,MEDMCQA,1.3417143236438278e-05,1.8339060261496343e-05,0.9997727274894714,0.00019562913803383708,2,2.9731295108795166,False,"['PBMD', 'PBMD', 'PBMD', 'PBMD', 'PBMD']","[468502519163686637, 468502519163643505, 468502519163605532, 468502519163968753, 468502519163577307]","[0.8098748922348022, 0.8063477277755737, 0.8047985434532166, 0.8226392865180969, 0.8003363013267517]"
543.0,MEDMCQA,7.81147036832408e-07,1.0348516070735059e-06,6.577917019967572e-07,0.9999974966049194,3,4.712953329086304,False,"['PBMD', 'PBMD', 'PBMD', 'PBMD', 'TEXT']","[468502519163511610, 468502519163449290, 468502519163433264, 468502519163196646, 468502519162399863]","[0.7884282469749451, 0.770671546459198, 0.7560847401618958, 0.7640753984451294, 0.7581778764724731]"
544.0,MEDMCQA,1.321154286415549e-05,0.9999552965164185,2.1906882921030046e-06,2.9311087928363122e-05,0,3.1630969047546387,False,"['STAT', 'STAT', 'PBMD', 'PBMD', 'STAT']","[468502519162478776, 468502519162436032, 468502519163591110, 468502519163687345, 468502519162714990]","[0.7117913961410522, 0.7100823521614075, 0.7176982760429382, 0.7237128019332886, 0.7405721545219421]"
545.0,MEDMCQA,0.0005786314141005278,0.03607942909002304,0.9600380659103394,0.0033038812689483166,1,5.708906888961792,False,"['PBMD', 'TEXT', 'STAT', 'PBMD', 'TEXT']","[468502519163142224, 468502519162318814, 468502519162944146, 468502519163123529, 468502519162318815]","[0.8054000735282898, 0.7888662219047546, 0.8288151621818542, 0.8294280767440796, 0.7845891714096069]"
546.0,MEDMCQA,0.009829807095229626,0.01698438450694084,0.971818745136261,0.0013671976048499346,0,4.932699680328369,False,"['PBMD', 'PBMD', 'PBMD', 'PBMD', 'PBMD']","[468502519163204258, 468502519163922451, 468502519163115022, 468502519163902987, 468502519163218564]","[0.745703935623169, 0.7596936821937561, 0.7205312848091125, 0.7311356663703918, 0.7287536859512329]"
547.0,MEDMCQA,0.9999816417694092,1.1843061656691134e-05,3.156069112719706e-07,6.144099643279333e-06,1,3.0857481956481934,False,"['STAT', 'PBMD', 'STAT', 'PBMD', 'PBMD']","[468502519162911366, 468502519163706133, 468502519162961871, 468502519163014113, 468502519163150215]","[0.7603952884674072, 0.7656888961791992, 0.7523801326751709, 0.7618948817253113, 0.8114259243011475]"
548.0,MEDMCQA,0.00024715307517908514,0.9991851449012756,0.0003596055612433702,0.0002081237471429631,1,6.352430582046509,False,"['TEXT', 'STAT', 'STAT', 'PBMD', 'PBMD']","[468502519162386755, 468502519162981015, 468502519162898569, 468502519163940737, 468502519163980734]","[0.7420485615730286, 0.7248626947402954, 0.7252722382545471, 0.7254613637924194, 0.7653629779815674]"
549.0,MEDMCQA,5.964145621817352e-09,4.363462036138799e-09,2.8172628674383304e-09,1.0,2,10.34886360168457,False,"['PBMD', 'PBMD', 'PBMD', 'PBMD', 'PBMD']","[468502519163327256, 468502519163540474, 468502519163172418, 468502519163504078, 468502519163519508]","[0.7478598356246948, 0.7490332722663879, 0.7413034439086914, 0.7457659244537354, 0.7537347674369812]"
550.0,MEDMCQA,0.9999608993530273,2.411077730357647e-05,1.9946558040828677e-06,1.3006789231440052e-05,0,6.62886905670166,False,"['PBMD', 'PBMD', 'PBMD', 'PBMD', 'PBMD']","[468502519163028389, 468502519163165170, 468502519163323789, 468502519163010825, 468502519163044808]","[0.8724668622016907, 0.8598159551620483, 0.8446442484855652, 0.8100483417510986, 0.8723544478416443]"
551.0,MEDMCQA,5.3487914556171745e-05,0.999882698059082,3.5353354178369045e-05,2.8407217541825958e-05,0,3.7006890773773193,False,"['PBMD', 'PBMD', 'PBMD', 'PBMD', 'PBMD']","[468502519163119475, 468502519163927018, 468502519163504191, 468502519163925966, 468502519163119444]","[0.7634137272834778, 0.8054442405700684, 0.7617998719215393, 0.7684082984924316, 0.7673190236091614]"
552.0,MEDMCQA,0.9999901056289673,5.594313734036405e-06,5.539120593311964e-07,3.726616341737099e-06,0,5.6702282428741455,False,"['STAT', 'PBMD', 'PBMD', 'PBMD', 'PBMD']","[468502519162854282, 468502519163888640, 468502519163264342, 468502519163377413, 468502519163539805]","[0.7587245106697083, 0.7754179239273071, 0.761411190032959, 0.7737919092178345, 0.7574584484100342]"
553.0,MEDMCQA,0.0007480093627236784,0.001921099261380732,0.9951540231704712,0.00217689061537385,0,8.733829498291016,False,"['PBMD', 'STAT', 'STAT', 'STAT', 'STAT']","[468502519163530945, 468502519162783895, 468502519162475415, 468502519162835936, 468502519162800614]","[0.7009703516960144, 0.6937287449836731, 0.7046118378639221, 0.7157473564147949, 0.7083397507667542]"
554.0,MEDMCQA,0.00029348256066441536,0.00044402494677342474,0.9991205334663391,0.0001419188774889335,1,5.940581560134888,False,"['PBMD', 'PBMD', 'PBMD', 'PBMD', 'PBMD']","[468502519163435557, 468502519163433017, 468502519163531377, 468502519163915977, 468502519163434723]","[0.7135381698608398, 0.7291985154151917, 0.7122570872306824, 0.7268298864364624, 0.7478836178779602]"
555.0,MEDMCQA,2.6425750547787175e-06,0.9999933242797852,1.0030083785750321e-06,3.0415853871090803e-06,1,4.857412099838257,False,"['PBMD', 'STAT', 'PBMD', 'TEXT', 'STAT']","[468502519163169063, 468502519162975639, 468502519163455402, 468502519162348831, 468502519162436531]","[0.8514565825462341, 0.8137918710708618, 0.8090764880180359, 0.8254716992378235, 0.8268823027610779]"
556.0,MEDMCQA,2.3184236852102913e-05,3.4264081477886066e-05,0.9998370409011841,0.00010554079926805571,2,4.1934123039245605,False,"['TEXT', 'STAT', 'TEXT', 'PBMD', 'STAT']","[468502519162317282, 468502519162947990, 468502519162353867, 468502519163915114, 468502519162439279]","[0.7662622928619385, 0.7837463021278381, 0.7653377652168274, 0.7649404406547546, 0.7872608304023743]"
557.0,MEDMCQA,0.9999104738235474,3.4535354643594474e-05,4.288967829779722e-06,5.064274955657311e-05,0,4.5023415088653564,False,"['STAT', 'PBMD', 'PBMD', 'STAT', 'PBMD']","[468502519162897383, 468502519163945619, 468502519163925363, 468502519162713165, 468502519163264224]","[0.7526805400848389, 0.7478678226470947, 0.7832396030426025, 0.7535185813903809, 0.7470503449440002]"
558.0,MEDMCQA,0.999925971031189,3.347333040437661e-05,5.954734206170542e-06,3.4535889426479116e-05,2,4.354830265045166,False,"['PBMD', 'PBMD', 'PBMD', 'PBMD', 'PBMD']","[468502519163265146, 468502519163673970, 468502519163220370, 468502519163761598, 468502519163322470]","[0.691253125667572, 0.6940028667449951, 0.7096742391586304, 0.6949977874755859, 0.7018709778785706]"
559.0,MEDMCQA,3.590646883822046e-05,0.9997819066047668,7.542245293734595e-05,0.00010677899263100699,0,7.0352442264556885,False,"['TEXT', 'STAT', 'STAT', 'PBMD', 'TEXT']","[468502519162374691, 468502519162426704, 468502519162457648, 468502519163274283, 468502519162386858]","[0.7697450518608093, 0.7724992632865906, 0.7793746590614319, 0.7751180529594421, 0.8062964081764221]"
560.0,MEDMCQA,1.8448108676238917e-06,5.014715952711413e-06,1.903371412481647e-06,0.9999911785125732,3,2.3447821140289307,False,"['STAT', 'STAT', 'STAT', 'STAT', 'STAT']","[468502519162866164, 468502519162768269, 468502519162963272, 468502519162827281, 468502519162884074]","[0.7684875726699829, 0.7443198561668396, 0.7474532723426819, 0.7726083397865295, 0.7514272928237915]"
561.0,MEDMCQA,0.0027671412099152803,0.0011180262081325054,0.9851705431938171,0.010944255627691746,2,3.938621997833252,False,"['STAT', 'STAT', 'STAT', 'STAT', 'PBMD']","[468502519162856755, 468502519162757686, 468502519162954001, 468502519162757711, 468502519163118591]","[0.7163755893707275, 0.7388893365859985, 0.7458562254905701, 0.7326518297195435, 0.7306114435195923]"
562.0,MEDMCQA,1.0450915397086646e-05,2.4681759896338917e-05,0.9999289512634277,3.591175118344836e-05,2,5.474101781845093,False,"['PBMD', 'PBMD', 'PBMD', 'TEXT', 'PBMD']","[468502519163587115, 468502519163442680, 468502519163587111, 468502519162341902, 468502519163908891]","[0.740070641040802, 0.7875750064849854, 0.7288721203804016, 0.7293606400489807, 0.734458327293396]"
563.0,MEDMCQA,0.00018811976769939065,9.759524982655421e-05,2.09831432584906e-05,0.9996932744979858,3,4.590410470962524,False,"['STAT', 'TEXT', 'STAT', 'STAT', 'STAT']","[468502519162876736, 468502519162418148, 468502519162978182, 468502519162802349, 468502519162489494]","[0.8037891387939453, 0.7472497820854187, 0.7790049314498901, 0.7621732950210571, 0.7584952116012573]"
564.0,MEDMCQA,1.2098630577384029e-06,1.5779589830344776e-06,5.896401376048743e-07,0.9999966621398926,3,4.642053604125977,False,"['TEXT', 'PBMD', 'PBMD', 'TEXT', 'PBMD']","[468502519162303152, 468502519163792834, 468502519163690598, 468502519162359945, 468502519163590141]","[0.756620466709137, 0.7948090434074402, 0.7935358881950378, 0.7691220641136169, 0.7851817011833191]"
565.0,MEDMCQA,0.9999681711196899,6.962083261896623e-06,2.964812608752254e-07,2.4682727598701604e-05,0,3.938291549682617,False,"['STAT', 'PBMD', 'TEXT', 'PBMD', 'PBMD']","[468502519162925475, 468502519163616924, 468502519162384654, 468502519163587051, 468502519163969816]","[0.7479069828987122, 0.7563138008117676, 0.7492917776107788, 0.7372088432312012, 0.7372087836265564]"
566.0,MEDMCQA,0.9998646974563599,3.79279263142962e-05,7.182340141298482e-06,9.027632040670142e-05,1,5.363993406295776,False,"['PBMD', 'PBMD', 'PBMD', 'PBMD', 'PBMD']","[468502519163033983, 468502519163713623, 468502519163039208, 468502519163437999, 468502519163441618]","[0.7590326070785522, 0.7510082721710205, 0.7516274452209473, 0.749685525894165, 0.7697269916534424]"
567.0,MEDMCQA,1.9216398868593387e-05,0.00018232010188512504,0.9996285438537598,0.00016994103498291224,1,4.644743204116821,False,"['PBMD', 'PBMD', 'PBMD', 'PBMD', 'PBMD']","[468502519163109649, 468502519163649788, 468502519163875353, 468502519163949376, 468502519163082057]","[0.7483246326446533, 0.7499313950538635, 0.764795184135437, 0.7651727795600891, 0.7509899139404297]"
568.0,MEDMCQA,2.0780535123776644e-05,0.9997561573982239,5.254141797195189e-06,0.0002178106369683519,1,5.850884914398193,False,"['PBMD', 'PBMD', 'PBMD', 'TEXT', 'PBMD']","[468502519163759751, 468502519163726027, 468502519163930626, 468502519162416548, 468502519163905434]","[0.800101637840271, 0.7806674242019653, 0.7997905015945435, 0.7807090878486633, 0.7757654190063477]"
569.0,MEDMCQA,7.410664238705067e-06,0.999909520149231,8.267193152278196e-06,7.48450547689572e-05,1,6.1460442543029785,False,"['STAT', 'TEXT', 'STAT', 'TEXT', 'TEXT']","[468502519162698323, 468502519162397991, 468502519162698324, 468502519162397996, 468502519162320584]","[0.7448737025260925, 0.747326135635376, 0.743570864200592, 0.7729825973510742, 0.7342594861984253]"
570.0,MEDMCQA,0.9999361038208008,3.347366873640567e-05,8.3147557461416e-07,2.9540409741457552e-05,0,4.408327102661133,False,"['STAT', 'STAT', 'PBMD', 'PBMD', 'PBMD']","[468502519162975948, 468502519162975946, 468502519163131256, 468502519163256189, 468502519163195146]","[0.7219719886779785, 0.7493463754653931, 0.6794095635414124, 0.7078472971916199, 0.7037420272827148]"
571.0,MEDMCQA,0.006273556035012007,0.0007730537909083068,0.0018257088959217072,0.9911276698112488,1,10.369230031967163,False,"['PBMD', 'TEXT', 'TEXT', 'PBMD', 'PBMD']","[468502519163917152, 468502519162371633, 468502519162307565, 468502519163969020, 468502519163634448]","[0.737679660320282, 0.7396634221076965, 0.7353740930557251, 0.7327250838279724, 0.7383384108543396]"
572.0,MEDMCQA,0.9999055862426758,1.9987430277979e-05,4.860013177676592e-06,6.949101225472987e-05,0,4.903891563415527,False,"['TEXT', 'STAT', 'PBMD', 'STAT', 'PBMD']","[468502519162386473, 468502519162456517, 468502519163318814, 468502519162907493, 468502519163459574]","[0.7748228907585144, 0.7427248954772949, 0.7795575857162476, 0.7556662559509277, 0.7463675737380981]"
573.0,MEDMCQA,1.4970226402510889e-05,0.9999277591705322,8.139170859067235e-06,4.9085479986388236e-05,2,6.0420615673065186,False,"['STAT', 'STAT', 'STAT', 'PBMD', 'TEXT']","[468502519162697667, 468502519162697670, 468502519162922677, 468502519163923637, 468502519162296766]","[0.7560663223266602, 0.7788195013999939, 0.7916057109832764, 0.764636754989624, 0.7530689239501953]"
574.0,MEDMCQA,0.001766347442753613,0.00029403544613160193,0.997100293636322,0.0008392666932195425,2,5.2090163230896,False,"['TEXT', 'PBMD', 'PBMD', 'PBMD', 'TEXT']","[468502519162318772, 468502519163533659, 468502519163431394, 468502519163433647, 468502519162318800]","[0.7727310657501221, 0.7406377792358398, 0.7344123125076294, 0.7564698457717896, 0.7383450865745544]"
575.0,MEDMCQA,3.1193983886623755e-05,5.2240091463318095e-05,0.9997146725654602,0.00020182736625429243,1,6.609682321548462,False,"['PBMD', 'PBMD', 'PBMD', 'PBMD', 'PBMD']","[468502519163134484, 468502519163954282, 468502519163917219, 468502519163159201, 468502519163900228]","[0.7633161544799805, 0.7390539050102234, 0.7545487880706787, 0.7503782510757446, 0.7364386320114136]"
576.0,MEDMCQA,1.3209441021899693e-05,2.8404760087141767e-05,0.9997962117195129,0.00016218607197515666,2,4.329317808151245,False,"['TEXT', 'PBMD', 'TEXT', 'TEXT', 'TEXT']","[468502519162298235, 468502519163570239, 468502519162297261, 468502519162298233, 468502519162297237]","[0.747882068157196, 0.7537014484405518, 0.7641628980636597, 0.762183666229248, 0.782666027545929]"
577.0,MEDMCQA,0.00018169137183576822,0.9995920062065125,3.023053432116285e-05,0.00019597617210820317,1,7.158186435699463,False,"['STAT', 'STAT', 'STAT', 'STAT', 'STAT']","[468502519162794219, 468502519162794203, 468502519162483205, 468502519162727871, 468502519162727866]","[0.7692660689353943, 0.7874206304550171, 0.8013153672218323, 0.791832447052002, 0.7875866889953613]"
578.0,MEDMCQA,3.844873845082475e-06,4.785022611031309e-06,1.1125511264253873e-05,0.9999802112579346,0,10.134203433990479,False,"['PBMD', 'PBMD', 'PBMD', 'PBMD', 'PBMD']","[468502519163118594, 468502519163923013, 468502519163917211, 468502519163121674, 468502519163703222]","[0.7414571642875671, 0.7372637391090393, 0.7609850764274597, 0.7439610958099365, 0.7543420791625977]"
579.0,MEDMCQA,0.0002505957963876426,0.0016925600357353687,0.9973965883255005,0.0006602319772355258,2,6.310566186904907,False,"['STAT', 'PBMD', 'PBMD', 'PBMD', 'PBMD']","[468502519162937329, 468502519163516911, 468502519163975201, 468502519163946223, 468502519163170502]","[0.7538000345230103, 0.7513938546180725, 0.7560478448867798, 0.7557980418205261, 0.7513802647590637]"
580.0,MEDMCQA,9.307274740422145e-05,0.0003148610412608832,0.9991212487220764,0.0004708196793217212,3,4.891938209533691,False,"['PBMD', 'PBMD', 'PBMD', 'PBMD', 'PBMD']","[468502519163077842, 468502519163071575, 468502519163071892, 468502519163853530, 468502519163121369]","[0.6784183382987976, 0.6932529211044312, 0.6713880896568298, 0.6746295094490051, 0.6930701732635498]"
581.0,MEDMCQA,0.9999668598175049,2.919715188909322e-05,1.0348198884457815e-06,2.8129320526204538e-06,0,6.194474220275879,False,"['TEXT', 'PBMD', 'TEXT', 'PBMD', 'TEXT']","[468502519162333747, 468502519163155802, 468502519162388803, 468502519163930417, 468502519162333744]","[0.8003218173980713, 0.7273257374763489, 0.7271887063980103, 0.7224854826927185, 0.7360142469406128]"
582.0,MEDMCQA,1.2218857591506094e-05,0.9999699592590332,1.8161711068387376e-06,1.5936395357130095e-05,1,4.550961494445801,False,"['PBMD', 'STAT', 'PBMD', 'PBMD', 'PBMD']","[468502519163928971, 468502519162815421, 468502519163913944, 468502519163073776, 468502519163850307]","[0.7440401315689087, 0.717730700969696, 0.7316830158233643, 0.7336004376411438, 0.7370093464851379]"
583.0,MEDMCQA,2.0461891836021096e-05,4.006244125775993e-05,1.0782659956021234e-05,0.9999287128448486,1,3.658351421356201,False,"['PBMD', 'PBMD', 'PBMD', 'PBMD', 'PBMD']","[468502519163730909, 468502519163653284, 468502519163118543, 468502519163431931, 468502519163995760]","[0.7077827453613281, 0.7135992646217346, 0.7071861624717712, 0.7286747694015503, 0.7167765498161316]"
584.0,MEDMCQA,5.0931771511386614e-06,0.00010229920007986948,1.287756845158583e-06,0.9998912811279297,3,10.27289891242981,False,"['PBMD', 'PBMD', 'PBMD', 'PBMD', 'PBMD']","[468502519163956213, 468502519163741175, 468502519163763494, 468502519163485077, 468502519163257689]","[0.7269712090492249, 0.7080914378166199, 0.7049187421798706, 0.7116921544075012, 0.7105763554573059]"
585.0,MEDMCQA,1.4737872334080748e-05,0.9999099969863892,8.139026249409653e-06,6.709071021759883e-05,1,8.741242408752441,False,"['STAT', 'TEXT', 'TEXT', 'STAT', 'TEXT']","[468502519162488845, 468502519162377343, 468502519162343900, 468502519162783455, 468502519162343903]","[0.7710341215133667, 0.7972227334976196, 0.7768319249153137, 0.788099467754364, 0.7839310169219971]"
586.0,MEDMCQA,2.8851205570390448e-05,0.00016602723917458206,0.9997662901878357,3.8823542126920074e-05,2,5.208053350448608,False,"['TEXT', 'TEXT', 'TEXT', 'TEXT', 'STAT']","[468502519162407923, 468502519162417681, 468502519162315967, 468502519162417749, 468502519162865257]","[0.7915850877761841, 0.746649444103241, 0.7854228019714355, 0.7827814817428589, 0.75877845287323]"
587.0,MEDMCQA,0.9999840259552002,2.8572783321578754e-06,2.6841646558750654e-06,1.037015681504272e-05,0,5.324205636978149,False,"['TEXT', 'STAT', 'STAT', 'TEXT', 'TEXT']","[468502519162361881, 468502519162814538, 468502519162952100, 468502519162367512, 468502519162361527]","[0.7869759202003479, 0.7933698296546936, 0.7868570685386658, 0.7896945476531982, 0.787178635597229]"
588.0,MEDMCQA,7.843418279662728e-05,0.9998743534088135,5.2547629820765e-06,4.198279566480778e-05,0,6.454991817474365,False,"['PBMD', 'PBMD', 'PBMD', 'PBMD', 'PBMD']","[468502519163413180, 468502519163501545, 468502519163921628, 468502519163752378, 468502519163318560]","[0.7718737125396729, 0.7894175052642822, 0.7650964260101318, 0.7878029346466064, 0.7805672883987427]"
589.0,MEDMCQA,0.999552309513092,0.00037700191023759544,1.9214934582123533e-05,5.142182999406941e-05,0,8.181237936019897,False,"['PBMD', 'PBMD', 'PBMD', 'STAT', 'PBMD']","[468502519163431584, 468502519163122113, 468502519163639379, 468502519162779710, 468502519163656292]","[0.760343074798584, 0.7697952389717102, 0.7565228939056396, 0.7547647953033447, 0.7523595690727234]"
590.0,MEDMCQA,8.214871922973543e-05,0.0005462422268465161,0.9992709755897522,0.0001006507154670544,2,6.2266294956207275,False,"['PBMD', 'PBMD', 'PBMD', 'PBMD', 'PBMD']","[468502519163574246, 468502519163791956, 468502519163826560, 468502519163974036, 468502519163191188]","[0.8281570076942444, 0.8083920478820801, 0.8066908717155457, 0.8369790315628052, 0.8147454857826233]"
591.0,MEDMCQA,7.411096248688409e-06,0.9999678134918213,5.594189133262262e-06,1.9222921764594503e-05,0,6.303818464279175,False,"['STAT', 'TEXT', 'PBMD', 'TEXT', 'TEXT']","[468502519162485977, 468502519162384112, 468502519163515910, 468502519162417977, 468502519162316749]","[0.7288674712181091, 0.7290101051330566, 0.7307924032211304, 0.73054039478302, 0.756148099899292]"
592.0,MEDMCQA,0.00010670028132153675,0.9990449547767639,5.059891191194765e-05,0.0007977079367265105,0,4.5396363735198975,False,"['PBMD', 'PBMD', 'PBMD', 'STAT', 'PBMD']","[468502519163638464, 468502519163426139, 468502519163617010, 468502519162785620, 468502519163871729]","[0.6807593703269958, 0.6578959822654724, 0.6594710946083069, 0.6590520739555359, 0.660047173500061]"
593.0,MEDMCQA,0.00025712413480505347,4.831219121115282e-05,2.1106034182594158e-05,0.9996734857559204,0,7.893597841262817,False,"['PBMD', 'PBMD', 'PBMD', 'STAT', 'PBMD']","[468502519163693758, 468502519163922218, 468502519163533171, 468502519162490185, 468502519163777591]","[0.7923600673675537, 0.8308389782905579, 0.8101441264152527, 0.7808517217636108, 0.7834784388542175]"
594.0,MEDMCQA,3.2689287763787434e-05,0.999661922454834,5.953161689831177e-06,0.0002994331589434296,1,5.550970554351807,False,"['PBMD', 'PBMD', 'PBMD', 'PBMD', 'PBMD']","[468502519163707886, 468502519163123635, 468502519163123494, 468502519163910834, 468502519163119513]","[0.718508243560791, 0.7151045203208923, 0.7125866413116455, 0.7094092965126038, 0.7209513187408447]"
595.0,MEDMCQA,0.9905942678451538,0.002306670183315873,0.0008289193501695991,0.006270179525017738,2,5.190465450286865,False,"['STAT', 'STAT', 'STAT', 'STAT', 'STAT']","[468502519162855014, 468502519162969597, 468502519162855012, 468502519162855045, 468502519162855023]","[0.7642395496368408, 0.76787269115448, 0.7740858197212219, 0.7676038146018982, 0.7957337498664856]"
596.0,MEDMCQA,0.0003016894916072488,0.00027362050605006516,6.784399738535285e-05,0.9993568062782288,3,6.898545503616333,False,"['PBMD', 'PBMD', 'PBMD', 'PBMD', 'PBMD']","[468502519163570509, 468502519163008751, 468502519163934718, 468502519163656566, 468502519163938375]","[0.7699317336082458, 0.7651206254959106, 0.7846822142601013, 0.7701646089553833, 0.7622790336608887]"
597.0,MEDMCQA,0.9997517466545105,0.00016345083713531494,5.0634709623409435e-05,3.4261156542925164e-05,2,7.125178575515747,False,"['PBMD', 'PBMD', 'TEXT', 'PBMD', 'PBMD']","[468502519163730365, 468502519163276372, 468502519162387002, 468502519163268495, 468502519163125870]","[0.8586834669113159, 0.7853224277496338, 0.8021628856658936, 0.7874876856803894, 0.8140349984169006]"
598.0,MEDMCQA,0.9982969164848328,4.496990732150152e-05,9.801701708056498e-06,0.0016483927611261606,2,4.964822053909302,False,"['PBMD', 'STAT', 'PBMD', 'PBMD', 'PBMD']","[468502519163158415, 468502519162491737, 468502519163201662, 468502519163376748, 468502519163739627]","[0.6326347589492798, 0.6334587931632996, 0.6403255462646484, 0.6332273483276367, 0.6327974200248718]"
599.0,MEDMCQA,2.884330569941085e-05,5.6472450523870066e-05,0.9994925260543823,0.00042219687020406127,2,6.400203466415405,False,"['TEXT', 'STAT', 'TEXT', 'STAT', 'TEXT']","[468502519162312298, 468502519162877173, 468502519162413274, 468502519162701653, 468502519162375847]","[0.7309997081756592, 0.7358407378196716, 0.7551475763320923, 0.7452176213264465, 0.7349470257759094]"
600.0,MEDMCQA,1.0348496743972646e-06,2.0904535631416366e-06,1.3287732372191385e-06,0.9999955892562866,3,5.312053203582764,False,"['STAT', 'STAT', 'TEXT', 'STAT', 'TEXT']","[468502519162802805, 468502519162981880, 468502519162340051, 468502519162449242, 468502519162334147]","[0.779646635055542, 0.7950814962387085, 0.7750444412231445, 0.7676652669906616, 0.7858557105064392]"
601.0,MEDMCQA,9.021386358654127e-05,0.9990814924240112,1.1648956387944054e-05,0.0008166548795998096,0,3.142735481262207,False,"['PBMD', 'PBMD', 'PBMD', 'PBMD', 'PBMD']","[468502519163116008, 468502519163622479, 468502519163925625, 468502519163535903, 468502519163964836]","[0.7554853558540344, 0.7570986151695251, 0.7548302412033081, 0.7619168758392334, 0.7572377920150757]"
602.0,MEDMCQA,4.874615478911437e-05,6.867599586257711e-05,5.5901389714563265e-05,0.9998267292976379,1,4.566566705703735,False,"['STAT', 'STAT', 'STAT', 'STAT', 'PBMD']","[468502519162883320, 468502519162913487, 468502519162812710, 468502519162961581, 468502519163538651]","[0.7959299087524414, 0.7570421695709229, 0.7681847810745239, 0.7648727893829346, 0.7592583298683167]"
603.0,MEDMCQA,6.961541203054367e-06,0.9998903274536133,1.722997876640875e-05,8.547409379389137e-05,2,6.0960869789123535,False,"['STAT', 'STAT', 'STAT', 'PBMD', 'PBMD']","[468502519162731528, 468502519162475699, 468502519162463861, 468502519163946793, 468502519163307358]","[0.7268561720848083, 0.7351157069206238, 0.7296146750450134, 0.7376212477684021, 0.7355853915214539]"
604.0,MEDMCQA,0.9999024868011475,4.794720734935254e-05,1.4737762285221834e-05,3.480594023130834e-05,2,3.981776714324951,False,"['PBMD', 'STAT', 'PBMD', 'PBMD', 'PBMD']","[468502519163156721, 468502519162435023, 468502519163038333, 468502519163206254, 468502519163296857]","[0.8272675275802612, 0.8855083584785461, 0.8514052629470825, 0.814963161945343, 0.8290613889694214]"
605.0,MEDMCQA,1.0129840120498557e-05,0.9999749660491943,1.4144426359052886e-06,1.341985807812307e-05,1,6.31511664390564,False,"['STAT', 'STAT', 'STAT', 'TEXT', 'TEXT']","[468502519162461833, 468502519162716268, 468502519162871602, 468502519162328842, 468502519162400432]","[0.7513177394866943, 0.8772333264350891, 0.751176118850708, 0.753235936164856, 0.7740137577056885]"
606.0,MEDMCQA,0.9998857975006104,1.4396121514437255e-05,2.0902241431031143e-06,9.756638610269874e-05,2,6.310182094573975,False,"['STAT', 'PBMD', 'STAT', 'PBMD', 'PBMD']","[468502519162857476, 468502519163735620, 468502519162862354, 468502519163254165, 468502519163645547]","[0.7853609323501587, 0.7682082056999207, 0.7442712783813477, 0.7630177736282349, 0.7503953576087952]"
607.0,MEDMCQA,1.9524628442013636e-05,0.9999161958694458,2.7691814921126934e-06,6.156627932796255e-05,1,5.503375053405762,False,"['PBMD', 'PBMD', 'PBMD', 'PBMD', 'PBMD']","[468502519163287949, 468502519163531633, 468502519163215466, 468502519163222530, 468502519163219219]","[0.727323055267334, 0.7346844673156738, 0.73380047082901, 0.7336034774780273, 0.7312280535697937]"
608.0,MEDMCQA,5.014534508518409e-06,1.606114710739348e-05,2.3829739802749828e-05,0.9999550580978394,2,5.2917563915252686,False,"['PBMD', 'PBMD', 'PBMD', 'PBMD', 'PBMD']","[468502519163479192, 468502519163509950, 468502519163913170, 468502519163463752, 468502519163893020]","[0.7657719254493713, 0.7528405785560608, 0.7513701319694519, 0.751034140586853, 0.7464381456375122]"
609.0,MEDMCQA,1.395417802996235e-05,1.2218685697007459e-05,1.7917520381161012e-05,0.9999558925628662,2,6.689314126968384,False,"['PBMD', 'PBMD', 'PBMD', 'PBMD', 'PBMD']","[468502519163744411, 468502519163759353, 468502519163100037, 468502519163720435, 468502519163170148]","[0.7580662965774536, 0.760796308517456, 0.7597568035125732, 0.7553308606147766, 0.7515348792076111]"
610.0,MEDMCQA,0.99994957447052,2.2827365683042444e-05,2.12774466490373e-05,6.43875455352827e-06,0,3.7574589252471924,False,"['STAT', 'STAT', 'PBMD', 'STAT', 'STAT']","[468502519162754356, 468502519162960860, 468502519163698908, 468502519162762327, 468502519162462731]","[0.6970666646957397, 0.7150698900222778, 0.7345418930053711, 0.7098045945167542, 0.6938601732254028]"
611.0,MEDMCQA,0.0001780383026925847,0.00028339523123577237,0.9993009567260742,0.0002377123455516994,2,4.593632936477661,False,"['STAT', 'PBMD', 'PBMD', 'PBMD', 'PBMD']","[468502519162766090, 468502519163261622, 468502519163458803, 468502519163278998, 468502519163155744]","[0.7821162939071655, 0.7610786557197571, 0.7577986717224121, 0.7545657157897949, 0.7546044588088989]"
612.0,MEDMCQA,0.6888442039489746,0.010791568085551262,0.004096017684787512,0.2962682247161865,0,7.977709531784058,False,"['STAT', 'STAT', 'PBMD', 'STAT', 'PBMD']","[468502519162949339, 468502519162990478, 468502519163753696, 468502519162468515, 468502519163746317]","[0.8505675792694092, 0.8592038154602051, 0.8132710456848145, 0.8313102722167969, 0.8151885867118835]"
613.0,MEDMCQA,0.9985426664352417,0.0010398841695860028,0.0002755418827291578,0.00014183680468704551,0,7.707072734832764,False,"['PBMD', 'PBMD', 'PBMD', 'PBMD', 'STAT']","[468502519163555930, 468502519163629453, 468502519163934736, 468502519163432266, 468502519162739985]","[0.796666145324707, 0.7538281679153442, 0.7773053050041199, 0.7612769603729248, 0.7585633993148804]"
614.0,MEDMCQA,0.9939982891082764,0.0009026550105772913,0.0005672163097187877,0.004531760234385729,0,7.654929161071777,False,"['PBMD', 'STAT', 'STAT', 'PBMD', 'STAT']","[468502519163158412, 468502519162735199, 468502519162735198, 468502519163888598, 468502519162976403]","[0.6824946403503418, 0.684746503829956, 0.6587944030761719, 0.6601638793945312, 0.6545248031616211]"
615.0,MEDMCQA,1.2028881428705063e-05,0.9999250173568726,8.267321391031146e-06,5.475866055348888e-05,2,6.035070419311523,False,"['PBMD', 'PBMD', 'PBMD', 'PBMD', 'PBMD']","[468502519163530544, 468502519163939017, 468502519163936266, 468502519163622472, 468502519163536199]","[0.7350038290023804, 0.751025378704071, 0.7348582148551941, 0.7272011041641235, 0.7563450932502747]"
616.0,MEDMCQA,5.594233243755298e-06,1.3419867173070088e-05,5.338054506864864e-06,0.9999756813049316,3,3.842632293701172,False,"['PBMD', 'PBMD', 'PBMD', 'PBMD', 'PBMD']","[468502519163924418, 468502519163424381, 468502519163239430, 468502519163924422, 468502519163993685]","[0.7157460451126099, 0.7069545984268188, 0.721024215221405, 0.7077230215072632, 0.6986409425735474]"
617.0,MEDMCQA,0.99998939037323,7.071870186337037e-06,3.8069754282332724e-07,3.1875415515969507e-06,0,4.738535404205322,False,"['PBMD', 'PBMD', 'PBMD', 'PBMD', 'PBMD']","[468502519163812732, 468502519163562772, 468502519163714548, 468502519163713268, 468502519163776000]","[0.7214758992195129, 0.7144203186035156, 0.7226614952087402, 0.7190091609954834, 0.7124980688095093]"
618.0,MEDMCQA,0.9997748732566833,0.000164094366482459,1.5933286704239435e-05,4.50364823336713e-05,0,4.7637457847595215,False,"['PBMD', 'PBMD', 'PBMD', 'STAT', 'STAT']","[468502519163979513, 468502519163639006, 468502519163115405, 468502519162803382, 468502519162433999]","[0.7677667140960693, 0.7573792934417725, 0.7684908509254456, 0.7625118494033813, 0.7642425298690796]"
619.0,MEDMCQA,0.9999582767486572,3.120158362435177e-05,4.637701294996077e-06,5.862603757122997e-06,2,3.5078797340393066,False,"['PBMD', 'STAT', 'PBMD', 'PBMD', 'PBMD']","[468502519163898918, 468502519162450903, 468502519163410352, 468502519163565545, 468502519163821013]","[0.7302007079124451, 0.717921257019043, 0.7181568145751953, 0.7217522859573364, 0.7288426160812378]"
620.0,MEDMCQA,0.002079684054479003,0.0006477257702499628,0.9963424801826477,0.0009300922974944115,0,4.4899773597717285,False,"['STAT', 'STAT', 'STAT', 'STAT', 'STAT']","[468502519162697673, 468502519162726911, 468502519162767348, 468502519162944149, 468502519162721806]","[0.8411104083061218, 0.7880297899246216, 0.7764716744422913, 0.7886131405830383, 0.8289945125579834]"
621.0,MEDMCQA,1.2482521469792118e-06,1.1478712622192688e-05,3.6119372452958487e-06,0.9999836683273315,3,5.948884010314941,False,"['PBMD', 'PBMD', 'PBMD', 'PBMD', 'TEXT']","[468502519163691693, 468502519163582058, 468502519163815905, 468502519163568712, 468502519162330485]","[0.7599563598632812, 0.7927387952804565, 0.7547219395637512, 0.7740933895111084, 0.7571335434913635]"
622.0,MEDMCQA,1.028917631629156e-05,1.8199698388343677e-05,1.4566855497832876e-05,0.9999569654464722,0,3.477220058441162,False,"['PBMD', 'PBMD', 'STAT', 'PBMD', 'PBMD']","[468502519163530474, 468502519163538896, 468502519162868391, 468502519163530876, 468502519163121332]","[0.7237117886543274, 0.7670266628265381, 0.7689294219017029, 0.730790376663208, 0.7112930417060852]"
623.0,MEDMCQA,4.331815580371767e-05,0.9999363422393799,7.410863418044755e-06,1.300646999879973e-05,1,6.341825008392334,False,"['STAT', 'STAT', 'STAT', 'TEXT', 'PBMD']","[468502519162742550, 468502519162907408, 468502519162786446, 468502519162307381, 468502519163661498]","[0.7807554006576538, 0.779151976108551, 0.7784873247146606, 0.7711547613143921, 0.7763901948928833]"
624.0,MEDMCQA,8.088645699899644e-05,0.0004493895685300231,0.9994109869003296,5.8717268984764814e-05,0,5.256230115890503,False,"['PBMD', 'PBMD', 'PBMD', 'PBMD', 'PBMD']","[468502519163617049, 468502519163927484, 468502519163436431, 468502519163614147, 468502519163614155]","[0.7561869621276855, 0.7447094321250916, 0.7421603798866272, 0.7536914348602295, 0.7464931011199951]"
625.0,MEDMCQA,0.999906063079834,5.0248418119736016e-05,1.9945464373449795e-06,4.165740392636508e-05,0,7.301600694656372,False,"['TEXT', 'STAT', 'STAT', 'PBMD', 'STAT']","[468502519162375672, 468502519162896196, 468502519162896185, 468502519163286666, 468502519162987698]","[0.7935328483581543, 0.7727298736572266, 0.7580047845840454, 0.7594312429428101, 0.76047682762146]"
626.0,MEDMCQA,0.9998589754104614,1.8629465557751246e-05,2.9019111025263555e-06,0.00011959602124989033,0,3.023613214492798,False,"['PBMD', 'STAT', 'STAT', 'STAT', 'STAT']","[468502519163660890, 468502519162871696, 468502519162894153, 468502519162466160, 468502519162473556]","[0.7424802184104919, 0.7377561926841736, 0.7467888593673706, 0.7575584650039673, 0.7535501718521118]"
627.0,MEDMCQA,1.4144557098916266e-06,6.3391512412636075e-06,8.013436854525935e-06,0.9999842643737793,3,6.8881590366363525,False,"['TEXT', 'PBMD', 'PBMD', 'PBMD', 'PBMD']","[468502519162332202, 468502519163881440, 468502519163567018, 468502519163815484, 468502519163817217]","[0.7518627643585205, 0.7641912698745728, 0.761694610118866, 0.7560498118400574, 0.7543758153915405]"
628.0,MEDMCQA,0.9998552799224854,0.00013900450721848756,1.8159628325520316e-06,3.966427811974427e-06,0,4.803614616394043,False,"['PBMD', 'PBMD', 'PBMD', 'PBMD', 'PBMD']","[468502519163381001, 468502519163794437, 468502519163958453, 468502519163326574, 468502519163867676]","[0.7642747163772583, 0.7735445499420166, 0.7658401131629944, 0.762543261051178, 0.7692669034004211]"
629.0,MEDMCQA,1.9781564333243296e-05,0.00012023377348668873,0.997368335723877,0.002491618739441037,2,4.7247278690338135,False,"['STAT', 'STAT', 'PBMD', 'PBMD', 'STAT']","[468502519162934476, 468502519162896547, 468502519163129939, 468502519163369569, 468502519162479425]","[0.7885793447494507, 0.7839438319206238, 0.7860965132713318, 0.7685819864273071, 0.7999875545501709]"
630.0,MEDMCQA,0.0014239423908293247,0.0038405549712479115,0.190922349691391,0.8038131594657898,3,4.746741056442261,False,"['STAT', 'TEXT', 'TEXT', 'PBMD', 'TEXT']","[468502519162986729, 468502519162342948, 468502519162342947, 468502519163767175, 468502519162342941]","[0.7287265062332153, 0.7310640811920166, 0.7305122017860413, 0.7360935211181641, 0.7246986627578735]"
631.0,MEDMCQA,0.9999908208847046,4.86042745251325e-06,1.1910989314856124e-06,3.1381277949549258e-06,0,6.760485410690308,False,"['STAT', 'STAT', 'TEXT', 'PBMD', 'PBMD']","[468502519162428212, 468502519162823180, 468502519162366189, 468502519163927650, 468502519163290755]","[0.7913090586662292, 0.7901060581207275, 0.8189594149589539, 0.8037717342376709, 0.8127274513244629]"
632.0,MEDMCQA,5.255362339084968e-06,4.356848421593895e-06,1.9033661828871118e-06,0.9999884366989136,3,4.355052471160889,False,"['STAT', 'STAT', 'STAT', 'STAT', 'STAT']","[468502519162915570, 468502519162866191, 468502519162959773, 468502519162976356, 468502519162932674]","[0.798665463924408, 0.8243377208709717, 0.7884575724601746, 0.790876030921936, 0.8099362850189209]"
633.0,MEDMCQA,1.9946116935898317e-06,8.851035886436875e-07,5.8291097957408056e-05,0.9999388456344604,2,10.453289270401001,False,"['PBMD', 'TEXT', 'PBMD', 'PBMD', 'PBMD']","[468502519163756152, 468502519162414965, 468502519163386584, 468502519163027728, 468502519163187670]","[0.7185758948326111, 0.7126977443695068, 0.7395414710044861, 0.7194278240203857, 0.7304092049598694]"
634.0,MEDMCQA,0.9999372959136963,1.4970369193179067e-05,2.260187784486334e-06,4.539708243100904e-05,0,4.933748245239258,False,"['STAT', 'STAT', 'TEXT', 'STAT', 'PBMD']","[468502519162925628, 468502519162446049, 468502519162350437, 468502519162452921, 468502519163042532]","[0.7593626379966736, 0.7593625783920288, 0.7445323467254639, 0.7511831521987915, 0.7462327480316162]"
635.0,MEDMCQA,7.527700745413313e-06,0.999954104423523,2.4823723379086005e-06,3.591265340219252e-05,1,6.3197948932647705,False,"['PBMD', 'PBMD', 'PBMD', 'PBMD', 'PBMD']","[468502519163262461, 468502519163758441, 468502519163794182, 468502519163197986, 468502519163789349]","[0.7043899893760681, 0.7001230120658875, 0.7133789658546448, 0.7504705190658569, 0.7147773504257202]"
636.0,MEDMCQA,0.9998944997787476,2.0143972506048158e-05,2.56101861850766e-06,8.284468640340492e-05,0,4.574298858642578,False,"['PBMD', 'PBMD', 'STAT', 'PBMD', 'PBMD']","[468502519163177283, 468502519163730884, 468502519162471333, 468502519163441453, 468502519163678396]","[0.8111672401428223, 0.7700624465942383, 0.8302993178367615, 0.7715539932250977, 0.7644356489181519]"
637.0,MEDMCQA,8.13937822385924e-06,2.6687992431106977e-05,0.9999531507492065,1.2029219760734122e-05,2,2.298978567123413,False,"['STAT', 'STAT', 'TEXT', 'PBMD', 'STAT']","[468502519162721778, 468502519162721780, 468502519162296658, 468502519163312007, 468502519162892399]","[0.7630153298377991, 0.7656522989273071, 0.7573783993721008, 0.7903773188591003, 0.7609155178070068]"
638.0,MEDMCQA,0.07902321964502335,0.2673321068286896,0.5839070081710815,0.0697377473115921,2,7.072368144989014,False,"['PBMD', 'PBMD', 'PBMD', 'PBMD', 'PBMD']","[468502519163435423, 468502519163431768, 468502519163657826, 468502519163432344, 468502519163324861]","[0.7493599057197571, 0.7521860599517822, 0.7668231129646301, 0.753027081489563, 0.7529283165931702]"
639.0,MEDMCQA,0.00026117192464880645,0.9996683597564697,9.927901345463397e-08,7.029347034404054e-05,2,10.264650821685791,False,"['TEXT', 'PBMD', 'PBMD', 'PBMD', 'PBMD']","[468502519162374708, 468502519163170315, 468502519163006722, 468502519163108836, 468502519163108094]","[0.7695165872573853, 0.7894960641860962, 0.7591890096664429, 0.7767726182937622, 0.7739008665084839]"
640.0,MEDMCQA,0.0004168325976934284,0.9991569519042969,5.386829798226245e-05,0.00037237140350043774,1,5.257487535476685,False,"['STAT', 'PBMD', 'STAT', 'PBMD', 'STAT']","[468502519162963724, 468502519163122080, 468502519162809324, 468502519163434920, 468502519162857564]","[0.685908317565918, 0.702168881893158, 0.7167940735816956, 0.6821673512458801, 0.6829431056976318]"
641.0,MEDMCQA,3.500761749819503e-06,0.9999700784683228,6.276520707615418e-07,2.5867324438877404e-05,1,4.2721171379089355,False,"['PBMD', 'PBMD', 'PBMD', 'PBMD', 'TEXT']","[468502519163193470, 468502519163364233, 468502519163212459, 468502519163945072, 468502519162377346]","[0.7571505308151245, 0.7597746253013611, 0.7829450964927673, 0.7941891551017761, 0.7705034017562866]"
642.0,MEDMCQA,0.00018766082939691842,0.00031550275161862373,0.9817934036254883,0.017703386023640633,0,5.0274574756622314,False,"['PBMD', 'PBMD', 'PBMD', 'PBMD', 'PBMD']","[468502519163808348, 468502519163968642, 468502519163995118, 468502519163271838, 468502519163988572]","[0.7725008130073547, 0.7641933560371399, 0.7618026733398438, 0.7739126682281494, 0.7921874523162842]"
643.0,MEDMCQA,0.9999676942825317,1.1125372111564502e-05,1.0676695865186048e-06,2.014544588746503e-05,0,5.540426731109619,False,"['PBMD', 'PBMD', 'PBMD', 'PBMD', 'PBMD']","[468502519163883631, 468502519163428430, 468502519163883630, 468502519163257543, 468502519163239466]","[0.7989935874938965, 0.8282573819160461, 0.8074021935462952, 0.8279239535331726, 0.8131363391876221]"
644.0,MEDMCQA,1.1212278877792414e-05,0.9999364614486694,2.902135975091369e-06,4.951922892360017e-05,1,3.776388168334961,False,"['TEXT', 'STAT', 'TEXT', 'PBMD', 'TEXT']","[468502519162316609, 468502519162801363, 468502519162379961, 468502519163116365, 468502519162379981]","[0.7581954598426819, 0.7651028037071228, 0.7945390343666077, 0.7514765858650208, 0.7448990345001221]"
645.0,MEDMCQA,0.9998276233673096,0.0001195338845718652,9.130982334681903e-07,5.183940811548382e-05,0,4.290360689163208,False,"['STAT', 'PBMD', 'STAT', 'TEXT', 'STAT']","[468502519162467942, 468502519163424381, 468502519162448070, 468502519162346591, 468502519162855547]","[0.7629905343055725, 0.7996253371238708, 0.7574176788330078, 0.7542901039123535, 0.7705816030502319]"
646.0,MEDMCQA,2.2825395717518404e-05,1.4062319678487256e-05,0.9998632669448853,9.992664126912132e-05,2,3.3849878311157227,False,"['STAT', 'PBMD', 'PBMD', 'PBMD', 'PBMD']","[468502519162895501, 468502519163679594, 468502519163302948, 468502519163031900, 468502519163836967]","[0.837584376335144, 0.7693363428115845, 0.7606014013290405, 0.7658184766769409, 0.7565571665763855]"
647.0,MEDMCQA,0.9995797276496887,0.0003029378713108599,2.0137629689997993e-05,9.720371599541977e-05,1,4.258009910583496,False,"['PBMD', 'PBMD', 'TEXT', 'PBMD', 'PBMD']","[468502519163830101, 468502519163283329, 468502519162382265, 468502519163024462, 468502519163838376]","[0.7378664612770081, 0.7518436908721924, 0.732373833656311, 0.7377291321754456, 0.7467600703239441]"
648.0,MEDMCQA,0.999948263168335,3.822859434876591e-05,9.080086783797015e-06,4.356673343863804e-06,0,3.953054428100586,False,"['PBMD', 'PBMD', 'PBMD', 'PBMD', 'PBMD']","[468502519163508924, 468502519163485416, 468502519163335425, 468502519163426169, 468502519163447683]","[0.8134068250656128, 0.8025267720222473, 0.7825156450271606, 0.7745087742805481, 0.7826633453369141]"
649.0,MEDMCQA,0.9990383386611938,0.0005031047621741891,2.159282121283468e-05,0.0004371049872133881,1,4.653701543807983,False,"['PBMD', 'PBMD', 'PBMD', 'PBMD', 'PBMD']","[468502519163435749, 468502519163703973, 468502519163161036, 468502519163020457, 468502519163743328]","[0.7678686380386353, 0.7403371334075928, 0.7519993782043457, 0.7308881878852844, 0.7343255281448364]"
650.0,MEDMCQA,4.330514639150351e-05,0.00028238503728061914,0.9996360540390015,3.821665814029984e-05,2,4.25817084312439,False,"['PBMD', 'PBMD', 'PBMD', 'PBMD', 'PBMD']","[468502519163922218, 468502519163693758, 468502519163722067, 468502519163627469, 468502519163798526]","[0.8208029270172119, 0.8463646173477173, 0.841650128364563, 0.7897273302078247, 0.7767231464385986]"
651.0,MEDMCQA,1.5934678231133148e-05,6.708750152029097e-05,0.9998621940612793,5.475522266351618e-05,2,5.524476766586304,False,"['STAT', 'PBMD', 'TEXT', 'PBMD', 'PBMD']","[468502519162719913, 468502519163062710, 468502519162411500, 468502519163192268, 468502519163418335]","[0.7372315526008606, 0.7488199472427368, 0.7369840741157532, 0.73115074634552, 0.7552925944328308]"
652.0,MEDMCQA,2.1111680325702764e-05,2.229837809863966e-05,1.568886909808498e-05,0.9999408721923828,3,3.6796715259552,False,"['TEXT', 'STAT', 'STAT', 'STAT', 'TEXT']","[468502519162393959, 468502519162755658, 468502519162769404, 468502519162800502, 468502519162308857]","[0.8119589686393738, 0.8140500783920288, 0.7834703326225281, 0.7776867151260376, 0.7775146961212158]"
653.0,MEDMCQA,0.42966070771217346,0.14848677814006805,0.03064197674393654,0.39121052622795105,0,9.38668441772461,False,"['PBMD', 'PBMD', 'PBMD', 'PBMD', 'PBMD']","[468502519163134520, 468502519163118777, 468502519163139304, 468502519163443955, 468502519163152835]","[0.766810953617096, 0.7582816481590271, 0.7605669498443604, 0.7635272741317749, 0.7561052441596985]"
654.0,MEDMCQA,1.2508688087109476e-05,0.9999754428863525,1.4593425703424145e-06,1.0615985956974328e-05,1,4.148658037185669,False,"['PBMD', 'PBMD', 'PBMD', 'TEXT', 'PBMD']","[468502519163290670, 468502519163056928, 468502519163062866, 468502519162317798, 468502519163026019]","[0.7543271780014038, 0.7562766075134277, 0.7296662330627441, 0.7303269505500793, 0.7302398085594177]"
655.0,MEDMCQA,1.777199940988794e-05,6.203036900842562e-05,0.9996137022972107,0.00030651921406388283,1,5.476859092712402,False,"['PBMD', 'PBMD', 'PBMD', 'PBMD', 'TEXT']","[468502519163682457, 468502519163742499, 468502519163969023, 468502519163742502, 468502519162371556]","[0.8216121196746826, 0.8373675346374512, 0.8331817388534546, 0.8223020434379578, 0.8292683362960815]"
656.0,MEDMCQA,3.399896013434045e-05,0.9998818635940552,2.3550390324089676e-05,6.060969826648943e-05,1,5.114857196807861,False,"['STAT', 'PBMD', 'STAT', 'PBMD', 'PBMD']","[468502519162715045, 468502519163436842, 468502519162694132, 468502519163922042, 468502519163860563]","[0.7737861275672913, 0.7754462361335754, 0.7797485589981079, 0.7698065638542175, 0.7687869071960449]"
657.0,MEDMCQA,0.9990586638450623,0.0008294964209198952,5.417144166131038e-06,0.00010649354226188734,0,4.834084510803223,False,"['TEXT', 'TEXT', 'STAT', 'TEXT', 'TEXT']","[468502519162399876, 468502519162399877, 468502519162877106, 468502519162306781, 468502519162399878]","[0.7831124663352966, 0.8348863124847412, 0.7980371713638306, 0.7956258654594421, 0.8032983541488647]"
658.0,MEDMCQA,0.01098316628485918,0.010897694155573845,0.9657704830169678,0.012348704971373081,3,6.760047197341919,False,"['STAT', 'STAT', 'PBMD', 'PBMD', 'STAT']","[468502519162897372, 468502519162897376, 468502519163848709, 468502519163742147, 468502519162897377]","[0.7459803819656372, 0.73100745677948, 0.723879337310791, 0.7221704125404358, 0.7304525375366211]"
659.0,MEDMCQA,0.25,0.25,0.25,0.25,2,10.272187232971191,True,"['STAT', 'TEXT', 'STAT', 'STAT', 'PBMD']","[468502519162919269, 468502519162296013, 468502519162907942, 468502519162836547, 468502519163288135]","[0.7439899444580078, 0.7479594349861145, 0.7374482750892639, 0.7463257312774658, 0.7404481768608093]"
660.0,MEDMCQA,2.4258572011603974e-05,0.0017006573034450412,1.4039785128261428e-05,0.998261034488678,3,6.239375829696655,False,"['PBMD', 'STAT', 'STAT', 'STAT', 'STAT']","[468502519163421460, 468502519162971356, 468502519162785235, 468502519162971353, 468502519162972908]","[0.7267066240310669, 0.7205330729484558, 0.736403226852417, 0.7225661277770996, 0.7129973769187927]"
661.0,MEDMCQA,0.0003709756419993937,0.0004203704884275794,0.00014485116116702557,0.9990637898445129,3,9.942965984344482,False,"['PBMD', 'STAT', 'STAT', 'TEXT', 'PBMD']","[468502519163969182, 468502519162883527, 468502519162988089, 468502519162359667, 468502519163824003]","[0.7984675168991089, 0.7787899971008301, 0.750566840171814, 0.779184103012085, 0.7549392580986023]"
662.0,MEDMCQA,0.9999842643737793,4.785041710420046e-06,8.315156492244569e-07,1.0129934707947541e-05,0,3.4209017753601074,False,"['PBMD', 'TEXT', 'PBMD', 'PBMD', 'TEXT']","[468502519163907224, 468502519162340686, 468502519163803192, 468502519163665338, 468502519162339987]","[0.8891860246658325, 0.8571723103523254, 0.8515082597732544, 0.8817968368530273, 0.8551245331764221]"
663.0,MEDMCQA,0.6502594351768494,0.0009776254883036017,0.0007041572243906558,0.348058819770813,3,5.9692463874816895,False,"['PBMD', 'PBMD', 'PBMD', 'PBMD', 'PBMD']","[468502519163920431, 468502519163538896, 468502519163623102, 468502519163122154, 468502519163529487]","[0.812608540058136, 0.7645165920257568, 0.7866652607917786, 0.7888896465301514, 0.7968182563781738]"
664.0,MEDMCQA,0.0002332969306735322,7.54083157517016e-05,9.682618838269264e-05,0.999594509601593,2,5.867753744125366,False,"['PBMD', 'PBMD', 'PBMD', 'PBMD', 'STAT']","[468502519163081769, 468502519163487308, 468502519163405501, 468502519163313877, 468502519162461660]","[0.7914974689483643, 0.809367835521698, 0.8132438659667969, 0.7828343510627747, 0.7836897373199463]"
665.0,MEDMCQA,9.515911187918391e-06,0.9999547004699707,1.0289153578924015e-05,2.5465898943366483e-05,0,4.442119836807251,False,"['TEXT', 'STAT', 'TEXT', 'STAT', 'STAT']","[468502519162327111, 468502519162773794, 468502519162306209, 468502519162474346, 468502519162766500]","[0.752609372138977, 0.7357930541038513, 0.727666974067688, 0.7235797047615051, 0.7575139999389648]"
666.0,MEDMCQA,1.6962289009825327e-05,4.7571917093591765e-05,0.9998570680618286,7.843282946851104e-05,0,6.229413032531738,False,"['STAT', 'PBMD', 'PBMD', 'STAT', 'PBMD']","[468502519162964855, 468502519163053499, 468502519163470409, 468502519162990700, 468502519163039082]","[0.7430904507637024, 0.7188718318939209, 0.7267643213272095, 0.7189818024635315, 0.7447311878204346]"
667.0,MEDMCQA,2.627189678605646e-05,3.6474913940764964e-05,0.9998642206192017,7.310796354431659e-05,2,8.873887538909912,False,"['STAT', 'STAT', 'STAT', 'STAT', 'STAT']","[468502519162447154, 468502519162447153, 468502519162447155, 468502519162447152, 468502519162447156]","[0.7596812844276428, 0.7714216709136963, 0.7499454617500305, 0.7445261478424072, 0.7822087407112122]"
668.0,MEDMCQA,2.2470134354080074e-05,5.6489912822144106e-05,0.9998015761375427,0.00011958915274590254,3,5.7874016761779785,False,"['PBMD', 'STAT', 'TEXT', 'PBMD', 'PBMD']","[468502519163504737, 468502519162828235, 468502519162297262, 468502519163878590, 468502519163144812]","[0.8119936585426331, 0.7944048643112183, 0.8161511421203613, 0.8011540174484253, 0.8021031618118286]"
669.0,MEDMCQA,1.044996315613389e-05,8.34897073218599e-05,0.9998378753662109,6.814231164753437e-05,2,4.685861349105835,False,"['PBMD', 'PBMD', 'PBMD', 'PBMD', 'PBMD']","[468502519163330898, 468502519163936469, 468502519162997532, 468502519163142642, 468502519163700985]","[0.8405440449714661, 0.871494472026825, 0.8374150991439819, 0.8364566564559937, 0.816088080406189]"
670.0,MEDMCQA,0.0007755370461381972,0.0006111084949225187,0.9982030391693115,0.00041027882252819836,2,4.82686185836792,False,"['PBMD', 'PBMD', 'PBMD', 'PBMD', 'PBMD']","[468502519163611402, 468502519163763760, 468502519163698634, 468502519163874339, 468502519163791916]","[0.7916889190673828, 0.778872013092041, 0.7892651557922363, 0.7831991910934448, 0.785854697227478]"
671.0,MEDMCQA,1.0952951924991794e-05,0.9999734163284302,1.5056639313115738e-06,1.4063868547964375e-05,1,8.183682918548584,False,"['STAT', 'TEXT', 'TEXT', 'PBMD', 'PBMD']","[468502519162792127, 468502519162354573, 468502519162416473, 468502519163286320, 468502519163195568]","[0.772290050983429, 0.7956695556640625, 0.775646448135376, 0.7800624966621399, 0.7696022987365723]"
672.0,MEDMCQA,0.9976104497909546,0.0004888346884399652,0.0005244431085884571,0.0013763366732746363,0,6.15455436706543,False,"['PBMD', 'PBMD', 'PBMD', 'STAT', 'TEXT']","[468502519163452158, 468502519163941356, 468502519163933907, 468502519162486154, 468502519162300601]","[0.7413374781608582, 0.7620875835418701, 0.7501271367073059, 0.7419764995574951, 0.746286928653717]"
673.0,MEDMCQA,8.529372280463576e-06,2.840714660123922e-05,0.9998801946640015,8.284350042231381e-05,2,4.496033668518066,False,"['PBMD', 'PBMD', 'PBMD', 'PBMD', 'PBMD']","[468502519163354020, 468502519163369173, 468502519163779848, 468502519163136190, 468502519163993720]","[0.809583842754364, 0.7842578887939453, 0.7858655452728271, 0.7821038365364075, 0.7857453227043152]"
674.0,MEDMCQA,2.300652522535529e-05,1.5206384887278546e-05,6.9619900386896916e-06,0.9999548196792603,3,5.186017751693726,False,"['PBMD', 'PBMD', 'PBMD', 'PBMD', 'PBMD']","[468502519163121918, 468502519163434331, 468502519163158412, 468502519163435423, 468502519163116966]","[0.7439026236534119, 0.7750371694564819, 0.7758128643035889, 0.7475535869598389, 0.7600285410881042]"
675.0,MEDMCQA,0.9992942810058594,0.00016725040040910244,1.776632052497007e-05,0.0005207313224673271,1,5.601487159729004,False,"['PBMD', 'PBMD', 'PBMD', 'PBMD', 'PBMD']","[468502519163684574, 468502519163703224, 468502519163431585, 468502519163151167, 468502519163435559]","[0.7182828783988953, 0.7226405143737793, 0.7214987874031067, 0.7204145193099976, 0.720660388469696]"
676.0,MEDMCQA,0.9970571994781494,0.00043965966324321926,0.00010774323163786903,0.0023954189382493496,2,3.95520281791687,False,"['PBMD', 'STAT', 'PBMD', 'TEXT', 'PBMD']","[468502519163951572, 468502519162963338, 468502519163751820, 468502519162311714, 468502519163350995]","[0.7308297157287598, 0.6992504000663757, 0.7101818323135376, 0.6901437640190125, 0.7240769267082214]"
677.0,MEDMCQA,8.396166776947211e-06,2.8851161914644763e-05,0.9997647404670715,0.00019793357932940125,3,4.38142466545105,False,"['PBMD', 'PBMD', 'PBMD', 'PBMD', 'PBMD']","[468502519163864364, 468502519163497971, 468502519163900614, 468502519163978014, 468502519163453132]","[0.7785110473632812, 0.7776262760162354, 0.7871369123458862, 0.7598127126693726, 0.763139545917511]"
678.0,MEDMCQA,9.368192877445836e-06,0.9999346733093262,4.356614226708189e-06,5.144150054547936e-05,1,6.909938335418701,False,"['STAT', 'PBMD', 'PBMD', 'PBMD', 'PBMD']","[468502519162856413, 468502519163438371, 468502519163498714, 468502519163762016, 468502519163623179]","[0.7591907978057861, 0.7514092326164246, 0.7890784740447998, 0.757182776927948, 0.7622321844100952]"
679.0,MEDMCQA,1.0285571988788433e-05,1.8624765289132483e-05,0.9996066689491272,0.0003643536474555731,2,4.131032228469849,False,"['PBMD', 'PBMD', 'STAT', 'STAT', 'STAT']","[468502519163867216, 468502519163652352, 468502519162928917, 468502519162950330, 468502519162849271]","[0.7736132740974426, 0.7629689574241638, 0.7831085920333862, 0.7544413208961487, 0.8072041273117065]"
680.0,MEDMCQA,0.20982462167739868,0.0046356297098100185,0.3682536780834198,0.41728609800338745,3,10.281294345855713,False,"['STAT', 'PBMD', 'PBMD', 'PBMD', 'PBMD']","[468502519162830632, 468502519163532876, 468502519163197875, 468502519163889243, 468502519163928971]","[0.7639124989509583, 0.7530063390731812, 0.7461029291152954, 0.7565617561340332, 0.7638373970985413]"
681.0,MEDMCQA,0.00012528883235063404,0.9994863271713257,6.706228305120021e-05,0.0003211884177289903,3,6.057008981704712,False,"['PBMD', 'PBMD', 'PBMD', 'PBMD', 'PBMD']","[468502519163432660, 468502519163121790, 468502519163436340, 468502519163656283, 468502519163121669]","[0.7578068375587463, 0.7646759748458862, 0.7899543046951294, 0.7398525476455688, 0.7557449340820312]"
682.0,MEDMCQA,0.9993957281112671,0.00010224850120721385,3.478829967207275e-05,0.0004672840586863458,1,6.856396913528442,False,"['STAT', 'PBMD', 'STAT', 'PBMD', 'PBMD']","[468502519162793236, 468502519163254908, 468502519162793234, 468502519163235482, 468502519163408695]","[0.7029765844345093, 0.7151967287063599, 0.7123671770095825, 0.7448662519454956, 0.7433385252952576]"
683.0,MEDMCQA,0.9999576807022095,5.638007223751629e-06,1.136516857513925e-06,3.5542077966965735e-05,0,4.770542860031128,False,"['STAT', 'STAT', 'STAT', 'STAT', 'STAT']","[468502519162776711, 468502519162824240, 468502519162808013, 468502519162989394, 468502519162721097]","[0.7803077697753906, 0.7690247297286987, 0.7580944895744324, 0.7826856374740601, 0.7704179883003235]"
684.0,MEDMCQA,2.9770784749416634e-05,0.999891996383667,1.669989615038503e-05,6.156478775665164e-05,1,3.9209749698638916,False,"['PBMD', 'PBMD', 'PBMD', 'PBMD', 'TEXT']","[468502519163711159, 468502519163612238, 468502519163941356, 468502519163937152, 468502519162300600]","[0.7717915773391724, 0.8154194355010986, 0.7854640483856201, 0.789990246295929, 0.8009609580039978]"
685.0,MEDMCQA,0.002170547377318144,0.9542415738105774,0.0006671714363619685,0.04292070493102074,1,5.523833990097046,False,"['TEXT', 'TEXT', 'PBMD', 'PBMD', 'PBMD']","[468502519162381551, 468502519162381220, 468502519163337214, 468502519163854495, 468502519163835664]","[0.7737551927566528, 0.7803821563720703, 0.7622695565223694, 0.7664496898651123, 0.7567610144615173]"
686.0,MEDMCQA,2.5864401322905906e-05,1.4737092897121329e-05,0.9998570680618286,0.00010229570034425706,2,4.52515435218811,False,"['TEXT', 'TEXT', 'TEXT', 'TEXT', 'TEXT']","[468502519162389875, 468502519162389872, 468502519162389883, 468502519162389996, 468502519162390012]","[0.7953472137451172, 0.7852367162704468, 0.7931581139564514, 0.7912891507148743, 0.7689064741134644]"
687.0,MEDMCQA,5.093455456517404e-06,2.318675979040563e-05,0.999945878982544,2.5866698706522584e-05,2,4.93515419960022,False,"['PBMD', 'PBMD', 'PBMD', 'STAT', 'TEXT']","[468502519163933184, 468502519163658612, 468502519163690929, 468502519162475333, 468502519162401724]","[0.7399362325668335, 0.7315260767936707, 0.7512043714523315, 0.7300220131874084, 0.7499779462814331]"
688.0,MEDMCQA,5.862730176886544e-06,0.9999798536300659,3.2886937333387323e-06,1.095302195608383e-05,1,4.859443426132202,False,"['TEXT', 'STAT', 'PBMD', 'STAT', 'STAT']","[468502519162394556, 468502519162751530, 468502519163542952, 468502519162751531, 468502519162763795]","[0.809968113899231, 0.8597941398620605, 0.8125588893890381, 0.8810662627220154, 0.8109105825424194]"
689.0,MEDMCQA,7.646214726264589e-06,0.9999501705169678,1.8161351817980176e-06,4.0377522964263335e-05,1,6.995405912399292,False,"['STAT', 'STAT', 'STAT', 'STAT', 'STAT']","[468502519162861929, 468502519162810648, 468502519162861922, 468502519162885557, 468502519162799575]","[0.7478507161140442, 0.7515580654144287, 0.7510485649108887, 0.709409236907959, 0.7099893689155579]"
690.0,MEDMCQA,0.9999301433563232,2.7750480512622744e-05,3.7850750231882557e-06,3.822790313279256e-05,1,4.071990966796875,False,"['STAT', 'PBMD', 'PBMD', 'PBMD', 'PBMD']","[468502519162711463, 468502519163978541, 468502519163573002, 468502519163211750, 468502519163062725]","[0.7360854744911194, 0.7399052977561951, 0.7387899160385132, 0.7222818732261658, 0.7299209237098694]"
691.0,MEDMCQA,0.9994903802871704,0.00014878477668389678,3.589599873521365e-05,0.00032497584470547736,0,4.98028564453125,False,"['STAT', 'STAT', 'STAT', 'STAT', 'STAT']","[468502519162781276, 468502519162486871, 468502519162776947, 468502519162437613, 468502519162891700]","[0.7330982089042664, 0.7389134168624878, 0.7322559356689453, 0.7308140993118286, 0.7294384241104126]"
692.0,MEDMCQA,5.422160484158667e-06,0.9999837875366211,3.8448874875030015e-06,7.07183062331751e-06,1,7.183394193649292,False,"['PBMD', 'PBMD', 'PBMD', 'PBMD', 'PBMD']","[468502519163644419, 468502519163210688, 468502519163531287, 468502519163719891, 468502519163695342]","[0.7801448106765747, 0.7601333856582642, 0.7636541724205017, 0.7749482989311218, 0.7754053473472595]"
693.0,MEDMCQA,4.495179837249452e-06,0.9999951124191284,1.637369280160783e-07,1.8553822656031116e-07,2,10.121455192565918,False,"['STAT', 'STAT', 'TEXT', 'TEXT', 'STAT']","[468502519162832547, 468502519162826199, 468502519162354138, 468502519162317307, 468502519162914060]","[0.7716089487075806, 0.7716088891029358, 0.7584713697433472, 0.754938542842865, 0.7475357055664062]"
694.0,MEDMCQA,9.810670599108562e-05,0.00027947998023591936,0.9971117973327637,0.0025105150416493416,1,6.578470945358276,False,"['PBMD', 'STAT', 'STAT', 'PBMD', 'PBMD']","[468502519163953152, 468502519162767758, 468502519162492600, 468502519163354938, 468502519163111603]","[0.7774614095687866, 0.7737919688224792, 0.7609816193580627, 0.7707760334014893, 0.7735347151756287]"
695.0,MEDMCQA,5.043463033871376e-07,1.17264028176578e-06,1.0348513796998304e-06,0.9999972581863403,3,7.370990991592407,False,"['STAT', 'STAT', 'PBMD', 'PBMD', 'PBMD']","[468502519162444870, 468502519162463830, 468502519163571739, 468502519163532621, 468502519163618684]","[0.8002545833587646, 0.7836836576461792, 0.7876119613647461, 0.8023377656936646, 0.788662314414978]"
696.0,MEDMCQA,0.9999839067459106,3.7852785226277774e-06,8.764106951275608e-08,1.2123939086450264e-05,0,3.3106584548950195,False,"['STAT', 'STAT', 'STAT', 'PBMD', 'TEXT']","[468502519162920898, 468502519162451882, 468502519162714038, 468502519163929558, 468502519162361743]","[0.7801958322525024, 0.7846518754959106, 0.7876964807510376, 0.7731831073760986, 0.7711097002029419]"
697.0,MEDMCQA,0.99996018409729,2.9541120966314338e-05,3.500727189020836e-06,6.747828138031764e-06,0,4.197117805480957,False,"['TEXT', 'TEXT', 'TEXT', 'TEXT', 'TEXT']","[468502519162355616, 468502519162417930, 468502519162365257, 468502519162364729, 468502519162417929]","[0.7708917260169983, 0.7616163492202759, 0.7656252980232239, 0.7808535695075989, 0.774085283279419]"
698.0,MEDMCQA,0.0009820403065532446,0.992121696472168,0.00520617701113224,0.0016901982016861439,2,5.431810617446899,False,"['TEXT', 'TEXT', 'STAT', 'TEXT', 'STAT']","[468502519162296942, 468502519162359934, 468502519162436044, 468502519162327922, 468502519162742249]","[0.8075422048568726, 0.7879331111907959, 0.7831643223762512, 0.7784276008605957, 0.7804471254348755]"
699.0,MEDMCQA,4.131060268264264e-05,0.0001252728543477133,0.9993588328361511,0.00047462517977692187,1,5.815068244934082,False,"['TEXT', 'PBMD', 'PBMD', 'PBMD', 'PBMD']","[468502519162309684, 468502519163286354, 468502519163418915, 468502519163175102, 468502519163625872]","[0.757639467716217, 0.7510872483253479, 0.7686043977737427, 0.7782446146011353, 0.7596489191055298]"
700.0,MEDMCQA,2.4060818759608082e-06,4.222804818709847e-06,4.3568511500780005e-06,0.9999890327453613,1,4.576925754547119,False,"['TEXT', 'PBMD', 'TEXT', 'STAT', 'PBMD']","[468502519162419692, 468502519163135240, 468502519162419693, 468502519162882050, 468502519163727874]","[0.7374259829521179, 0.7423064708709717, 0.7379120588302612, 0.7387908697128296, 0.738616406917572]"
701.0,MEDMCQA,1.5936400814098306e-05,0.9999703168869019,1.06767231500271e-06,1.2606731615960598e-05,0,5.415897846221924,False,"['PBMD', 'PBMD', 'PBMD', 'PBMD', 'PBMD']","[468502519163542563, 468502519163139135, 468502519163134482, 468502519163156540, 468502519163156530]","[0.7360464334487915, 0.7536762356758118, 0.7418565154075623, 0.746577799320221, 0.7291908264160156]"
702.0,MEDMCQA,9.815704288484994e-06,2.796233820845373e-05,0.9997230172157288,0.00023921026149764657,1,4.155112028121948,False,"['PBMD', 'PBMD', 'PBMD', 'PBMD', 'PBMD']","[468502519163976838, 468502519163204258, 468502519163113886, 468502519163890275, 468502519163432111]","[0.7126133441925049, 0.7093427181243896, 0.7216011881828308, 0.7311167120933533, 0.7199646830558777]"
703.0,MEDMCQA,0.9997816681861877,5.693183993571438e-05,2.045888322754763e-05,0.00014090763579588383,2,3.8768725395202637,False,"['PBMD', 'TEXT', 'STAT', 'STAT', 'STAT']","[468502519163648326, 468502519162389945, 468502519162925944, 468502519162876498, 468502519162933440]","[0.793006181716919, 0.7688120603561401, 0.7457393407821655, 0.7570512890815735, 0.7557670474052429]"
704.0,MEDMCQA,0.8190712928771973,0.17168666422367096,0.006868330761790276,0.0023736318107694387,2,10.283280849456787,False,"['PBMD', 'PBMD', 'PBMD', 'PBMD', 'PBMD']","[468502519163562479, 468502519163600684, 468502519163159204, 468502519163161483, 468502519163568826]","[0.6587592363357544, 0.66117262840271, 0.7192184329032898, 0.6574549674987793, 0.6602781414985657]"
705.0,MEDMCQA,6.38460842310451e-05,0.00022635403729509562,0.9972186088562012,0.002491244813427329,3,7.649168968200684,False,"['STAT', 'STAT', 'STAT', 'STAT', 'STAT']","[468502519162799163, 468502519162423476, 468502519162453556, 468502519162913115, 468502519162870229]","[0.7184606790542603, 0.701790988445282, 0.7184432148933411, 0.7210386395454407, 0.7026064395904541]"
706.0,MEDMCQA,2.6425796022522263e-06,1.57795636823721e-06,8.186329978343565e-07,0.9999949932098389,3,5.608233690261841,False,"['STAT', 'TEXT', 'STAT', 'STAT', 'STAT']","[468502519162895510, 468502519162333468, 468502519162488059, 468502519162736059, 468502519162736038]","[0.780487596988678, 0.7401799559593201, 0.7386546730995178, 0.738784909248352, 0.7555740475654602]"
707.0,MEDMCQA,0.0009979045717045665,0.9944593906402588,0.001011641463264823,0.003530975664034486,2,6.647419452667236,False,"['TEXT', 'TEXT', 'TEXT', 'TEXT', 'TEXT']","[468502519162401881, 468502519162405073, 468502519162297694, 468502519162360491, 468502519162331889]","[0.6664921045303345, 0.6394872665405273, 0.6548922657966614, 0.6410865783691406, 0.6410864591598511]"
708.0,MEDMCQA,0.25,0.25,0.25,0.25,2,10.316863298416138,True,"['STAT', 'STAT', 'STAT', 'PBMD', 'TEXT']","[468502519162704371, 468502519162733316, 468502519162733317, 468502519163617493, 468502519162398031]","[0.759663462638855, 0.7380765676498413, 0.7235650420188904, 0.7272658348083496, 0.7403476238250732]"
709.0,MEDMCQA,1.165928642876679e-05,1.6701156710041687e-05,0.9999674558639526,4.15724662161665e-06,2,4.707454442977905,False,"['PBMD', 'PBMD', 'PBMD', 'PBMD', 'PBMD']","[468502519163434729, 468502519163432559, 468502519163442891, 468502519163470260, 468502519163367883]","[0.7492537498474121, 0.7502501010894775, 0.7356327176094055, 0.7412105798721313, 0.7393044829368591]"
710.0,MEDMCQA,1.4063841263123322e-05,0.9999715089797974,1.3081410088489065e-06,1.3108940947859082e-05,1,7.0879597663879395,False,"['STAT', 'PBMD', 'PBMD', 'PBMD', 'PBMD']","[468502519162767385, 468502519163013454, 468502519163044176, 468502519163337227, 468502519163512278]","[0.7343610525131226, 0.7371739149093628, 0.7313964366912842, 0.7348021864891052, 0.7359261512756348]"
711.0,MEDMCQA,1.2603496543306392e-05,0.9997137188911438,2.0574641439452535e-06,0.000271588156465441,1,6.7643420696258545,False,"['PBMD', 'PBMD', 'STAT', 'PBMD', 'TEXT']","[468502519163064241, 468502519163511145, 468502519162893377, 468502519163936576, 468502519162314196]","[0.7908583879470825, 0.7734510898590088, 0.7826453447341919, 0.7846499085426331, 0.7732414603233337]"
712.0,MEDMCQA,1.8777216610033065e-05,2.8856395147158764e-05,6.240633865672862e-06,0.999946117401123,3,2.613332509994507,False,"['PBMD', 'PBMD', 'PBMD', 'TEXT', 'TEXT']","[468502519163071199, 468502519163436305, 468502519163434669, 468502519162297694, 468502519162396117]","[0.6730303764343262, 0.665363609790802, 0.6419519782066345, 0.6644483804702759, 0.6641366481781006]"
713.0,MEDMCQA,0.0002779945498332381,0.999591052532196,8.478355448460206e-05,4.6096014557406306e-05,1,7.3989198207855225,False,"['STAT', 'PBMD', 'TEXT', 'PBMD', 'PBMD']","[468502519162467296, 468502519163039755, 468502519162328158, 468502519163880344, 468502519163431362]","[0.7980523109436035, 0.7809144258499146, 0.7807220220565796, 0.7748824954032898, 0.7839412093162537]"
714.0,MEDMCQA,4.068582711624913e-05,1.6438560123788193e-05,0.9997442364692688,0.00019870420510414988,2,5.576781272888184,False,"['STAT', 'STAT', 'STAT', 'STAT', 'STAT']","[468502519162799528, 468502519162701264, 468502519162727878, 468502519162820775, 468502519162883262]","[0.8079663515090942, 0.835848867893219, 0.8021952509880066, 0.8000968098640442, 0.8144887089729309]"
715.0,MEDMCQA,1.3211238183430396e-05,4.593197809299454e-05,0.9999322891235352,8.529817023372743e-06,2,5.464268922805786,False,"['STAT', 'PBMD', 'TEXT', 'STAT', 'STAT']","[468502519162711771, 468502519163662967, 468502519162306995, 468502519162807556, 468502519162807520]","[0.7832902073860168, 0.7620607614517212, 0.7327631115913391, 0.7575529217720032, 0.7418241500854492]"
716.0,MEDMCQA,1.5869984792971081e-07,4.3139090166732785e-07,6.276700901253207e-07,0.9999988079071045,3,4.409127473831177,False,"['PBMD', 'STAT', 'PBMD', 'STAT', 'PBMD']","[468502519163400934, 468502519162841700, 468502519163744289, 468502519162979723, 468502519163487255]","[0.7685245871543884, 0.8090466856956482, 0.7452446818351746, 0.7730182409286499, 0.7837091684341431]"
717.0,MEDMCQA,0.9987514019012451,0.000319701008265838,0.00016201658581849188,0.0007669228361919522,0,5.070512533187866,False,"['PBMD', 'PBMD', 'PBMD', 'PBMD', 'PBMD']","[468502519163376163, 468502519163765182, 468502519163023874, 468502519163303909, 468502519163255783]","[0.7027254104614258, 0.7244841456413269, 0.7183950543403625, 0.7139807343482971, 0.7016039490699768]"
718.0,MEDMCQA,1.0125729204446543e-05,3.479433507891372e-05,0.9995691180229187,0.0003859487478621304,2,3.8856613636016846,False,"['STAT', 'STAT', 'STAT', 'STAT', 'STAT']","[468502519162839715, 468502519162850641, 468502519162476202, 468502519162476246, 468502519162476288]","[0.8108031749725342, 0.8010767698287964, 0.7992815971374512, 0.8211074471473694, 0.8032895922660828]"
719.0,MEDMCQA,0.0002819452784024179,0.0009463860187679529,0.9980792999267578,0.000692390778567642,1,8.126854658126831,False,"['PBMD', 'PBMD', 'PBMD', 'PBMD', 'PBMD']","[468502519163699111, 468502519163606710, 468502519163219892, 468502519163916581, 468502519163701437]","[0.6834988594055176, 0.6703130602836609, 0.7039241790771484, 0.6852639317512512, 0.6701269149780273]"
720.0,MEDMCQA,1.165802405012073e-05,1.1841611922136508e-05,0.9998592138290405,0.00011728284152923152,2,8.852760553359985,False,"['STAT', 'STAT', 'STAT', 'STAT', 'STAT']","[468502519162776577, 468502519162450510, 468502519162705743, 468502519162770275, 468502519162940346]","[0.7651478052139282, 0.7846345901489258, 0.7641398310661316, 0.749832034111023, 0.7457979321479797]"
721.0,MEDMCQA,1.5534899375779787e-06,3.998088686785195e-06,9.570774182066089e-07,0.9999934434890747,1,5.22011399269104,False,"['PBMD', 'PBMD', 'STAT', 'PBMD', 'PBMD']","[468502519163151060, 468502519163957836, 468502519162793288, 468502519163134721, 468502519163141991]","[0.7556763291358948, 0.7585183382034302, 0.7355755567550659, 0.7228518724441528, 0.7264794707298279]"
722.0,MEDMCQA,0.99918133020401,0.0002530131605453789,2.7947187845711596e-05,0.0005377252819016576,0,6.052418231964111,False,"['TEXT', 'PBMD', 'PBMD', 'TEXT', 'TEXT']","[468502519162381551, 468502519163842652, 468502519163337214, 468502519162381220, 468502519162301380]","[0.7485072612762451, 0.7428807616233826, 0.7624428272247314, 0.7590947151184082, 0.7448552846908569]"
723.0,MEDMCQA,0.9997963309288025,5.024290658184327e-05,5.770777988800546e-06,0.00014767212269362062,0,5.9751667976379395,False,"['PBMD', 'PBMD', 'PBMD', 'PBMD', 'PBMD']","[468502519163212423, 468502519163192349, 468502519163474813, 468502519163342524, 468502519163895198]","[0.7931073307991028, 0.787399172782898, 0.7707369327545166, 0.7742980718612671, 0.7914357781410217]"
724.0,MEDMCQA,0.9999711513519287,5.014615453546867e-06,2.7851919526256097e-07,2.3552493075840175e-05,0,7.089879512786865,False,"['STAT', 'STAT', 'STAT', 'PBMD', 'PBMD']","[468502519162794380, 468502519162794374, 468502519162794382, 468502519163139080, 468502519163204168]","[0.7907812595367432, 0.7522045969963074, 0.7627572417259216, 0.7694957256317139, 0.754773736000061]"
725.0,MEDMCQA,9.08033052837709e-06,0.9999750852584839,1.9946839984186227e-06,1.3845851754012983e-05,1,6.09494423866272,False,"['STAT', 'TEXT', 'STAT', 'STAT', 'STAT']","[468502519162985575, 468502519162350780, 468502519162792604, 468502519162459202, 468502519162985537]","[0.7732713222503662, 0.7661011219024658, 0.7773910760879517, 0.7646560072898865, 0.7566837072372437]"
726.0,MEDMCQA,0.0004794091801159084,0.0007812035619281232,0.9976716637611389,0.0010677786776795983,0,8.53539252281189,False,"['PBMD', 'TEXT', 'STAT', 'PBMD', 'PBMD']","[468502519163212459, 468502519162377288, 468502519162908713, 468502519163508732, 468502519163484379]","[0.7568507790565491, 0.7527937889099121, 0.7376981973648071, 0.7493824362754822, 0.7484720945358276]"
727.0,MEDMCQA,6.60442965454422e-05,7.483799709007144e-05,0.9998151659965515,4.399498720886186e-05,0,7.187503099441528,False,"['STAT', 'PBMD', 'PBMD', 'PBMD', 'PBMD']","[468502519162473589, 468502519163266205, 468502519163518196, 468502519163421968, 468502519163697741]","[0.8265848159790039, 0.8308985233306885, 0.8413463830947876, 0.8183681964874268, 0.8179388046264648]"
728.0,MEDMCQA,0.9999109506607056,3.647662015282549e-05,3.3928540688066278e-06,4.927677218802273e-05,0,4.474915027618408,False,"['TEXT', 'TEXT', 'PBMD', 'TEXT', 'PBMD']","[468502519162308500, 468502519162419663, 468502519163106117, 468502519162419665, 468502519163116911]","[0.7406607866287231, 0.7109265327453613, 0.7076398134231567, 0.7147443890571594, 0.7125831246376038]"
729.0,MEDMCQA,0.9999823570251465,1.1179991815879475e-05,2.699530625704938e-07,6.240859875106253e-06,1,5.7872679233551025,False,"['PBMD', 'TEXT', 'PBMD', 'PBMD', 'PBMD']","[468502519163253594, 468502519162354882, 468502519163060482, 468502519163994341, 468502519162995092]","[0.7496715784072876, 0.7553747892379761, 0.7449963092803955, 0.7525449991226196, 0.7426900863647461]"
730.0,MEDMCQA,5.431292811408639e-05,0.9995643496513367,1.580596472194884e-05,0.00036540720611810684,0,3.1365718841552734,False,"['STAT', 'STAT', 'TEXT', 'STAT', 'STAT']","[468502519162451309, 468502519162429422, 468502519162396353, 468502519162429019, 468502519162844377]","[0.7880769968032837, 0.7795787453651428, 0.7908594012260437, 0.8012930154800415, 0.7766311764717102]"
731.0,MEDMCQA,0.9999892711639404,3.3405144677089993e-06,1.6536746443307493e-06,5.682406481355429e-06,0,3.3709847927093506,False,"['STAT', 'STAT', 'PBMD', 'PBMD', 'PBMD']","[468502519162868609, 468502519162848398, 468502519163323005, 468502519163592077, 468502519163809440]","[0.7628723382949829, 0.7325316071510315, 0.7315011024475098, 0.7496945261955261, 0.7377066016197205]"
732.0,MEDMCQA,0.0024643377400934696,0.0011663465993478894,0.0002406892308499664,0.9961285591125488,1,9.174596548080444,False,"['PBMD', 'PBMD', 'PBMD', 'PBMD', 'PBMD']","[468502519163287009, 468502519163944311, 468502519163703924, 468502519163687087, 468502519163412360]","[0.7479239106178284, 0.775508463382721, 0.7516499757766724, 0.7506349086761475, 0.7460516691207886]"
733.0,MEDMCQA,0.9997971653938293,0.00015117417206056416,1.8921668015536852e-05,3.2821670174598694e-05,0,3.6750073432922363,False,"['STAT', 'STAT', 'STAT', 'STAT', 'STAT']","[468502519162826738, 468502519162453702, 468502519162870915, 468502519162928393, 468502519162848030]","[0.7666714191436768, 0.7663746476173401, 0.7639504671096802, 0.778444230556488, 0.7643494606018066]"
734.0,MEDMCQA,2.1106659914948978e-05,5.142958980286494e-05,0.9997031092643738,0.0002242743066744879,3,5.416159629821777,False,"['STAT', 'PBMD', 'PBMD', 'STAT', 'TEXT']","[468502519162958628, 468502519163725073, 468502519163073248, 468502519162989451, 468502519162412213]","[0.8108795881271362, 0.8076102137565613, 0.8020307421684265, 0.8043684363365173, 0.8010388016700745]"
735.0,MEDMCQA,1.439736570318928e-05,0.9999722242355347,8.800932846497744e-06,4.495076609600801e-06,2,5.323846817016602,False,"['PBMD', 'PBMD', 'PBMD', 'PBMD', 'PBMD']","[468502519163149557, 468502519163108380, 468502519163993522, 468502519162998556, 468502519163076582]","[0.762346625328064, 0.7461904883384705, 0.7492450475692749, 0.7548514604568481, 0.7453948855400085]"
736.0,MEDMCQA,0.6359988451004028,0.17387241125106812,0.11764796078205109,0.07248080521821976,0,10.225431442260742,False,"['PBMD', 'STAT', 'STAT', 'STAT', 'STAT']","[468502519163689229, 468502519162433200, 468502519162825577, 468502519162974171, 468502519162791712]","[0.739606499671936, 0.7880093455314636, 0.7478717565536499, 0.7366589307785034, 0.7367239594459534]"
737.0,MEDMCQA,3.913122054655105e-05,7.141322566894814e-05,0.9998475313186646,4.198166789137758e-05,2,5.190409421920776,False,"['STAT', 'TEXT', 'PBMD', 'PBMD', 'PBMD']","[468502519162720261, 468502519162410019, 468502519163298265, 468502519163764914, 468502519163479478]","[0.8157058954238892, 0.7918679118156433, 0.7856945991516113, 0.7779941558837891, 0.7817572355270386]"
738.0,MEDMCQA,0.9999922513961792,4.4951666495762765e-06,1.101588054552849e-06,2.1907692371314624e-06,0,3.8438093662261963,False,"['STAT', 'STAT', 'STAT', 'PBMD', 'STAT']","[468502519162978379, 468502519162978368, 468502519162978367, 468502519163315127, 468502519162978365]","[0.6593410968780518, 0.6781297326087952, 0.6924765706062317, 0.6720467209815979, 0.6749738454818726]"
739.0,MEDMCQA,0.0013425189536064863,0.0017238283762708306,0.996174693107605,0.0007589914021082222,2,5.836727857589722,False,"['STAT', 'PBMD', 'STAT', 'STAT', 'STAT']","[468502519162484675, 468502519163526292, 468502519162838022, 468502519162721437, 468502519162484676]","[0.7526017427444458, 0.7524181604385376, 0.764642596244812, 0.7558850049972534, 0.7576406002044678]"
740.0,MEDMCQA,0.999909520149231,7.346913480432704e-05,1.3953531379229389e-05,3.0413305012189085e-06,0,5.6597819328308105,False,"['STAT', 'STAT', 'STAT', 'TEXT', 'STAT']","[468502519162799163, 468502519162980837, 468502519162467705, 468502519162296331, 468502519162980824]","[0.8425148129463196, 0.7730079293251038, 0.8059737682342529, 0.8348447680473328, 0.8086865544319153]"
741.0,MEDMCQA,3.2955304050119594e-05,9.368375685880892e-06,3.446432856435422e-06,0.9999542236328125,0,4.660946607589722,False,"['STAT', 'STAT', 'STAT', 'STAT', 'TEXT']","[468502519162990185, 468502519162938279, 468502519162990226, 468502519162906272, 468502519162335277]","[0.7783724069595337, 0.7995277643203735, 0.8248209953308105, 0.776990532875061, 0.8159571290016174]"
742.0,MEDMCQA,4.330004594521597e-05,2.929827678599395e-05,0.9995182752609253,0.00040921775507740676,3,5.283994674682617,False,"['STAT', 'STAT', 'STAT', 'STAT', 'PBMD']","[468502519162441912, 468502519162766090, 468502519162441902, 468502519162441899, 468502519163436936]","[0.7528510093688965, 0.7837862968444824, 0.7966221570968628, 0.7554769515991211, 0.7638119459152222]"
743.0,MEDMCQA,2.857294020941481e-06,5.507578407559777e-06,2.156798700525542e-06,0.9999895095825195,3,5.866535425186157,False,"['PBMD', 'TEXT', 'PBMD', 'PBMD', 'PBMD']","[468502519163427615, 468502519162368718, 468502519163085297, 468502519163986248, 468502519163333807]","[0.8024064302444458, 0.7966254949569702, 0.789583683013916, 0.7903920412063599, 0.80039381980896]"
744.0,MEDMCQA,1.0449940418766346e-05,0.999835729598999,2.7260298338660505e-06,0.0001510324509581551,0,5.440473556518555,False,"['PBMD', 'PBMD', 'PBMD', 'PBMD', 'PBMD']","[468502519163741322, 468502519163927494, 468502519163973825, 468502519163679362, 468502519163540932]","[0.745283305644989, 0.7556266784667969, 0.8047423958778381, 0.7916866540908813, 0.7909767031669617]"
745.0,MEDMCQA,2.885201138269622e-05,0.9997941851615906,1.8628259567776695e-05,0.00015842870925553143,2,7.2903947830200195,False,"['STAT', 'STAT', 'PBMD', 'PBMD', 'PBMD']","[468502519162897368, 468502519162885327, 468502519163122083, 468502519163382292, 468502519163954281]","[0.7850651144981384, 0.7706797122955322, 0.7724694013595581, 0.7724959254264832, 0.7738893628120422]"
746.0,MEDMCQA,0.0001546395942568779,0.0001970159646589309,0.9990246295928955,0.000623674422968179,1,4.612612009048462,False,"['PBMD', 'PBMD', 'PBMD', 'PBMD', 'PBMD']","[468502519163923015, 468502519163704168, 468502519163432795, 468502519163113700, 468502519163435044]","[0.7483866214752197, 0.7217227220535278, 0.730790376663208, 0.7478026747703552, 0.7286688089370728]"
747.0,MEDMCQA,1.5205069757939782e-05,4.985550549463369e-05,0.9998683929443359,6.656583718722686e-05,2,4.630887031555176,False,"['STAT', 'PBMD', 'STAT', 'STAT', 'PBMD']","[468502519162915214, 468502519163366170, 468502519162976568, 468502519162864106, 468502519163738584]","[0.772361695766449, 0.8086674213409424, 0.7744247317314148, 0.7787672281265259, 0.7967506647109985]"
748.0,MEDMCQA,1.0129899237654172e-05,0.9999808073043823,1.3709328641198226e-06,7.646449375897646e-06,1,5.616787910461426,False,"['TEXT', 'STAT', 'PBMD', 'TEXT', 'TEXT']","[468502519162383173, 468502519162716013, 468502519163413383, 468502519162383128, 468502519162383136]","[0.8220983147621155, 0.8279063105583191, 0.8076657056808472, 0.8116965293884277, 0.8157523274421692]"
749.0,MEDMCQA,1.1124944649054669e-05,0.9999293088912964,5.2550517466443125e-06,5.4332758736563846e-05,1,7.079124927520752,False,"['PBMD', 'PBMD', 'PBMD', 'PBMD', 'TEXT']","[468502519163713016, 468502519163774642, 468502519163774637, 468502519163772266, 468502519162394020]","[0.7879776954650879, 0.7807843089103699, 0.7810431718826294, 0.7829909324645996, 0.7883533239364624]"
750.0,MEDMCQA,2.0408184864262324e-10,2.64657362691878e-09,1.2501528701136522e-09,1.0,1,10.402122497558594,False,"['PBMD', 'PBMD', 'PBMD', 'PBMD', 'PBMD']","[468502519163961174, 468502519163805242, 468502519163585464, 468502519163862395, 468502519163605349]","[0.7492251396179199, 0.7429285645484924, 0.7443419098854065, 0.7893418073654175, 0.7774733901023865]"
751.0,MEDMCQA,0.0003490155504550785,0.00026364377117715776,6.448262138292193e-05,0.9993228912353516,1,8.171698570251465,False,"['PBMD', 'PBMD', 'PBMD', 'PBMD', 'PBMD']","[468502519163000003, 468502519163449687, 468502519163580301, 468502519163003201, 468502519163112715]","[0.7537830471992493, 0.7642977237701416, 0.7540669441223145, 0.7739356756210327, 0.7563733458518982]"
752.0,MEDMCQA,4.42537611888838e-06,7.88908528193133e-06,0.9999697208404541,1.8058297428069636e-05,2,4.134540557861328,False,"['STAT', 'STAT', 'STAT', 'TEXT', 'TEXT']","[468502519162438493, 468502519162847289, 468502519162932974, 468502519162398657, 468502519162317737]","[0.7753833532333374, 0.7982547879219055, 0.7823525071144104, 0.796017587184906, 0.7724714875221252]"
753.0,MEDMCQA,6.853965260233963e-06,0.9999418258666992,4.222605639370158e-06,4.72057108709123e-05,1,6.688409090042114,False,"['STAT', 'PBMD', 'STAT', 'STAT', 'PBMD']","[468502519162901138, 468502519163930160, 468502519162813790, 468502519162778721, 468502519163204570]","[0.7843985557556152, 0.7811462879180908, 0.7647948861122131, 0.7612194418907166, 0.7590112686157227]"
754.0,MEDMCQA,1.2905788935313467e-05,5.817095370730385e-06,3.28868736687582e-06,0.9999779462814331,0,5.906933069229126,False,"['PBMD', 'PBMD', 'STAT', 'TEXT', 'TEXT']","[468502519163060431, 468502519163228483, 468502519162469433, 468502519162342857, 468502519162343109]","[0.7744163870811462, 0.7775925993919373, 0.7687940001487732, 0.7745416164398193, 0.7745338082313538]"
755.0,MEDMCQA,0.00020949069585185498,0.0006402551662176847,0.9979209303855896,0.0012293127365410328,1,9.135399580001831,False,"['PBMD', 'PBMD', 'PBMD', 'PBMD', 'PBMD']","[468502519163875214, 468502519163674915, 468502519163246380, 468502519163987641, 468502519163839000]","[0.773583173751831, 0.7758773565292358, 0.7710075378417969, 0.7787030935287476, 0.7690498232841492]"
756.0,MEDMCQA,2.9764045393676497e-05,0.00017128024774137884,0.9996656179428101,0.00013339320139493793,3,5.738525390625,False,"['STAT', 'PBMD', 'PBMD', 'PBMD', 'PBMD']","[468502519162885319, 468502519163686672, 468502519163928151, 468502519163693768, 468502519163532919]","[0.7585878372192383, 0.7639848589897156, 0.7622878551483154, 0.7723050713539124, 0.778316855430603]"
757.0,MEDMCQA,7.071463187457994e-06,5.518851685337722e-05,0.999931812286377,5.9547687669692095e-06,2,4.3612658977508545,False,"['PBMD', 'STAT', 'PBMD', 'PBMD', 'PBMD']","[468502519163073290, 468502519162990118, 468502519163087122, 468502519163093406, 468502519163550116]","[0.7963801622390747, 0.7743774652481079, 0.7953186631202698, 0.7929021120071411, 0.7673115730285645]"
758.0,MEDMCQA,2.0578054318320937e-06,0.9998795986175537,2.405818577244645e-06,0.00011591882503125817,1,5.052323579788208,False,"['PBMD', 'TEXT', 'PBMD', 'PBMD', 'PBMD']","[468502519163814094, 468502519162387990, 468502519163912905, 468502519163585314, 468502519163927360]","[0.8137300610542297, 0.8102452158927917, 0.8224605321884155, 0.8119091391563416, 0.8197861909866333]"
759.0,MEDMCQA,5.806245098938234e-05,0.9999148845672607,4.288986474421108e-06,2.2826574422651902e-05,0,4.245302438735962,False,"['STAT', 'STAT', 'STAT', 'PBMD', 'PBMD']","[468502519162933333, 468502519162929072, 468502519162713145, 468502519163530730, 468502519163749179]","[0.75123530626297, 0.7695955038070679, 0.7526921629905701, 0.7845431566238403, 0.7643364667892456]"
760.0,MEDMCQA,1.3419867173070088e-05,0.9999756813049316,1.7603034621060942e-06,9.0803359853453e-06,0,5.475524425506592,False,"['PBMD', 'PBMD', 'PBMD', 'STAT', 'PBMD']","[468502519163440165, 468502519163951758, 468502519163484601, 468502519162729185, 468502519163634141]","[0.74210125207901, 0.7582559585571289, 0.7309002876281738, 0.7436720132827759, 0.7297683954238892]"
761.0,MEDMCQA,3.507928704493679e-05,4.231369530316442e-05,9.817566933634225e-06,0.9999127388000488,3,5.881575107574463,False,"['STAT', 'TEXT', 'TEXT', 'TEXT', 'PBMD']","[468502519162735893, 468502519162344759, 468502519162344758, 468502519162411278, 468502519163264612]","[0.7436119318008423, 0.7402783036231995, 0.7402050495147705, 0.740809440612793, 0.742215633392334]"
762.0,MEDMCQA,3.1875415515969507e-06,3.7852992136322428e-06,3.6119577089266386e-06,0.99998939037323,3,6.094382047653198,False,"['TEXT', 'PBMD', 'PBMD', 'PBMD', 'PBMD']","[468502519162359323, 468502519163019338, 468502519163408084, 468502519163175640, 468502519163504331]","[0.7177548408508301, 0.7219131588935852, 0.724622368812561, 0.7225695252418518, 0.719314455986023]"
763.0,MEDMCQA,3.966940312238876e-06,9.368659448227845e-06,2.1907524114794796e-06,0.9999845027923584,0,4.327468633651733,False,"['PBMD', 'PBMD', 'PBMD', 'PBMD', 'PBMD']","[468502519163049948, 468502519163473040, 468502519163055414, 468502519163482923, 468502519163172961]","[0.7239216566085815, 0.715857207775116, 0.7062612771987915, 0.6971992254257202, 0.7020909786224365]"
764.0,MEDMCQA,0.99977046251297,3.882370583596639e-05,9.816169949772302e-06,0.00018092697428073734,0,7.465173721313477,False,"['PBMD', 'PBMD', 'PBMD', 'STAT', 'STAT']","[468502519163972434, 468502519163207007, 468502519163540710, 468502519162462098, 468502519162474965]","[0.7954538464546204, 0.8152891397476196, 0.7983630299568176, 0.7910418510437012, 0.8019631505012512]"
765.0,MEDMCQA,0.0012376283993944526,0.00032034216565079987,0.9968529343605042,0.0015891463262960315,2,6.37606954574585,False,"['PBMD', 'PBMD', 'PBMD', 'PBMD', 'PBMD']","[468502519163163040, 468502519163379066, 468502519163322478, 468502519163474762, 468502519163419306]","[0.792253315448761, 0.7775832414627075, 0.7687740325927734, 0.7779214978218079, 0.7810190916061401]"
766.0,MEDMCQA,0.00627112528309226,0.0017211404629051685,0.9907436966896057,0.0012641416396945715,0,6.652228593826294,False,"['STAT', 'TEXT', 'STAT', 'STAT', 'STAT']","[468502519162749496, 468502519162374850, 468502519162476661, 468502519162959214, 468502519162901619]","[0.7688413262367249, 0.8338619470596313, 0.8148469924926758, 0.7528976202011108, 0.7507786750793457]"
767.0,MEDMCQA,0.0001793203264242038,0.0007556697819381952,0.9986640214920044,0.0004009598051197827,3,5.206804037094116,False,"['STAT', 'PBMD', 'PBMD', 'PBMD', 'PBMD']","[468502519162767397, 468502519163434069, 468502519163436194, 468502519163922706, 468502519163117609]","[0.7581427097320557, 0.7422105073928833, 0.7499904632568359, 0.7409672141075134, 0.732130229473114]"
768.0,MEDMCQA,3.137639623673749e-06,0.00015465175965800881,6.961157851037569e-06,0.9998352527618408,3,6.796094655990601,False,"['PBMD', 'PBMD', 'STAT', 'PBMD', 'PBMD']","[468502519163906355, 468502519163845071, 468502519162783563, 468502519163956929, 468502519163246203]","[0.7723002433776855, 0.7786636352539062, 0.7657844424247742, 0.754037618637085, 0.763660728931427]"
769.0,MEDMCQA,3.844898856186774e-06,8.139651981764473e-06,1.209851120620442e-06,0.9999867677688599,3,5.2892069816589355,False,"['PBMD', 'PBMD', 'PBMD', 'PBMD', 'PBMD']","[468502519163346805, 468502519163984369, 468502519163988990, 468502519163001152, 468502519163844463]","[0.8020950555801392, 0.8066141605377197, 0.8177576661109924, 0.7977014780044556, 0.8069900274276733]"
770.0,MEDMCQA,0.8932525515556335,0.09414812177419662,0.0004411316476762295,0.012158084660768509,1,5.213119029998779,False,"['PBMD', 'PBMD', 'PBMD', 'PBMD', 'PBMD']","[468502519163648259, 468502519163987971, 468502519163809781, 468502519163572668, 468502519163529819]","[0.8369042873382568, 0.7788643836975098, 0.7891696691513062, 0.7774458527565002, 0.7702290415763855]"
771.0,MEDMCQA,0.0002286569942953065,0.9995250701904297,6.399375706678256e-05,0.00018230122805107385,0,8.155551433563232,False,"['PBMD', 'PBMD', 'PBMD', 'PBMD', 'PBMD']","[468502519163268983, 468502519163260455, 468502519163472444, 468502519163934729, 468502519163060999]","[0.7320224642753601, 0.7394348382949829, 0.7276556491851807, 0.7384859323501587, 0.7308288812637329]"
772.0,MEDMCQA,2.5841532988124527e-05,1.774327211023774e-05,7.410956641251687e-06,0.9999489784240723,1,5.741170406341553,False,"['STAT', 'STAT', 'STAT', 'STAT', 'STAT']","[468502519162456756, 468502519162719266, 468502519162748637, 468502519162772556, 468502519162971150]","[0.7130367159843445, 0.7287511825561523, 0.7124233245849609, 0.723679780960083, 0.7185458540916443]"
773.0,MEDMCQA,0.6952983736991882,0.007545139640569687,0.007313000503927469,0.28984346985816956,0,4.041174411773682,False,"['PBMD', 'PBMD', 'PBMD', 'PBMD', 'PBMD']","[468502519163554243, 468502519163331596, 468502519163134636, 468502519163120649, 468502519163436376]","[0.75248783826828, 0.7337349653244019, 0.7310200333595276, 0.7542150020599365, 0.7697312831878662]"
774.0,MEDMCQA,1.1842025742225815e-05,0.9998941421508789,2.1905543690081686e-06,9.187994874082506e-05,3,5.7535622119903564,False,"['STAT', 'PBMD', 'STAT', 'STAT', 'STAT']","[468502519162445193, 468502519163739898, 468502519162422645, 468502519162949863, 468502519162724488]","[0.7613582015037537, 0.7670159935951233, 0.773348867893219, 0.7695080637931824, 0.7628213763237]"
775.0,MEDMCQA,0.9999815225601196,1.3007057532377075e-05,3.806945301221276e-07,5.093636900710408e-06,0,3.274411201477051,False,"['PBMD', 'PBMD', 'TEXT', 'STAT', 'PBMD']","[468502519163715282, 468502519163452259, 468502519162370578, 468502519162885342, 468502519163307155]","[0.7371443510055542, 0.7506980895996094, 0.7433334589004517, 0.7403797507286072, 0.7378077507019043]"
776.0,MEDMCQA,6.3383340602740645e-06,1.777629768184852e-05,0.9998553991317749,0.00012053358659613878,2,2.213027238845825,False,"['STAT', 'PBMD', 'PBMD', 'PBMD', 'PBMD']","[468502519162973046, 468502519163990291, 468502519163723392, 468502519163721191, 468502519163409974]","[0.784741997718811, 0.7522621154785156, 0.7493644952774048, 0.758277952671051, 0.7482538223266602]"
777.0,MEDMCQA,0.9999115467071533,5.18437591381371e-05,2.8570711947395466e-06,3.373538129380904e-05,0,6.17258620262146,False,"['PBMD', 'PBMD', 'TEXT', 'PBMD', 'PBMD']","[468502519163770771, 468502519162996005, 468502519162400085, 468502519163118001, 468502519163895391]","[0.781386137008667, 0.7848665714263916, 0.7668752670288086, 0.8034511804580688, 0.7662911415100098]"
778.0,MEDMCQA,2.521549731682171e-06,8.203501238313038e-06,1.1726294815161964e-06,0.9999880790710449,3,4.570861101150513,False,"['TEXT', 'TEXT', 'TEXT', 'TEXT', 'TEXT']","[468502519162293978, 468502519162293979, 468502519162384596, 468502519162293971, 468502519162317283]","[0.7374288439750671, 0.7480454444885254, 0.7459803819656372, 0.7228981852531433, 0.727109968662262]"
779.0,MEDMCQA,1.98327124962816e-05,2.4490131181664765e-05,8.529944352630991e-06,0.999947190284729,1,4.422926902770996,False,"['PBMD', 'PBMD', 'PBMD', 'PBMD', 'PBMD']","[468502519163570916, 468502519163098465, 468502519163572799, 468502519163542027, 468502519163418309]","[0.7490873336791992, 0.7659063339233398, 0.7439855337142944, 0.7227140665054321, 0.7165045142173767]"
780.0,MEDMCQA,0.9990711212158203,0.00040426928899250925,9.5075029094005e-06,0.0005150524666532874,0,4.271233081817627,False,"['TEXT', 'PBMD', 'PBMD', 'TEXT', 'STAT']","[468502519162370199, 468502519163627598, 468502519163425047, 468502519162357202, 468502519162440735]","[0.6838867664337158, 0.7096740007400513, 0.7052733302116394, 0.6759887933731079, 0.69502854347229]"
781.0,MEDMCQA,0.9995120763778687,4.906507456325926e-05,6.640236279054079e-06,0.00043221740634180605,3,4.688636064529419,False,"['PBMD', 'STAT', 'PBMD', 'PBMD', 'PBMD']","[468502519163823538, 468502519162462731, 468502519163698908, 468502519163812369, 468502519163268434]","[0.6687299609184265, 0.6783299446105957, 0.6739611625671387, 0.6647931933403015, 0.6992656588554382]"
782.0,MEDMCQA,1.3845139619661495e-05,0.9999237060546875,5.9547205637500156e-06,5.649681406794116e-05,0,5.418162107467651,False,"['PBMD', 'TEXT', 'TEXT', 'STAT', 'PBMD']","[468502519163129209, 468502519162375839, 468502519162391590, 468502519162476626, 468502519163431297]","[0.755553126335144, 0.776709794998169, 0.788844645023346, 0.7887256145477295, 0.7573477625846863]"
783.0,MEDMCQA,0.0001408712414558977,0.00010885686060646549,0.999523401260376,0.00022687719319947064,0,3.8863461017608643,False,"['TEXT', 'TEXT', 'TEXT', 'TEXT', 'TEXT']","[468502519162318763, 468502519162318764, 468502519162318769, 468502519162318767, 468502519162318768]","[0.76700758934021, 0.7475225329399109, 0.7209734320640564, 0.7581667900085449, 0.7469964027404785]"
784.0,MEDMCQA,0.0001376075524603948,0.0002065733860945329,0.9995203018188477,0.00013547413982450962,2,6.785135984420776,False,"['PBMD', 'TEXT', 'PBMD', 'STAT', 'PBMD']","[468502519163816152, 468502519162392747, 468502519163050980, 468502519162426123, 468502519163058802]","[0.7987954020500183, 0.7786601781845093, 0.8168587684631348, 0.7786799669265747, 0.7815930843353271]"
785.0,MEDMCQA,0.00011056658695451915,0.00020981852139811963,0.9994825124740601,0.00019710625929292291,2,3.9723875522613525,False,"['PBMD', 'STAT', 'STAT', 'PBMD', 'STAT']","[468502519163579026, 468502519162762447, 468502519162725686, 468502519163575773, 468502519162725685]","[0.8111650347709656, 0.8306826949119568, 0.7808094024658203, 0.8000533580780029, 0.7976951003074646]"
786.0,MEDMCQA,0.9992040991783142,0.0002912230265792459,8.343678928213194e-05,0.0004212514904793352,0,4.5756120681762695,False,"['PBMD', 'PBMD', 'PBMD', 'PBMD', 'PBMD']","[468502519163435388, 468502519163536824, 468502519163907591, 468502519163923695, 468502519163436770]","[0.7522184252738953, 0.7675530910491943, 0.745385468006134, 0.7600306272506714, 0.7454926371574402]"
787.0,MEDMCQA,0.9999479055404663,1.7777942048269324e-05,7.410948910546722e-06,2.6897167117567733e-05,0,6.14130163192749,False,"['PBMD', 'PBMD', 'PBMD', 'PBMD', 'PBMD']","[468502519163118455, 468502519163334173, 468502519163727985, 468502519163431437, 468502519163570979]","[0.7536634206771851, 0.7877246737480164, 0.7647066712379456, 0.7565330266952515, 0.7908754944801331]"
788.0,MEDMCQA,0.00013116867921780795,0.00016842391050886363,0.998474657535553,0.001225797925144434,0,2.9676854610443115,False,"['TEXT', 'TEXT', 'PBMD', 'TEXT', 'PBMD']","[468502519162377032, 468502519162346386, 468502519163553950, 468502519162346220, 468502519163566833]","[0.6822822690010071, 0.6861717104911804, 0.684505820274353, 0.6820213794708252, 0.6793065071105957]"
789.0,MEDMCQA,0.9989013671875,1.460843031964032e-05,2.257846063002944e-06,0.0010816969443112612,0,5.935700178146362,False,"['STAT', 'TEXT', 'TEXT', 'TEXT', 'PBMD']","[468502519162923245, 468502519162390993, 468502519162390994, 468502519162391000, 468502519163893204]","[0.7750998735427856, 0.7811305522918701, 0.8037540912628174, 0.7776159048080444, 0.7833355665206909]"
790.0,MEDMCQA,8.530214472557418e-06,0.9999788999557495,1.4593475725632743e-06,1.1125496712338645e-05,2,5.078711032867432,False,"['PBMD', 'PBMD', 'PBMD', 'PBMD', 'PBMD']","[468502519163419779, 468502519163450078, 468502519163339134, 468502519163782938, 468502519163307874]","[0.7415968179702759, 0.7300713658332825, 0.743456244468689, 0.7404080629348755, 0.7113432884216309]"
791.0,MEDMCQA,2.4299677534145303e-05,0.9999525547027588,1.4738499885424972e-05,8.397743840760086e-06,1,8.90898060798645,False,"['PBMD', 'PBMD', 'PBMD', 'PBMD', 'PBMD']","[468502519163297371, 468502519163207621, 468502519163863339, 468502519163829356, 468502519163977046]","[0.844620943069458, 0.8343249559402466, 0.8498457074165344, 0.8383274078369141, 0.8278889656066895]"
792.0,MEDMCQA,3.3204356441274285e-05,4.068282578373328e-05,0.9996705055236816,0.0002556211838964373,2,5.746030807495117,False,"['PBMD', 'STAT', 'PBMD', 'PBMD', 'PBMD']","[468502519163322979, 468502519162445655, 468502519163617046, 468502519163706464, 468502519163899101]","[0.7505720257759094, 0.7806081771850586, 0.7637662887573242, 0.7767879366874695, 0.7879345417022705]"
793.0,MEDMCQA,0.00012052380770910531,0.9997742772102356,2.9767279556836e-05,7.542187813669443e-05,1,6.225162506103516,False,"['STAT', 'STAT', 'STAT', 'STAT', 'STAT']","[468502519162792761, 468502519162762262, 468502519162959958, 468502519162468639, 468502519162762261]","[0.7658784985542297, 0.8274836540222168, 0.7940331697463989, 0.8192977905273438, 0.8003847002983093]"
794.0,MEDMCQA,6.0488455346785486e-06,0.9999818801879883,1.4593518926631077e-06,1.061605416907696e-05,1,4.564880132675171,False,"['STAT', 'STAT', 'PBMD', 'TEXT', 'PBMD']","[468502519162966109, 468502519162913988, 468502519163401632, 468502519162297455, 468502519162995945]","[0.8101077079772949, 0.8189544081687927, 0.790036678314209, 0.8137229084968567, 0.7992553114891052]"
795.0,MEDMCQA,0.00013510274584405124,0.9997047781944275,2.9014636311330833e-06,0.00015718175563961267,1,3.983447790145874,False,"['TEXT', 'TEXT', 'PBMD', 'PBMD', 'TEXT']","[468502519162305530, 468502519162321339, 468502519163557480, 468502519163766990, 468502519162323120]","[0.8013095855712891, 0.8019506335258484, 0.7824392318725586, 0.7898682951927185, 0.7855712175369263]"
796.0,MEDMCQA,0.9987277388572693,0.0004543759860098362,0.00036084780003875494,0.0004570461460389197,0,3.3926541805267334,False,"['STAT', 'PBMD', 'PBMD', 'STAT', 'PBMD']","[468502519162926583, 468502519163027547, 468502519163349640, 468502519162477386, 468502519163121501]","[0.7432966232299805, 0.7504675388336182, 0.738871157169342, 0.763994038105011, 0.7611317038536072]"
797.0,MEDMCQA,0.0005340275820344687,0.9961941242218018,0.000339448539307341,0.0029323881026357412,0,5.65755033493042,False,"['PBMD', 'STAT', 'PBMD', 'PBMD', 'STAT']","[468502519163746831, 468502519162931049, 468502519163021916, 468502519163350328, 468502519162443668]","[0.7295888662338257, 0.7330282330513, 0.7264115214347839, 0.725524365901947, 0.7210801243782043]"
798.0,MEDMCQA,0.9999847412109375,6.540380582009675e-06,5.203494310990209e-07,8.203473953471985e-06,0,5.160911560058594,False,"['PBMD', 'TEXT', 'TEXT', 'PBMD', 'PBMD']","[468502519163133515, 468502519162328173, 468502519162338706, 468502519163121709, 468502519163797220]","[0.8022566437721252, 0.7700345516204834, 0.7762131094932556, 0.7670761346817017, 0.7655496001243591]"
799.0,MEDMCQA,6.083573680371046e-07,1.505698946857592e-06,1.1726395996447536e-06,0.9999966621398926,3,4.167095422744751,False,"['STAT', 'STAT', 'STAT', 'STAT', 'PBMD']","[468502519162429730, 468502519162698980, 468502519162991795, 468502519162421213, 468502519163180808]","[0.7344121336936951, 0.7360559105873108, 0.7572813034057617, 0.7331734299659729, 0.7311627864837646]"
800.0,MEDMCQA,0.9999936819076538,2.0261334157112287e-06,3.9278387475860654e-07,3.905474386556307e-06,0,5.294410705566406,False,"['STAT', 'TEXT', 'STAT', 'STAT', 'TEXT']","[468502519162725231, 468502519162393868, 468502519162725233, 468502519162725236, 468502519162350192]","[0.8222141265869141, 0.7900451421737671, 0.7941187024116516, 0.7964009642601013, 0.7621539235115051]"
801.0,MEDMCQA,2.6424031602800824e-06,3.6477249523159117e-05,3.269799708505161e-05,0.9999282360076904,3,3.9639949798583984,False,"['PBMD', 'STAT', 'PBMD', 'PBMD', 'PBMD']","[468502519163629016, 468502519162706315, 468502519163116583, 468502519163875214, 468502519163409780]","[0.8082190752029419, 0.8092507719993591, 0.7922250032424927, 0.8049213886260986, 0.8113151788711548]"
802.0,MEDMCQA,0.06041974201798439,0.6807471513748169,0.2583824694156647,0.00045062421122565866,0,5.738447904586792,False,"['PBMD', 'PBMD', 'PBMD', 'PBMD', 'PBMD']","[468502519163322456, 468502519163915084, 468502519163449156, 468502519163123774, 468502519163038035]","[0.773833692073822, 0.7708699107170105, 0.7946884632110596, 0.7669241428375244, 0.7646634578704834]"
803.0,MEDMCQA,2.0781930288649164e-05,0.00011591229122132063,0.999823272228241,4.0058217564364895e-05,2,5.478137969970703,False,"['STAT', 'PBMD', 'PBMD', 'STAT', 'PBMD']","[468502519162477851, 468502519163558505, 468502519163394607, 468502519162703552, 468502519163679455]","[0.7853564023971558, 0.7799072265625, 0.7739466428756714, 0.7711397409439087, 0.7975859045982361]"
804.0,MEDMCQA,9.219259482051712e-06,0.9995342493057251,1.7495080101070926e-05,0.00043903361074626446,1,5.812209129333496,False,"['STAT', 'STAT', 'STAT', 'STAT', 'TEXT']","[468502519162801341, 468502519162801340, 468502519162695441, 468502519162914549, 468502519162394503]","[0.8244194388389587, 0.7976704239845276, 0.8005142211914062, 0.7952418327331543, 0.8277036547660828]"
805.0,MEDMCQA,2.2826812710263766e-05,0.9999253749847412,1.3006327208131552e-05,3.8829719414934516e-05,2,6.225104093551636,False,"['PBMD', 'TEXT', 'PBMD', 'PBMD', 'PBMD']","[468502519163038031, 468502519162418785, 468502519163579003, 468502519163763041, 468502519163742109]","[0.7591302990913391, 0.7762665748596191, 0.7904758453369141, 0.7672029733657837, 0.7639838457107544]"
806.0,MEDMCQA,0.5681254267692566,0.0028447273653000593,0.34458550810813904,0.0844443067908287,2,5.311880588531494,False,"['STAT', 'TEXT', 'PBMD', 'PBMD', 'PBMD']","[468502519162742442, 468502519162326049, 468502519163972503, 468502519163774634, 468502519163570205]","[0.7798899412155151, 0.7886031270027161, 0.7758697867393494, 0.7720587849617004, 0.7846200466156006]"
807.0,MEDMCQA,8.139410965668503e-06,0.9999572038650513,3.5007167298317654e-06,3.1201550882542506e-05,1,5.410952568054199,False,"['TEXT', 'PBMD', 'PBMD', 'PBMD', 'STAT']","[468502519162307807, 468502519163822137, 468502519163747267, 468502519163617643, 468502519162771670]","[0.7507772445678711, 0.7684248685836792, 0.7526125907897949, 0.7560926079750061, 0.7536938190460205]"
808.0,MEDMCQA,0.9999781847000122,3.84486611437751e-06,4.888198077424022e-07,1.7502850823802873e-05,0,5.293440818786621,False,"['STAT', 'STAT', 'STAT', 'PBMD', 'STAT']","[468502519162457935, 468502519162457933, 468502519162457934, 468502519163323308, 468502519162457932]","[0.8068430423736572, 0.7696248292922974, 0.7581620812416077, 0.7491272687911987, 0.7567832469940186]"
809.0,MEDMCQA,0.9999845027923584,7.527929483330809e-06,1.3156491718291363e-07,7.889202606747858e-06,0,4.951385974884033,False,"['STAT', 'STAT', 'TEXT', 'TEXT', 'PBMD']","[468502519162911421, 468502519162823716, 468502519162360870, 468502519162341989, 468502519163658873]","[0.7713090181350708, 0.7618330717086792, 0.795682430267334, 0.7627429962158203, 0.7599889039993286]"
810.0,MEDMCQA,0.9999812841415405,1.6187539586098865e-05,7.571013611595845e-07,1.8161916841563652e-06,0,4.893713712692261,False,"['PBMD', 'PBMD', 'PBMD', 'PBMD', 'PBMD']","[468502519163910196, 468502519163637351, 468502519163615892, 468502519163535906, 468502519163979300]","[0.8055928945541382, 0.8061672449111938, 0.7366141676902771, 0.755908727645874, 0.7431345582008362]"
811.0,MEDMCQA,0.9966021776199341,0.003221917664632201,8.789732964942232e-05,8.789732964942232e-05,0,6.988954305648804,False,"['STAT', 'PBMD', 'PBMD', 'PBMD', 'STAT']","[468502519162726901, 468502519163627465, 468502519163695229, 468502519163434331, 468502519162897376]","[0.7968239784240723, 0.7966474294662476, 0.7506632804870605, 0.7819219827651978, 0.7540637850761414]"
812.0,MEDMCQA,2.7534963010111824e-05,0.9999459981918335,7.296038802451221e-06,1.9222501578042284e-05,1,4.562754154205322,False,"['PBMD', 'PBMD', 'PBMD', 'PBMD', 'PBMD']","[468502519163670398, 468502519163433244, 468502519163863662, 468502519163119332, 468502519163152796]","[0.7316318154335022, 0.7273573279380798, 0.7302631139755249, 0.745716392993927, 0.7258003950119019]"
813.0,MEDMCQA,0.0012835417874157429,0.9981197714805603,0.00032707551144994795,0.0002695709699764848,0,5.14329195022583,False,"['PBMD', 'PBMD', 'PBMD', 'STAT', 'PBMD']","[468502519163584513, 468502519163201916, 468502519163287930, 468502519162829494, 468502519163396808]","[0.741743803024292, 0.7298004627227783, 0.7219049334526062, 0.7197669744491577, 0.7187290787696838]"
814.0,MEDMCQA,9.512579708825797e-06,1.183859694720013e-05,0.9996046423912048,0.0003740876563824713,2,8.718725442886353,False,"['PBMD', 'STAT', 'PBMD', 'PBMD', 'PBMD']","[468502519163149161, 468502519162753919, 468502519163450345, 468502519163960851, 468502519163612119]","[0.7464339137077332, 0.7630631923675537, 0.762299120426178, 0.760210394859314, 0.7591775059700012]"
815.0,MEDMCQA,0.00011016551434295252,0.00011958353570662439,1.568594598211348e-05,0.9997546076774597,0,7.137938022613525,False,"['PBMD', 'PBMD', 'PBMD', 'PBMD', 'PBMD']","[468502519163434331, 468502519163158964, 468502519163119117, 468502519163134518, 468502519163436354]","[0.733375072479248, 0.7305475473403931, 0.7278681397438049, 0.7407863736152649, 0.732292890548706]"
816.0,MEDMCQA,0.9999786615371704,1.8342838302487507e-05,1.051128379003785e-06,1.9637664081528783e-06,0,4.37000846862793,False,"['PBMD', 'STAT', 'STAT', 'STAT', 'PBMD']","[468502519163500369, 468502519162953319, 468502519162789370, 468502519162471568, 468502519163432077]","[0.7470302581787109, 0.7654354572296143, 0.7490200996398926, 0.7613046169281006, 0.741308331489563]"
817.0,MEDMCQA,5.826662891195156e-05,0.00035553486668504775,0.9995191097259521,6.70644803903997e-05,0,5.095608711242676,False,"['PBMD', 'PBMD', 'PBMD', 'PBMD', 'PBMD']","[468502519163638281, 468502519163436386, 468502519163116148, 468502519163656464, 468502519163612694]","[0.7899361848831177, 0.7485538125038147, 0.7450507879257202, 0.7553515434265137, 0.746943473815918]"
818.0,MEDMCQA,1.7449829101678915e-05,5.2915951528120786e-05,0.9969488978385925,0.0029808233957737684,3,5.380223512649536,False,"['PBMD', 'PBMD', 'PBMD', 'PBMD', 'PBMD']","[468502519163707886, 468502519163535653, 468502519163320711, 468502519163324316, 468502519163651485]","[0.7605278491973877, 0.7812047600746155, 0.7885544896125793, 0.7723074555397034, 0.7751852869987488]"
819.0,MEDMCQA,0.9998425245285034,3.1442661565961316e-05,4.784363682119874e-06,0.00012124035129090771,0,6.1882643699646,False,"['STAT', 'STAT', 'STAT', 'STAT', 'TEXT']","[468502519162768198, 468502519162768200, 468502519162946928, 468502519162899232, 468502519162413994]","[0.7916327714920044, 0.7489888072013855, 0.7375612258911133, 0.7254077792167664, 0.7331929802894592]"
820.0,MEDMCQA,4.157341663812986e-06,4.029433057439746e-06,1.553484935357119e-06,0.9999902248382568,3,4.357516288757324,False,"['STAT', 'STAT', 'STAT', 'PBMD', 'STAT']","[468502519162757697, 468502519162868939, 468502519162934405, 468502519163446675, 468502519162721810]","[0.7687598466873169, 0.7849986553192139, 0.7585276961326599, 0.7620309591293335, 0.758250892162323]"
821.0,MEDMCQA,0.999777615070343,3.294948328402825e-05,6.7465962274582125e-06,0.0001827037922339514,0,4.130219459533691,False,"['STAT', 'STAT', 'STAT', 'PBMD', 'STAT']","[468502519162903528, 468502519162903550, 468502519162934308, 468502519163351895, 468502519162932391]","[0.749311089515686, 0.7190067768096924, 0.7253996729850769, 0.7248120903968811, 0.7216801047325134]"
822.0,MEDMCQA,0.00016528104606550187,0.0028395396657288074,0.9952729344367981,0.0017222679452970624,1,5.160537958145142,False,"['PBMD', 'PBMD', 'PBMD', 'STAT', 'TEXT']","[468502519163922626, 468502519163295426, 468502519163188194, 468502519162807010, 468502519162414468]","[0.6758934259414673, 0.6760570406913757, 0.6849451661109924, 0.7074695825576782, 0.6908876299858093]"
823.0,MEDMCQA,1.963793920367607e-06,3.5559714888222516e-06,1.7880547602544539e-06,0.9999927282333374,2,5.773448705673218,False,"['PBMD', 'PBMD', 'PBMD', 'PBMD', 'PBMD']","[468502519163434723, 468502519163540274, 468502519163336484, 468502519163898611, 468502519163924046]","[0.7368893623352051, 0.7810265421867371, 0.7348603010177612, 0.7400928735733032, 0.7499381303787231]"
824.0,MEDMCQA,3.37368473992683e-05,0.9999550580978394,4.93679135615821e-06,6.338966159091797e-06,1,4.62375545501709,False,"['PBMD', 'PBMD', 'PBMD', 'PBMD', 'PBMD']","[468502519163318783, 468502519163137635, 468502519163704136, 468502519163704150, 468502519163444662]","[0.7726165056228638, 0.8037281036376953, 0.7969381213188171, 0.7653417587280273, 0.7495786547660828]"
825.0,MEDMCQA,1.3408925042313058e-05,3.166764508932829e-05,0.9991602897644043,0.0007946896948851645,2,5.247177600860596,False,"['TEXT', 'PBMD', 'PBMD', 'PBMD', 'PBMD']","[468502519162416547, 468502519163359684, 468502519163518796, 468502519163626713, 468502519163474598]","[0.7958940267562866, 0.7968806028366089, 0.7976508736610413, 0.8129011392593384, 0.8032770752906799]"
826.0,MEDMCQA,0.9995255470275879,0.00016214216884691268,2.7739251891034655e-05,0.00028456837753765285,1,4.402526617050171,False,"['STAT', 'STAT', 'STAT', 'TEXT', 'PBMD']","[468502519162814586, 468502519162868393, 468502519162834108, 468502519162318765, 468502519163116019]","[0.7225977778434753, 0.7235162854194641, 0.7384923696517944, 0.736672580242157, 0.7227873802185059]"
827.0,MEDMCQA,1.357432637405509e-07,7.265813195544979e-08,3.05902176478412e-07,0.9999995231628418,2,10.136805295944214,False,"['PBMD', 'PBMD', 'PBMD', 'PBMD', 'PBMD']","[468502519163436293, 468502519163736945, 468502519163116680, 468502519163114284, 468502519163704166]","[0.76557457447052, 0.7477905750274658, 0.7461351752281189, 0.7567034363746643, 0.7464988231658936]"
828.0,MEDMCQA,0.9999942779541016,3.726631803147029e-06,3.6898654798278585e-07,1.6280448562611127e-06,0,3.864500045776367,False,"['STAT', 'STAT', 'STAT', 'STAT', 'STAT']","[468502519162893049, 468502519162710664, 468502519162427694, 468502519162421196, 468502519162710665]","[0.774046003818512, 0.7340508699417114, 0.7405763268470764, 0.7503877878189087, 0.7377091646194458]"
829.0,MEDMCQA,7.367393845925108e-05,0.00014940794790163636,1.3209010830905754e-05,0.9997636675834656,3,5.724512577056885,False,"['PBMD', 'PBMD', 'PBMD', 'PBMD', 'PBMD']","[468502519163658695, 468502519163048273, 468502519163827234, 468502519163925293, 468502519163689028]","[0.7420454025268555, 0.7644502520561218, 0.7373542785644531, 0.7939532399177551, 0.7446317076683044]"
830.0,MEDMCQA,0.001824473962187767,0.0006664511747658253,0.8954591751098633,0.10204987227916718,2,6.366536378860474,False,"['PBMD', 'PBMD', 'PBMD', 'STAT', 'PBMD']","[468502519163434669, 468502519163541523, 468502519163923019, 468502519162457932, 468502519163123170]","[0.8106314539909363, 0.7486452460289001, 0.744807779788971, 0.7324520945549011, 0.7471811175346375]"
831.0,MEDMCQA,1.6570580555708148e-05,6.489132829301525e-06,0.9999308586120605,4.611168697010726e-05,1,6.695052862167358,False,"['PBMD', 'PBMD', 'PBMD', 'PBMD', 'PBMD']","[468502519163682230, 468502519163230953, 468502519163671124, 468502519163190970, 468502519163349519]","[0.7241666913032532, 0.7001215815544128, 0.6983330845832825, 0.7020937204360962, 0.7188182473182678]"
832.0,MEDMCQA,5.285502879814885e-07,1.7061812513929908e-06,5.804989200441923e-07,0.9999971389770508,3,5.820935964584351,False,"['STAT', 'STAT', 'PBMD', 'PBMD', 'PBMD']","[468502519162792869, 468502519162478636, 468502519163114316, 468502519163118052, 468502519163039133]","[0.7642001509666443, 0.7747722864151001, 0.7626920938491821, 0.7661957740783691, 0.7605752944946289]"
833.0,MEDMCQA,2.7641419364954345e-05,5.042008342570625e-05,2.336751094844658e-05,0.9998985528945923,2,4.928696393966675,False,"['STAT', 'STAT', 'STAT', 'STAT', 'STAT']","[468502519162844497, 468502519162755722, 468502519162833082, 468502519162465433, 468502519162833077]","[0.6424911618232727, 0.6894797086715698, 0.6422482132911682, 0.6409289240837097, 0.6419746279716492]"
834.0,MEDMCQA,2.5067050955840386e-05,0.9997937083244324,4.5746564865112305e-05,0.00013551120355259627,1,4.3157007694244385,False,"['STAT', 'STAT', 'PBMD', 'PBMD', 'TEXT']","[468502519162898913, 468502519162749170, 468502519163661840, 468502519163855700, 468502519162298696]","[0.7680824995040894, 0.7690287828445435, 0.7777068614959717, 0.7681913375854492, 0.7709536552429199]"
835.0,MEDMCQA,0.9990969896316528,0.0005974867381155491,0.00013488881813827902,0.00017051544273272157,0,3.5379140377044678,False,"['STAT', 'STAT', 'STAT', 'STAT', 'STAT']","[468502519162849295, 468502519162881354, 468502519162964686, 468502519162964208, 468502519162881343]","[0.7575618624687195, 0.7690141797065735, 0.749065637588501, 0.7463861703872681, 0.745492160320282]"
836.0,MEDMCQA,0.9998887777328491,1.3210663382778876e-05,1.602635279596143e-06,9.647708793636411e-05,0,3.95481538772583,False,"['STAT', 'STAT', 'STAT', 'TEXT', 'STAT']","[468502519162908693, 468502519162908674, 468502519162723917, 468502519162374107, 468502519162908661]","[0.7895525097846985, 0.7720798254013062, 0.768457293510437, 0.7972198724746704, 0.7647319436073303]"
837.0,MEDMCQA,2.7264495656709187e-06,6.591709279746283e-06,1.0676930060071754e-06,0.9999896287918091,0,5.950416326522827,False,"['STAT', 'PBMD', 'STAT', 'STAT', 'PBMD']","[468502519162806909, 468502519163767567, 468502519162695125, 468502519162490349, 468502519163730689]","[0.7543913722038269, 0.7295591831207275, 0.7359105348587036, 0.740103542804718, 0.7548495531082153]"
838.0,MEDMCQA,1.3843057786289137e-05,0.9997733235359192,1.815814016481454e-06,0.00021111294336151332,1,5.021791458129883,False,"['STAT', 'PBMD', 'PBMD', 'PBMD', 'STAT']","[468502519162722453, 468502519163365116, 468502519163298698, 468502519163964565, 468502519162771315]","[0.7733866572380066, 0.7583157420158386, 0.7629458904266357, 0.7463293671607971, 0.7588576078414917]"
839.0,MEDMCQA,2.225262051069876e-06,0.9999891519546509,1.9947121927543776e-06,6.540409231092781e-06,1,4.899614334106445,False,"['STAT', 'STAT', 'TEXT', 'STAT', 'STAT']","[468502519162720941, 468502519162796806, 468502519162318755, 468502519162711159, 468502519162812115]","[0.8157572746276855, 0.8103134632110596, 0.7992771863937378, 0.8031685948371887, 0.7932066321372986]"
840.0,MEDMCQA,0.9997596144676208,0.00010973656753776595,1.1123056538053788e-05,0.00011958413233514875,0,3.574965715408325,False,"['TEXT', 'TEXT', 'PBMD', 'PBMD', 'PBMD']","[468502519162306914, 468502519162344768, 468502519163917081, 468502519163632618, 468502519163420706]","[0.7900795936584473, 0.7603243589401245, 0.7562854290008545, 0.7564525604248047, 0.7472878098487854]"
841.0,MEDMCQA,0.00011452415492385626,9.310748282587156e-05,0.9994940757751465,0.0002982156875077635,0,6.079422950744629,False,"['PBMD', 'PBMD', 'PBMD', 'PBMD', 'PBMD']","[468502519163705554, 468502519163876833, 468502519163643514, 468502519163043213, 468502519163899755]","[0.7598296999931335, 0.7651379108428955, 0.7512926459312439, 0.7528708577156067, 0.7578766345977783]"
842.0,MEDMCQA,3.187531319781556e-06,6.748003670509206e-06,3.905444827978499e-06,0.9999861717224121,3,6.49402928352356,False,"['PBMD', 'STAT', 'PBMD', 'PBMD', 'PBMD']","[468502519163007059, 468502519162787086, 468502519163063825, 468502519163649261, 468502519163204073]","[0.7677674293518066, 0.7541143298149109, 0.754031777381897, 0.7681664228439331, 0.7537201642990112]"
843.0,MEDMCQA,0.0005459757521748543,0.0009842993458732963,0.9982959628105164,0.00017373915761709213,2,3.1918623447418213,False,"['PBMD', 'PBMD', 'PBMD', 'PBMD', 'PBMD']","[468502519163921319, 468502519163323890, 468502519163436385, 468502519163447834, 468502519163431825]","[0.8506357073783875, 0.806104838848114, 0.802857518196106, 0.8363158702850342, 0.8431680798530579]"
844.0,MEDMCQA,0.9999713897705078,6.540293270518305e-06,2.9648222721334605e-07,2.1782501789857633e-05,0,3.7595741748809814,False,"['STAT', 'STAT', 'TEXT', 'TEXT', 'STAT']","[468502519162463052, 468502519162899011, 468502519162296033, 468502519162296485, 468502519162852657]","[0.776849091053009, 0.7647372484207153, 0.7495371699333191, 0.7656655311584473, 0.751738429069519]"
845.0,MEDMCQA,3.3929329674720066e-06,0.999934196472168,1.3708688584301854e-06,6.108825618866831e-05,1,5.313537359237671,False,"['PBMD', 'PBMD', 'PBMD', 'PBMD', 'PBMD']","[468502519163160011, 468502519163328992, 468502519163447891, 468502519163449693, 468502519163323019]","[0.7927839159965515, 0.785551905632019, 0.7810177803039551, 0.7868692278862, 0.7983736991882324]"
846.0,MEDMCQA,3.882943565258756e-05,0.9999179840087891,8.39745371195022e-06,3.480647865217179e-05,1,5.355652809143066,False,"['STAT', 'PBMD', 'STAT', 'STAT', 'STAT']","[468502519162836923, 468502519163515057, 468502519162481371, 468502519162854996, 468502519162890244]","[0.7433600425720215, 0.7622708678245544, 0.7405897378921509, 0.7510107755661011, 0.7755499482154846]"
847.0,MEDMCQA,0.9999750852584839,8.664513188705314e-06,1.2098370234525646e-06,1.497093489888357e-05,2,4.037433624267578,False,"['PBMD', 'PBMD', 'PBMD', 'TEXT', 'PBMD']","[468502519163335025, 468502519163927077, 468502519163221782, 468502519162296693, 468502519163115397]","[0.7366607189178467, 0.7013676762580872, 0.7120787501335144, 0.7004840970039368, 0.7119579315185547]"
848.0,MEDMCQA,8.80097650224343e-06,7.76683464209782e-06,6.339105766528519e-06,0.9999771118164062,0,4.8365795612335205,False,"['PBMD', 'PBMD', 'PBMD', 'PBMD', 'STAT']","[468502519163927942, 468502519163639341, 468502519163741323, 468502519163169757, 468502519162477380]","[0.7455443739891052, 0.7490981817245483, 0.7464340925216675, 0.7548761963844299, 0.7601450085639954]"
849.0,MEDMCQA,0.00010635386570356786,0.9996988773345947,5.0632032071007416e-05,0.000144237230415456,0,7.431095838546753,False,"['PBMD', 'PBMD', 'PBMD', 'PBMD', 'PBMD']","[468502519163116511, 468502519163644037, 468502519163887108, 468502519163704161, 468502519163114485]","[0.8191114068031311, 0.7438225746154785, 0.7574422955513, 0.7350020408630371, 0.7343641519546509]"
850.0,MEDMCQA,0.999967098236084,6.54026507618255e-06,7.112207640602719e-07,2.5665949578979053e-05,0,4.810677766799927,False,"['STAT', 'STAT', 'STAT', 'STAT', 'STAT']","[468502519162705315, 468502519162705334, 468502519162705338, 468502519162953158, 468502519162990557]","[0.7724605202674866, 0.8019062280654907, 0.7652867436408997, 0.7691022753715515, 0.7479386329650879]"
851.0,MEDMCQA,4.936820005241316e-06,0.9999608993530273,5.53895858956821e-07,3.360551636433229e-05,0,4.0267839431762695,False,"['PBMD', 'PBMD', 'PBMD', 'PBMD', 'PBMD']","[468502519163612991, 468502519163158405, 468502519163447926, 468502519163447717, 468502519163324772]","[0.7862501740455627, 0.8016626238822937, 0.7712110280990601, 0.7751598358154297, 0.699317991733551]"
852.0,MEDMCQA,2.9022990020166617e-06,2.406090516160475e-06,2.123367266904097e-06,0.9999926090240479,0,10.159870147705078,False,"['PBMD', 'PBMD', 'PBMD', 'PBMD', 'PBMD']","[468502519163037027, 468502519163644720, 468502519163530354, 468502519163329868, 468502519163132715]","[0.7843907475471497, 0.7666100859642029, 0.7808864712715149, 0.7661720514297485, 0.7803296446800232]"
853.0,MEDMCQA,0.9999922513961792,4.975695901521249e-06,1.6536795328647713e-06,1.101588054552849e-06,0,4.593221187591553,False,"['PBMD', 'PBMD', 'STAT', 'PBMD', 'PBMD']","[468502519163120117, 468502519163641551, 468502519162723659, 468502519163807766, 468502519163925060]","[0.7753444314002991, 0.7675070762634277, 0.7515416145324707, 0.7602096796035767, 0.7663495540618896]"
854.0,MEDMCQA,8.061055996222422e-05,0.9999003410339355,1.5688232451793738e-05,3.2884322536119726e-06,2,5.535356760025024,False,"['TEXT', 'PBMD', 'TEXT', 'STAT', 'PBMD']","[468502519162307802, 468502519163316675, 468502519162369084, 468502519162940470, 468502519162993902]","[0.8013518452644348, 0.7929734587669373, 0.7972255349159241, 0.7944282293319702, 0.7872669100761414]"
855.0,MEDMCQA,0.00012927645002491772,0.00018809613538905978,0.9995676875114441,0.00011498085223138332,0,4.8302319049835205,False,"['PBMD', 'PBMD', 'PBMD', 'TEXT', 'PBMD']","[468502519163623102, 468502519163538896, 468502519163617022, 468502519162318765, 468502519163617039]","[0.7526915073394775, 0.7259477972984314, 0.7300024628639221, 0.7106590867042542, 0.7337925434112549]"
856.0,MEDMCQA,0.0001499124482506886,0.0005860075470991433,0.9992287158966064,3.533023118507117e-05,2,4.194967746734619,False,"['TEXT', 'STAT', 'STAT', 'TEXT', 'TEXT']","[468502519162381274, 468502519162942896, 468502519162941748, 468502519162297755, 468502519162353685]","[0.822586178779602, 0.7963136434555054, 0.810677170753479, 0.8223421573638916, 0.8027917146682739]"
857.0,MEDMCQA,4.322954555391334e-05,8.90484225237742e-05,2.5965233362512663e-05,0.9998416900634766,3,6.702210903167725,False,"['STAT', 'STAT', 'PBMD', 'PBMD', 'TEXT']","[468502519162853035, 468502519162807342, 468502519163865858, 468502519163882780, 468502519162386806]","[0.7121756076812744, 0.7172452807426453, 0.7183149456977844, 0.7171137928962708, 0.7214413285255432]"
858.0,MEDMCQA,0.999841570854187,1.3844002751284279e-05,2.0782310457434505e-05,0.00012387319293338805,3,5.370703220367432,False,"['STAT', 'PBMD', 'PBMD', 'PBMD', 'STAT']","[468502519162777553, 468502519163443949, 468502519163128955, 468502519163133989, 468502519162859857]","[0.7570449113845825, 0.7590757608413696, 0.7762543559074402, 0.7446520328521729, 0.7457873225212097]"
859.0,MEDMCQA,0.9999212026596069,1.6831367247505113e-05,1.6026872344809817e-06,6.0375776229193434e-05,2,5.3915746212005615,False,"['PBMD', 'STAT', 'PBMD', 'STAT', 'PBMD']","[468502519163539225, 468502519162948598, 468502519163165201, 468502519162789380, 468502519163116677]","[0.76604163646698, 0.7418947219848633, 0.7462039589881897, 0.754360020160675, 0.744708240032196]"
860.0,MEDMCQA,0.9999772310256958,6.096258857724024e-06,1.3287489082358661e-06,1.541605706734117e-05,3,5.6038453578948975,False,"['STAT', 'TEXT', 'STAT', 'PBMD', 'PBMD']","[468502519162429732, 468502519162390603, 468502519162446192, 468502519163413318, 468502519163963003]","[0.7357996106147766, 0.7364963293075562, 0.7395668029785156, 0.7336666584014893, 0.739463210105896]"
861.0,MEDMCQA,6.276645194702724e-07,1.9947137843701057e-06,7.41126086722943e-06,0.9999899864196777,3,6.269657611846924,False,"['STAT', 'STAT', 'TEXT', 'STAT', 'PBMD']","[468502519162888905, 468502519162888906, 468502519162410474, 468502519162888908, 468502519163633785]","[0.7341153621673584, 0.7391208410263062, 0.7294772863388062, 0.7317754030227661, 0.7336323261260986]"
862.0,MEDMCQA,4.565934887068579e-06,0.9999877214431763,5.896349080103391e-07,7.183223715401255e-06,1,3.507408857345581,False,"['STAT', 'STAT', 'TEXT', 'STAT', 'STAT']","[468502519162727772, 468502519162880421, 468502519162296498, 468502519162891480, 468502519162927797]","[0.7992281913757324, 0.8162960410118103, 0.8171131610870361, 0.8045649528503418, 0.7973500490188599]"
863.0,MEDMCQA,0.9998894929885864,8.060968684731051e-05,2.7106540073873475e-05,2.901999550886103e-06,0,4.642358064651489,False,"['TEXT', 'TEXT', 'TEXT', 'STAT', 'TEXT']","[468502519162387160, 468502519162387161, 468502519162309379, 468502519162923421, 468502519162353168]","[0.784300684928894, 0.7730434536933899, 0.7611778974533081, 0.7621767520904541, 0.7675724625587463]"
864.0,MEDMCQA,4.2470239236536145e-07,9.7215354344371e-07,7.934485211080755e-07,0.9999978542327881,3,4.8368003368377686,False,"['STAT', 'TEXT', 'STAT', 'TEXT', 'STAT']","[468502519162755658, 468502519162393959, 468502519162909706, 468502519162389093, 468502519162791026]","[0.7939615845680237, 0.8068534731864929, 0.8015747666358948, 0.7846614122390747, 0.8074079751968384]"
865.0,MEDMCQA,6.961927283555269e-06,1.8924480173154734e-05,0.9999457597732544,2.840900924638845e-05,2,4.238620758056641,False,"['PBMD', 'PBMD', 'PBMD', 'PBMD', 'PBMD']","[468502519163937777, 468502519163639590, 468502519163913947, 468502519163209952, 468502519163301522]","[0.7531701326370239, 0.7787785530090332, 0.7731337547302246, 0.7358731627464294, 0.7487900257110596]"
866.0,MEDMCQA,0.999992847442627,4.63786182081094e-06,4.450820654255949e-07,2.058038489849423e-06,0,6.589524984359741,False,"['PBMD', 'PBMD', 'PBMD', 'PBMD', 'PBMD']","[468502519163079133, 468502519163557803, 468502519163156307, 468502519163035853, 468502519163097227]","[0.808282732963562, 0.7946580052375793, 0.8050509691238403, 0.7884781360626221, 0.7984226942062378]"
867.0,MEDMCQA,0.999993085861206,5.682428309228271e-06,1.4005132698002853e-07,1.118936438615492e-06,0,7.468590974807739,False,"['STAT', 'STAT', 'STAT', 'STAT', 'TEXT']","[468502519162801526, 468502519162903549, 468502519162938887, 468502519162732744, 468502519162296443]","[0.7476855516433716, 0.7539021372795105, 0.7497668266296387, 0.7661820650100708, 0.7492036819458008]"
868.0,MEDMCQA,6.204146484378725e-05,1.618448550289031e-05,0.9997925162315369,0.000129305524751544,2,5.148403644561768,False,"['PBMD', 'PBMD', 'PBMD', 'PBMD', 'PBMD']","[468502519163670394, 468502519163118987, 468502519163656293, 468502519163760570, 468502519163116443]","[0.7358586192131042, 0.7388627529144287, 0.7323065996170044, 0.7149699926376343, 0.7420927882194519]"
869.0,MEDMCQA,1.045133831212297e-05,0.999969482421875,6.144025064713787e-06,1.384577353746863e-05,1,4.338073492050171,False,"['PBMD', 'PBMD', 'PBMD', 'STAT', 'PBMD']","[468502519163017981, 468502519163433499, 468502519163435392, 468502519162893237, 468502519163614154]","[0.79389488697052, 0.8171007633209229, 0.8001891374588013, 0.7786409854888916, 0.8099586963653564]"
870.0,MEDMCQA,0.00012146239896537736,8.028174488572404e-05,7.903709047241136e-05,0.9997192025184631,0,6.100773572921753,False,"['PBMD', 'PBMD', 'PBMD', 'PBMD', 'PBMD']","[468502519163257955, 468502519163206279, 468502519163508719, 468502519163953465, 468502519163073542]","[0.7137647271156311, 0.7098952531814575, 0.7410741448402405, 0.7079287171363831, 0.7128830552101135]"
871.0,MEDMCQA,9.277933713747188e-05,0.999869704246521,3.446141590757179e-06,3.4131611755583435e-05,0,3.452677011489868,False,"['TEXT', 'TEXT', 'TEXT', 'STAT', 'PBMD']","[468502519162296915, 468502519162360179, 468502519162397954, 468502519162872483, 468502519163105819]","[0.7636834383010864, 0.7708923816680908, 0.7619422674179077, 0.7610875368118286, 0.7744710445404053]"
872.0,MEDMCQA,0.9999116659164429,1.2410554518282879e-05,1.706035391180194e-06,7.426276715705171e-05,0,7.053529977798462,False,"['STAT', 'STAT', 'PBMD', 'PBMD', 'PBMD']","[468502519162963721, 468502519162963720, 468502519163119632, 468502519163117052, 468502519163666365]","[0.760998010635376, 0.7099862098693848, 0.7308788895606995, 0.7170472741127014, 0.7041269540786743]"
873.0,MEDMCQA,1.663618786551524e-05,6.0488100643851794e-06,1.328747316620138e-06,0.9999760389328003,0,6.443692207336426,False,"['PBMD', 'PBMD', 'PBMD', 'PBMD', 'PBMD']","[468502519163435749, 468502519163703973, 468502519163161036, 468502519163743328, 468502519163700982]","[0.7706739902496338, 0.7427743077278137, 0.7312568426132202, 0.7343358397483826, 0.7323390245437622]"
874.0,MEDMCQA,0.9999030828475952,6.747442967025563e-06,3.089204483330832e-06,8.699096360942349e-05,0,5.646848440170288,False,"['STAT', 'STAT', 'TEXT', 'TEXT', 'PBMD']","[468502519162457923, 468502519162817016, 468502519162344394, 468502519162342942, 468502519163400463]","[0.7996976375579834, 0.7657765746116638, 0.8081262111663818, 0.8099702000617981, 0.7672397494316101]"
875.0,MEDMCQA,1.750248520693276e-05,0.9999573230743408,4.425321549206274e-06,2.0784715161425993e-05,1,3.6833248138427734,False,"['PBMD', 'PBMD', 'PBMD', 'PBMD', 'PBMD']","[468502519163436041, 468502519163280087, 468502519163115965, 468502519163432637, 468502519163116087]","[0.7819828391075134, 0.7668342590332031, 0.7939830422401428, 0.786190390586853, 0.7838057279586792]"
876.0,MEDMCQA,0.0006660642102360725,0.9983768463134766,0.00011506839655339718,0.0008419841178692877,0,3.851294994354248,False,"['STAT', 'STAT', 'TEXT', 'STAT', 'PBMD']","[468502519162979059, 468502519162979053, 468502519162306277, 468502519162979052, 468502519163022988]","[0.7104430198669434, 0.7309176325798035, 0.7141813039779663, 0.7105966210365295, 0.6620635986328125]"
877.0,MEDMCQA,0.9999657869338989,3.726525619640597e-06,5.043303872298566e-07,3.0006494853296317e-05,0,5.417419910430908,False,"['STAT', 'PBMD', 'PBMD', 'STAT', 'STAT']","[468502519162786713, 468502519163551811, 468502519163071928, 468502519162721755, 468502519162721756]","[0.7789836525917053, 0.7614556550979614, 0.7551612854003906, 0.7716254591941833, 0.7739118337631226]"
878.0,MEDMCQA,1.321149193245219e-05,3.071763785555959e-05,4.637669917428866e-06,0.9999514818191528,3,5.240374803543091,False,"['STAT', 'PBMD', 'PBMD', 'TEXT', 'PBMD']","[468502519162467675, 468502519163961795, 468502519163889560, 468502519162349056, 468502519163742043]","[0.7782918214797974, 0.7939314246177673, 0.7821104526519775, 0.7856835126876831, 0.7872791886329651]"
879.0,MEDMCQA,4.198194437776692e-05,4.7944886318873614e-05,0.9998540878295898,5.605324622592889e-05,2,5.88424277305603,False,"['TEXT', 'STAT', 'TEXT', 'TEXT', 'TEXT']","[468502519162325729, 468502519162837236, 468502519162308525, 468502519162331471, 468502519162331470]","[0.8025195598602295, 0.7836154103279114, 0.7819294929504395, 0.788701057434082, 0.7820748686790466]"
880.0,MEDMCQA,0.9999305009841919,1.7917063814820722e-05,1.450968011340592e-05,3.7051766412332654e-05,3,6.317067861557007,False,"['STAT', 'TEXT', 'STAT', 'PBMD', 'TEXT']","[468502519162897518, 468502519162306057, 468502519162805519, 468502519163646225, 468502519162306056]","[0.7677509784698486, 0.7659109830856323, 0.7608753442764282, 0.7750341892242432, 0.7677261233329773]"
881.0,MEDMCQA,3.611967258621007e-06,2.994426040459075e-06,1.370948211842915e-06,0.9999920129776001,0,4.235606908798218,False,"['TEXT', 'STAT', 'PBMD', 'STAT', 'PBMD']","[468502519162318808, 468502519162885315, 468502519163064677, 468502519162885317, 468502519163682602]","[0.7784038782119751, 0.7791465520858765, 0.8170880675315857, 0.7734414935112, 0.7586367130279541]"
882.0,MEDMCQA,0.99994957447052,1.0129582733497955e-05,1.1015409882020322e-06,3.926920544472523e-05,0,6.58554744720459,False,"['STAT', 'STAT', 'PBMD', 'PBMD', 'PBMD']","[468502519162923269, 468502519162923270, 468502519163324230, 468502519163150754, 468502519163613921]","[0.7565246224403381, 0.7646092176437378, 0.7553919553756714, 0.7514234185218811, 0.7765205502510071]"
883.0,MEDMCQA,0.9999887943267822,7.5279617703927215e-06,4.888250373369374e-07,3.2377361094404478e-06,0,6.508525133132935,False,"['PBMD', 'PBMD', 'PBMD', 'PBMD', 'PBMD']","[468502519163397038, 468502519163117716, 468502519163660488, 468502519163047812, 468502519163813355]","[0.7888956069946289, 0.7297839522361755, 0.7719377875328064, 0.7406867146492004, 0.7515377998352051]"
884.0,MEDMCQA,0.9999662637710571,1.937365777848754e-05,4.7849557631707285e-06,9.516021236777306e-06,0,4.355553150177002,False,"['PBMD', 'PBMD', 'PBMD', 'PBMD', 'STAT']","[468502519163424561, 468502519163457198, 468502519163697174, 468502519163466217, 468502519162462641]","[0.780501127243042, 0.7529084086418152, 0.7432680130004883, 0.7784887552261353, 0.7377644777297974]"
885.0,MEDMCQA,0.9999806880950928,1.4063970411370974e-05,1.136543005486601e-06,4.029394858662272e-06,0,3.760502815246582,False,"['TEXT', 'STAT', 'PBMD', 'STAT', 'PBMD']","[468502519162391571, 468502519162937682, 468502519163476095, 468502519162907202, 468502519163236050]","[0.7071101665496826, 0.710118293762207, 0.7097451090812683, 0.712643563747406, 0.7172752022743225]"
886.0,MEDMCQA,4.7921781515469775e-05,8.814164175419137e-05,0.9993723034858704,0.0004916146281175315,0,5.599670171737671,False,"['PBMD', 'STAT', 'PBMD', 'TEXT', 'PBMD']","[468502519163432308, 468502519162713508, 468502519163422226, 468502519162365988, 468502519163568971]","[0.7860320210456848, 0.7693700790405273, 0.771952748298645, 0.7793311476707458, 0.785357654094696]"
887.0,MEDMCQA,0.9999037981033325,1.8630302292876877e-05,7.337509373428475e-07,7.691940118093044e-05,0,5.015976667404175,False,"['STAT', 'TEXT', 'TEXT', 'TEXT', 'STAT']","[468502519162982492, 468502519162397909, 468502519162296876, 468502519162397838, 468502519162864200]","[0.7464895844459534, 0.74542236328125, 0.746218204498291, 0.7436091303825378, 0.7697134017944336]"
888.0,MEDMCQA,0.9999878406524658,6.048881459719269e-06,4.4507984853225935e-07,5.59430100111058e-06,0,4.434946298599243,False,"['STAT', 'STAT', 'STAT', 'STAT', 'PBMD']","[468502519162837456, 468502519162970816, 468502519162935196, 468502519162895623, 468502519163760990]","[0.7929112911224365, 0.7634292840957642, 0.7757315039634705, 0.7701366543769836, 0.7779926657676697]"
889.0,MEDMCQA,0.9999569654464722,1.644205804041121e-05,3.84478425985435e-06,2.2827534849056974e-05,0,6.28335976600647,False,"['PBMD', 'PBMD', 'PBMD', 'PBMD', 'PBMD']","[468502519163918891, 468502519163978677, 468502519163307404, 468502519163698349, 468502519163764958]","[0.8399479985237122, 0.8416576981544495, 0.8263647556304932, 0.8239532709121704, 0.8471347689628601]"
890.0,MEDMCQA,5.093650997878285e-06,0.9999842643737793,1.459355416955077e-06,9.223409506375901e-06,1,3.984135866165161,False,"['STAT', 'PBMD', 'PBMD', 'STAT', 'STAT']","[468502519162754846, 468502519163424881, 468502519163345191, 468502519162858549, 468502519162966338]","[0.8011800050735474, 0.7923806309700012, 0.8089244961738586, 0.764548659324646, 0.7798106074333191]"
891.0,MEDMCQA,1.9947115106333513e-06,7.12733117325115e-06,2.123359081451781e-06,0.9999887943267822,1,6.431470632553101,False,"['PBMD', 'PBMD', 'PBMD', 'PBMD', 'PBMD']","[468502519163378111, 468502519163694882, 468502519163456852, 468502519163939580, 468502519163144842]","[0.7754136919975281, 0.7620352506637573, 0.7738239169120789, 0.8046191930770874, 0.7676135897636414]"
892.0,MEDMCQA,0.9985260963439941,0.00020297017181292176,6.738150659657549e-06,0.0012641566572710872,0,5.709577798843384,False,"['PBMD', 'PBMD', 'PBMD', 'PBMD', 'PBMD']","[468502519163689007, 468502519163122819, 468502519163318626, 468502519162997692, 468502519163318783]","[0.7392727732658386, 0.7664787173271179, 0.7386613488197327, 0.7373579740524292, 0.7501624226570129]"
893.0,MEDMCQA,0.9997519850730896,4.682946382672526e-05,6.337678769341437e-06,0.00019486241217236966,0,6.5484778881073,False,"['STAT', 'TEXT', 'TEXT', 'TEXT', 'STAT']","[468502519162981964, 468502519162328430, 468502519162328378, 468502519162342995, 468502519162783458]","[0.7842659950256348, 0.7861513495445251, 0.7761543989181519, 0.8114845156669617, 0.7775582671165466]"
894.0,MEDMCQA,2.48237734012946e-06,0.9999561309814453,1.9332774172653444e-06,3.944240961573087e-05,1,4.71725058555603,False,"['STAT', 'TEXT', 'STAT', 'TEXT', 'STAT']","[468502519162469609, 468502519162306155, 468502519162750082, 468502519162337199, 468502519162477140]","[0.7968436479568481, 0.7762598991394043, 0.772834062576294, 0.7937210202217102, 0.7718624472618103]"
895.0,MEDMCQA,5.955066171736689e-06,9.295727068092674e-06,2.9479715522029437e-06,0.9999817609786987,2,6.7385194301605225,False,"['TEXT', 'STAT', 'STAT', 'STAT', 'STAT']","[468502519162374131, 468502519162750347, 468502519162429931, 468502519162785583, 468502519162911371]","[0.7990828156471252, 0.8074352145195007, 0.8102086782455444, 0.8067507743835449, 0.8192829489707947]"
896.0,MEDMCQA,0.25,0.25,0.25,0.25,3,10.284524202346802,True,"['PBMD', 'PBMD', 'PBMD', 'PBMD', 'PBMD']","[468502519163813209, 468502519163307696, 468502519163481050, 468502519163972001, 468502519163059218]","[0.6477816700935364, 0.6476046442985535, 0.6884769201278687, 0.677451491355896, 0.6690351366996765]"
897.0,MEDMCQA,1.1911040473933099e-06,2.33206856137258e-06,1.3709524182559107e-06,0.9999951124191284,0,5.916528701782227,False,"['STAT', 'STAT', 'STAT', 'STAT', 'PBMD']","[468502519162845854, 468502519162429296, 468502519162845864, 468502519162774545, 468502519163328551]","[0.7442253232002258, 0.7009419202804565, 0.7482136487960815, 0.7048324346542358, 0.7239201664924622]"
898.0,MEDMCQA,2.35461448028218e-05,7.140279922168702e-05,0.9997015595436096,0.00020340764604043216,2,4.797266721725464,False,"['PBMD', 'STAT', 'STAT', 'PBMD', 'PBMD']","[468502519163398855, 468502519162814333, 468502519162874072, 468502519163376247, 468502519163847221]","[0.7588340044021606, 0.7391154170036316, 0.7540866732597351, 0.7823699712753296, 0.7566413879394531]"
899.0,MEDMCQA,2.9944267225801013e-06,0.9999922513961792,2.561268956924323e-06,2.260311930513126e-06,1,3.529771327972412,False,"['PBMD', 'STAT', 'PBMD', 'TEXT', 'PBMD']","[468502519163184054, 468502519162858497, 468502519163535375, 468502519162307220, 468502519163120327]","[0.8157782554626465, 0.7982680201530457, 0.805256724357605, 0.7795829176902771, 0.7842002511024475]"
900.0,MEDMCQA,0.0003040565352421254,6.601420318474993e-05,0.9993595480918884,0.0002704334619920701,0,4.463452100753784,False,"['PBMD', 'PBMD', 'PBMD', 'STAT', 'PBMD']","[468502519163710409, 468502519163412853, 468502519163342985, 468502519162733926, 468502519163392371]","[0.7873376607894897, 0.7951651811599731, 0.7880828380584717, 0.7784802913665771, 0.7791725397109985]"
901.0,MEDMCQA,2.317727921763435e-05,1.921463990584016e-05,0.9995369911193848,0.0004205695877317339,2,5.354271411895752,False,"['STAT', 'PBMD', 'PBMD', 'PBMD', 'PBMD']","[468502519162763220, 468502519163713016, 468502519163774642, 468502519163774637, 468502519163672950]","[0.7720826268196106, 0.7553802728652954, 0.7516128420829773, 0.751893937587738, 0.7880146503448486]"
902.0,MEDMCQA,1.2027470802422613e-05,0.9998077750205994,1.5443580196006224e-05,0.00016474202857352793,1,6.342061758041382,False,"['TEXT', 'STAT', 'PBMD', 'TEXT', 'PBMD']","[468502519162350997, 468502519162487578, 468502519163514938, 468502519162384620, 468502519163421756]","[0.7756811380386353, 0.7745947241783142, 0.7880921363830566, 0.7749003767967224, 0.7840214967727661]"
903.0,MEDMCQA,2.9250511488498887e-06,4.601751697919099e-06,3.5559580737754004e-06,0.9999889135360718,3,3.814730167388916,False,"['STAT', 'STAT', 'STAT', 'STAT', 'TEXT']","[468502519162721580, 468502519162845657, 468502519162489142, 468502519162901286, 468502519162397171]","[0.7468303442001343, 0.7337722778320312, 0.7374823093414307, 0.7351970672607422, 0.7504311800003052]"
904.0,MEDMCQA,0.9998509883880615,1.9523355149431154e-05,8.012369107746053e-06,0.00012147841334808618,1,5.306561708450317,False,"['PBMD', 'PBMD', 'PBMD', 'STAT', 'PBMD']","[468502519163747132, 468502519163956975, 468502519163373921, 468502519162855254, 468502519163218307]","[0.7125308513641357, 0.7405498027801514, 0.7233844995498657, 0.7361109256744385, 0.7295387387275696]"
905.0,MEDMCQA,8.664570486871526e-06,0.9999817609786987,4.222774350637337e-06,5.338086793926777e-06,0,4.132838010787964,False,"['STAT', 'TEXT', 'STAT', 'STAT', 'TEXT']","[468502519162487346, 468502519162328134, 468502519162711173, 468502519162424368, 468502519162328150]","[0.787384033203125, 0.7610495686531067, 0.8000798225402832, 0.7884378433227539, 0.7585997581481934]"
906.0,MEDMCQA,8.26964242151007e-05,0.00014067135634832084,0.9749839901924133,0.024792620912194252,0,8.451687812805176,False,"['PBMD', 'TEXT', 'PBMD', 'PBMD', 'PBMD']","[468502519163955292, 468502519162298610, 468502519163716109, 468502519163867756, 468502519163249198]","[0.8079798221588135, 0.79689621925354, 0.7943246364593506, 0.8000596165657043, 0.8091322183609009]"
907.0,MEDMCQA,0.999866247177124,8.187720231944695e-05,5.337470156518975e-06,4.64703407487832e-05,0,5.4101951122283936,False,"['STAT', 'PBMD', 'PBMD', 'PBMD', 'PBMD']","[468502519162788368, 468502519162993182, 468502519163358434, 468502519163358432, 468502519163771713]","[0.7679448127746582, 0.742355227470398, 0.7326321601867676, 0.7199600338935852, 0.7201138138771057]"
908.0,MEDMCQA,0.00013981077063363045,4.936660479870625e-05,3.1563726224703714e-05,0.9997792840003967,3,4.853603839874268,False,"['TEXT', 'TEXT', 'STAT', 'STAT', 'STAT']","[468502519162296268, 468502519162296651, 468502519162812711, 468502519162461298, 468502519162812709]","[0.7526556849479675, 0.7610289454460144, 0.753095269203186, 0.7549617290496826, 0.7642550468444824]"
909.0,MEDMCQA,0.0001606564619578421,0.0002079049008898437,0.9981344938278198,0.0014969753101468086,1,7.083320140838623,False,"['STAT', 'PBMD', 'STAT', 'STAT', 'STAT']","[468502519162971118, 468502519163431828, 468502519162944147, 468502519162738221, 468502519162934397]","[0.7436313033103943, 0.7959153652191162, 0.7632374167442322, 0.7421111464500427, 0.7519732713699341]"
910.0,MEDMCQA,0.0001450593990739435,0.99757319688797,0.0021652006544172764,0.00011655850539682433,3,7.022414207458496,False,"['STAT', 'STAT', 'STAT', 'PBMD', 'PBMD']","[468502519162764346, 468502519162929735, 468502519162729689, 468502519163746523, 468502519163788739]","[0.7549868822097778, 0.7883806824684143, 0.7686123847961426, 0.7575821876525879, 0.7604108452796936]"
911.0,MEDMCQA,5.4635176638839766e-05,0.0002410617162240669,0.9976701140403748,0.0020342154894024134,2,5.525958299636841,False,"['PBMD', 'PBMD', 'PBMD', 'PBMD', 'PBMD']","[468502519163527911, 468502519163926204, 468502519163308587, 468502519163436381, 468502519163432170]","[0.8073084354400635, 0.7849556803703308, 0.8123109936714172, 0.7861353158950806, 0.7884835004806519]"
912.0,MEDMCQA,0.2539956271648407,0.5377087593078613,0.010483651421964169,0.1978120058774948,0,10.19999885559082,False,"['STAT', 'STAT', 'STAT', 'STAT', 'TEXT']","[468502519162447156, 468502519162427441, 468502519162447154, 468502519162447155, 468502519162419710]","[0.7670513987541199, 0.7467999458312988, 0.7498399615287781, 0.7597743272781372, 0.7501716613769531]"
913.0,MEDMCQA,3.588941035559401e-05,3.093860505032353e-05,0.9993069171905518,0.0006262923707254231,0,6.470351696014404,False,"['STAT', 'STAT', 'PBMD', 'PBMD', 'PBMD']","[468502519162698127, 468502519162948346, 468502519163357581, 468502519163979538, 468502519163185576]","[0.7570749521255493, 0.7441257834434509, 0.752422571182251, 0.7434144616127014, 0.7564681768417358]"
914.0,MEDMCQA,5.043464170739753e-07,1.3925449593443773e-06,5.714993562833115e-07,0.9999974966049194,3,4.3254735469818115,False,"['PBMD', 'PBMD', 'PBMD', 'PBMD', 'PBMD']","[468502519163304277, 468502519163063270, 468502519163465625, 468502519163471325, 468502519163909655]","[0.7754324078559875, 0.7816774845123291, 0.7654594779014587, 0.7902306318283081, 0.7850241661071777]"
915.0,MEDMCQA,0.9992499947547913,0.00029814286972396076,6.298429070739076e-05,0.00038885162211954594,3,4.443809747695923,False,"['PBMD', 'PBMD', 'PBMD', 'PBMD', 'PBMD']","[468502519163970172, 468502519163207258, 468502519163311613, 468502519163861834, 468502519163149231]","[0.7484648823738098, 0.7278397083282471, 0.7483203411102295, 0.7308900356292725, 0.7402083873748779]"
916.0,MEDMCQA,0.9988813996315002,0.0001645893935346976,5.7326691603520885e-05,0.0008967403555288911,3,5.6199424266815186,False,"['STAT', 'STAT', 'PBMD', 'TEXT', 'PBMD']","[468502519162928100, 468502519162742439, 468502519163229847, 468502519162326034, 468502519163231523]","[0.8474111557006836, 0.81125807762146, 0.7973797917366028, 0.7893356084823608, 0.7990347743034363]"
917.0,MEDMCQA,5.093656909593847e-06,5.594287813437404e-06,3.844893853965914e-06,0.9999854564666748,2,6.12557053565979,False,"['PBMD', 'PBMD', 'PBMD', 'PBMD', 'PBMD']","[468502519163449924, 468502519163151764, 468502519163291741, 468502519163225998, 468502519163676539]","[0.8089512586593628, 0.8037278056144714, 0.8021151423454285, 0.8161638975143433, 0.8142310380935669]"
918.0,MEDMCQA,0.000544048729352653,0.00018655502935871482,0.00011583465675357729,0.9991536140441895,0,4.485029458999634,False,"['PBMD', 'PBMD', 'PBMD', 'PBMD', 'PBMD']","[468502519163680197, 468502519163728641, 468502519163621066, 468502519163244700, 468502519162993722]","[0.7277488708496094, 0.7671401500701904, 0.7262521386146545, 0.7295433282852173, 0.7244080305099487]"
919.0,MEDMCQA,0.3971188962459564,0.043184682726860046,0.08067960292100906,0.47901684045791626,0,9.683695793151855,False,"['PBMD', 'PBMD', 'PBMD', 'PBMD', 'PBMD']","[468502519163962405, 468502519163647825, 468502519163118590, 468502519163910834, 468502519163923695]","[0.7734798192977905, 0.7947483062744141, 0.7777590751647949, 0.7962262034416199, 0.7696062326431274]"
920.0,MEDMCQA,0.9999887943267822,1.012998018268263e-05,5.896355332879466e-07,4.5920862135062634e-07,0,4.1098809242248535,False,"['PBMD', 'PBMD', 'TEXT', 'PBMD', 'PBMD']","[468502519163949203, 468502519163183684, 468502519162339582, 468502519163310390, 468502519163534497]","[0.7842403054237366, 0.8148876428604126, 0.7932207584381104, 0.7985464930534363, 0.7898877859115601]"
921.0,MEDMCQA,0.06050765514373779,0.1545117199420929,0.024447305127978325,0.760533332824707,2,5.67120623588562,False,"['STAT', 'PBMD', 'TEXT', 'TEXT', 'PBMD']","[468502519162467192, 468502519163097132, 468502519162298876, 468502519162300310, 468502519163834382]","[0.7384504675865173, 0.7363428473472595, 0.7526193857192993, 0.7385451197624207, 0.7395374774932861]"
922.0,MEDMCQA,1.5779547766214819e-06,3.5283032957522664e-06,8.990915603135363e-07,0.9999940395355225,2,6.2344582080841064,False,"['STAT', 'PBMD', 'PBMD', 'PBMD', 'TEXT']","[468502519162467192, 468502519163097132, 468502519163736912, 468502519163834382, 468502519162300676]","[0.7148181200027466, 0.7243843674659729, 0.7186077833175659, 0.720409631729126, 0.7235782742500305]"
923.0,MEDMCQA,0.9999948740005493,3.6688579712063074e-06,2.3090601075637096e-07,1.1911037063327967e-06,0,5.267111539840698,False,"['STAT', 'PBMD', 'STAT', 'PBMD', 'STAT']","[468502519162826881, 468502519163008472, 468502519162989241, 468502519163247986, 468502519162895648]","[0.8250175714492798, 0.8293746709823608, 0.8493016362190247, 0.8298226594924927, 0.8385583162307739]"
924.0,MEDMCQA,3.119976827292703e-05,0.9999001026153564,2.4437545107502956e-06,6.617904000449926e-05,0,2.8003225326538086,False,"['PBMD', 'PBMD', 'PBMD', 'PBMD', 'PBMD']","[468502519163118989, 468502519163726903, 468502519163156444, 468502519163119878, 468502519163113862]","[0.7587258219718933, 0.7526320815086365, 0.7447279691696167, 0.7448722124099731, 0.7424654960632324]"
925.0,MEDMCQA,2.123260628650314e-06,5.594047252088785e-06,0.999942421913147,4.985919804312289e-05,2,4.43593168258667,False,"['TEXT', 'STAT', 'TEXT', 'TEXT', 'STAT']","[468502519162385306, 468502519162784668, 468502519162340685, 468502519162328197, 468502519162816132]","[0.7764464616775513, 0.7732589840888977, 0.7743337154388428, 0.7754924893379211, 0.7920553088188171]"
926.0,MEDMCQA,0.9998339414596558,2.9079457817715593e-05,5.092885203339392e-06,0.00013186132127884775,3,4.564026117324829,False,"['PBMD', 'PBMD', 'PBMD', 'PBMD', 'PBMD']","[468502519163211876, 468502519163286501, 468502519162999009, 468502519163180533, 468502519163500596]","[0.8197752237319946, 0.8184244632720947, 0.8107122182846069, 0.8126670718193054, 0.8106595277786255]"
927.0,MEDMCQA,0.9987125396728516,0.00015580376202706248,1.1464121598692145e-05,0.0011201899033039808,3,3.8774750232696533,False,"['PBMD', 'PBMD', 'PBMD', 'PBMD', 'TEXT']","[468502519163149632, 468502519163322129, 468502519163401714, 468502519163450157, 468502519162383927]","[0.7221409678459167, 0.7078263759613037, 0.7229158878326416, 0.7085727453231812, 0.721598744392395]"
928.0,MEDMCQA,1.392539729749842e-06,0.9999936819076538,5.203540922593675e-07,4.4254825297684874e-06,1,5.282605171203613,False,"['TEXT', 'PBMD', 'PBMD', 'TEXT', 'TEXT']","[468502519162300322, 468502519163621406, 468502519163728194, 468502519162300308, 468502519162300323]","[0.762736976146698, 0.8209566473960876, 0.7700421810150146, 0.8018813729286194, 0.7995770573616028]"
929.0,MEDMCQA,0.0017035269411280751,0.0009261915693059564,0.992163896560669,0.0052063982002437115,0,4.847285509109497,False,"['PBMD', 'PBMD', 'PBMD', 'PBMD', 'STAT']","[468502519163973274, 468502519163902987, 468502519163954793, 468502519163954791, 468502519162866434]","[0.7283787727355957, 0.7399128079414368, 0.752700686454773, 0.7571002840995789, 0.727304995059967]"
930.0,MEDMCQA,3.244309846195392e-05,3.975011350121349e-05,1.3211005352786742e-05,0.9999146461486816,3,4.443211555480957,False,"['PBMD', 'PBMD', 'PBMD', 'PBMD', 'PBMD']","[468502519163884525, 468502519163566427, 468502519163922200, 468502519163447116, 468502519163032567]","[0.6980878710746765, 0.6811919212341309, 0.6852998733520508, 0.6850249171257019, 0.7262927889823914]"
931.0,MEDMCQA,9.22259823710192e-06,2.078344732581172e-05,0.9998962879180908,7.368371734628454e-05,2,3.074958324432373,False,"['PBMD', 'PBMD', 'PBMD', 'PBMD', 'PBMD']","[468502519163431481, 468502519163123527, 468502519163925625, 468502519163434754, 468502519163137625]","[0.7568487524986267, 0.759251594543457, 0.7480829954147339, 0.7718838453292847, 0.7491247057914734]"
932.0,MEDMCQA,3.3930959943972994e-06,5.955068900220795e-06,8.397993042308372e-06,0.9999822378158569,2,10.197574138641357,False,"['PBMD', 'PBMD', 'PBMD', 'PBMD', 'PBMD']","[468502519163436207, 468502519163136200, 468502519163642615, 468502519163973470, 468502519163433058]","[0.7689608335494995, 0.7817726135253906, 0.7563493251800537, 0.7782068252563477, 0.762042760848999]"
933.0,MEDMCQA,0.9999599456787109,6.04871274845209e-06,1.3081258884994895e-06,3.269903390901163e-05,0,5.523229360580444,False,"['PBMD', 'TEXT', 'STAT', 'STAT', 'TEXT']","[468502519163426966, 468502519162364827, 468502519162852567, 468502519162804146, 468502519162326919]","[0.7816410064697266, 0.7766658067703247, 0.7839715480804443, 0.7795208692550659, 0.7846904993057251]"
934.0,MEDMCQA,4.859749424213078e-06,4.6469649532809854e-05,0.9998513460159302,9.723012772155926e-05,2,4.733523845672607,False,"['PBMD', 'PBMD', 'PBMD', 'PBMD', 'PBMD']","[468502519163312673, 468502519163041725, 468502519163057864, 468502519163395613, 468502519163114538]","[0.8060370087623596, 0.7981747984886169, 0.8153278827667236, 0.8120812773704529, 0.8245670795440674]"
935.0,MEDMCQA,0.9999278783798218,3.144534639432095e-05,1.136482978836284e-06,3.94412963942159e-05,0,5.2249815464019775,False,"['PBMD', 'PBMD', 'PBMD', 'PBMD', 'PBMD']","[468502519163703600, 468502519163372819, 468502519163271873, 468502519163688114, 468502519163229323]","[0.7739709615707397, 0.7788761854171753, 0.8031131029129028, 0.7812544703483582, 0.7624841332435608]"
936.0,MEDMCQA,0.0002977887343149632,0.00020307426166255027,0.9980630278587341,0.001436013844795525,2,6.899429082870483,False,"['PBMD', 'STAT', 'PBMD', 'PBMD', 'PBMD']","[468502519163435286, 468502519162942410, 468502519163432344, 468502519163431768, 468502519163432064]","[0.7579827904701233, 0.7378953695297241, 0.7648794651031494, 0.7497078776359558, 0.7426134347915649]"
937.0,MEDMCQA,2.647351357154548e-05,0.9996967315673828,1.0448487955727614e-05,0.0002663306368049234,1,5.014617919921875,False,"['STAT', 'STAT', 'PBMD', 'STAT', 'TEXT']","[468502519162868616, 468502519162868615, 468502519163962313, 468502519162868606, 468502519162392678]","[0.8075178861618042, 0.786411702632904, 0.8369922637939453, 0.7748216986656189, 0.7858892679214478]"
938.0,MEDMCQA,2.8129297788836993e-06,0.999966025352478,1.3287340152601246e-06,2.9772989364573732e-05,1,3.539360761642456,False,"['STAT', 'TEXT', 'STAT', 'TEXT', 'PBMD']","[468502519162848762, 468502519162359734, 468502519162770574, 468502519162294167, 468502519163973656]","[0.74266117811203, 0.7557820081710815, 0.7454599142074585, 0.7498802542686462, 0.7414801120758057]"
939.0,MEDMCQA,0.22202081978321075,0.7749288082122803,0.00097344268579036,0.0020769410766661167,1,5.200507164001465,False,"['PBMD', 'PBMD', 'PBMD', 'PBMD', 'PBMD']","[468502519163935544, 468502519163435303, 468502519163532723, 468502519163978551, 468502519163122943]","[0.7589917182922363, 0.7677850723266602, 0.7579318284988403, 0.7591134309768677, 0.759980320930481]"
940.0,MEDMCQA,1.3211526493250858e-05,0.999954104423523,2.3319728370552184e-06,3.0241484637372196e-05,1,5.148841381072998,False,"['TEXT', 'PBMD', 'PBMD', 'PBMD', 'TEXT']","[468502519162333625, 468502519163756721, 468502519163541873, 468502519163819191, 468502519162371698]","[0.8294196724891663, 0.8198564052581787, 0.8470181226730347, 0.8403937816619873, 0.8181252479553223]"
941.0,MEDMCQA,3.590443157008849e-05,3.0710685678059235e-05,0.9997251629829407,0.0002082362334476784,3,5.504189491271973,False,"['TEXT', 'STAT', 'STAT', 'PBMD', 'PBMD']","[468502519162407302, 468502519162865641, 468502519162425229, 468502519163997501, 468502519163751539]","[0.7859194278717041, 0.8005163669586182, 0.7889391183853149, 0.8139816522598267, 0.8115642666816711]"
942.0,MEDMCQA,4.263198934495449e-05,0.00014649333024863154,0.9995943903923035,0.00021650310372933745,1,7.303144693374634,False,"['PBMD', 'PBMD', 'PBMD', 'PBMD', 'PBMD']","[468502519163254235, 468502519162994810, 468502519163423206, 468502519163511755, 468502519163371542]","[0.7962757349014282, 0.7885674238204956, 0.8014018535614014, 0.7984813451766968, 0.8040086030960083]"
943.0,MEDMCQA,0.9939277172088623,0.00013683759607374668,2.5312408979516476e-05,0.005910110659897327,0,5.081291437149048,False,"['STAT', 'PBMD', 'PBMD', 'PBMD', 'TEXT']","[468502519162910614, 468502519163448960, 468502519163820227, 468502519163863979, 468502519162299427]","[0.7528233528137207, 0.7542929649353027, 0.7618550062179565, 0.7619249820709229, 0.754988431930542]"
944.0,MEDMCQA,9.22142862691544e-06,0.9997695088386536,3.0235902158892713e-05,0.0001910967839648947,2,7.163869380950928,False,"['PBMD', 'PBMD', 'TEXT', 'PBMD', 'PBMD']","[468502519163370489, 468502519163976656, 468502519162391174, 468502519163560758, 468502519163778590]","[0.7672624588012695, 0.7639693021774292, 0.7849579453468323, 0.767395555973053, 0.7678224444389343]"
945.0,MEDMCQA,2.443976882204879e-06,2.902294454543153e-06,3.55596557710669e-06,0.9999910593032837,2,8.595698595046997,False,"['STAT', 'STAT', 'TEXT', 'TEXT', 'STAT']","[468502519162835865, 468502519162835867, 468502519162312317, 468502519162312563, 468502519162835861]","[0.8312215209007263, 0.8450937271118164, 0.8155019879341125, 0.8252231478691101, 0.7871887683868408]"
946.0,MEDMCQA,1.260609678865876e-05,6.338743787637213e-06,0.9999200105667114,6.108739034971222e-05,2,5.5374274253845215,False,"['TEXT', 'STAT', 'STAT', 'STAT', 'STAT']","[468502519162332935, 468502519162931991, 468502519162974232, 468502519162962012, 468502519162901147]","[0.8170909285545349, 0.7975643873214722, 0.8284412026405334, 0.8028579950332642, 0.8416774272918701]"
947.0,MEDMCQA,0.9999847412109375,9.516196769254748e-06,3.1560790603180067e-07,5.4221654863795266e-06,0,4.827667713165283,False,"['STAT', 'PBMD', 'STAT', 'TEXT', 'PBMD']","[468502519162867482, 468502519163604575, 468502519162876052, 468502519162394428, 468502519163643275]","[0.8236666917800903, 0.8142526149749756, 0.7995078563690186, 0.7942784428596497, 0.7897934913635254]"
948.0,MEDMCQA,0.0023946613073349,0.0006149998516775668,0.0002484824217390269,0.9967418313026428,0,6.886927127838135,False,"['STAT', 'STAT', 'PBMD', 'TEXT', 'TEXT']","[468502519162754380, 468502519162980059, 468502519163531330, 468502519162308060, 468502519162409198]","[0.7355507612228394, 0.7356526255607605, 0.7414488792419434, 0.7347791790962219, 0.7365232110023499]"
949.0,MEDMCQA,0.9996987581253052,4.197542148176581e-05,8.137307304423302e-06,0.00025117420591413975,3,7.374451398849487,False,"['TEXT', 'TEXT', 'PBMD', 'TEXT', 'PBMD']","[468502519162378798, 468502519162377918, 468502519163145374, 468502519162377986, 468502519163946614]","[0.7995109558105469, 0.791235625743866, 0.8048554062843323, 0.810712456703186, 0.8087053298950195]"
950.0,MEDMCQA,0.9995676875114441,0.0002626802306622267,1.862403951236047e-05,0.00015113948029465973,0,5.476005792617798,False,"['PBMD', 'PBMD', 'PBMD', 'PBMD', 'PBMD']","[468502519163536198, 468502519163632036, 468502519163572510, 468502519163721624, 468502519163318020]","[0.7242231965065002, 0.7166410684585571, 0.7148723006248474, 0.7189929485321045, 0.7273521423339844]"
951.0,MEDMCQA,2.190763325415901e-06,0.9999895095825195,3.576323024390149e-07,8.013479600776918e-06,1,5.200109004974365,False,"['STAT', 'STAT', 'STAT', 'STAT', 'PBMD']","[468502519162818081, 468502519162711463, 468502519162921314, 468502519162864444, 468502519163278711]","[0.6812968850135803, 0.6792314648628235, 0.709658145904541, 0.6819798946380615, 0.6553434133529663]"
952.0,MEDMCQA,7.25392674212344e-05,0.9998675584793091,8.800011528364848e-06,5.103775401948951e-05,1,6.576186180114746,False,"['TEXT', 'TEXT', 'TEXT', 'STAT', 'STAT']","[468502519162397129, 468502519162397169, 468502519162397124, 468502519162729913, 468502519162862264]","[0.7903776168823242, 0.769011378288269, 0.7763214111328125, 0.7666692733764648, 0.7895765900611877]"
953.0,MEDMCQA,0.9988717436790466,0.0007670152699574828,2.6245817934977822e-05,0.0003350841288920492,1,7.550053834915161,False,"['STAT', 'STAT', 'STAT', 'STAT', 'PBMD']","[468502519162856349, 468502519162975543, 468502519162715056, 468502519162813826, 468502519163305003]","[0.727763831615448, 0.7309029698371887, 0.7447332739830017, 0.7355296015739441, 0.7392301559448242]"
954.0,MEDMCQA,3.7259742384776473e-06,1.0614312486723065e-05,0.9998177886009216,0.00016799295553937554,2,5.351800203323364,False,"['PBMD', 'STAT', 'TEXT', 'PBMD', 'PBMD']","[468502519163688174, 468502519162936283, 468502519162388389, 468502519163439219, 468502519163897432]","[0.8140565156936646, 0.8093825578689575, 0.8239822387695312, 0.8042536973953247, 0.8121293783187866]"
955.0,MEDMCQA,9.758574742591009e-05,0.00011232050019316375,0.9995959401130676,0.00019407241779845208,2,5.238815546035767,False,"['STAT', 'PBMD', 'PBMD', 'PBMD', 'TEXT']","[468502519162488605, 468502519163582782, 468502519163240441, 468502519163126470, 468502519162314356]","[0.760399341583252, 0.7482232451438904, 0.7429970502853394, 0.7849845290184021, 0.7447332143783569]"
956.0,MEDMCQA,5.043467581344885e-07,7.224433602459612e-07,5.539165499612864e-07,0.9999982118606567,3,4.745878219604492,False,"['PBMD', 'STAT', 'STAT', 'STAT', 'STAT']","[468502519163958554, 468502519162921310, 468502519162966726, 468502519162818084, 468502519162724207]","[0.7390594482421875, 0.7513402700424194, 0.7384374141693115, 0.7447332739830017, 0.7278087139129639]"
957.0,MEDMCQA,0.0003100647882092744,0.000200976399355568,9.309832967119291e-05,0.9993958473205566,1,5.696821212768555,False,"['STAT', 'STAT', 'STAT', 'PBMD', 'PBMD']","[468502519162849272, 468502519162837865, 468502519162950331, 468502519163115187, 468502519163285302]","[0.7301990389823914, 0.7380080223083496, 0.7353526949882507, 0.7515475749969482, 0.7635782361030579]"
958.0,MEDMCQA,0.9997559189796448,0.00015566220099572092,3.5551295241020853e-06,8.479753887513652e-05,0,3.2835686206817627,False,"['STAT', 'PBMD', 'PBMD', 'PBMD', 'PBMD']","[468502519162963721, 468502519163538472, 468502519163434174, 468502519163432661, 468502519163744938]","[0.7809270024299622, 0.7722611427307129, 0.7611194252967834, 0.7927113175392151, 0.770581066608429]"
959.0,MEDMCQA,7.225889567052945e-05,1.937239539984148e-05,7.182602075772593e-06,0.9999011754989624,3,7.40445613861084,False,"['STAT', 'STAT', 'TEXT', 'STAT', 'PBMD']","[468502519162923587, 468502519162853380, 468502519162418637, 468502519162965532, 468502519163123306]","[0.7237589359283447, 0.7300509214401245, 0.7259571552276611, 0.7477767467498779, 0.7341470122337341]"
960.0,MEDMCQA,0.9297848343849182,0.0019181466195732355,0.05583791807293892,0.012459123507142067,3,5.576929092407227,False,"['STAT', 'STAT', 'STAT', 'PBMD', 'TEXT']","[468502519162924782, 468502519162429732, 468502519162491186, 468502519163137954, 468502519162392023]","[0.7264232039451599, 0.7672417759895325, 0.7420040965080261, 0.732160210609436, 0.7376083135604858]"
961.0,MEDMCQA,1.0030112207459752e-06,2.2252777398534818e-06,6.375527732416231e-07,0.9999961853027344,3,5.9549400806427,False,"['TEXT', 'PBMD', 'TEXT', 'PBMD', 'PBMD']","[468502519162403119, 468502519163467875, 468502519162403123, 468502519163639168, 468502519163912902]","[0.735310971736908, 0.7233181595802307, 0.7209026217460632, 0.7223085761070251, 0.7618542313575745]"
962.0,MEDMCQA,1.136560172199097e-06,2.5215692858182592e-06,5.043455644226924e-07,0.9999958276748657,3,4.066912889480591,False,"['STAT', 'STAT', 'STAT', 'STAT', 'STAT']","[468502519162870219, 468502519162877632, 468502519162696995, 468502519162465801, 468502519162752317]","[0.8094883561134338, 0.8304244875907898, 0.7821420431137085, 0.806605875492096, 0.7939583659172058]"
963.0,MEDMCQA,0.00012147201778134331,0.9997983574867249,6.107996159698814e-05,1.9219663954572752e-05,1,6.031310796737671,False,"['PBMD', 'PBMD', 'PBMD', 'PBMD', 'PBMD']","[468502519163384715, 468502519163920570, 468502519163084433, 468502519163533976, 468502519163605894]","[0.7823153734207153, 0.7821282148361206, 0.7879001498222351, 0.7783029079437256, 0.7779629826545715]"
964.0,MEDMCQA,0.9994839429855347,0.00018087512580677867,1.7769692931324244e-05,0.0003174457233399153,1,3.8614532947540283,False,"['PBMD', 'PBMD', 'PBMD', 'PBMD', 'PBMD']","[468502519163717444, 468502519163780777, 468502519163639391, 468502519163760568, 468502519163760567]","[0.719643235206604, 0.750162661075592, 0.7197712659835815, 0.7531149387359619, 0.7198814749717712]"
965.0,MEDMCQA,3.144532456644811e-05,0.999927282333374,3.555738885552273e-06,3.763512722798623e-05,2,7.928393363952637,False,"['TEXT', 'PBMD', 'TEXT', 'PBMD', 'PBMD']","[468502519162398906, 468502519163565810, 468502519162397641, 468502519163474967, 468502519163490349]","[0.7767519950866699, 0.7818464636802673, 0.7864401340484619, 0.7604470252990723, 0.7743666172027588]"
966.0,MEDMCQA,0.00027345315902493894,0.0009396480163559318,4.1285249608336017e-05,0.9987455606460571,0,6.228443622589111,False,"['PBMD', 'STAT', 'PBMD', 'STAT', 'PBMD']","[468502519163805269, 468502519162445134, 468502519163525333, 468502519162749298, 468502519163805270]","[0.6676313877105713, 0.6604982614517212, 0.6498274207115173, 0.6583148241043091, 0.701397716999054]"
967.0,MEDMCQA,2.332032181584509e-06,0.9999794960021973,1.6536585007997928e-06,1.6442429114249535e-05,1,5.338616847991943,False,"['PBMD', 'PBMD', 'PBMD', 'PBMD', 'PBMD']","[468502519163063398, 468502519163133274, 468502519163129071, 468502519163111966, 468502519163004533]","[0.7614208459854126, 0.7597678899765015, 0.7647130489349365, 0.7711308598518372, 0.7612909078598022]"
968.0,MEDMCQA,1.2482666988944402e-06,0.9999953508377075,5.368727897803183e-07,2.8130120881542098e-06,1,5.526856899261475,False,"['TEXT', 'TEXT', 'TEXT', 'TEXT', 'STAT']","[468502519162294440, 468502519162380346, 468502519162409743, 468502519162409491, 468502519162420321]","[0.7234642505645752, 0.7301785349845886, 0.7196245193481445, 0.7362274527549744, 0.7591477036476135]"
969.0,MEDMCQA,1.020926265482558e-05,1.663612601987552e-05,7.811273690094822e-07,0.9999723434448242,3,4.625829219818115,False,"['PBMD', 'PBMD', 'PBMD', 'PBMD', 'PBMD']","[468502519163123261, 468502519163115758, 468502519163434261, 468502519163432688, 468502519163735381]","[0.772185742855072, 0.729243278503418, 0.7083904147148132, 0.7287406325340271, 0.7138877511024475]"
970.0,MEDMCQA,1.450980835215887e-05,1.8630962586030364e-05,0.9999393224716187,2.7534777473192662e-05,2,5.931745529174805,False,"['TEXT', 'STAT', 'STAT', 'STAT', 'PBMD']","[468502519162296073, 468502519162878302, 468502519162846887, 468502519162746512, 468502519163116909]","[0.8195855617523193, 0.7984383702278137, 0.7980204224586487, 0.791323184967041, 0.8198966979980469]"
971.0,MEDMCQA,2.211431819887366e-05,5.5595395679119974e-05,0.9994649291038513,0.00045738351764157414,0,3.1090826988220215,False,"['PBMD', 'PBMD', 'PBMD', 'PBMD', 'TEXT']","[468502519163392698, 468502519163375943, 468502519163753639, 468502519163343473, 468502519162318136]","[0.710273265838623, 0.7061773538589478, 0.7167961597442627, 0.711785614490509, 0.7103378176689148]"
972.0,MEDMCQA,7.071575055306312e-06,2.2473417629953474e-05,0.9999476671218872,2.282732202729676e-05,1,7.202268362045288,False,"['PBMD', 'STAT', 'PBMD', 'PBMD', 'PBMD']","[468502519163079607, 468502519162901928, 468502519163099126, 468502519163928154, 468502519163903606]","[0.8054832220077515, 0.7986342906951904, 0.7987115979194641, 0.7956845164299011, 0.8011221289634705]"
973.0,MEDMCQA,4.822582468477776e-06,6.388884230545955e-06,2.2252561393543147e-06,0.9999865293502808,0,4.7222089767456055,False,"['PBMD', 'PBMD', 'PBMD', 'PBMD', 'PBMD']","[468502519163116317, 468502519163116969, 468502519163572314, 468502519163118129, 468502519163161782]","[0.7029222249984741, 0.6999584436416626, 0.7220266461372375, 0.7053816914558411, 0.7030062675476074]"
974.0,MEDMCQA,1.3005682376387995e-05,0.9998757839202881,3.187179572705645e-06,0.00010804781049955636,1,3.620579481124878,False,"['STAT', 'PBMD', 'STAT', 'PBMD', 'PBMD']","[468502519162938311, 468502519163324808, 468502519162420638, 468502519163915899, 468502519163884152]","[0.7599639892578125, 0.7510457634925842, 0.7466622591018677, 0.7473940849304199, 0.7510718107223511]"
975.0,MEDMCQA,1.7061760217984556e-06,2.994432179548312e-06,1.248265107278712e-06,0.9999940395355225,1,6.896003484725952,False,"['STAT', 'STAT', 'PBMD', 'STAT', 'PBMD']","[468502519162739554, 468502519162899076, 468502519163685671, 468502519162950077, 468502519163660279]","[0.8022154569625854, 0.800166130065918, 0.8187012672424316, 0.7836160659790039, 0.8067940473556519]"
976.0,MEDMCQA,2.4298171410919167e-05,7.368329534074292e-05,0.9998905658721924,1.1477643965918105e-05,2,5.61568021774292,False,"['STAT', 'STAT', 'STAT', 'TEXT', 'STAT']","[468502519162472842, 468502519162961879, 468502519162936149, 468502519162334518, 468502519162961881]","[0.7892481684684753, 0.7776405811309814, 0.7768545746803284, 0.783331036567688, 0.7651829719543457]"
977.0,MEDMCQA,4.609798997989856e-05,5.736987804993987e-05,0.9996339082717896,0.0002626976347528398,0,6.299438953399658,False,"['STAT', 'STAT', 'STAT', 'STAT', 'STAT']","[468502519162871639, 468502519162757696, 468502519162892399, 468502519162812113, 468502519162858745]","[0.7752152681350708, 0.7922802567481995, 0.7460785508155823, 0.7412460446357727, 0.7442535161972046]"
978.0,MEDMCQA,6.961877261346672e-06,0.9999386072158813,6.143835435068468e-06,4.83250041725114e-05,0,5.321534633636475,False,"['PBMD', 'PBMD', 'PBMD', 'PBMD', 'PBMD']","[468502519163327709, 468502519163118876, 468502519163116057, 468502519163879044, 468502519163372167]","[0.7931538820266724, 0.7794942259788513, 0.7864623069763184, 0.7841277122497559, 0.7856732606887817]"
979.0,MEDMCQA,0.9999932050704956,2.1568068859778577e-06,5.20353864885692e-07,4.15735394199146e-06,0,5.2188239097595215,False,"['PBMD', 'STAT', 'PBMD', 'TEXT', 'PBMD']","[468502519163132303, 468502519162987167, 468502519163130780, 468502519162388546, 468502519163438080]","[0.8104487657546997, 0.7697486877441406, 0.8206382989883423, 0.7833346128463745, 0.8097591996192932]"
980.0,MEDMCQA,1.0952212505799253e-05,0.9999059438705444,8.85074427969812e-07,8.220091694965959e-05,0,8.860155820846558,False,"['STAT', 'PBMD', 'PBMD', 'PBMD', 'PBMD']","[468502519162893223, 468502519163871360, 468502519163433629, 468502519163979760, 468502519163727984]","[0.7548353672027588, 0.771486759185791, 0.7501543760299683, 0.7628957629203796, 0.7684035897254944]"
981.0,MEDMCQA,0.9999606609344482,2.62744306382956e-05,1.0348135219828691e-06,1.20293107102043e-05,0,4.857640266418457,False,"['PBMD', 'PBMD', 'PBMD', 'PBMD', 'PBMD']","[468502519163860136, 468502519163022716, 468502519163434019, 468502519163435420, 468502519163120582]","[0.7546627521514893, 0.761603057384491, 0.7603399753570557, 0.7443020939826965, 0.7213265299797058]"
982.0,MEDMCQA,0.00015110075764823705,0.0004858576285187155,0.9993115663528442,5.140944631421007e-05,2,4.272587060928345,False,"['PBMD', 'TEXT', 'STAT', 'STAT', 'PBMD']","[468502519163149138, 468502519162385119, 468502519162949196, 468502519162702277, 468502519163338703]","[0.7626302242279053, 0.7466093897819519, 0.7730253338813782, 0.7523295283317566, 0.7454395294189453]"
983.0,MEDMCQA,0.999788224697113,3.792502684518695e-05,7.644975994480774e-06,0.0001662742579355836,0,7.198893070220947,False,"['PBMD', 'PBMD', 'PBMD', 'PBMD', 'PBMD']","[468502519163959049, 468502519163119151, 468502519163323031, 468502519163122835, 468502519163680759]","[0.7405856251716614, 0.7567248940467834, 0.7316147685050964, 0.7257657051086426, 0.7320048809051514]"
984.0,MEDMCQA,1.505698151049728e-06,1.6028074014684535e-06,7.571126161565189e-07,0.9999961853027344,0,4.709045171737671,False,"['PBMD', 'PBMD', 'PBMD', 'PBMD', 'PBMD']","[468502519163432796, 468502519163119486, 468502519163434929, 468502519163123479, 468502519163122532]","[0.670926570892334, 0.7020149827003479, 0.6901276707649231, 0.6698902249336243, 0.6621633768081665]"
985.0,MEDMCQA,1.260607587028062e-05,4.0692913898965344e-05,0.9999183416366577,2.8408230718923733e-05,2,3.3927695751190186,False,"['STAT', 'STAT', 'STAT', 'STAT', 'STAT']","[468502519162422828, 468502519162701264, 468502519162820775, 468502519162727878, 468502519162883262]","[0.834267258644104, 0.8508203625679016, 0.8359534740447998, 0.8280978202819824, 0.8202158212661743]"
986.0,MEDMCQA,0.00014197117707226425,0.9994887113571167,7.407545581372688e-06,0.0003618287155404687,2,6.4837493896484375,False,"['PBMD', 'PBMD', 'PBMD', 'PBMD', 'PBMD']","[468502519163116511, 468502519163191484, 468502519163577210, 468502519163925788, 468502519163782200]","[0.7623616456985474, 0.7151287198066711, 0.7133468389511108, 0.739041805267334, 0.7512120008468628]"
987.0,MEDMCQA,2.840455636032857e-05,7.367581565631554e-05,0.9997890591621399,0.0001088857970898971,2,4.566391944885254,False,"['TEXT', 'STAT', 'PBMD', 'PBMD', 'PBMD']","[468502519162340270, 468502519162931218, 468502519163726711, 468502519163142589, 468502519163361428]","[0.7946495413780212, 0.8201581239700317, 0.7910800576210022, 0.7841329574584961, 0.7823876142501831]"
988.0,MEDMCQA,2.4060932446445804e-06,0.9999938011169434,3.92783903180316e-07,3.446569280640688e-06,1,6.369224548339844,False,"['STAT', 'STAT', 'STAT', 'PBMD', 'PBMD']","[468502519162717219, 468502519162870423, 468502519162870430, 468502519163434751, 468502519163222724]","[0.7876307964324951, 0.7606898546218872, 0.755667507648468, 0.7745174765586853, 0.7503096461296082]"
989.0,MEDMCQA,8.397964847972617e-06,9.080365089175757e-06,3.6687995361717185e-06,0.9999788999557495,0,5.347193002700806,False,"['PBMD', 'PBMD', 'STAT', 'PBMD', 'PBMD']","[468502519163055598, 468502519163326419, 468502519162491667, 468502519163245823, 468502519163333544]","[0.7600599527359009, 0.7462822198867798, 0.7366676926612854, 0.7484313249588013, 0.7439560890197754]"
990.0,MEDMCQA,5.714989583793795e-07,1.7603406377020292e-06,8.990940045805473e-07,0.9999967813491821,3,6.356441974639893,False,"['PBMD', 'PBMD', 'PBMD', 'PBMD', 'PBMD']","[468502519163226353, 468502519163197879, 468502519163354241, 468502519163180298, 468502519163466594]","[0.7584123611450195, 0.7562053799629211, 0.7764269113540649, 0.7685170769691467, 0.7635247707366943]"
991.0,MEDMCQA,0.999944806098938,1.0952638149319682e-05,3.1873994430497987e-06,4.1013154259417206e-05,0,5.095034837722778,False,"['STAT', 'STAT', 'STAT', 'TEXT', 'TEXT']","[468502519162432828, 468502519162432839, 468502519162432609, 468502519162381517, 468502519162381006]","[0.8066776990890503, 0.802090585231781, 0.8013836145401001, 0.8047263026237488, 0.7998261451721191]"
992.0,MEDMCQA,0.0001312827371293679,0.9993428587913513,3.761312837013975e-05,0.0004882510402239859,1,6.288599967956543,False,"['STAT', 'PBMD', 'STAT', 'STAT', 'STAT']","[468502519162446010, 468502519163674782, 468502519162446008, 468502519162853901, 468502519162856485]","[0.7459560036659241, 0.729615330696106, 0.78700190782547, 0.7507209777832031, 0.7283953428268433]"
993.0,MEDMCQA,7.2960497163876425e-06,0.9999475479125977,1.8737805476121139e-06,4.3318639654899016e-05,3,5.924991607666016,False,"['STAT', 'PBMD', 'STAT', 'PBMD', 'PBMD']","[468502519162724833, 468502519163964195, 468502519162476499, 468502519163668182, 468502519163982818]","[0.7848762273788452, 0.7821847200393677, 0.7817230224609375, 0.7772905826568604, 0.787529706954956]"
994.0,MEDMCQA,0.9998602867126465,3.1871300052443985e-06,1.2096980981368688e-06,0.00013525578833650798,0,8.132123947143555,False,"['PBMD', 'PBMD', 'PBMD', 'PBMD', 'PBMD']","[468502519163001825, 468502519163077735, 468502519163075416, 468502519163270176, 468502519163938141]","[0.7893484234809875, 0.7902052402496338, 0.8036067485809326, 0.7863317131996155, 0.7835273146629333]"
995.0,MEDMCQA,1.231461010320345e-05,1.2606642485479824e-05,1.1750683370337356e-05,0.9999632835388184,3,5.845139741897583,False,"['TEXT', 'PBMD', 'STAT', 'PBMD', 'PBMD']","[468502519162384596, 468502519163900738, 468502519162749280, 468502519163002757, 468502519163259254]","[0.7105469107627869, 0.6962477564811707, 0.7017434239387512, 0.6974853277206421, 0.6968891024589539]"
996.0,MEDMCQA,4.425459792400943e-06,4.7108769649639726e-06,2.3320533273363253e-06,0.9999885559082031,3,4.998716592788696,False,"['STAT', 'PBMD', 'PBMD', 'PBMD', 'PBMD']","[468502519162465526, 468502519163531762, 468502519163434331, 468502519163018690, 468502519163434329]","[0.7316166758537292, 0.7284772396087646, 0.772302508354187, 0.7701318860054016, 0.7375792264938354]"
997.0,MEDMCQA,6.540240974572953e-06,0.9999634027481079,1.653631898079766e-06,2.8409509468474425e-05,1,2.243408679962158,False,"['PBMD', 'STAT', 'PBMD', 'PBMD', 'PBMD']","[468502519163434241, 468502519162904145, 468502519163915971, 468502519163926205, 468502519163122818]","[0.7975672483444214, 0.7457594871520996, 0.7274426221847534, 0.7579060792922974, 0.7562808990478516]"
998.0,MEDMCQA,1.791521026461851e-05,8.957041427493095e-05,6.553110870299861e-05,0.999826967716217,3,3.4926016330718994,False,"['STAT', 'STAT', 'STAT', 'PBMD', 'STAT']","[468502519162952955, 468502519162853102, 468502519162461533, 468502519163000410, 468502519162859791]","[0.7669631838798523, 0.7490235567092896, 0.7517288327217102, 0.7502472400665283, 0.7375397682189941]"
999.0,MEDMCQA,9.665957804827485e-06,9.223322194884531e-06,6.438916443585185e-06,0.9999747276306152,0,7.276716470718384,False,"['STAT', 'PBMD', 'PBMD', 'PBMD', 'TEXT']","[468502519162913287, 468502519163442191, 468502519163428841, 468502519163169382, 468502519162317418]","[0.6762025952339172, 0.6764688491821289, 0.6596745252609253, 0.672343373298645, 0.661108672618866]"
