id,source,probA,probB,probC,probD,probE,answer,time,error,sources,ids,similarity
0,MEDQA,3.4526972740422934e-05,0.999667763710022,3.346468656673096e-05,5.102755312691443e-05,0.00021316218771971762,2,4.221196889877319,False,"['TEXT', 'STAT', 'PBMD', 'TEXT', 'STAT']","[468502519162419238, 468502519162804824, 468502519163003037, 468502519162419239, 468502519162725956]","[0.7883020639419556, 0.7768590450286865, 0.7520108222961426, 0.7805895805358887, 0.7677859663963318]"
1,MEDQA,0.8983616232872009,0.00959757249802351,0.0017487014411017299,0.009302286431193352,0.0809897631406784,4,8.3984215259552,False,"['STAT', 'STAT', 'PBMD', 'PBMD', 'PBMD']","[468502519162463460, 468502519162803025, 468502519163959629, 468502519163762620, 468502519163669127]","[0.8022149801254272, 0.7991018891334534, 0.8087170124053955, 0.8275303244590759, 0.8109773397445679]"
2,MEDQA,4.637628990167286e-06,2.2473306671599858e-05,0.9999426603317261,2.5070785341085866e-05,5.255121777736349e-06,2,5.542730331420898,False,"['PBMD', 'PBMD', 'PBMD', 'PBMD', 'PBMD']","[468502519163753870, 468502519163584491, 468502519163939203, 468502519163751419, 468502519163701723]","[0.7856940627098083, 0.7769355773925781, 0.7759219408035278, 0.7778491377830505, 0.7790120840072632]"
3,MEDQA,6.64319668430835e-06,1.8486314729670994e-05,1.2098159913875861e-06,1.5936198906274512e-05,0.9999576807022095,3,10.383991241455078,False,"['PBMD', 'PBMD', 'PBMD', 'PBMD', 'PBMD']","[468502519163345479, 468502519163013377, 468502519163154071, 468502519163932367, 468502519163704310]","[0.7986013889312744, 0.7905657291412354, 0.7816476821899414, 0.7949286103248596, 0.7991694808006287]"
4,MEDQA,5.954490461590467e-06,0.999885082244873,9.817294994718395e-06,6.204721285030246e-05,3.705008566612378e-05,1,8.080962896347046,False,"['STAT', 'STAT', 'PBMD', 'STAT', 'STAT']","[468502519162734019, 468502519162717305, 468502519163242475, 468502519162487888, 468502519162838336]","[0.759428858757019, 0.7691073417663574, 0.76836097240448, 0.7694875001907349, 0.7615014314651489]"
5,MEDQA,7.182726221799385e-06,0.9999184608459473,6.338733783195494e-06,1.6186522771022283e-05,5.1844119298039004e-05,4,6.480776071548462,False,"['PBMD', 'STAT', 'STAT', 'PBMD', 'TEXT']","[468502519163953636, 468502519162729014, 468502519162754650, 468502519163681416, 468502519162390966]","[0.7790089249610901, 0.8038643598556519, 0.7909890413284302, 0.7795652151107788, 0.7912204265594482]"
6,MEDQA,0.9999759197235107,1.6061481801443733e-05,1.994685817408026e-06,5.50750337424688e-06,5.04335503137554e-07,3,6.466389179229736,False,"['STAT', 'PBMD', 'PBMD', 'PBMD', 'PBMD']","[468502519162822440, 468502519163659397, 468502519163183210, 468502519163769161, 468502519163939208]","[0.7860835194587708, 0.7899453639984131, 0.7662773132324219, 0.7848948240280151, 0.7637313008308411]"
7,MEDQA,1.260025874216808e-05,0.00012143053754698485,0.9994569420814514,0.00025308295153081417,0.00015591988631058484,2,8.81460976600647,False,"['PBMD', 'TEXT', 'PBMD', 'PBMD', 'TEXT']","[468502519163822394, 468502519162390966, 468502519163758589, 468502519163955446, 468502519162389975]","[0.8044017553329468, 0.7989494800567627, 0.795595645904541, 0.7957013845443726, 0.7955292463302612]"
8,MEDQA,7.963539974298328e-05,6.398883851943538e-05,0.9994482398033142,0.00033790714223869145,7.027799438219517e-05,2,5.794731616973877,False,"['TEXT', 'TEXT', 'TEXT', 'STAT', 'PBMD']","[468502519162307658, 468502519162309261, 468502519162375245, 468502519162434145, 468502519163301091]","[0.778314471244812, 0.769618034362793, 0.7888336777687073, 0.7695751190185547, 0.7700110077857971]"
9,MEDQA,2.8845801352872513e-05,3.479468068690039e-05,0.9995790123939514,0.00011770887795137241,0.0002396433992544189,0,6.519074440002441,False,"['STAT', 'STAT', 'STAT', 'PBMD', 'TEXT']","[468502519162723435, 468502519162810196, 468502519162728890, 468502519163204361, 468502519162418523]","[0.7420843243598938, 0.7507055401802063, 0.7571095824241638, 0.7459217309951782, 0.7396757006645203]"
10,MEDQA,3.57634093006709e-07,5.539145035982074e-07,2.3090592549124267e-07,4.356874796940247e-06,0.9999945163726807,4,7.564410209655762,False,"['STAT', 'PBMD', 'PBMD', 'PBMD', 'PBMD']","[468502519162695545, 468502519163637322, 468502519163621236, 468502519163873231, 468502519163820668]","[0.8075590133666992, 0.792163610458374, 0.8108765482902527, 0.7992006540298462, 0.7884490489959717]"
11,MEDQA,9.237405507178664e-09,6.758229975645236e-09,1.7257747231269605e-08,4.785094461112749e-06,0.999995231628418,3,10.676318407058716,False,"['PBMD', 'PBMD', 'PBMD', 'PBMD', 'PBMD']","[468502519163961772, 468502519163752132, 468502519163868110, 468502519163665830, 468502519163899266]","[0.7680715918540955, 0.7713509798049927, 0.7831425666809082, 0.7679814100265503, 0.7865837812423706]"
12,MEDQA,3.237733608330018e-06,0.9999879598617554,7.112356001925946e-07,2.1907599148107693e-06,6.001809651934309e-06,1,4.040184736251831,False,"['STAT', 'STAT', 'STAT', 'TEXT', 'TEXT']","[468502519162931561, 468502519162458818, 468502519162700923, 468502519162384745, 468502519162333127]","[0.7705387473106384, 0.7948616147041321, 0.790822446346283, 0.778236448764801, 0.7716038823127747]"
13,MEDQA,8.800926480034832e-06,1.0952931006613653e-05,2.684131231944775e-06,6.048782779544126e-06,0.9999715089797974,4,9.358569860458374,False,"['PBMD', 'PBMD', 'PBMD', 'PBMD', 'PBMD']","[468502519163451184, 468502519163420791, 468502519163361968, 468502519163530825, 468502519163960555]","[0.7683357000350952, 0.7615159153938293, 0.7745478749275208, 0.7618279457092285, 0.7712498903274536]"
14,MEDQA,0.004609864205121994,0.0018625535303726792,0.11613587290048599,0.8581345081329346,0.01925721764564514,3,7.917956352233887,False,"['PBMD', 'PBMD', 'PBMD', 'PBMD', 'PBMD']","[468502519163368420, 468502519163072601, 468502519163386836, 468502519163104621, 468502519163019769]","[0.760844349861145, 0.7584470510482788, 0.7570010423660278, 0.7571775317192078, 0.764912486076355]"
15,MEDQA,0.99969482421875,0.0001459368650102988,1.3416098227025941e-05,0.00013871102419216186,7.069786988722626e-06,1,6.643888473510742,False,"['TEXT', 'STAT', 'PBMD', 'PBMD', 'PBMD']","[468502519162349900, 468502519162894875, 468502519163967599, 468502519163705601, 468502519163114833]","[0.7962104678153992, 0.7814958095550537, 0.781140148639679, 0.7827980518341064, 0.7807445526123047]"
16,MEDQA,5.7315046433359385e-05,3.067853322136216e-05,2.707371095311828e-05,0.0012064509792253375,0.9986785054206848,4,8.148690462112427,False,"['PBMD', 'PBMD', 'PBMD', 'PBMD', 'PBMD']","[468502519163910794, 468502519163746159, 468502519163680080, 468502519163728035, 468502519163722648]","[0.8042705059051514, 0.8214365839958191, 0.8033431172370911, 0.8003659248352051, 0.7981019020080566]"
17,MEDQA,1.0450754416524433e-05,1.0129218026122544e-05,2.8187021598569117e-05,3.7634610634995624e-05,0.9999135732650757,4,4.5818047523498535,False,"['STAT', 'STAT', 'STAT', 'STAT', 'PBMD']","[468502519162720116, 468502519162720120, 468502519162720136, 468502519162720123, 468502519163639053]","[0.7869439125061035, 0.7831598520278931, 0.7890222668647766, 0.8044654130935669, 0.7982204556465149]"
18,MEDQA,0.9953215718269348,0.004467441234737635,6.626313552260399e-05,8.57508639455773e-05,5.8935649576596916e-05,1,10.327980995178223,False,"['TEXT', 'PBMD', 'STAT', 'PBMD', 'TEXT']","[468502519162412554, 468502519163626738, 468502519162982237, 468502519163864178, 468502519162294486]","[0.779165506362915, 0.772542417049408, 0.7629145979881287, 0.7625788450241089, 0.7595423460006714]"
19,MEDQA,2.5866067517199554e-05,2.2826723579782993e-05,0.999921441078186,2.4298920834553428e-05,5.5939299272722565e-06,4,4.470991849899292,False,"['PBMD', 'PBMD', 'PBMD', 'PBMD', 'PBMD']","[468502519163213387, 468502519163792318, 468502519163874092, 468502519163814092, 468502519163190486]","[0.7771685719490051, 0.7909669876098633, 0.7860812544822693, 0.7914714217185974, 0.7746137380599976]"
20,MEDQA,2.6678779249778017e-05,2.5656730940681882e-05,0.9996079802513123,0.00022077624453231692,0.0001188674577861093,2,7.226381063461304,False,"['PBMD', 'PBMD', 'PBMD', 'PBMD', 'STAT']","[468502519163719568, 468502519163773411, 468502519163682713, 468502519163862571, 468502519162455449]","[0.7910431623458862, 0.7781832218170166, 0.7785245180130005, 0.7968013882637024, 0.779608964920044]"
21,MEDQA,8.664081178721972e-06,5.33778529643314e-06,0.9999252557754517,1.56886235345155e-05,4.5043256250210106e-05,0,7.52909517288208,False,"['PBMD', 'PBMD', 'PBMD', 'PBMD', 'PBMD']","[468502519163412025, 468502519163726626, 468502519163625781, 468502519163970065, 468502519163772036]","[0.7673711180686951, 0.7677319049835205, 0.8019141554832458, 0.7922488451004028, 0.7780909538269043]"
22,MEDQA,1.8141648752134643e-06,4.931411694997223e-06,3.134595999654266e-06,0.0011247462825849652,0.9988653659820557,3,8.974058866500854,False,"['PBMD', 'PBMD', 'PBMD', 'PBMD', 'PBMD']","[468502519163861774, 468502519163892105, 468502519163661114, 468502519163618986, 468502519163634230]","[0.7944312691688538, 0.8028832674026489, 0.8129663467407227, 0.7912993431091309, 0.7920594215393066]"
23,MEDQA,1.9830027667921968e-05,0.9998118281364441,6.53924962534802e-06,6.656206824118271e-05,9.534576383884996e-05,4,4.7686684131622314,False,"['STAT', 'TEXT', 'PBMD', 'TEXT', 'TEXT']","[468502519162449531, 468502519162327191, 468502519163779848, 468502519162327160, 468502519162394786]","[0.7622460722923279, 0.7730399966239929, 0.764119565486908, 0.7644890546798706, 0.7844423651695251]"
24,MEDQA,0.999954342842102,2.144442987628281e-05,3.089362962782616e-06,1.5445843018824235e-05,5.594113645202015e-06,0,6.548198699951172,False,"['STAT', 'TEXT', 'PBMD', 'PBMD', 'PBMD']","[468502519162696805, 468502519162391888, 468502519163860960, 468502519163667139, 468502519163984837]","[0.807234525680542, 0.8457520008087158, 0.8024951815605164, 0.8065838813781738, 0.8102521896362305]"
25,MEDQA,2.812938419083366e-06,2.4439232220174745e-06,2.2958533918426838e-06,2.3369158952846192e-05,0.9999691247940063,4,9.83213496208191,False,"['PBMD', 'PBMD', 'PBMD', 'PBMD', 'PBMD']","[468502519163571851, 468502519163337122, 468502519163039382, 468502519163512994, 468502519163398806]","[0.7964509725570679, 0.8026676177978516, 0.8217096328735352, 0.7950078248977661, 0.7956146001815796]"
26,MEDQA,1.6027930769269005e-06,2.406077555860975e-06,2.190758323195041e-06,6.591693363589002e-06,0.9999872446060181,4,6.960050106048584,False,"['STAT', 'PBMD', 'STAT', 'PBMD', 'PBMD']","[468502519162847557, 468502519163822137, 468502519162990440, 468502519163735851, 468502519163983806]","[0.7733697295188904, 0.7909684181213379, 0.7744429707527161, 0.7708510160446167, 0.7970109581947327]"
27,MEDQA,0.9999879598617554,4.222800271236338e-06,2.616489780393749e-07,5.2553600653482135e-06,2.3687764496571617e-06,0,5.473416805267334,False,"['PBMD', 'PBMD', 'PBMD', 'PBMD', 'PBMD']","[468502519163054722, 468502519163169908, 468502519163341518, 468502519163842182, 468502519163375439]","[0.7985833883285522, 0.8024435043334961, 0.7910816669464111, 0.7898417711257935, 0.7966477274894714]"
28,MEDQA,3.156085028876987e-07,6.475866030086763e-07,1.855366633662925e-07,0.9999866485595703,1.212397273775423e-05,3,9.857141733169556,False,"['TEXT', 'PBMD', 'PBMD', 'PBMD', 'PBMD']","[468502519162417087, 468502519163818956, 468502519163872852, 468502519163745720, 468502519163320209]","[0.7983248829841614, 0.7840217351913452, 0.7759810090065002, 0.7953141927719116, 0.7785661220550537]"
29,MEDQA,6.539676178363152e-06,1.0288355042575859e-05,2.642268100316869e-06,0.9998770952224731,0.00010350359661970288,3,7.301655054092407,False,"['TEXT', 'PBMD', 'STAT', 'PBMD', 'PBMD']","[468502519162371928, 468502519163471076, 468502519162891132, 468502519163514743, 468502519163917567]","[0.7983263731002808, 0.8030946850776672, 0.8023806810379028, 0.7886210083961487, 0.7948269844055176]"
30,MEDQA,3.0893340863258345e-06,3.5006742109544575e-06,1.994624199141981e-06,4.6383323933696374e-05,0.9999450445175171,4,7.595059394836426,False,"['TEXT', 'PBMD', 'PBMD', 'PBMD', 'PBMD']","[468502519162414993, 468502519163972368, 468502519163653304, 468502519163967599, 468502519163453434]","[0.8044171929359436, 0.7971054911613464, 0.7995322942733765, 0.801413893699646, 0.8063881397247314]"
31,MEDQA,3.2886066492210375e-06,3.2886066492210375e-06,4.936783170705894e-06,0.9999533891677856,3.508071313262917e-05,2,6.4281628131866455,False,"['PBMD', 'PBMD', 'PBMD', 'TEXT', 'PBMD']","[468502519163049966, 468502519163672000, 468502519163509221, 468502519162408638, 468502519163055785]","[0.8113896250724792, 0.7988038063049316, 0.7965623736381531, 0.7937113046646118, 0.7991237640380859]"
32,MEDQA,3.187356924172491e-06,1.2606241398316342e-05,0.9999314546585083,3.4806947951437905e-05,1.805760621209629e-05,4,8.112065076828003,False,"['PBMD', 'PBMD', 'STAT', 'PBMD', 'PBMD']","[468502519163259392, 468502519163140663, 468502519162882722, 468502519163359112, 468502519163987838]","[0.7958595156669617, 0.8000196218490601, 0.7901318073272705, 0.7987759709358215, 0.7939499616622925]"
33,MEDQA,0.9971953630447388,0.00018187632667832077,7.581734098494053e-05,0.0001906047691591084,0.0023563061840832233,1,9.617546081542969,False,"['PBMD', 'PBMD', 'PBMD', 'PBMD', 'PBMD']","[468502519163029705, 468502519163883746, 468502519163397971, 468502519163087736, 468502519163839320]","[0.807746171951294, 0.8079960942268372, 0.8042535185813904, 0.805569052696228, 0.8042515516281128]"
34,MEDQA,2.812841785271303e-06,3.726410113813472e-06,2.1232444851193577e-06,5.649743980029598e-05,0.9999347925186157,1,7.400439739227295,False,"['TEXT', 'TEXT', 'STAT', 'TEXT', 'TEXT']","[468502519162352301, 468502519162353493, 468502519162753646, 468502519162353494, 468502519162329173]","[0.7753282785415649, 0.810309112071991, 0.7734373807907104, 0.7854019999504089, 0.7798159122467041]"
35,MEDQA,0.9999946355819702,4.7850917326286435e-06,2.457981054249103e-07,2.873671007819212e-07,8.233205051055847e-08,0,9.44491720199585,False,"['PBMD', 'TEXT', 'PBMD', 'TEXT', 'PBMD']","[468502519163410552, 468502519162350686, 468502519163345715, 468502519162351092, 468502519163960333]","[0.7780466079711914, 0.7809337377548218, 0.7786543965339661, 0.7918844819068909, 0.8032886981964111]"
36,MEDQA,2.5611650471546454e-06,2.726346110648592e-06,3.34038918481383e-06,0.9999517202377319,3.975158688263036e-05,4,8.155895233154297,False,"['TEXT', 'TEXT', 'TEXT', 'PBMD', 'PBMD']","[468502519162326366, 468502519162307512, 468502519162326330, 468502519163911005, 468502519163238886]","[0.7727040648460388, 0.7702703475952148, 0.7651643753051758, 0.8045427203178406, 0.7615861892700195]"
37,MEDQA,0.9998676776885986,2.7748747015721165e-05,1.553294623590773e-06,9.609893459128216e-05,6.961383405723609e-06,0,8.05262804031372,False,"['PBMD', 'PBMD', 'PBMD', 'PBMD', 'PBMD']","[468502519163164647, 468502519163923753, 468502519163871094, 468502519163740362, 468502519163738005]","[0.8028876185417175, 0.822597086429596, 0.8071169257164001, 0.8152607679367065, 0.8146489262580872]"
38,MEDQA,0.9989401698112488,9.600978955859318e-05,0.00032991173793561757,0.00043706202995963395,0.00019699930271599442,4,10.734231948852539,False,"['PBMD', 'PBMD', 'PBMD', 'PBMD', 'PBMD']","[468502519163603841, 468502519163146129, 468502519163937385, 468502519163953714, 468502519163552789]","[0.7728376388549805, 0.7756435871124268, 0.7782771587371826, 0.7782706618309021, 0.7788441181182861]"
39,MEDQA,0.999854326248169,7.14137131581083e-05,1.9220738977310248e-05,2.11098522413522e-05,3.399802153580822e-05,0,5.192310571670532,False,"['STAT', 'PBMD', 'PBMD', 'PBMD', 'STAT']","[468502519162426197, 468502519163186019, 468502519163490799, 468502519163241048, 468502519162426192]","[0.7955039143562317, 0.7936670780181885, 0.7955400347709656, 0.7933886051177979, 0.806817352771759]"
40,MEDQA,1.4908309253769403e-07,3.8069700281084806e-07,2.1691461427053582e-07,0.9999879598617554,1.1300799087621272e-05,3,10.217112064361572,False,"['PBMD', 'PBMD', 'PBMD', 'PBMD', 'PBMD']","[468502519163786454, 468502519163712857, 468502519163790247, 468502519163869774, 468502519163561589]","[0.8057297468185425, 0.8119326233863831, 0.8152352571487427, 0.8104419708251953, 0.8095226287841797]"
41,MEDQA,1.805726242309902e-05,2.468135062372312e-05,0.9999123811721802,2.930982918769587e-05,1.5445195458596572e-05,2,8.443724155426025,False,"['PBMD', 'PBMD', 'PBMD', 'PBMD', 'PBMD']","[468502519163979410, 468502519163658423, 468502519163683245, 468502519163521303, 468502519163898397]","[0.7760545611381531, 0.7863851189613342, 0.7784239649772644, 0.7750511169433594, 0.7839358448982239]"
42,MEDQA,2.467810372763779e-05,5.648874139296822e-05,0.9997808337211609,0.00012729933951050043,1.0781064702314325e-05,0,7.038788318634033,False,"['PBMD', 'PBMD', 'PBMD', 'PBMD', 'PBMD']","[468502519163571505, 468502519163620808, 468502519163282642, 468502519163355631, 468502519163845822]","[0.8159810304641724, 0.7975707054138184, 0.7982306480407715, 0.7873985171318054, 0.8047105073928833]"
43,MEDQA,5.255283667793265e-06,8.267721568699926e-06,3.6119001833867515e-06,0.9999734163284302,9.368555765831843e-06,2,5.8411455154418945,False,"['STAT', 'PBMD', 'PBMD', 'PBMD', 'PBMD']","[468502519162484671, 468502519163721811, 468502519163735522, 468502519163351866, 468502519163467338]","[0.7506918907165527, 0.7482811808586121, 0.7540680170059204, 0.7567893266677856, 0.7504988312721252]"
44,MEDQA,0.9999343156814575,1.1658899893518537e-05,2.078423676721286e-05,8.939188774093054e-06,2.4299233700730838e-05,1,10.663538455963135,False,"['PBMD', 'TEXT', 'PBMD', 'PBMD', 'PBMD']","[468502519163265053, 468502519162417561, 468502519163790247, 468502519163412848, 468502519163540611]","[0.7855486273765564, 0.7703297138214111, 0.8081257343292236, 0.7839804291725159, 0.7675197124481201]"
45,MEDQA,9.665260222391225e-06,1.3630201465275604e-05,6.250441947486252e-05,1.1658528819680214e-05,0.9999024868011475,4,4.738518476486206,False,"['PBMD', 'PBMD', 'PBMD', 'PBMD', 'PBMD']","[468502519163773159, 468502519163721552, 468502519163782927, 468502519163662788, 468502519163703220]","[0.7566324472427368, 0.7516046166419983, 0.7570236921310425, 0.7544035315513611, 0.7516338229179382]"
46,MEDQA,2.5838593501248397e-05,0.00013121921801939607,0.9988594055175781,0.0007205352303571999,0.00026300729950889945,2,5.407219409942627,False,"['PBMD', 'PBMD', 'PBMD', 'PBMD', 'PBMD']","[468502519163357119, 468502519163714395, 468502519163874299, 468502519163647085, 468502519163728836]","[0.770550549030304, 0.7668400406837463, 0.7737334370613098, 0.7868242263793945, 0.7654675245285034]"
47,MEDQA,0.42010968923568726,0.03613965958356857,0.08017934113740921,0.13638964295387268,0.32718175649642944,0,10.598613500595093,False,"['TEXT', 'PBMD', 'PBMD', 'PBMD', 'PBMD']","[468502519162412083, 468502519163890815, 468502519163542125, 468502519163061525, 468502519163744099]","[0.8018069267272949, 0.8151060342788696, 0.8025515079498291, 0.7883509397506714, 0.7947156429290771]"
48,MEDQA,1.2605884876393247e-05,0.9999032020568848,8.6638901848346e-06,4.331671880208887e-05,3.2190251658903435e-05,1,9.500659704208374,False,"['TEXT', 'PBMD', 'STAT', 'STAT', 'PBMD']","[468502519162373016, 468502519163983864, 468502519162981057, 468502519162722255, 468502519163020059]","[0.7849112749099731, 0.7903609275817871, 0.7845836877822876, 0.7850211262702942, 0.7840014696121216]"
49,MEDQA,6.339016636047745e-06,4.425346560310572e-06,1.2098224715373362e-06,0.9999630451202393,2.5071296477108262e-05,3,9.025928497314453,False,"['PBMD', 'PBMD', 'PBMD', 'PBMD', 'PBMD']","[468502519163126009, 468502519163650911, 468502519163477007, 468502519163231246, 468502519163637273]","[0.7907322645187378, 0.7971057891845703, 0.7969340682029724, 0.8111722469329834, 0.8055011034011841]"
50,MEDQA,3.156117713842832e-07,3.689875427426159e-07,2.9648981580976397e-07,2.05804713004909e-06,0.9999970197677612,4,6.782356023788452,False,"['TEXT', 'PBMD', 'PBMD', 'PBMD', 'PBMD']","[468502519162331758, 468502519163127146, 468502519163815592, 468502519163861000, 468502519163533332]","[0.7651768922805786, 0.7708920836448669, 0.7648811936378479, 0.7678484916687012, 0.7638057470321655]"
51,MEDQA,4.646669185603969e-05,4.1328330553369597e-05,2.84045199805405e-05,9.609125118004158e-05,0.9997877478599548,0,9.884910583496094,False,"['PBMD', 'TEXT', 'PBMD', 'PBMD', 'PBMD']","[468502519163787733, 468502519162390966, 468502519163866973, 468502519163934562, 468502519163370442]","[0.7895933389663696, 0.8071785569190979, 0.7911714315414429, 0.7935661673545837, 0.791713297367096]"
52,MEDQA,2.9478940177796176e-06,4.637689016817603e-06,3.089366600761423e-06,0.9999555349349976,3.3736865589162335e-05,3,8.667052507400513,False,"['TEXT', 'PBMD', 'PBMD', 'PBMD', 'PBMD']","[468502519162297968, 468502519163502263, 468502519163508657, 468502519163717242, 468502519163330737]","[0.8140274286270142, 0.8109965920448303, 0.8015270829200745, 0.8254268169403076, 0.808966338634491]"
53,MEDQA,1.260540375369601e-05,1.9220946342102252e-05,1.1124229786219075e-05,0.9998650550842285,9.205689275404438e-05,3,7.194928884506226,False,"['STAT', 'STAT', 'STAT', 'STAT', 'STAT']","[468502519162876558, 468502519162800381, 468502519162448655, 468502519162955775, 468502519162719566]","[0.7517393231391907, 0.754237711429596, 0.7609524726867676, 0.7698947191238403, 0.7614243030548096]"
54,MEDQA,2.3320303625951055e-06,0.99997878074646,1.933321300384705e-06,1.5206748685159255e-05,1.7061499875126174e-06,1,6.043359041213989,False,"['STAT', 'TEXT', 'STAT', 'PBMD', 'STAT']","[468502519162734385, 468502519162308132, 468502519162806028, 468502519163580936, 468502519162963379]","[0.7941153049468994, 0.8083990812301636, 0.8119669556617737, 0.780841052532196, 0.7865588068962097]"
55,MEDQA,1.602801830813405e-06,0.9999927282333374,5.539134804166679e-07,2.1233674942777725e-06,2.994428086822154e-06,1,7.970834255218506,False,"['STAT', 'STAT', 'STAT', 'STAT', 'PBMD']","[468502519162916294, 468502519162735543, 468502519162867792, 468502519162951280, 468502519163058645]","[0.7500917911529541, 0.7516343593597412, 0.7508630752563477, 0.7567526698112488, 0.7514469623565674]"
56,MEDQA,4.755625195684843e-05,2.246398253191728e-05,0.9995278120040894,0.00038834294537082314,1.383965809509391e-05,2,7.311620712280273,False,"['STAT', 'TEXT', 'STAT', 'STAT', 'STAT']","[468502519162927894, 468502519162393020, 468502519162745246, 468502519162828806, 468502519162916237]","[0.7509713768959045, 0.743070662021637, 0.7427508234977722, 0.7405424118041992, 0.7452805042266846]"
57,MEDQA,5.014467205910478e-06,0.9999415874481201,3.340355306136189e-06,1.4970432857808191e-05,3.508029840304516e-05,1,8.301928997039795,False,"['PBMD', 'PBMD', 'PBMD', 'PBMD', 'PBMD']","[468502519163437797, 468502519163869174, 468502519163673192, 468502519163590912, 468502519163712661]","[0.760918140411377, 0.7648571729660034, 0.7650138139724731, 0.7649199366569519, 0.7592711448669434]"
58,MEDQA,1.2218525625939947e-05,2.2827211068943143e-05,0.9999427795410156,1.3211377336119767e-05,8.939265171648003e-06,2,9.270813226699829,False,"['PBMD', 'PBMD', 'PBMD', 'PBMD', 'TEXT']","[468502519163866903, 468502519163839139, 468502519163546717, 468502519163907109, 468502519162351219]","[0.7951570749282837, 0.7921150326728821, 0.7899010181427002, 0.7927259802818298, 0.7958855628967285]"
59,MEDQA,8.394550604862161e-06,8.346753747900948e-05,0.9995723366737366,0.00010886219388339669,0.00022688829631078988,0,7.69831919670105,False,"['PBMD', 'PBMD', 'PBMD', 'PBMD', 'PBMD']","[468502519163633357, 468502519163368667, 468502519163633356, 468502519163676791, 468502519163670273]","[0.8152133226394653, 0.8051774501800537, 0.8004005551338196, 0.8095318078994751, 0.8035874366760254]"
60,MEDQA,5.862720627192175e-06,0.9999781847000122,8.851383768160304e-07,8.397959391004406e-06,6.854214461782249e-06,3,8.600281953811646,False,"['PBMD', 'PBMD', 'PBMD', 'PBMD', 'PBMD']","[468502519163303661, 468502519163444080, 468502519163748761, 468502519163158628, 468502519163761927]","[0.7803570032119751, 0.7751485109329224, 0.777836799621582, 0.7762631177902222, 0.7957456111907959]"
61,MEDQA,0.9999854564666748,6.24087897449499e-06,3.8069603647272743e-07,7.527936759288423e-06,4.592070865783171e-07,0,8.047915697097778,False,"['PBMD', 'PBMD', 'PBMD', 'PBMD', 'PBMD']","[468502519163188136, 468502519163903652, 468502519163970418, 468502519163000608, 468502519163702647]","[0.7930126786231995, 0.7701828479766846, 0.7824788093566895, 0.7682363390922546, 0.7707983255386353]"
62,MEDQA,1.04673461009952e-08,4.6911395656934474e-08,0.9999947547912598,4.785092187375994e-06,4.4508291807687783e-07,3,10.341607809066772,False,"['STAT', 'PBMD', 'PBMD', 'PBMD', 'STAT']","[468502519162914541, 468502519163258227, 468502519163120327, 468502519163473743, 468502519162435695]","[0.7910885810852051, 0.7900036573410034, 0.7820259928703308, 0.796618640422821, 0.7824437618255615]"
63,MEDQA,0.9999650716781616,1.92228690139018e-05,2.1907096652284963e-06,1.0615875908115413e-05,2.9943453228042927e-06,0,5.8927693367004395,False,"['PBMD', 'STAT', 'TEXT', 'STAT', 'PBMD']","[468502519163207280, 468502519162446441, 468502519162419331, 468502519162478571, 468502519163606892]","[0.7518270015716553, 0.7443638443946838, 0.7460410594940186, 0.7539553046226501, 0.745883047580719]"
64,MEDQA,0.99989914894104,1.2410398994688876e-05,4.784634711541003e-06,6.15652315900661e-05,2.212392610090319e-05,0,8.751482725143433,False,"['PBMD', 'PBMD', 'PBMD', 'PBMD', 'PBMD']","[468502519163134358, 468502519163892607, 468502519163431579, 468502519163137296, 468502519163114322]","[0.795167088508606, 0.7864406704902649, 0.7832890748977661, 0.7852205038070679, 0.7911101579666138]"
65,MEDQA,1.9828976292046718e-05,2.2469173927675e-05,0.999758780002594,0.00012052193778799847,7.842511695344001e-05,2,6.177936792373657,False,"['PBMD', 'PBMD', 'STAT', 'TEXT', 'PBMD']","[468502519163740801, 468502519163711549, 468502519162453080, 468502519162394635, 468502519163181067]","[0.797213613986969, 0.7943521738052368, 0.7830101251602173, 0.7893587350845337, 0.7941930890083313]"
66,MEDQA,5.255191354081035e-06,9.080156814889051e-06,2.726357479332364e-06,0.9999558925628662,2.7108340873382986e-05,3,5.4982171058654785,False,"['TEXT', 'STAT', 'TEXT', 'PBMD', 'PBMD']","[468502519162417087, 468502519162478470, 468502519162417099, 468502519163941304, 468502519163479313]","[0.7581943869590759, 0.7523450255393982, 0.7615674734115601, 0.7520095705986023, 0.7509109377861023]"
67,MEDQA,1.8737168829829898e-06,6.853771537862485e-06,4.425127826834796e-06,0.9999135732650757,7.325450860662386e-05,2,10.361634731292725,False,"['PBMD', 'PBMD', 'PBMD', 'PBMD', 'PBMD']","[468502519163779272, 468502519163113069, 468502519163598908, 468502519163824887, 468502519163748504]","[0.8543358445167542, 0.8198148012161255, 0.8423024415969849, 0.8318226933479309, 0.8260704278945923]"
68,MEDQA,1.862906174210366e-05,2.014281926676631e-05,1.1477031875983812e-05,0.9998372793197632,0.00011234761768719181,3,10.053516864776611,False,"['TEXT', 'TEXT', 'STAT', 'STAT', 'TEXT']","[468502519162329132, 468502519162413274, 468502519162811515, 468502519162789540, 468502519162328701]","[0.8042141199111938, 0.796851396560669, 0.7850733995437622, 0.7833600044250488, 0.781532347202301]"
69,MEDQA,0.9999077320098877,5.184356268728152e-05,5.254938514553942e-06,1.922176670632325e-05,1.5935404007905163e-05,0,4.461629867553711,False,"['PBMD', 'PBMD', 'PBMD', 'PBMD', 'PBMD']","[468502519163835668, 468502519163373717, 468502519163799609, 468502519163950476, 468502519163073882]","[0.7639094591140747, 0.7543862462043762, 0.7550837993621826, 0.7770620584487915, 0.758475661277771]"
70,MEDQA,0.9999969005584717,1.7603408650757046e-06,4.888289595328388e-07,5.043460760134622e-07,3.807003849942703e-07,0,7.503838062286377,False,"['PBMD', 'PBMD', 'TEXT', 'TEXT', 'PBMD']","[468502519163570418, 468502519163807372, 468502519162328774, 468502519162408226, 468502519163604655]","[0.7838932275772095, 0.7754247188568115, 0.7748082876205444, 0.774593710899353, 0.7825483083724976]"
71,MEDQA,0.9999358654022217,1.8485910914023407e-05,2.596767808427103e-05,1.791716022125911e-05,1.8447087768436177e-06,0,7.32035756111145,False,"['PBMD', 'PBMD', 'STAT', 'TEXT', 'PBMD']","[468502519163192344, 468502519163179371, 468502519162422644, 468502519162344430, 468502519163279289]","[0.7903348207473755, 0.7747646570205688, 0.7687502503395081, 0.7723387479782104, 0.7818266153335571]"
72,MEDQA,1.3896026018755947e-07,7.224335831779172e-07,2.6995368784810125e-07,1.4285501492850017e-05,0.999984622001648,2,10.871684312820435,False,"['PBMD', 'TEXT', 'TEXT', 'PBMD', 'TEXT']","[468502519163390867, 468502519162329132, 468502519162329155, 468502519163993753, 468502519162329108]","[0.8038063645362854, 0.7969492673873901, 0.7895078063011169, 0.785283625125885, 0.7899641990661621]"
73,MEDQA,2.4059477254922967e-06,5.682088158209808e-06,5.954777407168876e-06,5.266132575343363e-05,0.9999332427978516,1,7.810441732406616,False,"['PBMD', 'TEXT', 'PBMD', 'TEXT', 'PBMD']","[468502519163505997, 468502519162394075, 468502519163831573, 468502519162394177, 468502519163923943]","[0.7769849300384521, 0.8134734630584717, 0.7609572410583496, 0.7744561433792114, 0.7550607919692993]"
74,MEDQA,5.466451693791896e-05,6.803109135944396e-05,1.6671736375428736e-05,0.9982059001922607,0.0016546935075893998,2,10.069125890731812,False,"['PBMD', 'PBMD', 'PBMD', 'PBMD', 'PBMD']","[468502519163581982, 468502519163630498, 468502519163932158, 468502519163904628, 468502519163272651]","[0.7645552158355713, 0.7541000843048096, 0.7476262450218201, 0.7575410604476929, 0.7560297846794128]"
75,MEDQA,0.999977707862854,1.3631227375299204e-05,9.721338756207842e-07,5.59424461243907e-06,2.1907374048169004e-06,0,3.5846595764160156,False,"['PBMD', 'PBMD', 'PBMD', 'PBMD', 'PBMD']","[468502519163353893, 468502519163151013, 468502519163367839, 468502519163971772, 468502519163663476]","[0.7912313938140869, 0.7989851236343384, 0.79931640625, 0.7857760190963745, 0.7841766476631165]"
76,MEDQA,6.961883173062233e-06,0.9999394416809082,1.341938059340464e-05,2.586653317848686e-05,1.428485666110646e-05,1,8.020321607589722,False,"['TEXT', 'TEXT', 'PBMD', 'TEXT', 'STAT']","[468502519162417661, 468502519162417529, 468502519163973896, 468502519162417514, 468502519162811356]","[0.7602974772453308, 0.7584962844848633, 0.7582451701164246, 0.7627607583999634, 0.7669044137001038]"
77,MEDQA,0.033550236374139786,0.015360417775809765,0.7635998725891113,0.041753944009542465,0.14573559165000916,1,7.355452060699463,False,"['TEXT', 'TEXT', 'PBMD', 'PBMD', 'PBMD']","[468502519162351721, 468502519162351720, 468502519163128128, 468502519163884838, 468502519163243842]","[0.7984784841537476, 0.791966438293457, 0.7820330858230591, 0.8042675852775574, 0.7965020537376404]"
78,MEDQA,4.7841908781265374e-06,8.663051630719565e-06,0.9998064637184143,0.00013872652198188007,4.132910544285551e-05,3,5.533745765686035,False,"['TEXT', 'TEXT', 'TEXT', 'PBMD', 'PBMD']","[468502519162307759, 468502519162294471, 468502519162307760, 468502519163395771, 468502519163508192]","[0.7945287227630615, 0.7936020493507385, 0.7767081260681152, 0.7917102575302124, 0.8074930310249329]"
79,MEDQA,3.7264621823851485e-06,1.618701389816124e-05,0.9999487400054932,1.3006630979361944e-05,1.8342288967687637e-05,2,8.413221597671509,False,"['PBMD', 'PBMD', 'PBMD', 'TEXT', 'TEXT']","[468502519163354828, 468502519163415036, 468502519163787420, 468502519162308040, 468502519162406984]","[0.8058540225028992, 0.8022335171699524, 0.8085084557533264, 0.8076297640800476, 0.7989725470542908]"
80,MEDQA,1.7229216609848663e-05,0.9998461008071899,1.1841456398542505e-05,4.757139322464354e-05,7.72159910411574e-05,1,4.723528146743774,False,"['STAT', 'PBMD', 'PBMD', 'PBMD', 'PBMD']","[468502519162905619, 468502519163955086, 468502519163768953, 468502519163366703, 468502519163634240]","[0.7807499766349792, 0.819150984287262, 0.7750231623649597, 0.7755832076072693, 0.7765127420425415]"
81,MEDQA,1.6280287127301563e-06,2.090430143653066e-06,1.172625161416363e-06,1.0699343874875922e-05,0.9999843835830688,1,8.552420139312744,False,"['TEXT', 'PBMD', 'PBMD', 'PBMD', 'PBMD']","[468502519162415460, 468502519163547611, 468502519163965849, 468502519163594477, 468502519163749004]","[0.7592154145240784, 0.7611477971076965, 0.7665046453475952, 0.7577703595161438, 0.7927475571632385]"
82,MEDQA,4.93630932396627e-06,9.817023965297267e-06,0.9998574256896973,3.1689742172602564e-05,9.609795233700424e-05,2,5.604946613311768,False,"['PBMD', 'STAT', 'PBMD', 'PBMD', 'TEXT']","[468502519163872084, 468502519162870766, 468502519163452082, 468502519163462282, 468502519162332047]","[0.7973381280899048, 0.7809946537017822, 0.7822054624557495, 0.7864581346511841, 0.7877224087715149]"
83,MEDQA,2.3369084374280646e-05,0.9999659061431885,2.2958461158850696e-06,3.2376622129959287e-06,5.2552441047737375e-06,1,5.288027286529541,False,"['PBMD', 'STAT', 'PBMD', 'PBMD', 'PBMD']","[468502519163962488, 468502519162472210, 468502519163713296, 468502519163647095, 468502519163214020]","[0.7616051435470581, 0.7648830413818359, 0.7525515556335449, 0.7655315399169922, 0.7563279867172241]"
84,MEDQA,3.833822120213881e-05,2.697430863918271e-05,1.7968763131648302e-05,0.004904997535049915,0.9950118064880371,3,9.194418907165527,False,"['TEXT', 'PBMD', 'PBMD', 'PBMD', 'PBMD']","[468502519162314067, 468502519163752272, 468502519163048790, 468502519163772763, 468502519163579455]","[0.8089297413825989, 0.7962865829467773, 0.810026228427887, 0.7939794659614563, 0.796879768371582]"
85,MEDQA,0.9999408721923828,1.078279092325829e-05,1.0615619430609513e-05,2.3186643375083804e-05,1.4509831089526415e-05,2,9.457074403762817,False,"['PBMD', 'PBMD', 'PBMD', 'PBMD', 'TEXT']","[468502519163759508, 468502519163269202, 468502519163784196, 468502519163456233, 468502519162344762]","[0.7688471078872681, 0.7738791704177856, 0.7649120092391968, 0.767135500907898, 0.7680697441101074]"
86,MEDQA,1.5688134226365946e-05,4.33163222623989e-05,0.9998940229415894,4.006105154985562e-05,6.961566668906016e-06,2,8.81175684928894,False,"['PBMD', 'TEXT', 'PBMD', 'PBMD', 'PBMD']","[468502519163953467, 468502519162310591, 468502519163935121, 468502519163575706, 468502519163936059]","[0.7799680233001709, 0.7911590933799744, 0.7922412157058716, 0.7921714782714844, 0.7841818928718567]"
87,MEDQA,1.777481520548463e-05,3.294930138508789e-05,8.662753316457383e-06,0.9997720122337341,0.0001686427422100678,3,7.8701252937316895,False,"['PBMD', 'PBMD', 'PBMD', 'PBMD', 'PBMD']","[468502519163351679, 468502519163711909, 468502519163256285, 468502519163675786, 468502519163773424]","[0.7937997579574585, 0.7941346764564514, 0.8010314106941223, 0.7923375964164734, 0.7948976159095764]"
88,MEDQA,2.857233084796462e-06,5.093568688607775e-06,3.2886553071875824e-06,2.0542789570754394e-05,0.9999681711196899,2,5.707497835159302,False,"['PBMD', 'STAT', 'PBMD', 'PBMD', 'STAT']","[468502519163758677, 468502519162438102, 468502519163985415, 468502519163503928, 468502519162916252]","[0.7802169919013977, 0.7836018204689026, 0.790010929107666, 0.7787002325057983, 0.7988201975822449]"
89,MEDQA,2.8128636131441453e-06,6.240611128305318e-06,9.817859790928196e-06,3.8528203731402755e-05,0.9999425411224365,2,8.79446792602539,False,"['TEXT', 'TEXT', 'PBMD', 'TEXT', 'TEXT']","[468502519162394075, 468502519162313950, 468502519163992004, 468502519162394177, 468502519162394160]","[0.8461889624595642, 0.8117541074752808, 0.8174421787261963, 0.840461015701294, 0.8125647306442261]"
90,MEDQA,2.9479047043423634e-06,3.555852117642644e-06,1.3924915265306481e-06,3.295546775916591e-05,0.9999591112136841,4,8.213481187820435,False,"['PBMD', 'PBMD', 'PBMD', 'PBMD', 'TEXT']","[468502519163299685, 468502519163761927, 468502519163720842, 468502519163184017, 468502519162342301]","[0.7905730605125427, 0.799004316329956, 0.8132834434509277, 0.789828896522522, 0.7913660407066345]"
91,MEDQA,2.994201850015088e-06,0.9999171495437622,3.5557027331378777e-06,1.0288767043675762e-05,6.605103408219293e-05,1,8.212331533432007,False,"['STAT', 'TEXT', 'PBMD', 'TEXT', 'PBMD']","[468502519162770840, 468502519162294471, 468502519163829043, 468502519162382216, 468502519163701926]","[0.8021702766418457, 0.8025151491165161, 0.8077725768089294, 0.799720287322998, 0.7977727651596069]"
92,MEDQA,3.1561012292513624e-07,1.1015874861186603e-06,4.888264584224089e-07,0.999991774559021,6.3391985349881e-06,3,7.186472654342651,False,"['STAT', 'STAT', 'STAT', 'PBMD', 'STAT']","[468502519162754341, 468502519162878722, 468502519162910460, 468502519163112108, 468502519162928434]","[0.788599967956543, 0.7885999083518982, 0.7885999083518982, 0.7795986533164978, 0.7914919853210449]"
93,MEDQA,0.1535777598619461,0.02732069604098797,0.8046899437904358,0.004360922612249851,0.010050722397863865,4,7.94891357421875,False,"['PBMD', 'PBMD', 'TEXT', 'PBMD', 'PBMD']","[468502519163890916, 468502519163535025, 468502519162356049, 468502519163981879, 468502519163611319]","[0.7752746939659119, 0.7676392793655396, 0.785926342010498, 0.7727103233337402, 0.7720462083816528]"
94,MEDQA,5.594035883405013e-06,7.88885427027708e-06,1.9222394257667474e-05,2.689696520974394e-05,0.9999403953552246,2,9.750689268112183,False,"['PBMD', 'PBMD', 'PBMD', 'PBMD', 'PBMD']","[468502519163929864, 468502519163289738, 468502519163201711, 468502519163644021, 468502519163404422]","[0.7902297973632812, 0.7857404351234436, 0.8234875798225403, 0.7869149446487427, 0.7958405017852783]"
95,MEDQA,2.190584382333327e-06,4.936558525514556e-06,2.726226512095309e-06,0.9999078512191772,8.22010770207271e-05,3,5.236862659454346,False,"['TEXT', 'PBMD', 'PBMD', 'PBMD', 'PBMD']","[468502519162390966, 468502519163644844, 468502519163932887, 468502519163363331, 468502519163204206]","[0.7924911975860596, 0.7686299085617065, 0.7640834450721741, 0.770113468170166, 0.7704226970672607]"
96,MEDQA,0.9999134540557861,2.1111100068083033e-05,4.222485586069524e-06,4.298006751923822e-05,1.8198907127953134e-05,0,5.418501615524292,False,"['STAT', 'PBMD', 'PBMD', 'PBMD', 'PBMD']","[468502519162914018, 468502519163984674, 468502519163197926, 468502519163127318, 468502519163260613]","[0.7615506649017334, 0.8111073970794678, 0.7703700661659241, 0.773339569568634, 0.7687525153160095]"
97,MEDQA,4.092861672688741e-06,0.9999839067459106,6.475848408626916e-07,5.093649178888882e-06,6.339148967526853e-06,1,8.863916397094727,False,"['PBMD', 'PBMD', 'TEXT', 'PBMD', 'PBMD']","[468502519163329609, 468502519163155808, 468502519162337704, 468502519163450742, 468502519163149787]","[0.7640177607536316, 0.7695248126983643, 0.7687743902206421, 0.770922064781189, 0.7736461162567139]"
98,MEDQA,2.2471776901511475e-05,4.832191189052537e-05,0.9998745918273926,3.882774763042107e-05,1.568782863614615e-05,2,7.525133371353149,False,"['STAT', 'TEXT', 'STAT', 'STAT', 'PBMD']","[468502519162445193, 468502519162407009, 468502519162463062, 468502519162868782, 468502519163353033]","[0.7619621157646179, 0.7581630349159241, 0.7497661113739014, 0.7511371970176697, 0.7533108592033386]"
99,MEDQA,5.770976258645533e-06,2.354918615310453e-05,0.9998307228088379,4.683314909925684e-05,9.313884220318869e-05,2,5.678263902664185,False,"['PBMD', 'STAT', 'PBMD', 'PBMD', 'PBMD']","[468502519163007028, 468502519162470271, 468502519163757796, 468502519163226696, 468502519163677789]","[0.7606123089790344, 0.783009946346283, 0.7549291849136353, 0.7742270827293396, 0.7625219821929932]"
100,MEDQA,0.0005626996280625463,0.0011808110866695642,0.9928470253944397,0.0003597755276132375,0.005049688275903463,4,7.250142574310303,False,"['PBMD', 'PBMD', 'PBMD', 'PBMD', 'PBMD']","[468502519163780558, 468502519163647915, 468502519163888118, 468502519163355356, 468502519163475717]","[0.7866142988204956, 0.783303439617157, 0.7767939567565918, 0.779435932636261, 0.794954776763916]"
101,MEDQA,0.9999903440475464,5.422195954452036e-06,1.3709459381061606e-06,2.1907651444053045e-06,7.571081823698478e-07,0,4.966454982757568,False,"['TEXT', 'TEXT', 'TEXT', 'PBMD', 'PBMD']","[468502519162366878, 468502519162392811, 468502519162392879, 468502519163331003, 468502519163886896]","[0.7688950300216675, 0.7523027658462524, 0.7581067681312561, 0.7378900647163391, 0.7367377281188965]"
102,MEDQA,0.9999837875366211,1.0289452802680898e-05,1.6536655493837316e-06,2.7693688480212586e-06,1.5056795064083417e-06,0,3.7165722846984863,False,"['STAT', 'STAT', 'STAT', 'STAT', 'STAT']","[468502519162903652, 468502519162794150, 468502519162443599, 468502519162891251, 468502519162443586]","[0.7467254996299744, 0.7449963688850403, 0.7497105002403259, 0.7695325613021851, 0.7378120422363281]"
103,MEDQA,0.9999933242797852,3.1875540571491e-06,1.1544555036380189e-06,1.7061747712432407e-06,6.083553785174445e-07,0,7.1258111000061035,False,"['TEXT', 'TEXT', 'STAT', 'STAT', 'PBMD']","[468502519162367439, 468502519162352298, 468502519162819584, 468502519162721651, 468502519163532503]","[0.7900333404541016, 0.8099350333213806, 0.7903200387954712, 0.7742305994033813, 0.7885066866874695]"
104,MEDQA,3.535118594300002e-05,6.108136585680768e-05,0.9998213648796082,1.618495116417762e-05,6.604470399906859e-05,2,6.637283086776733,False,"['TEXT', 'STAT', 'TEXT', 'STAT', 'TEXT']","[468502519162343727, 468502519162770874, 468502519162344068, 468502519162783458, 468502519162342993]","[0.8188625574111938, 0.8106223940849304, 0.8229473829269409, 0.80660480260849, 0.8180443644523621]"
105,MEDQA,2.994383976329118e-06,0.9999779462814331,1.1726176580850733e-06,3.0894357223587576e-06,1.4738874597242102e-05,1,4.585273504257202,False,"['PBMD', 'PBMD', 'PBMD', 'PBMD', 'PBMD']","[468502519163704230, 468502519163500576, 468502519163636625, 468502519163364447, 468502519163729281]","[0.7679975032806396, 0.764520525932312, 0.7628908157348633, 0.7705904245376587, 0.7576929330825806]"
106,MEDQA,1.9216049622627907e-05,0.9996103644371033,5.420135494205169e-06,0.00029802293283864856,6.707060674671084e-05,2,5.871168613433838,False,"['TEXT', 'TEXT', 'PBMD', 'PBMD', 'PBMD']","[468502519162410288, 468502519162410237, 468502519163036810, 468502519163768824, 468502519163864762]","[0.7688680291175842, 0.7689521908760071, 0.7713470458984375, 0.789049506187439, 0.7887927889823914]"
107,MEDQA,1.9988328858744353e-05,4.9367690735380165e-06,8.578818437854352e-07,0.9999505281448364,2.3736727598588914e-05,0,7.248565673828125,False,"['PBMD', 'PBMD', 'PBMD', 'PBMD', 'PBMD']","[468502519163517538, 468502519163163739, 468502519163710519, 468502519163430991, 468502519163250656]","[0.824015200138092, 0.8092021942138672, 0.8087653517723083, 0.8189305067062378, 0.809332549571991]"
108,MEDQA,0.9997771382331848,5.517997851711698e-05,2.5461376935709268e-05,6.252710591070354e-05,7.966160046635196e-05,4,7.089320182800293,False,"['PBMD', 'PBMD', 'TEXT', 'PBMD', 'STAT']","[468502519163416348, 468502519163686816, 468502519162389721, 468502519163885526, 468502519162805809]","[0.7624270915985107, 0.7892724871635437, 0.7554844617843628, 0.7923567891120911, 0.7551689147949219]"
109,MEDQA,3.96654240830685e-06,0.9998842477798462,4.936441655445378e-06,7.426072988891974e-05,3.269656008342281e-05,2,7.872351884841919,False,"['PBMD', 'PBMD', 'TEXT', 'PBMD', 'PBMD']","[468502519163872852, 468502519163477076, 468502519162328628, 468502519163356056, 468502519163038013]","[0.7878079414367676, 0.7865325808525085, 0.7826153039932251, 0.78517746925354, 0.787081778049469]"
110,MEDQA,0.9990724325180054,0.00033254330628551543,3.3707070542732254e-05,0.0005424130940809846,1.8907951016444713e-05,3,4.576314926147461,False,"['PBMD', 'PBMD', 'PBMD', 'PBMD', 'PBMD']","[468502519163865788, 468502519163390867, 468502519163488339, 468502519163279607, 468502519163817986]","[0.781877875328064, 0.8059614300727844, 0.7987086772918701, 0.7867499589920044, 0.781812310218811]"
111,MEDQA,8.937106940720696e-06,6.10740389674902e-05,0.9997014403343201,5.7373752497369424e-05,0.00017128638864960521,2,6.5070960521698,False,"['PBMD', 'TEXT', 'PBMD', 'STAT', 'PBMD']","[468502519163594849, 468502519162391888, 468502519163908851, 468502519162458179, 468502519163617722]","[0.8071978688240051, 0.7986831665039062, 0.8046590685844421, 0.8043874502182007, 0.7909491062164307]"
112,MEDQA,0.935272216796875,0.012147066183388233,0.013981186784803867,0.009460143744945526,0.02913929522037506,1,5.109811782836914,False,"['PBMD', 'PBMD', 'PBMD', 'PBMD', 'PBMD']","[468502519163458244, 468502519163864178, 468502519163901859, 468502519163752109, 468502519163004439]","[0.762511134147644, 0.7714844942092896, 0.7631570100784302, 0.7646717429161072, 0.7709207534790039]"
113,MEDQA,1.873854785117146e-06,1.529395717625448e-06,4.052494944062346e-07,0.9999871253967285,9.080439667741302e-06,3,6.3602190017700195,False,"['TEXT', 'TEXT', 'PBMD', 'PBMD', 'PBMD']","[468502519162391331, 468502519162329155, 468502519163664697, 468502519163672142, 468502519163961431]","[0.7846508026123047, 0.7718103528022766, 0.7684472799301147, 0.7646249532699585, 0.7824586033821106]"
114,MEDQA,7.112352022886625e-07,1.2482566944527207e-06,1.5534805015704478e-06,0.9999873638153076,9.223438610206358e-06,3,7.748995304107666,False,"['PBMD', 'PBMD', 'PBMD', 'PBMD', 'PBMD']","[468502519163911894, 468502519163406240, 468502519163413276, 468502519163758399, 468502519163635003]","[0.77165687084198, 0.7856976985931396, 0.7736554741859436, 0.7757327556610107, 0.7849507331848145]"
115,MEDQA,3.3404062378394883e-06,8.732309652259573e-06,4.495007488003466e-06,2.653217234183103e-05,0.9999568462371826,4,5.586686372756958,False,"['TEXT', 'STAT', 'STAT', 'TEXT', 'PBMD']","[468502519162398695, 468502519162715902, 468502519162707541, 468502519162398696, 468502519163073036]","[0.8096148371696472, 0.8125622868537903, 0.8029487729072571, 0.8010963201522827, 0.7938830852508545]"
116,MEDQA,4.895667760074218e-10,1.708755914542337e-09,1.2751903000207676e-07,0.9999997615814209,8.764246217651817e-08,3,10.508189916610718,False,"['PBMD', 'PBMD', 'PBMD', 'PBMD', 'PBMD']","[468502519163220300, 468502519163210100, 468502519163474811, 468502519163435169, 468502519163172658]","[0.7889844179153442, 0.7992603778839111, 0.7878692746162415, 0.789635419845581, 0.7961511015892029]"
117,MEDQA,0.9999561309814453,9.080158633878455e-06,1.0348088608225225e-06,3.219195787096396e-05,1.5056378970257356e-06,3,8.53420615196228,False,"['TEXT', 'STAT', 'TEXT', 'PBMD', 'PBMD']","[468502519162394476, 468502519162749091, 468502519162391331, 468502519163953372, 468502519163696486]","[0.7727726697921753, 0.7731142640113831, 0.7800788879394531, 0.764594316482544, 0.7654495239257812]"
118,MEDQA,1.994715375985834e-06,1.482346533521195e-06,1.4367395806402783e-06,4.222812549414812e-06,0.9999908208847046,4,10.432912349700928,False,"['PBMD', 'PBMD', 'PBMD', 'PBMD', 'PBMD']","[468502519163814669, 468502519163965943, 468502519163777064, 468502519163777065, 468502519163571985]","[0.8029418587684631, 0.8147199153900146, 0.79876708984375, 0.7953890562057495, 0.7998667359352112]"
119,MEDQA,3.647262929007411e-05,6.813983782194555e-05,0.9998015761375427,7.483697845600545e-05,1.8921751689049415e-05,2,5.886764049530029,False,"['PBMD', 'PBMD', 'PBMD', 'PBMD', 'PBMD']","[468502519163656544, 468502519163531274, 468502519163827929, 468502519163476777, 468502519163497489]","[0.7710608243942261, 0.7707382440567017, 0.7701206207275391, 0.7713890075683594, 0.7724176049232483]"
120,MEDQA,7.646292942808941e-06,9.223190318152774e-06,3.905344328813953e-06,0.9999604225158691,1.8777484001475386e-05,3,6.02046012878418,False,"['PBMD', 'TEXT', 'STAT', 'TEXT', 'TEXT']","[468502519163400520, 468502519162315509, 468502519162714906, 468502519162374500, 468502519162417727]","[0.805927038192749, 0.8040913343429565, 0.7818858027458191, 0.8031363487243652, 0.7773348093032837]"
121,MEDQA,2.3320560558204306e-06,0.9999897480010986,1.1365533509888337e-06,3.7853005778742954e-06,2.812996399370604e-06,1,7.862992286682129,False,"['PBMD', 'TEXT', 'PBMD', 'PBMD', 'PBMD']","[468502519163079133, 468502519162307279, 468502519163803232, 468502519163543292, 468502519163951152]","[0.8006081581115723, 0.7776767015457153, 0.7690617442131042, 0.7903633117675781, 0.7749506235122681]"
122,MEDQA,5.043435749030323e-07,1.308167725255771e-06,1.1189350743734394e-06,5.1739039008680265e-06,0.9999918937683105,4,8.627055883407593,False,"['PBMD', 'PBMD', 'TEXT', 'TEXT', 'TEXT']","[468502519163732001, 468502519163809856, 468502519162379536, 468502519162379540, 468502519162379544]","[0.775371789932251, 0.7965204119682312, 0.7696454524993896, 0.7711742520332336, 0.7909441590309143]"
123,MEDQA,0.9999240636825562,4.757510396302678e-05,1.4143705584501731e-06,2.0144567315583117e-05,6.747584393451689e-06,0,6.665829181671143,False,"['PBMD', 'PBMD', 'PBMD', 'PBMD', 'PBMD']","[468502519163441713, 468502519163997731, 468502519163505930, 468502519163244306, 468502519163730919]","[0.7943484783172607, 0.7881560325622559, 0.7872793674468994, 0.7873966693878174, 0.7967210412025452]"
124,MEDQA,4.289244316169061e-06,0.9999749660491943,7.338031764447805e-07,1.451032585464418e-05,5.507498372026021e-06,1,5.817198753356934,False,"['PBMD', 'PBMD', 'PBMD', 'PBMD', 'STAT']","[468502519163541204, 468502519163042135, 468502519163113069, 468502519163586121, 468502519162845912]","[0.7820975184440613, 0.7735806703567505, 0.7728325128555298, 0.7931779623031616, 0.7877137064933777]"
125,MEDQA,6.010998913552612e-05,0.0002958717232104391,0.9994156360626221,0.00020334946748334914,2.5057570383069105e-05,0,6.906375408172607,False,"['PBMD', 'TEXT', 'TEXT', 'PBMD', 'PBMD']","[468502519163985590, 468502519162338933, 468502519162410449, 468502519163872937, 468502519163143740]","[0.7673528790473938, 0.772651195526123, 0.7713238596916199, 0.7759789228439331, 0.7687486410140991]"
126,MEDQA,2.5109972767722866e-08,1.0467394062629864e-08,3.224184652594886e-08,6.475947884609923e-07,0.9999992847442627,0,10.696234941482544,False,"['PBMD', 'PBMD', 'PBMD', 'TEXT', 'PBMD']","[468502519163635925, 468502519163772641, 468502519163800414, 468502519162294202, 468502519163324516]","[0.781205415725708, 0.7611947655677795, 0.7628324627876282, 0.7642741203308105, 0.7647374272346497]"
127,MEDQA,2.3090636602773884e-07,4.3138987848578836e-07,1.689347044475653e-07,0.9999964237213135,2.6841980798053555e-06,3,7.284162998199463,False,"['PBMD', 'PBMD', 'PBMD', 'PBMD', 'PBMD']","[468502519163935427, 468502519163833050, 468502519163685839, 468502519163987908, 468502519163937354]","[0.8007881045341492, 0.8040036559104919, 0.8024808168411255, 0.8035842180252075, 0.801270067691803]"
128,MEDQA,9.721343303681351e-07,1.2878688266937388e-06,2.857261733879568e-06,1.6701336789992638e-05,0.9999781847000122,0,7.448689699172974,False,"['PBMD', 'PBMD', 'PBMD', 'PBMD', 'PBMD']","[468502519163658116, 468502519163929630, 468502519163537626, 468502519163405726, 468502519163746232]","[0.8329423666000366, 0.8090004920959473, 0.8007591366767883, 0.8125001192092896, 0.8064730763435364]"
129,MEDQA,1.7257827167327378e-08,1.3440407897746809e-08,1.7257827167327378e-08,9.931193289958173e-08,0.9999998807907104,0,10.573806524276733,False,"['PBMD', 'PBMD', 'PBMD', 'TEXT', 'TEXT']","[468502519163758072, 468502519163782000, 468502519163671578, 468502519162330584, 468502519162365923]","[0.7681664824485779, 0.762444257736206, 0.7632459998130798, 0.7634264826774597, 0.7637755274772644]"
130,MEDQA,3.3982650027297723e-09,4.644877371617895e-09,1.7087549153416148e-09,8.315280410897685e-07,0.9999991655349731,1,10.459428310394287,False,"['PBMD', 'PBMD', 'PBMD', 'PBMD', 'PBMD']","[468502519163670945, 468502519163780558, 468502519163785958, 468502519163555021, 468502519163579824]","[0.8093920350074768, 0.8212885856628418, 0.8034359216690063, 0.8113736510276794, 0.8041678667068481]"
131,MEDQA,2.0784178559551947e-05,0.9999314546585083,3.50062668985629e-06,2.178163231292274e-05,2.2473053832072765e-05,1,7.469732999801636,False,"['PBMD', 'STAT', 'PBMD', 'STAT', 'PBMD']","[468502519163193564, 468502519162989247, 468502519163732793, 468502519162459916, 468502519163645356]","[0.780564546585083, 0.7740896940231323, 0.7817213535308838, 0.7755935788154602, 0.7805706262588501]"
132,MEDQA,0.9999408721923828,6.0485972426249646e-06,1.4592920933864661e-06,4.6473811380565166e-05,5.093429990665754e-06,0,6.481468915939331,False,"['STAT', 'PBMD', 'PBMD', 'TEXT', 'PBMD']","[468502519162844597, 468502519163978855, 468502519163340643, 468502519162308052, 468502519163867803]","[0.7989157438278198, 0.7840134501457214, 0.7670987844467163, 0.7665064930915833, 0.7693119049072266]"
133,MEDQA,1.805230203899555e-05,0.9996377229690552,1.450543186365394e-05,0.0001123251931858249,0.00021735989139415324,1,5.077766418457031,False,"['STAT', 'PBMD', 'PBMD', 'PBMD', 'PBMD']","[468502519162737977, 468502519163153604, 468502519163882923, 468502519163977337, 468502519163411524]","[0.8180949687957764, 0.7907238006591797, 0.77961266040802, 0.7957587242126465, 0.7810794711112976]"
134,MEDQA,0.9998102784156799,1.8483589883544482e-05,3.8523110561072826e-05,0.0001300042204093188,2.6836983124667313e-06,0,6.476746320724487,False,"['TEXT', 'PBMD', 'PBMD', 'PBMD', 'PBMD']","[468502519162347208, 468502519163400751, 468502519163790242, 468502519163178656, 468502519163345132]","[0.8156635761260986, 0.8099995851516724, 0.8176687359809875, 0.813573956489563, 0.8136476278305054]"
135,MEDQA,4.172845365246758e-05,0.00010327891504857689,0.9938169121742249,0.0003548901586327702,0.00568306352943182,2,7.660403251647949,False,"['PBMD', 'TEXT', 'TEXT', 'PBMD', 'PBMD']","[468502519163790363, 468502519162340512, 468502519162340477, 468502519163576119, 468502519163639876]","[0.7737216949462891, 0.7694910168647766, 0.7679102420806885, 0.7659906148910522, 0.7753977179527283]"
136,MEDQA,6.852070328022819e-06,1.341570259683067e-05,2.1900532374274917e-06,0.999665379524231,0.00031227580620907247,3,5.097437143325806,False,"['PBMD', 'PBMD', 'TEXT', 'PBMD', 'PBMD']","[468502519163626738, 468502519163864178, 468502519162412554, 468502519163758483, 468502519163458244]","[0.8071165680885315, 0.8008670806884766, 0.7932635545730591, 0.7956438660621643, 0.8222395181655884]"
137,MEDQA,3.0234117730287835e-05,6.813363143010065e-05,5.5609056289540604e-05,0.9997105002403259,0.0001354999258182943,4,7.00759744644165,False,"['STAT', 'PBMD', 'PBMD', 'PBMD', 'STAT']","[468502519162802996, 468502519163673872, 468502519163172634, 468502519163779270, 468502519162802991]","[0.8084996938705444, 0.8266409039497375, 0.8101543188095093, 0.8114938735961914, 0.806929886341095]"
138,MEDQA,4.197796806693077e-05,3.647109042503871e-05,0.9997593760490417,4.9850070354295895e-05,0.00011233886471018195,2,6.645164728164673,False,"['PBMD', 'PBMD', 'PBMD', 'PBMD', 'PBMD']","[468502519163969795, 468502519163767894, 468502519163192228, 468502519163514785, 468502519163238032]","[0.789971113204956, 0.8144816160202026, 0.7881720066070557, 0.7906861305236816, 0.794113278388977]"
139,MEDQA,0.30314719676971436,0.051058314740657806,0.0008682719781063497,0.0031636247877031565,0.6417626142501831,3,6.703187465667725,False,"['PBMD', 'TEXT', 'PBMD', 'TEXT', 'PBMD']","[468502519163886707, 468502519162363449, 468502519163027717, 468502519162366911, 468502519163415702]","[0.7633481621742249, 0.7810827493667603, 0.7718416452407837, 0.7674812078475952, 0.7614268064498901]"
140,MEDQA,1.1911014325960423e-06,3.875079073623056e-06,1.798294277932655e-07,0.9999929666519165,1.8162129435950192e-06,3,6.324124097824097,False,"['TEXT', 'PBMD', 'TEXT', 'TEXT', 'TEXT']","[468502519162379462, 468502519163973232, 468502519162379461, 468502519162379542, 468502519162377703]","[0.7583073377609253, 0.762177586555481, 0.762845516204834, 0.7653000354766846, 0.7563186287879944]"
141,MEDQA,2.7530348233995028e-05,4.9851019866764545e-05,0.9997784495353699,7.601373363286257e-05,6.813826621510088e-05,0,7.740774631500244,False,"['PBMD', 'PBMD', 'PBMD', 'PBMD', 'PBMD']","[468502519163806612, 468502519163923506, 468502519163982121, 468502519163530757, 468502519163562239]","[0.8003194332122803, 0.822712779045105, 0.806302547454834, 0.8112735748291016, 0.8058670163154602]"
142,MEDQA,0.9999964237213135,1.6536864677618723e-06,8.494570380435107e-08,1.0677001682779519e-06,6.893590693834994e-07,0,8.519206523895264,False,"['STAT', 'TEXT', 'PBMD', 'PBMD', 'TEXT']","[468502519162726609, 468502519162368727, 468502519163843661, 468502519163525125, 468502519162333157]","[0.7956861257553101, 0.8401443362236023, 0.798942506313324, 0.8107789754867554, 0.8006190657615662]"
143,MEDQA,5.01471959069022e-06,0.9999918937683105,3.4662994607970177e-07,1.3496934343493194e-06,1.3925372286394122e-06,1,6.819372177124023,False,"['PBMD', 'TEXT', 'PBMD', 'PBMD', 'PBMD']","[468502519163725779, 468502519162417384, 468502519163983359, 468502519163215236, 468502519163540716]","[0.7854791879653931, 0.7838916778564453, 0.7962509393692017, 0.7818808555603027, 0.803877592086792]"
144,MEDQA,5.368711981645902e-07,1.7603329069970641e-06,5.368711981645902e-07,0.9999923706054688,4.785080818692222e-06,3,7.121525287628174,False,"['PBMD', 'TEXT', 'PBMD', 'PBMD', 'PBMD']","[468502519163068358, 468502519162385651, 468502519163918625, 468502519163615700, 468502519163750686]","[0.7857857942581177, 0.7951728105545044, 0.7902279496192932, 0.7923051118850708, 0.7821537852287292]"
145,MEDQA,4.1283776226919144e-05,2.1417741663753986e-05,1.1464091585366987e-05,0.0012159515172243118,0.9987099170684814,3,5.95337176322937,False,"['STAT', 'PBMD', 'STAT', 'PBMD', 'PBMD']","[468502519162749091, 468502519163354462, 468502519162749090, 468502519163686766, 468502519163963343]","[0.8257840871810913, 0.7955372929573059, 0.7920162677764893, 0.7997815012931824, 0.7968060970306396]"
146,MEDQA,1.9555679742211396e-08,8.152019503882002e-09,3.192376585303691e-09,8.764247638737288e-08,0.9999998807907104,3,10.31020736694336,False,"['STAT', 'TEXT', 'PBMD', 'PBMD', 'PBMD']","[468502519162461660, 468502519162385560, 468502519163938870, 468502519163094277, 468502519163570441]","[0.7821003198623657, 0.7829330563545227, 0.7859688997268677, 0.789780855178833, 0.7923485040664673]"
147,MEDQA,4.0524844280298566e-07,2.4824478259688476e-06,6.083499783926527e-07,0.9999845027923584,1.2029597201035358e-05,3,4.980501413345337,False,"['PBMD', 'PBMD', 'PBMD', 'PBMD', 'PBMD']","[468502519163264215, 468502519163537834, 468502519163497893, 468502519163684571, 468502519163729467]","[0.7664269804954529, 0.7670794725418091, 0.760545015335083, 0.7597312927246094, 0.7609939575195312]"
148,MEDQA,5.255138148640981e-06,0.9999457597732544,8.578777510592772e-07,8.139318197208922e-06,4.006312519777566e-05,1,7.270905256271362,False,"['PBMD', 'PBMD', 'PBMD', 'PBMD', 'TEXT']","[468502519163755689, 468502519163618635, 468502519163969869, 468502519163164584, 468502519162361527]","[0.7645357251167297, 0.7682813405990601, 0.7750461101531982, 0.7658991813659668, 0.7893559336662292]"
149,MEDQA,7.27503647794947e-05,1.90663049579598e-05,1.4965314221626613e-05,0.00029362327768467367,0.9995996356010437,4,6.335763692855835,False,"['PBMD', 'PBMD', 'PBMD', 'PBMD', 'PBMD']","[468502519163935048, 468502519163865329, 468502519163054039, 468502519163519310, 468502519163349328]","[0.7885617017745972, 0.8011202216148376, 0.7916057705879211, 0.7826663255691528, 0.7864701747894287]"
150,MEDQA,1.1364538750058273e-06,3.84457371183089e-06,1.1725288686648128e-06,0.9999022483825684,9.152248094324023e-05,0,8.886537551879883,False,"['TEXT', 'TEXT', 'TEXT', 'TEXT', 'PBMD']","[468502519162395135, 468502519162395063, 468502519162394786, 468502519162395450, 468502519163980718]","[0.7772142291069031, 0.7750523686408997, 0.7970198392868042, 0.7936991453170776, 0.785605251789093]"
151,MEDQA,6.200500502018258e-05,0.0005635445704683661,1.7218168068211526e-05,0.00015226961113512516,0.9992049336433411,4,9.034879207611084,False,"['STAT', 'TEXT', 'TEXT', 'PBMD', 'PBMD']","[468502519162971269, 468502519162310603, 468502519162310314, 468502519163672646, 468502519163768189]","[0.7783147692680359, 0.7768784165382385, 0.7750455737113953, 0.7775256633758545, 0.7765746116638184]"
152,MEDQA,0.99968421459198,0.00018665409879758954,2.01397360797273e-05,4.756369162350893e-05,6.15519966231659e-05,0,7.881301403045654,False,"['PBMD', 'PBMD', 'PBMD', 'PBMD', 'PBMD']","[468502519163543292, 468502519163279845, 468502519163079133, 468502519163870131, 468502519163084553]","[0.7833331823348999, 0.7827914357185364, 0.7692724466323853, 0.7706701755523682, 0.7878758311271667]"
153,MEDQA,0.9998185038566589,0.00015461140719708055,7.887892934377305e-06,1.4508054846373852e-05,4.4943858483748045e-06,0,5.989877223968506,False,"['PBMD', 'PBMD', 'TEXT', 'STAT', 'PBMD']","[468502519163560097, 468502519163765778, 468502519162370346, 468502519162808865, 468502519163509103]","[0.769675612449646, 0.7819719314575195, 0.777339518070221, 0.7691507339477539, 0.763333797454834]"
154,MEDQA,2.535943508519267e-07,7.570928346467554e-07,5.539009180210996e-07,0.9999700784683228,2.8409700462361798e-05,3,10.28550124168396,False,"['STAT', 'PBMD', 'STAT', 'PBMD', 'PBMD']","[468502519162886106, 468502519163862636, 468502519162766500, 468502519163705196, 468502519163794776]","[0.7794497013092041, 0.8127201199531555, 0.7935957312583923, 0.8410134315490723, 0.7774388194084167]"
155,MEDQA,7.182814442785457e-06,1.8924194591818377e-05,0.999930739402771,1.7230675439350307e-05,2.586630762380082e-05,4,7.80877161026001,False,"['TEXT', 'STAT', 'PBMD', 'TEXT', 'PBMD']","[468502519162356240, 468502519162467900, 468502519163824908, 468502519162361449, 468502519163277854]","[0.7608453631401062, 0.7604195475578308, 0.7756880521774292, 0.7622277140617371, 0.7837578058242798]"
156,MEDQA,0.0032635144889354706,0.9938185811042786,3.859257776639424e-05,0.00023640820290893316,0.0026428746059536934,1,8.26633358001709,False,"['PBMD', 'STAT', 'STAT', 'PBMD', 'TEXT']","[468502519163714107, 468502519162900168, 468502519162963045, 468502519163976771, 468502519162389975]","[0.741254985332489, 0.7415258884429932, 0.7410920858383179, 0.7486065030097961, 0.7599993944168091]"
157,MEDQA,0.9999827146530151,8.139618330460507e-06,2.9022701255598804e-06,4.495123903325293e-06,1.7603158539714059e-06,0,5.709113836288452,False,"['PBMD', 'PBMD', 'PBMD', 'PBMD', 'PBMD']","[468502519163576087, 468502519163912280, 468502519163632706, 468502519163995780, 468502519163578661]","[0.8149177432060242, 0.793178141117096, 0.7744748592376709, 0.7694762945175171, 0.7751790881156921]"
158,MEDQA,4.4655353121925145e-05,7.025273225735873e-05,0.00037243697443045676,0.9990890026092529,0.00042367816786281765,3,6.526485919952393,False,"['PBMD', 'PBMD', 'PBMD', 'PBMD', 'PBMD']","[468502519163719091, 468502519163719087, 468502519163085863, 468502519163093309, 468502519163761969]","[0.8030886650085449, 0.8044712543487549, 0.8032781481742859, 0.8008033633232117, 0.797251284122467]"
159,MEDQA,4.7833937060204335e-06,1.4733891475771088e-05,0.9996398687362671,2.1899973035033327e-06,0.0003384673618711531,2,10.646466493606567,False,"['TEXT', 'PBMD', 'PBMD', 'PBMD', 'PBMD']","[468502519162386340, 468502519163587681, 468502519163890444, 468502519163415465, 468502519163863339]","[0.7944979071617126, 0.8007239103317261, 0.7942546606063843, 0.8023152947425842, 0.7942691445350647]"
160,MEDQA,0.00021964695770293474,0.0002528121112845838,0.9829087257385254,0.001220316276885569,0.015398440882563591,3,4.89754056930542,False,"['TEXT', 'PBMD', 'PBMD', 'TEXT', 'PBMD']","[468502519162388790, 468502519163761294, 468502519163002984, 468502519162331963, 468502519163324249]","[0.7899197936058044, 0.7883375883102417, 0.78795325756073, 0.7820810675621033, 0.7899930477142334]"
161,MEDQA,7.646049198228866e-06,0.9999284744262695,1.602698944225267e-06,4.683772931457497e-05,1.5445444660144858e-05,1,8.385709762573242,False,"['PBMD', 'PBMD', 'PBMD', 'PBMD', 'PBMD']","[468502519163667409, 468502519163646189, 468502519163246380, 468502519163674915, 468502519163751401]","[0.7770520448684692, 0.7663238048553467, 0.7715136408805847, 0.7918885946273804, 0.7618494033813477]"
162,MEDQA,9.721369451654027e-07,1.6027827314246679e-06,2.873631217426009e-07,0.9999808073043823,1.6314494132529944e-05,3,8.782416343688965,False,"['PBMD', 'PBMD', 'PBMD', 'PBMD', 'PBMD']","[468502519163018984, 468502519163758108, 468502519163151764, 468502519163317866, 468502519163162109]","[0.8188602924346924, 0.8253563046455383, 0.8373931050300598, 0.8346492648124695, 0.8207065463066101]"
163,MEDQA,0.9998654127120972,2.468019192747306e-05,3.392699682081002e-06,8.957385580288246e-05,1.6962430890998803e-05,0,7.457388401031494,False,"['PBMD', 'PBMD', 'PBMD', 'PBMD', 'STAT']","[468502519163923681, 468502519163782716, 468502519163562311, 468502519163646190, 468502519162791983]","[0.8155397176742554, 0.794364333152771, 0.7958737015724182, 0.7936519384384155, 0.8094345331192017]"
164,MEDQA,0.9999375343322754,3.647759149316698e-05,1.5534030808339594e-06,1.4284829376265407e-05,1.0129460861207917e-05,0,3.861238718032837,False,"['PBMD', 'TEXT', 'PBMD', 'PBMD', 'TEXT']","[468502519163640187, 468502519162294202, 468502519163922895, 468502519163611314, 468502519162390845]","[0.7656620740890503, 0.7621354460716248, 0.7678811550140381, 0.7731131315231323, 0.7597891092300415]"
165,MEDQA,5.061517731519416e-05,0.9993661046028137,4.983046164852567e-05,0.0001195370641653426,0.0004139784723520279,1,7.885562896728516,False,"['PBMD', 'PBMD', 'PBMD', 'PBMD', 'PBMD']","[468502519163624673, 468502519163758435, 468502519163915862, 468502519163305656, 468502519163034741]","[0.7749662399291992, 0.793427586555481, 0.7738806009292603, 0.7755170464515686, 0.7776565551757812]"
166,MEDQA,3.966768872487592e-06,1.922241244756151e-05,0.999941349029541,2.282717832713388e-05,1.2606365999090485e-05,1,9.10999321937561,False,"['PBMD', 'PBMD', 'PBMD', 'PBMD', 'PBMD']","[468502519163962827, 468502519163814669, 468502519163079680, 468502519163123283, 468502519163625752]","[0.7838318943977356, 0.7837359309196472, 0.7805345058441162, 0.7810320854187012, 0.7805089950561523]"
167,MEDQA,9.042123849667405e-08,2.9647981136804447e-07,4.1810355355664797e-07,0.9999632835388184,3.5912984458263963e-05,3,5.1849071979522705,False,"['PBMD', 'PBMD', 'STAT', 'TEXT', 'STAT']","[468502519163751874, 468502519163821943, 468502519162968518, 468502519162344306, 468502519162729671]","[0.7855402231216431, 0.7811362147331238, 0.7862758636474609, 0.7856642007827759, 0.7820119261741638]"
168,MEDQA,1.5534825479335268e-06,0.9999886751174927,2.3320535547100008e-06,5.0936732804984786e-06,2.26030374506081e-06,1,6.694556474685669,False,"['PBMD', 'PBMD', 'PBMD', 'PBMD', 'PBMD']","[468502519163208287, 468502519163542757, 468502519163668571, 468502519163953372, 468502519163986383]","[0.774360179901123, 0.7631722092628479, 0.7570677995681763, 0.7700580358505249, 0.7545493245124817]"
169,MEDQA,8.579195878155588e-07,1.6797249600131181e-06,2.964890768453188e-07,0.9999945163726807,2.6425782380101737e-06,3,4.838513135910034,False,"['PBMD', 'STAT', 'PBMD', 'PBMD', 'PBMD']","[468502519163443187, 468502519162701902, 468502519163322970, 468502519163970862, 468502519163324845]","[0.7950394749641418, 0.7881217002868652, 0.7958126068115234, 0.795223593711853, 0.7965600490570068]"
170,MEDQA,4.092718882020563e-06,1.6963847883744165e-05,5.862549187440891e-06,2.411048990325071e-05,0.9999489784240723,2,8.536314725875854,False,"['STAT', 'TEXT', 'STAT', 'STAT', 'PBMD']","[468502519162453939, 468502519162386448, 468502519162437779, 468502519162978594, 468502519163380729]","[0.7442161440849304, 0.7439418435096741, 0.7433139681816101, 0.7445055842399597, 0.7413355112075806]"
171,MEDQA,1.5936389900161885e-05,0.9999696016311646,9.422168432138278e-07,6.962093266338343e-06,6.540281447087182e-06,3,7.785467147827148,False,"['PBMD', 'PBMD', 'PBMD', 'PBMD', 'PBMD']","[468502519163664752, 468502519163345275, 468502519163184690, 468502519163571737, 468502519163942502]","[0.7985981106758118, 0.7920101284980774, 0.8016512393951416, 0.7970150113105774, 0.7868344783782959]"
172,MEDQA,0.000609037873800844,0.0035460840445011854,0.9909424185752869,0.0009619011543691158,0.003940519876778126,2,6.787050247192383,False,"['TEXT', 'TEXT', 'TEXT', 'PBMD', 'STAT']","[468502519162361550, 468502519162361449, 468502519162307864, 468502519163647599, 468502519162809203]","[0.7734476327896118, 0.7638877630233765, 0.7736589908599854, 0.783288836479187, 0.759296178817749]"
173,MEDQA,0.9999566078186035,7.766674571030308e-06,3.7264915135892807e-06,1.3630939974973444e-05,1.8342432667850517e-05,0,7.9011476039886475,False,"['PBMD', 'PBMD', 'PBMD', 'PBMD', 'PBMD']","[468502519163223105, 468502519163513866, 468502519163804843, 468502519163097716, 468502519163070275]","[0.8302046656608582, 0.8049896955490112, 0.8158565163612366, 0.845966637134552, 0.8102085590362549]"
174,MEDQA,1.602790462129633e-06,2.190754685216234e-06,9.422319067198259e-07,9.741875146573875e-06,0.9999855756759644,4,6.039556264877319,False,"['TEXT', 'STAT', 'TEXT', 'TEXT', 'PBMD']","[468502519162325784, 468502519162891406, 468502519162307100, 468502519162306276, 468502519163758435]","[0.7853317260742188, 0.7839957475662231, 0.7697921991348267, 0.7725919485092163, 0.7633326053619385]"
175,MEDQA,1.101497332456347e-06,7.337554279729375e-07,1.459246846025053e-06,0.9999098777770996,8.682181942276657e-05,3,6.3351006507873535,False,"['TEXT', 'PBMD', 'STAT', 'STAT', 'PBMD']","[468502519162325687, 468502519163111999, 468502519162438102, 468502519162695125, 468502519163655452]","[0.7778295874595642, 0.7947826385498047, 0.8048800826072693, 0.7766462564468384, 0.7817833423614502]"
176,MEDQA,0.805496335029602,0.15861164033412933,0.005427391733974218,0.020165205001831055,0.010299379006028175,4,3.294387102127075,False,"['PBMD', 'PBMD', 'PBMD', 'PBMD', 'TEXT']","[468502519163736374, 468502519163749926, 468502519163740827, 468502519163740238, 468502519162366740]","[0.7789830565452576, 0.7646099328994751, 0.7554460763931274, 0.7473853230476379, 0.7651974558830261]"
177,MEDQA,9.721252354211174e-07,1.816168946788821e-06,1.1015621339538484e-06,0.9999687671661377,2.732130633376073e-05,3,7.703673839569092,False,"['TEXT', 'TEXT', 'PBMD', 'PBMD', 'PBMD']","[468502519162393788, 468502519162350686, 468502519163408141, 468502519163960333, 468502519163896507]","[0.7981637120246887, 0.7987326383590698, 0.7978302240371704, 0.7922450304031372, 0.7925161719322205]"
178,MEDQA,1.1658673429337796e-05,0.9999148845672607,3.187304173479788e-06,3.94407834392041e-05,3.0716513720108196e-05,3,7.166080713272095,False,"['PBMD', 'PBMD', 'TEXT', 'PBMD', 'TEXT']","[468502519163548857, 468502519163376110, 468502519162368429, 468502519163393228, 468502519162368388]","[0.8081497550010681, 0.7745249271392822, 0.7916153073310852, 0.7789980173110962, 0.7930722236633301]"
179,MEDQA,1.3627661246573552e-05,2.3181431970442645e-05,1.1122572686872445e-05,0.9997161030769348,0.00023596042592544109,3,7.687368869781494,False,"['PBMD', 'PBMD', 'PBMD', 'PBMD', 'TEXT']","[468502519163095907, 468502519163992382, 468502519163074533, 468502519163629952, 468502519162336271]","[0.7990041971206665, 0.7927103042602539, 0.8085229992866516, 0.796627402305603, 0.7982771992683411]"
180,MEDQA,3.963854851463111e-06,8.133301889756694e-06,6.334222234727349e-06,0.9992067217826843,0.0007748020580038428,1,8.665308237075806,False,"['TEXT', 'PBMD', 'PBMD', 'PBMD', 'PBMD']","[468502519162387016, 468502519163995482, 468502519163993372, 468502519163779612, 468502519163274118]","[0.77619469165802, 0.7856308221817017, 0.7911756634712219, 0.7764396071434021, 0.7772558331489563]"
181,MEDQA,7.60091861593537e-05,0.9997186064720154,8.662290383654181e-06,3.9433041820302606e-05,0.00015718393842689693,4,8.563480615615845,False,"['PBMD', 'PBMD', 'PBMD', 'PBMD', 'PBMD']","[468502519163091658, 468502519163069458, 468502519163436630, 468502519163412731, 468502519163326246]","[0.7800536155700684, 0.7549930810928345, 0.7411136627197266, 0.7420332431793213, 0.7425099015235901]"
182,MEDQA,1.2501527590913497e-09,1.9362744740902826e-09,7.123155398858216e-10,1.4449800289639825e-07,0.9999998807907104,1,10.434073686599731,False,"['TEXT', 'PBMD', 'PBMD', 'PBMD', 'PBMD']","[468502519162352934, 468502519163586108, 468502519163733079, 468502519163203368, 468502519163048881]","[0.7980124354362488, 0.7940374612808228, 0.8030668497085571, 0.7957162857055664, 0.8155288100242615]"
183,MEDQA,4.3563786675804295e-06,1.5934969269437715e-05,0.9998805522918701,6.351833144435659e-05,3.563055724953301e-05,4,6.9163658618927,False,"['PBMD', 'PBMD', 'PBMD', 'PBMD', 'PBMD']","[468502519163610492, 468502519163728500, 468502519163651936, 468502519163724288, 468502519163204517]","[0.8016133904457092, 0.792997419834137, 0.8065518140792847, 0.790899395942688, 0.7937735319137573]"
184,MEDQA,0.9999840259552002,8.530258128303103e-06,1.7982782196668268e-07,3.5008106351597235e-06,3.7265936043695547e-06,1,8.53510594367981,False,"['PBMD', 'PBMD', 'PBMD', 'TEXT', 'PBMD']","[468502519163658428, 468502519163627954, 468502519163756697, 468502519162392811, 468502519163608726]","[0.776858925819397, 0.7743085622787476, 0.7770282626152039, 0.7971029281616211, 0.7744534015655518]"
185,MEDQA,7.337445708799351e-07,1.0675920520952786e-06,8.314414685628435e-07,0.9998950958251953,0.00010229959298158064,3,7.071025133132935,False,"['PBMD', 'STAT', 'PBMD', 'PBMD', 'PBMD']","[468502519163997061, 468502519162811168, 468502519163695334, 468502519163786620, 468502519163985863]","[0.7703603506088257, 0.772009015083313, 0.7728040218353271, 0.7852137088775635, 0.7758380174636841]"
186,MEDQA,2.8401855161064304e-05,0.0001465079258196056,0.9996939897537231,5.389725265558809e-05,7.72042476455681e-05,2,5.329175233840942,False,"['PBMD', 'TEXT', 'TEXT', 'TEXT', 'PBMD']","[468502519163064406, 468502519162300565, 468502519162300559, 468502519162300538, 468502519163419345]","[0.804916501045227, 0.7972502708435059, 0.7917975783348083, 0.8008496761322021, 0.8000003099441528]"
187,MEDQA,1.1015881682396866e-06,0.9999923706054688,1.1365563068466145e-06,3.0894802875991445e-06,2.2603121578868013e-06,1,6.354973554611206,False,"['STAT', 'TEXT', 'PBMD', 'TEXT', 'TEXT']","[468502519162895929, 468502519162393293, 468502519163573896, 468502519162359273, 468502519162393344]","[0.7705404758453369, 0.7754886150360107, 0.7556886672973633, 0.7577933073043823, 0.7571622133255005]"
188,MEDQA,3.989865945186466e-05,3.193448719684966e-05,5.4962725698715076e-05,0.00013471207057591528,0.9997385144233704,4,6.516912460327148,False,"['TEXT', 'PBMD', 'TEXT', 'PBMD', 'TEXT']","[468502519162351540, 468502519163938090, 468502519162359863, 468502519163623814, 468502519162351801]","[0.7996551394462585, 0.8259760141372681, 0.7913945913314819, 0.7915658950805664, 0.7890477180480957]"
189,MEDQA,2.4058106191660045e-06,1.1841813829960302e-05,0.9998762607574463,5.4755990277044475e-05,5.4755990277044475e-05,2,8.207448244094849,False,"['PBMD', 'PBMD', 'PBMD', 'PBMD', 'PBMD']","[468502519163729170, 468502519163968397, 468502519163738874, 468502519163790247, 468502519163457719]","[0.7814115285873413, 0.780602216720581, 0.8141434788703918, 0.8213725686073303, 0.791229248046875]"
190,MEDQA,0.999853253364563,1.2217431503813714e-05,2.4057551399891963e-06,0.00012656478793360293,5.506828074430814e-06,0,7.5364906787872314,False,"['PBMD', 'PBMD', 'PBMD', 'PBMD', 'PBMD']","[468502519163678703, 468502519163449448, 468502519163324145, 468502519163264215, 468502519163955446]","[0.7690926790237427, 0.7553728818893433, 0.7639710903167725, 0.7567166090011597, 0.768592357635498]"
191,MEDQA,3.927824252514256e-07,1.0348438763685408e-06,4.0294321479450446e-06,4.5659448915102985e-06,0.9999899864196777,3,7.4368908405303955,False,"['PBMD', 'PBMD', 'STAT', 'TEXT', 'PBMD']","[468502519163371837, 468502519163625781, 468502519162981011, 468502519162386612, 468502519163763851]","[0.7566846609115601, 0.7720683813095093, 0.7533537149429321, 0.7572619915008545, 0.7516528367996216]"
192,MEDQA,1.003003148980497e-06,1.4823425544818747e-06,1.2482576039474225e-06,8.139661986206193e-06,0.9999880790710449,4,7.2536866664886475,False,"['PBMD', 'PBMD', 'PBMD', 'PBMD', 'PBMD']","[468502519163576076, 468502519163818618, 468502519163825610, 468502519163581621, 468502519163584842]","[0.7662333846092224, 0.7849613428115845, 0.7682785987854004, 0.7646728754043579, 0.77670818567276]"
193,MEDQA,6.337755621643737e-06,0.00019410507229622453,0.9997641444206238,1.1840485967695713e-05,2.3547618184238672e-05,2,6.488999366760254,False,"['TEXT', 'TEXT', 'TEXT', 'TEXT', 'PBMD']","[468502519162382965, 468502519162323258, 468502519162382967, 468502519162382968, 468502519163936183]","[0.810584306716919, 0.8134175539016724, 0.8143408894538879, 0.8130722045898438, 0.8057962656021118]"
194,MEDQA,2.2470499970950186e-05,0.9998177886009216,1.044975306285778e-05,2.5863386326818727e-05,0.00012338731903582811,2,6.813731908798218,False,"['PBMD', 'PBMD', 'PBMD', 'PBMD', 'PBMD']","[468502519163586665, 468502519163981336, 468502519163428943, 468502519163505671, 468502519163267966]","[0.7780861258506775, 0.7977036237716675, 0.7819388508796692, 0.7762592434883118, 0.7793701887130737]"
195,MEDQA,1.8738040807875223e-06,1.0129689144378062e-05,0.9999600648880005,2.0462533939280547e-05,7.411038950522197e-06,2,10.468957901000977,False,"['PBMD', 'PBMD', 'PBMD', 'PBMD', 'PBMD']","[468502519163756721, 468502519163819191, 468502519163749375, 468502519163415599, 468502519163961148]","[0.8017612099647522, 0.7845093011856079, 0.8230822086334229, 0.7903568148612976, 0.7882175445556641]"
196,MEDQA,8.013206752366386e-06,1.086752126866486e-05,6.747796760464553e-06,1.885088386188727e-05,0.9999555349349976,0,5.472252607345581,False,"['PBMD', 'STAT', 'TEXT', 'PBMD', 'PBMD']","[468502519163747130, 468502519162801200, 468502519162412323, 468502519163615965, 468502519163901694]","[0.7466094493865967, 0.7470970153808594, 0.7551859617233276, 0.7465194463729858, 0.7463136315345764]"
197,MEDQA,6.642646894761128e-06,4.037448525195941e-05,0.9998749494552612,4.331549644120969e-05,3.480497980490327e-05,2,5.712293386459351,False,"['TEXT', 'PBMD', 'STAT', 'STAT', 'PBMD']","[468502519162311774, 468502519163753728, 468502519162826878, 468502519162857652, 468502519163673222]","[0.7962567806243896, 0.8171764612197876, 0.79094398021698, 0.8019532561302185, 0.8000428676605225]"
198,MEDQA,0.2,0.2,0.2,0.2,0.2,4,10.550975799560547,True,"['TEXT', 'STAT', 'STAT', 'PBMD', 'PBMD']","[468502519162314067, 468502519162960518, 468502519162888343, 468502519163611084, 468502519163819991]","[0.769275963306427, 0.7795273661613464, 0.7803738117218018, 0.7654990553855896, 0.7683151960372925]"
199,MEDQA,1.873805786090088e-06,1.5056452866701875e-06,9.721177320898278e-07,0.9999610185623169,3.453710087342188e-05,3,8.107702493667603,False,"['STAT', 'STAT', 'STAT', 'STAT', 'PBMD']","[468502519162968565, 468502519162458675, 468502519162918877, 468502519162813856, 468502519163824859]","[0.830005407333374, 0.8113481998443604, 0.8122701048851013, 0.8169971108436584, 0.8115525841712952]"
200,MEDQA,5.8705809351522475e-05,0.9992159605026245,3.790331902564503e-05,0.00037248432636260986,0.00031489087268710136,1,5.821637868881226,False,"['TEXT', 'PBMD', 'PBMD', 'PBMD', 'PBMD']","[468502519162298811, 468502519163692797, 468502519163168341, 468502519163606317, 468502519163692360]","[0.781846284866333, 0.7635316252708435, 0.7643998861312866, 0.7660152912139893, 0.7655404210090637]"
201,MEDQA,0.000624509179033339,0.9658039212226868,0.00017892489267978817,0.0025885188952088356,0.030804114416241646,1,7.874047517776489,False,"['PBMD', 'PBMD', 'PBMD', 'PBMD', 'PBMD']","[468502519163939629, 468502519163059120, 468502519163931601, 468502519163939242, 468502519163029731]","[0.7964632511138916, 0.8016573786735535, 0.8041049838066101, 0.8073276281356812, 0.815933108329773]"
202,MEDQA,2.8127108180342475e-06,2.2825965061201714e-05,0.9998881816864014,7.602207915624604e-05,1.0128961548616644e-05,3,4.2540740966796875,False,"['TEXT', 'PBMD', 'PBMD', 'PBMD', 'PBMD']","[468502519162416574, 468502519163508749, 468502519163345409, 468502519163626713, 468502519163309633]","[0.8093852996826172, 0.8186573386192322, 0.7979788184165955, 0.8253893852233887, 0.797905445098877]"
203,MEDQA,8.66343361849431e-06,9.46074360399507e-05,0.9998505115509033,2.7105483241030015e-05,1.9220666217734106e-05,0,9.58242416381836,False,"['TEXT', 'PBMD', 'PBMD', 'STAT', 'PBMD']","[468502519162395669, 468502519163900266, 468502519163283374, 468502519162491673, 468502519163823049]","[0.7735555768013, 0.7532869577407837, 0.7622858285903931, 0.7560782432556152, 0.7508456707000732]"
204,MEDQA,2.1907565042056376e-06,3.393110091565177e-06,0.9999864101409912,3.6119470223638928e-06,4.356839781394228e-06,2,4.489907264709473,False,"['STAT', 'STAT', 'STAT', 'PBMD', 'PBMD']","[468502519162463831, 468502519162917088, 468502519162796905, 468502519163247041, 468502519163791584]","[0.8239386677742004, 0.7686415314674377, 0.7587977647781372, 0.7801215648651123, 0.762272834777832]"
205,MEDQA,1.1888463632203639e-05,0.44544029235839844,3.661904338514432e-05,0.00015178171452134848,0.5543593764305115,1,4.6788108348846436,False,"['TEXT', 'TEXT', 'TEXT', 'STAT', 'STAT']","[468502519162415780, 468502519162330110, 468502519162330111, 468502519162905669, 468502519162905695]","[0.8037735223770142, 0.8072748184204102, 0.7934620380401611, 0.7986947298049927, 0.7991225123405457]"
206,MEDQA,2.72627585218288e-06,2.8128170015406795e-06,9.421757454219915e-07,0.999925971031189,6.761798431398347e-05,3,4.749886512756348,False,"['PBMD', 'PBMD', 'PBMD', 'PBMD', 'PBMD']","[468502519163525003, 468502519163591475, 468502519163595715, 468502519163595714, 468502519163892004]","[0.8124394416809082, 0.8105026483535767, 0.8271160125732422, 0.8197761178016663, 0.8264574408531189]"
207,MEDQA,0.99992835521698,3.4671138564590365e-05,2.6687330318964086e-05,8.800547220744193e-06,1.436649881725316e-06,0,4.762324810028076,False,"['TEXT', 'TEXT', 'PBMD', 'TEXT', 'TEXT']","[468502519162307722, 468502519162307723, 468502519163720457, 468502519162311276, 468502519162311274]","[0.8076629042625427, 0.8054088354110718, 0.8038356304168701, 0.8087885975837708, 0.8372484445571899]"
208,MEDQA,0.0024802398402243853,0.04261069372296333,0.0027240104973316193,0.9399768114089966,0.012208167463541031,1,6.427917242050171,False,"['PBMD', 'PBMD', 'PBMD', 'PBMD', 'PBMD']","[468502519163573241, 468502519163835845, 468502519163602667, 468502519163600557, 468502519163800663]","[0.737906813621521, 0.7289701104164124, 0.7297998666763306, 0.7308148145675659, 0.7322482466697693]"
209,MEDQA,0.9999786615371704,1.2606836207851302e-05,1.2878693951279274e-06,6.643335836997721e-06,6.893467912050255e-07,0,6.8014075756073,False,"['TEXT', 'TEXT', 'PBMD', 'PBMD', 'PBMD']","[468502519162409950, 468502519162328177, 468502519163631807, 468502519163114074, 468502519163681812]","[0.760787308216095, 0.7643364667892456, 0.7732325792312622, 0.7717055082321167, 0.790873646736145]"
210,MEDQA,5.5612217693123966e-05,1.921906732604839e-05,0.9997673630714417,4.1005874663824216e-05,0.00011681487376336008,2,6.5408594608306885,False,"['PBMD', 'PBMD', 'PBMD', 'PBMD', 'PBMD']","[468502519163675693, 468502519163620160, 468502519163721981, 468502519163725836, 468502519163991661]","[0.7828041315078735, 0.7787930965423584, 0.7790540456771851, 0.7773857116699219, 0.7868274450302124]"
211,MEDQA,6.89020282607089e-07,1.1720630936906673e-06,4.589864772697183e-07,0.9995050430297852,0.0004926411784254014,1,8.003464937210083,False,"['PBMD', 'PBMD', 'PBMD', 'STAT', 'PBMD']","[468502519163815225, 468502519163814804, 468502519163107538, 468502519162424828, 468502519163814402]","[0.7974891662597656, 0.7979384660720825, 0.7876232266426086, 0.7865543961524963, 0.7813777923583984]"
212,MEDQA,0.9999637603759766,1.1659242773021106e-05,2.406021167189465e-06,1.750259798427578e-05,4.637726760847727e-06,4,7.800883769989014,False,"['PBMD', 'PBMD', 'PBMD', 'PBMD', 'PBMD']","[468502519163868763, 468502519163218235, 468502519163693689, 468502519163517472, 468502519163763168]","[0.7918623685836792, 0.7718549370765686, 0.7687921524047852, 0.7792669534683228, 0.7751703262329102]"
213,MEDQA,0.9999953508377075,2.368793957430171e-06,2.3823585593163443e-07,1.505696900494513e-06,4.450831738722627e-07,0,6.860090255737305,False,"['TEXT', 'STAT', 'PBMD', 'PBMD', 'PBMD']","[468502519162307199, 468502519162450759, 468502519163967599, 468502519163689128, 468502519163041128]","[0.7887276411056519, 0.7971490621566772, 0.820023238658905, 0.7859259843826294, 0.7847120761871338]"
214,MEDQA,1.3211433724791277e-05,0.9999470710754395,3.966791609855136e-06,2.4299544747918844e-05,1.147829243564047e-05,1,10.44286584854126,False,"['PBMD', 'PBMD', 'PBMD', 'PBMD', 'PBMD']","[468502519163743107, 468502519163582333, 468502519163133898, 468502519163979410, 468502519163213729]","[0.7845596075057983, 0.7810337543487549, 0.7785188555717468, 0.7816205024719238, 0.7788221836090088]"
215,MEDQA,9.220993888447993e-06,3.320607720525004e-05,0.9997223019599915,0.00017128995386883616,6.400638085324317e-05,3,6.1066365242004395,False,"['PBMD', 'PBMD', 'PBMD', 'TEXT', 'PBMD']","[468502519163786788, 468502519163734411, 468502519163829490, 468502519162417338, 468502519163842137]","[0.7932832837104797, 0.804979145526886, 0.7986646890640259, 0.7853375673294067, 0.7968928813934326]"
216,MEDQA,0.9980903267860413,0.00043329186155460775,8.871899626683444e-05,0.0010656219674274325,0.000321995175909251,4,6.9051947593688965,False,"['PBMD', 'PBMD', 'STAT', 'STAT', 'PBMD']","[468502519163487666, 468502519163350425, 468502519162462098, 468502519162474965, 468502519163401366]","[0.7906297445297241, 0.7987626791000366, 0.7895689010620117, 0.8139356970787048, 0.7889458537101746]"
217,MEDQA,7.408525561913848e-06,4.3304491555318236e-05,0.9996209144592285,0.0003137903695460409,1.4505188119073864e-05,3,8.819387435913086,False,"['PBMD', 'PBMD', 'PBMD', 'PBMD', 'TEXT']","[468502519163615751, 468502519163522007, 468502519163880463, 468502519163692662, 468502519162373164]","[0.7759168148040771, 0.7951059341430664, 0.785669207572937, 0.7912492752075195, 0.7888347506523132]"
218,MEDQA,5.593879905063659e-06,6.961695362406317e-06,7.527387879235903e-06,6.735345959896222e-05,0.9999125003814697,4,5.852312803268433,False,"['TEXT', 'PBMD', 'PBMD', 'PBMD', 'PBMD']","[468502519162329713, 468502519163014900, 468502519163160508, 468502519163102796, 468502519163604257]","[0.7516624927520752, 0.7575466632843018, 0.7528550624847412, 0.7480795979499817, 0.7486827373504639]"
219,MEDQA,0.9999827146530151,6.854245384602109e-06,2.8129766178608406e-06,5.093642812425969e-06,2.443956418574089e-06,0,10.155098676681519,False,"['PBMD', 'PBMD', 'PBMD', 'PBMD', 'PBMD']","[468502519163234223, 468502519163930161, 468502519163747267, 468502519163555325, 468502519163204321]","[0.7831009030342102, 0.7989180088043213, 0.7832204699516296, 0.7875552177429199, 0.7911394238471985]"
220,MEDQA,3.1053958082338795e-05,0.9991223216056824,5.250810772849945e-06,0.0008295492734760046,1.1740800800907891e-05,3,6.670847415924072,False,"['PBMD', 'PBMD', 'PBMD', 'PBMD', 'PBMD']","[468502519163478224, 468502519163700092, 468502519163767925, 468502519163955767, 468502519163881669]","[0.7990325093269348, 0.7835612297058105, 0.7900476455688477, 0.7856388092041016, 0.8065884113311768]"
221,MEDQA,1.129926477005938e-05,2.0143119400017895e-05,1.5687477571191266e-05,0.00010070925782201812,0.999852180480957,0,5.723951101303101,False,"['STAT', 'TEXT', 'PBMD', 'STAT', 'PBMD']","[468502519162695566, 468502519162326094, 468502519163971163, 468502519162925000, 468502519163620128]","[0.8114157915115356, 0.8134551048278809, 0.8031122088432312, 0.8053364753723145, 0.8174870014190674]"
222,MEDQA,3.3404826353944372e-06,4.860373337578494e-06,2.6425391297379974e-06,0.9999797344207764,9.368614882987458e-06,3,6.248037576675415,False,"['PBMD', 'PBMD', 'PBMD', 'PBMD', 'PBMD']","[468502519163869448, 468502519163858983, 468502519163752291, 468502519163509818, 468502519163213706]","[0.7864887118339539, 0.7825632095336914, 0.7864724397659302, 0.7842311263084412, 0.789543867111206]"
223,MEDQA,0.9996134638786316,0.00023003332898952067,5.102478462504223e-05,9.203373338095844e-05,1.3626262443722226e-05,0,6.407320022583008,False,"['PBMD', 'TEXT', 'TEXT', 'PBMD', 'PBMD']","[468502519163066922, 468502519162307681, 468502519162387138, 468502519163967058, 468502519163997615]","[0.7997599244117737, 0.7985507845878601, 0.8129357099533081, 0.7860682010650635, 0.7902935147285461]"
224,MEDQA,3.590989945223555e-05,0.9998774528503418,6.1434593590092845e-06,2.3921149477246217e-05,5.649420199915767e-05,2,7.177307367324829,False,"['STAT', 'PBMD', 'TEXT', 'TEXT', 'PBMD']","[468502519162894347, 468502519163547169, 468502519162364088, 468502519162364053, 468502519163154773]","[0.7971421480178833, 0.8143044114112854, 0.7966504096984863, 0.7954938411712646, 0.7976009845733643]"
225,MEDQA,6.338868388411356e-06,2.5866538635455072e-05,0.9999396800994873,3.089317488047527e-06,2.507071076252032e-05,2,6.806174039840698,False,"['STAT', 'STAT', 'PBMD', 'STAT', 'PBMD']","[468502519162703891, 468502519162706912, 468502519163453466, 468502519162830188, 468502519163313877]","[0.7960631251335144, 0.7765020728111267, 0.7616801261901855, 0.7656815648078918, 0.7618383169174194]"
226,MEDQA,2.3320487798628164e-06,1.8738538756224443e-06,1.1726277762136306e-06,0.9999866485595703,8.013455953914672e-06,3,8.026046752929688,False,"['PBMD', 'PBMD', 'PBMD', 'STAT', 'PBMD']","[468502519163899266, 468502519163745977, 468502519163596549, 468502519162845604, 468502519163701541]","[0.7896581292152405, 0.78299880027771, 0.7991593480110168, 0.7797431945800781, 0.7857526540756226]"
227,MEDQA,0.9999912977218628,6.540423328260658e-06,1.9750366675452824e-07,1.7061712469512713e-06,1.855375160175754e-07,3,9.043428659439087,False,"['TEXT', 'PBMD', 'PBMD', 'PBMD', 'PBMD']","[468502519162395018, 468502519163412253, 468502519163215707, 468502519163799305, 468502519163325290]","[0.7872095108032227, 0.7692274451255798, 0.7757484912872314, 0.7742319107055664, 0.767593502998352]"
228,MEDQA,2.6015723051386885e-06,0.9999804496765137,4.565901690511964e-06,7.76686010794947e-06,4.637804522644728e-06,0,7.62458872795105,False,"['PBMD', 'PBMD', 'PBMD', 'PBMD', 'PBMD']","[468502519163948307, 468502519163555438, 468502519163719759, 468502519163797752, 468502519163079133]","[0.772874116897583, 0.7629791498184204, 0.7926827669143677, 0.7825753688812256, 0.7643545866012573]"
229,MEDQA,1.6963011148618534e-05,2.4298391508636996e-05,2.5865503630484454e-05,3.321196709293872e-05,0.9998996257781982,4,7.201211929321289,False,"['PBMD', 'PBMD', 'TEXT', 'PBMD', 'TEXT']","[468502519163656761, 468502519163975293, 468502519162406683, 468502519163871696, 468502519162377072]","[0.7708883285522461, 0.773038387298584, 0.777682900428772, 0.7745521068572998, 0.787398636341095]"
230,MEDQA,4.356749286671402e-06,1.428523137292359e-05,0.9999656677246094,1.2606672498804983e-05,3.089397978328634e-06,2,6.53251576423645,False,"['TEXT', 'STAT', 'STAT', 'TEXT', 'PBMD']","[468502519162345075, 468502519162845180, 468502519162484622, 468502519162388677, 468502519163188996]","[0.8050426840782166, 0.8055456876754761, 0.7931970357894897, 0.810461163520813, 0.7960163354873657]"
231,MEDQA,0.9998538494110107,3.974769788328558e-05,3.94383750972338e-05,5.6492866860935465e-05,1.0450129593664315e-05,0,6.023832321166992,False,"['STAT', 'PBMD', 'PBMD', 'PBMD', 'PBMD']","[468502519162743554, 468502519163570135, 468502519163788288, 468502519163995339, 468502519163876794]","[0.7988114953041077, 0.7990027666091919, 0.8314616680145264, 0.8059635162353516, 0.7915887832641602]"
232,MEDQA,1.112469908548519e-05,3.6685364648292307e-06,2.4822559225867735e-06,0.9999072551727295,7.543190440628678e-05,3,6.7500855922698975,False,"['PBMD', 'PBMD', 'PBMD', 'PBMD', 'PBMD']","[468502519163962196, 468502519163778885, 468502519163779923, 468502519163797090, 468502519163737292]","[0.7704582810401917, 0.7700841426849365, 0.776686429977417, 0.7792530655860901, 0.771077036857605]"
233,MEDQA,2.812999809975736e-06,0.9999909400939941,8.059379865699157e-07,2.12336362892529e-06,3.1875465538178105e-06,1,6.80670166015625,False,"['PBMD', 'STAT', 'PBMD', 'PBMD', 'PBMD']","[468502519163442877, 468502519162807946, 468502519163325734, 468502519163379060, 468502519163395474]","[0.7803915739059448, 0.7893246412277222, 0.7803584337234497, 0.8040369749069214, 0.783799946308136]"
234,MEDQA,1.2482389593060361e-06,1.9946803604398156e-06,3.844846560241422e-06,1.967888601939194e-05,0.9999731779098511,3,7.760818004608154,False,"['PBMD', 'PBMD', 'PBMD', 'PBMD', 'PBMD']","[468502519163909214, 468502519163756371, 468502519163950390, 468502519163214159, 468502519163276185]","[0.8314597010612488, 0.826836347579956, 0.8298624753952026, 0.8424417972564697, 0.8281950354576111]"
235,MEDQA,9.095319546759129e-05,0.9995220899581909,0.00019711405911948532,7.719096902292222e-05,0.00011275178258074448,1,6.964217185974121,False,"['PBMD', 'PBMD', 'PBMD', 'PBMD', 'PBMD']","[468502519163991768, 468502519163480280, 468502519163525790, 468502519163077562, 468502519163095562]","[0.8213109970092773, 0.812263011932373, 0.8036118745803833, 0.8088874816894531, 0.811001181602478]"
236,MEDQA,0.9999679327011108,5.954983862466179e-06,3.0415080800594296e-06,1.439730385754956e-05,8.530120794603135e-06,0,8.530765295028687,False,"['PBMD', 'TEXT', 'TEXT', 'TEXT', 'TEXT']","[468502519163267805, 468502519162298456, 468502519162298457, 468502519162329870, 468502519162381155]","[0.8494830131530762, 0.8609657287597656, 0.804020881652832, 0.8157851099967957, 0.8098233938217163]"
237,MEDQA,0.00012893271923530847,0.00014971070049796253,0.9988589286804199,8.340796193806455e-05,0.0007790839881636202,1,8.592757940292358,False,"['TEXT', 'PBMD', 'PBMD', 'PBMD', 'PBMD']","[468502519162416486, 468502519163657107, 468502519163459952, 468502519163540498, 468502519163625760]","[0.7691116333007812, 0.7741750478744507, 0.7717958092689514, 0.785695493221283, 0.7804766893386841]"
238,MEDQA,3.120045585092157e-05,0.9999221563339233,2.4059208953985944e-06,1.0450843547005206e-05,3.3735737815732136e-05,1,8.167070627212524,False,"['PBMD', 'STAT', 'PBMD', 'PBMD', 'PBMD']","[468502519163663499, 468502519162952267, 468502519163662424, 468502519163177346, 468502519163646189]","[0.8060193061828613, 0.8080511689186096, 0.8185434341430664, 0.8127426505088806, 0.8098890781402588]"
239,MEDQA,0.9999853372573853,5.093656454846496e-06,4.181127621905034e-07,4.565923973132158e-06,4.495135726756416e-06,0,9.507246971130371,False,"['PBMD', 'TEXT', 'PBMD', 'PBMD', 'STAT']","[468502519163674915, 468502519162351327, 468502519163496721, 468502519163663082, 468502519162444702]","[0.7655911445617676, 0.7558028697967529, 0.7561262845993042, 0.7822384834289551, 0.7634175419807434]"
240,MEDQA,2.601507958388538e-06,3.041470790776657e-06,1.529347514406254e-06,3.7197722122073174e-05,0.9999556541442871,4,6.735737085342407,False,"['TEXT', 'STAT', 'STAT', 'TEXT', 'PBMD']","[468502519162294513, 468502519162982524, 468502519162946277, 468502519162332218, 468502519163612148]","[0.768561840057373, 0.7678550481796265, 0.7679641246795654, 0.7691936492919922, 0.7653483152389526]"
241,MEDQA,0.9998528957366943,4.683418956119567e-05,1.2605250958586112e-05,5.920396142755635e-05,2.8406369892763905e-05,1,5.216389894485474,False,"['PBMD', 'PBMD', 'PBMD', 'PBMD', 'PBMD']","[468502519163740590, 468502519163291437, 468502519163872852, 468502519163978855, 468502519163460161]","[0.7787679433822632, 0.7810871005058289, 0.7836472988128662, 0.792506992816925, 0.7728702425956726]"
242,MEDQA,5.3379098972072825e-06,1.933262865350116e-06,2.2602132503379835e-06,0.9999486207962036,4.1822226194199175e-05,0,10.455807209014893,False,"['PBMD', 'PBMD', 'PBMD', 'PBMD', 'PBMD']","[468502519163289341, 468502519163877408, 468502519163402009, 468502519163715544, 468502519163892156]","[0.7680308818817139, 0.7772219181060791, 0.7671501636505127, 0.7724515795707703, 0.7906414866447449]"
243,MEDQA,0.9999102354049683,4.133339461986907e-05,1.1124732736789156e-05,2.7533977117855102e-05,9.817542377277277e-06,0,4.975529909133911,False,"['STAT', 'STAT', 'TEXT', 'PBMD', 'STAT']","[468502519162802023, 468502519162912071, 468502519162369733, 468502519163935800, 468502519162852537]","[0.7994680404663086, 0.7937964200973511, 0.8084853887557983, 0.8164329528808594, 0.7939408421516418]"
244,MEDQA,0.0001517671626061201,0.999805748462677,8.663045264256652e-06,1.112357040256029e-05,2.2824082407169044e-05,4,5.822002172470093,False,"['TEXT', 'TEXT', 'TEXT', 'STAT', 'PBMD']","[468502519162316207, 468502519162317258, 468502519162317183, 468502519162964629, 468502519163200319]","[0.7178977131843567, 0.7297945618629456, 0.717728316783905, 0.7205129861831665, 0.7222169041633606]"
245,MEDQA,6.338577350106789e-06,1.9987195628345944e-05,6.1435598581738304e-06,7.368352817138657e-05,0.9998937845230103,3,9.46998929977417,False,"['PBMD', 'PBMD', 'PBMD', 'PBMD', 'PBMD']","[468502519163725225, 468502519163756172, 468502519163572258, 468502519163953372, 468502519163323284]","[0.807072639465332, 0.7974759340286255, 0.8041020631790161, 0.8057833909988403, 0.7977807521820068]"
246,MEDQA,0.9972202777862549,0.0011307342210784554,0.00010526457481319085,0.0005757627659477293,0.0009679950308054686,0,9.736083269119263,False,"['PBMD', 'STAT', 'PBMD', 'STAT', 'TEXT']","[468502519163251004, 468502519162951384, 468502519163724167, 468502519162974184, 468502519162335806]","[0.8143225312232971, 0.8087162971496582, 0.8008240461349487, 0.8008471727371216, 0.808000922203064]"
247,MEDQA,3.15608389200861e-07,2.9479847398761194e-06,4.5920748448224913e-07,0.9999862909317017,9.972904990718234e-06,3,6.080357074737549,False,"['PBMD', 'PBMD', 'PBMD', 'PBMD', 'PBMD']","[468502519163985590, 468502519163697405, 468502519163809693, 468502519163568780, 468502519163869138]","[0.7887654900550842, 0.7842560410499573, 0.7845825552940369, 0.7785638570785522, 0.784643292427063]"
248,MEDQA,8.337409235537052e-05,0.00013323142775334418,0.9984532594680786,0.0010459014447405934,0.0002842630783561617,2,9.068807363510132,False,"['PBMD', 'PBMD', 'PBMD', 'PBMD', 'PBMD']","[468502519163469899, 468502519163019895, 468502519163379757, 468502519163190225, 468502519163799769]","[0.7882938385009766, 0.7930352687835693, 0.7844046354293823, 0.7830715179443359, 0.7873230576515198]"
249,MEDQA,0.00031345736351795495,0.9985600113868713,0.00012132156552979723,0.0005111570935696363,0.0004941017250530422,1,8.13123631477356,False,"['PBMD', 'PBMD', 'PBMD', 'PBMD', 'PBMD']","[468502519163544262, 468502519163558787, 468502519163811394, 468502519163581619, 468502519163568854]","[0.8127470016479492, 0.8264213800430298, 0.8027999401092529, 0.8361799120903015, 0.8155146837234497]"
250,MEDQA,1.9637850527942646e-06,2.6425616397318663e-06,1.628034965506231e-06,0.9999881982803345,5.594303274847334e-06,0,5.823328256607056,False,"['PBMD', 'PBMD', 'PBMD', 'PBMD', 'TEXT']","[468502519163136243, 468502519163709990, 468502519163488485, 468502519163342296, 468502519162361719]","[0.7438060641288757, 0.7403868436813354, 0.7375005483627319, 0.7385447025299072, 0.7408093214035034]"
251,MEDQA,2.406059593340615e-06,0.9999797344207764,9.422263929081964e-07,7.183166417235043e-06,9.818224498303607e-06,1,7.592365503311157,False,"['STAT', 'TEXT', 'PBMD', 'STAT', 'PBMD']","[468502519162966600, 468502519162326017, 468502519163858066, 468502519162826490, 468502519163829071]","[0.7876477241516113, 0.7745077610015869, 0.7710363864898682, 0.7729283571243286, 0.7907532453536987]"
252,MEDQA,0.00033975241240113974,0.0007596856448799372,0.000370241206837818,0.0014444483676925302,0.9970858693122864,0,5.736363410949707,False,"['PBMD', 'PBMD', 'PBMD', 'PBMD', 'PBMD']","[468502519163580273, 468502519163728975, 468502519163892682, 468502519163786461, 468502519163657067]","[0.7698899507522583, 0.7842684388160706, 0.7887306809425354, 0.774585485458374, 0.8005254864692688]"
253,MEDQA,7.601228571729735e-05,2.7529822546057403e-05,8.799059287412092e-06,0.9997593760490417,0.00012829501065425575,3,6.386874198913574,False,"['STAT', 'TEXT', 'STAT', 'STAT', 'PBMD']","[468502519162946096, 468502519162308018, 468502519162761571, 468502519162816687, 468502519163528630]","[0.7806998491287231, 0.7895134687423706, 0.7753214240074158, 0.7760938405990601, 0.7774565815925598]"
254,MEDQA,0.9999905824661255,4.565947619994404e-06,2.785246238090622e-07,3.668842282422702e-06,9.721463811729336e-07,0,6.856321811676025,False,"['PBMD', 'PBMD', 'PBMD', 'PBMD', 'PBMD']","[468502519163609192, 468502519163524516, 468502519163900640, 468502519163127498, 468502519163624837]","[0.7779169082641602, 0.7886490225791931, 0.7660835981369019, 0.8031980991363525, 0.7803440093994141]"
255,MEDQA,4.356649697001558e-06,1.723088280414231e-05,0.9999427795410156,1.8342179828323424e-05,1.723088280414231e-05,2,4.771911144256592,False,"['PBMD', 'PBMD', 'PBMD', 'PBMD', 'PBMD']","[468502519163897777, 468502519163599352, 468502519163613565, 468502519163661567, 468502519163703364]","[0.8227722644805908, 0.8055400848388672, 0.8189637064933777, 0.8183110952377319, 0.8084746599197388]"
256,MEDQA,1.0128836947842501e-05,2.0783023501280695e-05,0.9998759031295776,6.108469824539497e-05,3.2189374906010926e-05,3,6.908620595932007,False,"['PBMD', 'PBMD', 'PBMD', 'PBMD', 'PBMD']","[468502519163201847, 468502519163915658, 468502519163777023, 468502519163760032, 468502519163971219]","[0.7764483690261841, 0.7821066379547119, 0.7716854810714722, 0.7736665606498718, 0.7758260369300842]"
257,MEDQA,6.083536163714598e-07,1.6536765770069906e-06,3.2562823548687447e-07,0.9999904632568359,6.962238330743276e-06,3,6.5538904666900635,False,"['TEXT', 'PBMD', 'PBMD', 'PBMD', 'PBMD']","[468502519162354834, 468502519163345188, 468502519163534200, 468502519163006562, 468502519163660252]","[0.8351868391036987, 0.8319897651672363, 0.8255575299263, 0.8241349458694458, 0.8279504776000977]"
258,MEDQA,1.4284517419582698e-05,0.9999157190322876,6.9617180997738615e-06,4.494822860579006e-06,5.851788955624215e-05,4,7.381405830383301,False,"['PBMD', 'PBMD', 'PBMD', 'PBMD', 'PBMD']","[468502519163883266, 468502519163961707, 468502519163719420, 468502519163254871, 468502519163538286]","[0.7846013903617859, 0.8196332454681396, 0.8243522644042969, 0.7832348942756653, 0.800284206867218]"
259,MEDQA,1.444973918296455e-07,2.6995667212759145e-07,2.1024249008405604e-07,0.9999957084655762,3.7266372601152398e-06,3,5.85126519203186,False,"['PBMD', 'STAT', 'TEXT', 'TEXT', 'PBMD']","[468502519163982883, 468502519162477636, 468502519162354581, 468502519162354583, 468502519163719158]","[0.806972861289978, 0.8014639616012573, 0.805329442024231, 0.7945237159729004, 0.7945268154144287]"
260,MEDQA,4.3315114453434944e-05,2.7748705178964883e-05,3.373384606675245e-05,0.9998661279678345,2.9080392778269015e-05,2,6.564510107040405,False,"['TEXT', 'PBMD', 'PBMD', 'TEXT', 'STAT']","[468502519162310228, 468502519163237534, 468502519163752894, 468502519162387135, 468502519162961957]","[0.7669321298599243, 0.7622438073158264, 0.7563403248786926, 0.7710905075073242, 0.7594733238220215]"
261,MEDQA,5.648776641464792e-05,4.907741822535172e-05,0.999763548374176,5.8280878874938935e-05,7.253172225318849e-05,2,5.961306095123291,False,"['PBMD', 'STAT', 'PBMD', 'TEXT', 'PBMD']","[468502519163978855, 468502519162695097, 468502519163740590, 468502519162383450, 468502519163428069]","[0.7921451926231384, 0.781426191329956, 0.782698392868042, 0.7947875261306763, 0.7817574143409729]"
262,MEDQA,3.840292265522294e-06,7.402357368846424e-06,2.89880472337245e-06,0.9987886548042297,0.0011971943313255906,4,8.145743370056152,False,"['PBMD', 'PBMD', 'PBMD', 'PBMD', 'PBMD']","[468502519163372126, 468502519163651533, 468502519162992610, 468502519163939821, 468502519163811366]","[0.8132487535476685, 0.8054323792457581, 0.8171341419219971, 0.8253400921821594, 0.8113471269607544]"
263,MEDQA,0.00039576407289132476,8.804856042843312e-05,0.9983168840408325,0.0011826875852420926,1.667358992563095e-05,2,7.976188898086548,False,"['STAT', 'STAT', 'TEXT', 'PBMD', 'STAT']","[468502519162768933, 468502519162798724, 468502519162362222, 468502519163637919, 468502519162768935]","[0.7660384178161621, 0.7792012691497803, 0.7999639511108398, 0.7629963159561157, 0.783263087272644]"
264,MEDQA,0.9998782873153687,9.079451956495177e-06,4.35636866313871e-06,0.00010071188444271684,7.52713003748795e-06,0,7.184401988983154,False,"['PBMD', 'PBMD', 'PBMD', 'PBMD', 'PBMD']","[468502519163112929, 468502519163321890, 468502519163163711, 468502519163741106, 468502519163277117]","[0.813026487827301, 0.7904108166694641, 0.8102676868438721, 0.8046334385871887, 0.7899851202964783]"
265,MEDQA,1.2805015103367623e-05,0.9999513626098633,5.093483196105808e-06,1.9832796169794165e-05,1.0952709999401122e-05,4,7.029058456420898,False,"['PBMD', 'PBMD', 'PBMD', 'PBMD', 'PBMD']","[468502519163865214, 468502519163756401, 468502519163618968, 468502519163692965, 468502519163586130]","[0.8269528746604919, 0.7885068655014038, 0.7922776341438293, 0.7994168996810913, 0.7953066825866699]"
266,MEDQA,0.0006804443546570837,0.0006087562069296837,0.00028868153458461165,0.9751281142234802,0.023293953388929367,1,7.086994409561157,False,"['TEXT', 'TEXT', 'TEXT', 'PBMD', 'PBMD']","[468502519162400922, 468502519162329169, 468502519162329217, 468502519163994189, 468502519162995453]","[0.8084421157836914, 0.8191328048706055, 0.8353251814842224, 0.7969542741775513, 0.8057896494865417]"
267,MEDQA,0.2,0.2,0.2,0.2,0.2,4,10.322848081588745,True,"['PBMD', 'PBMD', 'PBMD', 'PBMD', 'PBMD']","[468502519163353298, 468502519163823014, 468502519163449308, 468502519163492664, 468502519163318398]","[0.7743839025497437, 0.7944445610046387, 0.771703839302063, 0.8061039447784424, 0.790572464466095]"
268,MEDQA,7.295998784684343e-06,9.665627658250742e-06,5.014461748942267e-06,3.748889866983518e-05,0.9999405145645142,4,6.559680700302124,False,"['STAT', 'STAT', 'TEXT', 'TEXT', 'STAT']","[468502519162926376, 468502519162935070, 468502519162328017, 468502519162360434, 468502519162777119]","[0.7875397205352783, 0.8055532574653625, 0.8108212351799011, 0.8279780745506287, 0.7890055179595947]"
269,MEDQA,7.811040063643304e-07,1.3287026376929134e-06,4.7376349243677396e-07,0.999942421913147,5.497393794939853e-05,3,8.360642433166504,False,"['PBMD', 'PBMD', 'PBMD', 'PBMD', 'PBMD']","[468502519163897150, 468502519163585925, 468502519163705993, 468502519163183684, 468502519163874596]","[0.798952579498291, 0.809186577796936, 0.7965012192726135, 0.798861026763916, 0.8091838359832764]"
270,MEDQA,6.746371127519524e-06,1.2216100003570318e-05,0.9997442364692688,0.0001055309985531494,0.00013133545871824026,2,8.659590482711792,False,"['PBMD', 'PBMD', 'PBMD', 'PBMD', 'PBMD']","[468502519163469650, 468502519163841850, 468502519163579610, 468502519163190854, 468502519163218151]","[0.8046445846557617, 0.811187744140625, 0.8223448991775513, 0.8068195581436157, 0.8051059246063232]"
271,MEDQA,2.9762361009488814e-05,2.211750870628748e-05,4.830908073927276e-05,0.9996090531349182,0.00029077258659526706,1,6.8047497272491455,False,"['PBMD', 'PBMD', 'PBMD', 'PBMD', 'PBMD']","[468502519163689853, 468502519163002550, 468502519163284108, 468502519163746265, 468502519163801501]","[0.8192675709724426, 0.8111750483512878, 0.8206906318664551, 0.8142901659011841, 0.8189517259597778]"
272,MEDQA,3.089344090767554e-06,9.515850251773372e-06,0.999948263168335,3.120127075817436e-05,7.8889161159168e-06,2,5.92199444770813,False,"['STAT', 'STAT', 'PBMD', 'PBMD', 'STAT']","[468502519162733885, 468502519162733867, 468502519163032648, 468502519163439274, 468502519162733882]","[0.8024840354919434, 0.7900597453117371, 0.7878597974777222, 0.7887147068977356, 0.7723158001899719]"
273,MEDQA,1.914282563575398e-07,3.0590146593567624e-07,2.6165142230638594e-07,0.9999972581863403,2.0580475847964408e-06,0,5.174463272094727,False,"['PBMD', 'PBMD', 'PBMD', 'PBMD', 'PBMD']","[468502519163978855, 468502519163659496, 468502519163872852, 468502519163943332, 468502519163770117]","[0.7768075466156006, 0.764466404914856, 0.7675063610076904, 0.7710044980049133, 0.7840533256530762]"
274,MEDQA,0.9999861717224121,1.0616100553306751e-05,1.6536695284230518e-06,1.2289028745726682e-06,4.05249124924012e-07,0,6.035927057266235,False,"['STAT', 'PBMD', 'PBMD', 'TEXT', 'PBMD']","[468502519162946130, 468502519163123299, 468502519163531251, 468502519162385560, 468502519163186963]","[0.7955470085144043, 0.792417049407959, 0.7905800938606262, 0.7836695909500122, 0.7833405137062073]"
275,MEDQA,0.9999945163726807,2.0904515167785576e-06,1.3156622458154743e-07,2.6425782380101737e-06,6.179362799230148e-07,0,5.238284111022949,False,"['PBMD', 'PBMD', 'PBMD', 'PBMD', 'PBMD']","[468502519163774107, 468502519163458091, 468502519163435216, 468502519163607255, 468502519163758345]","[0.8010743856430054, 0.8007572293281555, 0.7977503538131714, 0.8067077398300171, 0.811020016670227]"
276,MEDQA,0.9153558015823364,0.000394282687921077,0.012655132450163364,0.004044823348522186,0.06754995882511139,2,10.78729772567749,False,"['PBMD', 'PBMD', 'PBMD', 'PBMD', 'PBMD']","[468502519163946984, 468502519163950070, 468502519163556989, 468502519163560544, 468502519163554282]","[0.8064382672309875, 0.802409827709198, 0.8037453293800354, 0.8058918714523315, 0.8064915537834167]"
277,MEDQA,1.4592779962185887e-06,1.2481866633606842e-06,1.6027032643251005e-06,0.9999312162399292,6.452187517425045e-05,3,6.064357757568359,False,"['PBMD', 'PBMD', 'PBMD', 'STAT', 'PBMD']","[468502519163752129, 468502519163702647, 468502519163714406, 468502519162455152, 468502519163056929]","[0.8196188807487488, 0.8219283819198608, 0.8228611350059509, 0.8202652335166931, 0.8125861883163452]"
278,MEDQA,0.9999618530273438,7.2961543082783464e-06,3.256189131661813e-07,3.0241719287005253e-05,1.9142147777984064e-07,0,7.6515209674835205,False,"['PBMD', 'TEXT', 'PBMD', 'PBMD', 'PBMD']","[468502519163773160, 468502519162328244, 468502519163274615, 468502519163700092, 468502519163354939]","[0.7714440822601318, 0.7728924751281738, 0.7719770669937134, 0.7743204236030579, 0.7714587450027466]"
279,MEDQA,7.888790605647955e-06,0.9999322891235352,1.9945987332903314e-06,2.796819171635434e-05,2.9771985282422975e-05,1,8.397660970687866,False,"['TEXT', 'TEXT', 'TEXT', 'TEXT', 'TEXT']","[468502519162329155, 468502519162395135, 468502519162391174, 468502519162390966, 468502519162419047]","[0.7681057453155518, 0.7648114562034607, 0.762660801410675, 0.7783439755439758, 0.7661623954772949]"
280,MEDQA,8.059399760895758e-07,0.9999934434890747,4.592107529788336e-07,2.857305389625253e-06,2.3320646960200975e-06,1,9.20668077468872,False,"['PBMD', 'PBMD', 'PBMD', 'PBMD', 'PBMD']","[468502519163002167, 468502519163706311, 468502519163207751, 468502519163453603, 468502519163199838]","[0.7526211142539978, 0.7381278276443481, 0.732897937297821, 0.7344395518302917, 0.7327231764793396]"
281,MEDQA,3.80693762735973e-07,6.893473596392141e-07,3.466256544015778e-07,0.9999794960021973,1.9073549992754124e-05,3,7.302367687225342,False,"['PBMD', 'TEXT', 'PBMD', 'TEXT', 'PBMD']","[468502519163598979, 468502519162329706, 468502519163749165, 468502519162385557, 468502519163321193]","[0.7900351285934448, 0.7881436347961426, 0.7959727644920349, 0.7928504943847656, 0.8036528825759888]"
282,MEDQA,0.9999779462814331,1.1125485798402224e-05,7.338053364946973e-07,8.013386832317337e-06,2.260279643451213e-06,0,4.9051268100738525,False,"['PBMD', 'PBMD', 'PBMD', 'TEXT', 'PBMD']","[468502519163622636, 468502519163903864, 468502519163349206, 468502519162357299, 468502519163481551]","[0.7646266222000122, 0.761335015296936, 0.7591145634651184, 0.7754682302474976, 0.7713199853897095]"
283,MEDQA,9.51493075262988e-06,0.9998517036437988,3.7261004308675183e-06,9.91478591458872e-05,3.590897540561855e-05,0,5.736091613769531,False,"['PBMD', 'PBMD', 'PBMD', 'PBMD', 'PBMD']","[468502519163344806, 468502519163782227, 468502519163992105, 468502519163736563, 468502519163227052]","[0.809341311454773, 0.806657075881958, 0.806327760219574, 0.7899882197380066, 0.7955971360206604]"
284,MEDQA,0.0001804427884053439,0.00010141092207049951,8.879836968844756e-05,0.0006459637079387903,0.9989833235740662,1,7.755215883255005,False,"['TEXT', 'PBMD', 'TEXT', 'PBMD', 'PBMD']","[468502519162391082, 468502519163881669, 468502519162391174, 468502519163691021, 468502519163774100]","[0.7914008498191833, 0.7821723818778992, 0.7743628621101379, 0.768850564956665, 0.8077272176742554]"
285,MEDQA,0.9999704360961914,6.048776413081214e-06,2.8736013746311073e-07,1.593640263308771e-05,7.296217063412769e-06,3,8.96346640586853,False,"['PBMD', 'TEXT', 'PBMD', 'TEXT', 'STAT']","[468502519163800061, 468502519162416847, 468502519163080704, 468502519162416848, 468502519162440151]","[0.7779053449630737, 0.7955813407897949, 0.7767654061317444, 0.7715474963188171, 0.7903047800064087]"
286,MEDQA,5.043389705861046e-07,1.0676856163627235e-06,2.169134774021586e-07,0.9999827146530151,1.544628139527049e-05,3,3.3262994289398193,False,"['PBMD', 'PBMD', 'PBMD', 'PBMD', 'PBMD']","[468502519163842133, 468502519163864462, 468502519163687948, 468502519163694715, 468502519163873613]","[0.8273159265518188, 0.8117696046829224, 0.8168582916259766, 0.8129719495773315, 0.8080219030380249]"
287,MEDQA,2.752039654296823e-05,0.9994170665740967,0.0001940376969287172,0.0001022506839944981,0.0002590743242762983,0,9.299248218536377,False,"['PBMD', 'PBMD', 'STAT', 'PBMD', 'PBMD']","[468502519163908248, 468502519163644517, 468502519162794833, 468502519163718587, 468502519163809346]","[0.7746354937553406, 0.7799171805381775, 0.7719684839248657, 0.7809264659881592, 0.8187788128852844]"
288,MEDQA,0.00010268837650073692,0.999782145023346,1.2802848686988e-05,1.1840698789455928e-05,9.06221684999764e-05,1,4.803512334823608,False,"['PBMD', 'TEXT', 'STAT', 'PBMD', 'PBMD']","[468502519163542672, 468502519162363036, 468502519162460992, 468502519163271729, 468502519163425547]","[0.8162340521812439, 0.8178971409797668, 0.7989903688430786, 0.8178778886795044, 0.8347429037094116]"
289,MEDQA,1.963683189387666e-06,1.6796271893326775e-06,8.990396622721164e-07,0.9999363422393799,5.909337414777838e-05,3,9.32337498664856,False,"['PBMD', 'TEXT', 'PBMD', 'PBMD', 'TEXT']","[468502519163960938, 468502519162381500, 468502519163845581, 468502519163053574, 468502519162381513]","[0.8161156177520752, 0.8226925134658813, 0.805220365524292, 0.803816556930542, 0.8222889304161072]"
290,MEDQA,0.9997959733009338,3.590697451727465e-05,1.1123461263196077e-05,8.647348295198753e-05,7.05775964888744e-05,1,8.606438636779785,False,"['PBMD', 'PBMD', 'PBMD', 'PBMD', 'STAT']","[468502519163930660, 468502519163874211, 468502519163609335, 468502519163768780, 468502519162757859]","[0.7587924003601074, 0.7602325081825256, 0.7582732439041138, 0.7626537680625916, 0.7582579851150513]"
291,MEDQA,0.9999818801879883,7.76687102188589e-06,2.9648532517967396e-07,3.844880211545387e-06,6.339135779853677e-06,0,7.544515609741211,False,"['PBMD', 'PBMD', 'PBMD', 'PBMD', 'PBMD']","[468502519163768891, 468502519163977830, 468502519163538069, 468502519163939555, 468502519163677802]","[0.7733703255653381, 0.7755475044250488, 0.7965084314346313, 0.7842947244644165, 0.7742655277252197]"
292,MEDQA,1.4393686797120608e-05,1.1386343430785928e-05,2.368133891650359e-06,0.9997166991233826,0.0002551342186052352,3,5.4913506507873535,False,"['PBMD', 'STAT', 'TEXT', 'PBMD', 'PBMD']","[468502519163611876, 468502519162779121, 468502519162411298, 468502519163186083, 468502519163562329]","[0.8171277642250061, 0.779201865196228, 0.7861946821212769, 0.7779996395111084, 0.7941775321960449]"
293,MEDQA,0.9999815225601196,7.071814707160229e-06,9.132387503996142e-07,6.540359208884183e-06,3.966928488807753e-06,0,7.125164031982422,False,"['TEXT', 'PBMD', 'PBMD', 'PBMD', 'PBMD']","[468502519162391888, 468502519163532602, 468502519163700081, 468502519163760771, 468502519163883425]","[0.7838436365127563, 0.7728465795516968, 0.7682573199272156, 0.7578272819519043, 0.7583076357841492]"
294,MEDQA,0.9988800883293152,0.00013538736675400287,5.13872473675292e-05,0.0008309695404022932,0.0001021957432385534,0,7.421865463256836,False,"['PBMD', 'PBMD', 'PBMD', 'TEXT', 'PBMD']","[468502519163117505, 468502519163643662, 468502519163252341, 468502519162383038, 468502519163857372]","[0.786576509475708, 0.8026825785636902, 0.7703590393066406, 0.7743402719497681, 0.7708011269569397]"
295,MEDQA,2.8129120437370148e-06,0.9999597072601318,6.083349148866546e-07,4.6377081162063405e-06,3.219207064830698e-05,1,6.01519250869751,False,"['PBMD', 'PBMD', 'PBMD', 'PBMD', 'PBMD']","[468502519163938918, 468502519163869774, 468502519163561202, 468502519163286480, 468502519163247095]","[0.7847753763198853, 0.7916997075080872, 0.7768979072570801, 0.7899173498153687, 0.7901090383529663]"
296,MEDQA,0.9997482895851135,6.0129998018965125e-05,9.513946679362562e-06,0.00010719330748543143,7.483299123123288e-05,0,7.547788858413696,False,"['PBMD', 'PBMD', 'PBMD', 'PBMD', 'PBMD']","[468502519163726611, 468502519163631126, 468502519163862612, 468502519163969418, 468502519163913497]","[0.7744970321655273, 0.7776477336883545, 0.804279625415802, 0.7834014892578125, 0.7689170837402344]"
297,MEDQA,1.2804999641957693e-05,1.750236151565332e-05,2.561161181802163e-06,0.9999501705169678,1.6963867892627604e-05,3,8.316751956939697,False,"['PBMD', 'PBMD', 'PBMD', 'PBMD', 'STAT']","[468502519163194658, 468502519163768391, 468502519163698598, 468502519163285439, 468502519162863261]","[0.7877174019813538, 0.7945151925086975, 0.7898774147033691, 0.7992939949035645, 0.7929686903953552]"
298,MEDQA,1.0348343266741722e-06,1.873842961686023e-06,1.6027827314246679e-06,1.4738916433998384e-05,0.9999808073043823,4,7.877233982086182,False,"['PBMD', 'TEXT', 'PBMD', 'PBMD', 'PBMD']","[468502519163733110, 468502519162365805, 468502519163870485, 468502519163412025, 468502519163409637]","[0.7603955268859863, 0.7617018818855286, 0.7913053035736084, 0.767356276512146, 0.7623876333236694]"
299,MEDQA,2.7522126401891e-05,0.9994798302650452,1.0610724530124571e-05,0.00023315628641285002,0.00024892177316360176,1,4.539256572723389,False,"['PBMD', 'PBMD', 'PBMD', 'PBMD', 'PBMD']","[468502519163406579, 468502519163871405, 468502519163445444, 468502519163674652, 468502519163611135]","[0.8009899854660034, 0.779751718044281, 0.7711073160171509, 0.7642266154289246, 0.7674257755279541]"
300,MEDQA,0.0004858111497014761,0.0005696372245438397,0.001116385217756033,0.0005619021831080317,0.9972662925720215,3,5.776072263717651,False,"['STAT', 'PBMD', 'STAT', 'PBMD', 'STAT']","[468502519162973048, 468502519163981605, 468502519162477455, 468502519163223832, 468502519162931229]","[0.7504230737686157, 0.740451991558075, 0.7452846169471741, 0.7458361983299255, 0.7464736700057983]"
301,MEDQA,1.7228017895831726e-05,0.9997765421867371,5.86153828407987e-06,1.805481042538304e-05,0.00018234709568787366,3,6.605072736740112,False,"['PBMD', 'PBMD', 'PBMD', 'PBMD', 'PBMD']","[468502519163859662, 468502519163385733, 468502519163079618, 468502519163564585, 468502519163797633]","[0.8010701537132263, 0.7840420007705688, 0.7835306525230408, 0.7925761938095093, 0.7958768606185913]"
302,MEDQA,0.9999799728393555,1.3211868463258725e-05,6.681387390017335e-07,4.157298917562002e-06,1.903350153042993e-06,0,4.606206893920898,False,"['PBMD', 'PBMD', 'STAT', 'PBMD', 'PBMD']","[468502519163684676, 468502519163318225, 468502519162458840, 468502519163175980, 468502519163140271]","[0.7782421112060547, 0.7829384207725525, 0.7706713080406189, 0.7694809436798096, 0.7739031314849854]"
303,MEDQA,0.9922389984130859,0.0002397494245087728,8.157062984537333e-05,9.686752309789881e-05,0.0073427543975412846,3,8.472453355789185,False,"['PBMD', 'PBMD', 'PBMD', 'PBMD', 'PBMD']","[468502519163738874, 468502519163790247, 468502519163210245, 468502519163960909, 468502519163938538]","[0.8048523664474487, 0.8079017996788025, 0.7981788516044617, 0.7896060943603516, 0.7913194298744202]"
304,MEDQA,0.999953031539917,2.75351558229886e-05,4.092735252925195e-06,9.665748621046077e-06,5.682200480805477e-06,0,6.214330196380615,False,"['PBMD', 'PBMD', 'PBMD', 'PBMD', 'PBMD']","[468502519163390499, 468502519163376006, 468502519163662521, 468502519163010132, 468502519163985634]","[0.8023921847343445, 0.7947295308113098, 0.8007397651672363, 0.7926773428916931, 0.786268949508667]"
305,MEDQA,7.18161072654766e-06,0.9997631907463074,9.816099009185564e-06,0.00013236803351901472,8.748993423068896e-05,1,4.972234725952148,False,"['TEXT', 'TEXT', 'STAT', 'PBMD', 'PBMD']","[468502519162357637, 468502519162308082, 468502519162876558, 468502519163321708, 468502519163267953]","[0.7509678602218628, 0.7333511114120483, 0.7323214411735535, 0.7488396763801575, 0.7354787588119507]"
306,MEDQA,3.1380654945678543e-06,4.0928084672486875e-06,4.784978045790922e-06,1.709727439447306e-05,0.9999709129333496,2,8.594653606414795,False,"['PBMD', 'PBMD', 'TEXT', 'PBMD', 'PBMD']","[468502519163978855, 468502519163727846, 468502519162390647, 468502519163875495, 468502519163507907]","[0.7844323515892029, 0.7765694856643677, 0.777050793170929, 0.7892296314239502, 0.7835423350334167]"
307,MEDQA,5.594031790678855e-06,1.4738309801032301e-05,2.260193014080869e-06,0.9999396800994873,3.763559288927354e-05,2,4.28899073600769,False,"['PBMD', 'PBMD', 'PBMD', 'PBMD', 'PBMD']","[468502519163735678, 468502519163281818, 468502519163701129, 468502519163171640, 468502519162993722]","[0.7605894207954407, 0.7640368938446045, 0.7572853565216064, 0.7682948112487793, 0.8018317222595215]"
308,MEDQA,2.1907051177549874e-06,5.093542313261423e-06,0.9999629259109497,1.2218772099004127e-05,1.7502583432360552e-05,2,9.63339638710022,False,"['PBMD', 'PBMD', 'PBMD', 'PBMD', 'PBMD']","[468502519163997529, 468502519163942747, 468502519163530195, 468502519163574095, 468502519163548729]","[0.819934070110321, 0.8158612847328186, 0.8287353515625, 0.8245652318000793, 0.8115159869194031]"
309,MEDQA,0.9999140501022339,6.33870604360709e-06,2.1232003746263217e-06,6.922067404957488e-05,8.26723135105567e-06,3,6.177377462387085,False,"['STAT', 'TEXT', 'STAT', 'STAT', 'TEXT']","[468502519162433702, 468502519162365319, 468502519162445193, 468502519162916252, 468502519162308040]","[0.7596742510795593, 0.7764443159103394, 0.7631059288978577, 0.7600389122962952, 0.7663419842720032]"
310,MEDQA,9.223374945577234e-06,0.9999804496765137,1.4144503666102537e-06,4.7850235205260105e-06,4.222768438921776e-06,1,8.3557710647583,False,"['PBMD', 'PBMD', 'PBMD', 'PBMD', 'PBMD']","[468502519163545673, 468502519163868827, 468502519163665933, 468502519163746950, 468502519163682209]","[0.7859361171722412, 0.8324112892150879, 0.796386182308197, 0.7899473905563354, 0.7872409820556641]"
311,MEDQA,4.052512565522193e-07,5.043433475293568e-07,1.798291435761712e-07,0.9999914169311523,7.5279817792761605e-06,3,10.138062000274658,False,"['PBMD', 'PBMD', 'TEXT', 'PBMD', 'PBMD']","[468502519163798770, 468502519163250380, 468502519162306428, 468502519163474738, 468502519163831488]","[0.7934513092041016, 0.7772225141525269, 0.777289867401123, 0.7963838577270508, 0.7930600047111511]"
312,MEDQA,1.1364846841388498e-06,1.7602220623302856e-06,7.337697525144904e-07,0.9999294281005859,6.696109630865976e-05,1,9.656581401824951,False,"['PBMD', 'PBMD', 'TEXT', 'TEXT', 'STAT']","[468502519163962854, 468502519163295444, 468502519162347577, 468502519162345163, 468502519162475945]","[0.7779746651649475, 0.7684732675552368, 0.7736621499061584, 0.7696307897567749, 0.7703065872192383]"
313,MEDQA,3.2886082408367656e-06,0.9999538660049438,2.1906851088715484e-06,8.939364306570496e-06,3.169279807480052e-05,1,5.516533851623535,False,"['PBMD', 'PBMD', 'PBMD', 'PBMD', 'TEXT']","[468502519163897008, 468502519163811176, 468502519163887593, 468502519163707510, 468502519162396912]","[0.7748463153839111, 0.746955156326294, 0.7478679418563843, 0.7461015582084656, 0.7772433161735535]"
314,MEDQA,0.00044312531827017665,0.9970963001251221,0.00023351062554866076,0.0002564612659625709,0.0019704950973391533,0,7.675701141357422,False,"['PBMD', 'PBMD', 'PBMD', 'PBMD', 'PBMD']","[468502519163021397, 468502519163338488, 468502519163080842, 468502519163337682, 468502519163546920]","[0.7861363887786865, 0.7731716632843018, 0.7596491575241089, 0.7713013887405396, 0.7595032453536987]"
315,MEDQA,5.0146122703154106e-06,0.999970555305481,1.1125403943879064e-05,8.39789481688058e-06,5.0146122703154106e-06,1,9.533153533935547,False,"['PBMD', 'PBMD', 'PBMD', 'PBMD', 'PBMD']","[468502519163888742, 468502519163542002, 468502519163838554, 468502519163130936, 468502519163658102]","[0.8187994360923767, 0.8233411908149719, 0.8158252835273743, 0.8198047280311584, 0.8119863271713257]"
316,MEDQA,9.162776404991746e-05,0.00046170304995030165,0.9990992546081543,0.0002452086191624403,0.00010221816773992032,0,8.16806674003601,False,"['PBMD', 'PBMD', 'PBMD', 'PBMD', 'TEXT']","[468502519163937364, 468502519163659273, 468502519163992846, 468502519163790042, 468502519162370387]","[0.7863771319389343, 0.7927676439285278, 0.7914921045303345, 0.7961283922195435, 0.7886221408843994]"
317,MEDQA,7.409524187096395e-06,1.7498956367489882e-05,0.9997556805610657,1.9218843590351753e-05,0.0002002649416681379,1,8.455876588821411,False,"['PBMD', 'PBMD', 'PBMD', 'PBMD', 'PBMD']","[468502519163611878, 468502519163877080, 468502519163123714, 468502519163869413, 468502519163671554]","[0.778190553188324, 0.780081033706665, 0.7781133055686951, 0.7850044369697571, 0.7796699404716492]"
318,MEDQA,9.167327516479418e-05,0.00012928004434797913,0.9995954632759094,5.827108179801144e-05,0.0001253025111509487,2,5.861879587173462,False,"['PBMD', 'PBMD', 'PBMD', 'PBMD', 'TEXT']","[468502519163732657, 468502519163864184, 468502519163658572, 468502519163978855, 468502519162370227]","[0.7683119177818298, 0.7561608552932739, 0.753284752368927, 0.7609708309173584, 0.7638057470321655]"
319,MEDQA,6.961849067010917e-06,1.834202885220293e-05,0.9999345541000366,1.2606280506588519e-05,2.7534646505955607e-05,1,9.121041297912598,False,"['PBMD', 'TEXT', 'PBMD', 'PBMD', 'PBMD']","[468502519163627391, 468502519162362240, 468502519163363944, 468502519163765778, 468502519162998698]","[0.7809979915618896, 0.7990607619285583, 0.8023757934570312, 0.7781064510345459, 0.7736501693725586]"
320,MEDQA,6.960654445720138e-06,6.107780063757673e-05,0.9997629523277283,7.140718662412837e-05,9.760204557096586e-05,3,7.628378391265869,False,"['TEXT', 'PBMD', 'PBMD', 'STAT', 'TEXT']","[468502519162414135, 468502519163256132, 468502519163194632, 468502519162983972, 468502519162414328]","[0.7949403524398804, 0.7846274375915527, 0.7843276262283325, 0.8220715522766113, 0.8004348278045654]"
321,MEDQA,9.75037255557254e-05,0.9987558126449585,6.197713810252026e-05,0.0002933754294645041,0.0007912711007520556,0,8.378425121307373,False,"['PBMD', 'PBMD', 'PBMD', 'PBMD', 'PBMD']","[468502519163188285, 468502519163153145, 468502519163994184, 468502519163970578, 468502519163957295]","[0.8059321641921997, 0.7894989252090454, 0.7832677364349365, 0.7938555479049683, 0.7848424911499023]"
322,MEDQA,1.9032545424124692e-06,1.392450712955906e-06,8.578640517953318e-07,0.9999297857284546,6.605187081731856e-05,3,7.139864444732666,False,"['TEXT', 'PBMD', 'PBMD', 'TEXT', 'PBMD']","[468502519162392811, 468502519163979332, 468502519163324516, 468502519162390647, 468502519163627457]","[0.8023480176925659, 0.7784016132354736, 0.787310779094696, 0.7840989232063293, 0.7787095308303833]"
323,MEDQA,1.2501523150021399e-09,2.3355919420708915e-09,1.2501523150021399e-09,4.450850497050851e-07,0.9999995231628418,2,10.659714937210083,False,"['PBMD', 'PBMD', 'TEXT', 'PBMD', 'PBMD']","[468502519163674585, 468502519163454707, 468502519162297132, 468502519163323528, 468502519163909215]","[0.8031063079833984, 0.7765114903450012, 0.7705719470977783, 0.7750540971755981, 0.771978497505188]"
324,MEDQA,0.9959660768508911,0.0011214816477149725,0.0001964127877727151,0.001029129372909665,0.00168683473020792,0,10.035447359085083,False,"['PBMD', 'PBMD', 'PBMD', 'TEXT', 'STAT']","[468502519163390867, 468502519163310052, 468502519163294284, 468502519162415252, 468502519162915760]","[0.774003803730011, 0.7658241391181946, 0.7629923224449158, 0.7705970406532288, 0.765616774559021]"
325,MEDQA,8.139284545904957e-06,2.2827185603091493e-05,0.9999417066574097,1.892440195661038e-05,8.397652891289908e-06,2,9.197596073150635,False,"['PBMD', 'PBMD', 'STAT', 'PBMD', 'STAT']","[468502519163380621, 468502519163328263, 468502519162813958, 468502519163220493, 468502519162750860]","[0.8145490884780884, 0.8107092380523682, 0.8077676296234131, 0.8228588104248047, 0.8023793697357178]"
326,MEDQA,3.9053957152646035e-06,8.251590770669281e-06,1.788020426829462e-06,1.249035540240584e-05,0.9999735355377197,1,5.279963970184326,False,"['STAT', 'STAT', 'STAT', 'STAT', 'STAT']","[468502519162473736, 468502519162948108, 468502519162948112, 468502519162776923, 468502519162817213]","[0.7550631761550903, 0.7554744482040405, 0.7600414156913757, 0.7642711400985718, 0.756095826625824]"
327,MEDQA,9.027314808918163e-05,0.9998295307159424,6.604524241993204e-05,1.1123835065518506e-05,3.088977337029064e-06,0,10.249508380889893,False,"['TEXT', 'PBMD', 'PBMD', 'PBMD', 'PBMD']","[468502519162339565, 468502519163452726, 468502519163329719, 468502519163843804, 468502519163208651]","[0.7678231000900269, 0.7628511786460876, 0.7585203647613525, 0.7733821868896484, 0.7575036287307739]"
328,MEDQA,3.393043016330921e-06,8.66443951963447e-06,7.527794878114946e-06,1.3845734429196455e-05,0.9999666213989258,1,5.4683144092559814,False,"['STAT', 'PBMD', 'PBMD', 'STAT', 'TEXT']","[468502519162757942, 468502519163351836, 468502519163772890, 468502519162848155, 468502519162370945]","[0.7965091466903687, 0.7990797758102417, 0.8028553128242493, 0.7952488660812378, 0.7967312932014465]"
329,MEDQA,2.4057414975686697e-06,0.9998475313186646,1.7059260244423058e-06,1.593444358150009e-05,0.0001323792093899101,1,6.660011529922485,False,"['STAT', 'TEXT', 'TEXT', 'STAT', 'PBMD']","[468502519162852624, 468502519162392014, 468502519162391888, 468502519162852561, 468502519163662521]","[0.7547515630722046, 0.7396296262741089, 0.7552796602249146, 0.7437716126441956, 0.7455174326896667]"
330,MEDQA,5.804820375487907e-07,1.9946701286244206e-06,1.172605948340788e-06,0.9999680519104004,2.8247115551494062e-05,2,5.514904022216797,False,"['PBMD', 'PBMD', 'PBMD', 'PBMD', 'PBMD']","[468502519163285590, 468502519163432346, 468502519163471149, 468502519163389279, 468502519163235970]","[0.7851728200912476, 0.7887645959854126, 0.7904636859893799, 0.7913269400596619, 0.7845566272735596]"
331,MEDQA,4.710823759523919e-06,0.9999772310256958,8.851375241647474e-07,1.406392220815178e-05,3.0894336759956786e-06,1,9.783714294433594,False,"['PBMD', 'PBMD', 'PBMD', 'PBMD', 'PBMD']","[468502519163685571, 468502519163880065, 468502519163779531, 468502519163264359, 468502519163459954]","[0.7822787761688232, 0.7828595042228699, 0.7953970432281494, 0.7884197235107422, 0.794373095035553]"
332,MEDQA,1.5325171261793002e-05,2.3005804905551486e-05,2.482296622474678e-06,0.999923586845398,3.5632092476589605e-05,3,5.259060382843018,False,"['PBMD', 'PBMD', 'PBMD', 'PBMD', 'PBMD']","[468502519163355850, 468502519163269390, 468502519163355851, 468502519163465074, 468502519163571992]","[0.8557909727096558, 0.852525532245636, 0.840712308883667, 0.8501299023628235, 0.8357685804367065]"
333,MEDQA,2.6840559712582035e-06,8.013110345927998e-06,5.09344317833893e-06,4.0693936171010137e-05,0.9999434947967529,4,7.373315811157227,False,"['TEXT', 'PBMD', 'STAT', 'PBMD', 'TEXT']","[468502519162407009, 468502519163111999, 468502519162695125, 468502519163453921, 468502519162365319]","[0.7805891036987305, 0.7820355892181396, 0.7753086090087891, 0.7679076790809631, 0.7710608243942261]"
334,MEDQA,0.0037010759115219116,0.9792124032974243,0.01037992350757122,0.0020280221942812204,0.00467859860509634,1,6.8177196979522705,False,"['STAT', 'STAT', 'STAT', 'STAT', 'PBMD']","[468502519162889568, 468502519162707632, 468502519162878207, 468502519162877471, 468502519163668088]","[0.7740817070007324, 0.7775187492370605, 0.787482738494873, 0.7850115299224854, 0.7701166272163391]"
335,MEDQA,3.966896656493191e-06,0.9999735355377197,2.0579986994562205e-06,1.0952952834486496e-05,9.51609035837464e-06,1,5.098727703094482,False,"['STAT', 'PBMD', 'STAT', 'PBMD', 'PBMD']","[468502519162803944, 468502519163316023, 468502519162808005, 468502519163400463, 468502519163299409]","[0.7892337441444397, 0.7628898620605469, 0.7709659934043884, 0.7614765167236328, 0.7810404896736145]"
336,MEDQA,6.704264524159953e-05,0.9991936087608337,2.9749991881544702e-05,0.00010967443813569844,0.0005998833221383393,0,6.438194274902344,False,"['STAT', 'PBMD', 'PBMD', 'PBMD', 'PBMD']","[468502519162894368, 468502519163611320, 468502519163628941, 468502519163555438, 468502519163543292]","[0.7840635180473328, 0.7915198802947998, 0.783750057220459, 0.7832626104354858, 0.8061559200286865]"
337,MEDQA,0.9999293088912964,8.397548299399205e-06,7.888766958785709e-06,3.269803346483968e-05,2.1781585019198246e-05,2,6.510586977005005,False,"['PBMD', 'PBMD', 'PBMD', 'PBMD', 'PBMD']","[468502519163393367, 468502519163231523, 468502519163777726, 468502519163530815, 468502519163964818]","[0.8210451602935791, 0.7986539602279663, 0.8081528544425964, 0.8049257397651672, 0.8015766143798828]"
338,MEDQA,2.510998697857758e-08,1.1142490485838152e-08,2.2159488466400035e-08,9.931193289958173e-08,0.9999998807907104,0,10.475027561187744,False,"['TEXT', 'PBMD', 'PBMD', 'TEXT', 'TEXT']","[468502519162329132, 468502519163146388, 468502519163835520, 468502519162360870, 468502519162390845]","[0.7829152345657349, 0.7607588171958923, 0.7599653005599976, 0.762773871421814, 0.7638826370239258]"
339,MEDQA,0.9999126195907593,2.8186994313728064e-05,1.4143544149192167e-06,1.644132862566039e-05,4.133349284529686e-05,0,8.308241367340088,False,"['PBMD', 'PBMD', 'PBMD', 'PBMD', 'PBMD']","[468502519163703083, 468502519163627598, 468502519163819149, 468502519163820878, 468502519163111186]","[0.727420449256897, 0.7596772909164429, 0.7420874834060669, 0.7369653582572937, 0.7178430557250977]"
340,MEDQA,5.953970685368404e-06,1.5933650502120145e-05,0.9997977614402771,0.00010070377174997702,7.966324483277276e-05,4,7.200620412826538,False,"['STAT', 'TEXT', 'TEXT', 'PBMD', 'PBMD']","[468502519162779180, 468502519162329155, 468502519162361685, 468502519163640297, 468502519163149002]","[0.7642937898635864, 0.764603853225708, 0.7693802714347839, 0.7687265872955322, 0.781954824924469]"
341,MEDQA,4.637705842469586e-06,6.5402136897319e-06,0.9999592304229736,1.9525468815118074e-05,9.972634870791808e-06,2,6.021789073944092,False,"['PBMD', 'STAT', 'TEXT', 'PBMD', 'STAT']","[468502519163752096, 468502519162432127, 468502519162295163, 468502519163671058, 468502519162420198]","[0.7732781767845154, 0.7963731288909912, 0.7784116268157959, 0.7661961913108826, 0.766049861907959]"
342,MEDQA,1.6536497469132883e-06,4.784993961948203e-06,2.9022455692029325e-06,0.999974250793457,1.6442341802758165e-05,3,7.215261459350586,False,"['PBMD', 'PBMD', 'PBMD', 'PBMD', 'PBMD']","[468502519163542321, 468502519163684025, 468502519163876844, 468502519163576841, 468502519163862176]","[0.7666993141174316, 0.7709922194480896, 0.7722878456115723, 0.776242733001709, 0.7905737161636353]"
343,MEDQA,1.593590604898054e-05,0.9999393224716187,1.067639232132933e-06,1.8630962586030364e-05,2.5070701667573303e-05,1,7.945132732391357,False,"['TEXT', 'STAT', 'PBMD', 'PBMD', 'TEXT']","[468502519162310597, 468502519162755965, 468502519163941668, 468502519163766610, 468502519162295184]","[0.8021520376205444, 0.7986449599266052, 0.794061541557312, 0.792982280254364, 0.7877732515335083]"
344,MEDQA,0.9998886585235596,4.7573419578839093e-05,1.2217864423291758e-05,4.198339593131095e-05,9.515282727079466e-06,0,6.318810701370239,False,"['PBMD', 'PBMD', 'TEXT', 'TEXT', 'PBMD']","[468502519163472326, 468502519163535018, 468502519162366917, 468502519162367633, 468502519163685808]","[0.801266074180603, 0.844165027141571, 0.7909786701202393, 0.7883927226066589, 0.8010258674621582]"
345,MEDQA,0.999728262424469,0.00013133336324244738,3.071078026550822e-05,0.00010635699436534196,3.2878663205337944e-06,2,5.103485822677612,False,"['PBMD', 'PBMD', 'PBMD', 'PBMD', 'PBMD']","[468502519163997730, 468502519163338488, 468502519163576873, 468502519163169781, 468502519163579818]","[0.7581506967544556, 0.7671716213226318, 0.7589514255523682, 0.7600666284561157, 0.7601662874221802]"
346,MEDQA,0.9998687505722046,8.155819523381069e-05,2.0460664018173702e-05,1.061485363607062e-05,1.8629649275681004e-05,2,4.6580634117126465,False,"['PBMD', 'PBMD', 'PBMD', 'PBMD', 'PBMD']","[468502519163507855, 468502519163260462, 468502519163300116, 468502519163606688, 468502519163706845]","[0.750023603439331, 0.723858118057251, 0.723444938659668, 0.7558054327964783, 0.7254647612571716]"
347,MEDQA,0.9999850988388062,3.7265976970957126e-06,6.475855798271368e-07,5.77186756345327e-06,4.8603997129248455e-06,0,10.677237272262573,False,"['PBMD', 'PBMD', 'PBMD', 'PBMD', 'PBMD']","[468502519163693001, 468502519163106930, 468502519163326605, 468502519163959022, 468502519163822531]","[0.8288208246231079, 0.8151439428329468, 0.8189151287078857, 0.8227444887161255, 0.8154727816581726]"
348,MEDQA,0.9978633522987366,0.00025267942692153156,0.00013524956011679024,0.001475526369176805,0.00027321159723214805,3,7.736565589904785,False,"['PBMD', 'PBMD', 'PBMD', 'PBMD', 'PBMD']","[468502519163994508, 468502519163405278, 468502519163008161, 468502519163751429, 468502519163719036]","[0.810955822467804, 0.762751579284668, 0.7825126051902771, 0.7643173336982727, 0.7724252939224243]"
349,MEDQA,3.0892078939359635e-06,9.222670996678062e-06,0.9999041557312012,6.401802966138348e-05,1.952439379238058e-05,2,9.641603708267212,False,"['PBMD', 'PBMD', 'PBMD', 'TEXT', 'PBMD']","[468502519163472531, 468502519163984607, 468502519163387902, 468502519162313618, 468502519163790247]","[0.818393886089325, 0.7948998212814331, 0.7950631380081177, 0.80299973487854, 0.7949298620223999]"
350,MEDQA,2.2602050648856675e-06,4.565739345707698e-06,2.521440819691634e-06,4.575348430080339e-05,0.9999449253082275,2,8.203860759735107,False,"['TEXT', 'TEXT', 'PBMD', 'STAT', 'PBMD']","[468502519162328136, 468502519162328130, 468502519163249794, 468502519162458179, 468502519163479309]","[0.7903697490692139, 0.7904011011123657, 0.7923434972763062, 0.7923558950424194, 0.7813323736190796]"
351,MEDQA,8.479482494294643e-05,0.9997239708900452,1.5932475434965454e-05,2.9765782528556883e-05,0.00014537214883603156,0,7.897895812988281,False,"['PBMD', 'PBMD', 'PBMD', 'PBMD', 'PBMD']","[468502519163581045, 468502519163266065, 468502519163672656, 468502519163020438, 468502519163827118]","[0.767298698425293, 0.7634786367416382, 0.7625788450241089, 0.7614749670028687, 0.7589541673660278]"
352,MEDQA,3.534526695148088e-05,7.13994013494812e-05,5.264661376713775e-05,0.00018664845265448093,0.9996539354324341,0,7.476805210113525,False,"['PBMD', 'PBMD', 'PBMD', 'PBMD', 'PBMD']","[468502519162996624, 468502519163576079, 468502519163644425, 468502519163974823, 468502519162997835]","[0.8091098666191101, 0.8260283470153809, 0.7958937287330627, 0.8074572086334229, 0.8024388551712036]"
353,MEDQA,3.3928015454876004e-06,5.68187351746019e-06,8.578346069043619e-07,0.999895453453064,9.461168519919738e-05,1,9.000802755355835,False,"['PBMD', 'PBMD', 'PBMD', 'PBMD', 'TEXT']","[468502519163790247, 468502519163525556, 468502519163894810, 468502519163643875, 468502519162396912]","[0.7795463800430298, 0.7685195207595825, 0.775978147983551, 0.7876600623130798, 0.7792407870292664]"
354,MEDQA,4.888171929451346e-07,1.248238618245523e-06,1.172611632682674e-06,0.9999728202819824,2.4300170480273664e-05,3,5.0024964809417725,False,"['TEXT', 'TEXT', 'TEXT', 'PBMD', 'PBMD']","[468502519162388340, 468502519162348164, 468502519162396711, 468502519163678510, 468502519163609036]","[0.7849208116531372, 0.7828450202941895, 0.7836176156997681, 0.7994023561477661, 0.782935619354248]"
355,MEDQA,0.9996656179428101,2.7100470106233843e-05,1.805280589906033e-05,8.154162060236558e-05,0.00020781754574272782,0,8.098325729370117,False,"['STAT', 'TEXT', 'PBMD', 'PBMD', 'PBMD']","[468502519162464137, 468502519162371656, 468502519163809856, 468502519163787135, 468502519163781115]","[0.817425012588501, 0.8017749190330505, 0.8003348112106323, 0.8139469623565674, 0.8003776669502258]"
356,MEDQA,0.999845027923584,8.155625982908532e-05,4.637176061805803e-06,2.5463104975642636e-05,4.3314201320754364e-05,0,4.7913618087768555,False,"['TEXT', 'TEXT', 'PBMD', 'PBMD', 'PBMD']","[468502519162404671, 468502519162370163, 468502519163500576, 468502519163660267, 468502519163704230]","[0.7663655877113342, 0.7596107721328735, 0.7872441411018372, 0.7543624639511108, 0.7722330093383789]"
357,MEDQA,3.500821094348794e-06,0.999987006187439,1.2098514616809553e-06,6.748009127477417e-06,1.5056843949423637e-06,4,9.642094373703003,False,"['TEXT', 'STAT', 'PBMD', 'TEXT', 'PBMD']","[468502519162361056, 468502519162847434, 468502519163874092, 468502519162329169, 468502519163928487]","[0.7761843204498291, 0.7541279196739197, 0.7515666484832764, 0.7592190504074097, 0.7606778740882874]"
358,MEDQA,9.72019620348874e-07,4.936322966386797e-06,1.0347094985263539e-06,0.9998601675033569,0.00013289900380186737,1,4.837873697280884,False,"['STAT', 'STAT', 'STAT', 'STAT', 'TEXT']","[468502519162804451, 468502519162808461, 468502519162829215, 468502519162969467, 468502519162351812]","[0.7977997064590454, 0.8058067560195923, 0.7982826232910156, 0.8009495735168457, 0.7891138792037964]"
359,MEDQA,7.453726311723585e-07,5.043443707108963e-07,3.15610634515906e-07,0.9999934434890747,5.054057965026004e-06,3,7.833369016647339,False,"['PBMD', 'PBMD', 'STAT', 'PBMD', 'PBMD']","[468502519163155968, 468502519163542002, 468502519162787604, 468502519163385288, 468502519163764418]","[0.8122079372406006, 0.7859808802604675, 0.7980480790138245, 0.7849777936935425, 0.7861115336418152]"
360,MEDQA,2.796143598970957e-05,5.410802623373456e-05,0.00011468660522950813,0.9996907711029053,0.00011255076969973743,0,9.361394166946411,False,"['PBMD', 'TEXT', 'TEXT', 'PBMD', 'PBMD']","[468502519163922894, 468502519162369761, 468502519162367120, 468502519163864681, 468502519163823549]","[0.7914139032363892, 0.7811701893806458, 0.7827826738357544, 0.7888205051422119, 0.7768480777740479]"
361,MEDQA,4.355827513791155e-06,2.6419429559609853e-06,0.9997541308403015,0.00023050316667649895,8.396077646466438e-06,0,6.2698974609375,False,"['PBMD', 'TEXT', 'PBMD', 'PBMD', 'TEXT']","[468502519163701341, 468502519162394177, 468502519163691349, 468502519163670902, 468502519162378763]","[0.7719974517822266, 0.7785475254058838, 0.7827590703964233, 0.7736023664474487, 0.7699009776115417]"
362,MEDQA,0.9998583793640137,3.269571243436076e-05,4.637238362192875e-06,7.253860530909151e-05,3.168977127643302e-05,3,7.773134469985962,False,"['STAT', 'PBMD', 'PBMD', 'PBMD', 'PBMD']","[468502519162749091, 468502519163883950, 468502519163620376, 468502519163283193, 468502519163195469]","[0.7521504163742065, 0.7544749975204468, 0.7513126134872437, 0.7559593319892883, 0.7624937295913696]"
363,MEDQA,1.2878792858828092e-06,2.9944087600597413e-06,8.5791253923162e-07,0.9999862909317017,8.53027722769184e-06,3,5.9452965259552,False,"['PBMD', 'PBMD', 'PBMD', 'PBMD', 'PBMD']","[468502519163478318, 468502519163922953, 468502519163905434, 468502519163730109, 468502519163693502]","[0.8091540336608887, 0.8068810701370239, 0.8098798990249634, 0.8148407936096191, 0.8113450407981873]"
364,MEDQA,2.4824173578963382e-06,6.962111456232378e-06,4.710800112661673e-06,1.3631152796733659e-05,0.9999722242355347,0,9.880247831344604,False,"['PBMD', 'PBMD', 'PBMD', 'PBMD', 'STAT']","[468502519163876745, 468502519163583152, 468502519163937166, 468502519163809214, 468502519162802182]","[0.7683149576187134, 0.7582879066467285, 0.7672243118286133, 0.7713281512260437, 0.7547686100006104]"
365,MEDQA,5.36867162281851e-07,5.714921371691162e-07,2.699537446915201e-07,0.999984860420227,1.3738235793425702e-05,3,10.121618509292603,False,"['PBMD', 'PBMD', 'PBMD', 'PBMD', 'PBMD']","[468502519163796711, 468502519163530195, 468502519163997529, 468502519163931999, 468502519163559823]","[0.8073728084564209, 0.7986948490142822, 0.7915074229240417, 0.8089553117752075, 0.7943368554115295]"
366,MEDQA,0.999967098236084,9.665884135756642e-06,1.1726049251592485e-06,1.4970814845582936e-05,7.071712389006279e-06,0,7.883653879165649,False,"['PBMD', 'PBMD', 'PBMD', 'PBMD', 'PBMD']","[468502519163751292, 468502519163678703, 468502519163864178, 468502519163869850, 468502519163885309]","[0.7929928302764893, 0.7951065301895142, 0.799692690372467, 0.7910635471343994, 0.8030858039855957]"
367,MEDQA,0.9998413324356079,4.610755786416121e-05,1.4283455129771028e-05,7.425754301948473e-05,2.3920285457279533e-05,3,6.553572177886963,False,"['PBMD', 'PBMD', 'PBMD', 'PBMD', 'PBMD']","[468502519163963116, 468502519163774636, 468502519163418609, 468502519163519010, 468502519163361246]","[0.8231934905052185, 0.8386768698692322, 0.8176222443580627, 0.8311393857002258, 0.8187092542648315]"
368,MEDQA,1.96376731764758e-06,3.966918939113384e-06,3.2886912322283024e-06,0.9999791383743286,1.1659422852972057e-05,3,7.675291299819946,False,"['TEXT', 'PBMD', 'TEXT', 'PBMD', 'PBMD']","[468502519162311129, 468502519163903565, 468502519162336292, 468502519163910644, 468502519163157170]","[0.8131077885627747, 0.8085508346557617, 0.8110958337783813, 0.8199555277824402, 0.8258296251296997]"
369,MEDQA,2.3686818622081773e-06,6.540140020661056e-06,6.04864089837065e-06,3.7052417610539123e-05,0.9999480247497559,4,4.167307376861572,False,"['TEXT', 'STAT', 'STAT', 'STAT', 'PBMD']","[468502519162296789, 468502519162468738, 468502519162854803, 468502519162782718, 468502519163394887]","[0.782979428768158, 0.7678033113479614, 0.7657908797264099, 0.7618114948272705, 0.7663052678108215]"
370,MEDQA,8.267403245554306e-06,1.5206082025542855e-05,1.3630643479700666e-05,2.7968264475930482e-05,0.9999349117279053,4,4.8786914348602295,False,"['PBMD', 'PBMD', 'PBMD', 'PBMD', 'PBMD']","[468502519163021397, 468502519163714107, 468502519163055914, 468502519163458231, 468502519163800604]","[0.7994846105575562, 0.7902273535728455, 0.7914259433746338, 0.797371506690979, 0.790084958076477]"
371,MEDQA,0.9999855756759644,6.854265393485548e-06,7.571046012344596e-07,5.955088909104234e-06,9.132424452218402e-07,0,9.792155265808105,False,"['PBMD', 'PBMD', 'TEXT', 'PBMD', 'PBMD']","[468502519163596549, 468502519163896621, 468502519162334268, 468502519163899266, 468502519163698348]","[0.7915394306182861, 0.7877702713012695, 0.8195400238037109, 0.7919491529464722, 0.7913937568664551]"
372,MEDQA,5.41728877578862e-06,9.657361260906328e-06,2.681752448552288e-06,0.0008969234186224639,0.9990853071212769,4,7.86090087890625,False,"['TEXT', 'PBMD', 'TEXT', 'TEXT', 'STAT']","[468502519162327191, 468502519163146026, 468502519162395450, 468502519162338833, 468502519162940714]","[0.7972915172576904, 0.7907992005348206, 0.831191897392273, 0.7687394022941589, 0.7819686532020569]"
373,MEDQA,1.4955788174120244e-05,4.6067070798017085e-05,0.9989633560180664,0.00044482300290837884,0.0005308259860612452,4,9.682259559631348,False,"['PBMD', 'STAT', 'PBMD', 'STAT', 'PBMD']","[468502519163798448, 468502519162470001, 468502519163798988, 468502519162883576, 468502519163625897]","[0.7594483494758606, 0.7530713081359863, 0.7597877979278564, 0.7523804306983948, 0.7545105218887329]"
374,MEDQA,2.536003194109071e-07,6.083554922042822e-07,4.181162012173445e-07,0.9999935626983643,5.093698291602777e-06,3,5.412704706192017,False,"['TEXT', 'PBMD', 'PBMD', 'TEXT', 'PBMD']","[468502519162394786, 468502519163779848, 468502519163640412, 468502519162395135, 468502519163686279]","[0.7826293706893921, 0.7799532413482666, 0.7921285629272461, 0.7930166721343994, 0.7772814035415649]"
375,MEDQA,4.6375716920010746e-06,0.9999302625656128,2.9942411856609397e-06,4.1985142161138356e-05,2.0144692825851962e-05,1,7.37216591835022,False,"['PBMD', 'PBMD', 'PBMD', 'PBMD', 'PBMD']","[468502519163970587, 468502519163731542, 468502519163976332, 468502519163904690, 468502519163843558]","[0.771837592124939, 0.7517273426055908, 0.7480942010879517, 0.7519670724868774, 0.7571647763252258]"
376,MEDQA,4.355858436611015e-06,2.4295026378240436e-05,0.999761164188385,6.813708750996739e-05,0.0001420098851667717,3,8.03687858581543,False,"['PBMD', 'PBMD', 'PBMD', 'PBMD', 'PBMD']","[468502519163992315, 468502519163665120, 468502519163623149, 468502519163822956, 468502519163625586]","[0.7818721532821655, 0.7759467363357544, 0.7750384211540222, 0.7714964747428894, 0.772698163986206]"
377,MEDQA,2.0779540136572905e-05,3.3466043532826006e-05,5.9195401263423264e-05,0.00017815438332036138,0.999708354473114,4,7.17805290222168,False,"['PBMD', 'PBMD', 'PBMD', 'PBMD', 'PBMD']","[468502519163813741, 468502519163764004, 468502519163748660, 468502519163563424, 468502519163809530]","[0.7884619832038879, 0.7876523733139038, 0.8073549270629883, 0.7909006476402283, 0.7861059904098511]"
378,MEDQA,1.2409255759848747e-05,2.8852382456534542e-05,0.9998070597648621,0.00012338599481154233,2.8405067496350966e-05,0,5.855211496353149,False,"['PBMD', 'PBMD', 'PBMD', 'PBMD', 'PBMD']","[468502519163057697, 468502519163738492, 468502519163996355, 468502519163733307, 468502519163733357]","[0.7876697778701782, 0.7906812429428101, 0.7875989675521851, 0.7937406301498413, 0.786248505115509]"
379,MEDQA,2.684037326616817e-06,3.288551397417905e-06,2.8128467874921625e-06,0.999936580657959,5.454580968944356e-05,3,6.302515983581543,False,"['TEXT', 'TEXT', 'PBMD', 'PBMD', 'PBMD']","[468502519162412554, 468502519162325687, 468502519163880891, 468502519163730570, 468502519163766250]","[0.7848548889160156, 0.7808947563171387, 0.7780362367630005, 0.7775588631629944, 0.7851191163063049]"
380,MEDQA,1.0,1.9362746961348876e-09,1.1628233098637253e-10,4.94445062670934e-09,1.3967473011522458e-12,1,10.97381591796875,False,"['PBMD', 'TEXT', 'PBMD', 'PBMD', 'PBMD']","[468502519163888661, 468502519162391082, 468502519163865485, 468502519163712863, 468502519163331379]","[0.793612003326416, 0.7852165699005127, 0.7937303185462952, 0.7942500710487366, 0.7879217267036438]"
381,MEDQA,4.356405497674132e-06,5.254828010947676e-06,1.7601469153305516e-06,0.9998867511749268,0.00010189991007791832,2,10.047019243240356,False,"['PBMD', 'PBMD', 'PBMD', 'PBMD', 'PBMD']","[468502519163795471, 468502519163051565, 468502519163649019, 468502519163077735, 468502519163110833]","[0.7774455547332764, 0.7825016975402832, 0.7808538675308228, 0.7892127633094788, 0.781180739402771]"
382,MEDQA,1.8732918078967487e-06,4.7094554247451015e-06,1.4140348412183812e-06,0.9996867179870605,0.0003053465043194592,2,6.910006523132324,False,"['PBMD', 'PBMD', 'STAT', 'TEXT', 'TEXT']","[468502519163937364, 468502519163790042, 468502519162808820, 468502519162370387, 468502519162309834]","[0.7791023254394531, 0.7848974466323853, 0.7890406847000122, 0.7791750431060791, 0.7866684794425964]"
383,MEDQA,0.9999904632568359,6.962238330743276e-06,4.5920938873678097e-07,1.0676938018150395e-06,1.1015861218766076e-06,0,5.82828164100647,False,"['PBMD', 'PBMD', 'PBMD', 'PBMD', 'PBMD']","[468502519163772264, 468502519163623149, 468502519163741282, 468502519163718613, 468502519163415463]","[0.7747697830200195, 0.778624415397644, 0.7736891508102417, 0.7873852252960205, 0.7888762950897217]"
384,MEDQA,1.2802759556507226e-05,0.999775230884552,1.2604271432792302e-05,6.655963079538196e-05,0.00013288771151565015,4,6.914226293563843,False,"['PBMD', 'PBMD', 'PBMD', 'PBMD', 'PBMD']","[468502519163524070, 468502519163721383, 468502519163651642, 468502519163440416, 468502519163177229]","[0.7945632338523865, 0.7938655614852905, 0.8085063099861145, 0.7900497913360596, 0.784953773021698]"
385,MEDQA,4.710801931651076e-06,3.3404587611585157e-06,2.260267365272739e-06,1.7097301679314114e-05,0.9999725818634033,4,7.203753709793091,False,"['PBMD', 'PBMD', 'PBMD', 'PBMD', 'PBMD']","[468502519163603463, 468502519163799004, 468502519163716122, 468502519163557131, 468502519163808686]","[0.8083809018135071, 0.8364062905311584, 0.8150798678398132, 0.8070250153541565, 0.8148778676986694]"
386,MEDQA,0.9998266100883484,8.155475370585918e-05,1.3629167369799688e-05,6.06063476880081e-05,1.777578472683672e-05,3,6.052111387252808,False,"['TEXT', 'STAT', 'STAT', 'PBMD', 'STAT']","[468502519162310288, 468502519162922302, 468502519162709727, 468502519163780001, 468502519162707772]","[0.7988158464431763, 0.8006577491760254, 0.7779857516288757, 0.7820302248001099, 0.8054570555686951]"
387,MEDQA,6.240722996153636e-06,0.9999604225158691,1.5534386648141663e-06,5.594147751253331e-06,2.6274423362337984e-05,1,5.857301235198975,False,"['PBMD', 'PBMD', 'PBMD', 'PBMD', 'PBMD']","[468502519163341606, 468502519163691197, 468502519163387743, 468502519163596829, 468502519163992315]","[0.7766717076301575, 0.7774714231491089, 0.775547444820404, 0.7830575704574585, 0.7856651544570923]"
388,MEDQA,8.139059900713619e-06,3.647673293016851e-05,0.9999140501022339,3.647673293016851e-05,4.9365889935870655e-06,2,7.010925054550171,False,"['PBMD', 'PBMD', 'PBMD', 'PBMD', 'PBMD']","[468502519163742127, 468502519163644224, 468502519163945763, 468502519163985774, 468502519163756747]","[0.8163529634475708, 0.8332529067993164, 0.7998689413070679, 0.8038196563720703, 0.8016285300254822]"
389,MEDQA,6.854045295767719e-06,9.36836931941798e-06,1.38455525302561e-05,0.9999535083770752,1.64420016517397e-05,3,6.939007520675659,False,"['TEXT', 'TEXT', 'STAT', 'STAT', 'STAT']","[468502519162407025, 468502519162306611, 468502519162476918, 468502519162476915, 468502519162834632]","[0.7765166759490967, 0.782272219657898, 0.7787349224090576, 0.7860990166664124, 0.7775787115097046]"
390,MEDQA,0.9999186992645264,3.535462747095153e-05,4.860076842305716e-06,2.931001472461503e-05,1.1658717994578183e-05,0,6.9315080642700195,False,"['STAT', 'PBMD', 'TEXT', 'PBMD', 'STAT']","[468502519162842714, 468502519163961437, 468502519162306427, 468502519163966665, 468502519162473705]","[0.7382978796958923, 0.7848798632621765, 0.7485607862472534, 0.7381430268287659, 0.7413651943206787]"
391,MEDQA,1.1726007187462528e-06,0.9999635219573975,1.136523451350513e-06,2.8409513106453232e-05,5.771742962679127e-06,1,6.7420196533203125,False,"['STAT', 'STAT', 'STAT', 'STAT', 'TEXT']","[468502519162811895, 468502519162733594, 468502519162489985, 468502519162490573, 468502519162343628]","[0.7728148102760315, 0.7902646064758301, 0.7715970277786255, 0.7832692861557007, 0.7736799716949463]"
392,MEDQA,1.520589466963429e-05,3.82276157324668e-05,0.9999226331710815,1.750187948346138e-05,6.438581294787582e-06,2,5.438235521316528,False,"['PBMD', 'PBMD', 'PBMD', 'PBMD', 'PBMD']","[468502519163571985, 468502519163980822, 468502519163355701, 468502519163180857, 468502519163268921]","[0.8200240731239319, 0.8119471073150635, 0.8015812039375305, 0.8083558678627014, 0.8004934191703796]"
393,MEDQA,0.9998173117637634,3.480297527858056e-05,4.784243174071889e-06,8.480274118483067e-05,5.828401481267065e-05,0,7.248605012893677,False,"['STAT', 'STAT', 'STAT', 'TEXT', 'TEXT']","[468502519162923023, 468502519162923006, 468502519162923020, 468502519162416997, 468502519162417172]","[0.7771733999252319, 0.7974368929862976, 0.7750097513198853, 0.7713140249252319, 0.7643027901649475]"
394,MEDQA,2.1907057998760138e-06,1.45932483519573e-06,4.59196911606341e-07,0.9999632835388184,3.2699143048375845e-05,3,8.124573230743408,False,"['PBMD', 'PBMD', 'PBMD', 'TEXT', 'PBMD']","[468502519163438008, 468502519163965786, 468502519163751404, 468502519162350699, 468502519163275888]","[0.7674860954284668, 0.7719333171844482, 0.7740326523780823, 0.781304121017456, 0.7721823453903198]"
395,MEDQA,8.926421287469566e-06,2.315337405889295e-05,0.9985060691833496,0.0014157600235193968,4.6045981434872374e-05,2,10.251524209976196,False,"['PBMD', 'PBMD', 'PBMD', 'PBMD', 'PBMD']","[468502519163577341, 468502519163817973, 468502519163860960, 468502519163984837, 468502519163714107]","[0.7925243377685547, 0.7863521575927734, 0.7976298928260803, 0.7844171524047852, 0.7985221147537231]"
396,MEDQA,1.3287393585414975e-06,2.41109974012943e-05,1.2098309980501654e-06,0.9999700784683228,3.23767562804278e-06,3,8.207125186920166,False,"['PBMD', 'STAT', 'PBMD', 'PBMD', 'PBMD']","[468502519163540458, 468502519162900874, 468502519163530075, 468502519163956708, 468502519163992004]","[0.818439781665802, 0.7743130326271057, 0.7781623601913452, 0.7830387353897095, 0.7878857851028442]"
397,MEDQA,0.2,0.2,0.2,0.2,0.2,1,10.545028686523438,True,"['PBMD', 'PBMD', 'TEXT', 'PBMD', 'PBMD']","[468502519163201790, 468502519163732390, 468502519162298861, 468502519163369936, 468502519163390170]","[0.780927836894989, 0.7834784984588623, 0.7834562063217163, 0.7947933673858643, 0.7792047262191772]"
398,MEDQA,2.026114543696167e-06,2.7264352411293657e-06,3.1381075586978113e-06,7.76689103076933e-06,0.9999843835830688,4,8.516534566879272,False,"['STAT', 'STAT', 'STAT', 'TEXT', 'PBMD']","[468502519162706867, 468502519162439708, 468502519162973091, 468502519162345940, 468502519163390499]","[0.7787455916404724, 0.7814491391181946, 0.798540472984314, 0.77824866771698, 0.7974115610122681]"
399,MEDQA,0.00011316245218040422,0.00013127074635121971,2.9290462407516316e-05,0.999251663684845,0.00047457427717745304,1,10.529630899429321,False,"['PBMD', 'PBMD', 'PBMD', 'PBMD', 'TEXT']","[468502519163611314, 468502519163919636, 468502519163485150, 468502519163143858, 468502519162369501]","[0.7946144342422485, 0.7912290096282959, 0.7842747569084167, 0.7863113880157471, 0.7886463403701782]"
400,MEDQA,9.913121175486594e-05,0.9996838569641113,5.389670695876703e-05,9.385555313201621e-05,6.920473970239982e-05,1,5.858677625656128,False,"['PBMD', 'PBMD', 'PBMD', 'PBMD', 'PBMD']","[468502519163730552, 468502519163925588, 468502519163720084, 468502519163684012, 468502519163776590]","[0.7542322874069214, 0.7557989358901978, 0.7651193141937256, 0.7548397779464722, 0.7496002912521362]"
401,MEDQA,4.636067387764342e-06,1.7771862985682674e-05,0.9996059536933899,0.00014996904064901173,0.00022163988614920527,2,9.344822406768799,False,"['PBMD', 'TEXT', 'PBMD', 'STAT', 'TEXT']","[468502519163705101, 468502519162387160, 468502519163011764, 468502519162733923, 468502519162309489]","[0.7748202085494995, 0.761365532875061, 0.7623518109321594, 0.7690462470054626, 0.7782819867134094]"
402,MEDQA,1.55344446284289e-06,0.9999641180038452,2.123306785506429e-06,1.5689232895965688e-05,1.6442176274722442e-05,1,6.59610915184021,False,"['PBMD', 'PBMD', 'PBMD', 'PBMD', 'PBMD']","[468502519163357361, 468502519163940494, 468502519163935877, 468502519163058666, 468502519163728603]","[0.7750902771949768, 0.7835588455200195, 0.775173544883728, 0.7659989595413208, 0.7661405801773071]"
403,MEDQA,2.769347020148416e-06,5.955031610938022e-06,1.7061450989785953e-06,1.3631202818942256e-05,0.9999759197235107,4,8.579838275909424,False,"['PBMD', 'PBMD', 'PBMD', 'PBMD', 'PBMD']","[468502519163836631, 468502519163905266, 468502519163264362, 468502519163922276, 468502519163566226]","[0.7808435559272766, 0.7861793041229248, 0.7838556170463562, 0.7723597288131714, 0.7723742723464966]"
404,MEDQA,0.9999778270721436,6.643330380029511e-06,9.422245739187929e-07,1.1843016181956045e-05,2.7264172786090057e-06,0,7.217791318893433,False,"['PBMD', 'PBMD', 'PBMD', 'PBMD', 'PBMD']","[468502519163723614, 468502519163535970, 468502519163885312, 468502519163410367, 468502519163303757]","[0.7582703232765198, 0.784034252166748, 0.7582589387893677, 0.7582350969314575, 0.7719783186912537]"
405,MEDQA,0.999515175819397,7.779585575917736e-05,5.141992005519569e-05,0.00012826368038076907,0.00022731887293048203,0,4.913742780685425,False,"['PBMD', 'PBMD', 'PBMD', 'PBMD', 'PBMD']","[468502519163753914, 468502519163874211, 468502519163638369, 468502519163100878, 468502519163833219]","[0.8068417310714722, 0.8107675909996033, 0.7979393005371094, 0.8039233684539795, 0.8040284514427185]"
406,MEDQA,7.244693551911041e-05,0.0002000324020627886,0.9985948204994202,0.0010687666945159435,6.393419607775286e-05,2,4.213444709777832,False,"['PBMD', 'STAT', 'PBMD', 'PBMD', 'PBMD']","[468502519163825295, 468502519162894368, 468502519163711251, 468502519163593875, 468502519163574140]","[0.7555877566337585, 0.7651951909065247, 0.7543823719024658, 0.7514292001724243, 0.7592068314552307]"
407,MEDQA,5.7717015806701966e-06,1.2218692063470371e-05,0.9999563694000244,5.093508661957458e-06,2.0462457541725598e-05,2,4.168061017990112,False,"['STAT', 'TEXT', 'TEXT', 'TEXT', 'STAT']","[468502519162700592, 468502519162393755, 468502519162298307, 468502519162298306, 468502519162872853]","[0.7843830585479736, 0.7825269103050232, 0.7979434728622437, 0.7793813943862915, 0.7815149426460266]"
408,MEDQA,0.9999322891235352,3.2698128052288666e-05,2.994247097376501e-06,2.546532778069377e-05,6.540037247759756e-06,0,7.679370880126953,False,"['PBMD', 'PBMD', 'PBMD', 'PBMD', 'PBMD']","[468502519163609041, 468502519163449138, 468502519163810331, 468502519163795278, 468502519163993900]","[0.7779561877250671, 0.7798601984977722, 0.7824776768684387, 0.7829359173774719, 0.783224880695343]"
409,MEDQA,3.288590505690081e-06,1.3419502465694677e-05,0.9999485015869141,1.0451119123899844e-05,2.429957930871751e-05,2,7.29485011100769,False,"['PBMD', 'PBMD', 'PBMD', 'PBMD', 'PBMD']","[468502519163511321, 468502519163526553, 468502519163930759, 468502519163678977, 468502519163245764]","[0.8015323877334595, 0.8008362054824829, 0.8053340911865234, 0.7989667654037476, 0.8060591816902161]"
410,MEDQA,1.9220815374865197e-05,5.5617274483665824e-05,0.9998582601547241,5.307037281454541e-05,1.384423376293853e-05,2,4.540273189544678,False,"['PBMD', 'PBMD', 'PBMD', 'PBMD', 'PBMD']","[468502519163195433, 468502519163014369, 468502519163187769, 468502519163269786, 468502519163013312]","[0.8466579914093018, 0.8218695521354675, 0.8288396596908569, 0.8280084729194641, 0.8404555320739746]"
411,MEDQA,0.024016236886382103,0.04021962732076645,0.8205543160438538,0.020223699510097504,0.09498605877161026,2,5.8102312088012695,False,"['TEXT', 'PBMD', 'PBMD', 'PBMD', 'PBMD']","[468502519162329715, 468502519163861680, 468502519163376563, 468502519163647080, 468502519163160508]","[0.7956981062889099, 0.8224904537200928, 0.8051739931106567, 0.7925291657447815, 0.7957481741905212]"
412,MEDQA,0.9999264478683472,3.9750582800479606e-05,2.902106871260912e-06,2.1781523173558526e-05,9.222876542480662e-06,0,5.8277318477630615,False,"['TEXT', 'TEXT', 'PBMD', 'TEXT', 'TEXT']","[468502519162391331, 468502519162395450, 468502519163784435, 468502519162329155, 468502519162394965]","[0.8093816041946411, 0.8242385983467102, 0.7757875919342041, 0.7829539775848389, 0.7965642213821411]"
413,MEDQA,4.0926361180027016e-06,0.9999288320541382,3.288525931566255e-06,2.840852721419651e-05,3.535498399287462e-05,1,9.473430395126343,False,"['TEXT', 'PBMD', 'TEXT', 'PBMD', 'PBMD']","[468502519162406329, 468502519163330487, 468502519162329133, 468502519163129015, 468502519163133261]","[0.8102422952651978, 0.8022425770759583, 0.8034083247184753, 0.8029723167419434, 0.8223752975463867]"
414,MEDQA,4.8601673370285425e-06,5.173621502763126e-06,1.816111762309447e-06,5.0842321797972545e-05,0.9999372959136963,4,5.621527194976807,False,"['PBMD', 'PBMD', 'TEXT', 'PBMD', 'STAT']","[468502519163319695, 468502519163695109, 468502519162329132, 468502519163875552, 468502519162424099]","[0.7928366661071777, 0.8030762672424316, 0.7943836450576782, 0.7913383841514587, 0.7942047119140625]"
415,MEDQA,3.7622699892381206e-05,4.9939422751776874e-05,1.93665055121528e-05,0.0002959254488814622,0.9995971322059631,4,10.038470268249512,False,"['TEXT', 'STAT', 'PBMD', 'TEXT', 'PBMD']","[468502519162325720, 468502519162744697, 468502519163906358, 468502519162325721, 468502519163442442]","[0.8020954728126526, 0.739828884601593, 0.7497591376304626, 0.736945390701294, 0.7626912593841553]"
416,MEDQA,5.68172481507645e-06,6.143409791548038e-06,1.8736340052782907e-06,0.9998693466186523,0.00011694093700498343,3,5.440562725067139,False,"['PBMD', 'TEXT', 'PBMD', 'PBMD', 'PBMD']","[468502519163746652, 468502519162323784, 468502519163021773, 468502519163038113, 468502519163335074]","[0.7924041748046875, 0.7935610413551331, 0.7928737998008728, 0.7973586916923523, 0.7968297004699707]"
417,MEDQA,9.441763722861651e-06,4.356657882453874e-06,1.4143997759674676e-06,4.014140722574666e-05,0.9999446868896484,0,10.360426664352417,False,"['TEXT', 'STAT', 'PBMD', 'TEXT', 'PBMD']","[468502519162296787, 468502519162794862, 468502519163706260, 468502519162296788, 468502519163196709]","[0.806610107421875, 0.8200513124465942, 0.8036660552024841, 0.8369524478912354, 0.8090823888778687]"
418,MEDQA,4.5921134983473166e-07,8.315243462675426e-07,2.1024227692123532e-07,0.9999947547912598,3.7266336221364327e-06,3,6.870053768157959,False,"['PBMD', 'PBMD', 'PBMD', 'PBMD', 'PBMD']","[468502519163431670, 468502519163635057, 468502519163511321, 468502519163122515, 468502519163831298]","[0.7546881437301636, 0.7670142650604248, 0.7586312294006348, 0.7616104483604431, 0.7527294754981995]"
419,MEDQA,4.330871888669208e-05,0.9997184872627258,5.063302523922175e-05,5.737473111366853e-05,0.00013031002890784293,1,8.731370449066162,False,"['PBMD', 'TEXT', 'TEXT', 'TEXT', 'PBMD']","[468502519163509254, 468502519162364584, 468502519162347164, 468502519162329672, 468502519163885679]","[0.7779831290245056, 0.763520359992981, 0.7715573906898499, 0.7681916952133179, 0.7652397155761719]"
420,MEDQA,1.0780821867228951e-05,0.9997583031654358,2.9937261842860607e-06,9.81605080596637e-06,0.0002182369353249669,1,6.378926515579224,False,"['TEXT', 'TEXT', 'PBMD', 'PBMD', 'PBMD']","[468502519162366246, 468502519162306066, 468502519163905981, 468502519163526177, 468502519163838184]","[0.7843496203422546, 0.7552616596221924, 0.7642277479171753, 0.7503979206085205, 0.7633582949638367]"
421,MEDQA,2.9941286356915953e-06,2.5069532057386823e-05,0.9998927116394043,7.368344813585281e-05,5.593768946710043e-06,2,8.825054407119751,False,"['TEXT', 'PBMD', 'TEXT', 'PBMD', 'PBMD']","[468502519162391174, 468502519163648254, 468502519162391331, 468502519163997671, 468502519163834372]","[0.8399426937103271, 0.791854977607727, 0.7992503643035889, 0.7799099087715149, 0.782396674156189]"
422,MEDQA,1.602793304300576e-06,2.7264431992080063e-06,1.5534805015704478e-06,0.9999873638153076,6.748011401214171e-06,0,7.8378376960754395,False,"['PBMD', 'PBMD', 'PBMD', 'PBMD', 'PBMD']","[468502519163676555, 468502519163672136, 468502519163683661, 468502519163867513, 468502519163761463]","[0.7969015836715698, 0.8008289337158203, 0.8032195568084717, 0.7936652898788452, 0.7972173094749451]"
423,MEDQA,2.465796387696173e-05,3.216004552086815e-05,0.9989649057388306,0.0003595263115130365,0.0006187839317135513,4,6.463103294372559,False,"['TEXT', 'TEXT', 'PBMD', 'TEXT', 'TEXT']","[468502519162329136, 468502519162329132, 468502519163320203, 468502519162295183, 468502519162329177]","[0.7720310688018799, 0.7777695655822754, 0.7897126078605652, 0.7851601243019104, 0.7703390121459961]"
424,MEDQA,0.0001633654028410092,0.0004896278842352331,0.9992291927337646,8.608752250438556e-05,3.166983151459135e-05,2,6.817161798477173,False,"['PBMD', 'STAT', 'TEXT', 'STAT', 'PBMD']","[468502519163570185, 468502519162709878, 468502519162412458, 468502519162709858, 468502519163286435]","[0.8071231842041016, 0.8111291527748108, 0.8079588413238525, 0.8060322999954224, 0.8261514902114868]"
425,MEDQA,0.0001272403314942494,4.329134389990941e-05,0.9993174076080322,0.0004783279146067798,3.3715336030581966e-05,2,6.695024490356445,False,"['STAT', 'PBMD', 'PBMD', 'PBMD', 'PBMD']","[468502519162724270, 468502519163646250, 468502519163882904, 468502519163663042, 468502519163453350]","[0.7813851833343506, 0.7853875160217285, 0.8022710084915161, 0.7751446962356567, 0.795600175857544]"
426,MEDQA,0.9998168349266052,7.483812078135088e-05,9.027199848787859e-05,1.0781453056551982e-05,7.409977570205228e-06,2,10.411228895187378,False,"['TEXT', 'TEXT', 'PBMD', 'PBMD', 'PBMD']","[468502519162327191, 468502519162335898, 468502519163608639, 468502519163934403, 468502519163506817]","[0.7844970226287842, 0.760890007019043, 0.7753189206123352, 0.761062741279602, 0.776533305644989]"
427,MEDQA,9.221553227689583e-06,0.9997829794883728,3.28804617311107e-06,0.00010228811879642308,0.00010228811879642308,1,6.437089920043945,False,"['PBMD', 'TEXT', 'PBMD', 'TEXT', 'PBMD']","[468502519163258899, 468502519162299532, 468502519163033378, 468502519162321016, 468502519162993920]","[0.7093940377235413, 0.7102710008621216, 0.7062298655509949, 0.7194258570671082, 0.7115516066551208]"
428,MEDQA,0.9996390342712402,0.00025812158128246665,1.8052325685857795e-05,6.500892050098628e-05,1.9826600691885687e-05,0,5.530073165893555,False,"['STAT', 'STAT', 'PBMD', 'STAT', 'PBMD']","[468502519162799697, 468502519162906525, 468502519163581982, 468502519162425155, 468502519163434591]","[0.746353268623352, 0.753350019454956, 0.7621008157730103, 0.7485511302947998, 0.7465251088142395]"
429,MEDQA,7.957002526381984e-05,8.082306885626167e-05,4.259076376911253e-05,0.001169272931292653,0.998627781867981,4,9.46131420135498,False,"['PBMD', 'PBMD', 'TEXT', 'STAT', 'PBMD']","[468502519163780951, 468502519163293307, 468502519162412637, 468502519162459819, 468502519163506141]","[0.7805266380310059, 0.7921456098556519, 0.7880464792251587, 0.7812424898147583, 0.7834321856498718]"
430,MEDQA,1.0348359182899003e-06,0.9999823570251465,8.579091854699072e-07,1.112553491111612e-05,4.637813162844395e-06,1,8.830451250076294,False,"['TEXT', 'TEXT', 'PBMD', 'STAT', 'PBMD']","[468502519162346220, 468502519162380471, 468502519163149778, 468502519162984189, 468502519163758027]","[0.7832762598991394, 0.8183085322380066, 0.7703278064727783, 0.7939574718475342, 0.7685423493385315]"
431,MEDQA,6.6361294557282235e-06,5.249610239843605e-06,4.088400601176545e-06,0.9988939166069031,0.001090172678232193,1,6.8466575145721436,False,"['TEXT', 'PBMD', 'STAT', 'PBMD', 'PBMD']","[468502519162370266, 468502519163866257, 468502519162801618, 468502519163771021, 468502519163742002]","[0.7548552751541138, 0.7668455839157104, 0.7550570368766785, 0.7589981555938721, 0.7646697759628296]"
432,MEDQA,1.5056734810059424e-06,0.9999797344207764,5.714891813113354e-07,2.6425391297379974e-06,1.54462359205354e-05,1,5.507825136184692,False,"['TEXT', 'TEXT', 'TEXT', 'PBMD', 'TEXT']","[468502519162361527, 468502519162361530, 468502519162361685, 468502519163728337, 468502519162367494]","[0.7771607041358948, 0.7685669660568237, 0.7731932401657104, 0.7669429183006287, 0.7787940502166748]"
433,MEDQA,3.5763366668106755e-07,1.2878882671429892e-06,4.3138854266544513e-07,0.9999933242797852,4.6378640945476945e-06,3,5.229516983032227,False,"['PBMD', 'PBMD', 'PBMD', 'PBMD', 'PBMD']","[468502519163476934, 468502519163158369, 468502519163680944, 468502519163891412, 468502519163157170]","[0.8218780159950256, 0.7999571561813354, 0.8028634190559387, 0.799043595790863, 0.799592912197113]"
434,MEDQA,1.952410275407601e-05,7.967053534230217e-05,0.9998892545700073,6.9615334723494016e-06,4.637381607608404e-06,2,5.02265477180481,False,"['PBMD', 'TEXT', 'TEXT', 'TEXT', 'PBMD']","[468502519163213433, 468502519162362978, 468502519162361594, 468502519162362966, 468502519163664324]","[0.7796847820281982, 0.7858333587646484, 0.7791733145713806, 0.792451024055481, 0.8026697635650635]"
435,MEDQA,1.1718050245690392e-06,2.404387942078756e-06,1.7590876950634993e-06,0.9992850422859192,0.0007096666377037764,3,6.299092531204224,False,"['PBMD', 'TEXT', 'TEXT', 'PBMD', 'TEXT']","[468502519163653146, 468502519162391888, 468502519162392012, 468502519163773160, 468502519162392014]","[0.7702341079711914, 0.8099045753479004, 0.79437255859375, 0.7678457498550415, 0.7791412472724915]"
436,MEDQA,2.0461413441807963e-05,4.832339982385747e-05,0.9999053478240967,2.0144190784776583e-05,5.771407359134173e-06,2,5.8439130783081055,False,"['STAT', 'TEXT', 'STAT', 'TEXT', 'PBMD']","[468502519162754763, 468502519162385528, 468502519162814646, 468502519162306522, 468502519163674585]","[0.7951526045799255, 0.8030757308006287, 0.7868829965591431, 0.802008867263794, 0.7982234954833984]"
437,MEDQA,0.9999843835830688,8.013437764020637e-06,1.4005010484652303e-07,3.0894557312421966e-06,4.356830686447211e-06,0,6.533980846405029,False,"['PBMD', 'PBMD', 'PBMD', 'PBMD', 'PBMD']","[468502519163586104, 468502519163580310, 468502519163696114, 468502519163582053, 468502519163838966]","[0.8045589923858643, 0.7918156981468201, 0.7943873405456543, 0.794471025466919, 0.8076390624046326]"
438,MEDQA,6.40111684333533e-05,8.219196752179414e-05,1.669831181061454e-05,0.9997970461845398,4.0057166188489646e-05,3,6.7379069328308105,False,"['PBMD', 'PBMD', 'PBMD', 'PBMD', 'PBMD']","[468502519163768151, 468502519163557356, 468502519163135864, 468502519163858637, 468502519163558635]","[0.7671459913253784, 0.7700390815734863, 0.7708598375320435, 0.7746576070785522, 0.7992923855781555]"
439,MEDQA,1.2217929906910285e-05,0.9998940229415894,1.3844729437550995e-05,3.071587343583815e-05,4.908382470603101e-05,0,8.78001594543457,False,"['STAT', 'STAT', 'PBMD', 'PBMD', 'PBMD']","[468502519162749091, 468502519162844981, 468502519163976483, 468502519163052780, 468502519163215757]","[0.7540897727012634, 0.7632862329483032, 0.7803831100463867, 0.7525565028190613, 0.7610565423965454]"
440,MEDQA,9.721248943606042e-07,2.4824078082019696e-06,1.5056564279802842e-06,2.6688398065743968e-05,0.999968409538269,4,7.164839029312134,False,"['STAT', 'STAT', 'STAT', 'STAT', 'STAT']","[468502519162837994, 468502519162837989, 468502519162837993, 468502519162695808, 468502519162695815]","[0.7847165465354919, 0.7811400890350342, 0.8107468485832214, 0.7808066606521606, 0.777014434337616]"
441,MEDQA,3.5282642784295604e-05,1.4061903129913844e-05,1.9634817363112234e-06,0.9998337030410767,0.00011501145490910858,3,6.343257665634155,False,"['PBMD', 'PBMD', 'TEXT', 'PBMD', 'PBMD']","[468502519163308167, 468502519163192512, 468502519162394075, 468502519163742991, 468502519163245113]","[0.7993647456169128, 0.7910749912261963, 0.8035091161727905, 0.7881316542625427, 0.7985025644302368]"
442,MEDQA,5.25455789102125e-06,3.16890436806716e-05,0.9998353719711304,0.0001186625158879906,8.938304745242931e-06,2,6.204798936843872,False,"['STAT', 'PBMD', 'PBMD', 'PBMD', 'PBMD']","[468502519162847434, 468502519163548367, 468502519163532702, 468502519163866976, 468502519163783007]","[0.7413287162780762, 0.7523642778396606, 0.7429555058479309, 0.7475231885910034, 0.7523109912872314]"
443,MEDQA,1.725782006190002e-08,2.845333391121585e-08,3.2241853631376216e-08,3.466325892986788e-07,0.9999995231628418,1,10.490495443344116,False,"['PBMD', 'PBMD', 'PBMD', 'PBMD', 'PBMD']","[468502519163717628, 468502519163385299, 468502519163567765, 468502519163921598, 468502519163761927]","[0.804298996925354, 0.7613250017166138, 0.7633712291717529, 0.7745711803436279, 0.7851415872573853]"
444,MEDQA,2.1108293367433362e-05,2.8851614843006246e-05,1.8054881365969777e-05,0.9997804760932922,0.00015146720397751778,3,8.209897994995117,False,"['TEXT', 'PBMD', 'STAT', 'STAT', 'PBMD']","[468502519162392194, 468502519163435277, 468502519162912671, 468502519162909191, 468502519163650785]","[0.7522473335266113, 0.7513829469680786, 0.753187894821167, 0.7539229989051819, 0.7785114049911499]"
445,MEDQA,1.4060522516956553e-05,7.541895320173353e-05,1.7774165826267563e-05,0.00015718660142738372,0.9997355341911316,1,5.930005311965942,False,"['PBMD', 'PBMD', 'PBMD', 'PBMD', 'PBMD']","[468502519163579613, 468502519163580009, 468502519163819557, 468502519163580581, 468502519163794450]","[0.754738986492157, 0.7708833813667297, 0.7615839242935181, 0.7519768476486206, 0.7541940808296204]"
446,MEDQA,6.747562110831495e-06,0.9999207258224487,2.2601502678298857e-06,1.2410666386131197e-05,5.783642700407654e-05,0,3.8251953125,False,"['PBMD', 'TEXT', 'PBMD', 'PBMD', 'PBMD']","[468502519163766812, 468502519162343656, 468502519163834144, 468502519163631370, 468502519163616278]","[0.8074074983596802, 0.8054379224777222, 0.7989130020141602, 0.7922812700271606, 0.7937870025634766]"
447,MEDQA,0.00010066587128676474,6.201844371389598e-05,0.9994214773178101,0.00010715826647356153,0.0003088638768531382,2,9.304311037063599,False,"['PBMD', 'PBMD', 'PBMD', 'PBMD', 'PBMD']","[468502519163303544, 468502519163774100, 468502519163758027, 468502519163658573, 468502519163174873]","[0.7769746780395508, 0.772526741027832, 0.7785969972610474, 0.7734885215759277, 0.7768880128860474]"
448,MEDQA,1.4733578609593678e-05,0.999618649482727,9.458549902774394e-05,7.482328510377556e-05,0.00019713310757651925,4,7.801006555557251,False,"['STAT', 'PBMD', 'STAT', 'STAT', 'TEXT']","[468502519162846575, 468502519163972598, 468502519162869041, 468502519162986826, 468502519162411825]","[0.809173583984375, 0.7959526777267456, 0.7852809429168701, 0.8016515374183655, 0.7955051064491272]"
449,MEDQA,2.1907480913796462e-06,0.9999825954437256,3.4662673442653613e-07,1.0349906915507745e-05,4.565911240206333e-06,1,6.576556444168091,False,"['TEXT', 'STAT', 'TEXT', 'STAT', 'STAT']","[468502519162296785, 468502519162854803, 468502519162296789, 468502519162874346, 468502519162782718]","[0.7894501686096191, 0.8039262294769287, 0.8075261116027832, 0.7851572036743164, 0.7887827157974243]"
450,MEDQA,3.3929027267731726e-06,0.9999252557754517,3.94411945308093e-05,4.157071543886559e-06,2.775034590740688e-05,1,6.386094570159912,False,"['PBMD', 'PBMD', 'PBMD', 'PBMD', 'PBMD']","[468502519163024608, 468502519163048881, 468502519163345257, 468502519162998310, 468502519163785478]","[0.7768193483352661, 0.7756390571594238, 0.7894312739372253, 0.7777601480484009, 0.782580554485321]"
451,MEDQA,3.4663065662243753e-07,2.8736690182995517e-07,4.3138879846083e-07,5.054060238762759e-06,0.9999939203262329,4,7.413106203079224,False,"['STAT', 'STAT', 'TEXT', 'STAT', 'STAT']","[468502519162467234, 468502519162467232, 468502519162345296, 468502519162420286, 468502519162436110]","[0.7953380942344666, 0.7851420640945435, 0.8068165183067322, 0.8000251054763794, 0.7711349129676819]"
452,MEDQA,5.2540667638822924e-06,8.461825018457603e-06,2.81229904430802e-06,0.9997418522834778,0.00024156230210792273,2,7.9783360958099365,False,"['PBMD', 'PBMD', 'PBMD', 'PBMD', 'PBMD']","[468502519163763449, 468502519163679107, 468502519163618986, 468502519163779848, 468502519163661114]","[0.7717280387878418, 0.7464014291763306, 0.754959762096405, 0.7561516761779785, 0.7498977780342102]"
453,MEDQA,3.7264478578435956e-06,2.1444227968459018e-05,0.9999449253082275,2.6687772333389148e-05,3.1873998977971496e-06,2,10.09580683708191,False,"['STAT', 'PBMD', 'TEXT', 'TEXT', 'TEXT']","[468502519162736371, 468502519163618986, 468502519162342566, 468502519162395450, 468502519162394786]","[0.7675857543945312, 0.7750974893569946, 0.7714613676071167, 0.7686513066291809, 0.7998972535133362]"
454,MEDQA,0.07400105893611908,0.2972888946533203,0.18603864312171936,0.2623565196990967,0.1803148239850998,4,10.425627708435059,False,"['PBMD', 'PBMD', 'PBMD', 'TEXT', 'PBMD']","[468502519163702377, 468502519163631505, 468502519163942491, 468502519162365439, 468502519163596597]","[0.7505645751953125, 0.7583463191986084, 0.7479944825172424, 0.7490183115005493, 0.7696137428283691]"
455,MEDQA,0.9999289512634277,2.0461897292989306e-05,2.443824996589683e-06,4.2646257497835904e-05,5.337804850569228e-06,3,5.76192045211792,False,"['PBMD', 'PBMD', 'PBMD', 'PBMD', 'PBMD']","[468502519163434888, 468502519163359584, 468502519163455080, 468502519163021105, 468502519163390773]","[0.7999531030654907, 0.7939554452896118, 0.7873411178588867, 0.7862699627876282, 0.78899747133255]"
456,MEDQA,1.2410928320605308e-05,2.1612349883071147e-05,1.1658987205009907e-05,1.2508267900557257e-05,0.9999418258666992,1,8.212831974029541,False,"['PBMD', 'STAT', 'STAT', 'STAT', 'PBMD']","[468502519163579824, 468502519162949344, 468502519162990482, 468502519162899158, 468502519163742099]","[0.7942286729812622, 0.7841512560844421, 0.7919339537620544, 0.7793439030647278, 0.7849091291427612]"
457,MEDQA,0.00030421855626627803,0.00047487844130955637,0.9959938526153564,0.0027114704716950655,0.0005154756945557892,2,6.353483438491821,False,"['PBMD', 'STAT', 'TEXT', 'STAT', 'PBMD']","[468502519163922104, 468502519162716673, 468502519162328728, 468502519162912491, 468502519163643584]","[0.7898677587509155, 0.7982380390167236, 0.7963362336158752, 0.8008615970611572, 0.7921510338783264]"
458,MEDQA,5.6823914746928494e-06,3.0894627798261354e-06,8.8514588014732e-07,0.9999866485595703,3.7266033814375987e-06,3,8.207641124725342,False,"['PBMD', 'PBMD', 'PBMD', 'PBMD', 'PBMD']","[468502519163926040, 468502519163587662, 468502519163981600, 468502519163706303, 468502519163509021]","[0.8064181804656982, 0.8023930788040161, 0.8097176551818848, 0.8096559643745422, 0.8045679330825806]"
459,MEDQA,1.3709199038203224e-06,2.0260881683498155e-06,1.5779190789544373e-06,2.3644681277801283e-05,0.9999713897705078,4,5.803148031234741,False,"['STAT', 'TEXT', 'PBMD', 'PBMD', 'TEXT']","[468502519162460924, 468502519162389724, 468502519163621070, 468502519163723733, 468502519162307450]","[0.7802899479866028, 0.7901026010513306, 0.7698200345039368, 0.7715861797332764, 0.7934320569038391]"
460,MEDQA,1.0614759958116338e-05,0.9998599290847778,4.7844469008850865e-06,2.5463485144427978e-05,9.914867405313998e-05,0,8.55927586555481,False,"['PBMD', 'PBMD', 'PBMD', 'PBMD', 'PBMD']","[468502519163577111, 468502519163048881, 468502519163020082, 468502519163360146, 468502519163194416]","[0.8012695908546448, 0.7756813764572144, 0.7869024276733398, 0.7746431231498718, 0.7850944995880127]"
461,MEDQA,5.014561793359462e-06,2.3319876163441222e-06,9.721171636556392e-07,0.9999604225158691,3.1201652745949104e-05,3,9.441277265548706,False,"['PBMD', 'PBMD', 'PBMD', 'PBMD', 'PBMD']","[468502519163831273, 468502519163624302, 468502519163867345, 468502519163702830, 468502519163579846]","[0.7925399541854858, 0.7795644998550415, 0.7906169295310974, 0.7882982492446899, 0.7779452204704285]"
462,MEDQA,1.6442028936580755e-05,0.9999551773071289,5.4220054153120145e-06,1.2805064216081519e-05,1.0289158126397524e-05,1,5.083532333374023,False,"['TEXT', 'PBMD', 'PBMD', 'PBMD', 'STAT']","[468502519162387842, 468502519163747153, 468502519163870476, 468502519163430548, 468502519162458179]","[0.7845884561538696, 0.7900685667991638, 0.7948973178863525, 0.7970036864280701, 0.7842955589294434]"
463,MEDQA,1.0,4.94445062670934e-09,1.50797219156118e-09,3.432128892200126e-08,1.9555681518568235e-08,1,10.641473293304443,False,"['PBMD', 'PBMD', 'PBMD', 'PBMD', 'PBMD']","[468502519163945407, 468502519163756078, 468502519163906671, 468502519163986009, 468502519163111795]","[0.7831888794898987, 0.7832098007202148, 0.7767931222915649, 0.7779450416564941, 0.7778187394142151]"
464,MEDQA,1.653540039114887e-06,3.844595539703732e-06,0.9999078512191772,4.399906538310461e-05,4.264535891707055e-05,2,6.26400351524353,False,"['STAT', 'STAT', 'TEXT', 'PBMD', 'PBMD']","[468502519162849049, 468502519162751835, 468502519162396082, 468502519163634418, 468502519163870297]","[0.7481512427330017, 0.7456425428390503, 0.7534409761428833, 0.7739743590354919, 0.7570985555648804]"
465,MEDQA,2.3089235412498965e-07,6.47553633825737e-07,2.169032882193278e-07,0.9999357461929321,6.31507282378152e-05,3,4.590034246444702,False,"['STAT', 'PBMD', 'STAT', 'PBMD', 'PBMD']","[468502519162896281, 468502519163709248, 468502519162749091, 468502519163445260, 468502519163183177]","[0.7897307872772217, 0.787574827671051, 0.7874326109886169, 0.7874547243118286, 0.7919973134994507]"
466,MEDQA,1.3417412446870003e-05,1.3843326996720862e-05,0.999792754650116,0.00012930555385537446,5.0636786909308285e-05,2,7.19901704788208,False,"['TEXT', 'PBMD', 'PBMD', 'PBMD', 'PBMD']","[468502519162393788, 468502519163777647, 468502519163903006, 468502519163752305, 468502519163915398]","[0.8140074014663696, 0.7756494283676147, 0.7746091485023499, 0.7741335034370422, 0.7812969088554382]"
467,MEDQA,0.0024120528250932693,0.0002718333271332085,0.00067769835004583,0.1772131472826004,0.8194252848625183,4,9.658915758132935,False,"['PBMD', 'PBMD', 'TEXT', 'PBMD', 'TEXT']","[468502519163087121, 468502519163345681, 468502519162306117, 468502519163067076, 468502519162369468]","[0.7797039151191711, 0.7798562049865723, 0.7739091515541077, 0.7763226628303528, 0.779120922088623]"
468,MEDQA,0.999404788017273,0.00010467419633641839,4.004145012004301e-05,0.00015349456225521863,0.0002970265340991318,0,5.381020545959473,False,"['STAT', 'PBMD', 'PBMD', 'PBMD', 'PBMD']","[468502519162441398, 468502519163800372, 468502519163856039, 468502519163553511, 468502519163809587]","[0.763731837272644, 0.7587267160415649, 0.7664612531661987, 0.7608585357666016, 0.7573840618133545]"
469,MEDQA,0.9999653100967407,2.5466168153798208e-05,4.637734036805341e-06,1.3709116046811687e-06,3.1380477594211698e-06,0,7.279334306716919,False,"['PBMD', 'PBMD', 'PBMD', 'PBMD', 'PBMD']","[468502519163435802, 468502519163674915, 468502519163686279, 468502519163760049, 468502519163719420]","[0.7628287076950073, 0.7661175727844238, 0.7872357368469238, 0.7617584466934204, 0.769495964050293]"
470,MEDQA,0.9990416169166565,0.00011856830678880215,0.0002113708615070209,0.00012621530913747847,0.00050212477799505,0,8.430806398391724,False,"['PBMD', 'PBMD', 'PBMD', 'PBMD', 'STAT']","[468502519163633146, 468502519163194057, 468502519163898190, 468502519163922283, 468502519162807126]","[0.7846449613571167, 0.7824478149414062, 0.7960993051528931, 0.7907341718673706, 0.7741807699203491]"
471,MEDQA,1.818961425925636e-09,3.6174367945562835e-09,7.194131956822503e-09,1.6373770961308765e-07,0.9999998807907104,3,10.364182233810425,False,"['PBMD', 'PBMD', 'PBMD', 'PBMD', 'PBMD']","[468502519163185097, 468502519163257950, 468502519163307943, 468502519163477074, 468502519163192512]","[0.8050197958946228, 0.8037827610969543, 0.8199527263641357, 0.8132038116455078, 0.8189467787742615]"
472,MEDQA,0.00013539231440518051,0.0001232760987477377,0.9989166259765625,0.0003738301747944206,0.0004509252612479031,3,8.929998397827148,False,"['PBMD', 'PBMD', 'PBMD', 'PBMD', 'PBMD']","[468502519163344495, 468502519163162805, 468502519163348920, 468502519163623893, 468502519163151555]","[0.7723369598388672, 0.7795969843864441, 0.7709861397743225, 0.7718933820724487, 0.7714605331420898]"
473,MEDQA,1.602804331923835e-06,9.57078214014473e-07,3.92784102132282e-07,0.9999942779541016,2.726462071223068e-06,3,7.532092571258545,False,"['STAT', 'STAT', 'TEXT', 'STAT', 'TEXT']","[468502519162952386, 468502519162799665, 468502519162328131, 468502519162820227, 468502519162387755]","[0.7872443199157715, 0.7915685772895813, 0.7875860929489136, 0.7874725461006165, 0.8119696378707886]"
474,MEDQA,3.2887051020225044e-06,0.9999833106994629,3.089452320637065e-06,4.092859398951987e-06,6.144110102468403e-06,1,6.299829959869385,False,"['TEXT', 'PBMD', 'TEXT', 'PBMD', 'PBMD']","[468502519162385639, 468502519163650785, 468502519162419159, 468502519163980717, 468502519163635259]","[0.7892382144927979, 0.7944515347480774, 0.7746812105178833, 0.7738449573516846, 0.7734377384185791]"
475,MEDQA,5.421522928372724e-06,1.184169468615437e-05,9.664909157436341e-06,0.00010686623863875866,0.999866247177124,3,10.260164022445679,False,"['STAT', 'TEXT', 'TEXT', 'TEXT', 'TEXT']","[468502519162816857, 468502519162391079, 468502519162391174, 468502519162390966, 468502519162343628]","[0.7683175802230835, 0.7833471298217773, 0.7717140913009644, 0.7918003797531128, 0.7933340072631836]"
476,MEDQA,3.466263081008947e-07,8.059302558649506e-07,3.57629403424653e-07,0.9999814033508301,1.709745265543461e-05,3,6.795817852020264,False,"['PBMD', 'PBMD', 'PBMD', 'STAT', 'PBMD']","[468502519163176819, 468502519163728506, 468502519163877154, 468502519162918881, 468502519163789814]","[0.7700587511062622, 0.7832267880439758, 0.7940362095832825, 0.7875865697860718, 0.784760057926178]"
477,MEDQA,8.46339298732346e-06,1.1081549018854275e-05,6.438610398618039e-06,4.683766746893525e-05,0.9999271631240845,1,5.008840084075928,False,"['STAT', 'STAT', 'STAT', 'TEXT', 'TEXT']","[468502519162446972, 468502519162758434, 468502519162914370, 468502519162356750, 468502519162359890]","[0.7882023453712463, 0.79612135887146, 0.796826958656311, 0.7877117395401001, 0.787090539932251]"
478,MEDQA,8.661458196002059e-06,2.626554669404868e-05,0.9996225833892822,0.00031997988116927445,2.2466112568508834e-05,2,5.973369121551514,False,"['PBMD', 'TEXT', 'PBMD', 'PBMD', 'PBMD']","[468502519163077562, 468502519162349083, 468502519163807991, 468502519163664065, 468502519163477145]","[0.7597835063934326, 0.7590641975402832, 0.7587644457817078, 0.7596546411514282, 0.7672292590141296]"
479,MEDQA,4.49493245469057e-06,7.76654724177206e-06,2.8408849175320938e-05,0.9999401569366455,1.9222390619688667e-05,3,4.14569878578186,False,"['TEXT', 'STAT', 'TEXT', 'TEXT', 'PBMD']","[468502519162412054, 468502519162913243, 468502519162412055, 468502519162382042, 468502519163385397]","[0.7810999155044556, 0.7757790088653564, 0.7782055139541626, 0.7748545408248901, 0.7759112119674683]"
480,MEDQA,1.7229262084583752e-05,7.645438927283976e-06,8.66341815708438e-06,0.9998487234115601,0.00011774064478231594,1,9.96937608718872,False,"['PBMD', 'PBMD', 'PBMD', 'PBMD', 'PBMD']","[468502519163733110, 468502519163813613, 468502519163971406, 468502519163123466, 468502519163244320]","[0.801590621471405, 0.7962175011634827, 0.7986924648284912, 0.7973544597625732, 0.8033041954040527]"
481,MEDQA,0.9995777010917664,9.989809768740088e-05,2.1773927073809318e-05,0.00021314297919161618,8.747370156925172e-05,0,5.986905097961426,False,"['STAT', 'STAT', 'STAT', 'STAT', 'STAT']","[468502519162769879, 468502519162935007, 468502519162992123, 468502519162707596, 468502519162992105]","[0.7855616211891174, 0.7816300392150879, 0.8113878965377808, 0.7875238656997681, 0.7933650016784668]"
482,MEDQA,2.7103225875180215e-05,6.501725874841213e-05,0.9997672438621521,7.140749221434817e-05,6.921050953678787e-05,2,5.858696699142456,False,"['PBMD', 'PBMD', 'PBMD', 'PBMD', 'PBMD']","[468502519163598603, 468502519163848204, 468502519163829413, 468502519163598601, 468502519163833231]","[0.7913906574249268, 0.801794171333313, 0.8304976224899292, 0.809243381023407, 0.7999495267868042]"
483,MEDQA,2.1233001916698413e-06,8.013251317606773e-06,0.9999610185623169,1.9832987163681537e-05,9.080203199118841e-06,3,7.028897285461426,False,"['PBMD', 'PBMD', 'PBMD', 'PBMD', 'PBMD']","[468502519163658735, 468502519163187943, 468502519163024756, 468502519163252836, 468502519163677023]","[0.7730485796928406, 0.7749450206756592, 0.7728627324104309, 0.7779288291931152, 0.7844644784927368]"
484,MEDQA,3.0589447419515636e-07,1.3709239965464803e-06,6.475786449300358e-07,0.9999743700027466,2.3369282644125633e-05,3,7.193648815155029,False,"['PBMD', 'STAT', 'STAT', 'PBMD', 'PBMD']","[468502519163705196, 468502519162782145, 468502519162702515, 468502519163757471, 468502519163470240]","[0.7615635395050049, 0.7334548234939575, 0.7548461556434631, 0.7397124171257019, 0.7533528804779053]"
485,MEDQA,9.132147056334361e-07,0.9999551773071289,1.4144145552563714e-06,2.3319753381656483e-06,4.006349990959279e-05,4,9.243374824523926,False,"['PBMD', 'PBMD', 'PBMD', 'PBMD', 'PBMD']","[468502519163780951, 468502519163752116, 468502519163793542, 468502519163362904, 468502519163542850]","[0.782807469367981, 0.7779538631439209, 0.7776068449020386, 0.7732973694801331, 0.7926496863365173]"
486,MEDQA,0.003817147109657526,0.001454496174119413,0.994264543056488,0.0003025063779205084,0.00016128872812259942,2,9.65357518196106,False,"['PBMD', 'PBMD', 'PBMD', 'PBMD', 'PBMD']","[468502519163397073, 468502519163247240, 468502519163883425, 468502519163345565, 468502519163594849]","[0.7787038683891296, 0.7828625440597534, 0.7917245030403137, 0.7720921635627747, 0.7865668535232544]"
487,MEDQA,2.7693538413586793e-06,3.5007910810236353e-06,1.602778979759023e-06,1.373814757243963e-05,0.9999784231185913,3,10.1358003616333,False,"['PBMD', 'PBMD', 'PBMD', 'PBMD', 'PBMD']","[468502519163429413, 468502519163849432, 468502519163890916, 468502519163397629, 468502519163535018]","[0.81528240442276, 0.7962345480918884, 0.7882487177848816, 0.8212874531745911, 0.789496123790741]"
488,MEDQA,0.9998087286949158,3.168819966958836e-05,4.424663984536892e-06,3.647289122454822e-05,0.00011865935084642842,0,6.545938968658447,False,"['PBMD', 'PBMD', 'STAT', 'PBMD', 'TEXT']","[468502519163785668, 468502519163811052, 468502519162924844, 468502519163262704, 468502519162380686]","[0.8162214756011963, 0.8178113698959351, 0.8215153813362122, 0.8250247836112976, 0.8261969089508057]"
489,MEDQA,4.450821222690138e-07,4.737874519378238e-07,3.0590015853704244e-07,0.9999929666519165,5.8628070291888434e-06,3,7.565221071243286,False,"['PBMD', 'PBMD', 'PBMD', 'PBMD', 'PBMD']","[468502519163714107, 468502519163934936, 468502519163140392, 468502519163883732, 468502519163021397]","[0.8085166215896606, 0.7827848792076111, 0.781861424446106, 0.7814894914627075, 0.793586790561676]"
490,MEDQA,1.4737517631147057e-05,2.282591231050901e-05,0.9998859167098999,5.143899397808127e-05,2.5069362891372293e-05,2,9.222053289413452,False,"['PBMD', 'TEXT', 'STAT', 'PBMD', 'PBMD']","[468502519163184931, 468502519162327956, 468502519162793154, 468502519163485000, 468502519163140186]","[0.8188494443893433, 0.8016107082366943, 0.804560124874115, 0.8095839619636536, 0.7959967851638794]"
491,MEDQA,0.9999388456344604,8.800639079709072e-06,3.187380571034737e-06,4.4345531932776794e-05,4.710642770078266e-06,0,8.9885892868042,False,"['TEXT', 'TEXT', 'STAT', 'STAT', 'STAT']","[468502519162308364, 468502519162361703, 468502519162856935, 468502519162847996, 468502519162886198]","[0.7436367273330688, 0.753045380115509, 0.7409442663192749, 0.7409442067146301, 0.7409442067146301]"
492,MEDQA,0.0033143183682113886,0.8237581849098206,0.00782737322151661,0.02195241115987301,0.14314770698547363,2,5.928306579589844,False,"['PBMD', 'PBMD', 'TEXT', 'PBMD', 'PBMD']","[468502519163739350, 468502519163768953, 468502519162380256, 468502519163879459, 468502519163070967]","[0.7995007634162903, 0.8010789752006531, 0.8010777831077576, 0.8011490106582642, 0.7926023006439209]"
493,MEDQA,1.3925084658694686e-06,1.118911995945382e-06,5.368598863242369e-07,0.9999712705612183,2.5666056899353862e-05,3,4.7120137214660645,False,"['PBMD', 'PBMD', 'PBMD', 'PBMD', 'PBMD']","[468502519163642460, 468502519163714107, 468502519163626604, 468502519163605665, 468502519163698814]","[0.7848498821258545, 0.7920547127723694, 0.7941610813140869, 0.7863801717758179, 0.788318932056427]"
494,MEDQA,0.9998843669891357,6.108521483838558e-05,9.817288628255483e-06,3.763351196539588e-05,7.182481112977257e-06,0,7.2337470054626465,False,"['PBMD', 'PBMD', 'PBMD', 'PBMD', 'PBMD']","[468502519163241620, 468502519163229261, 468502519163787123, 468502519163129741, 468502519163769125]","[0.7681110501289368, 0.7790946960449219, 0.7782224416732788, 0.7636417150497437, 0.7587459683418274]"
495,MEDQA,6.747710813215235e-06,0.9999427795410156,4.092693416168913e-06,2.9082622859277762e-05,1.723088280414231e-05,0,5.604444980621338,False,"['PBMD', 'PBMD', 'PBMD', 'PBMD', 'PBMD']","[468502519163862327, 468502519163687529, 468502519163346276, 468502519163667091, 468502519163982192]","[0.7909383773803711, 0.7880861759185791, 0.7847794890403748, 0.7874191403388977, 0.781110942363739]"
496,MEDQA,1.3418052731140051e-05,1.9830597011605278e-05,7.526845820393646e-06,0.999840497970581,0.00011866311979247257,3,6.5643699169158936,False,"['PBMD', 'PBMD', 'TEXT', 'PBMD', 'PBMD']","[468502519163194658, 468502519163316469, 468502519162329136, 468502519163711419, 468502519163080704]","[0.8244761824607849, 0.832665741443634, 0.8140515089035034, 0.8035702705383301, 0.8082869648933411]"
497,MEDQA,1.4969953554100357e-05,0.999909520149231,7.888610525697004e-06,4.683684164774604e-05,2.0783721993211657e-05,3,6.111416816711426,False,"['PBMD', 'PBMD', 'TEXT', 'PBMD', 'PBMD']","[468502519163671578, 468502519163454495, 468502519162363096, 468502519163492810, 468502519163982406]","[0.7708773016929626, 0.7820299863815308, 0.7746211290359497, 0.7711324691772461, 0.7671127319335938]"
498,MEDQA,2.726230150074116e-06,8.26719042379409e-06,8.397379133384675e-06,7.141762762330472e-05,0.9999091625213623,0,8.321414709091187,False,"['TEXT', 'TEXT', 'PBMD', 'PBMD', 'TEXT']","[468502519162329177, 468502519162329226, 468502519163967114, 468502519163010076, 468502519162329132]","[0.7779451012611389, 0.7773047089576721, 0.7720513343811035, 0.767388641834259, 0.7721144556999207]"
499,MEDQA,2.4294215108966455e-05,5.4747859394410625e-05,0.9997277855873108,9.168541146209463e-05,0.00010148649744223803,3,4.505151748657227,False,"['PBMD', 'PBMD', 'PBMD', 'PBMD', 'PBMD']","[468502519163721743, 468502519163591188, 468502519163530905, 468502519163502084, 468502519163869794]","[0.7760322093963623, 0.7822222113609314, 0.7678813934326172, 0.7667248249053955, 0.7654781341552734]"
500,MEDQA,4.936807272315491e-06,8.39779204397928e-06,7.296128387679346e-06,0.9999582767486572,2.111204776156228e-05,1,5.492749929428101,False,"['STAT', 'PBMD', 'PBMD', 'PBMD', 'TEXT']","[468502519162712619, 468502519163223364, 468502519163285676, 468502519163890922, 468502519162326883]","[0.7864786386489868, 0.7953367233276367, 0.7916600704193115, 0.7876218557357788, 0.7865759134292603]"
501,MEDQA,2.976556970679667e-05,0.0001746673951856792,0.9997168183326721,4.3990661652060226e-05,3.479947554296814e-05,4,8.65280270576477,False,"['PBMD', 'PBMD', 'PBMD', 'PBMD', 'PBMD']","[468502519163324309, 468502519163259392, 468502519163345479, 468502519163924457, 468502519163112247]","[0.789395809173584, 0.7968583703041077, 0.8014925718307495, 0.8056304454803467, 0.7949665188789368]"
502,MEDQA,2.057980054814834e-06,8.800864634395111e-06,3.6118678963248385e-06,0.9999644756317139,2.1112178728799336e-05,1,8.76831340789795,False,"['PBMD', 'PBMD', 'PBMD', 'PBMD', 'PBMD']","[468502519163870056, 468502519163790830, 468502519163860192, 468502519163374149, 468502519163966129]","[0.8061805367469788, 0.8059545755386353, 0.8026319146156311, 0.7966894507408142, 0.811826229095459]"
503,MEDQA,1.4970818483561743e-05,0.9999673366546631,4.222713414492318e-06,6.962077350181062e-06,6.5402664404246025e-06,1,5.391627788543701,False,"['STAT', 'STAT', 'PBMD', 'PBMD', 'PBMD']","[468502519162851749, 468502519162437833, 468502519163430325, 468502519163404661, 468502519163184994]","[0.7797137498855591, 0.7650614976882935, 0.7945694923400879, 0.7741515636444092, 0.7828707695007324]"
504,MEDQA,6.143941391201224e-06,0.9999558925628662,1.8631271814228967e-05,3.39300663654285e-06,1.593617162143346e-05,2,7.160085201263428,False,"['PBMD', 'PBMD', 'PBMD', 'PBMD', 'PBMD']","[468502519163443195, 468502519163130190, 468502519163762224, 468502519163361930, 468502519163515970]","[0.8108099102973938, 0.8027522563934326, 0.7977519035339355, 0.81334388256073, 0.8031493425369263]"
505,MEDQA,6.747943189111538e-06,0.9999772310256958,2.1907364953221986e-06,9.368591236125212e-06,4.35679976362735e-06,1,5.541943311691284,False,"['STAT', 'PBMD', 'PBMD', 'PBMD', 'PBMD']","[468502519162929330, 468502519163502775, 468502519163611314, 468502519163435181, 468502519163536937]","[0.7802950739860535, 0.7776220440864563, 0.7904423475265503, 0.7807914614677429, 0.790661633014679]"
506,MEDQA,0.9999841451644897,6.144115104689263e-06,5.714917392651842e-07,5.7718621064850595e-06,3.340497414683341e-06,0,6.987093448638916,False,"['TEXT', 'TEXT', 'PBMD', 'TEXT', 'TEXT']","[468502519162327457, 468502519162361512, 468502519163307560, 468502519162361555, 468502519162404470]","[0.7679075598716736, 0.7649050354957581, 0.7672724723815918, 0.7638128995895386, 0.7678974866867065]"
507,MEDQA,1.8447818774802727e-06,2.0580027921823785e-06,4.3138081196048006e-07,0.9999754428863525,2.0303607016103342e-05,3,10.286444664001465,False,"['PBMD', 'PBMD', 'PBMD', 'PBMD', 'PBMD']","[468502519163644517, 468502519163917482, 468502519163746979, 468502519163379083, 468502519163809346]","[0.7937321662902832, 0.7990826368331909, 0.8054455518722534, 0.7963622212409973, 0.8134044408798218]"
508,MEDQA,1.1299376637907699e-05,2.264774047944229e-05,1.6185611457331106e-05,0.9998620748519897,8.766964310780168e-05,2,9.711395025253296,False,"['TEXT', 'PBMD', 'PBMD', 'TEXT', 'PBMD']","[468502519162361539, 468502519163249275, 468502519163524923, 468502519162357299, 468502519163247123]","[0.7820327281951904, 0.7762250900268555, 0.7749032974243164, 0.7871572375297546, 0.7801709771156311]"
509,MEDQA,7.811288469383726e-07,1.6536497469132883e-06,6.475785880866169e-07,2.269456490466837e-05,0.999974250793457,4,5.671894788742065,False,"['PBMD', 'PBMD', 'PBMD', 'PBMD', 'PBMD']","[468502519163906239, 468502519163755689, 468502519163618635, 468502519163133464, 468502519163709284]","[0.7765709161758423, 0.7706146836280823, 0.7751526832580566, 0.7866083383560181, 0.7750421762466431]"
510,MEDQA,0.9999321699142456,5.0933854254253674e-06,2.0579136617016047e-06,5.562138539971784e-05,5.014419912185986e-06,0,8.584546089172363,False,"['PBMD', 'PBMD', 'PBMD', 'TEXT', 'TEXT']","[468502519163747001, 468502519163815432, 468502519163708029, 468502519162340877, 468502519162340910]","[0.7561267614364624, 0.7557003498077393, 0.7556462287902832, 0.7659307718276978, 0.7582956552505493]"
511,MEDQA,0.9977402687072754,2.8792739612981677e-05,2.555500941525679e-06,6.288912845775485e-05,0.002165563404560089,0,8.906261444091797,False,"['PBMD', 'PBMD', 'TEXT', 'TEXT', 'TEXT']","[468502519163077858, 468502519163519169, 468502519162392467, 468502519162390966, 468502519162391174]","[0.7657893300056458, 0.7707325220108032, 0.7891523838043213, 0.7964953780174255, 0.7657060623168945]"
512,MEDQA,0.9999864101409912,8.530279046681244e-06,7.112345201676362e-07,3.041564241357264e-06,1.1365494856363512e-06,1,6.353610515594482,False,"['TEXT', 'STAT', 'STAT', 'TEXT', 'STAT']","[468502519162326071, 468502519162452594, 468502519162469804, 468502519162394177, 468502519162469814]","[0.8015187382698059, 0.8086492419242859, 0.8163841962814331, 0.8279476165771484, 0.8023673892021179]"
513,MEDQA,6.4385835685243364e-06,1.805745341698639e-05,9.515609235677402e-06,4.298047861084342e-05,0.9999229907989502,3,6.037499189376831,False,"['TEXT', 'TEXT', 'PBMD', 'STAT', 'STAT']","[468502519162394635, 468502519162294194, 468502519163542491, 468502519162910477, 468502519162878739]","[0.8104463815689087, 0.7737396955490112, 0.7728959321975708, 0.7719545364379883, 0.7719544768333435]"
514,MEDQA,9.931186184530816e-08,8.764241243852666e-08,3.059020627915743e-07,3.927860063868138e-07,0.9999991655349731,1,10.425651550292969,False,"['PBMD', 'PBMD', 'PBMD', 'PBMD', 'TEXT']","[468502519163971833, 468502519163439478, 468502519163655113, 468502519163506817, 468502519162395513]","[0.7953832149505615, 0.7992968559265137, 0.7944848537445068, 0.8116415739059448, 0.791477620601654]"
515,MEDQA,4.936682671541348e-06,1.8924238247564062e-05,2.123240619766875e-06,0.9999330043792725,4.101267040823586e-05,3,8.061192989349365,False,"['STAT', 'STAT', 'PBMD', 'STAT', 'STAT']","[468502519162741766, 468502519162775706, 468502519163694595, 468502519162431892, 468502519162761256]","[0.7579452991485596, 0.7605088949203491, 0.7577226758003235, 0.7643653750419617, 0.7630439400672913]"
516,MEDQA,2.7262221919954754e-06,9.2226910055615e-06,0.9999063014984131,3.705087146954611e-05,4.469188206712715e-05,4,4.551454067230225,False,"['PBMD', 'PBMD', 'PBMD', 'PBMD', 'TEXT']","[468502519163983277, 468502519163880224, 468502519163564957, 468502519163811171, 468502519162394476]","[0.7624615430831909, 0.7673830389976501, 0.7621972560882568, 0.7607532143592834, 0.770237922668457]"
517,MEDQA,7.888222171459347e-06,0.9998602867126465,4.936323421134148e-06,0.00010720531281549484,1.9830989913316444e-05,1,8.46350622177124,False,"['PBMD', 'PBMD', 'PBMD', 'PBMD', 'PBMD']","[468502519163485434, 468502519163540509, 468502519163664819, 468502519163361522, 468502519163231539]","[0.7770421504974365, 0.7709947228431702, 0.7977436184883118, 0.7897557020187378, 0.7741388082504272]"
518,MEDQA,1.012853863358032e-05,3.2188425393542275e-05,0.9998464584350586,6.921599560882896e-05,4.19816242356319e-05,2,9.205962896347046,False,"['PBMD', 'PBMD', 'PBMD', 'TEXT', 'STAT']","[468502519163678525, 468502519163270239, 468502519163511990, 468502519162307240, 468502519162708012]","[0.7780869007110596, 0.7650522589683533, 0.7670851945877075, 0.7701612710952759, 0.7714242339134216]"
519,MEDQA,1.7061139487850596e-06,0.9999576807022095,1.4144180795483408e-06,3.321389522170648e-05,5.95492292632116e-06,3,10.066706895828247,False,"['PBMD', 'STAT', 'PBMD', 'PBMD', 'PBMD']","[468502519163394544, 468502519162721515, 468502519163111999, 468502519163787420, 468502519163968794]","[0.7900729775428772, 0.7885684967041016, 0.8046681880950928, 0.799944281578064, 0.7964520454406738]"
520,MEDQA,0.011006633751094341,0.9754248857498169,0.00020277821749914438,0.00029504054691642523,0.013070700690150261,1,5.415891885757446,False,"['TEXT', 'PBMD', 'PBMD', 'PBMD', 'PBMD']","[468502519162370081, 468502519163711242, 468502519163061538, 468502519162992690, 468502519163016805]","[0.7948462963104248, 0.7741992473602295, 0.7735112309455872, 0.7732268571853638, 0.7851231098175049]"
521,MEDQA,8.071593393665921e-10,1.0364131775020269e-09,2.620462735691831e-10,4.691164079417831e-08,1.0,0,10.59675121307373,False,"['TEXT', 'PBMD', 'PBMD', 'PBMD', 'PBMD']","[468502519162294486, 468502519163607230, 468502519163696396, 468502519163542125, 468502519163315923]","[0.8039405941963196, 0.7851889133453369, 0.7833803296089172, 0.7972203493118286, 0.7839173674583435]"
522,MEDQA,1.9521032299962826e-05,4.197681482764892e-05,0.9997319579124451,0.00018812704365700483,1.8338312656851485e-05,3,6.439050674438477,False,"['PBMD', 'PBMD', 'PBMD', 'PBMD', 'PBMD']","[468502519163688651, 468502519163727774, 468502519163579217, 468502519163738017, 468502519163312631]","[0.7878031730651855, 0.7678177356719971, 0.7790714502334595, 0.7768741846084595, 0.767959713935852]"
523,MEDQA,1.2482546480896417e-06,1.5056824622661225e-06,1.1015807785952347e-06,1.0451508387632202e-05,0.9999856948852539,4,7.9084153175354,False,"['STAT', 'TEXT', 'TEXT', 'TEXT', 'PBMD']","[468502519162858362, 468502519162378039, 468502519162414133, 468502519162414115, 468502519163527104]","[0.8005000352859497, 0.799630343914032, 0.7950221300125122, 0.8006657361984253, 0.787449836730957]"
524,MEDQA,5.592738489212934e-06,4.859055025008274e-06,2.99357702715497e-06,0.9997084736824036,0.0002780272043310106,1,10.087077140808105,False,"['PBMD', 'PBMD', 'PBMD', 'PBMD', 'PBMD']","[468502519163016853, 468502519163960983, 468502519163200986, 468502519163155001, 468502519163388751]","[0.8016840815544128, 0.7956042885780334, 0.7943568229675293, 0.8045104742050171, 0.794140100479126]"
525,MEDQA,4.636364792531822e-06,7.644072866241913e-06,2.560443590482464e-06,0.9996700286865234,0.0003150339762214571,4,5.928111791610718,False,"['PBMD', 'PBMD', 'PBMD', 'STAT', 'PBMD']","[468502519163665953, 468502519163006860, 468502519163731071, 468502519162468514, 468502519163753474]","[0.7864991426467896, 0.7739964127540588, 0.7744371891021729, 0.7764461636543274, 0.7805594205856323]"
526,MEDQA,0.9576677083969116,0.0003697699576150626,0.0002581410517450422,0.038013387471437454,0.0036910357885062695,3,8.203805208206177,False,"['TEXT', 'PBMD', 'TEXT', 'TEXT', 'PBMD']","[468502519162392811, 468502519163630784, 468502519162390647, 468502519162329155, 468502519163040385]","[0.7680426836013794, 0.7621530294418335, 0.7579243779182434, 0.7611008882522583, 0.7577008605003357]"
527,MEDQA,0.9999641180038452,2.014537494687829e-05,1.0029790473709e-06,9.368468454340473e-06,5.4220536185312085e-06,0,8.211447715759277,False,"['PBMD', 'STAT', 'TEXT', 'PBMD', 'TEXT']","[468502519163656586, 468502519162468514, 468502519162328728, 468502519163521334, 468502519162395513]","[0.7633965015411377, 0.7851322293281555, 0.7690359354019165, 0.7709035277366638, 0.7721295356750488]"
528,MEDQA,8.013166734599508e-06,3.844759703497402e-06,3.446420123509597e-06,0.9999505281448364,3.426797047723085e-05,3,7.82215428352356,False,"['TEXT', 'PBMD', 'PBMD', 'PBMD', 'PBMD']","[468502519162311164, 468502519163359677, 468502519163169169, 468502519163503805, 468502519163473917]","[0.7674695253372192, 0.7636489272117615, 0.7538034319877625, 0.7610604166984558, 0.7836170792579651]"
529,MEDQA,4.092674316780176e-06,1.4970381926104892e-05,0.9999381303787231,1.012946722767083e-05,3.269832086516544e-05,2,6.517911195755005,False,"['PBMD', 'PBMD', 'PBMD', 'PBMD', 'PBMD']","[468502519163673273, 468502519163454495, 468502519163982406, 468502519163924203, 468502519163030910]","[0.7666440010070801, 0.7650979161262512, 0.7658519744873047, 0.7726980447769165, 0.7622119188308716]"
530,MEDQA,7.182832177932141e-06,1.1658887160592712e-05,2.5465351427556016e-05,2.2473093849839643e-05,0.9999332427978516,0,8.034786224365234,False,"['STAT', 'TEXT', 'PBMD', 'PBMD', 'PBMD']","[468502519162779121, 468502519162356049, 468502519163692458, 468502519163751643, 468502519163635429]","[0.77211594581604, 0.7537953853607178, 0.7606828212738037, 0.7631628513336182, 0.7551047801971436]"
531,MEDQA,1.9219947716919705e-05,2.93069206236396e-05,0.9998131394386292,0.00012242654338479042,1.5933896065689623e-05,3,7.707902669906616,False,"['STAT', 'PBMD', 'PBMD', 'STAT', 'PBMD']","[468502519162877467, 468502519163173711, 468502519163532771, 468502519162763387, 468502519163989752]","[0.7938650846481323, 0.7875170707702637, 0.791681170463562, 0.7929277420043945, 0.7900459170341492]"
532,MEDQA,5.770205916633131e-06,0.999697208404541,1.0613032827677671e-05,0.00021568122610915452,7.084682874847203e-05,1,9.806964635848999,False,"['PBMD', 'TEXT', 'TEXT', 'TEXT', 'PBMD']","[468502519163536955, 468502519162352298, 468502519162367439, 468502519162358051, 468502519163587248]","[0.7639647722244263, 0.7722100615501404, 0.7643228769302368, 0.7782681584358215, 0.7569609880447388]"
533,MEDQA,2.3319098545471206e-06,0.9999270439147949,4.222543338983087e-06,5.593960850092117e-06,6.084967026254162e-05,1,6.805743455886841,False,"['PBMD', 'PBMD', 'PBMD', 'PBMD', 'PBMD']","[468502519163686766, 468502519163676539, 468502519163721119, 468502519163443293, 468502519163758108]","[0.8619930744171143, 0.8633278608322144, 0.8368178606033325, 0.8395897746086121, 0.8385847210884094]"
534,MEDQA,8.138355951814447e-06,4.9853471864480525e-05,0.9998276233673096,7.843052298994735e-05,3.590810956666246e-05,2,5.150541067123413,False,"['STAT', 'STAT', 'TEXT', 'TEXT', 'TEXT']","[468502519162477246, 468502519162909941, 468502519162328245, 468502519162346223, 468502519162344609]","[0.7917274832725525, 0.7763165831565857, 0.7737864851951599, 0.7940332889556885, 0.7876489162445068]"
535,MEDQA,4.637654456018936e-06,6.540140930155758e-06,1.553419565425429e-06,0.9999481439590454,3.913515683962032e-05,3,8.212204933166504,False,"['PBMD', 'PBMD', 'PBMD', 'PBMD', 'PBMD']","[468502519163875774, 468502519163700077, 468502519163863186, 468502519163793203, 468502519163721290]","[0.7877360582351685, 0.812167763710022, 0.7862085700035095, 0.7936371564865112, 0.7922155261039734]"
536,MEDQA,4.425115548656322e-06,9.817547834245488e-06,4.9365730774297845e-06,6.993388524278998e-05,0.999910831451416,4,5.493897914886475,False,"['STAT', 'TEXT', 'PBMD', 'PBMD', 'PBMD']","[468502519162695295, 468502519162413274, 468502519163087093, 468502519163653302, 468502519163975523]","[0.7890840172767639, 0.7899801135063171, 0.7748375535011292, 0.7673687934875488, 0.7652506232261658]"
537,MEDQA,2.391693851677701e-05,3.0470970159512945e-05,3.1684798159403726e-05,0.0002124419843312353,0.9997014403343201,0,8.642279624938965,False,"['PBMD', 'STAT', 'TEXT', 'TEXT', 'STAT']","[468502519163750906, 468502519162935483, 468502519162392601, 468502519162364781, 468502519162829570]","[0.7685362100601196, 0.7653250694274902, 0.7724635004997253, 0.7757219076156616, 0.7694741487503052]"
538,MEDQA,0.6469077467918396,0.07726211100816727,0.0042247227393090725,0.2696712613105774,0.0019342191517353058,0,10.504258632659912,False,"['TEXT', 'PBMD', 'PBMD', 'PBMD', 'PBMD']","[468502519162395018, 468502519163371015, 468502519163414604, 468502519163405250, 468502519163140663]","[0.7966233491897583, 0.7769286036491394, 0.7841629981994629, 0.7815222144126892, 0.7798259258270264]"
539,MEDQA,9.72131488197192e-07,1.0029901886809967e-06,2.6841410090128193e-06,2.0145596863585524e-05,0.9999752044677734,4,4.663209915161133,False,"['TEXT', 'STAT', 'TEXT', 'PBMD', 'PBMD']","[468502519162350695, 468502519162471461, 468502519162385292, 468502519163961772, 468502519163770448]","[0.7878823280334473, 0.7915180325508118, 0.8013043403625488, 0.8014482259750366, 0.7887886166572571]"
540,MEDQA,2.057971187241492e-06,3.7265042465151055e-06,5.337970833352301e-06,2.8856797143816948e-05,0.9999600648880005,4,7.9411797523498535,False,"['PBMD', 'PBMD', 'PBMD', 'PBMD', 'PBMD']","[468502519163356849, 468502519163659697, 468502519163243257, 468502519163256634, 468502519163643253]","[0.7516247630119324, 0.7579603791236877, 0.7700348496437073, 0.7596437931060791, 0.7601643800735474]"
541,MEDQA,0.9345545172691345,0.001172813936136663,0.006247975397855043,0.05030955374240875,0.007715219631791115,0,4.195935010910034,False,"['PBMD', 'PBMD', 'PBMD', 'PBMD', 'PBMD']","[468502519163629257, 468502519163189015, 468502519163859872, 468502519163233012, 468502519163511874]","[0.7920559048652649, 0.7886690497398376, 0.7870137691497803, 0.7975022792816162, 0.7864544987678528]"
542,MEDQA,0.00031672851764597,0.00074219168163836,0.997225821018219,0.0008609574288129807,0.0008542573777958751,2,9.085707426071167,False,"['PBMD', 'PBMD', 'PBMD', 'STAT', 'PBMD']","[468502519163024410, 468502519163524139, 468502519163595532, 468502519162755524, 468502519163832945]","[0.8211094737052917, 0.8254948854446411, 0.8459914922714233, 0.8293278813362122, 0.8259857892990112]"
543,MEDQA,1.775780037860386e-05,3.317594018881209e-05,0.9988150596618652,0.0011192114325240254,1.472173426009249e-05,2,7.790415525436401,False,"['TEXT', 'TEXT', 'PBMD', 'PBMD', 'PBMD']","[468502519162412554, 468502519162294494, 468502519163670888, 468502519163188285, 468502519163953870]","[0.7734093070030212, 0.7911911010742188, 0.773590087890625, 0.7974137663841248, 0.786481499671936]"
544,MEDQA,0.00016168355068657547,0.00037482575862668455,0.001753607066348195,0.9976722598075867,3.755025318241678e-05,2,6.4496283531188965,False,"['STAT', 'PBMD', 'STAT', 'PBMD', 'PBMD']","[468502519162440789, 468502519163560180, 468502519162914842, 468502519163800347, 468502519163923826]","[0.7797083258628845, 0.7656767964363098, 0.7667747735977173, 0.767498254776001, 0.7709876894950867]"
545,MEDQA,6.681049171675113e-07,1.3708623782804352e-06,1.3708623782804352e-06,0.9999294281005859,6.707563443342224e-05,3,5.422958135604858,False,"['STAT', 'TEXT', 'PBMD', 'PBMD', 'PBMD']","[468502519162871672, 468502519162359454, 468502519163571624, 468502519163119474, 468502519163119318]","[0.7939274311065674, 0.7908557653427124, 0.8027747273445129, 0.8092362880706787, 0.7886927723884583]"
546,MEDQA,4.450835433544853e-07,9.276337777919252e-07,5.8963985338778e-07,0.9999961853027344,1.9333549516886706e-06,3,6.566670656204224,False,"['PBMD', 'PBMD', 'PBMD', 'PBMD', 'PBMD']","[468502519163664672, 468502519163867513, 468502519163721290, 468502519163069769, 468502519163698496]","[0.7685619592666626, 0.7655498385429382, 0.7614933252334595, 0.778601348400116, 0.7631760835647583]"
547,MEDQA,3.882485907524824e-05,4.005728987976909e-05,0.9998001456260681,8.091795461950824e-05,4.005728987976909e-05,4,5.221408367156982,False,"['PBMD', 'TEXT', 'PBMD', 'TEXT', 'TEXT']","[468502519163756702, 468502519162390966, 468502519163784115, 468502519162390647, 468502519162391331]","[0.7609634399414062, 0.8008629679679871, 0.7645844221115112, 0.7628942131996155, 0.782214879989624]"
548,MEDQA,0.9999252557754517,1.8057495253742673e-05,3.3929027267731726e-06,3.480673331068829e-05,1.8630700651556253e-05,4,7.320000171661377,False,"['PBMD', 'PBMD', 'PBMD', 'PBMD', 'PBMD']","[468502519163671392, 468502519163780832, 468502519163759232, 468502519163568051, 468502519163809693]","[0.8566001057624817, 0.8263014554977417, 0.8257178068161011, 0.8257904052734375, 0.8248925805091858]"
549,MEDQA,0.9999173879623413,6.61801896058023e-05,8.31460056360811e-07,1.045079443429131e-05,5.093310392112471e-06,1,10.509404182434082,False,"['TEXT', 'PBMD', 'TEXT', 'TEXT', 'PBMD']","[468502519162384280, 468502519163505074, 468502519162352351, 468502519162416480, 468502519163395982]","[0.7977807521820068, 0.8017743825912476, 0.7969110608100891, 0.8035753965377808, 0.7969272136688232]"
550,MEDQA,0.9999440908432007,3.244405161240138e-05,2.2957958663027966e-06,1.8631051716511138e-05,2.601477717689704e-06,0,6.952256202697754,False,"['STAT', 'STAT', 'STAT', 'TEXT', 'STAT']","[468502519162786160, 468502519162474910, 468502519162474906, 468502519162332852, 468502519162475015]","[0.7938456535339355, 0.8051396608352661, 0.7998881936073303, 0.798393726348877, 0.7816625833511353]"
551,MEDQA,0.9999210834503174,1.1842344065371435e-05,1.5055851463330328e-06,1.8057420675177127e-05,4.75749620818533e-05,0,9.083877325057983,False,"['PBMD', 'PBMD', 'PBMD', 'TEXT', 'PBMD']","[468502519163666425, 468502519163641079, 468502519163381256, 468502519162297262, 468502519163303746]","[0.7879871129989624, 0.7852784395217896, 0.7823481559753418, 0.7863446474075317, 0.791382908821106]"
552,MEDQA,5.539137077903433e-07,1.034847059599997e-06,5.896380343983765e-07,4.7850840019236784e-06,0.999993085861206,1,9.92754054069519,False,"['PBMD', 'PBMD', 'PBMD', 'PBMD', 'PBMD']","[468502519163841957, 468502519163959911, 468502519163390130, 468502519163185062, 468502519163295806]","[0.79432612657547, 0.7869656682014465, 0.7946839332580566, 0.788520097732544, 0.8011449575424194]"
553,MEDQA,2.0580171167239314e-06,0.999982476234436,1.0676852753022104e-06,7.889186235843226e-06,6.540365575347096e-06,1,5.04591965675354,False,"['STAT', 'TEXT', 'STAT', 'TEXT', 'STAT']","[468502519162766170, 468502519162345108, 468502519162440416, 468502519162394282, 468502519162440343]","[0.8037230372428894, 0.7986587285995483, 0.8118646144866943, 0.8033239841461182, 0.7912667393684387]"
554,MEDQA,2.8850538001279347e-05,0.9997431635856628,1.2026694093947299e-05,7.72080456954427e-05,0.00013871773262508214,0,9.036395788192749,False,"['STAT', 'PBMD', 'PBMD', 'PBMD', 'PBMD']","[468502519162937354, 468502519163692458, 468502519163884338, 468502519163722532, 468502519163626246]","[0.7746948003768921, 0.7968331575393677, 0.7709843516349792, 0.78932124376297, 0.7940508127212524]"
555,MEDQA,4.936315690429183e-06,2.07826669793576e-05,0.9998587369918823,7.84329604357481e-05,3.704910704982467e-05,2,6.94098687171936,False,"['PBMD', 'TEXT', 'PBMD', 'PBMD', 'STAT']","[468502519163384526, 468502519162370266, 468502519163491173, 468502519162993722, 468502519162856935]","[0.747602105140686, 0.7604007720947266, 0.7479360699653625, 0.7502188682556152, 0.7448273301124573]"
556,MEDQA,4.028592229587957e-06,0.9997815489768982,1.442060920453514e-06,3.064791826545843e-06,0.0002098812983604148,0,10.453280687332153,False,"['PBMD', 'PBMD', 'STAT', 'TEXT', 'STAT']","[468502519163748202, 468502519163107538, 468502519162746196, 468502519162379170, 468502519162766500]","[0.7771190404891968, 0.7690311670303345, 0.7734878659248352, 0.7802565693855286, 0.7774534225463867]"
557,MEDQA,1.3287070714795846e-06,1.4284946701081935e-05,0.9999457597732544,3.426780676818453e-05,4.356662429927383e-06,2,9.423589706420898,False,"['STAT', 'TEXT', 'PBMD', 'PBMD', 'STAT']","[468502519162749091, 468502519162394786, 468502519163883950, 468502519163360454, 468502519162906525]","[0.7581729888916016, 0.7835080027580261, 0.7586788535118103, 0.7604920268058777, 0.758531928062439]"
558,MEDQA,2.331977157155052e-06,1.8631271814228967e-05,0.9999558925628662,1.0451196430949494e-05,1.2606549717020243e-05,2,9.89674425125122,False,"['STAT', 'PBMD', 'TEXT', 'STAT', 'TEXT']","[468502519162749091, 468502519163107538, 468502519162350455, 468502519162773785, 468502519162379170]","[0.780225932598114, 0.7696710824966431, 0.7638293504714966, 0.7638379335403442, 0.7835710048675537]"
559,MEDQA,5.862491889274679e-06,0.9999392032623291,3.392950020497665e-06,2.812854290823452e-06,4.87040524603799e-05,1,3.605443239212036,False,"['PBMD', 'PBMD', 'PBMD', 'PBMD', 'PBMD']","[468502519163207214, 468502519163424251, 468502519163288919, 468502519163308652, 468502519163255386]","[0.7079805731773376, 0.7072944045066833, 0.7051298022270203, 0.7072778940200806, 0.708168089389801]"
560,MEDQA,2.0065566786797717e-05,0.9999009370803833,4.264506424078718e-05,2.0905679775751196e-05,1.5475212421733886e-05,0,10.75270962715149,False,"['PBMD', 'PBMD', 'PBMD', 'TEXT', 'TEXT']","[468502519163941249, 468502519163645357, 468502519163759343, 468502519162394476, 468502519162391331]","[0.7919869422912598, 0.7817915081977844, 0.7815724611282349, 0.777230978012085, 0.7852375507354736]"
561,MEDQA,1.7054114778147778e-06,4.563917627820047e-06,1.0446912710904144e-05,0.9995459914207458,0.0004373271076474339,3,6.226658344268799,False,"['PBMD', 'PBMD', 'PBMD', 'PBMD', 'PBMD']","[468502519163924157, 468502519163389497, 468502519163270239, 468502519163978797, 468502519163733264]","[0.7830888032913208, 0.7806217670440674, 0.7739019393920898, 0.7688536643981934, 0.7884252071380615]"
562,MEDQA,9.22300387173891e-06,0.9999402761459351,3.187385118508246e-06,2.8408852813299745e-05,1.8924376490758732e-05,1,7.341356515884399,False,"['STAT', 'PBMD', 'STAT', 'TEXT', 'STAT']","[468502519162821803, 468502519163807372, 468502519162453685, 468502519162348789, 468502519162812264]","[0.7882022857666016, 0.7968860864639282, 0.7962939739227295, 0.7919951677322388, 0.8106040954589844]"
563,MEDQA,0.9996117949485779,6.43657949694898e-06,7.069199909892632e-06,6.43657949694898e-06,0.0003682906099129468,0,7.146718263626099,False,"['PBMD', 'PBMD', 'PBMD', 'STAT', 'PBMD']","[468502519163176100, 468502519163509613, 468502519163150854, 468502519162704735, 468502519163305596]","[0.8068362474441528, 0.8142764568328857, 0.7966134548187256, 0.8087033629417419, 0.8081788420677185]"
564,MEDQA,1.6536395150978933e-06,2.260257133457344e-06,9.72124553300091e-07,0.9999680519104004,2.7108670110465027e-05,0,6.602253198623657,False,"['PBMD', 'TEXT', 'PBMD', 'TEXT', 'PBMD']","[468502519163992846, 468502519162390845, 468502519163636623, 468502519162391082, 468502519163735282]","[0.7508655786514282, 0.746343195438385, 0.7420746684074402, 0.738582968711853, 0.7661721110343933]"
565,MEDQA,1.012886241369415e-05,9.515185411146376e-06,0.9998784065246582,2.5864954295684583e-05,7.602132973261178e-05,2,9.53945279121399,False,"['PBMD', 'PBMD', 'PBMD', 'PBMD', 'PBMD']","[468502519163655074, 468502519163716648, 468502519163543372, 468502519163092246, 468502519163983589]","[0.8008182048797607, 0.8038867712020874, 0.787039041519165, 0.8036956191062927, 0.784935712814331]"
566,MEDQA,0.00016834707639645785,0.9980192184448242,0.0007633728091605008,0.00076936004916206,0.00027973431861028075,1,8.761554956436157,False,"['TEXT', 'PBMD', 'PBMD', 'PBMD', 'TEXT']","[468502519162412554, 468502519163692458, 468502519163711373, 468502519163542125, 468502519162294494]","[0.7904661297798157, 0.7877201437950134, 0.7871266603469849, 0.7819936275482178, 0.7818377614021301]"
567,MEDQA,3.785130047617713e-06,4.784852535522077e-06,5.862524176336592e-06,4.0853254176909104e-05,0.9999446868896484,4,5.557445764541626,False,"['PBMD', 'STAT', 'STAT', 'STAT', 'PBMD']","[468502519163564656, 468502519162487977, 468502519162910477, 468502519162878739, 468502519163536955]","[0.7672221064567566, 0.7779052257537842, 0.760482132434845, 0.7604820728302002, 0.7571477890014648]"
568,MEDQA,0.9999951124191284,3.5008495160582243e-06,2.8736724289046833e-07,9.874599982140353e-07,2.785258743642771e-07,0,6.194366693496704,False,"['PBMD', 'TEXT', 'PBMD', 'STAT', 'PBMD']","[468502519163582365, 468502519162414684, 468502519163732028, 468502519162857100, 468502519163814088]","[0.8300858736038208, 0.8095769882202148, 0.8086943626403809, 0.7995116710662842, 0.8179011344909668]"
569,MEDQA,1.3285931572681875e-06,0.9998600482940674,2.0577651866915403e-06,8.092280040727928e-05,5.5617372709093615e-05,1,6.663419008255005,False,"['PBMD', 'STAT', 'PBMD', 'STAT', 'TEXT']","[468502519163605171, 468502519162876344, 468502519163542344, 468502519162904691, 468502519162360870]","[0.773065447807312, 0.772792398929596, 0.7715596556663513, 0.7816224098205566, 0.7896719574928284]"
570,MEDQA,0.9996330738067627,9.096329449675977e-05,7.886429557402153e-06,0.00015840317064430565,0.00010972267773468047,0,8.679807186126709,False,"['PBMD', 'PBMD', 'PBMD', 'PBMD', 'PBMD']","[468502519163533074, 468502519163889484, 468502519163292087, 468502519163141808, 468502519163724420]","[0.752265214920044, 0.729265034198761, 0.738559365272522, 0.7536015510559082, 0.7379021644592285]"
571,MEDQA,3.0415526452998165e-06,5.093642357678618e-06,5.8627465477911755e-06,0.9999825954437256,3.4465306271158624e-06,2,5.9805779457092285,False,"['PBMD', 'PBMD', 'PBMD', 'PBMD', 'PBMD']","[468502519163570821, 468502519163631452, 468502519163537989, 468502519163976518, 468502519163001743]","[0.7699494361877441, 0.7766342759132385, 0.7910254001617432, 0.7933278679847717, 0.7915533185005188]"
572,MEDQA,6.060946543584578e-05,1.6440761100966483e-05,0.9998780488967896,2.7966674679191783e-05,1.696264553174842e-05,2,8.407951831817627,False,"['STAT', 'STAT', 'STAT', 'PBMD', 'STAT']","[468502519162926191, 468502519162842901, 468502519162439175, 468502519163065047, 468502519162832865]","[0.7387235760688782, 0.7590109705924988, 0.7564569115638733, 0.7472686171531677, 0.7450132966041565]"
573,MEDQA,5.826662163599394e-05,3.589702464523725e-05,0.9995189905166626,6.81205783621408e-05,0.0003186993417330086,2,6.465216398239136,False,"['STAT', 'TEXT', 'STAT', 'TEXT', 'PBMD']","[468502519162429583, 468502519162411157, 468502519162833871, 468502519162342970, 468502519163946011]","[0.7854392528533936, 0.7748533487319946, 0.786240816116333, 0.7822295427322388, 0.7892575860023499]"
574,MEDQA,0.00281147682107985,0.002097489545121789,0.9730053544044495,0.0031150616705417633,0.018970584496855736,2,9.777907133102417,False,"['STAT', 'STAT', 'TEXT', 'TEXT', 'TEXT']","[468502519162906485, 468502519162797047, 468502519162306698, 468502519162347362, 468502519162328873]","[0.7916681170463562, 0.7842514514923096, 0.7875240445137024, 0.7845224142074585, 0.7938462495803833]"
575,MEDQA,0.00018508866196498275,0.9990748167037964,0.0001441471977159381,0.00048008342855609953,0.00011582551815081388,2,7.892558336257935,False,"['PBMD', 'TEXT', 'PBMD', 'TEXT', 'PBMD']","[468502519163870167, 468502519162359865, 468502519163567267, 468502519162368388, 468502519163468719]","[0.7541857957839966, 0.7596575617790222, 0.7705943584442139, 0.7599364519119263, 0.750904381275177]"
576,MEDQA,1.6536341718165204e-06,4.425354745762888e-06,1.5056509710120736e-06,0.9999648332595825,2.7535481422091834e-05,4,6.425309181213379,False,"['PBMD', 'TEXT', 'TEXT', 'TEXT', 'TEXT']","[468502519163617157, 468502519162329409, 468502519162336344, 468502519162336343, 468502519162307708]","[0.7954732179641724, 0.8286116123199463, 0.7998332977294922, 0.8065862655639648, 0.7872154712677002]"
577,MEDQA,1.8738566041065496e-06,0.9999880790710449,4.888246394330054e-07,7.646504855074454e-06,1.933339262905065e-06,1,7.5476579666137695,False,"['PBMD', 'PBMD', 'STAT', 'PBMD', 'PBMD']","[468502519163519169, 468502519163458262, 468502519162489774, 468502519163293102, 468502519163901679]","[0.7869938611984253, 0.7841877937316895, 0.7954649329185486, 0.7851511240005493, 0.7799746990203857]"
578,MEDQA,3.726298700712505e-06,0.9999048709869385,2.2601143427891657e-06,1.0782402569020633e-05,7.843657658668235e-05,1,8.63249683380127,False,"['PBMD', 'STAT', 'TEXT', 'PBMD', 'PBMD']","[468502519163791878, 468502519162808816, 468502519162393077, 468502519163761648, 468502519163984701]","[0.7600774168968201, 0.7665479183197021, 0.7996946573257446, 0.8017071485519409, 0.7604037523269653]"
579,MEDQA,0.9995996356010437,5.3892166761215776e-05,1.1121276656922419e-05,6.603005749639124e-05,0.0002694438735488802,4,8.351886510848999,False,"['PBMD', 'PBMD', 'STAT', 'PBMD', 'TEXT']","[468502519163896813, 468502519163571543, 468502519162928434, 468502519163674485, 468502519162329132]","[0.7919163107872009, 0.7880092859268188, 0.792896032333374, 0.7887226343154907, 0.7876948714256287]"
580,MEDQA,0.9993072748184204,0.0003431799996178597,1.8619186448631808e-05,0.00028955150628462434,4.130847082706168e-05,0,7.061847686767578,False,"['TEXT', 'PBMD', 'STAT', 'STAT', 'PBMD']","[468502519162361449, 468502519163765778, 468502519162910462, 468502519162878724, 468502519163292295]","[0.7705798745155334, 0.7649582624435425, 0.7566821575164795, 0.7564101219177246, 0.7921443581581116]"
581,MEDQA,7.194130180465663e-09,4.944448850352501e-09,3.617435906377864e-09,3.4663264614209766e-07,0.9999996423721313,3,10.578828811645508,False,"['PBMD', 'PBMD', 'PBMD', 'PBMD', 'PBMD']","[468502519163586403, 468502519163969971, 468502519163485422, 468502519163816676, 468502519163573669]","[0.8043144941329956, 0.7773023247718811, 0.785550594329834, 0.8001729249954224, 0.7889907360076904]"
582,MEDQA,0.0012850105995312333,0.004083755426108837,0.8547140955924988,0.000388856278732419,0.13952824473381042,4,10.652324676513672,False,"['PBMD', 'PBMD', 'PBMD', 'TEXT', 'PBMD']","[468502519163673410, 468502519163551696, 468502519163083062, 468502519162316878, 468502519163146230]","[0.7769371271133423, 0.7782741785049438, 0.7966269254684448, 0.7815462946891785, 0.7766892313957214]"
583,MEDQA,0.0001646603486733511,6.398011464625597e-05,2.6257386707584374e-05,0.9993120431900024,0.00043297576485201716,4,6.030135869979858,False,"['PBMD', 'PBMD', 'PBMD', 'PBMD', 'PBMD']","[468502519163642788, 468502519163246380, 468502519163965786, 468502519163764618, 468502519163658102]","[0.763984203338623, 0.7624133229255676, 0.7703456878662109, 0.778817355632782, 0.763489305973053]"
584,MEDQA,3.089427764280117e-06,0.999975323677063,1.4144430906526395e-06,1.1842987078125589e-05,8.397934834647458e-06,4,7.010033845901489,False,"['STAT', 'STAT', 'STAT', 'STAT', 'STAT']","[468502519162916260, 468502519162462142, 468502519162790531, 468502519162815113, 468502519162486366]","[0.8226736783981323, 0.8362140655517578, 0.8009820580482483, 0.7947922348976135, 0.7977940440177917]"
585,MEDQA,2.9022187391092302e-06,6.240751190489391e-06,5.093552317703143e-06,2.0784875232493505e-05,0.9999649524688721,4,7.421901702880859,False,"['STAT', 'TEXT', 'PBMD', 'PBMD', 'PBMD']","[468502519162774236, 468502519162412554, 468502519163692458, 468502519163663812, 468502519163889426]","[0.786057710647583, 0.7753005027770996, 0.7787344455718994, 0.7637116312980652, 0.7630598545074463]"
586,MEDQA,2.6425529995321995e-06,0.9999849796295166,1.0029999657490407e-06,5.771866653958568e-06,5.771866653958568e-06,1,7.2478086948394775,False,"['PBMD', 'PBMD', 'PBMD', 'PBMD', 'PBMD']","[468502519163519083, 468502519163297802, 468502519163836528, 468502519163157266, 468502519163906674]","[0.7739492058753967, 0.7741590142250061, 0.7783976793289185, 0.779865562915802, 0.7731242775917053]"
587,MEDQA,2.902201686083572e-06,4.495017947192537e-06,5.2552081797330175e-06,2.8188303986098617e-05,0.9999591112136841,4,10.129958391189575,False,"['PBMD', 'TEXT', 'PBMD', 'PBMD', 'PBMD']","[468502519163156189, 468502519162378475, 468502519163700145, 468502519163958091, 468502519163860638]","[0.7499933838844299, 0.7751612067222595, 0.7940608263015747, 0.7544341087341309, 0.7443444728851318]"
588,MEDQA,0.9999613761901855,1.221875299961539e-05,1.287847112507734e-06,8.800837349554058e-06,1.6187217624974437e-05,0,7.960599660873413,False,"['PBMD', 'PBMD', 'PBMD', 'TEXT', 'TEXT']","[468502519163142330, 468502519163340386, 468502519163263267, 468502519162312947, 468502519162295200]","[0.7742294073104858, 0.769370436668396, 0.767036497592926, 0.7597743272781372, 0.7606093883514404]"
589,MEDQA,2.406043222435983e-06,4.86034059576923e-06,4.157269813731546e-06,1.568937295814976e-05,0.999972939491272,4,4.429102182388306,False,"['STAT', 'STAT', 'TEXT', 'STAT', 'TEXT']","[468502519162490873, 468502519162490871, 468502519162295184, 468502519162490872, 468502519162295112]","[0.8115218877792358, 0.7849528193473816, 0.8026663064956665, 0.7783994674682617, 0.781141459941864]"
590,MEDQA,3.6116048249823507e-06,1.4284173630585428e-05,0.9998916387557983,4.908370829070918e-05,4.133262700634077e-05,2,9.47474455833435,False,"['PBMD', 'STAT', 'PBMD', 'PBMD', 'PBMD']","[468502519163532392, 468502519162927197, 468502519163836246, 468502519163147842, 468502519163550160]","[0.7692351341247559, 0.7736032605171204, 0.7814252972602844, 0.7723076939582825, 0.7767874598503113]"
591,MEDQA,8.068500756053254e-05,0.0016333123203366995,0.996921956539154,0.0009791124612092972,0.0003849266213364899,2,6.73502516746521,False,"['PBMD', 'PBMD', 'PBMD', 'PBMD', 'TEXT']","[468502519163671068, 468502519163897669, 468502519163908514, 468502519163157170, 468502519162375137]","[0.7909842133522034, 0.7893147468566895, 0.80629563331604, 0.7945107221603394, 0.8019116520881653]"
592,MEDQA,0.00012715987395495176,0.0005158601561561227,0.0001176036530523561,0.0005539779085665941,0.9986854195594788,1,8.511260986328125,False,"['PBMD', 'PBMD', 'PBMD', 'PBMD', 'PBMD']","[468502519163562368, 468502519163550397, 468502519163804261, 468502519163738503, 468502519163566825]","[0.7648088335990906, 0.7635985612869263, 0.7724494934082031, 0.7601255774497986, 0.7615088224411011]"
593,MEDQA,4.313899353292072e-07,3.6898737221235933e-07,1.490843715146184e-07,0.999996542930603,2.4439902972517302e-06,3,6.629458427429199,False,"['PBMD', 'PBMD', 'PBMD', 'PBMD', 'PBMD']","[468502519163752088, 468502519163769421, 468502519163778876, 468502519163878253, 468502519163735478]","[0.7780570983886719, 0.7698145508766174, 0.7732114791870117, 0.765048623085022, 0.7650039792060852]"
594,MEDQA,0.9998985528945923,1.8630204067449085e-05,4.0290638025908265e-06,7.676891254959628e-05,2.025940602834453e-06,3,6.005318880081177,False,"['PBMD', 'TEXT', 'PBMD', 'TEXT', 'PBMD']","[468502519163489889, 468502519162307148, 468502519163778867, 468502519162413120, 468502519163732140]","[0.7962135076522827, 0.7816329002380371, 0.7988282442092896, 0.7812595963478088, 0.7887413501739502]"
595,MEDQA,0.9999700784683228,7.2962143349286634e-06,3.2886614462768193e-06,1.6701200365787372e-05,2.6425136638863478e-06,1,7.87768030166626,False,"['STAT', 'STAT', 'PBMD', 'PBMD', 'PBMD']","[468502519162808942, 468502519162703928, 468502519163284563, 468502519163393906, 468502519163617629]","[0.7798131108283997, 0.795796275138855, 0.7834080457687378, 0.7855180501937866, 0.7933181524276733]"
596,MEDQA,7.409713361994363e-06,0.9997811913490295,9.514260455034673e-06,0.00012930405500810593,7.253300282172859e-05,2,7.726388216018677,False,"['PBMD', 'PBMD', 'PBMD', 'PBMD', 'PBMD']","[468502519163004733, 468502519163323021, 468502519163650025, 468502519163147726, 468502519163664219]","[0.7966015338897705, 0.8000348806381226, 0.783714771270752, 0.7971583604812622, 0.7908405661582947]"
597,MEDQA,4.63710784970317e-06,2.8853051844635047e-05,0.9998302459716797,1.4736697266926058e-05,0.00012147588859079406,2,7.985689878463745,False,"['PBMD', 'PBMD', 'PBMD', 'PBMD', 'PBMD']","[468502519163741666, 468502519163191794, 468502519163096712, 468502519163087750, 468502519163079771]","[0.7683416604995728, 0.7707586288452148, 0.775460958480835, 0.763338565826416, 0.7689844965934753]"
598,MEDQA,5.9169193264096975e-05,0.00017390793072991073,0.999265730381012,0.00016337136912625283,0.0003378454421181232,1,4.75217342376709,False,"['PBMD', 'PBMD', 'PBMD', 'STAT', 'STAT']","[468502519163856232, 468502519163304887, 468502519163962886, 468502519162811808, 468502519162811829]","[0.7686773538589478, 0.772419273853302, 0.7820205688476562, 0.7772440910339355, 0.7772440910339355]"
599,MEDQA,4.591993274516426e-07,6.681310651401873e-07,2.616438905533869e-07,0.9999685287475586,3.0006576707819477e-05,3,7.4354026317596436,False,"['PBMD', 'PBMD', 'PBMD', 'PBMD', 'PBMD']","[468502519163700543, 468502519163754973, 468502519163906057, 468502519163447824, 468502519163309111]","[0.7593614459037781, 0.7613013982772827, 0.7525027990341187, 0.7621214985847473, 0.7550414800643921]"
600,MEDQA,1.0615329301799648e-05,1.1124770026071928e-05,1.2028744095005095e-05,5.266028892947361e-05,0.9999135732650757,4,8.089666843414307,False,"['TEXT', 'TEXT', 'PBMD', 'PBMD', 'TEXT']","[468502519162324835, 468502519162323144, 468502519163755162, 468502519163735038, 468502519162324839]","[0.8481338024139404, 0.8435980081558228, 0.8394883871078491, 0.8309962153434753, 0.8353537917137146]"
601,MEDQA,5.28547616340802e-07,6.89355999838881e-07,4.888265721092466e-07,6.289867997111287e-06,0.9999920129776001,4,6.8571999073028564,False,"['PBMD', 'PBMD', 'PBMD', 'PBMD', 'PBMD']","[468502519163822207, 468502519163820551, 468502519163822604, 468502519163413213, 468502519163815134]","[0.8251609206199646, 0.797426700592041, 0.8026885986328125, 0.7986890077590942, 0.8003288507461548]"
602,MEDQA,0.00010718274279497564,0.9996497631072998,4.9071833927882835e-05,7.252347131725401e-05,0.00012145396613050252,0,6.9746904373168945,False,"['PBMD', 'PBMD', 'TEXT', 'PBMD', 'PBMD']","[468502519163645830, 468502519163927242, 468502519162394396, 468502519163896983, 468502519163691122]","[0.7583543062210083, 0.7851040363311768, 0.8138668537139893, 0.785087525844574, 0.7619186639785767]"
603,MEDQA,1.9332369447511155e-06,0.9999351501464844,3.611761940192082e-06,1.3630647117679473e-05,4.575303682941012e-05,1,5.14694619178772,False,"['TEXT', 'PBMD', 'TEXT', 'TEXT', 'PBMD']","[468502519162329901, 468502519163737198, 468502519162307023, 468502519162379170, 468502519163732094]","[0.7781286835670471, 0.7758227586746216, 0.7753693461418152, 0.7948870062828064, 0.7772794961929321]"
604,MEDQA,0.9999840259552002,9.81826724455459e-06,8.059324159148673e-07,4.710856046585832e-06,6.276608246480464e-07,0,4.47153902053833,False,"['TEXT', 'TEXT', 'STAT', 'PBMD', 'PBMD']","[468502519162307802, 468502519162387510, 468502519162780806, 468502519163705196, 468502519162995877]","[0.8034361004829407, 0.7701252698898315, 0.7695434093475342, 0.7923442125320435, 0.8051059246063232]"
605,MEDQA,1.0029681334344787e-06,1.3924832273914944e-06,1.2678704024438048e-06,4.323436223785393e-05,0.9999531507492065,2,9.107831239700317,False,"['PBMD', 'PBMD', 'PBMD', 'PBMD', 'PBMD']","[468502519163751558, 468502519163874092, 468502519163773159, 468502519163970418, 468502519163792318]","[0.7612374424934387, 0.7611604332923889, 0.7711377143859863, 0.7733767628669739, 0.760482907295227]"
606,MEDQA,1.341888855677098e-05,1.763879663485568e-05,2.4681112336111255e-05,4.149485903326422e-05,0.9999027252197266,4,5.154888868331909,False,"['PBMD', 'PBMD', 'STAT', 'TEXT', 'TEXT']","[468502519163223364, 468502519163059681, 468502519162946880, 468502519162411888, 468502519162294839]","[0.7951222658157349, 0.7705647945404053, 0.7811209559440613, 0.7737089395523071, 0.792252779006958]"
607,MEDQA,1.873833980425843e-06,4.28924886364257e-06,6.144065082480665e-06,0.9999760389328003,1.1659386473183986e-05,3,5.7733917236328125,False,"['PBMD', 'PBMD', 'PBMD', 'PBMD', 'PBMD']","[468502519163761946, 468502519163538832, 468502519163761945, 468502519163969653, 468502519163280714]","[0.8317173719406128, 0.8021447062492371, 0.8317290544509888, 0.829643189907074, 0.801935613155365]"
608,MEDQA,7.411106253130129e-06,6.3390552895725705e-06,4.4950629671802744e-06,0.9999691247940063,1.2606716154550668e-05,3,7.909487724304199,False,"['PBMD', 'PBMD', 'PBMD', 'STAT', 'PBMD']","[468502519163220727, 468502519163470338, 468502519163939787, 468502519162961197, 468502519163387099]","[0.7872536778450012, 0.7717913389205933, 0.7656320929527283, 0.770551860332489, 0.7799285054206848]"
609,MEDQA,7.453666626133781e-07,1.0676884585336666e-06,1.2482543070291285e-06,1.143398094427539e-05,0.9999854564666748,4,7.695766925811768,False,"['STAT', 'PBMD', 'PBMD', 'PBMD', 'STAT']","[468502519162948341, 468502519163334243, 468502519163339848, 468502519163335859, 468502519162902948]","[0.7953969240188599, 0.7992534041404724, 0.793285071849823, 0.7964122891426086, 0.7941029071807861]"
610,MEDQA,0.0006019056309014559,0.01504574716091156,0.9831708073616028,0.0005654379492625594,0.0006161794299259782,1,5.93820333480835,False,"['STAT', 'PBMD', 'PBMD', 'STAT', 'STAT']","[468502519162914550, 468502519163337732, 468502519163918752, 468502519162917402, 468502519162465468]","[0.7905911207199097, 0.8069813251495361, 0.7941267490386963, 0.7897279858589172, 0.788494348526001]"
611,MEDQA,8.93842752702767e-06,2.710544504225254e-05,0.9998490810394287,4.005925075034611e-05,7.484052912332118e-05,2,6.222683906555176,False,"['STAT', 'STAT', 'STAT', 'STAT', 'TEXT']","[468502519162808005, 468502519162489774, 468502519162774317, 468502519162949728, 468502519162328245]","[0.7810960412025452, 0.787981390953064, 0.7796533703804016, 0.7834135293960571, 0.7788888216018677]"
612,MEDQA,1.933293560796301e-06,5.771748419647338e-06,2.601530923129758e-06,2.5267969249398448e-05,0.9999644756317139,1,8.624480962753296,False,"['PBMD', 'STAT', 'PBMD', 'PBMD', 'PBMD']","[468502519163699948, 468502519162918728, 468502519163922895, 468502519163987641, 468502519163915370]","[0.7811870574951172, 0.7747818827629089, 0.774724006652832, 0.7803109884262085, 0.7705278396606445]"
613,MEDQA,2.3685788619332016e-06,2.0578570456564194e-06,1.2877741255579167e-06,0.9999046325683594,8.965942106442526e-05,3,6.555924654006958,False,"['PBMD', 'TEXT', 'STAT', 'TEXT', 'STAT']","[468502519163059750, 468502519162395450, 468502519162833073, 468502519162335898, 468502519162861440]","[0.7571511268615723, 0.7745087146759033, 0.7623688578605652, 0.7610360980033875, 0.7673584222793579]"
614,MEDQA,0.0001047135447151959,3.218630081391893e-05,7.181734872574452e-06,0.9997804760932922,7.542234379798174e-05,3,10.246390104293823,False,"['PBMD', 'PBMD', 'PBMD', 'PBMD', 'PBMD']","[468502519163604900, 468502519163798144, 468502519163758492, 468502519163584491, 468502519163584556]","[0.7887453436851501, 0.7973844408988953, 0.7925622463226318, 0.7991428375244141, 0.7882703542709351]"
615,MEDQA,5.770147254224867e-06,1.1839572835015133e-05,0.9996870756149292,0.0002492166531737894,4.610044197761454e-05,0,8.912830591201782,False,"['STAT', 'PBMD', 'PBMD', 'PBMD', 'PBMD']","[468502519162809378, 468502519163423182, 468502519163403443, 468502519163791399, 468502519163284503]","[0.7562627196311951, 0.7605418562889099, 0.7698292136192322, 0.7831922769546509, 0.7670108675956726]"
616,MEDQA,1.0571696407168929e-07,1.400522222638756e-07,5.072355335755674e-08,2.309070765704746e-07,0.9999995231628418,4,10.6283118724823,False,"['PBMD', 'PBMD', 'PBMD', 'PBMD', 'PBMD']","[468502519163461716, 468502519163188370, 468502519163164072, 468502519163063357, 468502519163988079]","[0.8188421726226807, 0.811805009841919, 0.8220328092575073, 0.8210000395774841, 0.817449688911438]"
617,MEDQA,2.123352942362544e-06,0.9999858140945435,1.1015810059689102e-06,5.507557943928987e-06,5.507557943928987e-06,1,6.732516765594482,False,"['STAT', 'PBMD', 'TEXT', 'PBMD', 'PBMD']","[468502519162940856, 468502519163804294, 468502519162305449, 468502519163798028, 468502519163538252]","[0.779629111289978, 0.7868489623069763, 0.7703758478164673, 0.7789980173110962, 0.779484212398529]"
618,MEDQA,0.02383507788181305,0.005402076058089733,0.01663956604897976,0.9520888328552246,0.002034440403804183,2,5.850650787353516,False,"['TEXT', 'TEXT', 'PBMD', 'TEXT', 'STAT']","[468502519162394786, 468502519162395450, 468502519163179489, 468502519162395135, 468502519162871095]","[0.7600495219230652, 0.7517537474632263, 0.7554551959037781, 0.7532933950424194, 0.7509418725967407]"
619,MEDQA,1.1726248203558498e-06,8.315155355376191e-07,2.1691379004096234e-07,0.9999841451644897,1.3631314686790574e-05,3,6.403421401977539,False,"['PBMD', 'PBMD', 'PBMD', 'PBMD', 'PBMD']","[468502519163571800, 468502519163550809, 468502519163752009, 468502519163458694, 468502519163079743]","[0.7728290557861328, 0.7674610614776611, 0.7603726387023926, 0.76829594373703, 0.7596431374549866]"
620,MEDQA,8.662490472488571e-06,9.168669203063473e-05,0.9997417330741882,5.5610791605431587e-05,0.00010228389874100685,2,6.350377798080444,False,"['PBMD', 'STAT', 'PBMD', 'TEXT', 'PBMD']","[468502519163431300, 468502519162966593, 468502519163162650, 468502519162390966, 468502519163648254]","[0.7941339015960693, 0.7751376032829285, 0.7776645421981812, 0.7771661877632141, 0.7778210639953613]"
621,MEDQA,2.2602798708248883e-06,5.338067239790689e-06,1.37092899876734e-06,1.290579075430287e-05,0.9999780654907227,4,8.71497392654419,False,"['STAT', 'PBMD', 'STAT', 'STAT', 'TEXT']","[468502519162768166, 468502519163930354, 468502519162898107, 468502519162694256, 468502519162336721]","[0.7462016940116882, 0.7516364455223083, 0.7486844062805176, 0.7372936010360718, 0.7426676154136658]"
622,MEDQA,4.092706149094738e-06,2.2124961105873808e-05,0.999945878982544,7.766591807012446e-06,2.0145007511018775e-05,2,10.120726346969604,False,"['PBMD', 'PBMD', 'PBMD', 'PBMD', 'PBMD']","[468502519163785234, 468502519163799610, 468502519163922895, 468502519163577791, 468502519163782000]","[0.8039301037788391, 0.7914762496948242, 0.8010460138320923, 0.7849845886230469, 0.7949430346488953]"
623,MEDQA,0.9999980926513672,1.2878944062322262e-06,1.2359546985862835e-07,3.866960298637423e-07,6.023562804102767e-08,0,6.610826015472412,False,"['PBMD', 'PBMD', 'PBMD', 'PBMD', 'PBMD']","[468502519163777064, 468502519163980822, 468502519163227646, 468502519163761171, 468502519163625752]","[0.7585213780403137, 0.7581005692481995, 0.7755464315414429, 0.7695689797401428, 0.7605892419815063]"
624,MEDQA,3.2377006391470786e-06,7.646426638530102e-06,2.947959956145496e-06,8.397955753025599e-06,0.9999778270721436,4,7.1010658740997314,False,"['STAT', 'PBMD', 'PBMD', 'STAT', 'PBMD']","[468502519162701633, 468502519163697494, 468502519163867636, 468502519162926425, 468502519163818594]","[0.80764240026474, 0.7857493162155151, 0.7829177379608154, 0.7940788269042969, 0.7796116471290588]"
625,MEDQA,1.0030030352936592e-06,2.2603021534450818e-06,1.3287631190905813e-06,0.9999879598617554,7.353570708801271e-06,2,7.038588047027588,False,"['STAT', 'PBMD', 'PBMD', 'PBMD', 'PBMD']","[468502519162740278, 468502519163328465, 468502519163128626, 468502519163029478, 468502519163440022]","[0.8355722427368164, 0.8582597374916077, 0.8295998573303223, 0.8265739679336548, 0.8284198641777039]"
626,MEDQA,2.0580264390446246e-06,1.8448031369189266e-06,1.392530407429149e-06,7.646496669622138e-06,0.999987006187439,4,8.44380784034729,False,"['TEXT', 'PBMD', 'TEXT', 'PBMD', 'PBMD']","[468502519162298811, 468502519163927355, 468502519162329176, 468502519163492562, 468502519163494827]","[0.7875709533691406, 0.7862714529037476, 0.797552227973938, 0.7817944884300232, 0.7829149961471558]"
627,MEDQA,3.842489149974426e-06,6.3351940298161935e-06,0.9993600249290466,0.0006023314199410379,2.751882675511297e-05,3,8.859530687332153,False,"['PBMD', 'PBMD', 'STAT', 'TEXT', 'TEXT']","[468502519163308640, 468502519163958842, 468502519162727829, 468502519162373764, 468502519162375925]","[0.7762287855148315, 0.7820596694946289, 0.7880347967147827, 0.7822567224502563, 0.7853957414627075]"
628,MEDQA,1.3416274668998085e-05,5.306239836500026e-05,0.9997079968452454,8.347886614501476e-05,0.0001420023327227682,2,7.475569725036621,False,"['PBMD', 'PBMD', 'PBMD', 'PBMD', 'PBMD']","[468502519163880245, 468502519163710546, 468502519163180504, 468502519163800830, 468502519163024756]","[0.7900637984275818, 0.7978564500808716, 0.8037225008010864, 0.7907765507698059, 0.7904520034790039]"
629,MEDQA,1.7061126982298447e-06,3.1874383239482995e-06,2.1906919300818117e-06,3.591275526559912e-05,0.9999569654464722,4,5.987152099609375,False,"['TEXT', 'STAT', 'PBMD', 'PBMD', 'PBMD']","[468502519162418213, 468502519162808942, 468502519163962921, 468502519163471660, 468502519163393906]","[0.770645022392273, 0.7741507291793823, 0.7801099419593811, 0.7802860736846924, 0.7686313390731812]"
630,MEDQA,0.00019391070236451924,0.00015520417946390808,0.0001002073404379189,0.29408276081085205,0.7054678797721863,4,7.820519208908081,False,"['PBMD', 'PBMD', 'STAT', 'PBMD', 'PBMD']","[468502519163514395, 468502519163315781, 468502519162454991, 468502519163107251, 468502519163882368]","[0.7810049653053284, 0.7782349586486816, 0.782667338848114, 0.7791019082069397, 0.781105637550354]"
631,MEDQA,4.565919880406e-06,0.9999845027923584,4.4507834218165954e-07,3.5008122267754516e-06,7.07183562553837e-06,1,7.891127347946167,False,"['TEXT', 'TEXT', 'TEXT', 'PBMD', 'TEXT']","[468502519162307372, 468502519162395513, 468502519162341742, 468502519163575446, 468502519162368243]","[0.7754347324371338, 0.8073499798774719, 0.7821304798126221, 0.7880048751831055, 0.7796912789344788]"
632,MEDQA,1.55347390773386e-06,1.8161949810746592e-06,2.812977754729218e-06,1.0783245670609176e-05,0.9999830722808838,4,6.373106002807617,False,"['TEXT', 'PBMD', 'PBMD', 'PBMD', 'PBMD']","[468502519162344075, 468502519163611876, 468502519163536044, 468502519163203845, 468502519163186763]","[0.7973428964614868, 0.82265704870224, 0.8091615438461304, 0.7984133362770081, 0.805504560470581]"
633,MEDQA,7.410288162645884e-06,2.212303297710605e-05,0.9998587369918823,6.108365050749853e-05,5.0640126573853195e-05,1,7.842644691467285,False,"['PBMD', 'PBMD', 'PBMD', 'PBMD', 'PBMD']","[468502519163814804, 468502519163954436, 468502519163815225, 468502519163839823, 468502519163536431]","[0.7744184732437134, 0.7807314395904541, 0.7812595367431641, 0.7860845327377319, 0.7797424793243408]"
634,MEDQA,6.336849764920771e-06,2.2819871446699835e-05,5.592250545305433e-06,0.9996212720870972,0.0003439589636400342,0,10.561720609664917,False,"['PBMD', 'PBMD', 'TEXT', 'PBMD', 'PBMD']","[468502519163973896, 468502519163684386, 468502519162312773, 468502519163148309, 468502519163729755]","[0.7816585302352905, 0.7660598754882812, 0.7654845714569092, 0.7709423303604126, 0.7683248519897461]"
635,MEDQA,2.2121625079307705e-05,6.604297232115641e-05,0.999795138835907,8.348614210262895e-05,3.3208496461156756e-05,2,6.3586413860321045,False,"['STAT', 'TEXT', 'PBMD', 'PBMD', 'PBMD']","[468502519162754650, 468502519162412554, 468502519163702162, 468502519163188285, 468502519163881669]","[0.7601122856140137, 0.770240843296051, 0.763268232345581, 0.7750664949417114, 0.7748018503189087]"
636,MEDQA,0.0009940541349351406,0.9771707057952881,0.00037145090755075216,0.001807044493034482,0.01965656504034996,0,9.481589078903198,False,"['STAT', 'TEXT', 'STAT', 'STAT', 'PBMD']","[468502519162874004, 468502519162328430, 468502519162427245, 468502519162429298, 468502519163302528]","[0.7622765898704529, 0.7594676613807678, 0.7587043046951294, 0.7634261250495911, 0.7676657438278198]"
637,MEDQA,0.22021479904651642,0.07376271486282349,0.006247012875974178,0.021466175094246864,0.6783093214035034,0,6.9042792320251465,False,"['PBMD', 'PBMD', 'PBMD', 'PBMD', 'PBMD']","[468502519163396193, 468502519163396191, 468502519163974123, 468502519163455483, 468502519163234603]","[0.7487649917602539, 0.7507885098457336, 0.7519908547401428, 0.7577365636825562, 0.7627226114273071]"
638,MEDQA,1.695990067673847e-05,3.821972859441303e-05,0.9997163414955139,7.842179184081033e-05,0.00014998561528045684,0,5.677087306976318,False,"['TEXT', 'PBMD', 'PBMD', 'PBMD', 'STAT']","[468502519162395394, 468502519163417625, 468502519163527002, 468502519163307874, 468502519162484985]","[0.8447033166885376, 0.7723090648651123, 0.7747730612754822, 0.7879600524902344, 0.7673041820526123]"
639,MEDQA,3.647168705356307e-05,0.9997757077217102,5.593114565272117e-06,9.609009430278093e-05,8.613460522610694e-05,0,6.347738265991211,False,"['PBMD', 'PBMD', 'PBMD', 'PBMD', 'PBMD']","[468502519163135677, 468502519163002600, 468502519163061065, 468502519163355356, 468502519163188320]","[0.7768586277961731, 0.7767201066017151, 0.7898401618003845, 0.7792863845825195, 0.7897858619689941]"
640,MEDQA,5.954924745310564e-06,1.1125264791189693e-05,4.092755716555985e-06,2.0784731532330625e-05,0.9999580383300781,4,8.672100067138672,False,"['PBMD', 'STAT', 'TEXT', 'PBMD', 'STAT']","[468502519163543816, 468502519162760542, 468502519162357597, 468502519163764121, 468502519162944855]","[0.8081851005554199, 0.769034206867218, 0.7821975350379944, 0.7663416266441345, 0.7620194554328918]"
641,MEDQA,6.048830528015969e-06,5.682350092683919e-06,1.7061508970073191e-06,7.183163688750938e-06,0.9999793767929077,0,7.6455981731414795,False,"['PBMD', 'PBMD', 'PBMD', 'PBMD', 'PBMD']","[468502519163677526, 468502519163317457, 468502519163453189, 468502519163888757, 468502519163756935]","[0.7907864451408386, 0.8169050812721252, 0.7933446168899536, 0.8012245893478394, 0.7981218099594116]"
642,MEDQA,1.1842639651149511e-05,0.9999459981918335,9.665680408943444e-06,1.112513018597383e-05,2.144424979633186e-05,1,5.600004434585571,False,"['PBMD', 'PBMD', 'STAT', 'PBMD', 'STAT']","[468502519163473208, 468502519163683661, 468502519162915263, 468502519163434422, 468502519162915277]","[0.7841848134994507, 0.7824094891548157, 0.7778066992759705, 0.7886008024215698, 0.7925717830657959]"
643,MEDQA,7.071611435094383e-06,1.078291916201124e-05,1.6187079381779768e-05,1.3211509212851524e-05,0.9999527931213379,4,6.1850481033325195,False,"['STAT', 'STAT', 'PBMD', 'PBMD', 'PBMD']","[468502519162823792, 468502519162985495, 468502519163988989, 468502519163213433, 468502519163980247]","[0.7574854493141174, 0.7580559849739075, 0.7545264363288879, 0.7543643712997437, 0.7679085731506348]"
644,MEDQA,0.00042908641626127064,0.0003585150989238173,0.00012487126514315605,0.9961552023887634,0.0029322735499590635,1,9.645343780517578,False,"['PBMD', 'PBMD', 'PBMD', 'PBMD', 'PBMD']","[468502519163011801, 468502519162999838, 468502519163000318, 468502519163880825, 468502519163008022]","[0.791052520275116, 0.7884765863418579, 0.7868088483810425, 0.7937172651290894, 0.7960582971572876]"
645,MEDQA,0.9997557997703552,5.3900585044175386e-05,6.9606044235115405e-06,4.468515544431284e-05,0.00013871949340682477,1,5.909768104553223,False,"['STAT', 'STAT', 'TEXT', 'TEXT', 'PBMD']","[468502519162700452, 468502519162759546, 468502519162416554, 468502519162416600, 468502519163250103]","[0.786949872970581, 0.7846997380256653, 0.8126598000526428, 0.7843035459518433, 0.7848178744316101]"
646,MEDQA,1.0129684596904553e-05,0.9999595880508423,4.495020220929291e-06,5.594143203779822e-06,2.014528217841871e-05,1,7.394110679626465,False,"['PBMD', 'PBMD', 'PBMD', 'PBMD', 'PBMD']","[468502519163101131, 468502519163628765, 468502519163817397, 468502519163543406, 468502519163862327]","[0.7784793376922607, 0.7737451195716858, 0.8078746199607849, 0.7752648591995239, 0.7740628123283386]"
647,MEDQA,1.1726191360139637e-06,1.6027803440010757e-06,0.9999792575836182,8.26776977191912e-06,9.818219950830098e-06,2,10.235049486160278,False,"['PBMD', 'PBMD', 'PBMD', 'PBMD', 'PBMD']","[468502519163376563, 468502519163164647, 468502519163579890, 468502519163511939, 468502519163469689]","[0.798198401927948, 0.783703088760376, 0.7861843109130859, 0.7944735288619995, 0.7823319435119629]"
648,MEDQA,0.999976634979248,5.255300493445247e-06,7.81130722771195e-07,3.785251010413049e-06,1.3419879905995913e-05,0,5.420093774795532,False,"['STAT', 'PBMD', 'PBMD', 'PBMD', 'TEXT']","[468502519162965335, 468502519163571139, 468502519163952524, 468502519163578145, 468502519162365807]","[0.7829790115356445, 0.7837153673171997, 0.7783138751983643, 0.7959230542182922, 0.7817770838737488]"
649,MEDQA,6.539922651427332e-06,1.9221901311539114e-05,2.1905996163695818e-06,0.9999147653579712,5.716226951335557e-05,1,5.714985370635986,False,"['PBMD', 'TEXT', 'PBMD', 'TEXT', 'PBMD']","[468502519163718770, 468502519162310411, 468502519163293493, 468502519162387125, 468502519163244215]","[0.7761339545249939, 0.767423152923584, 0.7662129998207092, 0.7672560214996338, 0.7728416323661804]"
650,MEDQA,3.2694013498257846e-05,6.10804563621059e-05,0.9998064637184143,4.831861951970495e-05,5.14349048899021e-05,2,8.067561388015747,False,"['PBMD', 'PBMD', 'TEXT', 'PBMD', 'PBMD']","[468502519163607230, 468502519163170992, 468502519162326798, 468502519163902732, 468502519163376201]","[0.7826881408691406, 0.7892099618911743, 0.7887498140335083, 0.785140335559845, 0.7869625091552734]"
651,MEDQA,1.544464066682849e-05,0.9998764991760254,4.22232960772817e-06,6.553435378009453e-05,3.822585131274536e-05,3,5.769660711288452,False,"['PBMD', 'PBMD', 'PBMD', 'PBMD', 'PBMD']","[468502519163252955, 468502519163924156, 468502519163751404, 468502519163646062, 468502519163869466]","[0.7960429191589355, 0.7958352565765381, 0.7928112745285034, 0.7902555465698242, 0.8249821662902832]"
652,MEDQA,1.2878566622021026e-06,3.966878011851804e-06,2.406032990620588e-06,0.9999687671661377,2.355243850615807e-05,3,5.010138034820557,False,"['PBMD', 'PBMD', 'PBMD', 'PBMD', 'PBMD']","[468502519163135215, 468502519163928235, 468502519163923294, 468502519163348714, 468502519163191316]","[0.7775635719299316, 0.7779058218002319, 0.7898969650268555, 0.7768612504005432, 0.7809966206550598]"
653,MEDQA,0.9998732805252075,3.269619992352091e-05,5.593660262093181e-06,7.66171797295101e-05,1.1841778359666932e-05,0,8.243359088897705,False,"['STAT', 'STAT', 'STAT', 'STAT', 'TEXT']","[468502519162974407, 468502519162912490, 468502519162894875, 468502519162450757, 468502519162414972]","[0.8018980622291565, 0.7871370315551758, 0.8194465637207031, 0.7915201187133789, 0.7951198220252991]"
654,MEDQA,2.5864759663818404e-05,0.9998708963394165,2.994063379446743e-06,4.19826501456555e-05,5.828713619848713e-05,1,7.592373371124268,False,"['PBMD', 'PBMD', 'TEXT', 'PBMD', 'TEXT']","[468502519163241545, 468502519163048866, 468502519162387125, 468502519163615700, 468502519162313380]","[0.7910633087158203, 0.792370617389679, 0.7921242117881775, 0.7897581458091736, 0.7967209219932556]"
655,MEDQA,1.7773469153326005e-05,0.9996963739395142,3.9432165067410097e-05,5.8276964409742504e-05,0.00018812034977599978,1,6.513012409210205,False,"['STAT', 'STAT', 'TEXT', 'STAT', 'STAT']","[468502519162923209, 468502519162758156, 468502519162415482, 468502519162923219, 468502519162989963]","[0.7699764370918274, 0.7452136278152466, 0.7661896347999573, 0.7450846433639526, 0.761512815952301]"
656,MEDQA,1.8630187696544454e-05,5.43310416105669e-05,1.1299779544060584e-05,0.9998977184295654,1.8056998669635504e-05,3,6.494018793106079,False,"['TEXT', 'STAT', 'STAT', 'TEXT', 'PBMD']","[468502519162413120, 468502519162431046, 468502519162431048, 468502519162413132, 468502519163377551]","[0.79294753074646, 0.785704493522644, 0.8001236915588379, 0.7954515218734741, 0.796889066696167]"
657,MEDQA,0.0001975171617232263,8.990163769340143e-05,2.013827906921506e-05,8.058730600168929e-05,0.9996119141578674,3,6.912067651748657,False,"['PBMD', 'PBMD', 'TEXT', 'PBMD', 'PBMD']","[468502519163956987, 468502519163193564, 468502519162391176, 468502519163184570, 468502519163828297]","[0.7861800193786621, 0.7905645370483398, 0.7890787720680237, 0.7947932481765747, 0.7829808592796326]"
658,MEDQA,0.9996359348297119,1.4965857189963572e-05,2.683230377442669e-06,0.0003379706176929176,8.329753654834349e-06,3,8.045062065124512,False,"['TEXT', 'TEXT', 'TEXT', 'TEXT', 'TEXT']","[468502519162409455, 468502519162315461, 468502519162316066, 468502519162315716, 468502519162409476]","[0.7979076504707336, 0.8100900650024414, 0.8268101215362549, 0.8050869703292847, 0.8179047703742981]"
659,MEDQA,3.392989583517192e-06,6.854027560621034e-06,3.392989583517192e-06,3.5494143958203495e-05,0.9999508857727051,3,7.523433208465576,False,"['PBMD', 'PBMD', 'PBMD', 'TEXT', 'PBMD']","[468502519163849863, 468502519163471507, 468502519163849864, 468502519162383940, 468502519163871973]","[0.7998915910720825, 0.7992838025093079, 0.8027243614196777, 0.7957760691642761, 0.7919694185256958]"
660,MEDQA,0.9997894167900085,0.00020342553034424782,3.040965111722471e-06,2.6420364065415924e-06,1.4590710861739353e-06,0,6.698596477508545,False,"['PBMD', 'PBMD', 'TEXT', 'PBMD', 'PBMD']","[468502519163883721, 468502519163923242, 468502519162362240, 468502519163521428, 468502519163770626]","[0.7648749351501465, 0.7695446610450745, 0.7787425518035889, 0.7845799326896667, 0.770345151424408]"
661,MEDQA,0.9998791217803955,5.920551484450698e-05,5.173320460016839e-06,2.1442816432681866e-05,3.5078104701824486e-05,0,9.074702024459839,False,"['PBMD', 'PBMD', 'PBMD', 'STAT', 'PBMD']","[468502519163778788, 468502519163785207, 468502519163187549, 468502519162970057, 468502519163955443]","[0.7838990688323975, 0.783987283706665, 0.7891191840171814, 0.7930657267570496, 0.7819517850875854]"
662,MEDQA,0.0007614886853843927,0.0016120715299621224,0.000641237769741565,0.01686391793191433,0.9801212549209595,4,6.177586555480957,False,"['PBMD', 'TEXT', 'TEXT', 'PBMD', 'TEXT']","[468502519163875774, 468502519162394786, 468502519162391888, 468502519163867513, 468502519162326100]","[0.7788039445877075, 0.8065414428710938, 0.7738558053970337, 0.7790460586547852, 0.7737869024276733]"
663,MEDQA,1.3287638012116076e-06,1.9033661828871118e-06,8.579143582210236e-07,7.527959496655967e-06,0.9999884366989136,4,8.402249574661255,False,"['PBMD', 'PBMD', 'PBMD', 'PBMD', 'PBMD']","[468502519163246680, 468502519163611324, 468502519163700543, 468502519163981879, 468502519163845361]","[0.8009538054466248, 0.7972776889801025, 0.7893726825714111, 0.7931275367736816, 0.793269693851471]"
664,MEDQA,6.240521997824544e-06,7.527506113547133e-06,7.071437721606344e-06,5.0941256631631404e-05,0.9999282360076904,3,8.944425344467163,False,"['STAT', 'TEXT', 'PBMD', 'PBMD', 'PBMD']","[468502519162733882, 468502519162387016, 468502519163451719, 468502519163780001, 468502519163115309]","[0.775463342666626, 0.784691333770752, 0.7823342084884644, 0.7757632732391357, 0.7971115708351135]"
665,MEDQA,0.00016315453103743494,0.0003120412293355912,0.99793940782547,0.0005256416043266654,0.0010597534710541368,2,5.961986303329468,False,"['TEXT', 'STAT', 'PBMD', 'STAT', 'STAT']","[468502519162356750, 468502519162919253, 468502519163782891, 468502519162899075, 468502519162877036]","[0.7829580307006836, 0.7762035131454468, 0.7939781546592712, 0.7656967043876648, 0.7668694257736206]"
666,MEDQA,0.99994957447052,3.244422987336293e-05,1.5534218391621835e-06,1.3006641893298365e-05,3.5006901271117385e-06,0,5.680039405822754,False,"['TEXT', 'TEXT', 'STAT', 'PBMD', 'PBMD']","[468502519162308018, 468502519162294895, 468502519162816688, 468502519163611370, 468502519163528630]","[0.7897072434425354, 0.8099772334098816, 0.8022918701171875, 0.8142561912536621, 0.7886307239532471]"
667,MEDQA,0.9999645948410034,2.1612841010210104e-05,2.123307695001131e-06,9.368473001813982e-06,2.2252072540140944e-06,0,6.276245832443237,False,"['TEXT', 'PBMD', 'TEXT', 'PBMD', 'TEXT']","[468502519162407216, 468502519163962423, 468502519162418802, 468502519163821630, 468502519162357751]","[0.8220144510269165, 0.7829359173774719, 0.7770106792449951, 0.7797180414199829, 0.7734794616699219]"
668,MEDQA,5.7712250054464675e-06,0.9998737573623657,8.9386476247455e-06,4.94677915412467e-05,6.204650708241388e-05,1,8.581382274627686,False,"['STAT', 'PBMD', 'STAT', 'PBMD', 'PBMD']","[468502519162766500, 468502519163862636, 468502519162471517, 468502519163883950, 468502519163392449]","[0.7822041511535645, 0.7580925822257996, 0.76127028465271, 0.7555524110794067, 0.7811156511306763]"
669,MEDQA,6.540260983456392e-06,0.9999665021896362,5.093560503155459e-06,5.093560503155459e-06,1.6701140339137055e-05,1,5.138554811477661,False,"['TEXT', 'PBMD', 'PBMD', 'PBMD', 'PBMD']","[468502519162347859, 468502519163038544, 468502519163960618, 468502519163345168, 468502519163003787]","[0.7816796898841858, 0.7994335293769836, 0.7821046710014343, 0.7843561768531799, 0.7848033308982849]"
670,MEDQA,1.0286478755006101e-05,5.25381938132341e-06,1.1012604090865352e-06,0.99969482421875,0.0002885345311369747,4,6.586174964904785,False,"['PBMD', 'PBMD', 'TEXT', 'STAT', 'PBMD']","[468502519163016025, 468502519163307874, 468502519162395421, 468502519162887792, 468502519163118556]","[0.802483320236206, 0.8039199709892273, 0.7861887812614441, 0.7857807874679565, 0.7888143062591553]"
671,MEDQA,3.668806357381982e-06,0.9999808073043823,4.565903054754017e-06,6.854232651676284e-06,4.157302555540809e-06,1,8.529804229736328,False,"['STAT', 'STAT', 'TEXT', 'STAT', 'STAT']","[468502519162951280, 468502519162951273, 468502519162357821, 468502519162951288, 468502519162461668]","[0.7555660009384155, 0.7630214691162109, 0.7619535326957703, 0.7902769446372986, 0.7591840624809265]"
672,MEDQA,0.00015898424317128956,0.9993884563446045,8.745714148972183e-05,0.0003073492553085089,5.780563878943212e-05,1,4.532822370529175,False,"['PBMD', 'PBMD', 'PBMD', 'PBMD', 'TEXT']","[468502519163632659, 468502519163611084, 468502519163477657, 468502519163862729, 468502519162320084]","[0.775173544883728, 0.7742182016372681, 0.7834742665290833, 0.7728846669197083, 0.7852053642272949]"
673,MEDQA,0.9999995231628418,3.2241853631376216e-08,9.931189737244495e-08,6.825599996318488e-08,2.6995769530913094e-07,4,10.658195734024048,False,"['PBMD', 'PBMD', 'PBMD', 'PBMD', 'TEXT']","[468502519163363280, 468502519163195060, 468502519163032394, 468502519163466211, 468502519162298868]","[0.7776944637298584, 0.7730229496955872, 0.7777163982391357, 0.7733187675476074, 0.779659628868103]"
674,MEDQA,9.368332939629909e-06,0.99994957447052,6.475626150859171e-07,8.664292181492783e-06,3.169266346958466e-05,1,8.193253755569458,False,"['PBMD', 'PBMD', 'PBMD', 'PBMD', 'PBMD']","[468502519163551675, 468502519163932075, 468502519163547671, 468502519163375246, 468502519163339559]","[0.7680036425590515, 0.7647326588630676, 0.7686712741851807, 0.7710960507392883, 0.7669317722320557]"
675,MEDQA,4.494523636822123e-06,4.222214556648396e-06,0.9998492002487183,0.00012631733261514455,1.5687430277466774e-05,2,8.890462875366211,False,"['PBMD', 'PBMD', 'PBMD', 'STAT', 'PBMD']","[468502519163875774, 468502519163451578, 468502519163910794, 468502519162751088, 468502519163575330]","[0.826256513595581, 0.8287384510040283, 0.8427286148071289, 0.8339377641677856, 0.8337549567222595]"
676,MEDQA,3.966459189541638e-06,3.7049274396849796e-05,0.9998632669448853,3.269587250542827e-05,6.30229405942373e-05,1,7.550375461578369,False,"['PBMD', 'PBMD', 'PBMD', 'PBMD', 'PBMD']","[468502519163634227, 468502519163756241, 468502519163035616, 468502519163556475, 468502519163194257]","[0.7793715000152588, 0.7795079350471497, 0.7899377346038818, 0.7833622097969055, 0.7800868153572083]"
677,MEDQA,3.668729959827033e-06,1.6964033420663327e-05,4.029311185149709e-06,1.5445930330315605e-05,0.9999599456787109,0,4.563009977340698,False,"['TEXT', 'STAT', 'PBMD', 'PBMD', 'STAT']","[468502519162388493, 468502519162481240, 468502519163944311, 468502519163973230, 468502519162775297]","[0.7817032337188721, 0.7643575668334961, 0.7701370716094971, 0.7578656077384949, 0.753398060798645]"
678,MEDQA,0.9958755373954773,0.00010268745973007753,0.0006144653307273984,0.0033740787766873837,3.3272692235186696e-05,1,9.169894218444824,False,"['PBMD', 'PBMD', 'PBMD', 'PBMD', 'PBMD']","[468502519163681116, 468502519163760807, 468502519163946243, 468502519163971915, 468502519163163771]","[0.8107857704162598, 0.8117278218269348, 0.8049923181533813, 0.7992807030677795, 0.8195263147354126]"
679,MEDQA,1.9946996872022282e-06,3.138103238597978e-06,1.1726234561137971e-06,1.0699328413465992e-05,0.9999829530715942,2,6.777970314025879,False,"['TEXT', 'PBMD', 'TEXT', 'PBMD', 'PBMD']","[468502519162416486, 468502519163981143, 468502519162416485, 468502519163245113, 468502519163826267]","[0.8013724684715271, 0.8080060482025146, 0.7992000579833984, 0.7982694506645203, 0.8074365854263306]"
680,MEDQA,2.812977754729218e-06,4.9369295993528794e-06,3.1875215427135117e-06,5.955073902441654e-06,0.9999830722808838,4,6.195384502410889,False,"['PBMD', 'PBMD', 'PBMD', 'PBMD', 'PBMD']","[468502519163991768, 468502519163796315, 468502519163595448, 468502519163525790, 468502519163813741]","[0.8207316994667053, 0.7995846271514893, 0.794101893901825, 0.797571063041687, 0.7957187294960022]"
681,MEDQA,2.468035017955117e-05,0.9998718500137329,9.367604434373789e-06,3.095609281444922e-05,6.302348629105836e-05,1,5.798712730407715,False,"['PBMD', 'PBMD', 'PBMD', 'PBMD', 'PBMD']","[468502519163630037, 468502519163675667, 468502519163916112, 468502519163701723, 468502519163880465]","[0.7858933210372925, 0.788066029548645, 0.7945183515548706, 0.7865580320358276, 0.7876882553100586]"
682,MEDQA,2.4060316263785353e-06,9.516039426671341e-06,5.093568688607775e-06,0.9999681711196899,1.473872998758452e-05,3,7.232776403427124,False,"['PBMD', 'PBMD', 'PBMD', 'PBMD', 'PBMD']","[468502519163209129, 468502519163657018, 468502519163960983, 468502519163666418, 468502519163700074]","[0.7966925501823425, 0.8086596727371216, 0.8021623492240906, 0.8010510802268982, 0.8078924417495728]"
683,MEDQA,9.221696018357761e-06,1.8339533198741265e-05,1.4282843039836735e-05,0.9997984766960144,0.00015967196668498218,2,6.8918468952178955,False,"['PBMD', 'PBMD', 'PBMD', 'PBMD', 'PBMD']","[468502519163772630, 468502519163572883, 468502519163982000, 468502519163678427, 468502519163989135]","[0.8036961555480957, 0.8062958121299744, 0.7977595925331116, 0.8062810897827148, 0.8072338104248047]"
684,MEDQA,4.099757643416524e-05,0.999565064907074,5.647655052598566e-05,1.749562034092378e-05,0.00031996145844459534,1,7.613107442855835,False,"['STAT', 'STAT', 'STAT', 'PBMD', 'STAT']","[468502519162804864, 468502519162786865, 468502519162789070, 468502519163495875, 468502519162901177]","[0.7843751907348633, 0.7900691032409668, 0.7792319059371948, 0.7832046747207642, 0.8079299330711365]"
685,MEDQA,1.9332928786752746e-06,1.760283112162142e-06,6.681281092824065e-07,0.9999641180038452,3.144648508168757e-05,3,7.1613123416900635,False,"['PBMD', 'PBMD', 'TEXT', 'PBMD', 'TEXT']","[468502519163371193, 468502519163196570, 468502519162399700, 468502519163233578, 468502519162399733]","[0.7845187187194824, 0.7830690145492554, 0.793933629989624, 0.7926560640335083, 0.7815773487091064]"
686,MEDQA,0.9997019171714783,4.399000681587495e-05,1.2095065358153079e-06,3.1684812711318955e-05,0.00022122864902485162,0,5.559775114059448,False,"['STAT', 'PBMD', 'PBMD', 'PBMD', 'PBMD']","[468502519162454160, 468502519163459148, 468502519163501573, 468502519163283102, 468502519163901489]","[0.8219127058982849, 0.8385359048843384, 0.8681460618972778, 0.8298447728157043, 0.8227170705795288]"
687,MEDQA,1.0289194506185595e-05,8.939407962316182e-06,4.092758899787441e-06,1.791757131286431e-05,0.9999587535858154,1,8.28446626663208,False,"['TEXT', 'PBMD', 'PBMD', 'PBMD', 'PBMD']","[468502519162385413, 468502519163593986, 468502519163667091, 468502519163316937, 468502519163732576]","[0.7865747213363647, 0.7831445932388306, 0.7862480282783508, 0.7853409647941589, 0.7769725918769836]"
688,MEDQA,0.00030806363793089986,0.9992687106132507,7.657085370738059e-05,0.00025651854230090976,9.022250742418692e-05,0,5.800777196884155,False,"['STAT', 'PBMD', 'PBMD', 'TEXT', 'PBMD']","[468502519162906525, 468502519163459530, 468502519163125341, 468502519162393788, 468502519163757914]","[0.7961375713348389, 0.7711195945739746, 0.7649447917938232, 0.7757712006568909, 0.769370436668396]"
689,MEDQA,0.9997846484184265,0.00015536294085904956,1.6698104445822537e-05,3.3208147215191275e-05,9.970894097932614e-06,2,7.29988431930542,False,"['STAT', 'TEXT', 'PBMD', 'TEXT', 'PBMD']","[468502519162735592, 468502519162307358, 468502519163957325, 468502519162339247, 468502519163646186]","[0.8231863379478455, 0.789973258972168, 0.8046952486038208, 0.8005009293556213, 0.8073134422302246]"
690,MEDQA,6.539771220559487e-06,1.2217900803079829e-05,1.8446272633809713e-06,0.9998916387557983,8.767223334871233e-05,1,4.836959600448608,False,"['PBMD', 'PBMD', 'PBMD', 'PBMD', 'PBMD']","[468502519163687023, 468502519163874211, 468502519163980715, 468502519163571378, 468502519163640849]","[0.7852885127067566, 0.7913839221000671, 0.799100399017334, 0.7810887694358826, 0.7873406410217285]"
691,MEDQA,0.00012524750491138548,0.0004763863980770111,0.9991565942764282,0.00016463473730254918,7.71627455833368e-05,2,4.859076738357544,False,"['PBMD', 'PBMD', 'STAT', 'PBMD', 'TEXT']","[468502519163880967, 468502519163534200, 468502519162806512, 468502519163365150, 468502519162372320]","[0.8617247939109802, 0.8190186023712158, 0.8629591464996338, 0.8563083410263062, 0.8219770193099976]"
692,MEDQA,1.8738464859779924e-06,2.0261111330910353e-06,3.1560725233248377e-07,0.9999827146530151,1.310908828600077e-05,3,5.918839454650879,False,"['PBMD', 'PBMD', 'STAT', 'PBMD', 'STAT']","[468502519163697464, 468502519163617389, 468502519162423165, 468502519163946059, 468502519162734212]","[0.783322274684906, 0.7995797395706177, 0.7793692350387573, 0.7751731276512146, 0.771349310874939]"
693,MEDQA,7.888862455729395e-06,1.723086097626947e-05,1.0952601769531611e-05,2.2473279386758804e-05,0.9999414682388306,2,8.232431888580322,False,"['PBMD', 'TEXT', 'PBMD', 'PBMD', 'TEXT']","[468502519163885309, 468502519162412554, 468502519163968942, 468502519163902732, 468502519162390969]","[0.7751389145851135, 0.7756073474884033, 0.7775025963783264, 0.7782171964645386, 0.7931241989135742]"
694,MEDQA,0.9998706579208374,1.9831195459119044e-05,5.2547434279404115e-06,1.4062423360883258e-05,9.027685882756487e-05,0,7.408222436904907,False,"['PBMD', 'TEXT', 'PBMD', 'PBMD', 'PBMD']","[468502519163667433, 468502519162409890, 468502519163079133, 468502519163796866, 468502519163460851]","[0.7617366313934326, 0.7719377875328064, 0.7890408039093018, 0.7826268076896667, 0.760062038898468]"
695,MEDQA,1.1861118309752783e-08,8.152019503882002e-09,4.94445018262013e-09,6.825602838489431e-08,0.9999998807907104,1,10.740089893341064,False,"['PBMD', 'PBMD', 'PBMD', 'TEXT', 'PBMD']","[468502519163866973, 468502519163445923, 468502519163187769, 468502519162329121, 468502519163622222]","[0.806511402130127, 0.8035813570022583, 0.8098959922790527, 0.8045629262924194, 0.8047835230827332]"
696,MEDQA,2.726354296100908e-06,3.5007080896320986e-06,8.059087690526212e-07,0.9999547004699707,3.822884173132479e-05,3,8.34050726890564,False,"['PBMD', 'PBMD', 'PBMD', 'PBMD', 'PBMD']","[468502519163801501, 468502519163790948, 468502519163542592, 468502519163696691, 468502519163347153]","[0.8140209317207336, 0.8150272369384766, 0.8313016891479492, 0.8123093843460083, 0.8166693449020386]"
697,MEDQA,1.6280223462672438e-06,3.500798129607574e-06,1.8738422795649967e-06,1.2508750842243899e-05,0.9999804496765137,4,5.3476526737213135,False,"['PBMD', 'PBMD', 'STAT', 'PBMD', 'TEXT']","[468502519163506633, 468502519163342553, 468502519162866848, 468502519163984003, 468502519162328306]","[0.8294186592102051, 0.7879392504692078, 0.7707082033157349, 0.770879864692688, 0.8026571869850159]"
698,MEDQA,4.860326043854002e-06,1.1125397577416152e-05,6.144027793197893e-06,7.889087100920733e-06,0.9999699592590332,0,7.412282705307007,False,"['STAT', 'PBMD', 'PBMD', 'TEXT', 'PBMD']","[468502519162808861, 468502519163771134, 468502519163535268, 468502519162362240, 468502519163626247]","[0.7854337096214294, 0.7636452913284302, 0.7665611505508423, 0.7800252437591553, 0.7735121846199036]"
699,MEDQA,0.9999445676803589,3.2885775453905808e-06,1.1015355312338215e-06,4.7205841838149354e-05,3.844736511382507e-06,0,9.70130467414856,False,"['PBMD', 'PBMD', 'PBMD', 'PBMD', 'TEXT']","[468502519163782007, 468502519163736788, 468502519163961431, 468502519163924203, 468502519162351275]","[0.771767258644104, 0.7640151977539062, 0.7629797458648682, 0.7733917236328125, 0.763667106628418]"
700,MEDQA,1.4284366443462204e-05,5.920705370954238e-05,0.9999051094055176,1.3418920389085542e-05,7.888575964898337e-06,2,6.513248920440674,False,"['PBMD', 'PBMD', 'PBMD', 'PBMD', 'PBMD']","[468502519163962851, 468502519163962501, 468502519163729753, 468502519163860327, 468502519163674862]","[0.8014836311340332, 0.7930046319961548, 0.785877525806427, 0.7800252437591553, 0.786587119102478]"
701,MEDQA,2.9940933927719016e-06,3.0891360438545235e-06,1.5533152009084006e-06,0.9998809099197388,0.0001114781916840002,3,6.681934595108032,False,"['PBMD', 'PBMD', 'PBMD', 'PBMD', 'PBMD']","[468502519163482210, 468502519163826888, 468502519163000160, 468502519163719915, 468502519163775907]","[0.7878508567810059, 0.7836111783981323, 0.7871289253234863, 0.7882769107818604, 0.786963701248169]"
702,MEDQA,3.320848918519914e-05,3.218677011318505e-05,0.9997950196266174,8.887052536010742e-05,5.0636899686651304e-05,3,6.372197151184082,False,"['STAT', 'STAT', 'STAT', 'PBMD', 'STAT']","[468502519162985507, 468502519162919795, 468502519162771862, 468502519163751260, 468502519162985538]","[0.7755140662193298, 0.7627100348472595, 0.7684355974197388, 0.7683942317962646, 0.7628833055496216]"
703,MEDQA,3.359664901836368e-07,1.101591692531656e-06,6.083567427594971e-07,2.3687944121775217e-06,0.9999955892562866,4,8.002624750137329,False,"['PBMD', 'PBMD', 'TEXT', 'PBMD', 'PBMD']","[468502519163073882, 468502519163563442, 468502519162349816, 468502519163428692, 468502519163852030]","[0.7915458083152771, 0.7859337329864502, 0.8012794256210327, 0.7856507301330566, 0.7869348526000977]"
704,MEDQA,1.5445422832272016e-05,2.9082168111926876e-05,1.5445422832272016e-05,1.2804704965674318e-05,0.9999271631240845,4,5.091867923736572,False,"['PBMD', 'STAT', 'STAT', 'PBMD', 'PBMD']","[468502519163396798, 468502519162990478, 468502519162949339, 468502519163742099, 468502519163281334]","[0.7851853370666504, 0.816027045249939, 0.8061560988426208, 0.7971224188804626, 0.7937818765640259]"
705,MEDQA,3.8448433770099655e-06,4.495077519095503e-06,3.1380698146676878e-06,0.9999723434448242,1.6187395885935985e-05,3,8.089087724685669,False,"['PBMD', 'PBMD', 'PBMD', 'PBMD', 'PBMD']","[468502519163472009, 468502519163973896, 468502519163916366, 468502519163665386, 468502519163866257]","[0.787945032119751, 0.8037250638008118, 0.7829728722572327, 0.7836487889289856, 0.8068482875823975]"
706,MEDQA,3.041513991774991e-06,7.889086191426031e-06,4.495066150411731e-06,1.4738754543941468e-05,0.9999698400497437,2,4.678027153015137,False,"['STAT', 'TEXT', 'TEXT', 'STAT', 'PBMD']","[468502519162808810, 468502519162357630, 468502519162361056, 468502519162928434, 468502519163751558]","[0.814875602722168, 0.761617124080658, 0.7761262655258179, 0.7644778490066528, 0.7670073509216309]"
707,MEDQA,2.5215508685505483e-06,1.172630049950385e-06,4.592085076637886e-07,0.9999885559082031,7.296348940144526e-06,3,8.852099418640137,False,"['TEXT', 'PBMD', 'PBMD', 'PBMD', 'PBMD']","[468502519162329132, 468502519163659800, 468502519163674608, 468502519163749741, 468502519163979613]","[0.8202235102653503, 0.7792681455612183, 0.7973464727401733, 0.7785331606864929, 0.7814408540725708]"
708,MEDQA,1.0,6.691586174056852e-10,8.507396870305328e-11,1.0261879540562902e-10,2.4374099960589035e-11,1,10.606924772262573,False,"['PBMD', 'PBMD', 'PBMD', 'PBMD', 'PBMD']","[468502519163701904, 468502519163817827, 468502519163279228, 468502519163992499, 468502519163330737]","[0.8070247769355774, 0.81522536277771, 0.8061971664428711, 0.8075500726699829, 0.8042712211608887]"
709,MEDQA,0.3067467212677002,0.03441602736711502,0.041513655334711075,0.4192730486392975,0.19805055856704712,1,4.9450812339782715,False,"['TEXT', 'PBMD', 'PBMD', 'PBMD', 'PBMD']","[468502519162400507, 468502519163458718, 468502519163515727, 468502519163344152, 468502519163252947]","[0.77571040391922, 0.7783070802688599, 0.7945889830589294, 0.7797102928161621, 0.7841632962226868]"
710,MEDQA,2.428845618851483e-05,3.76186944777146e-05,4.755448753712699e-05,0.9994907379150391,0.00039972725789994,3,5.568464040756226,False,"['PBMD', 'PBMD', 'PBMD', 'PBMD', 'PBMD']","[468502519163213249, 468502519163983395, 468502519163932878, 468502519163798198, 468502519163803143]","[0.8111464977264404, 0.8116304874420166, 0.8003243207931519, 0.8075863122940063, 0.8083471655845642]"
711,MEDQA,7.182690296758665e-06,4.68370271846652e-05,0.9999134540557861,1.497001176176127e-05,1.7501717593404464e-05,2,5.13838529586792,False,"['STAT', 'PBMD', 'TEXT', 'PBMD', 'PBMD']","[468502519162735770, 468502519163382126, 468502519162389645, 468502519163824275, 468502519163850079]","[0.8005228638648987, 0.7964160442352295, 0.7874154448509216, 0.7937790751457214, 0.7946953773498535]"
712,MEDQA,1.5201932001218665e-05,4.19738789787516e-05,0.9996620416641235,0.0001055223256116733,0.0001753414107952267,2,8.748302459716797,False,"['PBMD', 'PBMD', 'PBMD', 'TEXT', 'PBMD']","[468502519163018967, 468502519163613301, 468502519163224451, 468502519162407238, 468502519163962886]","[0.7909888029098511, 0.8029431104660034, 0.7899383306503296, 0.8061732649803162, 0.8132141828536987]"
713,MEDQA,0.9996341466903687,0.00016089783457573503,4.493557298701489e-06,0.00018810863548424095,1.2214754860906396e-05,0,7.2222278118133545,False,"['PBMD', 'PBMD', 'STAT', 'PBMD', 'PBMD']","[468502519163333020, 468502519163768575, 468502519162763387, 468502519163043793, 468502519163003144]","[0.8138294219970703, 0.8025978207588196, 0.8085081577301025, 0.8082894086837769, 0.8288024663925171]"
714,MEDQA,8.152017727525163e-09,2.3355921641154964e-09,2.4862250036505884e-09,3.9278620533877984e-07,0.9999996423721313,1,10.440647840499878,False,"['TEXT', 'STAT', 'PBMD', 'PBMD', 'STAT']","[468502519162412554, 468502519162779121, 468502519163505320, 468502519163465104, 468502519162702105]","[0.7883199453353882, 0.7962536811828613, 0.804705798625946, 0.8044915199279785, 0.7932584285736084]"
715,MEDQA,1.4735835065948777e-05,3.119576649623923e-05,0.999771773815155,0.00010389774979557842,7.8426135587506e-05,1,6.9748663902282715,False,"['PBMD', 'PBMD', 'PBMD', 'PBMD', 'PBMD']","[468502519163361080, 468502519163882900, 468502519163314327, 468502519163730349, 468502519163659083]","[0.7756861448287964, 0.7767695784568787, 0.7807703018188477, 0.7889813184738159, 0.7826446294784546]"
716,MEDQA,1.0615455721563194e-05,4.029172487207688e-06,1.3708570349990623e-06,0.9999254941940308,5.8518460718914866e-05,3,7.362959861755371,False,"['PBMD', 'PBMD', 'PBMD', 'PBMD', 'PBMD']","[468502519163815364, 468502519163570874, 468502519163119118, 468502519163054039, 468502519163942728]","[0.7553417086601257, 0.7532621622085571, 0.769923746585846, 0.7676449418067932, 0.7603918313980103]"
717,MEDQA,1.8738306835075491e-06,0.999974250793457,1.5534601516264956e-06,1.6536497469132883e-06,2.062331623164937e-05,1,5.906585454940796,False,"['PBMD', 'PBMD', 'PBMD', 'PBMD', 'PBMD']","[468502519163611086, 468502519163527472, 468502519163092413, 468502519163624671, 468502519163326605]","[0.7874811291694641, 0.7851438522338867, 0.800261914730072, 0.7940220236778259, 0.8022730350494385]"
718,MEDQA,2.1906662368564866e-06,0.9999451637268066,1.3708839787796023e-06,1.8631071725394577e-05,3.269855005783029e-05,4,7.2086286544799805,False,"['PBMD', 'STAT', 'PBMD', 'STAT', 'PBMD']","[468502519163909496, 468502519162743110, 468502519163811178, 468502519162779128, 468502519163811177]","[0.7791837453842163, 0.7831394076347351, 0.7851606011390686, 0.7833875417709351, 0.7774004936218262]"
719,MEDQA,7.527638899773592e-06,8.939292456489056e-06,4.936745881423121e-06,3.269857552368194e-05,0.999945878982544,0,9.584952354431152,False,"['PBMD', 'PBMD', 'PBMD', 'PBMD', 'PBMD']","[468502519163068030, 468502519163543926, 468502519163041535, 468502519163378790, 468502519163062667]","[0.766013503074646, 0.7617475986480713, 0.755217969417572, 0.7637588381767273, 0.7593027949333191]"
720,MEDQA,0.0012302976101636887,0.0013122053351253271,0.0005984292947687209,0.3911045491695404,0.605754554271698,1,10.428974628448486,False,"['PBMD', 'TEXT', 'PBMD', 'PBMD', 'PBMD']","[468502519163918359, 468502519162320142, 468502519163584240, 468502519163504321, 468502519163961093]","[0.7898054122924805, 0.7847123146057129, 0.7867737412452698, 0.7974420785903931, 0.7925647497177124]"
721,MEDQA,3.089425035796012e-06,0.9999744892120361,4.222743427817477e-06,1.4285356883192435e-05,3.966900294471998e-06,1,4.385967016220093,False,"['TEXT', 'PBMD', 'PBMD', 'TEXT', 'TEXT']","[468502519162389521, 468502519163230971, 468502519163064012, 468502519162418077, 468502519162363035]","[0.7699279189109802, 0.764965832233429, 0.7595162391662598, 0.7614681124687195, 0.7698447108268738]"
722,MEDQA,1.1544544804564794e-06,1.1544544804564794e-06,1.2098579418307054e-06,4.1573503040126525e-06,0.9999923706054688,4,8.221654891967773,False,"['PBMD', 'PBMD', 'TEXT', 'PBMD', 'PBMD']","[468502519163944311, 468502519163617710, 468502519162386253, 468502519163472503, 468502519163741018]","[0.7735317945480347, 0.7603077292442322, 0.7582706212997437, 0.7606238126754761, 0.7656189203262329]"
723,MEDQA,4.390965841594152e-06,0.9999761581420898,3.927769967049244e-07,4.1249309106206056e-06,1.4854446817480493e-05,3,4.473297357559204,False,"['PBMD', 'PBMD', 'TEXT', 'PBMD', 'TEXT']","[468502519163986376, 468502519163862636, 468502519162306818, 468502519163303896, 468502519162307802]","[0.7873887419700623, 0.7873546481132507, 0.7797178030014038, 0.7744489908218384, 0.7745495438575745]"
724,MEDQA,1.72298005054472e-05,3.1199138902593404e-05,7.527142770413775e-06,6.401647988241166e-05,0.9998799562454224,4,7.386085748672485,False,"['PBMD', 'TEXT', 'TEXT', 'TEXT', 'PBMD']","[468502519163976238, 468502519162394786, 468502519162394965, 468502519162395450, 468502519163345199]","[0.7706799507141113, 0.7893279790878296, 0.7682973146438599, 0.8165649771690369, 0.7663748860359192]"
725,MEDQA,2.9648484201061365e-07,1.3287528872751864e-06,1.855354696544964e-07,0.9999802112579346,1.805848842195701e-05,3,4.718262672424316,False,"['PBMD', 'PBMD', 'PBMD', 'TEXT', 'PBMD']","[468502519163804175, 468502519163664546, 468502519163362764, 468502519162391888, 468502519163377347]","[0.754000186920166, 0.7491068840026855, 0.7524752616882324, 0.7577149868011475, 0.7668607234954834]"
726,MEDQA,1.0348431942475145e-06,2.5612614535930334e-06,1.7880487348520546e-06,5.255367341305828e-06,0.99998939037323,4,8.654220581054688,False,"['TEXT', 'PBMD', 'TEXT', 'PBMD', 'PBMD']","[468502519162395018, 468502519163338689, 468502519162395450, 468502519163650487, 468502519163336425]","[0.7861377000808716, 0.7912907600402832, 0.7940694689750671, 0.8068904876708984, 0.7934862971305847]"
727,MEDQA,2.4824134925438557e-06,0.9999706745147705,1.4144364968160517e-06,1.1300604455755092e-05,1.4063830349186901e-05,1,7.296149969100952,False,"['PBMD', 'PBMD', 'PBMD', 'PBMD', 'PBMD']","[468502519163131847, 468502519163733612, 468502519163640187, 468502519163738101, 468502519163861581]","[0.7925229072570801, 0.7935108542442322, 0.7855844497680664, 0.7876184582710266, 0.796138346195221]"
728,MEDQA,1.4144693523121532e-06,1.7061757944247802e-06,1.7603356354811694e-06,0.9999939203262329,1.209859760820109e-06,3,6.615917921066284,False,"['STAT', 'PBMD', 'PBMD', 'PBMD', 'PBMD']","[468502519162761437, 468502519163864785, 468502519163898529, 468502519163715192, 468502519163593007]","[0.8043802380561829, 0.8259015083312988, 0.8130641579627991, 0.8106436133384705, 0.8134201169013977]"
729,MEDQA,6.893538966323831e-07,1.5056872371133068e-06,7.112362823136209e-07,0.9999889135360718,8.267849807452876e-06,3,8.722150802612305,False,"['TEXT', 'PBMD', 'PBMD', 'PBMD', 'PBMD']","[468502519162417087, 468502519163472502, 468502519163189086, 468502519163863934, 468502519163617765]","[0.7698713541030884, 0.7721166610717773, 0.7713714838027954, 0.7740581035614014, 0.78912752866745]"
730,MEDQA,1.1014935807907023e-06,1.2097540320610278e-06,6.083025709813228e-07,0.9999065399169922,9.063344623427838e-05,3,5.743981838226318,False,"['STAT', 'TEXT', 'PBMD', 'STAT', 'STAT']","[468502519162944408, 468502519162387485, 468502519163809136, 468502519162923968, 468502519162916208]","[0.771312952041626, 0.7501991391181946, 0.7513279318809509, 0.7547677755355835, 0.7554505467414856]"
731,MEDQA,1.8738436438070494e-06,0.999981164932251,1.3709333188671735e-06,9.080386007553898e-06,6.438957825594116e-06,1,6.394974231719971,False,"['PBMD', 'PBMD', 'PBMD', 'PBMD', 'PBMD']","[468502519163650497, 468502519163113789, 468502519163908611, 468502519163969385, 468502519163822902]","[0.8026286363601685, 0.8181978464126587, 0.7989375591278076, 0.8300411701202393, 0.8107836246490479]"
732,MEDQA,2.4824216779961716e-06,0.9999740123748779,4.63777450931957e-06,1.0783148354676086e-05,8.139547389873769e-06,1,7.316181898117065,False,"['PBMD', 'PBMD', 'PBMD', 'PBMD', 'PBMD']","[468502519163365454, 468502519163560784, 468502519163740801, 468502519163876794, 468502519163683005]","[0.8053831458091736, 0.7684763073921204, 0.7705762386322021, 0.7761516571044922, 0.7694936394691467]"
733,MEDQA,2.0144418158452027e-05,5.307347237248905e-05,0.999916672706604,6.747534371243091e-06,3.288485913799377e-06,2,5.671617031097412,False,"['STAT', 'PBMD', 'PBMD', 'TEXT', 'PBMD']","[468502519162710945, 468502519163183678, 468502519163845071, 468502519162365719, 468502519163667194]","[0.7975277304649353, 0.795106053352356, 0.7859436273574829, 0.7903633117675781, 0.7961358428001404]"
734,MEDQA,1.8625436496222392e-05,1.3626660802401602e-05,1.240721576323267e-05,0.9996427297592163,0.0003125738585367799,3,7.513553619384766,False,"['PBMD', 'PBMD', 'PBMD', 'PBMD', 'PBMD']","[468502519163871094, 468502519163723852, 468502519163780832, 468502519163581685, 468502519163576841]","[0.7975038886070251, 0.7967524528503418, 0.7965044975280762, 0.789654552936554, 0.7989529371261597]"
735,MEDQA,0.9999313354492188,3.21911575156264e-05,6.276277417782694e-07,2.6273659386788495e-05,9.665538527769968e-06,0,7.0804150104522705,False,"['PBMD', 'TEXT', 'PBMD', 'PBMD', 'PBMD']","[468502519163939431, 468502519162329133, 468502519163870034, 468502519163753728, 468502519163770238]","[0.7878327965736389, 0.789811909198761, 0.7846932411193848, 0.7939911484718323, 0.7840767502784729]"
736,MEDQA,0.48217591643333435,0.0006971508264541626,0.0008951594354584813,0.5132735967636108,0.002958135213702917,0,7.128068208694458,False,"['PBMD', 'PBMD', 'PBMD', 'STAT', 'PBMD']","[468502519163622915, 468502519163378987, 468502519163229878, 468502519162823820, 468502519163866257]","[0.7476750612258911, 0.7486429214477539, 0.7532050013542175, 0.794739842414856, 0.777297854423523]"
737,MEDQA,0.00037283182609826326,0.0002407183201285079,0.9962489008903503,0.0010620990069583058,0.002075431402772665,3,9.12961459159851,False,"['PBMD', 'PBMD', 'PBMD', 'PBMD', 'PBMD']","[468502519163455135, 468502519163780600, 468502519163180411, 468502519163354953, 468502519163144008]","[0.8069014549255371, 0.8057167530059814, 0.7955228090286255, 0.8044142723083496, 0.7961015105247498]"
738,MEDQA,0.999879002571106,8.219870505854487e-05,4.092432391189504e-06,2.7533116735867225e-05,7.1824429141997825e-06,0,3.9736461639404297,False,"['PBMD', 'PBMD', 'PBMD', 'PBMD', 'PBMD']","[468502519163555740, 468502519163805464, 468502519163536927, 468502519163477633, 468502519163687163]","[0.8003402948379517, 0.7989084124565125, 0.8036918640136719, 0.7993857264518738, 0.7850772142410278]"
739,MEDQA,0.99997878074646,9.36860578804044e-06,5.714886697205657e-07,8.01339319878025e-06,3.187507900292985e-06,0,9.473947763442993,False,"['TEXT', 'PBMD', 'PBMD', 'TEXT', 'TEXT']","[468502519162364754, 468502519163362189, 468502519163239832, 468502519162346718, 468502519162363049]","[0.7831259369850159, 0.7865336537361145, 0.7953137755393982, 0.7914406061172485, 0.7792439460754395]"
740,MEDQA,2.947846951428801e-06,5.3378616939880885e-06,4.35663559983368e-06,4.77620487799868e-05,0.9999395608901978,4,6.39353346824646,False,"['TEXT', 'PBMD', 'PBMD', 'PBMD', 'PBMD']","[468502519162353424, 468502519163620141, 468502519163215177, 468502519163769296, 468502519163031619]","[0.7854399681091309, 0.8093392252922058, 0.7948643565177917, 0.7892254590988159, 0.7958272695541382]"
741,MEDQA,0.9999886751174927,5.77188802708406e-06,9.422348057341878e-07,3.844906132144388e-06,8.57914585594699e-07,0,7.049635648727417,False,"['PBMD', 'PBMD', 'PBMD', 'PBMD', 'PBMD']","[468502519163191794, 468502519163450078, 468502519163731253, 468502519163404021, 468502519163571583]","[0.7513015866279602, 0.7573390007019043, 0.7570385336875916, 0.7453272342681885, 0.7493420839309692]"
742,MEDQA,1.1123752301500645e-05,0.9998220801353455,4.2220999603159726e-06,6.502082396764308e-05,9.760782268131152e-05,1,5.262910604476929,False,"['PBMD', 'TEXT', 'PBMD', 'TEXT', 'PBMD']","[468502519163570205, 468502519162377452, 468502519163530815, 468502519162377458, 468502519163774634]","[0.792628288269043, 0.7848007678985596, 0.7753405570983887, 0.7873014211654663, 0.7743352651596069]"
743,MEDQA,2.8129400106990943e-06,0.9999697208404541,1.6536423572688363e-06,1.5936391719151288e-05,9.818126272875816e-06,1,8.607027292251587,False,"['PBMD', 'PBMD', 'TEXT', 'TEXT', 'STAT']","[468502519163027717, 468502519163936386, 468502519162294194, 468502519162307418, 468502519162900572]","[0.7690814733505249, 0.7790669798851013, 0.7825044393539429, 0.7837596535682678, 0.7743166089057922]"
744,MEDQA,6.680974706796405e-07,3.089251322307973e-06,1.9332042029418517e-06,0.9999182224273682,7.602435653097928e-05,3,7.753155708312988,False,"['PBMD', 'PBMD', 'PBMD', 'PBMD', 'PBMD']","[468502519163968120, 468502519163912808, 468502519163145929, 468502519163678296, 468502519163553132]","[0.8131242990493774, 0.7971522808074951, 0.7976236939430237, 0.8003047704696655, 0.7935965061187744]"
745,MEDQA,1.1910939292647527e-06,2.482453055563383e-06,9.87451585388044e-07,8.664613233122509e-06,0.9999866485595703,0,10.734658479690552,False,"['PBMD', 'PBMD', 'PBMD', 'PBMD', 'PBMD']","[468502519163931999, 468502519163658249, 468502519163545410, 468502519163783490, 468502519163560399]","[0.7947484254837036, 0.797683835029602, 0.8183568120002747, 0.8045880794525146, 0.794588565826416]"
746,MEDQA,1.9946219254052266e-06,0.9999439716339111,6.540113645314705e-06,3.4807384508894756e-05,1.2606398740899749e-05,1,6.2059502601623535,False,"['PBMD', 'PBMD', 'PBMD', 'STAT', 'STAT']","[468502519163637910, 468502519163541753, 468502519163782395, 468502519162928434, 468502519162810113]","[0.7586366534233093, 0.7642467021942139, 0.7601611614227295, 0.7716416716575623, 0.7708127498626709]"
747,MEDQA,1.4282962183642667e-05,1.1123582225991413e-05,6.143025530036539e-06,0.999806821346283,0.00016163437976501882,3,8.161531448364258,False,"['STAT', 'TEXT', 'PBMD', 'PBMD', 'TEXT']","[468502519162851520, 468502519162347405, 468502519163759414, 468502519163736111, 468502519162329155]","[0.7872822284698486, 0.7959145903587341, 0.7744341492652893, 0.7861802577972412, 0.7778937816619873]"
748,MEDQA,2.4680588467163034e-05,7.254027877934277e-05,0.9998815059661865,3.500451839499874e-06,1.7776761524146423e-05,0,5.496010780334473,False,"['PBMD', 'TEXT', 'PBMD', 'PBMD', 'PBMD']","[468502519163567924, 468502519162390843, 468502519163737171, 468502519163816876, 468502519163904717]","[0.7805264592170715, 0.7762637734413147, 0.7767612338066101, 0.7808453440666199, 0.7769023776054382]"
749,MEDQA,0.9988448619842529,0.0004670264897868037,0.00038266778574325144,0.00022320814605336636,8.211368549382314e-05,2,6.615973472595215,False,"['STAT', 'TEXT', 'STAT', 'TEXT', 'STAT']","[468502519162852561, 468502519162326916, 468502519162837908, 468502519162359561, 468502519162989101]","[0.764067530632019, 0.7447691559791565, 0.7367293834686279, 0.7450479865074158, 0.7592771053314209]"
750,MEDQA,5.093524123367388e-06,0.9999593496322632,2.5611846012907336e-06,9.368423889100086e-06,2.3552216589450836e-05,1,6.308865070343018,False,"['TEXT', 'STAT', 'PBMD', 'TEXT', 'PBMD']","[468502519162333157, 468502519162978158, 468502519163843661, 468502519162368727, 468502519163603566]","[0.7807504534721375, 0.7860504388809204, 0.7984989881515503, 0.8033197522163391, 0.7810335159301758]"
751,MEDQA,2.9477503176167374e-06,4.288951913622441e-06,8.314511887874687e-07,0.9999067783355713,8.514226647093892e-05,2,7.785025596618652,False,"['PBMD', 'PBMD', 'PBMD', 'PBMD', 'PBMD']","[468502519163705604, 468502519163413599, 468502519163642754, 468502519163705215, 468502519163857408]","[0.7684594392776489, 0.7661378383636475, 0.7718268632888794, 0.7751681208610535, 0.7672643661499023]"
752,MEDQA,7.888879736128729e-06,1.1842611456813756e-05,1.863104262156412e-05,1.8057826309814118e-05,0.9999436140060425,2,9.689783811569214,False,"['PBMD', 'PBMD', 'PBMD', 'PBMD', 'PBMD']","[468502519163581926, 468502519163671594, 468502519163786616, 468502519163811418, 468502519163870190]","[0.7693458199501038, 0.7712184190750122, 0.7642335891723633, 0.7765986919403076, 0.7659436464309692]"
753,MEDQA,1.5056580195960123e-06,4.356766112323385e-06,0.999969482421875,1.7778325855033472e-05,6.962092356843641e-06,2,8.172358512878418,False,"['PBMD', 'PBMD', 'PBMD', 'PBMD', 'PBMD']","[468502519163480108, 468502519163944311, 468502519163138512, 468502519163974669, 468502519163943021]","[0.7872537970542908, 0.7929639220237732, 0.7879063487052917, 0.7867659330368042, 0.7810446619987488]"
754,MEDQA,2.122921387126553e-06,0.9997826218605042,5.092623723612633e-06,0.00012194552255095914,8.817783236736432e-05,1,6.4052581787109375,False,"['STAT', 'STAT', 'PBMD', 'TEXT', 'PBMD']","[468502519162894875, 468502519162964916, 468502519163967599, 468502519162414983, 468502519163576079]","[0.7946425676345825, 0.7976815700531006, 0.8042126297950745, 0.7949709892272949, 0.790625810623169]"
755,MEDQA,2.9942652872705366e-06,5.0934172577399295e-06,5.255099495116156e-06,0.9999383687973022,4.832499325857498e-05,3,8.241101026535034,False,"['PBMD', 'PBMD', 'TEXT', 'STAT', 'TEXT']","[468502519163994184, 468502519163188285, 468502519162393576, 468502519162460612, 468502519162377149]","[0.7726225852966309, 0.7611765265464783, 0.7603909969329834, 0.7580559253692627, 0.7621238827705383]"
756,MEDQA,3.187341690136236e-06,1.3845181456417777e-05,0.9999266862869263,4.331773743615486e-05,1.3006343579036184e-05,2,6.837718963623047,False,"['PBMD', 'PBMD', 'PBMD', 'PBMD', 'PBMD']","[468502519163854856, 468502519163830463, 468502519163593603, 468502519163848635, 468502519163016683]","[0.7772365212440491, 0.7772751450538635, 0.7736685872077942, 0.7809896469116211, 0.7816207408905029]"
757,MEDQA,2.482408945070347e-06,0.9999688863754272,1.8738205653789919e-06,1.4970842130423989e-05,1.1659302799671423e-05,4,5.366850852966309,False,"['PBMD', 'PBMD', 'PBMD', 'PBMD', 'PBMD']","[468502519163880454, 468502519163627929, 468502519163485150, 468502519163742973, 468502519163972603]","[0.7610666751861572, 0.7603838443756104, 0.7618651986122131, 0.7629607319831848, 0.7586092948913574]"
758,MEDQA,1.0128991561941803e-05,3.705030758283101e-05,0.9998911619186401,3.321168333059177e-05,2.8407457648427226e-05,4,7.695620059967041,False,"['PBMD', 'PBMD', 'PBMD', 'PBMD', 'PBMD']","[468502519163797752, 468502519163713192, 468502519163767180, 468502519163640187, 468502519163869466]","[0.780608057975769, 0.7716726064682007, 0.7813410758972168, 0.7967787981033325, 0.7740341424942017]"
759,MEDQA,1.0676640158635564e-06,2.1907042082602857e-06,4.737730421311426e-07,0.999962568283081,3.3737102057784796e-05,3,10.310537099838257,False,"['PBMD', 'PBMD', 'PBMD', 'PBMD', 'PBMD']","[468502519163845420, 468502519163849959, 468502519163583491, 468502519163855061, 468502519163926646]","[0.8020660877227783, 0.804021954536438, 0.7827101945877075, 0.7829422950744629, 0.7967817783355713]"
760,MEDQA,7.888905201980378e-06,1.0615682185743935e-05,8.800709110801108e-06,0.9999468326568604,2.5866724172374234e-05,2,7.229855298995972,False,"['STAT', 'STAT', 'TEXT', 'TEXT', 'PBMD']","[468502519162928434, 468502519162905100, 468502519162390966, 468502519162329132, 468502519163743843]","[0.7661374807357788, 0.7602375745773315, 0.7822527885437012, 0.7623379230499268, 0.758270263671875]"
761,MEDQA,2.5610640932427486e-06,4.784697466675425e-06,4.710517714556772e-06,7.572751928819343e-05,0.9999122619628906,4,9.60700798034668,False,"['PBMD', 'PBMD', 'PBMD', 'PBMD', 'PBMD']","[468502519163449425, 468502519163267241, 468502519163839043, 468502519163649091, 468502519163885713]","[0.7621778249740601, 0.7470908164978027, 0.7522048354148865, 0.7545896768569946, 0.7593666315078735]"
762,MEDQA,3.070911407121457e-05,0.0002652862458489835,0.9996739625930786,2.211894388892688e-05,7.886752428021282e-06,2,6.471261501312256,False,"['PBMD', 'TEXT', 'STAT', 'TEXT', 'TEXT']","[468502519163738865, 468502519162394609, 468502519162852504, 468502519162353466, 468502519162394633]","[0.7888360023498535, 0.8007506132125854, 0.7844148874282837, 0.8050702810287476, 0.7865220904350281]"
763,MEDQA,0.999544084072113,3.425404065637849e-05,5.091408638691064e-06,0.00037260662065818906,4.3983058276353404e-05,0,7.933817386627197,False,"['PBMD', 'TEXT', 'PBMD', 'TEXT', 'TEXT']","[468502519163078407, 468502519162368699, 468502519163294657, 468502519162367550, 468502519162297335]","[0.7980534434318542, 0.7925403118133545, 0.7913563251495361, 0.8000369071960449, 0.7942894697189331]"
764,MEDQA,4.355892997409683e-06,1.3843000488122925e-05,0.9997691512107849,0.0001809267414500937,3.168694456689991e-05,3,6.573395252227783,False,"['STAT', 'TEXT', 'STAT', 'STAT', 'STAT']","[468502519162895707, 468502519162373484, 468502519162895706, 468502519162895712, 468502519162457583]","[0.7658031582832336, 0.7733207941055298, 0.7789229154586792, 0.7591416835784912, 0.7595707774162292]"
765,MEDQA,4.691156263447738e-08,2.84533001604359e-08,6.023564225188238e-08,1.553497554596106e-06,0.9999983310699463,3,10.287310600280762,False,"['STAT', 'PBMD', 'TEXT', 'STAT', 'STAT']","[468502519162949399, 468502519163827020, 468502519162345761, 468502519162755860, 468502519162457864]","[0.7630703449249268, 0.7801713943481445, 0.7712324857711792, 0.7673392295837402, 0.7631126642227173]"
766,MEDQA,6.143341579445405e-06,2.1610543626593426e-05,3.3926753530977294e-06,0.00011058115342166275,0.9998582601547241,4,9.16079568862915,False,"['PBMD', 'STAT', 'PBMD', 'PBMD', 'PBMD']","[468502519163079415, 468502519162960463, 468502519163718770, 468502519163733110, 468502519163130086]","[0.8296048045158386, 0.8170342445373535, 0.8090417385101318, 0.8266657590866089, 0.8041791319847107]"
767,MEDQA,3.089472329520504e-06,0.9999897480010986,3.806976849318744e-07,1.994713329622755e-06,4.785068085766397e-06,1,8.19933032989502,False,"['PBMD', 'PBMD', 'PBMD', 'PBMD', 'PBMD']","[468502519163547799, 468502519163554181, 468502519163667091, 468502519163944401, 468502519163346276]","[0.7955634593963623, 0.7835302948951721, 0.7983373403549194, 0.7873509526252747, 0.791659414768219]"
768,MEDQA,3.5006132748094387e-06,0.9999276399612427,3.6117348827247042e-06,1.3845194189343601e-05,5.1441140385577455e-05,1,6.065493583679199,False,"['PBMD', 'PBMD', 'PBMD', 'PBMD', 'PBMD']","[468502519163845150, 468502519163603866, 468502519163662495, 468502519163032650, 468502519163856171]","[0.7685508728027344, 0.7585164308547974, 0.7626126408576965, 0.7567768096923828, 0.7664313912391663]"
769,MEDQA,6.104424392106012e-05,0.0004915366298519075,0.999213695526123,0.00011227755021536723,0.00012140098260715604,2,8.159158945083618,False,"['PBMD', 'PBMD', 'TEXT', 'PBMD', 'PBMD']","[468502519163472326, 468502519163755427, 468502519162392811, 468502519163786610, 468502519163680917]","[0.772343635559082, 0.7685707211494446, 0.7921101450920105, 0.7681288123130798, 0.7708848714828491]"
770,MEDQA,1.9946576230722712e-06,0.9999618530273438,2.1907026166445576e-06,4.222690222377423e-06,2.977286567329429e-05,1,5.046984672546387,False,"['PBMD', 'PBMD', 'PBMD', 'PBMD', 'TEXT']","[468502519163705196, 468502519163623926, 468502519163152402, 468502519163951854, 468502519162358182]","[0.7596989274024963, 0.7573713064193726, 0.7609620690345764, 0.7562686204910278, 0.7777970433235168]"
771,MEDQA,3.3982678893096363e-09,1.8189616479702408e-09,3.850741947530878e-09,1.3440409674103648e-08,1.0,2,10.881009817123413,False,"['PBMD', 'PBMD', 'PBMD', 'PBMD', 'PBMD']","[468502519163886002, 468502519163126642, 468502519163870870, 468502519163731413, 468502519163997505]","[0.7531313896179199, 0.7606972455978394, 0.7485655546188354, 0.7648818492889404, 0.7493259310722351]"
772,MEDQA,2.72428542302805e-06,2.6667779820854776e-05,0.9991958737373352,4.828911187360063e-05,0.0007264310261234641,4,7.19463324546814,False,"['STAT', 'PBMD', 'PBMD', 'PBMD', 'PBMD']","[468502519162888445, 468502519163761927, 468502519163287268, 468502519163426577, 468502519163752895]","[0.7586541175842285, 0.7677577137947083, 0.7758883833885193, 0.7671236991882324, 0.7689058780670166]"
773,MEDQA,0.00015114694542717189,0.9996170997619629,4.830946636502631e-05,7.96488529886119e-05,0.00010388167720520869,0,8.522040128707886,False,"['PBMD', 'PBMD', 'PBMD', 'PBMD', 'PBMD']","[468502519163844262, 468502519163355715, 468502519163222287, 468502519163243096, 468502519163401369]","[0.7670944333076477, 0.7687793374061584, 0.765312910079956, 0.7740476727485657, 0.7961283922195435]"
774,MEDQA,1.618383794266265e-05,6.746427061443683e-06,1.932883833433152e-06,0.9997525811195374,0.0002225399948656559,4,6.690038681030273,False,"['STAT', 'STAT', 'TEXT', 'STAT', 'PBMD']","[468502519162929857, 468502519162929848, 468502519162347662, 468502519162929898, 468502519163980866]","[0.8264092803001404, 0.8292058110237122, 0.8134443759918213, 0.8241122961044312, 0.8259680271148682]"
775,MEDQA,0.999934196472168,3.5632467188406736e-05,1.0615548490022775e-05,1.40633164846804e-05,5.507273726834683e-06,0,4.612025260925293,False,"['PBMD', 'PBMD', 'PBMD', 'PBMD', 'PBMD']","[468502519163266068, 468502519163626703, 468502519163128120, 468502519163280739, 468502519163153203]","[0.76706463098526, 0.7706948518753052, 0.7961851358413696, 0.7659671306610107, 0.780009388923645]"
776,MEDQA,0.9964476823806763,0.0016009591054171324,0.0002881595864892006,0.0003462316526565701,0.0013169129379093647,1,6.402085781097412,False,"['PBMD', 'PBMD', 'PBMD', 'PBMD', 'PBMD']","[468502519163995494, 468502519163678193, 468502519163678192, 468502519163734217, 468502519163755220]","[0.7369555830955505, 0.7592443823814392, 0.7361798882484436, 0.7400178909301758, 0.7367821931838989]"
777,MEDQA,2.857244226106559e-06,5.955008873570478e-06,5.594213234871859e-06,1.352507206320297e-05,0.9999721050262451,2,7.241796255111694,False,"['TEXT', 'PBMD', 'TEXT', 'STAT', 'TEXT']","[468502519162326361, 468502519163650292, 468502519162393077, 468502519162450590, 468502519162369087]","[0.7661101818084717, 0.7595407366752625, 0.7607052326202393, 0.7603946328163147, 0.7580599784851074]"
778,MEDQA,3.912850661436096e-05,4.390752292238176e-05,3.966713848058134e-05,9.914056863635778e-05,0.9997782111167908,2,6.345262765884399,False,"['PBMD', 'PBMD', 'PBMD', 'TEXT', 'TEXT']","[468502519163972604, 468502519163975667, 468502519163662134, 468502519162408353, 468502519162326703]","[0.7799623608589172, 0.7518725991249084, 0.7537124752998352, 0.7476511597633362, 0.752247154712677]"
779,MEDQA,8.059374749791459e-07,9.422363973499159e-07,5.714952635571535e-07,7.353588443947956e-06,0.9999903440475464,4,10.434866905212402,False,"['PBMD', 'PBMD', 'PBMD', 'PBMD', 'STAT']","[468502519163711032, 468502519163531739, 468502519163838909, 468502519163875433, 468502519162420830]","[0.8182462453842163, 0.8001657128334045, 0.8031598925590515, 0.7996658086776733, 0.7991354465484619]"
780,MEDQA,3.943522824556567e-05,1.406106457579881e-05,1.7774849766283296e-05,0.9997740387916565,0.0001547555875731632,3,5.381135702133179,False,"['PBMD', 'PBMD', 'PBMD', 'PBMD', 'PBMD']","[468502519163750631, 468502519163703191, 468502519163369216, 468502519163760289, 468502519163264890]","[0.7650437355041504, 0.7611831426620483, 0.7566702365875244, 0.7570997476577759, 0.7683858871459961]"
781,MEDQA,1.2878856523457216e-06,2.368784180362127e-06,1.1726332331818412e-06,3.844916136586107e-06,0.9999912977218628,4,5.951218128204346,False,"['STAT', 'STAT', 'STAT', 'STAT', 'STAT']","[468502519162472908, 468502519162486019, 468502519162769507, 468502519162892967, 468502519162847819]","[0.8269519805908203, 0.813383936882019, 0.8000854253768921, 0.7846393585205078, 0.7776949405670166]"
782,MEDQA,0.999933123588562,1.0615536666591652e-05,2.994249598486931e-06,9.9723747553071e-06,4.3318017560523e-05,4,5.534143686294556,False,"['TEXT', 'PBMD', 'PBMD', 'STAT', 'TEXT']","[468502519162375457, 468502519163865783, 468502519163427553, 468502519162430580, 468502519162375627]","[0.7782115936279297, 0.8241507411003113, 0.7848241329193115, 0.7768563628196716, 0.78056800365448]"
783,MEDQA,8.939449799072463e-06,0.9999635219573975,8.578929850955319e-07,6.96205097483471e-06,1.9833036276395433e-05,1,7.482734203338623,False,"['PBMD', 'PBMD', 'PBMD', 'PBMD', 'PBMD']","[468502519163388745, 468502519163134822, 468502519163339178, 468502519163897252, 468502519163726849]","[0.7694176435470581, 0.7710915803909302, 0.7768213748931885, 0.7715953588485718, 0.7761364579200745]"
784,MEDQA,1.890514795377385e-05,0.9989243149757385,0.00011050483590224758,0.0001071049555321224,0.00083916139556095,1,8.206220865249634,False,"['PBMD', 'PBMD', 'STAT', 'PBMD', 'PBMD']","[468502519163756721, 468502519163133559, 468502519162698864, 468502519163859408, 468502519163769132]","[0.7936128377914429, 0.7770416736602783, 0.8074058890342712, 0.7856695055961609, 0.7829540967941284]"
785,MEDQA,2.6729439994710447e-08,3.653481428500527e-08,6.825602127946695e-08,1.2751903000207676e-07,0.9999997615814209,3,10.543104887008667,False,"['PBMD', 'PBMD', 'PBMD', 'PBMD', 'PBMD']","[468502519163797752, 468502519163547500, 468502519163990380, 468502519163694857, 468502519163799767]","[0.8265498876571655, 0.809909462928772, 0.807930588722229, 0.8006616830825806, 0.8026442527770996]"
786,MEDQA,3.905375251633814e-06,8.732409696676768e-06,4.222717507218476e-06,1.4854329492663965e-05,0.9999682903289795,4,5.331390380859375,False,"['PBMD', 'PBMD', 'PBMD', 'PBMD', 'TEXT']","[468502519163268495, 468502519163252445, 468502519163769249, 468502519163443949, 468502519162380375]","[0.8012203574180603, 0.7919794321060181, 0.7917219400405884, 0.7899214029312134, 0.7907033562660217]"
787,MEDQA,0.656825602054596,0.028858903795480728,0.0022960000205785036,0.1560097485780716,0.1560097485780716,3,7.7805116176605225,False,"['PBMD', 'STAT', 'STAT', 'PBMD', 'PBMD']","[468502519163078291, 468502519162730066, 468502519162730043, 468502519163716860, 468502519163705916]","[0.7732629776000977, 0.7670626044273376, 0.7686021327972412, 0.7582826018333435, 0.7722529768943787]"
788,MEDQA,6.083560606384708e-07,7.338175009863335e-07,6.893577051414468e-07,0.9999945163726807,3.5008474696951453e-06,3,6.33153510093689,False,"['PBMD', 'PBMD', 'PBMD', 'PBMD', 'PBMD']","[468502519163980737, 468502519163715346, 468502519163469499, 468502519163505483, 468502519163172534]","[0.8086613416671753, 0.7996867299079895, 0.8015459179878235, 0.8014307022094727, 0.7893115282058716]"
789,MEDQA,2.5862609618343413e-05,5.828229041071609e-05,0.9997877478599548,8.749208063818514e-05,4.068759881192818e-05,2,5.668840408325195,False,"['PBMD', 'PBMD', 'PBMD', 'PBMD', 'PBMD']","[468502519163692458, 468502519163840394, 468502519163699896, 468502519163997527, 468502519163975149]","[0.7949389219284058, 0.7983364462852478, 0.79477858543396, 0.8004220128059387, 0.8028212189674377]"
790,MEDQA,6.540112735820003e-06,1.805783176678233e-05,8.13930182630429e-06,2.3368569600279443e-05,0.9999438524246216,1,6.693816900253296,False,"['PBMD', 'PBMD', 'STAT', 'PBMD', 'PBMD']","[468502519163567202, 468502519163695563, 468502519162439494, 468502519163920648, 468502519163727366]","[0.8266839385032654, 0.7994436025619507, 0.7954172492027283, 0.8099721670150757, 0.8217461109161377]"
791,MEDQA,0.00045017877710051835,0.0009147301898337901,0.00010025246592704207,0.9953171014785767,0.0032177630346268415,0,9.722221612930298,False,"['PBMD', 'TEXT', 'PBMD', 'PBMD', 'PBMD']","[468502519163436630, 468502519162385381, 468502519163146032, 468502519163069458, 468502519163326246]","[0.7718840837478638, 0.7767272591590881, 0.774700403213501, 0.792427122592926, 0.7818155288696289]"
792,MEDQA,3.4464551390556153e-06,1.0451246453158092e-05,4.289182925276691e-06,2.1112096874276176e-05,0.9999606609344482,2,7.658586025238037,False,"['PBMD', 'PBMD', 'STAT', 'PBMD', 'STAT']","[468502519163780657, 468502519163447702, 468502519162909510, 468502519163108288, 468502519162928378]","[0.7792627215385437, 0.77189040184021, 0.770538866519928, 0.7831360101699829, 0.7676293849945068]"
793,MEDQA,6.144049166323384e-06,0.9999734163284302,1.3709226323044277e-06,7.889114385761786e-06,1.1125435776193626e-05,1,5.199767351150513,False,"['PBMD', 'PBMD', 'STAT', 'PBMD', 'PBMD']","[468502519163742268, 468502519163705196, 468502519162746696, 468502519163303885, 468502519163102395]","[0.7627860307693481, 0.7733818292617798, 0.7658629417419434, 0.7606686949729919, 0.7594101428985596]"
794,MEDQA,2.3320262698689476e-06,1.933317662405898e-06,2.1907358132011723e-06,1.6571344531257637e-05,0.9999769926071167,4,4.926924467086792,False,"['PBMD', 'PBMD', 'PBMD', 'PBMD', 'PBMD']","[468502519163914364, 468502519163978765, 468502519163708966, 468502519163383407, 468502519163397181]","[0.7910199165344238, 0.8030216693878174, 0.7888732552528381, 0.7896081209182739, 0.7849215269088745]"
795,MEDQA,7.811332238816249e-07,9.422265065950342e-07,9.72136035670701e-07,0.9999798536300659,1.7366672182106413e-05,2,8.594212293624878,False,"['PBMD', 'PBMD', 'PBMD', 'PBMD', 'PBMD']","[468502519163798104, 468502519163613982, 468502519163559158, 468502519163715798, 468502519163974874]","[0.7918113470077515, 0.8003384470939636, 0.796294093132019, 0.7934641242027283, 0.7938935160636902]"
796,MEDQA,2.090427642542636e-06,3.844885213766247e-06,1.4144542319627362e-06,0.9999831914901733,9.368647624796722e-06,3,6.4178853034973145,False,"['STAT', 'STAT', 'PBMD', 'PBMD', 'PBMD']","[468502519162923468, 468502519162923469, 468502519163643812, 468502519163735534, 468502519163613212]","[0.7578809261322021, 0.75222247838974, 0.7590844631195068, 0.75660240650177, 0.755573034286499]"
797,MEDQA,1.4307000917312962e-08,1.67014204635052e-05,0.9999831914901733,8.151883612583788e-09,1.637349669181276e-07,4,10.882659196853638,False,"['PBMD', 'PBMD', 'PBMD', 'PBMD', 'PBMD']","[468502519163875774, 468502519163680080, 468502519163728035, 468502519163702780, 468502519163793203]","[0.8118058443069458, 0.8238101005554199, 0.8182869553565979, 0.8121991157531738, 0.8183978796005249]"
798,MEDQA,6.1433393057086505e-06,1.722942033666186e-05,0.9998579025268555,6.401506834663451e-05,5.475498619489372e-05,2,9.623571157455444,False,"['PBMD', 'STAT', 'STAT', 'PBMD', 'PBMD']","[468502519163674562, 468502519162463826, 468502519162713856, 468502519163628015, 468502519163720773]","[0.797426164150238, 0.8025535941123962, 0.8016794919967651, 0.8049259185791016, 0.7949085235595703]"
799,MEDQA,0.9999713897705078,6.747903626092011e-06,4.710796474682866e-06,1.568934749229811e-05,1.2878600728072342e-06,2,6.741019010543823,False,"['PBMD', 'TEXT', 'PBMD', 'PBMD', 'PBMD']","[468502519163651801, 468502519162390969, 468502519163584521, 468502519163837424, 468502519163955446]","[0.772504448890686, 0.7924695014953613, 0.7733443379402161, 0.7773336172103882, 0.779772937297821]"
800,MEDQA,1.1299558536848053e-05,4.006041490356438e-05,0.9998781681060791,7.410431862808764e-06,6.302388646872714e-05,2,4.301463842391968,False,"['TEXT', 'PBMD', 'STAT', 'TEXT', 'PBMD']","[468502519162386503, 468502519163243690, 468502519162791093, 468502519162393490, 468502519163722575]","[0.740260660648346, 0.7534299492835999, 0.7527966499328613, 0.7722370028495789, 0.7408175468444824]"
801,MEDQA,0.0001633463252801448,0.9991125464439392,7.8374425356742e-05,0.00028893022681586444,0.0003567812091205269,1,8.35693645477295,False,"['PBMD', 'PBMD', 'TEXT', 'PBMD', 'PBMD']","[468502519163755244, 468502519163855543, 468502519162371552, 468502519163672877, 468502519163742502]","[0.7787652015686035, 0.7847487926483154, 0.7647982835769653, 0.771077036857605, 0.7854413986206055]"
802,MEDQA,0.017833221703767776,0.005109303630888462,0.2789585292339325,0.6904289722442627,0.007669972721487284,4,5.088979005813599,False,"['PBMD', 'PBMD', 'PBMD', 'PBMD', 'PBMD']","[468502519163607016, 468502519163183624, 468502519163730349, 468502519163302534, 468502519163604506]","[0.7482532262802124, 0.7515840530395508, 0.7590997815132141, 0.7526957392692566, 0.7596035003662109]"
803,MEDQA,3.286523224232951e-06,1.29984518935089e-05,0.9993199110031128,0.00038585250149481,0.00027791914180852473,1,6.48357081413269,False,"['PBMD', 'PBMD', 'PBMD', 'PBMD', 'PBMD']","[468502519163618367, 468502519163906239, 468502519163535025, 468502519163309134, 468502519163617417]","[0.764859676361084, 0.7747453451156616, 0.7672255039215088, 0.769565224647522, 0.7609809637069702]"
804,MEDQA,1.8161996422350057e-06,2.0580239379341947e-06,1.0030007615569048e-06,0.9999856948852539,9.368671271658968e-06,0,7.631861448287964,False,"['STAT', 'TEXT', 'TEXT', 'PBMD', 'PBMD']","[468502519162865120, 468502519162307512, 468502519162369957, 468502519163866464, 468502519163153220]","[0.7691909074783325, 0.756986677646637, 0.7564532160758972, 0.7765110731124878, 0.7622532248497009]"
805,MEDQA,7.96668027760461e-05,2.5864022973109968e-05,0.9998424053192139,3.480384839349426e-05,1.722915294521954e-05,2,7.883718013763428,False,"['PBMD', 'PBMD', 'PBMD', 'PBMD', 'PBMD']","[468502519163390489, 468502519163411761, 468502519163527965, 468502519163973896, 468502519163707845]","[0.7621036767959595, 0.7655442953109741, 0.7569053173065186, 0.7601901888847351, 0.763801097869873]"
806,MEDQA,0.9999233484268188,7.155826460802928e-05,6.083128027967177e-07,4.092613835382508e-06,5.043090141043649e-07,1,6.422797679901123,False,"['PBMD', 'PBMD', 'PBMD', 'PBMD', 'PBMD']","[468502519163872852, 468502519163181588, 468502519163770138, 468502519163776453, 468502519163827142]","[0.8078746795654297, 0.8056989908218384, 0.8203942179679871, 0.8182677030563354, 0.7986475229263306]"
807,MEDQA,2.4824205411277944e-06,0.9999735355377197,1.0952952834486496e-05,1.0129825568583328e-05,2.9022435228398535e-06,0,6.280092716217041,False,"['PBMD', 'PBMD', 'PBMD', 'PBMD', 'PBMD']","[468502519163719805, 468502519163669308, 468502519163627432, 468502519163163711, 468502519163321890]","[0.7735962867736816, 0.8011168241500854, 0.7813270092010498, 0.7746446132659912, 0.776418149471283]"
808,MEDQA,5.539112635233323e-07,1.602795350663655e-06,4.592085645072075e-07,0.9999886751174927,8.664630513521843e-06,3,7.225470781326294,False,"['PBMD', 'PBMD', 'PBMD', 'TEXT', 'PBMD']","[468502519163537624, 468502519163535025, 468502519163576023, 468502519162361527, 468502519163728337]","[0.7765779495239258, 0.8066778779029846, 0.7723343968391418, 0.7933655977249146, 0.7823957204818726]"
809,MEDQA,0.00012068983778590336,0.9933604598045349,3.9182250475278124e-05,0.00028951987042091787,0.0061902073211967945,1,6.077581882476807,False,"['TEXT', 'TEXT', 'PBMD', 'PBMD', 'STAT']","[468502519162335898, 468502519162389724, 468502519163977248, 468502519163776590, 468502519162906525]","[0.7852015495300293, 0.7758437395095825, 0.7751576900482178, 0.7774553298950195, 0.7794511914253235]"
810,MEDQA,0.9999758005142212,9.895191396935843e-06,1.1189171118530794e-06,9.442057489650324e-06,3.844856564683141e-06,0,4.984443664550781,False,"['STAT', 'STAT', 'STAT', 'STAT', 'STAT']","[468502519162847740, 468502519162858505, 468502519162860463, 468502519162985241, 468502519162918881]","[0.7683306932449341, 0.7849902510643005, 0.7547036409378052, 0.7619898319244385, 0.768864095211029]"
811,MEDQA,1.4144344504529727e-06,3.3930518839042634e-06,9.223271263181232e-06,1.6701187632861547e-05,0.9999692440032959,4,7.74156641960144,False,"['PBMD', 'PBMD', 'TEXT', 'TEXT', 'PBMD']","[468502519163429413, 468502519163781985, 468502519162367432, 468502519162359122, 468502519163755689]","[0.8093655109405518, 0.835350513458252, 0.8058893084526062, 0.8256268501281738, 0.8102388978004456]"
812,MEDQA,1.5779455679876264e-06,3.966954864154104e-06,2.0904381017317064e-06,4.157333023613319e-06,0.9999881982803345,4,9.296950101852417,False,"['PBMD', 'STAT', 'PBMD', 'PBMD', 'TEXT']","[468502519163860719, 468502519162982524, 468502519163801259, 468502519163877012, 468502519162332218]","[0.7707616090774536, 0.774730920791626, 0.7682292461395264, 0.773848295211792, 0.7806218266487122]"
813,MEDQA,1.4968543837312609e-05,2.247044540126808e-05,0.9998154044151306,6.301992834778503e-05,8.41426444821991e-05,2,6.610835790634155,False,"['PBMD', 'TEXT', 'PBMD', 'PBMD', 'PBMD']","[468502519163756034, 468502519162390966, 468502519163269202, 468502519163129768, 468502519163756009]","[0.7928421497344971, 0.8026483058929443, 0.793067216873169, 0.7999569177627563, 0.8048930168151855]"
814,MEDQA,7.642795935680624e-06,5.305151717038825e-05,0.9995030164718628,0.00019104585226159543,0.0002453077177051455,4,8.441194772720337,False,"['STAT', 'TEXT', 'PBMD', 'PBMD', 'PBMD']","[468502519162816329, 468502519162417193, 468502519163579026, 468502519163585190, 468502519163008038]","[0.8118042349815369, 0.7923871278762817, 0.7902260422706604, 0.7876490354537964, 0.7941656708717346]"
815,MEDQA,0.31286367774009705,0.3773856461048126,0.011045439168810844,0.22889596223831177,0.06980932503938675,0,9.926884651184082,False,"['TEXT', 'TEXT', 'STAT', 'TEXT', 'TEXT']","[468502519162336344, 468502519162295183, 468502519162765784, 468502519162394897, 468502519162395018]","[0.7664136290550232, 0.7947075963020325, 0.7720315456390381, 0.7903537750244141, 0.7680178880691528]"
816,MEDQA,0.9998396635055542,6.921552267158404e-05,8.663339031045325e-06,4.908115806756541e-05,3.3209973480552435e-05,0,7.3849475383758545,False,"['STAT', 'TEXT', 'TEXT', 'PBMD', 'TEXT']","[468502519162791746, 468502519162308987, 468502519162354323, 468502519163657779, 468502519162306523]","[0.7819340229034424, 0.7850715517997742, 0.7873435020446777, 0.7810163497924805, 0.7924574613571167]"
817,MEDQA,1.2407330359565094e-05,2.0694271825050237e-06,1.8625607481226325e-05,0.0003150282718706876,0.9996519088745117,2,5.9571099281311035,False,"['TEXT', 'TEXT', 'PBMD', 'PBMD', 'TEXT']","[468502519162325715, 468502519162326710, 468502519163730375, 468502519163860947, 468502519162326585]","[0.7898354530334473, 0.7493801116943359, 0.7595632672309875, 0.7665904760360718, 0.7912994623184204]"
818,MEDQA,4.495068878895836e-06,0.9999704360961914,1.6536434941372136e-06,1.078310924640391e-05,1.26067325254553e-05,1,6.072038173675537,False,"['PBMD', 'TEXT', 'STAT', 'TEXT', 'PBMD']","[468502519163527071, 468502519162314610, 468502519162969654, 468502519162314609, 468502519163527077]","[0.7971850633621216, 0.796147882938385, 0.7934874296188354, 0.7993201613426208, 0.7954932451248169]"
819,MEDQA,6.3487992640887114e-09,8.152019503882002e-09,2.646573404874175e-09,6.023573462243803e-08,0.9999998807907104,4,10.362213611602783,False,"['PBMD', 'PBMD', 'TEXT', 'TEXT', 'PBMD']","[468502519163733110, 468502519163541105, 468502519162313565, 468502519162387125, 468502519163079415]","[0.8057588338851929, 0.7872256636619568, 0.7941297292709351, 0.7976652383804321, 0.7869632840156555]"
820,MEDQA,1.1726152706614812e-06,1.4285377801570576e-05,0.9999759197235107,5.25529685546644e-06,3.3930746212718077e-06,2,9.896402597427368,False,"['PBMD', 'TEXT', 'PBMD', 'PBMD', 'PBMD']","[468502519163764958, 468502519162368856, 468502519163748996, 468502519163624938, 468502519163336231]","[0.824444591999054, 0.828974723815918, 0.8458987474441528, 0.826910138130188, 0.8466246128082275]"
821,MEDQA,0.0007417314918711782,0.0005300915800035,0.9966075420379639,0.001533870934508741,0.0005867579020559788,3,8.312666177749634,False,"['STAT', 'TEXT', 'PBMD', 'PBMD', 'PBMD']","[468502519162818858, 468502519162366743, 468502519163593202, 468502519163835533, 468502519163848536]","[0.8002312779426575, 0.8250762224197388, 0.7994530200958252, 0.8065529465675354, 0.8043214678764343]"
822,MEDQA,7.888698746683076e-06,0.9999207258224487,7.766396265651565e-06,3.9750357245793566e-05,2.3922184482216835e-05,2,9.266341209411621,False,"['TEXT', 'PBMD', 'PBMD', 'PBMD', 'TEXT']","[468502519162298812, 468502519163901224, 468502519163093351, 468502519163490777, 468502519162348901]","[0.7646685838699341, 0.772824764251709, 0.7673906683921814, 0.7720092535018921, 0.765894889831543]"
823,MEDQA,7.307653140742332e-05,0.0003405526513233781,5.2429848437896e-05,9.949436935130507e-05,0.9994344115257263,3,5.756349086761475,False,"['PBMD', 'TEXT', 'PBMD', 'PBMD', 'PBMD']","[468502519163327161, 468502519162415783, 468502519163497357, 468502519163019704, 468502519163322406]","[0.7855534553527832, 0.7831311821937561, 0.7882966995239258, 0.7888842225074768, 0.7860984802246094]"
824,MEDQA,0.0010795536218211055,0.0005985196330584586,0.9969221949577332,0.001185657805763185,0.00021403486607596278,1,10.363265752792358,False,"['TEXT', 'TEXT', 'TEXT', 'PBMD', 'PBMD']","[468502519162340911, 468502519162340627, 468502519162395185, 468502519163829781, 468502519163575942]","[0.8031122088432312, 0.7754091620445251, 0.7686744928359985, 0.7595625519752502, 0.7529789209365845]"
825,MEDQA,5.862633315700805e-06,1.0289241799910087e-05,5.7717415984370746e-06,0.9999632835388184,1.473865813750308e-05,3,6.300760746002197,False,"['PBMD', 'TEXT', 'PBMD', 'PBMD', 'STAT']","[468502519163796060, 468502519162387119, 468502519163869530, 468502519163640656, 468502519162424391]","[0.785612940788269, 0.7865874767303467, 0.791361927986145, 0.7834100723266602, 0.790515661239624]"
826,MEDQA,0.9998795986175537,1.7776726963347755e-05,8.938700375438202e-06,8.887804142432287e-05,4.78454103358672e-06,2,6.255892038345337,False,"['PBMD', 'STAT', 'STAT', 'STAT', 'STAT']","[468502519163571624, 468502519162852561, 468502519162829177, 468502519162928434, 468502519162989101]","[0.7480332851409912, 0.7839568853378296, 0.7515223026275635, 0.7679563164710999, 0.754806637763977]"
827,MEDQA,6.4388036662421655e-06,0.9999572038650513,4.93680181534728e-06,1.0782967365230434e-05,2.078471334243659e-05,1,7.999938726425171,False,"['PBMD', 'TEXT', 'PBMD', 'PBMD', 'PBMD']","[468502519163284054, 468502519162352043, 468502519163184693, 468502519163362858, 468502519163320129]","[0.8046600818634033, 0.7961467504501343, 0.7981994152069092, 0.8052893280982971, 0.7959908246994019]"
828,MEDQA,3.2881803235795815e-06,4.610674659488723e-05,0.9998237490653992,9.221929758496117e-06,0.0001177376980194822,2,7.879196643829346,False,"['TEXT', 'TEXT', 'PBMD', 'PBMD', 'PBMD']","[468502519162328728, 468502519162349440, 468502519163915453, 468502519163024756, 468502519163247821]","[0.8056743144989014, 0.8074215054512024, 0.7967303991317749, 0.8173656463623047, 0.794474184513092]"
829,MEDQA,4.222287770971889e-06,8.938583960116375e-06,7.645575351489242e-06,0.9998666048049927,0.00011257056758040562,4,8.961358785629272,False,"['STAT', 'TEXT', 'TEXT', 'TEXT', 'STAT']","[468502519162851207, 468502519162394786, 468502519162395450, 468502519162335652, 468502519162915950]","[0.7788432240486145, 0.7338947057723999, 0.7733171582221985, 0.7473032474517822, 0.748491644859314]"
830,MEDQA,4.784817519976059e-06,1.0288975317962468e-05,5.507291461981367e-06,4.1985444113379344e-05,0.9999374151229858,1,4.338847875595093,False,"['PBMD', 'TEXT', 'PBMD', 'STAT', 'PBMD']","[468502519163981879, 468502519162368760, 468502519163232539, 468502519162772233, 468502519163922907]","[0.76054847240448, 0.7751818895339966, 0.7671099901199341, 0.7662786245346069, 0.7859417200088501]"
831,MEDQA,0.9992274045944214,0.0007137958891689777,1.1117135727545246e-05,3.9413665945176035e-05,8.391653864237014e-06,0,6.226139068603516,False,"['PBMD', 'STAT', 'PBMD', 'TEXT', 'PBMD']","[468502519163538851, 468502519162720458, 468502519163468937, 468502519162306818, 468502519163946363]","[0.7654874920845032, 0.7659740447998047, 0.7662838101387024, 0.7636299133300781, 0.7723555564880371]"
832,MEDQA,1.777854959073011e-05,0.9999821186065674,9.77705099103332e-08,5.315689932672285e-08,3.7989526191495315e-08,2,10.513835191726685,False,"['STAT', 'PBMD', 'PBMD', 'PBMD', 'PBMD']","[468502519162884065, 468502519163459223, 468502519163048820, 468502519163572793, 468502519163747679]","[0.7808576822280884, 0.7857248783111572, 0.7907012701034546, 0.7929520010948181, 0.8012663125991821]"
833,MEDQA,3.3404226087441202e-06,2.0903828499285737e-06,1.5534407111772452e-06,0.9999617338180542,3.120169276371598e-05,3,10.492089033126831,False,"['PBMD', 'PBMD', 'PBMD', 'PBMD', 'PBMD']","[468502519163257162, 468502519163731071, 468502519163882979, 468502519163783249, 468502519163908816]","[0.769933819770813, 0.7687411308288574, 0.7722227573394775, 0.7753435373306274, 0.7673395872116089]"
834,MEDQA,1.983306538022589e-05,6.643244887527544e-06,2.1233086044958327e-06,0.9999649524688721,6.438853688450763e-06,3,5.992392301559448,False,"['PBMD', 'PBMD', 'PBMD', 'PBMD', 'PBMD']","[468502519163803655, 468502519163957626, 468502519163508706, 468502519163047620, 468502519163277070]","[0.7393547892570496, 0.7410213351249695, 0.7609074115753174, 0.7444964647293091, 0.739881694316864]"
835,MEDQA,4.936763616569806e-06,2.0145078451605514e-05,0.9999494552612305,1.4063531125430018e-05,1.1478319720481522e-05,2,6.1396379470825195,False,"['PBMD', 'PBMD', 'PBMD', 'PBMD', 'PBMD']","[468502519163142734, 468502519163613153, 468502519163244689, 468502519163570492, 468502519163555640]","[0.8156740665435791, 0.8315249681472778, 0.8275306224822998, 0.8080236911773682, 0.8174606561660767]"
836,MEDQA,1.101575776374375e-06,0.999981164932251,3.256251943639654e-07,1.2218994925206061e-05,5.093635081721004e-06,1,5.395214796066284,False,"['STAT', 'PBMD', 'PBMD', 'PBMD', 'PBMD']","[468502519162721038, 468502519163866973, 468502519163755751, 468502519163952187, 468502519163889104]","[0.7635420560836792, 0.7569568753242493, 0.7678297758102417, 0.7559914588928223, 0.7620498538017273]"
837,MEDQA,5.093533673061756e-06,8.59696592669934e-06,4.222687493893318e-06,0.999961256980896,2.0866147679043934e-05,3,8.524576663970947,False,"['PBMD', 'PBMD', 'STAT', 'STAT', 'STAT']","[468502519163865142, 468502519163469246, 468502519162850919, 468502519162847196, 468502519162736905]","[0.7822344303131104, 0.7795854806900024, 0.7733895778656006, 0.7777479887008667, 0.7722006440162659]"
838,MEDQA,4.221631115797209e-06,0.9997110962867737,0.000278027931926772,2.7256901375949383e-06,3.9658557398070116e-06,0,10.438192367553711,False,"['STAT', 'STAT', 'STAT', 'STAT', 'PBMD']","[468502519162928434, 468502519162910460, 468502519162878722, 468502519162754341, 468502519163703315]","[0.7648983597755432, 0.7616273760795593, 0.7616273760795593, 0.7616273760795593, 0.7609947919845581]"
839,MEDQA,7.889015250839293e-06,0.9999607801437378,7.646295671293046e-06,5.9549411162151955e-06,1.777817124093417e-05,1,7.833620548248291,False,"['PBMD', 'PBMD', 'PBMD', 'PBMD', 'PBMD']","[468502519163839230, 468502519163598603, 468502519163598601, 468502519163833231, 468502519163829413]","[0.784670889377594, 0.7827799320220947, 0.7958247661590576, 0.790996789932251, 0.7828584909439087]"
840,MEDQA,1.209853166983521e-06,2.1907610516791465e-06,2.1907610516791465e-06,0.9999884366989136,5.955106189503567e-06,3,5.664536237716675,False,"['PBMD', 'PBMD', 'PBMD', 'STAT', 'PBMD']","[468502519163139424, 468502519163450565, 468502519163320679, 468502519162752129, 468502519163446873]","[0.7964705228805542, 0.779830276966095, 0.7901335954666138, 0.7790408134460449, 0.7858855724334717]"
841,MEDQA,4.2893057070614304e-06,0.9999892711639404,1.287883037548454e-06,4.2893057070614304e-06,8.05936622327863e-07,1,8.802412271499634,False,"['PBMD', 'PBMD', 'PBMD', 'PBMD', 'PBMD']","[468502519163956946, 468502519163752088, 468502519163956945, 468502519163860804, 468502519163909611]","[0.8065365552902222, 0.7919985055923462, 0.802611768245697, 0.7943865060806274, 0.803979754447937]"
842,MEDQA,2.9940783861093223e-06,8.138748853525613e-06,0.9998759031295776,5.82874272367917e-05,5.475597208715044e-05,2,8.598516464233398,False,"['STAT', 'STAT', 'STAT', 'STAT', 'STAT']","[468502519162837832, 468502519162719551, 468502519162983771, 468502519162447842, 468502519162908240]","[0.7762843370437622, 0.777996301651001, 0.7797008156776428, 0.777549147605896, 0.7862834334373474]"
843,MEDQA,3.5006696634809487e-06,0.999943733215332,2.405972963970271e-06,4.101311060367152e-05,9.3682774604531e-06,3,9.648204565048218,False,"['PBMD', 'TEXT', 'PBMD', 'PBMD', 'PBMD']","[468502519163946375, 468502519162341612, 468502519163187153, 468502519163629937, 468502519163961772]","[0.771874189376831, 0.7766447067260742, 0.7610100507736206, 0.7691918611526489, 0.762915849685669]"
844,MEDQA,0.9978588223457336,2.4248798581538722e-05,8.122330655169208e-06,0.001979720313102007,0.00012905543553642929,0,7.6589674949646,False,"['PBMD', 'PBMD', 'PBMD', 'PBMD', 'PBMD']","[468502519163692799, 468502519163817593, 468502519163244215, 468502519163560766, 468502519163158392]","[0.7593990564346313, 0.742836058139801, 0.7457672357559204, 0.7531034350395203, 0.7688193917274475]"
845,MEDQA,0.9999932050704956,2.190771510868217e-06,2.0377349585487536e-07,2.4824694264680147e-06,1.933349039973109e-06,0,9.65332841873169,False,"['TEXT', 'TEXT', 'STAT', 'PBMD', 'TEXT']","[468502519162407524, 468502519162407525, 468502519162759505, 468502519163460780, 468502519162384603]","[0.8262621760368347, 0.8046944737434387, 0.8007662296295166, 0.7932291030883789, 0.7912417054176331]"
846,MEDQA,2.5043709683814086e-05,9.018585842568427e-05,0.9988627433776855,0.0007730240467935801,0.0002490111510269344,3,8.241593599319458,False,"['STAT', 'PBMD', 'PBMD', 'PBMD', 'TEXT']","[468502519162794063, 468502519163567267, 468502519163890916, 468502519163781988, 468502519162367540]","[0.7934226989746094, 0.796927809715271, 0.7780191898345947, 0.789100170135498, 0.7795666456222534]"
847,MEDQA,2.616493475215975e-07,2.616493475215975e-07,1.3156555667137582e-07,0.99998939037323,9.972935913538095e-06,3,7.547153949737549,False,"['PBMD', 'PBMD', 'PBMD', 'PBMD', 'PBMD']","[468502519163817084, 468502519163613145, 468502519163875133, 468502519163892919, 468502519163720483]","[0.8006806373596191, 0.776179313659668, 0.7811560034751892, 0.7789534330368042, 0.7793242931365967]"
848,MEDQA,1.3844925888406578e-05,1.2028679520881269e-05,0.9999082088470459,4.0061619074549526e-05,2.5865725547191687e-05,2,7.040072679519653,False,"['TEXT', 'TEXT', 'PBMD', 'PBMD', 'PBMD']","[468502519162357858, 468502519162379170, 468502519163360454, 468502519163002757, 468502519163303575]","[0.7602637410163879, 0.7647356986999512, 0.7549259066581726, 0.7602110505104065, 0.7530867457389832]"
849,MEDQA,1.844806661210896e-06,3.041571972062229e-06,2.8129941256338498e-06,3.340513330840622e-06,0.9999889135360718,4,5.618337392807007,False,"['PBMD', 'PBMD', 'PBMD', 'PBMD', 'PBMD']","[468502519163817467, 468502519163536377, 468502519163887441, 468502519163677104, 468502519163725065]","[0.7704337239265442, 0.7543256282806396, 0.75749671459198, 0.7530059218406677, 0.7481460571289062]"
850,MEDQA,1.4505836588796228e-05,0.00019560818327590823,0.9996656179428101,9.31234608287923e-05,3.119245229754597e-05,2,6.607039928436279,False,"['STAT', 'STAT', 'STAT', 'STAT', 'STAT']","[468502519162705470, 468502519162450945, 468502519162450942, 468502519162925796, 468502519162705468]","[0.7613381743431091, 0.7707160711288452, 0.7637678384780884, 0.7504552602767944, 0.7469502091407776]"
851,MEDQA,0.0025094973389059305,0.09715741127729416,0.8934429287910461,0.006611644756048918,0.00027856644010171294,2,7.698374032974243,False,"['TEXT', 'TEXT', 'STAT', 'PBMD', 'PBMD']","[468502519162391082, 468502519162329169, 468502519162852626, 468502519163626604, 468502519163311567]","[0.7730351090431213, 0.7802951335906982, 0.7929340600967407, 0.7818195819854736, 0.7796988487243652]"
852,MEDQA,1.10157702692959e-06,2.812975253618788e-06,3.359619995535468e-07,0.9999822378158569,1.341995539405616e-05,3,7.56078028678894,False,"['PBMD', 'STAT', 'PBMD', 'PBMD', 'PBMD']","[468502519163814303, 468502519162835389, 468502519163148287, 468502519163714905, 468502519163939336]","[0.7923352122306824, 0.7834435105323792, 0.7999522686004639, 0.8103623390197754, 0.7945334911346436]"
853,MEDQA,3.6898663324791414e-07,1.003009629130247e-06,8.059408287408587e-07,0.9999945163726807,3.2887419365579262e-06,3,5.995314598083496,False,"['TEXT', 'STAT', 'PBMD', 'PBMD', 'PBMD']","[468502519162404978, 468502519162942796, 468502519163255022, 468502519163380729, 468502519163733759]","[0.7772673964500427, 0.7989979386329651, 0.7826017737388611, 0.7851248383522034, 0.7791908383369446]"
854,MEDQA,2.2602430362894665e-06,0.9999617338180542,3.844802449748386e-06,2.8856846256530844e-05,3.288634161435766e-06,1,5.894914388656616,False,"['TEXT', 'TEXT', 'PBMD', 'PBMD', 'PBMD']","[468502519162375145, 468502519162377082, 468502519163608639, 468502519163982000, 468502519163234223]","[0.7946211695671082, 0.7714837193489075, 0.7800575494766235, 0.7704924941062927, 0.7750295996665955]"
855,MEDQA,3.089437996095512e-06,0.9999786615371704,8.851388315633812e-07,6.854217645013705e-06,1.0616020517772995e-05,1,6.3613646030426025,False,"['PBMD', 'PBMD', 'PBMD', 'PBMD', 'PBMD']","[468502519163823549, 468502519163990008, 468502519163063937, 468502519163064053, 468502519163823355]","[0.8010278940200806, 0.7913743853569031, 0.8111343383789062, 0.7944283485412598, 0.8102836012840271]"
856,MEDQA,0.9986211061477661,0.0007260132115334272,0.00014184793690219522,0.00023755061556585133,0.0002734190784394741,3,10.299927711486816,False,"['TEXT', 'STAT', 'TEXT', 'TEXT', 'PBMD']","[468502519162363933, 468502519162908419, 468502519162340923, 468502519162337793, 468502519163818493]","[0.7776405215263367, 0.7769501805305481, 0.7825604677200317, 0.7938224077224731, 0.7840262651443481]"
857,MEDQA,6.083555490477011e-07,1.3287707361087087e-06,3.9278387475860654e-07,0.9999936819076538,3.966976692026947e-06,3,8.070188045501709,False,"['PBMD', 'PBMD', 'PBMD', 'PBMD', 'PBMD']","[468502519163803538, 468502519163540865, 468502519163470912, 468502519163649404, 468502519163299962]","[0.7969889044761658, 0.8002417087554932, 0.8161330819129944, 0.8033199310302734, 0.7978256344795227]"
858,MEDQA,8.39658696349943e-06,0.9998148083686829,1.0128217581950594e-05,1.078143122867914e-05,0.0001559757220093161,0,7.223962068557739,False,"['PBMD', 'PBMD', 'PBMD', 'PBMD', 'PBMD']","[468502519163676220, 468502519163624658, 468502519163625760, 468502519163905434, 468502519163191351]","[0.8003700375556946, 0.792580783367157, 0.8099015355110168, 0.7958598732948303, 0.7928206324577332]"
859,MEDQA,5.826038250233978e-05,8.543320291209966e-05,1.341230199614074e-05,0.999411940574646,0.0004309098294470459,3,8.34131407737732,False,"['PBMD', 'PBMD', 'PBMD', 'PBMD', 'PBMD']","[468502519163336959, 468502519163548712, 468502519163047236, 468502519163413584, 468502519163450996]","[0.8074844479560852, 0.7957062721252441, 0.8052361607551575, 0.7973951697349548, 0.7970691323280334]"
860,MEDQA,1.3709252471016953e-06,4.356791578175034e-06,4.565878043649718e-06,0.999975323677063,1.4397410268429667e-05,3,6.195562362670898,False,"['STAT', 'STAT', 'PBMD', 'PBMD', 'PBMD']","[468502519162769425, 468502519162937050, 468502519163335962, 468502519163176119, 468502519162999385]","[0.774651288986206, 0.7813183665275574, 0.7942646741867065, 0.8137702941894531, 0.7838545441627502]"
861,MEDQA,2.123338617820991e-06,4.0293884921993595e-06,1.7603096011953312e-06,1.3007026609557215e-05,0.9999791383743286,2,8.936697483062744,False,"['TEXT', 'PBMD', 'PBMD', 'PBMD', 'STAT']","[468502519162333767, 468502519163149085, 468502519163355356, 468502519163539722, 468502519162422798]","[0.7672136425971985, 0.7657507658004761, 0.7878056764602661, 0.7655283212661743, 0.7667059898376465]"
862,MEDQA,3.0891499136487255e-06,7.071134859870654e-06,7.29559678802616e-06,9.704372496344149e-05,0.9998854398727417,1,8.673215866088867,False,"['PBMD', 'PBMD', 'PBMD', 'PBMD', 'TEXT']","[468502519163995427, 468502519163757209, 468502519163255426, 468502519163616322, 468502519162308969]","[0.7524967789649963, 0.757032036781311, 0.7531169056892395, 0.7658416032791138, 0.7598141431808472]"
863,MEDQA,0.999963641166687,1.5936293493723497e-05,1.6536322391402791e-06,1.4063731214264408e-05,4.637726306100376e-06,0,4.852190017700195,False,"['PBMD', 'TEXT', 'PBMD', 'PBMD', 'PBMD']","[468502519163799151, 468502519162329132, 468502519163479313, 468502519163835520, 468502519163640839]","[0.7704424858093262, 0.8069536089897156, 0.7879868745803833, 0.7863234281539917, 0.7819320559501648]"
864,MEDQA,2.1567097974184435e-06,4.157167040830245e-06,3.089344090767554e-06,4.235654341755435e-05,0.999948263168335,4,8.140892505645752,False,"['STAT', 'STAT', 'STAT', 'STAT', 'STAT']","[468502519162905666, 468502519162694083, 468502519162694080, 468502519162948399, 468502519162949910]","[0.7993674278259277, 0.7741096019744873, 0.7870690226554871, 0.7786086797714233, 0.7768951654434204]"
865,MEDQA,9.721283049657359e-07,1.1478578016976826e-05,0.9999719858169556,1.1478578016976826e-05,4.2227329686284065e-06,2,9.241352319717407,False,"['PBMD', 'PBMD', 'PBMD', 'PBMD', 'PBMD']","[468502519163631452, 468502519163572258, 468502519163650807, 468502519163778553, 468502519163289350]","[0.7818992733955383, 0.7889982461929321, 0.7832573056221008, 0.7802987098693848, 0.7814580202102661]"
866,MEDQA,1.644197436689865e-05,0.9999518394470215,3.1874219530436676e-06,1.644197436689865e-05,1.2029204299324192e-05,1,7.522620677947998,False,"['PBMD', 'PBMD', 'PBMD', 'TEXT', 'STAT']","[468502519163832170, 468502519163944311, 468502519163763851, 468502519162297132, 468502519162978920]","[0.7568717002868652, 0.7647157311439514, 0.752866268157959, 0.7731907367706299, 0.7639744281768799]"
867,MEDQA,3.089333858952159e-06,5.682154551323038e-06,3.041438048967393e-06,4.3255120544927195e-05,0.9999449253082275,1,10.674495458602905,False,"['PBMD', 'PBMD', 'PBMD', 'PBMD', 'PBMD']","[468502519163490553, 468502519163700068, 468502519163647095, 468502519163994002, 468502519163419922]","[0.794376015663147, 0.8052186369895935, 0.7995096445083618, 0.7972235679626465, 0.7911811470985413]"
868,MEDQA,1.0952614502457436e-05,1.1658997209451627e-05,6.1438599914254155e-06,0.9999426603317261,2.863173358491622e-05,3,10.324605226516724,False,"['TEXT', 'PBMD', 'TEXT', 'TEXT', 'TEXT']","[468502519162390647, 468502519163681081, 468502519162391082, 468502519162329121, 468502519162391174]","[0.773744523525238, 0.7839215397834778, 0.7717400193214417, 0.772689163684845, 0.7971296310424805]"
869,MEDQA,6.348793490928983e-09,1.0030140629169182e-06,1.837084262490407e-08,0.999998927116394,3.73226294314577e-09,0,10.387841701507568,False,"['PBMD', 'PBMD', 'PBMD', 'PBMD', 'PBMD']","[468502519163005445, 468502519163409962, 468502519163649842, 468502519163262460, 468502519163766809]","[0.8374431729316711, 0.7774878144264221, 0.7887538075447083, 0.7792447805404663, 0.7770254015922546]"
870,MEDQA,0.9983842372894287,0.00019232870545238256,1.4487242879113182e-05,0.0013827952789142728,2.6233008611598052e-05,0,8.139023780822754,False,"['PBMD', 'PBMD', 'PBMD', 'STAT', 'PBMD']","[468502519163046155, 468502519163978855, 468502519163611884, 468502519162844597, 468502519163723528]","[0.7867757081985474, 0.8037854433059692, 0.7860164642333984, 0.7831518054008484, 0.7812686562538147]"
871,MEDQA,1.6683461581123993e-05,0.9989079236984253,1.775945202098228e-05,5.732821227866225e-05,0.0010004127398133278,1,6.227593183517456,False,"['TEXT', 'PBMD', 'STAT', 'PBMD', 'PBMD']","[468502519162328800, 468502519163849864, 468502519162974798, 468502519163809353, 468502519163962551]","[0.8053337931632996, 0.8028842210769653, 0.8134649395942688, 0.8067516088485718, 0.838583767414093]"
872,MEDQA,2.976715586555656e-05,1.9521776266628876e-05,1.1298337085463572e-05,0.9997701048851013,0.00016938515182118863,3,5.854421615600586,False,"['STAT', 'STAT', 'STAT', 'STAT', 'STAT']","[468502519162897949, 468502519162886366, 468502519162719895, 468502519162723678, 468502519162838074]","[0.7827850580215454, 0.791743278503418, 0.7774481773376465, 0.775140643119812, 0.7913272976875305]"
873,MEDQA,7.182504305092152e-06,3.0715676984982565e-05,0.9998875856399536,5.649477316183038e-05,1.8056814951705746e-05,2,5.605121612548828,False,"['PBMD', 'STAT', 'PBMD', 'PBMD', 'STAT']","[468502519163604435, 468502519162958100, 468502519163258736, 468502519163685400, 468502519162958101]","[0.8145443797111511, 0.8216218948364258, 0.8165392875671387, 0.8294574022293091, 0.8159761428833008]"
874,MEDQA,1.7916448996402323e-05,3.647608173196204e-05,1.5935218470986e-05,3.347233359818347e-05,0.9998961687088013,4,7.629414796829224,False,"['STAT', 'TEXT', 'STAT', 'STAT', 'STAT']","[468502519162758551, 468502519162394786, 468502519162915099, 468502519162878271, 468502519162852609]","[0.7643927335739136, 0.7758309245109558, 0.7636582851409912, 0.7969861626625061, 0.764632523059845]"
875,MEDQA,5.896375796510256e-07,1.6280415593428188e-06,8.579176551393175e-07,4.637859092326835e-06,0.9999922513961792,4,6.477161884307861,False,"['PBMD', 'TEXT', 'PBMD', 'STAT', 'TEXT']","[468502519163181979, 468502519162312773, 468502519163003041, 468502519162937903, 468502519162355924]","[0.788543164730072, 0.792830228805542, 0.8109487891197205, 0.7852969169616699, 0.7775882482528687]"
876,MEDQA,2.1024246166234661e-07,1.6028064919737517e-06,2.8736735657730605e-07,0.9999955892562866,2.2603194338444155e-06,3,7.119933128356934,False,"['PBMD', 'PBMD', 'PBMD', 'PBMD', 'PBMD']","[468502519163552007, 468502519163796274, 468502519163822115, 468502519163558117, 468502519163550355]","[0.7657492160797119, 0.7666592001914978, 0.7755047082901001, 0.7629920244216919, 0.7821449637413025]"
877,MEDQA,0.6517453193664551,0.3381210267543793,0.008333461359143257,0.0013445509830489755,0.0004556769272312522,1,5.666491508483887,False,"['PBMD', 'PBMD', 'PBMD', 'PBMD', 'PBMD']","[468502519163679616, 468502519163758656, 468502519163111795, 468502519163457147, 468502519163718576]","[0.7547134160995483, 0.760612964630127, 0.7518085837364197, 0.7590371966362, 0.7525389194488525]"
878,MEDQA,2.8128565645602066e-06,1.0782781828311272e-05,4.092682047485141e-06,0.999940037727356,4.231485218042508e-05,3,6.928182601928711,False,"['PBMD', 'TEXT', 'STAT', 'TEXT', 'PBMD']","[468502519163336594, 468502519162418445, 468502519162983585, 468502519162418446, 468502519163615438]","[0.7235824465751648, 0.7264542579650879, 0.7258784174919128, 0.7514733076095581, 0.726325511932373]"
879,MEDQA,8.397275450988673e-06,1.5935229384922422e-05,5.507067726284731e-06,7.339649164350703e-05,0.999896764755249,4,7.935790061950684,False,"['PBMD', 'PBMD', 'PBMD', 'PBMD', 'PBMD']","[468502519163790247, 468502519163048790, 468502519163048866, 468502519163643241, 468502519163317551]","[0.8189722299575806, 0.8001740574836731, 0.7964844107627869, 0.8017044067382812, 0.806190013885498]"
880,MEDQA,9.720901061882614e-07,1.436656020814553e-06,2.190638724641758e-06,0.9999326467514038,6.265909178182483e-05,2,9.389480590820312,False,"['PBMD', 'PBMD', 'PBMD', 'PBMD', 'PBMD']","[468502519163787733, 468502519163585438, 468502519163966899, 468502519163844268, 468502519163269202]","[0.7831400036811829, 0.778087854385376, 0.7804406881332397, 0.7830129265785217, 0.7915875911712646]"
881,MEDQA,0.9999610185623169,3.1941595807438716e-05,1.994656031456543e-06,4.4253379201109055e-06,6.47570004730369e-07,0,6.1193273067474365,False,"['PBMD', 'PBMD', 'TEXT', 'PBMD', 'PBMD']","[468502519163592451, 468502519163522574, 468502519162333421, 468502519163018700, 468502519163850540]","[0.788948655128479, 0.8078906536102295, 0.8047270774841309, 0.8065840005874634, 0.8010745048522949]"
882,MEDQA,3.5007208225579234e-06,0.9999583959579468,1.55343548158271e-06,8.267597877420485e-06,2.840936758730095e-05,3,6.426382064819336,False,"['STAT', 'TEXT', 'TEXT', 'TEXT', 'PBMD']","[468502519162749091, 468502519162298806, 468502519162391331, 468502519162329155, 468502519163177722]","[0.7837269902229309, 0.8040600419044495, 0.8288391828536987, 0.7883844971656799, 0.788772702217102]"
883,MEDQA,2.6016020910901716e-06,0.9999918937683105,5.896373522773501e-07,1.6028005802581902e-06,3.393128736206563e-06,1,5.289630651473999,False,"['TEXT', 'TEXT', 'TEXT', 'TEXT', 'TEXT']","[468502519162321158, 468502519162405875, 468502519162380489, 468502519162321378, 468502519162335087]","[0.8214178085327148, 0.7883725762367249, 0.788986086845398, 0.7822251915931702, 0.8135151267051697]"
884,MEDQA,0.9999904632568359,6.854298590042163e-06,4.0525085864828725e-07,1.7603294963919325e-06,5.714953204005724e-07,0,4.258836269378662,False,"['TEXT', 'STAT', 'TEXT', 'STAT', 'STAT']","[468502519162379787, 468502519162731610, 468502519162298537, 468502519162895070, 468502519162895071]","[0.7821862101554871, 0.7720781564712524, 0.8242024183273315, 0.8146268129348755, 0.7701396346092224]"
885,MEDQA,6.013580787112005e-05,2.627138928801287e-05,0.9998449087142944,3.0714363674633205e-05,3.792717689066194e-05,2,6.898316383361816,False,"['STAT', 'TEXT', 'STAT', 'TEXT', 'STAT']","[468502519162827041, 468502519162364944, 468502519162712563, 468502519162355626, 468502519162912705]","[0.7600655555725098, 0.7532576322555542, 0.7539266347885132, 0.7605922222137451, 0.7524402141571045]"
886,MEDQA,0.999907374382019,3.6476489185588434e-05,1.0952227967209183e-05,1.3418950402410701e-05,3.169132469338365e-05,0,5.922134876251221,False,"['TEXT', 'PBMD', 'PBMD', 'PBMD', 'PBMD']","[468502519162308958, 468502519163234656, 468502519163521338, 468502519163192825, 468502519163535271]","[0.7574954032897949, 0.751883327960968, 0.7594479322433472, 0.7567031383514404, 0.7509381175041199]"
887,MEDQA,1.3844488421455026e-05,3.169034971506335e-05,2.3550266632810235e-05,5.4329895647242665e-05,0.9998766183853149,0,7.699765682220459,False,"['TEXT', 'PBMD', 'PBMD', 'TEXT', 'TEXT']","[468502519162308036, 468502519163702781, 468502519163542344, 468502519162346676, 468502519162408566]","[0.7823105454444885, 0.7777694463729858, 0.7821879386901855, 0.7747376561164856, 0.7784040570259094]"
888,MEDQA,1.8921085938927718e-05,2.506636519683525e-05,0.9997664093971252,5.828104622196406e-05,0.00013133836910128593,0,6.405671119689941,False,"['TEXT', 'PBMD', 'PBMD', 'PBMD', 'PBMD']","[468502519162372107, 468502519163953488, 468502519163628032, 468502519163628786, 468502519163206907]","[0.7772042751312256, 0.7662155628204346, 0.775402307510376, 0.7625965476036072, 0.7591549158096313]"
889,MEDQA,8.663349944981746e-06,0.9998408555984497,1.4283447853813414e-05,0.00010070811549667269,3.535187352099456e-05,1,7.342407703399658,False,"['PBMD', 'PBMD', 'PBMD', 'STAT', 'PBMD']","[468502519163441713, 468502519163443949, 468502519163365170, 468502519162911253, 468502519163933528]","[0.8036589026451111, 0.7933030128479004, 0.7811752557754517, 0.7860571146011353, 0.7913131713867188]"
890,MEDQA,0.9999878406524658,4.637838628696045e-06,3.359638753863692e-07,4.637838628696045e-06,2.4439689241262386e-06,0,10.171998023986816,False,"['STAT', 'PBMD', 'PBMD', 'STAT', 'PBMD']","[468502519162753628, 468502519163731114, 468502519163661703, 468502519162459587, 468502519163761149]","[0.8052231669425964, 0.8162078857421875, 0.8156633973121643, 0.8075346350669861, 0.8075090050697327]"
891,MEDQA,2.057566462099203e-06,1.1123099284304772e-05,0.9997634291648865,0.00020987748575862497,1.3417018635664135e-05,0,7.067567348480225,False,"['TEXT', 'PBMD', 'TEXT', 'PBMD', 'TEXT']","[468502519162407237, 468502519163864688, 468502519162377288, 468502519163013059, 468502519162407238]","[0.7743827104568481, 0.7787394523620605, 0.7926278710365295, 0.7765549421310425, 0.7896609902381897]"
892,MEDQA,0.9999716281890869,1.791780232451856e-05,1.1015653171853046e-06,6.144038252386963e-06,3.1874849355517654e-06,4,6.896956205368042,False,"['PBMD', 'TEXT', 'PBMD', 'PBMD', 'PBMD']","[468502519163713105, 468502519162391331, 468502519163774100, 468502519163463658, 468502519163762717]","[0.7778542041778564, 0.7807236909866333, 0.8083378672599792, 0.8112858533859253, 0.7781948447227478]"
893,MEDQA,2.260273959109327e-06,0.9999754428863525,1.7061441894838936e-06,1.0451401067257393e-05,1.0129844667972066e-05,1,6.537402629852295,False,"['TEXT', 'PBMD', 'TEXT', 'STAT', 'STAT']","[468502519162409196, 468502519163872938, 468502519162409195, 468502519162421211, 468502519162929694]","[0.7678637504577637, 0.7726074457168579, 0.7667651772499084, 0.7676511406898499, 0.7814755439758301]"
894,MEDQA,0.9999904632568359,7.016843937890371e-06,5.368701749830507e-07,1.4367390122060897e-06,4.737862582260277e-07,0,5.133244752883911,False,"['STAT', 'STAT', 'STAT', 'PBMD', 'TEXT']","[468502519162783551, 468502519162783554, 468502519162783569, 468502519163048736, 468502519162386207]","[0.7590190768241882, 0.7889978885650635, 0.7756523489952087, 0.7720754742622375, 0.7528242468833923]"
895,MEDQA,0.9999696016311646,5.862670150236227e-06,2.1567559542745585e-06,1.3006902008783072e-05,9.368520295538474e-06,3,10.218015670776367,False,"['PBMD', 'TEXT', 'TEXT', 'PBMD', 'PBMD']","[468502519163284909, 468502519162369761, 468502519162366988, 468502519163974949, 468502519163526177]","[0.7797330617904663, 0.7813963294029236, 0.786625862121582, 0.7782250046730042, 0.7916744947433472]"
896,MEDQA,2.601545929792337e-06,4.565855306282174e-06,7.183098659879761e-06,1.5325887943618e-05,0.9999703168869019,4,5.59552001953125,False,"['PBMD', 'TEXT', 'PBMD', 'PBMD', 'TEXT']","[468502519163349206, 468502519162370508, 468502519163582396, 468502519163417099, 468502519162357299]","[0.7800077199935913, 0.7800214886665344, 0.78441321849823, 0.7934688925743103, 0.7812018990516663]"
897,MEDQA,3.882882811012678e-05,0.9999023675918579,3.7262893783918116e-06,7.527311481680954e-06,4.757407077704556e-05,1,5.855493783950806,False,"['STAT', 'PBMD', 'PBMD', 'PBMD', 'STAT']","[468502519162906526, 468502519163401366, 468502519163489344, 468502519163699948, 468502519162749091]","[0.7886237502098083, 0.7945173382759094, 0.7973635196685791, 0.7895340919494629, 0.8021805882453918]"
898,MEDQA,1.553436277390574e-06,1.8924727555713616e-05,0.999958872795105,7.18301635060925e-06,1.3419641618384048e-05,2,9.898030519485474,False,"['PBMD', 'PBMD', 'PBMD', 'PBMD', 'PBMD']","[468502519163669159, 468502519163914411, 468502519163623411, 468502519163704230, 468502519163249099]","[0.7814214825630188, 0.764492928981781, 0.7607190012931824, 0.76603764295578, 0.7586254477500916]"
899,MEDQA,0.9716240763664246,0.00442975340411067,0.0014722348423674703,0.020805533975362778,0.001668260432779789,2,7.387559652328491,False,"['PBMD', 'PBMD', 'TEXT', 'PBMD', 'PBMD']","[468502519163735346, 468502519163750745, 468502519162396082, 468502519163817622, 468502519163715370]","[0.7778699994087219, 0.7512315511703491, 0.789825439453125, 0.7509264945983887, 0.7593046426773071]"
900,MEDQA,7.4101212703681085e-06,1.0287933946528938e-05,0.9998362064361572,0.00012435734970495105,2.1779558665002696e-05,2,6.3844523429870605,False,"['PBMD', 'PBMD', 'PBMD', 'PBMD', 'PBMD']","[468502519163188318, 468502519163731071, 468502519163783417, 468502519163757082, 468502519163880861]","[0.7846867442131042, 0.7938569784164429, 0.7812396883964539, 0.7762936353683472, 0.7916712760925293]"
901,MEDQA,8.058869411797787e-07,1.8737432583293412e-06,7.57060718115099e-07,6.895174738019705e-05,0.9999276399612427,4,8.949511528015137,False,"['TEXT', 'PBMD', 'PBMD', 'PBMD', 'PBMD']","[468502519162375953, 468502519163888254, 468502519163876200, 468502519163613301, 468502519163962886]","[0.769668459892273, 0.770336925983429, 0.7907247543334961, 0.7692102193832397, 0.7745838165283203]"
902,MEDQA,0.00029254189576022327,0.00036407430889084935,0.988167941570282,0.006041695363819599,0.00513378344476223,2,8.404357194900513,False,"['PBMD', 'PBMD', 'PBMD', 'PBMD', 'PBMD']","[468502519163788288, 468502519163246259, 468502519163345715, 468502519163511455, 468502519163658145]","[0.7774056196212769, 0.7826039791107178, 0.7752640843391418, 0.7775002121925354, 0.7722507119178772]"
903,MEDQA,2.260027713418822e-06,6.708779255859554e-05,2.642239905981114e-06,0.9998664855957031,6.156321614980698e-05,1,8.670429706573486,False,"['PBMD', 'PBMD', 'PBMD', 'PBMD', 'PBMD']","[468502519163758490, 468502519163141882, 468502519163626738, 468502519163983467, 468502519163817084]","[0.7996686100959778, 0.8006092309951782, 0.8036452531814575, 0.7993327975273132, 0.8141385316848755]"
904,MEDQA,2.4205564841395244e-05,2.1361336621339433e-05,0.9960797429084778,0.0001933897437993437,0.0036812094040215015,2,7.370865106582642,False,"['PBMD', 'STAT', 'STAT', 'PBMD', 'TEXT']","[468502519163970862, 468502519162975697, 468502519162461856, 468502519163692891, 468502519162347068]","[0.7762377262115479, 0.805192232131958, 0.775858998298645, 0.7854098081588745, 0.7706020474433899]"
905,MEDQA,1.2216301911394112e-05,2.8403754186001606e-05,0.9997608065605164,9.3132330221124e-05,0.00010553275205893442,0,5.339441537857056,False,"['STAT', 'STAT', 'PBMD', 'STAT', 'PBMD']","[468502519162871792, 468502519162871782, 468502519163529961, 468502519162871794, 468502519163529960]","[0.8115838766098022, 0.8024129271507263, 0.8099026679992676, 0.7995922565460205, 0.8036131262779236]"
906,MEDQA,7.289855147973867e-06,0.999098539352417,0.0008230740786530077,5.407597200246528e-05,1.7082358681363985e-05,4,5.665081739425659,False,"['PBMD', 'PBMD', 'PBMD', 'PBMD', 'STAT']","[468502519163050288, 468502519163186083, 468502519163917026, 468502519163841715, 468502519162715844]","[0.7837581038475037, 0.7905250191688538, 0.7860516309738159, 0.7846887707710266, 0.7886456251144409]"
907,MEDQA,2.812708089550142e-06,8.800185241852887e-06,3.500471848383313e-06,9.761418186826631e-05,0.999887228012085,0,5.736003160476685,False,"['PBMD', 'PBMD', 'TEXT', 'PBMD', 'PBMD']","[468502519163692458, 468502519163484606, 468502519162390969, 468502519163458091, 468502519163170992]","[0.7976541519165039, 0.8074787855148315, 0.8057928085327148, 0.7997993230819702, 0.8091853260993958]"
908,MEDQA,3.4991967368114274e-06,1.3413792657956947e-05,0.9995230436325073,5.102016802993603e-05,0.0004090199654456228,2,4.79345178604126,False,"['PBMD', 'PBMD', 'TEXT', 'PBMD', 'TEXT']","[468502519163766445, 468502519163323447, 468502519162377863, 468502519163140031, 468502519162377862]","[0.8325138688087463, 0.809524655342102, 0.8342869281768799, 0.8087658286094666, 0.8151241540908813]"
909,MEDQA,2.3319739739235956e-06,1.0952745469694491e-05,6.240686616365565e-06,2.5866924261208624e-05,0.9999545812606812,1,4.044943332672119,False,"['PBMD', 'PBMD', 'PBMD', 'PBMD', 'PBMD']","[468502519163674577, 468502519163392401, 468502519163166474, 468502519163985658, 468502519163532780]","[0.7656212449073792, 0.7720105648040771, 0.7658203840255737, 0.7673854827880859, 0.7856935262680054]"
910,MEDQA,3.500756065477617e-06,0.999968409538269,3.0894063911546255e-06,9.516041245660745e-06,1.544606129755266e-05,2,5.192326784133911,False,"['PBMD', 'TEXT', 'PBMD', 'TEXT', 'TEXT']","[468502519163788055, 468502519162355628, 468502519163163409, 468502519162363382, 468502519162355619]","[0.8104066848754883, 0.7961766123771667, 0.7699027061462402, 0.7705342769622803, 0.7702147960662842]"
911,MEDQA,0.9999356269836426,4.494912445807131e-06,6.681090667370881e-07,2.840872184606269e-05,3.071715036639944e-05,3,6.549052715301514,False,"['PBMD', 'PBMD', 'PBMD', 'PBMD', 'PBMD']","[468502519163869212, 468502519163659264, 468502519163231988, 468502519163011770, 468502519163088421]","[0.7536129951477051, 0.7603880167007446, 0.7532171010971069, 0.7534635663032532, 0.7565234303474426]"
912,MEDQA,1.0614098755468149e-05,0.9997976422309875,6.142969141365029e-06,0.00010070376447401941,8.480107499053702e-05,1,4.573445081710815,False,"['PBMD', 'STAT', 'PBMD', 'PBMD', 'STAT']","[468502519163064287, 468502519162904045, 468502519163442877, 468502519163031724, 468502519162746196]","[0.7970260381698608, 0.773980975151062, 0.7730655670166016, 0.7732513546943665, 0.7778854966163635]"
913,MEDQA,5.255049472907558e-06,1.4063240996620152e-05,3.966719305026345e-06,0.9999288320541382,4.79484697279986e-05,4,6.849009275436401,False,"['PBMD', 'PBMD', 'PBMD', 'PBMD', 'PBMD']","[468502519163347922, 468502519163350948, 468502519163015224, 468502519163621638, 468502519163688011]","[0.7906678318977356, 0.7812821865081787, 0.8096932172775269, 0.7803043127059937, 0.7921547293663025]"
914,MEDQA,0.00011120627459604293,5.4622683819616213e-05,2.4861983547452837e-05,0.999392032623291,0.0004172361805103719,3,7.461555004119873,False,"['STAT', 'PBMD', 'PBMD', 'PBMD', 'PBMD']","[468502519162426251, 468502519163213556, 468502519163033728, 468502519163912380, 468502519163794214]","[0.8020094633102417, 0.7746698260307312, 0.7775043249130249, 0.7934049963951111, 0.7720337510108948]"
915,MEDQA,0.9996843338012695,6.400395068340003e-05,1.2603125469468068e-05,9.026003681356087e-05,0.00014881364768370986,0,8.803226470947266,False,"['STAT', 'STAT', 'STAT', 'PBMD', 'PBMD']","[468502519162480130, 468502519162820613, 468502519162457454, 468502519163733332, 468502519163685470]","[0.841431200504303, 0.8281376361846924, 0.826733410358429, 0.8566988706588745, 0.8593697547912598]"
916,MEDQA,0.00555412145331502,0.9943011999130249,3.0544066248694435e-05,5.6619755923748016e-05,5.7511388149578124e-05,0,5.398503541946411,False,"['TEXT', 'PBMD', 'TEXT', 'PBMD', 'PBMD']","[468502519162412554, 468502519163692458, 468502519162294486, 468502519163299543, 468502519163170992]","[0.8103071451187134, 0.8013738393783569, 0.8143192529678345, 0.8030036091804504, 0.803108811378479]"
917,MEDQA,8.611636440036818e-05,0.0001046908728312701,7.195291254902259e-05,0.00017328163085039705,0.999563992023468,4,7.118529558181763,False,"['PBMD', 'PBMD', 'PBMD', 'PBMD', 'PBMD']","[468502519163943954, 468502519163397883, 468502519163472990, 468502519163471350, 468502519163482598]","[0.8111537098884583, 0.8157294392585754, 0.8099089860916138, 0.8126417398452759, 0.812552273273468]"
918,MEDQA,2.0580371256073704e-06,0.9999921321868896,4.1811560436144646e-07,2.9944262678327505e-06,2.406089379292098e-06,1,4.820778131484985,False,"['PBMD', 'PBMD', 'PBMD', 'PBMD', 'PBMD']","[468502519163973896, 468502519163685476, 468502519163148309, 468502519163194050, 468502519163860625]","[0.8045662641525269, 0.7758498191833496, 0.8006864786148071, 0.7759721875190735, 0.7825311422348022]"
919,MEDQA,9.817003046919126e-06,2.144230529665947e-05,0.9998552799224854,1.9523438822943717e-05,9.387164755025879e-05,2,7.2205140590667725,False,"['TEXT', 'STAT', 'TEXT', 'STAT', 'STAT']","[468502519162359787, 468502519162989648, 468502519162359859, 468502519162857045, 468502519162910477]","[0.7541202902793884, 0.7516936659812927, 0.759567379951477, 0.7901501655578613, 0.7883538603782654]"
920,MEDQA,0.9996552467346191,0.00016829403466545045,1.5201829228317365e-05,0.0001476512843510136,1.3626831787405536e-05,0,7.631940126419067,False,"['PBMD', 'STAT', 'STAT', 'STAT', 'PBMD']","[468502519163472690, 468502519162740419, 468502519162816111, 468502519162750017, 468502519163898194]","[0.8054079413414001, 0.7879118919372559, 0.8059033155441284, 0.7900533080101013, 0.8049833178520203]"
921,MEDQA,0.9999655485153198,2.5267994715250097e-05,3.576237190827669e-07,5.255242285784334e-06,3.611871761677321e-06,1,5.0133044719696045,False,"['PBMD', 'PBMD', 'PBMD', 'PBMD', 'PBMD']","[468502519163063252, 468502519163048614, 468502519163892093, 468502519163166287, 468502519163967065]","[0.7943967580795288, 0.7995701432228088, 0.8051546812057495, 0.8034700155258179, 0.7966651320457458]"
922,MEDQA,3.156094123824005e-07,9.132460263572284e-07,3.156094123824005e-07,0.9999895095825195,8.939682629716117e-06,0,9.406966924667358,False,"['PBMD', 'PBMD', 'PBMD', 'PBMD', 'PBMD']","[468502519163388751, 468502519163946363, 468502519163482895, 468502519163330027, 468502519163376563]","[0.7978609800338745, 0.801997184753418, 0.8040213584899902, 0.7946289777755737, 0.8211556673049927]"
923,MEDQA,0.0001488003763370216,0.00013978502829559147,0.9995952248573303,0.00010387940710643306,1.2214279195177369e-05,2,3.8216938972473145,False,"['STAT', 'STAT', 'STAT', 'STAT', 'STAT']","[468502519162843300, 468502519162752147, 468502519162879838, 468502519162463759, 468502519162868320]","[0.7842682600021362, 0.769373893737793, 0.7759552597999573, 0.7957763671875, 0.7766379714012146]"
924,MEDQA,0.9999583959579468,3.1692943593952805e-05,6.681243007733428e-07,6.3389870774699375e-06,2.8129081783845322e-06,0,5.521556854248047,False,"['PBMD', 'PBMD', 'PBMD', 'PBMD', 'PBMD']","[468502519163720084, 468502519163713121, 468502519163784936, 468502519163268898, 468502519163888753]","[0.7863620519638062, 0.7696148753166199, 0.7728443145751953, 0.7737893462181091, 0.7695131301879883]"
925,MEDQA,1.6536517932763672e-06,9.818182661547326e-06,0.9999754428863525,7.889130756666418e-06,5.255294126982335e-06,2,6.880378007888794,False,"['STAT', 'PBMD', 'PBMD', 'PBMD', 'PBMD']","[468502519162465927, 468502519163579890, 468502519163422497, 468502519163164647, 468502519163859755]","[0.7840633392333984, 0.7848188281059265, 0.7836369276046753, 0.7978135347366333, 0.7820570468902588]"
926,MEDQA,7.181130058597773e-06,2.2821583115728572e-05,0.9996962547302246,0.00014650826051365584,0.00012728857109323144,1,7.663769006729126,False,"['PBMD', 'PBMD', 'PBMD', 'PBMD', 'PBMD']","[468502519163992909, 468502519163787411, 468502519163667838, 468502519163793475, 468502519163649092]","[0.7796729803085327, 0.8150634765625, 0.8050916790962219, 0.7895675897598267, 0.7901862263679504]"
927,MEDQA,0.00544391106814146,0.000399004144128412,0.9899186491966248,0.0034603604581207037,0.0007781665190123022,2,9.855007886886597,False,"['PBMD', 'PBMD', 'PBMD', 'PBMD', 'TEXT']","[468502519163069094, 468502519163756939, 468502519163900077, 468502519163303987, 468502519162384634]","[0.8063191175460815, 0.8105440139770508, 0.807173490524292, 0.796909511089325, 0.792833685874939]"
928,MEDQA,3.0415515084314393e-06,3.785272156164865e-06,1.287874056288274e-06,9.666030564403627e-06,0.9999822378158569,1,9.172109603881836,False,"['TEXT', 'STAT', 'TEXT', 'PBMD', 'TEXT']","[468502519162308065, 468502519162943783, 468502519162389975, 468502519163740103, 468502519162350440]","[0.7672990560531616, 0.7828493118286133, 0.7954883575439453, 0.771703839302063, 0.7678054571151733]"
929,MEDQA,2.4824134925438557e-06,9.223284905601759e-06,0.9999706745147705,1.0783111974888016e-05,6.962100542295957e-06,2,6.736051559448242,False,"['TEXT', 'PBMD', 'TEXT', 'PBMD', 'PBMD']","[468502519162331457, 468502519163991893, 468502519162331857, 468502519163856720, 468502519163908685]","[0.780726432800293, 0.7969644069671631, 0.783751904964447, 0.7813195586204529, 0.7822555303573608]"
930,MEDQA,0.9998257756233215,0.00015578712918795645,2.947511575257522e-06,1.3417855370789766e-05,2.057694700852153e-06,0,4.400763988494873,False,"['PBMD', 'TEXT', 'PBMD', 'STAT', 'STAT']","[468502519163879418, 468502519162367768, 468502519163939149, 468502519162840756, 468502519162759004]","[0.7857820987701416, 0.7840157747268677, 0.7803137302398682, 0.7776439189910889, 0.7910649180412292]"
931,MEDQA,1.5680770957260393e-05,0.9994246959686279,0.00010386168287368491,8.746031380724162e-05,0.0003682216629385948,0,10.35332465171814,False,"['TEXT', 'PBMD', 'TEXT', 'PBMD', 'PBMD']","[468502519162368942, 468502519163553543, 468502519162369049, 468502519163106720, 468502519163890905]","[0.7783119678497314, 0.7781985998153687, 0.7929052114486694, 0.7772784233093262, 0.7850843071937561]"
932,MEDQA,4.827458178624511e-05,6.102478801039979e-05,2.2101714421296492e-05,0.9988952279090881,0.0009734158520586789,4,9.09023642539978,False,"['TEXT', 'PBMD', 'PBMD', 'TEXT', 'PBMD']","[468502519162393788, 468502519163757914, 468502519163647571, 468502519162350686, 468502519163784936]","[0.7986574172973633, 0.7969911098480225, 0.7976202964782715, 0.7944126725196838, 0.7944080233573914]"
933,MEDQA,0.9999399185180664,1.5445621102117002e-05,3.466119267159229e-07,3.844718776235823e-06,4.0377108234679326e-05,0,10.482845544815063,False,"['PBMD', 'PBMD', 'PBMD', 'PBMD', 'TEXT']","[468502519163705196, 468502519163482877, 468502519163866903, 468502519163623152, 468502519162341382]","[0.7902524471282959, 0.7765504717826843, 0.7791049480438232, 0.7744276523590088, 0.772403359413147]"
934,MEDQA,5.9539356698223855e-06,0.9997919201850891,2.6683688702178188e-05,8.155192335834727e-05,9.386569581693038e-05,1,6.55030632019043,False,"['STAT', 'PBMD', 'STAT', 'TEXT', 'PBMD']","[468502519162951158, 468502519163537204, 468502519162479891, 468502519162419088, 468502519163541865]","[0.7737647891044617, 0.7660506963729858, 0.7807282209396362, 0.7770119309425354, 0.7860961556434631]"
935,MEDQA,0.00012331183825153857,0.0001851130073191598,4.130429442739114e-05,0.00044406301458366215,0.9992062449455261,0,7.31557297706604,False,"['PBMD', 'PBMD', 'PBMD', 'PBMD', 'TEXT']","[468502519163130340, 468502519163614842, 468502519163951843, 468502519163444870, 468502519162370924]","[0.7813478708267212, 0.7749678492546082, 0.779301643371582, 0.7862855792045593, 0.7731164693832397]"
936,MEDQA,3.877720155287534e-05,0.9985729455947876,3.1158357160165906e-05,0.00019692687783390284,0.001160109881311655,1,7.873039722442627,False,"['PBMD', 'STAT', 'STAT', 'STAT', 'STAT']","[468502519163997773, 468502519162948399, 468502519162431048, 468502519162471711, 468502519162762179]","[0.759103000164032, 0.755007266998291, 0.7606081962585449, 0.7627292275428772, 0.7517458200454712]"
937,MEDQA,1.4851955711492337e-05,1.3522859262593556e-05,4.710028861154569e-06,0.9998084902763367,0.00015843097935430706,3,8.928430557250977,False,"['PBMD', 'PBMD', 'TEXT', 'PBMD', 'PBMD']","[468502519163110453, 468502519163985104, 468502519162378142, 468502519163113489, 468502519163860835]","[0.7857313752174377, 0.7879761457443237, 0.7994056940078735, 0.7834236025810242, 0.7862920761108398]"
938,MEDQA,3.0415192213695263e-06,5.173798854229972e-06,2.902238065871643e-06,0.9999716281890869,1.723137938824948e-05,3,5.959240436553955,False,"['PBMD', 'PBMD', 'PBMD', 'PBMD', 'PBMD']","[468502519163188499, 468502519163870052, 468502519163512171, 468502519163070623, 468502519163755226]","[0.7717896699905396, 0.770637035369873, 0.7795973420143127, 0.7657676339149475, 0.7797818183898926]"
939,MEDQA,0.00021462314180098474,0.00022492313291877508,0.0008080042316578329,6.596973980776966e-05,0.9986864924430847,0,7.186955690383911,False,"['PBMD', 'PBMD', 'PBMD', 'PBMD', 'PBMD']","[468502519163434790, 468502519163824590, 468502519163616048, 468502519163259734, 468502519163047717]","[0.7995145916938782, 0.7647468447685242, 0.7771898508071899, 0.782734751701355, 0.7778434753417969]"
940,MEDQA,0.9999611377716064,3.0478886401397176e-05,6.276464432630746e-07,4.637714937416604e-06,3.1380347991216695e-06,0,4.232564687728882,False,"['TEXT', 'TEXT', 'STAT', 'STAT', 'PBMD']","[468502519162328342, 468502519162342936, 468502519162966516, 468502519162756024, 468502519163878963]","[0.7947255373001099, 0.7933295965194702, 0.8013181090354919, 0.7830128073692322, 0.7941817045211792]"
941,MEDQA,0.9999867677688599,8.939658073359169e-06,6.276625299506122e-07,1.7603230162421823e-06,1.8738541029961198e-06,0,7.866844654083252,False,"['PBMD', 'PBMD', 'PBMD', 'TEXT', 'PBMD']","[468502519163734223, 468502519163734402, 468502519163706914, 468502519162415460, 468502519163640258]","[0.7866200804710388, 0.7746571898460388, 0.7840402126312256, 0.7734095454216003, 0.7911508083343506]"
942,MEDQA,1.4508173080685083e-05,0.9998266100883484,2.4056910206127213e-06,0.00015058924327604473,5.954142125119688e-06,1,9.318782806396484,False,"['PBMD', 'PBMD', 'PBMD', 'PBMD', 'PBMD']","[468502519163705955, 468502519163133814, 468502519163728573, 468502519163738874, 468502519163648386]","[0.7779960036277771, 0.7876763343811035, 0.7873669862747192, 0.7788997888565063, 0.7830070853233337]"
943,MEDQA,1.003006786959304e-06,1.4823480114500853e-06,7.338155114666733e-07,5.014718681195518e-06,0.999991774559021,4,6.7020649909973145,False,"['STAT', 'PBMD', 'TEXT', 'PBMD', 'PBMD']","[468502519162766224, 468502519163156708, 468502519162398861, 468502519163414677, 468502519163398929]","[0.7872283458709717, 0.7783645391464233, 0.7775002121925354, 0.772619366645813, 0.7813509702682495]"
944,MEDQA,1.4591612398362486e-06,5.771094947704114e-06,0.9998512268066406,5.920386320212856e-05,8.219642040785402e-05,4,7.7351462841033936,False,"['PBMD', 'PBMD', 'PBMD', 'PBMD', 'PBMD']","[468502519163553133, 468502519163978797, 468502519163685450, 468502519163122050, 468502519163118806]","[0.7619837522506714, 0.7601902484893799, 0.7640038132667542, 0.7671958208084106, 0.7715817093849182]"
945,MEDQA,0.9999387264251709,1.0451017260493245e-05,1.653591084505024e-06,3.763555650948547e-05,1.1478196938696783e-05,1,6.79015040397644,False,"['TEXT', 'PBMD', 'TEXT', 'TEXT', 'TEXT']","[468502519162370859, 468502519163740566, 468502519162373404, 468502519162371055, 468502519162371030]","[0.7323675751686096, 0.7363252639770508, 0.7320493459701538, 0.7295465469360352, 0.737115740776062]"
946,MEDQA,1.8736001266006497e-06,2.443635139570688e-06,1.5532690440522856e-06,0.9998512268066406,0.0001428572868462652,3,6.702002763748169,False,"['TEXT', 'PBMD', 'TEXT', 'TEXT', 'PBMD']","[468502519162392811, 468502519163800131, 468502519162357338, 468502519162369741, 468502519163535018]","[0.794539213180542, 0.7913698554039001, 0.7811403274536133, 0.7733896970748901, 0.7843422293663025]"
947,MEDQA,0.0012406310997903347,0.9944040775299072,0.0001785554050002247,0.0032654372043907642,0.000911217590328306,1,6.081906080245972,False,"['TEXT', 'PBMD', 'PBMD', 'PBMD', 'PBMD']","[468502519162307675, 468502519163187347, 468502519163297895, 468502519163863159, 468502519163993254]","[0.7914214134216309, 0.7879123091697693, 0.7801332473754883, 0.7827170491218567, 0.7815759778022766]"
948,MEDQA,1.601434178155614e-06,2.353290437895339e-05,0.9991394281387329,0.0008231077226810157,1.2208709449623711e-05,3,8.127253532409668,False,"['PBMD', 'PBMD', 'TEXT', 'PBMD', 'TEXT']","[468502519163648254, 468502519163844265, 468502519162390966, 468502519163198755, 468502519162391174]","[0.7754039168357849, 0.7840781211853027, 0.7685854434967041, 0.7722620368003845, 0.7873203158378601]"
949,MEDQA,0.9999375343322754,1.473827887821244e-05,1.2410875569912605e-05,1.7777756511350162e-05,1.7502139598946087e-05,0,5.936931371688843,False,"['PBMD', 'PBMD', 'TEXT', 'TEXT', 'PBMD']","[468502519163714107, 468502519163653146, 468502519162392014, 468502519162391888, 468502519163704301]","[0.8099197149276733, 0.8070163726806641, 0.7949506640434265, 0.8081972599029541, 0.794999361038208]"
950,MEDQA,0.999971866607666,8.139530109474435e-06,1.221888123836834e-05,1.5534565136476886e-06,6.144039616629016e-06,0,4.55394172668457,False,"['PBMD', 'PBMD', 'STAT', 'TEXT', 'PBMD']","[468502519163004864, 468502519163766449, 468502519162788035, 468502519162401429, 468502519163225905]","[0.7725821137428284, 0.7705522775650024, 0.7758729457855225, 0.7668915390968323, 0.7644079327583313]"
951,MEDQA,1.668922595854383e-05,3.267591819167137e-05,3.2169322366826236e-05,0.9992530941963196,0.0006653480231761932,2,8.489929676055908,False,"['PBMD', 'TEXT', 'PBMD', 'PBMD', 'PBMD']","[468502519163706569, 468502519162357516, 468502519163787650, 468502519163787646, 468502519163568332]","[0.781280517578125, 0.7620835304260254, 0.7670667171478271, 0.7726672291755676, 0.7620955109596252]"
952,MEDQA,0.00013126363046467304,6.0096863307990134e-05,4.098250064998865e-05,0.9991974234580994,0.0005701831541955471,0,7.725591421127319,False,"['PBMD', 'STAT', 'PBMD', 'STAT', 'PBMD']","[468502519163137931, 468502519162765444, 468502519163202142, 468502519162796066, 468502519163987740]","[0.8008031845092773, 0.7871475219726562, 0.782355785369873, 0.7780379056930542, 0.7971442937850952]"
953,MEDQA,4.1317864088341594e-05,0.00013028604735154659,0.9995344877243042,0.0002631850366014987,3.070482853217982e-05,3,8.97751498222351,False,"['TEXT', 'PBMD', 'TEXT', 'PBMD', 'PBMD']","[468502519162391082, 468502519163400170, 468502519162390966, 468502519163713347, 468502519163866716]","[0.7756944894790649, 0.771304190158844, 0.7681978940963745, 0.7650702595710754, 0.7649641036987305]"
954,MEDQA,7.82986608101055e-05,2.2296440874924883e-05,7.526947229052894e-06,3.7927518860669807e-05,0.9998539686203003,2,9.085790872573853,False,"['PBMD', 'PBMD', 'TEXT', 'PBMD', 'PBMD']","[468502519163761927, 468502519163640187, 468502519162395018, 468502519163011755, 468502519163723267]","[0.7923140525817871, 0.7829304933547974, 0.7850629091262817, 0.7762804627418518, 0.7764864563941956]"
955,MEDQA,1.209822130476823e-06,6.143983682704857e-06,1.1038740012736525e-05,0.9999628067016602,1.8777529476210475e-05,3,4.242766857147217,False,"['STAT', 'PBMD', 'PBMD', 'STAT', 'PBMD']","[468502519162951325, 468502519163708978, 468502519163743188, 468502519162467587, 468502519163743187]","[0.7821210622787476, 0.8129358887672424, 0.7837789058685303, 0.8103353977203369, 0.7915957570075989]"
956,MEDQA,7.582559025109958e-10,1.818961425925636e-09,1.0364130664797244e-09,9.931193289958173e-08,0.9999998807907104,1,10.667240381240845,False,"['PBMD', 'PBMD', 'TEXT', 'PBMD', 'PBMD']","[468502519163641602, 468502519163753640, 468502519162364126, 468502519163781984, 468502519163567267]","[0.7773102521896362, 0.7757740020751953, 0.7779412269592285, 0.7812379002571106, 0.7918094992637634]"
957,MEDQA,1.428367158951005e-05,0.9998564720153809,1.5291958561647334e-06,2.965366729767993e-05,9.799321560421959e-05,1,5.710388898849487,False,"['STAT', 'STAT', 'STAT', 'STAT', 'PBMD']","[468502519162960204, 468502519162899152, 468502519162862047, 468502519162742054, 468502519163337732]","[0.8145273327827454, 0.8006749749183655, 0.800099790096283, 0.8033130168914795, 0.7988936901092529]"
958,MEDQA,1.473644715588307e-05,5.143525413586758e-05,0.9998132586479187,4.3994903535349295e-05,7.661258132429793e-05,2,8.322612047195435,False,"['PBMD', 'PBMD', 'PBMD', 'PBMD', 'PBMD']","[468502519163692887, 468502519163060745, 468502519163062985, 468502519163697655, 468502519163703856]","[0.8016588091850281, 0.7970654368400574, 0.7987319231033325, 0.8029696345329285, 0.7984986305236816]"
959,MEDQA,3.5007951737497933e-06,0.9999796152114868,6.083470225348719e-07,1.2805377082258929e-05,3.611922466006945e-06,1,5.953259706497192,False,"['STAT', 'STAT', 'TEXT', 'STAT', 'STAT']","[468502519162764652, 468502519162423893, 468502519162351801, 468502519162987886, 468502519162726816]","[0.7686998248100281, 0.7537034749984741, 0.7493774890899658, 0.7544766068458557, 0.7551076412200928]"
960,MEDQA,0.9999233484268188,5.518804755411111e-05,5.682031769538298e-06,8.397498277190607e-06,7.410767011606367e-06,3,7.143659353256226,False,"['PBMD', 'STAT', 'TEXT', 'PBMD', 'PBMD']","[468502519163997730, 468502519162894368, 468502519162354907, 468502519163590102, 468502519163640183]","[0.7901229858398438, 0.7644084692001343, 0.7660961151123047, 0.7618072032928467, 0.7708147168159485]"
961,MEDQA,6.807026511523873e-05,0.00011135552631458268,5.5124979553511366e-05,0.0009847772307693958,0.9987806677818298,0,6.8376784324646,False,"['TEXT', 'PBMD', 'PBMD', 'PBMD', 'TEXT']","[468502519162379107, 468502519163709686, 468502519163719035, 468502519163574494, 468502519162378953]","[0.7931994795799255, 0.7857610583305359, 0.7765226364135742, 0.7915152907371521, 0.7854539155960083]"
962,MEDQA,1.5534786825810443e-06,0.9999861717224121,5.203501700634661e-07,8.013452315935865e-06,3.844896582450019e-06,1,5.673354387283325,False,"['PBMD', 'TEXT', 'TEXT', 'PBMD', 'TEXT']","[468502519163713975, 468502519162307708, 468502519162336349, 468502519163987064, 468502519162311156]","[0.8007394075393677, 0.7829962372779846, 0.7860528230667114, 0.7979402542114258, 0.7901867628097534]"
963,MEDQA,6.083585617489007e-07,3.689881111768045e-07,2.873682376502984e-07,1.4449780394443223e-07,0.9999985694885254,4,10.689433813095093,False,"['PBMD', 'PBMD', 'PBMD', 'PBMD', 'PBMD']","[468502519163383415, 468502519163714718, 468502519163956878, 468502519163612490, 468502519163674850]","[0.7755866050720215, 0.7751860618591309, 0.7898555994033813, 0.7775024771690369, 0.7715067267417908]"
964,MEDQA,8.012906619114801e-06,0.9999181032180786,2.668705565156415e-05,3.5354605643078685e-05,1.1842309504572768e-05,3,6.30296516418457,False,"['PBMD', 'PBMD', 'PBMD', 'PBMD', 'PBMD']","[468502519163646372, 468502519163375643, 468502519163745114, 468502519163861156, 468502519163815442]","[0.8098300099372864, 0.787587583065033, 0.7854546308517456, 0.7917117476463318, 0.7863450050354004]"
965,MEDQA,2.561228484410094e-06,0.9999765157699585,5.173824320081621e-06,7.07177923686686e-06,8.800971045275219e-06,3,5.655939102172852,False,"['PBMD', 'PBMD', 'PBMD', 'PBMD', 'PBMD']","[468502519163728604, 468502519163684018, 468502519163756939, 468502519163955698, 468502519163769880]","[0.7644007205963135, 0.7557889223098755, 0.7659246325492859, 0.7581876516342163, 0.7616516351699829]"
966,MEDQA,6.475871145994461e-07,1.6536716884729685e-06,3.966952135669999e-06,6.240891707420815e-06,0.9999874830245972,2,9.949512243270874,False,"['PBMD', 'PBMD', 'PBMD', 'PBMD', 'PBMD']","[468502519163485409, 468502519163315923, 468502519163257755, 468502519163191661, 468502519163740117]","[0.8226166367530823, 0.8170808553695679, 0.8253363966941833, 0.8485199809074402, 0.8209756016731262]"
967,MEDQA,1.8911312508862466e-05,6.70464287395589e-05,0.9992499947547913,0.0006141437334008515,4.982466998626478e-05,2,6.821352958679199,False,"['STAT', 'STAT', 'TEXT', 'STAT', 'TEXT']","[468502519162781313, 468502519162950077, 468502519162351812, 468502519162716935, 468502519162351805]","[0.7670349478721619, 0.7593743801116943, 0.7563656568527222, 0.771485447883606, 0.7699848413467407]"
968,MEDQA,0.9998470544815063,1.3629446584673133e-05,1.8735922822088469e-06,3.2695341360522434e-05,0.00010472051508259028,0,7.837708950042725,False,"['TEXT', 'TEXT', 'PBMD', 'PBMD', 'PBMD']","[468502519162307205, 468502519162415055, 468502519163680586, 468502519163582365, 468502519163687911]","[0.8196361660957336, 0.8270634412765503, 0.8263114094734192, 0.8223997354507446, 0.8087958693504333]"
969,MEDQA,7.1827912506705616e-06,3.591169661376625e-05,0.9999275207519531,2.62735593423713e-05,3.089279971391079e-06,2,7.656987905502319,False,"['PBMD', 'PBMD', 'PBMD', 'PBMD', 'PBMD']","[468502519163364203, 468502519163561933, 468502519163421596, 468502519163481008, 468502519163802700]","[0.7956312894821167, 0.7805545330047607, 0.7792325615882874, 0.7809248566627502, 0.8069103956222534]"
970,MEDQA,3.359658364843199e-07,1.0030087196355453e-06,4.888274247605295e-07,0.9999936819076538,4.49517347078654e-06,3,7.645031690597534,False,"['PBMD', 'PBMD', 'PBMD', 'PBMD', 'TEXT']","[468502519163741768, 468502519163912768, 468502519163565742, 468502519163626245, 468502519162308082]","[0.784974217414856, 0.7688096761703491, 0.7644165754318237, 0.7693280577659607, 0.7629345059394836]"
971,MEDQA,4.888283342552313e-07,6.475924010374001e-07,6.893585009493108e-07,2.5612773697503144e-06,0.9999955892562866,4,7.833061456680298,False,"['PBMD', 'PBMD', 'PBMD', 'PBMD', 'PBMD']","[468502519163631452, 468502519163605405, 468502519163628968, 468502519163266480, 468502519163938375]","[0.8177489042282104, 0.800481915473938, 0.7946802377700806, 0.796048641204834, 0.7845722436904907]"
972,MEDQA,1.1475850442366209e-05,5.9196940128458664e-05,0.9997343420982361,0.00015235028695315123,4.263795926817693e-05,2,6.991481781005859,False,"['TEXT', 'TEXT', 'STAT', 'STAT', 'TEXT']","[468502519162376830, 468502519162407238, 468502519162749478, 468502519162757954, 468502519162407237]","[0.7727291584014893, 0.8024325966835022, 0.7759116291999817, 0.7724353075027466, 0.7806897163391113]"
973,MEDQA,1.3156690670257376e-07,0.9999996423721313,1.4908482626196928e-07,1.742978383845184e-07,3.828814953976689e-08,1,10.384664535522461,False,"['PBMD', 'PBMD', 'TEXT', 'TEXT', 'TEXT']","[468502519163664939, 468502519163245853, 468502519162368938, 468502519162393459, 468502519162307248]","[0.7895598411560059, 0.8040165901184082, 0.785940945148468, 0.8276489973068237, 0.7963470816612244]"
974,MEDQA,2.1907230802753475e-06,6.240789844014216e-06,4.2227293306495994e-06,1.6187375877052546e-05,0.9999711513519287,4,4.930530309677124,False,"['PBMD', 'PBMD', 'PBMD', 'PBMD', 'PBMD']","[468502519163714107, 468502519163955767, 468502519163992481, 468502519163277680, 468502519163881669]","[0.770976722240448, 0.7671566009521484, 0.7747288942337036, 0.7779590487480164, 0.7761410474777222]"
975,MEDQA,1.5203290786303114e-05,1.5685896869399585e-05,0.9997513890266418,0.00010719363490352407,0.00011059633106924593,2,4.062346935272217,False,"['PBMD', 'PBMD', 'PBMD', 'PBMD', 'PBMD']","[468502519163507855, 468502519163255391, 468502519163361784, 468502519163229914, 468502519163871204]","[0.7766408920288086, 0.7584517002105713, 0.7677660584449768, 0.7531593441963196, 0.7654286026954651]"
976,MEDQA,3.4804808819899336e-05,3.3733977033989504e-05,0.9998699426651001,2.6685771445045248e-05,3.4804808819899336e-05,4,7.211381435394287,False,"['PBMD', 'STAT', 'PBMD', 'TEXT', 'PBMD']","[468502519163454031, 468502519162849040, 468502519163355556, 468502519162309544, 468502519163403529]","[0.8038051128387451, 0.7905752658843994, 0.807012677192688, 0.8028640747070312, 0.7914013862609863]"
977,MEDQA,4.936947334499564e-06,0.9999866485595703,4.4507930851978017e-07,3.844898401439423e-06,4.157326657150406e-06,1,5.090152740478516,False,"['PBMD', 'STAT', 'STAT', 'PBMD', 'TEXT']","[468502519163737198, 468502519162475553, 468502519162912786, 468502519163158468, 468502519162379170]","[0.761854887008667, 0.7613649368286133, 0.7495381832122803, 0.750278651714325, 0.7638182640075684]"
978,MEDQA,5.255227733869106e-06,8.139456440403592e-06,0.9999628067016602,1.3631024557980709e-05,1.0289236342941877e-05,2,9.469035387039185,False,"['PBMD', 'PBMD', 'PBMD', 'PBMD', 'PBMD']","[468502519163404482, 468502519163478224, 468502519163355701, 468502519163611622, 468502519163634240]","[0.8047700524330139, 0.7949947714805603, 0.7962249517440796, 0.8111774921417236, 0.7955188751220703]"
979,MEDQA,6.348795711375033e-09,3.6174345741102343e-09,4.6448782597963145e-09,6.475947884609923e-07,0.9999992847442627,3,10.684799432754517,False,"['PBMD', 'STAT', 'STAT', 'STAT', 'STAT']","[468502519163741103, 468502519162850123, 468502519162747813, 468502519162468952, 468502519162939669]","[0.8213027715682983, 0.8148454427719116, 0.8242965340614319, 0.8222739696502686, 0.8105813264846802]"
980,MEDQA,4.784803877555532e-06,1.834202885220293e-05,0.9999345541000366,1.3419315109786112e-05,2.8856062272097915e-05,2,9.818763732910156,False,"['PBMD', 'PBMD', 'PBMD', 'PBMD', 'TEXT']","[468502519163686354, 468502519163364223, 468502519163292143, 468502519163044365, 468502519162314482]","[0.8005982041358948, 0.7954924702644348, 0.8181250095367432, 0.7921190857887268, 0.7933825850486755]"
981,MEDQA,3.927844716145046e-07,5.539149015021394e-07,2.4579824753345747e-07,0.999995231628418,3.611978854678455e-06,3,6.9863128662109375,False,"['PBMD', 'PBMD', 'PBMD', 'PBMD', 'PBMD']","[468502519163721865, 468502519163715369, 468502519163964271, 468502519163908415, 468502519163021397]","[0.7751403450965881, 0.7866717576980591, 0.7832950353622437, 0.7704482674598694, 0.7739235162734985]"
982,MEDQA,1.5534719750576187e-06,0.9999818801879883,1.1365443697286537e-06,7.646457561349962e-06,7.76687102188589e-06,1,6.8008153438568115,False,"['PBMD', 'PBMD', 'PBMD', 'PBMD', 'PBMD']","[468502519163318854, 468502519163901811, 468502519163079680, 468502519163660755, 468502519163736541]","[0.7931503057479858, 0.7903580665588379, 0.813689112663269, 0.8000121712684631, 0.8207224607467651]"
983,MEDQA,5.6242522987304255e-05,0.0003888784849550575,0.06747530400753021,0.9314677715301514,0.000611791736446321,3,7.416963815689087,False,"['PBMD', 'PBMD', 'PBMD', 'PBMD', 'PBMD']","[468502519163746158, 468502519163817151, 468502519163577116, 468502519163891157, 468502519163738420]","[0.7946745157241821, 0.794977068901062, 0.8074811697006226, 0.8038554191589355, 0.7937544584274292]"
984,MEDQA,1.763854015734978e-05,2.054114520433359e-05,7.82705501478631e-06,6.579162436537445e-05,0.9998881816864014,3,4.738588571548462,False,"['PBMD', 'STAT', 'TEXT', 'TEXT', 'TEXT']","[468502519163815893, 468502519162989174, 468502519162396342, 468502519162392704, 468502519162361055]","[0.7435042262077332, 0.7588098049163818, 0.7484433650970459, 0.7604037523269653, 0.7405238747596741]"
985,MEDQA,8.139598321577068e-06,0.9999802112579346,2.5612380341044627e-06,3.6119247397436993e-06,5.594258709606947e-06,0,7.271665573120117,False,"['STAT', 'PBMD', 'PBMD', 'PBMD', 'PBMD']","[468502519162705681, 468502519163748996, 468502519163867052, 468502519163425865, 468502519163783249]","[0.7746655941009521, 0.7865722179412842, 0.7740297317504883, 0.7806981801986694, 0.7777723073959351]"
986,MEDQA,3.318832750665024e-05,6.497958383988589e-05,0.9991880059242249,0.00043376837857067585,0.00028006191132590175,3,8.404300451278687,False,"['PBMD', 'PBMD', 'TEXT', 'PBMD', 'PBMD']","[468502519163919815, 468502519163763449, 468502519162294199, 468502519163619047, 468502519163042824]","[0.7943373918533325, 0.798480749130249, 0.7980567216873169, 0.7967959642410278, 0.7959665060043335]"
987,MEDQA,2.8129616111982614e-06,0.9999773502349854,6.276566182350507e-07,1.3419889910437632e-05,5.682338724000147e-06,1,7.166476011276245,False,"['TEXT', 'PBMD', 'PBMD', 'PBMD', 'PBMD']","[468502519162306100, 468502519163695363, 468502519163577390, 468502519163996592, 468502519163242291]","[0.7656226754188538, 0.7812097072601318, 0.7684387564659119, 0.7720076441764832, 0.7697576880455017]"
988,MEDQA,0.33315885066986084,0.07913216203451157,0.0249000396579504,0.2594643831253052,0.30334457755088806,1,10.324331045150757,False,"['STAT', 'STAT', 'PBMD', 'PBMD', 'PBMD']","[468502519162427441, 468502519162447150, 468502519163401264, 468502519163696873, 468502519163499159]","[0.755825400352478, 0.7605434060096741, 0.7588599920272827, 0.75791335105896, 0.7524935007095337]"
989,MEDQA,1.8627992176334374e-05,1.921930925163906e-05,1.1657099094009027e-05,0.00017063198902178556,0.9997798800468445,1,8.955946922302246,False,"['TEXT', 'PBMD', 'TEXT', 'PBMD', 'TEXT']","[468502519162329132, 468502519163356056, 468502519162329136, 468502519163633427, 468502519162329177]","[0.8072068095207214, 0.7803951501846313, 0.7937338352203369, 0.7810083627700806, 0.7824946045875549]"
990,MEDQA,1.0029846180259483e-06,3.0415130822802894e-06,1.012978555081645e-05,1.6187350411200896e-05,0.9999696016311646,4,9.575741529464722,False,"['PBMD', 'TEXT', 'PBMD', 'PBMD', 'PBMD']","[468502519163253785, 468502519162417087, 468502519163756747, 468502519163076070, 468502519163164682]","[0.7954506874084473, 0.7792561054229736, 0.7962862849235535, 0.7842258214950562, 0.7791318893432617]"
991,MEDQA,2.9943339541205205e-06,3.288632569820038e-06,1.994656486203894e-06,0.999961256980896,3.0478890039375983e-05,3,8.06865930557251,False,"['TEXT', 'PBMD', 'PBMD', 'PBMD', 'PBMD']","[468502519162418284, 468502519163644166, 468502519163878350, 468502519163631795, 468502519163060890]","[0.7929525375366211, 0.7911266684532166, 0.7884524464607239, 0.794856071472168, 0.7917271852493286]"
992,MEDQA,6.643026154051768e-06,1.406328647135524e-05,3.2375523915106896e-06,4.4000131310895085e-05,0.999932050704956,4,4.645265817642212,False,"['TEXT', 'PBMD', 'PBMD', 'PBMD', 'PBMD']","[468502519162414277, 468502519163748487, 468502519163381769, 468502519163735478, 468502519163954416]","[0.7422194480895996, 0.7585018873214722, 0.7740060091018677, 0.7352044582366943, 0.736429750919342]"
993,MEDQA,0.9994237422943115,9.756893268786371e-05,4.3295949581079185e-05,0.000402835343265906,3.268149885116145e-05,0,7.131842613220215,False,"['TEXT', 'TEXT', 'PBMD', 'PBMD', 'TEXT']","[468502519162294486, 468502519162412554, 468502519163953636, 468502519163692458, 468502519162326798]","[0.7817370891571045, 0.7867814302444458, 0.7833067178726196, 0.7803153991699219, 0.783001184463501]"
994,MEDQA,7.825686043361202e-05,5.213030817685649e-05,1.2577022062032484e-05,0.982147216796875,0.01770976558327675,1,7.724746465682983,False,"['PBMD', 'PBMD', 'PBMD', 'PBMD', 'PBMD']","[468502519163758656, 468502519163867512, 468502519163676555, 468502519163741275, 468502519163557176]","[0.7670383453369141, 0.7739595770835876, 0.7756922245025635, 0.7747705578804016, 0.7653684616088867]"
995,MEDQA,6.785842856515956e-07,1.5055051107992767e-06,5.538443588193331e-07,0.9998679161071777,0.000129315274534747,3,7.698292970657349,False,"['PBMD', 'PBMD', 'PBMD', 'TEXT', 'TEXT']","[468502519163519347, 468502519163969020, 468502519163000721, 468502519162372069, 468502519162375597]","[0.7931356430053711, 0.7930461168289185, 0.7887752056121826, 0.7798824906349182, 0.7825177311897278]"
996,MEDQA,1.628035761314095e-06,1.3081635188427754e-06,1.2482583997552865e-06,0.9999886751174927,7.127330718503799e-06,3,6.542317628860474,False,"['STAT', 'TEXT', 'STAT', 'STAT', 'TEXT']","[468502519162438870, 468502519162323065, 468502519162489539, 468502519162481836, 468502519162336100]","[0.7580380439758301, 0.7503658533096313, 0.7522519826889038, 0.7779617309570312, 0.7398168444633484]"
997,MEDQA,2.090435373247601e-06,2.8572865176101914e-06,3.6119488413532963e-06,4.565930794342421e-06,0.9999868869781494,4,6.28374171257019,False,"['TEXT', 'PBMD', 'PBMD', 'TEXT', 'PBMD']","[468502519162367811, 468502519163390499, 468502519163321890, 468502519162329169, 468502519163988433]","[0.7802484035491943, 0.7928299903869629, 0.7817071676254272, 0.7893423438072205, 0.7771995663642883]"
998,MEDQA,5.421964942797786e-06,0.9999477863311768,3.966794793086592e-06,2.1111825844855048e-05,2.1781988834845833e-05,1,5.49579930305481,False,"['STAT', 'TEXT', 'PBMD', 'STAT', 'PBMD']","[468502519162868049, 468502519162415460, 468502519163305993, 468502519162835377, 468502519163687524]","[0.7622503042221069, 0.7376940250396729, 0.7475575804710388, 0.7425041198730469, 0.7314048409461975]"
999,MEDQA,6.6422535383026116e-06,1.129885367845418e-05,7.4099693847529124e-06,0.00015888726920820773,0.9998157620429993,4,7.212583065032959,False,"['STAT', 'STAT', 'STAT', 'STAT', 'STAT']","[468502519162717783, 468502519162906195, 468502519162758921, 468502519162705191, 468502519162842504]","[0.7785899043083191, 0.7807809114456177, 0.792038083076477, 0.7749563455581665, 0.7817429304122925]"
1000,MEDQA,2.8848782676504925e-05,2.467567173880525e-05,0.9996823072433472,6.707543070660904e-05,0.00019714566587936133,2,6.9000749588012695,False,"['PBMD', 'PBMD', 'PBMD', 'PBMD', 'PBMD']","[468502519163611319, 468502519163649834, 468502519163750628, 468502519163511321, 468502519163776672]","[0.7913490533828735, 0.7728536128997803, 0.7812753915786743, 0.7737616300582886, 0.7879526019096375]"
1001,MEDQA,1.3004825632378925e-05,9.31368995225057e-05,0.9998099207878113,4.683217775891535e-05,3.7047298974357545e-05,2,6.2118079662323,False,"['TEXT', 'PBMD', 'PBMD', 'STAT', 'PBMD']","[468502519162393788, 468502519163713121, 468502519163055672, 468502519162734193, 468502519163518726]","[0.7980367541313171, 0.7781175374984741, 0.7781018018722534, 0.7772799730300903, 0.7674176692962646]"
1002,MEDQA,1.9946976408391492e-06,0.9999818801879883,7.81134815497353e-07,1.1935951079067308e-05,3.393094857528922e-06,1,6.862212657928467,False,"['PBMD', 'PBMD', 'PBMD', 'PBMD', 'PBMD']","[468502519163490556, 468502519163314561, 468502519163903809, 468502519163970418, 468502519163699896]","[0.7777955532073975, 0.7670255303382874, 0.7726660370826721, 0.7842365503311157, 0.7753958702087402]"
1003,MEDQA,4.397369411890395e-05,4.982872269465588e-05,6.601232598768547e-05,0.0005089358892291784,0.9993312358856201,4,8.66008734703064,False,"['TEXT', 'PBMD', 'PBMD', 'TEXT', 'PBMD']","[468502519162329132, 468502519163934562, 468502519163181116, 468502519162394075, 468502519163285749]","[0.8214825391769409, 0.7859820127487183, 0.7969048619270325, 0.7823769450187683, 0.7997438907623291]"
1004,MEDQA,8.851398547449207e-07,1.9946935481129913e-06,9.13237215627305e-07,0.9999798536300659,1.6314477761625312e-05,3,6.98032021522522,False,"['PBMD', 'PBMD', 'PBMD', 'PBMD', 'TEXT']","[468502519163875774, 468502519163714107, 468502519163697588, 468502519163923180, 468502519162391888]","[0.7848617434501648, 0.7918468713760376, 0.7857897281646729, 0.7851486206054688, 0.7886308431625366]"
1005,MEDQA,9.570359225108405e-07,1.963710246855044e-06,1.1725849162758095e-06,4.58207905467134e-05,0.9999500513076782,4,6.952198505401611,False,"['PBMD', 'PBMD', 'PBMD', 'PBMD', 'STAT']","[468502519163180861, 468502519163837747, 468502519163910585, 468502519163634240, 468502519162749091]","[0.7708224058151245, 0.7791845798492432, 0.766939640045166, 0.7687147259712219, 0.7690409421920776]"
1006,MEDQA,7.713730155956e-05,0.00015340583922807127,0.9988271594047546,0.0004913464654237032,0.0004508848942350596,2,7.804506301879883,False,"['PBMD', 'PBMD', 'PBMD', 'PBMD', 'PBMD']","[468502519163909747, 468502519163860189, 468502519163513863, 468502519163399242, 468502519163992080]","[0.8043568134307861, 0.795865535736084, 0.7970496416091919, 0.7965475916862488, 0.7968267202377319]"
1007,MEDQA,1.0129784641321748e-05,0.999969482421875,1.045133831212297e-05,2.9943585104774684e-06,6.962092356843641e-06,1,7.352978706359863,False,"['PBMD', 'STAT', 'TEXT', 'PBMD', 'TEXT']","[468502519163845822, 468502519162722249, 468502519162386835, 468502519163620808, 468502519162371972]","[0.7790632247924805, 0.7770726084709167, 0.7805445194244385, 0.7804577350616455, 0.7774935960769653]"
1008,MEDQA,8.604586764704436e-05,0.0004473395529203117,0.9987456798553467,0.0001375009014736861,0.000583440822083503,4,9.344058275222778,False,"['PBMD', 'PBMD', 'PBMD', 'TEXT', 'PBMD']","[468502519163897558, 468502519163707510, 468502519163603369, 468502519162390969, 468502519163761648]","[0.7778580188751221, 0.7541229128837585, 0.7526838779449463, 0.7680416107177734, 0.7544472217559814]"
1009,MEDQA,1.4504443242913112e-05,3.21795123454649e-05,4.423605332704028e-06,0.9995695948600769,0.00037922392948530614,3,8.657868385314941,False,"['PBMD', 'PBMD', 'PBMD', 'PBMD', 'PBMD']","[468502519163204887, 468502519163261795, 468502519163365171, 468502519163751404, 468502519163040393]","[0.7849445939064026, 0.7896192669868469, 0.7761934399604797, 0.7828062772750854, 0.8005422949790955]"
1010,MEDQA,6.812771607656032e-05,6.300784298218787e-05,0.9996236562728882,0.00017809579730965197,6.707149441353977e-05,2,7.687595367431641,False,"['PBMD', 'TEXT', 'PBMD', 'PBMD', 'TEXT']","[468502519163891412, 468502519162295183, 468502519163875558, 468502519163753933, 468502519162307351]","[0.7780352830886841, 0.7699832916259766, 0.7688653469085693, 0.7723996043205261, 0.7861554026603699]"
1011,MEDQA,4.637825441022869e-06,1.994703779928386e-06,1.2878775805802434e-06,7.071838808769826e-06,0.9999849796295166,4,8.042834520339966,False,"['PBMD', 'TEXT', 'TEXT', 'PBMD', 'TEXT']","[468502519163746720, 468502519162355608, 468502519162346274, 468502519163863612, 468502519162417805]","[0.8023841381072998, 0.7899144887924194, 0.7924603223800659, 0.7918998003005981, 0.7899028062820435]"
1012,MEDQA,0.7358550429344177,0.025179574266076088,0.02853219583630562,0.08256065100431442,0.12787243723869324,0,8.573339462280273,False,"['PBMD', 'PBMD', 'PBMD', 'PBMD', 'PBMD']","[468502519163140863, 468502519163648017, 468502519163378497, 468502519163289199, 468502519163133554]","[0.8323842883110046, 0.808580219745636, 0.8068534135818481, 0.806918203830719, 0.8157296180725098]"
1013,MEDQA,6.615564984713274e-08,3.2562951446379884e-07,1.7982968358865037e-07,0.9999943971633911,5.014731868868694e-06,3,7.637869119644165,False,"['TEXT', 'PBMD', 'TEXT', 'PBMD', 'PBMD']","[468502519162393788, 468502519163404069, 468502519162393948, 468502519163869199, 468502519163956742]","[0.8057826161384583, 0.7831966280937195, 0.7851175665855408, 0.780671238899231, 0.7766169309616089]"
1014,MEDQA,1.4737505807715934e-05,7.368288788711652e-05,0.999885082244873,1.7776825188775547e-05,8.663732842251193e-06,2,5.075982570648193,False,"['PBMD', 'PBMD', 'TEXT', 'TEXT', 'TEXT']","[468502519163745547, 468502519163152074, 468502519162337339, 468502519162379436, 468502519162379707]","[0.79210364818573, 0.7920976877212524, 0.8118627071380615, 0.7925970554351807, 0.7932518720626831]"
1015,MEDQA,6.82559289089113e-08,1.5229955963036446e-08,6.82559289089113e-08,1.3709569657294196e-06,0.9999984502792358,0,10.342780113220215,False,"['STAT', 'PBMD', 'PBMD', 'PBMD', 'TEXT']","[468502519162833477, 468502519163793603, 468502519163541801, 468502519163619222, 468502519162388659]","[0.7849130630493164, 0.7917701601982117, 0.7828752398490906, 0.7818366885185242, 0.7826926708221436]"
1016,MEDQA,2.2471644115285017e-05,2.2471644115285017e-05,1.2605451047420502e-05,7.368168735411018e-05,0.9998687505722046,3,9.809005975723267,False,"['TEXT', 'PBMD', 'PBMD', 'PBMD', 'TEXT']","[468502519162308036, 468502519163188803, 468502519163121036, 468502519163469589, 468502519162406967]","[0.7695844769477844, 0.782024621963501, 0.7662373781204224, 0.7707253694534302, 0.7651405930519104]"
1017,MEDQA,9.422160474059638e-07,1.816168946788821e-06,8.851300776768767e-07,2.764336022664793e-05,0.9999687671661377,4,4.9035656452178955,False,"['PBMD', 'PBMD', 'PBMD', 'PBMD', 'PBMD']","[468502519163365177, 468502519163585168, 468502519163988673, 468502519163174152, 468502519163311405]","[0.7694349884986877, 0.7780080437660217, 0.7930848598480225, 0.7727743983268738, 0.7711237668991089]"
1018,MEDQA,8.66435766511131e-06,0.9999572038650513,1.1125254786747973e-05,1.241111931449268e-05,1.061579223460285e-05,1,6.867944002151489,False,"['PBMD', 'PBMD', 'STAT', 'TEXT', 'TEXT']","[468502519163751558, 468502519163866976, 468502519162792509, 468502519162361449, 468502519162357609]","[0.741358757019043, 0.7485593557357788, 0.7568456530570984, 0.7404943108558655, 0.7499759793281555]"
1019,MEDQA,0.9995755553245544,0.00019105972023680806,7.482006185455248e-05,8.88510185177438e-05,6.973996642045677e-05,0,10.57610273361206,False,"['PBMD', 'PBMD', 'PBMD', 'PBMD', 'TEXT']","[468502519163961437, 468502519163793205, 468502519163760569, 468502519163892682, 468502519162361375]","[0.7833301424980164, 0.7948637008666992, 0.7919626235961914, 0.7843337059020996, 0.7937189936637878]"
1020,MEDQA,0.0003913580731023103,0.0003603599325288087,0.0003250815498176962,0.0020326259545981884,0.9968906044960022,3,10.662964344024658,False,"['PBMD', 'PBMD', 'PBMD', 'PBMD', 'PBMD']","[468502519163455797, 468502519163355701, 468502519163189392, 468502519163443749, 468502519163325251]","[0.7977356314659119, 0.7919499278068542, 0.7874826788902283, 0.785283625125885, 0.7970843315124512]"
1021,MEDQA,5.203280011301104e-07,1.2878241477665142e-06,2.857162598957075e-06,0.9999434947967529,5.1845418056473136e-05,4,8.570512771606445,False,"['PBMD', 'PBMD', 'PBMD', 'PBMD', 'PBMD']","[468502519163729857, 468502519163739910, 468502519163347699, 468502519163001743, 468502519163148287]","[0.7810364961624146, 0.7713416218757629, 0.766666829586029, 0.7749765515327454, 0.7716308236122131]"
1022,MEDQA,0.9999305009841919,3.095791180385277e-05,9.42180008678406e-07,8.66412665345706e-06,2.8855944037786685e-05,0,8.738205671310425,False,"['PBMD', 'PBMD', 'PBMD', 'PBMD', 'TEXT']","[468502519163390411, 468502519163108833, 468502519163540509, 468502519163472502, 468502519162374753]","[0.7829365730285645, 0.7735424041748047, 0.7772347927093506, 0.776424765586853, 0.7734840512275696]"
1023,MEDQA,1.8921407900052145e-05,1.384319784847321e-05,0.999783456325531,0.0001088851859094575,7.48356178519316e-05,3,7.797489166259766,False,"['PBMD', 'STAT', 'PBMD', 'PBMD', 'PBMD']","[468502519163194822, 468502519162831492, 468502519163964530, 468502519163864337, 468502519163903375]","[0.7872490286827087, 0.7883563041687012, 0.7873258590698242, 0.79422926902771, 0.7925777435302734]"
1024,MEDQA,2.260247811136651e-06,5.954959760856582e-06,0.9999638795852661,2.50713164859917e-05,2.8129236397944624e-06,2,5.381569862365723,False,"['STAT', 'STAT', 'PBMD', 'TEXT', 'PBMD']","[468502519162984993, 468502519162874329, 468502519163088996, 468502519162319420, 468502519163347929]","[0.7512737512588501, 0.768896222114563, 0.7528709173202515, 0.7718652486801147, 0.7616522312164307]"
1025,MEDQA,7.889037078712136e-06,1.6964095266303048e-05,5.954957487119827e-06,0.9999635219573975,5.771742962679127e-06,3,4.999053716659546,False,"['PBMD', 'PBMD', 'PBMD', 'PBMD', 'PBMD']","[468502519163460293, 468502519163540256, 468502519163154491, 468502519163323046, 468502519163498677]","[0.7791166305541992, 0.7783074975013733, 0.779897153377533, 0.7756707072257996, 0.7831003069877625]"
1026,MEDQA,1.2217951734783128e-05,0.9998958110809326,2.902017968153814e-06,2.796717126329895e-05,6.108591333031654e-05,0,7.326323747634888,False,"['TEXT', 'PBMD', 'PBMD', 'PBMD', 'PBMD']","[468502519162362240, 468502519163643294, 468502519163974121, 468502519163267604, 468502519163213433]","[0.787640392780304, 0.760481059551239, 0.7686169147491455, 0.763706386089325, 0.7588632702827454]"
1027,MEDQA,0.0003859499702230096,0.9995723366737366,7.013909907982452e-06,2.895497345889453e-05,5.68003724765731e-06,1,3.6758577823638916,False,"['STAT', 'STAT', 'PBMD', 'PBMD', 'STAT']","[468502519162919990, 468502519162801225, 468502519163016002, 468502519163187656, 468502519162801186]","[0.8039112091064453, 0.7847691178321838, 0.7741749286651611, 0.7789340019226074, 0.7888059020042419]"
1028,MEDQA,6.893517365824664e-07,1.370939685330086e-06,1.1365488035153248e-06,1.0953087439702358e-05,0.9999858140945435,4,6.639928817749023,False,"['PBMD', 'PBMD', 'PBMD', 'PBMD', 'PBMD']","[468502519163436920, 468502519163096977, 468502519163513291, 468502519163833017, 468502519163357498]","[0.7581825852394104, 0.745220959186554, 0.7490569353103638, 0.7468072772026062, 0.7432908415794373]"
1029,MEDQA,1.5687337509007193e-06,1.2967610700798105e-06,1.2487204230637872e-06,3.327502327010734e-06,0.9999926090240479,0,10.651620864868164,False,"['TEXT', 'PBMD', 'PBMD', 'PBMD', 'PBMD']","[468502519162394075, 468502519163737781, 468502519163632800, 468502519163535018, 468502519163535025]","[0.8063299655914307, 0.7788017988204956, 0.7667309641838074, 0.7710764408111572, 0.7826324701309204]"
1030,MEDQA,5.167448762222193e-06,3.1835725167184137e-06,2.440929620206589e-06,0.9987442493438721,0.001244829618372023,0,9.932555437088013,False,"['TEXT', 'PBMD', 'PBMD', 'PBMD', 'PBMD']","[468502519162367785, 468502519163428430, 468502519163459223, 468502519163574494, 468502519163763851]","[0.7686876058578491, 0.7792810797691345, 0.7741719484329224, 0.7719377279281616, 0.7781186103820801]"
1031,MEDQA,6.475911504821852e-07,1.28788872189034e-06,1.3496958217729116e-06,3.0894843803253025e-06,0.9999936819076538,4,4.941143989562988,False,"['PBMD', 'PBMD', 'PBMD', 'PBMD', 'PBMD']","[468502519163805705, 468502519163830194, 468502519163104867, 468502519163031289, 468502519163854369]","[0.8178961277008057, 0.818884015083313, 0.81900954246521, 0.8143143653869629, 0.8093010187149048]"
1032,MEDQA,1.5684794561821036e-05,0.0002715793380048126,0.9996812343597412,1.6182682884391397e-05,1.5202223949017935e-05,2,6.220019102096558,False,"['PBMD', 'TEXT', 'PBMD', 'PBMD', 'PBMD']","[468502519163663338, 468502519162392467, 468502519163959866, 468502519163542125, 468502519163955446]","[0.7921929359436035, 0.7825073003768921, 0.7722208499908447, 0.7746468186378479, 0.7737172842025757]"
1033,MEDQA,4.860141871176893e-06,0.999932050704956,2.0579134343279293e-06,2.373628922214266e-05,3.7342422729125246e-05,1,6.158105373382568,False,"['TEXT', 'TEXT', 'TEXT', 'PBMD', 'PBMD']","[468502519162361522, 468502519162357688, 468502519162396374, 468502519163737959, 468502519163387293]","[0.7518924474716187, 0.7527740001678467, 0.7515589594841003, 0.7634451389312744, 0.7505437731742859]"
1034,MEDQA,1.3629631212097593e-05,1.6962349036475644e-05,0.9998606443405151,5.224771666689776e-05,5.6493252486689016e-05,1,6.025503635406494,False,"['PBMD', 'STAT', 'PBMD', 'STAT', 'PBMD']","[468502519163057879, 468502519162422725, 468502519163228675, 468502519162731833, 468502519163514516]","[0.7532697319984436, 0.7606171369552612, 0.7522457838058472, 0.7796874046325684, 0.7657851576805115]"
1035,MEDQA,0.9999254941940308,5.266091466182843e-05,1.7602151274331845e-06,1.1124902812298387e-05,8.939110557548702e-06,1,5.828906059265137,False,"['STAT', 'PBMD', 'PBMD', 'PBMD', 'PBMD']","[468502519162487528, 468502519163499138, 468502519163350134, 468502519163028186, 468502519163185333]","[0.7826660871505737, 0.7857404351234436, 0.7861013412475586, 0.7904977798461914, 0.7878101468086243]"
1036,MEDQA,4.611086114891805e-05,0.9999129772186279,4.02912201025174e-06,1.805727333703544e-05,1.8776594515657052e-05,1,3.4426863193511963,False,"['STAT', 'STAT', 'PBMD', 'PBMD', 'STAT']","[468502519162968961, 468502519162926750, 468502519163372861, 468502519163969643, 468502519162820946]","[0.7546213865280151, 0.7481077313423157, 0.7471461892127991, 0.7504070401191711, 0.7627257704734802]"
1037,MEDQA,4.425448423717171e-06,3.5559478419600055e-06,1.5056829170134733e-06,0.9999860525131226,4.425448423717171e-06,0,6.748148202896118,False,"['PBMD', 'PBMD', 'PBMD', 'TEXT', 'PBMD']","[468502519163257464, 468502519163636208, 468502519163598588, 468502519162295183, 468502519163727598]","[0.7717745900154114, 0.7712491154670715, 0.7669203281402588, 0.7671137452125549, 0.7665292024612427]"
1038,MEDQA,0.99997878074646,1.6832336768857203e-05,2.7852132689076825e-07,2.406057092230185e-06,1.7603089190743049e-06,0,7.787565469741821,False,"['PBMD', 'PBMD', 'PBMD', 'PBMD', 'PBMD']","[468502519163734537, 468502519163360956, 468502519163514387, 468502519163758492, 468502519163109254]","[0.7699379920959473, 0.76512610912323, 0.7705867290496826, 0.7684253454208374, 0.7849487066268921]"
1039,MEDQA,2.9941493266960606e-06,0.9998996257781982,1.8736908486971515e-06,1.1299801371933427e-05,8.414973126491532e-05,1,8.575032949447632,False,"['STAT', 'STAT', 'TEXT', 'PBMD', 'PBMD']","[468502519162985113, 468502519162910462, 468502519162361422, 468502519163776555, 468502519163140544]","[0.7812989354133606, 0.7642923593521118, 0.763688325881958, 0.7702374458312988, 0.7827548980712891]"
1040,MEDQA,4.494919721764745e-06,0.9999372959136963,1.0129459042218514e-05,3.975101571995765e-05,8.397615602007136e-06,1,5.533623933792114,False,"['PBMD', 'TEXT', 'PBMD', 'STAT', 'TEXT']","[468502519163959022, 468502519162329132, 468502519163673222, 468502519162928434, 468502519162295183]","[0.8075500726699829, 0.8284277319908142, 0.8000593185424805, 0.794813871383667, 0.7948939204216003]"
1041,MEDQA,0.1324019879102707,0.003473690478131175,0.863369345664978,0.00020537711679935455,0.0005496176891028881,3,10.544479131698608,False,"['PBMD', 'PBMD', 'PBMD', 'PBMD', 'PBMD']","[468502519163244653, 468502519163500922, 468502519163041438, 468502519163065082, 468502519163041487]","[0.8054704666137695, 0.829491913318634, 0.8049697279930115, 0.8042325973510742, 0.8138066530227661]"
1042,MEDQA,6.68147094984306e-07,1.1726347111107316e-06,8.579178825129929e-07,4.8604356379655655e-06,0.9999924898147583,4,4.601696491241455,False,"['PBMD', 'PBMD', 'PBMD', 'PBMD', 'PBMD']","[468502519163711258, 468502519163492162, 468502519163706918, 468502519163300045, 468502519163923517]","[0.7458086609840393, 0.7589983940124512, 0.7509080767631531, 0.7470477819442749, 0.7644999623298645]"
1043,MEDQA,1.8915594409918413e-05,0.00044072637683711946,1.12950165203074e-05,5.284327198751271e-05,0.9994762539863586,4,6.638937473297119,False,"['STAT', 'PBMD', 'PBMD', 'PBMD', 'TEXT']","[468502519162815530, 468502519163625760, 468502519163459952, 468502519163676220, 468502519162307055]","[0.8043498992919922, 0.8044089674949646, 0.8234714865684509, 0.8211217522621155, 0.7983161211013794]"
1044,MEDQA,5.862524631083943e-06,0.999944806098938,4.9367408792022616e-06,1.805784813768696e-05,2.6480081942281686e-05,1,4.345840930938721,False,"['PBMD', 'PBMD', 'PBMD', 'TEXT', 'PBMD']","[468502519163631177, 468502519163065431, 468502519163989451, 468502519162308803, 468502519163825606]","[0.7624412775039673, 0.7528128027915955, 0.7693881392478943, 0.7498668432235718, 0.7537980675697327]"
1045,MEDQA,0.2,0.2,0.2,0.2,0.2,0,10.467288255691528,True,"['PBMD', 'PBMD', 'PBMD', 'PBMD', 'PBMD']","[468502519163700543, 468502519163644764, 468502519163628943, 468502519163906239, 468502519163490799]","[0.7521001100540161, 0.7474124431610107, 0.7592377066612244, 0.756731390953064, 0.7484833002090454]"
1046,MEDQA,0.2,0.2,0.2,0.2,0.2,1,10.355751276016235,True,"['STAT', 'STAT', 'PBMD', 'PBMD', 'PBMD']","[468502519162939267, 468502519162487934, 468502519163748219, 468502519163668200, 468502519163455979]","[0.752862274646759, 0.7509921193122864, 0.7490894794464111, 0.7448872923851013, 0.7604811191558838]"
1047,MEDQA,2.0145116650382988e-05,0.9999513626098633,1.760260715855111e-06,4.9367731662641745e-06,2.1782067051390186e-05,1,7.440410375595093,False,"['PBMD', 'PBMD', 'PBMD', 'PBMD', 'PBMD']","[468502519163582365, 468502519163145952, 468502519163328737, 468502519163814088, 468502519163981386]","[0.7986915707588196, 0.7928695678710938, 0.790126383304596, 0.7863553762435913, 0.7901794910430908]"
1048,MEDQA,3.8816247979411855e-05,0.0001313136745011434,0.9995784163475037,0.00021314312471076846,3.821445716312155e-05,1,6.629279851913452,False,"['TEXT', 'TEXT', 'TEXT', 'TEXT', 'TEXT']","[468502519162377117, 468502519162379544, 468502519162379542, 468502519162377703, 468502519162371720]","[0.7632764577865601, 0.773024320602417, 0.7641605734825134, 0.7602797150611877, 0.766865611076355]"
1049,MEDQA,5.860799774382031e-06,7.886567800596822e-06,4.493630967772333e-06,0.9996505975723267,0.00033111500670202076,2,5.867634057998657,False,"['PBMD', 'PBMD', 'PBMD', 'PBMD', 'PBMD']","[468502519163130493, 468502519163124849, 468502519163695557, 468502519163034824, 468502519163752837]","[0.7699183821678162, 0.7732108235359192, 0.7653246521949768, 0.7610304355621338, 0.7643647193908691]"
1050,MEDQA,1.982794674404431e-05,2.3917069484014064e-05,1.5932202586554922e-05,0.9997069239616394,0.0002333231532247737,3,5.389130592346191,False,"['STAT', 'STAT', 'PBMD', 'PBMD', 'PBMD']","[468502519162984899, 468502519162984901, 468502519163466999, 468502519163326772, 468502519163488947]","[0.7890310287475586, 0.7970809936523438, 0.7857977151870728, 0.7788827419281006, 0.7843416929244995]"
1051,MEDQA,9.665413017501123e-06,0.9999183416366577,7.295836894627428e-06,4.281271685613319e-05,2.1952178940409794e-05,3,9.612136840820312,False,"['PBMD', 'PBMD', 'PBMD', 'PBMD', 'PBMD']","[468502519163991808, 468502519163327300, 468502519163378611, 468502519163509736, 468502519163517919]","[0.7929145097732544, 0.7858463525772095, 0.7942966818809509, 0.7902239561080933, 0.7880370020866394]"
1052,MEDQA,0.9998966455459595,3.5353845305508e-05,1.2217961739224847e-05,3.705051130964421e-05,1.8630167687661014e-05,1,5.830945014953613,False,"['PBMD', 'TEXT', 'PBMD', 'PBMD', 'PBMD']","[468502519163163814, 468502519162417066, 468502519163302522, 468502519163146426, 468502519163870275]","[0.7757626175880432, 0.7840374708175659, 0.7797860503196716, 0.7921908497810364, 0.7793482542037964]"
1053,MEDQA,2.505627526261378e-05,0.9993639588356018,2.4285374820465222e-05,0.00025956702302210033,0.00032716357964091003,1,7.165465593338013,False,"['TEXT', 'PBMD', 'PBMD', 'PBMD', 'PBMD']","[468502519162329132, 468502519163887889, 468502519163090841, 468502519163061037, 468502519163069164]","[0.7697607278823853, 0.7768969535827637, 0.7765299081802368, 0.7716994881629944, 0.7673544883728027]"
1054,MEDQA,6.083532753109466e-07,6.276644626268535e-07,2.699551089335728e-07,0.9999898672103882,8.5303081505117e-06,0,7.335582494735718,False,"['PBMD', 'PBMD', 'TEXT', 'STAT', 'STAT']","[468502519163647681, 468502519163636922, 468502519162359896, 468502519162696606, 468502519162831509]","[0.7692918181419373, 0.7515118718147278, 0.7493078112602234, 0.7538620233535767, 0.7514132261276245]"
1055,MEDQA,1.2022206647088751e-05,3.533523340593092e-05,0.9993701577186584,2.751910506049171e-05,0.0005548993940465152,2,5.6686272621154785,False,"['STAT', 'PBMD', 'TEXT', 'PBMD', 'PBMD']","[468502519162829778, 468502519163538851, 468502519162380678, 468502519163946363, 468502519163014136]","[0.7641177177429199, 0.76507169008255, 0.760728120803833, 0.7741451859474182, 0.773970365524292]"
1056,MEDQA,2.785255901471828e-07,5.368721076592919e-07,3.806993049693119e-07,0.9999940395355225,4.822618848265847e-06,3,5.533158540725708,False,"['PBMD', 'PBMD', 'PBMD', 'STAT', 'PBMD']","[468502519163918411, 468502519163364439, 468502519163283526, 468502519162916229, 468502519163742474]","[0.7735306024551392, 0.7474160194396973, 0.749965488910675, 0.7704470753669739, 0.7506902813911438]"
1057,MEDQA,6.961595317989122e-06,0.9998980760574341,1.6026501725718845e-06,2.840765409928281e-05,6.502576434286311e-05,1,8.229192018508911,False,"['PBMD', 'PBMD', 'PBMD', 'PBMD', 'PBMD']","[468502519163860941, 468502519163775659, 468502519163780832, 468502519163860667, 468502519163992216]","[0.8178447484970093, 0.8128249645233154, 0.8193666338920593, 0.8215377330780029, 0.8081597089767456]"
1058,MEDQA,0.4856986999511719,0.026558198034763336,0.015858624130487442,0.4562717080116272,0.015612759627401829,3,9.08803129196167,False,"['PBMD', 'PBMD', 'PBMD', 'PBMD', 'PBMD']","[468502519163611534, 468502519163701322, 468502519163686497, 468502519163883414, 468502519163983763]","[0.7479394674301147, 0.7565932273864746, 0.7484186887741089, 0.7499418258666992, 0.7501199245452881]"
1059,MEDQA,0.9999921321868896,2.902297637774609e-06,1.9142727580856445e-07,2.3320615127886413e-06,2.3320615127886413e-06,0,3.2133092880249023,False,"['STAT', 'TEXT', 'STAT', 'STAT', 'PBMD']","[468502519162712603, 468502519162392601, 468502519162782444, 468502519162975308, 468502519163721632]","[0.7747370004653931, 0.7695701122283936, 0.7650536894798279, 0.7683766484260559, 0.7719177603721619]"
1060,MEDQA,4.608456583810039e-05,6.49896464892663e-05,1.6690722986822948e-05,0.0005294741131365299,0.9993427395820618,3,9.249674320220947,False,"['PBMD', 'PBMD', 'PBMD', 'PBMD', 'PBMD']","[468502519163168687, 468502519163677704, 468502519163261540, 468502519163214479, 468502519163964051]","[0.7964414358139038, 0.8048718571662903, 0.7999630570411682, 0.8012701869010925, 0.808192789554596]"
1061,MEDQA,3.5007917631446617e-06,6.438941909436835e-06,3.0415408218686935e-06,8.397963028983213e-06,0.9999786615371704,4,8.308638334274292,False,"['PBMD', 'TEXT', 'TEXT', 'PBMD', 'TEXT']","[468502519163816676, 468502519162394177, 468502519162394075, 468502519163270812, 468502519162389266]","[0.83030104637146, 0.7784057855606079, 0.8050895929336548, 0.7811775207519531, 0.779569149017334]"
1062,MEDQA,4.984878614777699e-05,0.9997336268424988,1.1840123988804407e-05,0.00016995890473481268,3.480006125755608e-05,1,7.126458406448364,False,"['PBMD', 'PBMD', 'PBMD', 'PBMD', 'PBMD']","[468502519163846160, 468502519163820859, 468502519163769157, 468502519163812697, 468502519163674617]","[0.7612702250480652, 0.7760931253433228, 0.7595576047897339, 0.7727001309394836, 0.7676228880882263]"
1063,MEDQA,4.888275384473673e-07,6.893573072375148e-07,1.2751827682677686e-07,0.9999939203262329,4.785088094649836e-06,3,7.391852140426636,False,"['PBMD', 'PBMD', 'PBMD', 'PBMD', 'PBMD']","[468502519163656940, 468502519163883084, 468502519163581184, 468502519163816093, 468502519163607317]","[0.7935850024223328, 0.7914789319038391, 0.7700285911560059, 0.7694433331489563, 0.7754835486412048]"
1064,MEDQA,1.0030076964540058e-06,1.5779525028847274e-06,1.5056928077683551e-06,3.340525609019096e-06,0.9999926090240479,4,5.862875699996948,False,"['PBMD', 'PBMD', 'PBMD', 'PBMD', 'PBMD']","[468502519163944165, 468502519163495875, 468502519163571873, 468502519163758449, 468502519163644215]","[0.7752395272254944, 0.8043617010116577, 0.7765175700187683, 0.7898246049880981, 0.7873759269714355]"
1065,MEDQA,8.401367085753009e-05,0.00015452477964572608,0.9982829093933105,0.0006099648308008909,0.0008686297805979848,0,7.818239688873291,False,"['STAT', 'STAT', 'STAT', 'STAT', 'STAT']","[468502519162442432, 468502519162449693, 468502519162805700, 468502519162893258, 468502519162483790]","[0.8281015753746033, 0.764557957649231, 0.7736518383026123, 0.7712899446487427, 0.769813060760498]"
1066,MEDQA,0.9999816417694092,2.726427737798076e-06,3.2886994176806184e-06,6.339134415611625e-06,5.955065716989338e-06,0,8.007586240768433,False,"['PBMD', 'PBMD', 'PBMD', 'PBMD', 'PBMD']","[468502519163037080, 468502519163717262, 468502519163614062, 468502519163651668, 468502519163332356]","[0.7716330289840698, 0.777315616607666, 0.7696489691734314, 0.7733622193336487, 0.7708231806755066]"
1067,MEDQA,5.952972060185857e-06,2.7526262783794664e-05,0.9996300935745239,8.661523679620586e-06,0.0003277304058428854,2,8.007343530654907,False,"['STAT', 'STAT', 'STAT', 'TEXT', 'PBMD']","[468502519162981734, 468502519162749495, 468502519162756295, 468502519162374397, 468502519163868060]","[0.7891974449157715, 0.7894864082336426, 0.7959122657775879, 0.784734845161438, 0.7913771867752075]"
1068,MEDQA,6.14401096754591e-06,0.9999672174453735,9.72123757492227e-07,6.747875886503607e-06,1.8777613149723038e-05,1,8.964210033416748,False,"['PBMD', 'PBMD', 'PBMD', 'PBMD', 'PBMD']","[468502519163718645, 468502519163958165, 468502519163171127, 468502519163133895, 468502519163726142]","[0.8212547898292542, 0.8188189268112183, 0.8171088695526123, 0.8146449327468872, 0.8153036236763]"
1069,MEDQA,4.93641709908843e-06,0.9998792409896851,2.0578047497110674e-06,2.8407119316398166e-05,8.547314791940153e-05,1,7.771622657775879,False,"['TEXT', 'TEXT', 'PBMD', 'PBMD', 'PBMD']","[468502519162311607, 468502519162332354, 468502519163953433, 468502519163906955, 468502519163118631]","[0.8057729005813599, 0.8073990941047668, 0.8062953948974609, 0.8226654529571533, 0.8271293640136719]"
1070,MEDQA,8.31524175737286e-07,1.4367449239216512e-06,1.5056956499392982e-06,1.6536832845304161e-06,0.9999945163726807,4,3.9040985107421875,False,"['PBMD', 'STAT', 'STAT', 'STAT', 'STAT']","[468502519163046724, 468502519162934414, 468502519162857145, 468502519162807128, 468502519162855536]","[0.7963308691978455, 0.8095405697822571, 0.8043259382247925, 0.7859898209571838, 0.8172908425331116]"
1071,MEDQA,0.9999535083770752,2.282745663251262e-05,2.4059963834588416e-06,1.777804209268652e-05,3.611828105931636e-06,0,6.83440089225769,False,"['PBMD', 'PBMD', 'PBMD', 'PBMD', 'PBMD']","[468502519163863336, 468502519163982000, 468502519163234223, 468502519163757488, 468502519163276189]","[0.7820663452148438, 0.7932520508766174, 0.7747304439544678, 0.7867587804794312, 0.7678303718566895]"
1072,MEDQA,8.57918678320857e-07,1.6536815792278503e-06,7.571105697934399e-07,0.9999934434890747,3.288738298579119e-06,3,7.817607879638672,False,"['PBMD', 'PBMD', 'PBMD', 'PBMD', 'PBMD']","[468502519163591116, 468502519163473732, 468502519163799914, 468502519163980255, 468502519163643256]","[0.7728533148765564, 0.774819016456604, 0.7713772058486938, 0.7739992737770081, 0.7851470708847046]"
1073,MEDQA,0.00028140682843513787,0.9889037013053894,0.0001950200239662081,0.00013721371942665428,0.010482653975486755,4,10.239051342010498,False,"['PBMD', 'PBMD', 'PBMD', 'PBMD', 'TEXT']","[468502519163646197, 468502519163103471, 468502519163548119, 468502519163800061, 468502519162352507]","[0.7967673540115356, 0.7981817722320557, 0.8064415454864502, 0.7965773344039917, 0.8229771852493286]"
1074,MEDQA,0.9999524354934692,2.3552052880404517e-05,1.5056323263706872e-06,2.014513847825583e-05,2.2602218905376503e-06,2,6.910146236419678,False,"['PBMD', 'PBMD', 'PBMD', 'TEXT', 'PBMD']","[468502519163592078, 468502519163626345, 468502519163577185, 468502519162419201, 468502519163283903]","[0.7782732844352722, 0.7859965562820435, 0.7799286246299744, 0.7804380655288696, 0.7880341410636902]"
1075,MEDQA,1.2877322888016351e-06,0.9998722076416016,3.169021147186868e-05,3.1198898795992136e-05,6.351780029945076e-05,4,7.423689842224121,False,"['PBMD', 'TEXT', 'PBMD', 'TEXT', 'PBMD']","[468502519163702947, 468502519162368938, 468502519163915375, 468502519162369856, 468502519163636313]","[0.7881473302841187, 0.8007157444953918, 0.7882574796676636, 0.7991045117378235, 0.7923231720924377]"
1076,MEDQA,2.0768153262906708e-05,0.9991605281829834,2.9287790312082507e-05,0.00010713028314057738,0.0006823947187513113,1,7.548467636108398,False,"['STAT', 'TEXT', 'TEXT', 'PBMD', 'STAT']","[468502519162438946, 468502519162308364, 468502519162306287, 468502519163607447, 468502519162868049]","[0.753409743309021, 0.7891727685928345, 0.7861108779907227, 0.756278932094574, 0.7558569312095642]"
1077,MEDQA,0.0002318627230124548,0.00044344906928017735,0.9978247880935669,0.0009587008389644325,0.0005412069149315357,0,6.5442821979522705,False,"['PBMD', 'PBMD', 'PBMD', 'PBMD', 'TEXT']","[468502519163880861, 468502519163328407, 468502519163157439, 468502519163899266, 468502519162391331]","[0.7814273834228516, 0.7744715213775635, 0.7694109082221985, 0.7924129962921143, 0.771496057510376]"
1078,MEDQA,1.459293343941681e-06,0.9999417066574097,1.933249450303265e-06,1.7230864614248276e-05,3.763566928682849e-05,1,7.9796462059021,False,"['STAT', 'PBMD', 'STAT', 'TEXT', 'PBMD']","[468502519162823237, 468502519163314619, 468502519162863958, 468502519162343628, 468502519163521923]","[0.8119857311248779, 0.7901625633239746, 0.820035457611084, 0.7902220487594604, 0.7916184067726135]"
1079,MEDQA,0.9999548196792603,2.3186967155197635e-05,7.8889679571148e-06,7.8889679571148e-06,6.143935024738312e-06,4,7.25339674949646,False,"['TEXT', 'PBMD', 'PBMD', 'PBMD', 'PBMD']","[468502519162356049, 468502519163218352, 468502519163434888, 468502519163655002, 468502519163246688]","[0.7964397072792053, 0.7835098505020142, 0.7829424738883972, 0.7844017744064331, 0.7833712100982666]"
1080,MEDQA,0.2,0.2,0.2,0.2,0.2,3,10.204957723617554,True,"['STAT', 'PBMD', 'PBMD', 'PBMD', 'PBMD']","[468502519162477691, 468502519163373889, 468502519163297600, 468502519163031627, 468502519163728009]","[0.7562084197998047, 0.7513247728347778, 0.7595090866088867, 0.7757835984230042, 0.7572349309921265]"
1081,MEDQA,2.026120228038053e-06,1.933337671289337e-06,1.051137360263965e-06,7.766912858642172e-06,0.9999872446060181,4,6.289574861526489,False,"['PBMD', 'PBMD', 'TEXT', 'PBMD', 'TEXT']","[468502519163042305, 468502519163351193, 468502519162384616, 468502519163990812, 468502519162306528]","[0.8263117074966431, 0.8032996654510498, 0.8052121996879578, 0.8151634931564331, 0.7958858609199524]"
1082,MEDQA,2.1907419522904092e-06,6.6433431129553355e-06,0.9999797344207764,4.22276571043767e-06,7.296284820768051e-06,2,7.968534231185913,False,"['TEXT', 'PBMD', 'PBMD', 'PBMD', 'PBMD']","[468502519162385557, 468502519163616086, 468502519163678198, 468502519163034430, 468502519163323522]","[0.8044410347938538, 0.8162828087806702, 0.8001711368560791, 0.8148659467697144, 0.8108880519866943]"
1083,MEDQA,0.9999397993087769,1.8630971680977382e-05,3.7264287584548583e-06,2.3551754566142336e-05,1.4284861208579969e-05,0,8.066895723342896,False,"['STAT', 'STAT', 'PBMD', 'STAT', 'STAT']","[468502519162940989, 468502519162941003, 468502519163734557, 468502519162457026, 468502519162716410]","[0.7758215665817261, 0.775184154510498, 0.7771082520484924, 0.769453227519989, 0.7688001990318298]"
1084,MEDQA,1.2605847587110475e-05,0.999900221824646,1.6963020243565552e-05,3.619236667873338e-05,3.399958222871646e-05,3,7.374207973480225,False,"['PBMD', 'PBMD', 'PBMD', 'PBMD', 'PBMD']","[468502519163227048, 468502519163138780, 468502519163699310, 468502519163944311, 468502519163219048]","[0.7775943279266357, 0.7773681879043579, 0.7741976976394653, 0.8004387021064758, 0.7780129313468933]"
1085,MEDQA,0.9291279911994934,0.0020166425965726376,0.04345589503645897,0.001022983225993812,0.02437654882669449,0,8.670555591583252,False,"['PBMD', 'PBMD', 'PBMD', 'PBMD', 'PBMD']","[468502519163058379, 468502519163809587, 468502519163110234, 468502519163800258, 468502519163811621]","[0.7857768535614014, 0.7957258224487305, 0.7883148193359375, 0.7800130844116211, 0.782569408416748]"
1086,MEDQA,3.0893872917658882e-06,0.9999622106552124,1.4593232435800019e-06,3.0241730200941674e-05,2.994336682604626e-06,1,8.174108505249023,False,"['TEXT', 'PBMD', 'PBMD', 'PBMD', 'PBMD']","[468502519162374805, 468502519163741018, 468502519163368917, 468502519163638845, 468502519163124174]","[0.7881819009780884, 0.7785330414772034, 0.7831377387046814, 0.7803131341934204, 0.7858664393424988]"
1087,MEDQA,6.286163256596922e-10,9.736200734522527e-10,1.0364131775020269e-09,3.6534821390432626e-08,1.0,3,10.723069667816162,False,"['PBMD', 'STAT', 'PBMD', 'STAT', 'PBMD']","[468502519163475866, 468502519162794416, 468502519163755499, 468502519162807672, 468502519163978765]","[0.7938750386238098, 0.7838882207870483, 0.7796672582626343, 0.7814432978630066, 0.7895759344100952]"
1088,MEDQA,8.744664955884218e-05,0.9992685914039612,0.00011767232354031876,0.00013127297279424965,0.0003949824604205787,1,5.768045902252197,False,"['STAT', 'TEXT', 'PBMD', 'STAT', 'PBMD']","[468502519162474885, 468502519162352292, 468502519163978496, 468502519162868985, 468502519163332428]","[0.7955155968666077, 0.7955795526504517, 0.7980802655220032, 0.8237046003341675, 0.802528977394104]"
1089,MEDQA,3.4806409530574456e-05,0.9999159574508667,1.5055774156280677e-06,2.2826598069514148e-05,2.4875018425518647e-05,1,6.025018930435181,False,"['PBMD', 'TEXT', 'PBMD', 'STAT', 'STAT']","[468502519163611801, 468502519162318855, 468502519163970329, 468502519162986212, 468502519162712922]","[0.778370201587677, 0.7750264406204224, 0.7772259712219238, 0.7732570171356201, 0.7854459285736084]"
1090,MEDQA,1.9939975572924595e-06,1.0779448530229274e-05,0.9996309280395508,0.00026735541177913547,8.885593706509098e-05,3,6.185618877410889,False,"['PBMD', 'PBMD', 'TEXT', 'STAT', 'PBMD']","[468502519163282779, 468502519163239674, 468502519162308021, 468502519162421717, 468502519163831273]","[0.7455809116363525, 0.7405644655227661, 0.7455024123191833, 0.7443380951881409, 0.7478858232498169]"
1091,MEDQA,1.994641024793964e-06,6.961980943742674e-06,1.653615527175134e-06,3.5912631574319676e-05,0.9999535083770752,3,9.29599404335022,False,"['TEXT', 'TEXT', 'TEXT', 'STAT', 'TEXT']","[468502519162391082, 468502519162391174, 468502519162390966, 468502519162888552, 468502519162390647]","[0.7845395803451538, 0.7923058271408081, 0.7921972274780273, 0.7830796241760254, 0.7835819721221924]"
1092,MEDQA,1.6182742911041714e-05,3.4798365959431976e-05,0.9996849298477173,0.00016343990864697844,0.00010069240670418367,2,6.359479188919067,False,"['PBMD', 'PBMD', 'PBMD', 'PBMD', 'PBMD']","[468502519163728975, 468502519163920687, 468502519163786461, 468502519163770622, 468502519163746608]","[0.7735332250595093, 0.7670953273773193, 0.7940815687179565, 0.7756844758987427, 0.7803940176963806]"
1093,MEDQA,2.812819730024785e-06,1.9332210285938345e-06,7.337679335250868e-07,0.9999269247055054,6.7618049797602e-05,1,7.130990266799927,False,"['PBMD', 'PBMD', 'PBMD', 'PBMD', 'PBMD']","[468502519163767180, 468502519163635429, 468502519163783417, 468502519163406828, 468502519163731115]","[0.772158145904541, 0.7546923160552979, 0.7694425582885742, 0.7535161972045898, 0.7677348256111145]"
1094,MEDQA,5.063722710474394e-05,7.140993693610653e-05,0.9998014569282532,3.882491000695154e-05,3.76303905795794e-05,2,6.529567718505859,False,"['PBMD', 'PBMD', 'PBMD', 'PBMD', 'PBMD']","[468502519163611176, 468502519163962039, 468502519163341988, 468502519163077640, 468502519163411043]","[0.8017191290855408, 0.8095885515213013, 0.8066996932029724, 0.8105306029319763, 0.8067708611488342]"
1095,MEDQA,1.428357427357696e-05,0.9998496770858765,1.6534437463633367e-06,2.7965881599811837e-05,0.00010636990919010714,3,4.304473161697388,False,"['PBMD', 'STAT', 'PBMD', 'PBMD', 'PBMD']","[468502519163051477, 468502519162838570, 468502519163309505, 468502519163066752, 468502519163066963]","[0.7473846673965454, 0.742082953453064, 0.7493852376937866, 0.7399787902832031, 0.750149667263031]"
1096,MEDQA,4.157317107456038e-06,3.6119397464062786e-06,2.9944030757178552e-06,0.9999843835830688,4.936935965815792e-06,3,7.6324381828308105,False,"['PBMD', 'TEXT', 'STAT', 'STAT', 'TEXT']","[468502519163402772, 468502519162306958, 468502519162752042, 468502519162444227, 468502519162324077]","[0.8086787462234497, 0.7951546907424927, 0.7928085327148438, 0.8124537467956543, 0.7911151647567749]"
1097,MEDQA,0.0001725636248011142,0.00021142938931006938,0.9993182420730591,9.604612569091842e-05,0.0002017473307205364,2,7.169178009033203,False,"['PBMD', 'TEXT', 'PBMD', 'STAT', 'PBMD']","[468502519163391183, 468502519162414204, 468502519163906520, 468502519162844597, 468502519163512385]","[0.7905429601669312, 0.7949288487434387, 0.7941324710845947, 0.7862418293952942, 0.8077676296234131]"
1098,MEDQA,0.0006782547570765018,0.9950403571128845,0.00010340605513192713,0.0004170452884864062,0.003760900115594268,4,10.230724573135376,False,"['PBMD', 'PBMD', 'PBMD', 'PBMD', 'PBMD']","[468502519162999385, 468502519163962886, 468502519163969020, 468502519163710412, 468502519163117077]","[0.7467771172523499, 0.7531378269195557, 0.7467782497406006, 0.7479560375213623, 0.749354362487793]"
1099,MEDQA,0.9999945163726807,2.0904515167785576e-06,5.043448823016661e-07,1.78805794348591e-06,1.0348485375288874e-06,0,4.542808532714844,False,"['PBMD', 'PBMD', 'PBMD', 'PBMD', 'PBMD']","[468502519163345635, 468502519163557144, 468502519163251154, 468502519163804601, 468502519163548123]","[0.778630256652832, 0.7796148657798767, 0.7822525501251221, 0.7732677459716797, 0.7766396999359131]"
1100,MEDQA,0.9765965342521667,0.017067885026335716,0.0003741442342288792,0.0009161216439679265,0.005045257043093443,1,10.132193088531494,False,"['PBMD', 'PBMD', 'PBMD', 'PBMD', 'TEXT']","[468502519163870275, 468502519163580580, 468502519163614264, 468502519163919510, 468502519162417066]","[0.8013888597488403, 0.7907695770263672, 0.789728045463562, 0.7999562621116638, 0.7849401235580444]"
1101,MEDQA,0.999983549118042,7.646470294275787e-06,2.5359776145705837e-07,5.422159119916614e-06,3.1875229069555644e-06,0,6.767942667007446,False,"['PBMD', 'PBMD', 'PBMD', 'PBMD', 'PBMD']","[468502519163552645, 468502519163420416, 468502519163420073, 468502519163507843, 468502519163482290]","[0.7414324879646301, 0.7587074041366577, 0.7383573055267334, 0.7531609535217285, 0.7494966387748718]"
1102,MEDQA,1.5686671758885495e-05,1.777532816049643e-05,0.9998008608818054,0.00013981378288008273,2.5862947950372472e-05,3,6.788154363632202,False,"['PBMD', 'PBMD', 'PBMD', 'PBMD', 'PBMD']","[468502519163524358, 468502519163731084, 468502519163265512, 468502519163940417, 468502519163054156]","[0.7416755557060242, 0.7502652406692505, 0.7403659820556641, 0.7451432347297668, 0.7451252937316895]"
1103,MEDQA,2.2470570911536925e-05,5.861798854311928e-06,5.421277819550596e-06,0.9998210072517395,0.0001452620781492442,3,6.789179563522339,False,"['PBMD', 'TEXT', 'TEXT', 'STAT', 'TEXT']","[468502519163878963, 468502519162343740, 468502519162342936, 468502519162966516, 468502519162306950]","[0.7877150177955627, 0.7706589102745056, 0.7654393911361694, 0.7855180501937866, 0.7620704174041748]"
1104,MEDQA,6.758261505979135e-09,1.4307239837307861e-08,6.3487992640887114e-09,1.2751904421293148e-07,0.9999998807907104,1,10.354490995407104,False,"['TEXT', 'PBMD', 'STAT', 'STAT', 'TEXT']","[468502519162328510, 468502519163124270, 468502519162811834, 468502519162858790, 468502519162383450]","[0.7617205381393433, 0.7551183104515076, 0.7634961605072021, 0.7614091038703918, 0.7525603771209717]"
1105,MEDQA,0.9987339377403259,0.0005610829684883356,6.845686129963724e-06,0.0006114335265010595,8.671970863360912e-05,0,7.822554111480713,False,"['PBMD', 'PBMD', 'PBMD', 'PBMD', 'PBMD']","[468502519163939431, 468502519163400754, 468502519163745519, 468502519163870027, 468502519163925494]","[0.8059388399124146, 0.801139771938324, 0.7977014780044556, 0.7966457009315491, 0.7987555861473083]"
1106,MEDQA,2.057967094515334e-06,2.0784733351320028e-05,0.9999581575393677,1.6187166693271138e-05,2.726363618421601e-06,2,9.696796417236328,False,"['PBMD', 'PBMD', 'PBMD', 'PBMD', 'PBMD']","[468502519163627391, 468502519163723257, 468502519163968394, 468502519163283523, 468502519163176962]","[0.7847029566764832, 0.7948358058929443, 0.7830515503883362, 0.7790964841842651, 0.7798447608947754]"
1107,MEDQA,0.9996669292449951,5.315601356414845e-06,4.263508162694052e-05,8.4789986431133e-05,0.00020024715922772884,0,10.327603101730347,False,"['PBMD', 'PBMD', 'PBMD', 'PBMD', 'PBMD']","[468502519163404482, 468502519163203475, 468502519163004127, 468502519163413703, 468502519163271107]","[0.7731160521507263, 0.779962420463562, 0.7787148952484131, 0.7820731997489929, 0.7742593288421631]"
1108,MEDQA,0.9949553608894348,0.0006115042488090694,3.463373286649585e-05,0.004195228684693575,0.00020323428907431662,3,7.508203983306885,False,"['PBMD', 'STAT', 'PBMD', 'STAT', 'PBMD']","[468502519163013675, 468502519162941038, 468502519163965686, 468502519162910555, 468502519163754215]","[0.75118488073349, 0.74580979347229, 0.7521730065345764, 0.7841190099716187, 0.7475840449333191]"
1109,MEDQA,1.9333349428052315e-06,0.999985933303833,3.23772701449343e-06,2.4824512365739793e-06,6.438988748413976e-06,1,8.838501453399658,False,"['PBMD', 'PBMD', 'PBMD', 'PBMD', 'TEXT']","[468502519163499652, 468502519163768397, 468502519163667510, 468502519163874758, 468502519162391331]","[0.7688161134719849, 0.7777708172798157, 0.777550458908081, 0.7747282981872559, 0.7711611986160278]"
1110,MEDQA,0.00074529938865453,0.0001650046178838238,7.15242131263949e-05,0.940729558467865,0.05828855186700821,3,10.428621053695679,False,"['PBMD', 'PBMD', 'PBMD', 'PBMD', 'PBMD']","[468502519163765922, 468502519163647077, 468502519163397285, 468502519163071784, 468502519163978441]","[0.8115089535713196, 0.7922443747520447, 0.8148360252380371, 0.8066681027412415, 0.7914631962776184]"
1111,MEDQA,1.3286825151226367e-06,6.540004505950492e-06,0.999927282333374,5.307403625920415e-05,1.1842417734442279e-05,2,8.847540616989136,False,"['PBMD', 'PBMD', 'PBMD', 'PBMD', 'PBMD']","[468502519163525471, 468502519163769597, 468502519163241004, 468502519163664220, 468502519163503881]","[0.8300749063491821, 0.8256001472473145, 0.8302574157714844, 0.8372292518615723, 0.8380658030509949]"
1112,MEDQA,1.8738244307314744e-06,5.42209045306663e-06,0.9999709129333496,1.618737223907374e-05,5.5942064136615954e-06,2,7.046149492263794,False,"['STAT', 'PBMD', 'TEXT', 'PBMD', 'PBMD']","[468502519162968482, 468502519163621264, 468502519162370167, 468502519163054969, 468502519163622636]","[0.7504799365997314, 0.7513741254806519, 0.7494201064109802, 0.7446222305297852, 0.7478337287902832]"
1113,MEDQA,0.9999392032623291,2.2473228455055505e-05,3.844716047751717e-06,6.048587238183245e-06,2.8408821890479885e-05,4,6.88733172416687,False,"['STAT', 'PBMD', 'PBMD', 'PBMD', 'STAT']","[468502519162953742, 468502519163819882, 468502519163851291, 468502519163950782, 468502519162435302]","[0.765132486820221, 0.8037270307540894, 0.7890737056732178, 0.7768256664276123, 0.7753630876541138]"
1114,MEDQA,4.092834842595039e-06,0.9999773502349854,6.3391071307705715e-06,5.771822998212883e-06,6.54033192404313e-06,3,6.720701456069946,False,"['PBMD', 'PBMD', 'TEXT', 'PBMD', 'PBMD']","[468502519163548035, 468502519163809530, 468502519162349175, 468502519163738503, 468502519163609315]","[0.7966144680976868, 0.810400128364563, 0.7960647344589233, 0.8031616806983948, 0.7882918119430542]"
1115,MEDQA,2.35386032727547e-05,5.646617501042783e-05,5.825860353070311e-05,0.000480230781249702,0.999381422996521,4,5.859687566757202,False,"['PBMD', 'PBMD', 'PBMD', 'PBMD', 'PBMD']","[468502519163467540, 468502519163229936, 468502519163174439, 468502519163459954, 468502519163731542]","[0.7746402025222778, 0.7744090557098389, 0.7793093323707581, 0.7710429430007935, 0.7698917984962463]"
1116,MEDQA,6.276445674302522e-07,7.811162845428044e-07,9.422060429642443e-07,0.9999581575393677,3.944248965126462e-05,3,9.597888946533203,False,"['PBMD', 'PBMD', 'PBMD', 'PBMD', 'TEXT']","[468502519163955698, 468502519163644306, 468502519163922895, 468502519163624838, 468502519162394075]","[0.7743791341781616, 0.7845809459686279, 0.7940454483032227, 0.7798334360122681, 0.7870166301727295]"
1117,MEDQA,3.5006787584279664e-06,1.308108153352805e-06,4.591891240579571e-07,0.9999463558197021,4.834898209082894e-05,2,6.891049146652222,False,"['STAT', 'PBMD', 'PBMD', 'PBMD', 'PBMD']","[468502519162982524, 468502519163955767, 468502519163727772, 468502519163634240, 468502519163863742]","[0.7884357571601868, 0.7817813158035278, 0.7809849381446838, 0.7727357149124146, 0.7764409780502319]"
1118,MEDQA,3.689858658617595e-07,7.112388402674696e-07,1.3156595457530784e-07,0.9999924898147583,6.3392030824616086e-06,3,4.306293964385986,False,"['STAT', 'STAT', 'PBMD', 'STAT', 'PBMD']","[468502519162448935, 468502519162750260, 468502519163128128, 468502519162733349, 468502519163900078]","[0.7979517579078674, 0.779831051826477, 0.797523021697998, 0.7856114506721497, 0.7791334390640259]"
1119,MEDQA,2.1691575113891304e-07,5.043442570240586e-07,2.9648867894138675e-07,0.9999932050704956,5.682428763975622e-06,3,5.658505201339722,False,"['STAT', 'STAT', 'STAT', 'STAT', 'TEXT']","[468502519162745620, 468502519162717615, 468502519162963597, 468502519162780975, 468502519162351550]","[0.7943569421768188, 0.803755521774292, 0.786585807800293, 0.8044383525848389, 0.8006463050842285]"
1120,MEDQA,6.475929126281699e-07,9.422421385352209e-07,2.785262438464997e-07,0.9999964237213135,1.6536864677618723e-06,3,6.570641756057739,False,"['STAT', 'PBMD', 'STAT', 'PBMD', 'PBMD']","[468502519162960181, 468502519163658237, 468502519162792212, 468502519163671055, 468502519163705101]","[0.7792968153953552, 0.7892755270004272, 0.7803559303283691, 0.7848770022392273, 0.7791363000869751]"
1121,MEDQA,0.999876856803894,4.61091949546244e-05,3.8444763958978e-06,6.253334868233651e-05,1.0614940038067289e-05,0,5.697770595550537,False,"['PBMD', 'STAT', 'TEXT', 'TEXT', 'PBMD']","[468502519163749690, 468502519162910665, 468502519162360127, 468502519162363096, 468502519163541321]","[0.7927237749099731, 0.7911390066146851, 0.8049677610397339, 0.7912642955780029, 0.791897714138031]"
1122,MEDQA,0.9878678321838379,0.0010871256235986948,7.629094034200534e-05,0.007542463950812817,0.003426318522542715,0,10.23151707649231,False,"['TEXT', 'PBMD', 'PBMD', 'PBMD', 'PBMD']","[468502519162392467, 468502519163438237, 468502519163943032, 468502519163632513, 468502519163949993]","[0.8006584644317627, 0.7677164077758789, 0.767320454120636, 0.7670724987983704, 0.7663116455078125]"
1123,MEDQA,5.255075393506559e-06,7.888802429079078e-06,2.1566786472249078e-06,5.0842143537011e-05,0.9999338388442993,4,6.774949073791504,False,"['PBMD', 'PBMD', 'PBMD', 'TEXT', 'PBMD']","[468502519163649697, 468502519163437471, 468502519163368853, 468502519162385228, 468502519163357870]","[0.7888936996459961, 0.8028503060340881, 0.7966545224189758, 0.7968500256538391, 0.7987857460975647]"
1124,MEDQA,1.6438996681245044e-05,1.4507363630400505e-05,0.9997708201408386,0.00014090610784478486,5.737773608416319e-05,4,6.124972581863403,False,"['PBMD', 'TEXT', 'PBMD', 'PBMD', 'PBMD']","[468502519163157170, 468502519162379633, 468502519163753420, 468502519163741707, 468502519163592699]","[0.8093276023864746, 0.7983056902885437, 0.8010175228118896, 0.8100253343582153, 0.8039947152137756]"
1125,MEDQA,2.3320574200624833e-06,3.905461198883131e-06,7.33814431441715e-07,0.9999903440475464,2.7693868105416186e-06,3,9.42791223526001,False,"['PBMD', 'PBMD', 'PBMD', 'PBMD', 'PBMD']","[468502519163984607, 468502519163906556, 468502519163302194, 468502519163790247, 468502519163473068]","[0.7729325294494629, 0.7751089334487915, 0.7790789008140564, 0.7755690813064575, 0.7667667269706726]"
1126,MEDQA,5.173681529413443e-06,7.64620563131757e-06,6.854014372947859e-06,3.132341225864366e-05,0.9999489784240723,4,8.948713779449463,False,"['STAT', 'TEXT', 'STAT', 'STAT', 'PBMD']","[468502519162978594, 468502519162356450, 468502519162437779, 468502519162841999, 468502519163873123]","[0.79448401927948, 0.773737907409668, 0.7792651653289795, 0.7690893411636353, 0.7732658982276917]"
1127,MEDQA,1.77764413820114e-05,2.078276520478539e-05,0.9998635053634644,6.013692473061383e-05,3.763272616197355e-05,2,6.8710174560546875,False,"['PBMD', 'STAT', 'PBMD', 'PBMD', 'TEXT']","[468502519163821314, 468502519162780784, 468502519163709044, 468502519163578574, 468502519162346428]","[0.786419153213501, 0.7735632658004761, 0.7906094789505005, 0.793422520160675, 0.7806116342544556]"
1128,MEDQA,1.4970228221500292e-05,1.2804714970116038e-05,7.888755135354586e-06,3.6477238609222695e-05,0.9999278783798218,0,9.480865001678467,False,"['PBMD', 'PBMD', 'PBMD', 'PBMD', 'PBMD']","[468502519163937164, 468502519163361975, 468502519163753874, 468502519163527185, 468502519163730570]","[0.7821672558784485, 0.801358699798584, 0.7861161828041077, 0.7806803584098816, 0.7794731259346008]"
1129,MEDQA,3.3202617487404495e-05,1.5930789231788367e-05,0.9996181726455688,0.00012928296928294003,0.00020339067850727588,2,6.841140508651733,False,"['PBMD', 'PBMD', 'PBMD', 'PBMD', 'PBMD']","[468502519163697569, 468502519163716945, 468502519163610982, 468502519163881920, 468502519163233013]","[0.8137744069099426, 0.8181799650192261, 0.8086458444595337, 0.808925211429596, 0.8118060827255249]"
1130,MEDQA,1.8553869551851676e-07,1.1253490583840176e-07,2.699571837183612e-07,1.7603421156309196e-06,0.999997615814209,0,10.718488216400146,False,"['TEXT', 'PBMD', 'TEXT', 'PBMD', 'PBMD']","[468502519162391329, 468502519163632480, 468502519162391176, 468502519163820410, 468502519163734540]","[0.7870460748672485, 0.8017160892486572, 0.8101732730865479, 0.7879408001899719, 0.7828899025917053]"
1131,MEDQA,2.3178436094895005e-05,0.0001253014343092218,0.9995868802070618,2.2117017579148524e-05,0.00024247015244327486,0,5.554598093032837,False,"['TEXT', 'STAT', 'PBMD', 'STAT', 'STAT']","[468502519162354897, 468502519162982074, 468502519163628943, 468502519162814835, 468502519162716150]","[0.7919038534164429, 0.7601640224456787, 0.7672600746154785, 0.7621985673904419, 0.7681576609611511]"
1132,MEDQA,7.180942702689208e-06,2.282098648720421e-05,0.999670147895813,0.00024921243311837316,5.063057687948458e-05,4,8.121194839477539,False,"['STAT', 'PBMD', 'PBMD', 'PBMD', 'PBMD']","[468502519162852561, 468502519163429347, 468502519163979104, 468502519163322402, 468502519163649458]","[0.8155031204223633, 0.7967926859855652, 0.8050759434700012, 0.8076457381248474, 0.7991893291473389]"
1133,MEDQA,0.39599722623825073,0.011681070551276207,0.015116428956389427,0.001032712054438889,0.5761725306510925,2,5.751188516616821,False,"['PBMD', 'PBMD', 'TEXT', 'PBMD', 'STAT']","[468502519163873606, 468502519163867114, 468502519162335308, 468502519163767847, 468502519162908953]","[0.7599048614501953, 0.7787172794342041, 0.7881611585617065, 0.7546589374542236, 0.770133912563324]"
1134,MEDQA,0.9997506737709045,6.604003283428028e-05,1.5203279872366693e-05,4.756685302709229e-05,0.00012052096280967817,0,5.016562461853027,False,"['PBMD', 'PBMD', 'PBMD', 'PBMD', 'PBMD']","[468502519163992909, 468502519163109041, 468502519163680447, 468502519163968819, 468502519163668347]","[0.7770254611968994, 0.7824112176895142, 0.7796047329902649, 0.7783298492431641, 0.7867236137390137]"
1135,MEDQA,0.9999239444732666,1.4284634744399227e-05,3.3928981792996638e-06,4.539647852652706e-05,1.3006308108742815e-05,4,7.219710826873779,False,"['PBMD', 'PBMD', 'PBMD', 'PBMD', 'PBMD']","[468502519163568738, 468502519163574043, 468502519163853801, 468502519163679260, 468502519163994017]","[0.8032534122467041, 0.7956485152244568, 0.7997879981994629, 0.8146709203720093, 0.7943358421325684]"
1136,MEDQA,0.2,0.2,0.2,0.2,0.2,4,10.387168645858765,True,"['PBMD', 'PBMD', 'PBMD', 'PBMD', 'PBMD']","[468502519163743216, 468502519163033507, 468502519163892847, 468502519163667584, 468502519163901500]","[0.7903164625167847, 0.787245512008667, 0.7933353781700134, 0.8026564121246338, 0.8014106750488281]"
1137,MEDQA,1.1910840385098709e-06,3.90541435990599e-06,6.643333563260967e-06,0.9999783039093018,9.972824955184478e-06,3,4.563267469406128,False,"['STAT', 'PBMD', 'STAT', 'PBMD', 'STAT']","[468502519162765453, 468502519163137931, 468502519162464141, 468502519163857495, 468502519162441738]","[0.7583093643188477, 0.761939525604248, 0.7548737525939941, 0.7575559616088867, 0.779273271560669]"
1138,MEDQA,0.9992087483406067,0.00019551877630874515,3.760808249353431e-05,0.00012140037870267406,0.0004367528308648616,4,5.761040449142456,False,"['STAT', 'PBMD', 'PBMD', 'PBMD', 'PBMD']","[468502519162439163, 468502519163059851, 468502519163274614, 468502519163062062, 468502519163711439]","[0.8005728125572205, 0.8002483248710632, 0.7988128662109375, 0.8035747408866882, 0.8097551465034485]"
1139,MEDQA,8.059250831138343e-07,2.4439375465590274e-06,1.0029899613073212e-06,2.078508259728551e-05,0.9999749660491943,0,8.64696979522705,False,"['PBMD', 'TEXT', 'TEXT', 'PBMD', 'PBMD']","[468502519163219805, 468502519162363245, 468502519162361685, 468502519163531103, 468502519163960121]","[0.7594705820083618, 0.762367844581604, 0.7666992545127869, 0.7634842395782471, 0.7656232714653015]"
1140,MEDQA,1.0,1.2501528701136522e-09,8.071593393665921e-10,6.286163256596922e-10,7.582560135332983e-10,2,10.656253099441528,False,"['PBMD', 'PBMD', 'PBMD', 'PBMD', 'PBMD']","[468502519163970832, 468502519163681033, 468502519163200986, 468502519163705196, 468502519163031627]","[0.7748082876205444, 0.7812734842300415, 0.786159098148346, 0.7892718315124512, 0.786108136177063]"
1141,MEDQA,4.464222729438916e-05,4.902989530819468e-05,0.9987953901290894,0.0005089113838039339,0.0006019911379553378,2,5.175233840942383,False,"['PBMD', 'STAT', 'PBMD', 'PBMD', 'PBMD']","[468502519163817593, 468502519162816532, 468502519163733379, 468502519163611084, 468502519163753427]","[0.7943118810653687, 0.7998024225234985, 0.7957301735877991, 0.7976216077804565, 0.802074670791626]"
1142,MEDQA,1.4284480130299926e-05,0.9999130964279175,9.51551555772312e-06,4.683700899477117e-05,1.6186437278520316e-05,0,6.07381010055542,False,"['STAT', 'PBMD', 'STAT', 'STAT', 'STAT']","[468502519162928434, 468502519163626349, 468502519162754343, 468502519162857030, 468502519162910462]","[0.7963868379592896, 0.7771552205085754, 0.75570148229599, 0.7566146850585938, 0.7592569589614868]"
1143,MEDQA,8.936730409914162e-06,2.429255073366221e-05,0.9996592998504639,1.8336979337618686e-05,0.0002890883479267359,2,8.95172381401062,False,"['PBMD', 'PBMD', 'PBMD', 'PBMD', 'PBMD']","[468502519163784506, 468502519163457529, 468502519163950031, 468502519163765115, 468502519163256776]","[0.793855607509613, 0.7912429571151733, 0.7908600568771362, 0.790134847164154, 0.8220592737197876]"
1144,MEDQA,9.078429684450384e-06,0.9997656941413879,3.42616367561277e-05,1.777470242814161e-05,0.00017331659910269082,2,6.688596487045288,False,"['PBMD', 'PBMD', 'PBMD', 'PBMD', 'PBMD']","[468502519163041416, 468502519163284393, 468502519163684499, 468502519163113105, 468502519163041413]","[0.8039044141769409, 0.8071837425231934, 0.8058784604072571, 0.8007539510726929, 0.7964882850646973]"
1145,MEDQA,0.9999673366546631,2.2827771317679435e-05,1.6027611309255008e-06,4.1572461668692995e-06,4.1572461668692995e-06,0,4.664323806762695,False,"['PBMD', 'PBMD', 'PBMD', 'PBMD', 'PBMD']","[468502519163806228, 468502519163477137, 468502519163379366, 468502519163545637, 468502519163075894]","[0.7984220385551453, 0.8154613971710205, 0.7896112203598022, 0.7917280197143555, 0.7938752770423889]"
1146,MEDQA,3.822398866759613e-05,9.914547990774736e-05,0.9998277425765991,3.0237662940635346e-05,4.494427230383735e-06,2,5.38780665397644,False,"['PBMD', 'PBMD', 'PBMD', 'TEXT', 'PBMD']","[468502519163897427, 468502519163685549, 468502519163283754, 468502519162310229, 468502519163650785]","[0.7655338644981384, 0.7906519770622253, 0.7698840498924255, 0.7634932398796082, 0.7726941108703613]"
1147,MEDQA,0.9999068975448608,4.9084457714343444e-05,9.817509635468014e-06,3.0240056730690412e-05,3.966632448282326e-06,0,5.887142896652222,False,"['TEXT', 'PBMD', 'PBMD', 'PBMD', 'PBMD']","[468502519162394597, 468502519163207826, 468502519163664702, 468502519163620141, 468502519163793472]","[0.7805742025375366, 0.7910344004631042, 0.776843249797821, 0.7731935381889343, 0.7890763878822327]"
1148,MEDQA,0.999954342842102,3.5080745874438435e-05,6.475656846305355e-07,4.860250101046404e-06,5.093498657515738e-06,0,7.793006658554077,False,"['STAT', 'PBMD', 'PBMD', 'PBMD', 'PBMD']","[468502519162465286, 468502519163252251, 468502519163715132, 468502519163000907, 468502519163906955]","[0.7893720865249634, 0.8049065470695496, 0.7758570313453674, 0.7961015105247498, 0.7854719161987305]"
1149,MEDQA,4.936699951940682e-06,0.999936580657959,2.7263049560133368e-06,4.985890700481832e-05,5.9547969613049645e-06,1,7.9105730056762695,False,"['PBMD', 'PBMD', 'PBMD', 'PBMD', 'PBMD']","[468502519163641545, 468502519163864272, 468502519163101936, 468502519163621199, 468502519163726596]","[0.7796311378479004, 0.7712956666946411, 0.7825484275817871, 0.7742008566856384, 0.7829025983810425]"
1150,MEDQA,0.00016063389193732291,0.000754460459575057,0.9979943037033081,0.0010073368903249502,8.3335762610659e-05,0,6.22064995765686,False,"['PBMD', 'PBMD', 'PBMD', 'PBMD', 'PBMD']","[468502519163868889, 468502519163942625, 468502519163622319, 468502519163188469, 468502519163520492]","[0.8128417134284973, 0.78861403465271, 0.7874352335929871, 0.7844953536987305, 0.786218523979187]"
1151,MEDQA,6.286163256596922e-10,1.1032560420787263e-09,7.582560135332983e-10,7.194132845000922e-09,1.0,1,10.64906096458435,False,"['PBMD', 'PBMD', 'PBMD', 'PBMD', 'PBMD']","[468502519163940797, 468502519163926627, 468502519163181045, 468502519163960421, 468502519163298519]","[0.768578052520752, 0.7635202407836914, 0.7646382451057434, 0.7651948928833008, 0.7732497453689575]"
1152,MEDQA,0.9998488426208496,7.484051457140595e-05,5.954274911346147e-06,4.985453051631339e-05,2.046025838353671e-05,1,7.46493124961853,False,"['TEXT', 'TEXT', 'PBMD', 'PBMD', 'TEXT']","[468502519162349206, 468502519162395230, 468502519163829781, 468502519163918913, 468502519162395392]","[0.7815626859664917, 0.7932193279266357, 0.7826859354972839, 0.7721034288406372, 0.7771902084350586]"
1153,MEDQA,8.267310477094725e-06,8.267310477094725e-06,5.421834430308081e-06,5.433245314634405e-05,0.9999237060546875,0,7.962027072906494,False,"['PBMD', 'PBMD', 'PBMD', 'STAT', 'STAT']","[468502519163753728, 468502519163457268, 468502519163553863, 468502519162749091, 468502519162943283]","[0.7946104407310486, 0.7888349890708923, 0.7870285511016846, 0.805027186870575, 0.7865782976150513]"
1154,MEDQA,1.6279249166473164e-06,5.014361704525072e-06,9.131831006925495e-07,0.9999206066131592,7.186445145634934e-05,3,7.068830251693726,False,"['STAT', 'STAT', 'PBMD', 'PBMD', 'PBMD']","[468502519162706426, 468502519162968367, 468502519163657779, 468502519163553928, 468502519163869506]","[0.8132079243659973, 0.8455199003219604, 0.8211711645126343, 0.8094883561134338, 0.8105363845825195]"
1155,MEDQA,8.579040695622098e-07,2.332024905626895e-06,1.0129854672413785e-05,1.028937640512595e-05,0.999976396560669,4,6.561641454696655,False,"['PBMD', 'TEXT', 'PBMD', 'PBMD', 'PBMD']","[468502519163615783, 468502519162382836, 468502519163674332, 468502519163009261, 468502519163419247]","[0.7505098581314087, 0.7664021253585815, 0.7595027685165405, 0.7558575868606567, 0.7774538993835449]"
1156,MEDQA,1.7601555555302184e-06,2.482217269061948e-06,0.9998916387557983,4.198351962259039e-05,6.204762030392885e-05,2,9.978881120681763,False,"['PBMD', 'TEXT', 'PBMD', 'PBMD', 'PBMD']","[468502519163945724, 468502519162369666, 468502519163038736, 468502519163244275, 468502519163604212]","[0.7992134094238281, 0.7943935394287109, 0.8027781844139099, 0.787394642829895, 0.7945218086242676]"
1157,MEDQA,4.73786542443122e-07,8.57916631957778e-07,6.08353957431973e-07,6.9622424234694336e-06,0.9999910593032837,4,9.973962306976318,False,"['PBMD', 'PBMD', 'PBMD', 'PBMD', 'PBMD']","[468502519163790849, 468502519163845595, 468502519163116747, 468502519163867788, 468502519163779611]","[0.7854032516479492, 0.7870341539382935, 0.7878557443618774, 0.7911628484725952, 0.7818008661270142]"
1158,MEDQA,0.9999561309814453,2.1782170733786188e-05,2.057963001789176e-06,1.8058051864500158e-05,2.057963001789176e-06,4,7.313112497329712,False,"['PBMD', 'PBMD', 'PBMD', 'PBMD', 'PBMD']","[468502519163959256, 468502519163213642, 468502519163821976, 468502519163750997, 468502519163584168]","[0.7633137106895447, 0.7615666389465332, 0.7627040147781372, 0.7783544659614563, 0.783393144607544]"
1159,MEDQA,0.999995231628418,2.7264647997071734e-06,2.699565584407537e-07,9.422410016668437e-07,8.059413971750473e-07,0,9.307868242263794,False,"['PBMD', 'TEXT', 'PBMD', 'PBMD', 'PBMD']","[468502519163156825, 468502519162338726, 468502519163146908, 468502519163460226, 468502519163479633]","[0.8083783388137817, 0.8064171075820923, 0.7981181144714355, 0.8107214570045471, 0.8069757223129272]"
1160,MEDQA,4.092714789294405e-06,3.321357144159265e-05,0.9999480247497559,8.397705641982611e-06,6.338921139104059e-06,2,6.719327926635742,False,"['PBMD', 'PBMD', 'PBMD', 'PBMD', 'PBMD']","[468502519163042305, 468502519163622698, 468502519163406786, 468502519163285184, 468502519163410552]","[0.791206955909729, 0.7887691855430603, 0.7920103073120117, 0.7917321920394897, 0.7905838489532471]"
1161,MEDQA,0.00030778811196796596,0.0007212415221147239,0.992057740688324,0.005847372114658356,0.0010659259278327227,1,9.56526255607605,False,"['PBMD', 'PBMD', 'PBMD', 'PBMD', 'PBMD']","[468502519163172319, 468502519163963351, 468502519163001320, 468502519163272846, 468502519163505933]","[0.7481147050857544, 0.7528504133224487, 0.7572382688522339, 0.7475619316101074, 0.7561596632003784]"
1162,MEDQA,9.754325583344325e-05,0.2448548823595047,8.608162897871807e-05,0.0007553423056378961,0.754206120967865,4,6.827035903930664,False,"['STAT', 'PBMD', 'STAT', 'PBMD', 'PBMD']","[468502519162982329, 468502519163499463, 468502519162827782, 468502519163755884, 468502519163455314]","[0.7684797048568726, 0.7581069469451904, 0.768174409866333, 0.7612842321395874, 0.7573082447052002]"
1163,MEDQA,1.7330449963992578e-06,1.0676980082280352e-06,6.08356003795052e-07,2.2252736471273238e-06,0.9999943971633911,2,6.778283357620239,False,"['PBMD', 'TEXT', 'PBMD', 'PBMD', 'PBMD']","[468502519163770138, 468502519162319146, 468502519163653626, 468502519163922284, 468502519163485859]","[0.765420138835907, 0.7654107809066772, 0.7723303437232971, 0.7832611799240112, 0.7681698799133301]"
1164,MEDQA,2.5457989977439865e-05,6.300913082668558e-05,0.9996441602706909,5.919159957556985e-05,0.0002082193677779287,0,10.232734680175781,False,"['PBMD', 'PBMD', 'TEXT', 'PBMD', 'TEXT']","[468502519163826539, 468502519163909496, 468502519162390966, 468502519163702661, 468502519162396510]","[0.8175756931304932, 0.781919002532959, 0.7976144552230835, 0.7834063172340393, 0.7802917957305908]"
1165,MEDQA,2.9944324069219874e-06,0.999994158744812,2.699562742236594e-07,5.896386596759839e-07,2.0580412183335284e-06,1,9.610620260238647,False,"['PBMD', 'PBMD', 'PBMD', 'PBMD', 'PBMD']","[468502519163705196, 468502519163703924, 468502519163960983, 468502519163701322, 468502519163797752]","[0.7848150134086609, 0.8049538731575012, 0.783687174320221, 0.7992506623268127, 0.8026043176651001]"
1166,MEDQA,8.851277470967034e-07,2.0260774817870697e-06,7.112200819392456e-07,0.9999661445617676,3.0241848435252905e-05,3,7.3150317668914795,False,"['PBMD', 'PBMD', 'STAT', 'PBMD', 'PBMD']","[468502519163111186, 468502519163469154, 468502519162878724, 468502519163264215, 468502519163779492]","[0.756344735622406, 0.7590447664260864, 0.7494974136352539, 0.7521846294403076, 0.7555899620056152]"
1167,MEDQA,7.479517080355436e-05,0.00032489540171809494,0.9992430210113525,0.00029814080335199833,5.916784721193835e-05,1,6.889411687850952,False,"['PBMD', 'TEXT', 'PBMD', 'PBMD', 'PBMD']","[468502519163571984, 468502519162344034, 468502519163270990, 468502519163273238, 468502519163908599]","[0.777605414390564, 0.7833318710327148, 0.8062910437583923, 0.782634973526001, 0.7780470252037048]"
1168,MEDQA,0.9999781847000122,1.1659411029540934e-05,1.7061489643310779e-06,6.854214461782249e-06,1.7061489643310779e-06,0,4.784611463546753,False,"['PBMD', 'PBMD', 'PBMD', 'PBMD', 'TEXT']","[468502519163632447, 468502519163902283, 468502519163531749, 468502519163540881, 468502519162346453]","[0.8062027096748352, 0.7980988621711731, 0.7928417921066284, 0.7962333559989929, 0.7856805324554443]"
1169,MEDQA,0.9998326301574707,4.399575846036896e-05,2.282469540659804e-05,7.782056491123512e-05,2.282469540659804e-05,2,7.996964693069458,False,"['PBMD', 'PBMD', 'PBMD', 'PBMD', 'PBMD']","[468502519163613515, 468502519163758407, 468502519163898190, 468502519163362904, 468502519163898194]","[0.7959772944450378, 0.799407422542572, 0.7930790185928345, 0.7878164052963257, 0.7893953919410706]"
1170,MEDQA,2.3185551981441677e-05,6.302486872300506e-05,0.9998937845230103,1.0288526027579792e-05,9.817380487220362e-06,0,9.33389163017273,False,"['STAT', 'PBMD', 'STAT', 'TEXT', 'STAT']","[468502519162467900, 468502519163611314, 468502519162698092, 468502519162367885, 468502519162942796]","[0.7455861568450928, 0.7431386709213257, 0.750436544418335, 0.7476438879966736, 0.7733138799667358]"
1171,MEDQA,5.173670160729671e-06,6.747737188561587e-06,3.905290668626549e-06,0.9999467134475708,3.7489131500478834e-05,3,7.758367300033569,False,"['PBMD', 'PBMD', 'PBMD', 'PBMD', 'PBMD']","[468502519163968021, 468502519163807372, 468502519163577389, 468502519163770229, 468502519163827118]","[0.7817980647087097, 0.7796788811683655, 0.7730576992034912, 0.7959031462669373, 0.7744259834289551]"
1172,MEDQA,1.5684481695643626e-05,0.9996612071990967,1.9217028238927014e-05,0.00021906981419306248,8.478950621793047e-05,4,5.951009750366211,False,"['PBMD', 'PBMD', 'PBMD', 'PBMD', 'TEXT']","[468502519163919511, 468502519163923070, 468502519163785966, 468502519163638959, 468502519162337339]","[0.7708337306976318, 0.7779507637023926, 0.7639774680137634, 0.7815431952476501, 0.7723827958106995]"
1173,MEDQA,0.9998284578323364,0.00012830387277062982,6.680375008727424e-07,2.3919978048070334e-05,1.862889803305734e-05,0,6.733371734619141,False,"['PBMD', 'PBMD', 'PBMD', 'PBMD', 'PBMD']","[468502519163480280, 468502519163527483, 468502519163624158, 468502519163991768, 468502519163021975]","[0.7550050020217896, 0.7680392265319824, 0.762850821018219, 0.7650130987167358, 0.7581332325935364]"
1174,MEDQA,2.1417703464976512e-05,7.359615847235546e-05,0.9987081289291382,0.000977042713202536,0.00021971754904370755,2,8.696626901626587,False,"['TEXT', 'PBMD', 'PBMD', 'PBMD', 'TEXT']","[468502519162416480, 468502519163681687, 468502519163064207, 468502519163678184, 468502519162416486]","[0.8097364902496338, 0.7925808429718018, 0.7980165481567383, 0.7940329313278198, 0.7983741164207458]"
1175,MEDQA,1.892150248750113e-05,4.068762791575864e-05,1.7499529349152e-05,0.00013445592776406556,0.9997884631156921,1,8.207220315933228,False,"['STAT', 'PBMD', 'STAT', 'TEXT', 'STAT']","[468502519162722932, 468502519163351193, 468502519162749957, 468502519162393788, 468502519162700868]","[0.7972087264060974, 0.7889722585678101, 0.7832745313644409, 0.7882270812988281, 0.7995968461036682]"
1176,MEDQA,6.747222414560383e-06,1.722963497741148e-05,0.9998704195022583,8.547239849576727e-05,2.014348683587741e-05,3,7.2523558139801025,False,"['TEXT', 'STAT', 'STAT', 'PBMD', 'STAT']","[468502519162329155, 468502519162749090, 468502519162749091, 468502519163783261, 468502519162906525]","[0.7895545959472656, 0.8114179372787476, 0.801694393157959, 0.7885667681694031, 0.7858394384384155]"
1177,MEDQA,3.089003030254389e-06,9.609606786398217e-05,0.9998378753662109,3.7048335798317567e-05,2.5863904738798738e-05,2,4.297057390213013,False,"['PBMD', 'PBMD', 'TEXT', 'PBMD', 'PBMD']","[468502519163936619, 468502519163363919, 468502519162367414, 468502519163214019, 468502519163384336]","[0.7718796133995056, 0.76839280128479, 0.7681306600570679, 0.7795858383178711, 0.7734901309013367]"
1178,MEDQA,3.3930637073353864e-06,0.9999727010726929,4.637768597604008e-06,1.1478586202429142e-05,7.889108928793576e-06,1,7.4594690799713135,False,"['PBMD', 'PBMD', 'PBMD', 'PBMD', 'PBMD']","[468502519163159118, 468502519163449218, 468502519163644349, 468502519163704310, 468502519163874101]","[0.7908272743225098, 0.7742458581924438, 0.771346926689148, 0.7726517915725708, 0.7712643146514893]"
1179,MEDQA,4.099087291820069e-09,3.398262560239118e-09,1.5079698600928282e-09,1.5534977819697815e-06,0.9999984502792358,2,10.267808198928833,False,"['STAT', 'STAT', 'STAT', 'TEXT', 'STAT']","[468502519162695125, 468502519162438102, 468502519162437779, 468502519162386447, 468502519162762626]","[0.7625682950019836, 0.7592092752456665, 0.7630621194839478, 0.7590237855911255, 0.7590459585189819]"
1180,MEDQA,0.999982476234436,1.4593528021578095e-06,1.4004983484028344e-07,1.4738940990355331e-05,1.13654505184968e-06,0,6.855000972747803,False,"['PBMD', 'PBMD', 'PBMD', 'PBMD', 'PBMD']","[468502519163559825, 468502519163832893, 468502519163525400, 468502519163606730, 468502519163768780]","[0.7489624619483948, 0.7568079233169556, 0.758699893951416, 0.7527883052825928, 0.7488860487937927]"
1181,MEDQA,1.7707607185002416e-05,4.356419594842009e-06,8.267032171715982e-06,7.967059354996309e-05,0.9998899698257446,4,5.878165245056152,False,"['PBMD', 'PBMD', 'PBMD', 'TEXT', 'TEXT']","[468502519163714806, 468502519163560700, 468502519163990661, 468502519162313465, 468502519162313718]","[0.8149760961532593, 0.8210160732269287, 0.8243911266326904, 0.8127739429473877, 0.8138591647148132]"
1182,MEDQA,0.9987087249755859,0.00011578307749005035,1.3402864169620443e-05,0.0011278694728389382,3.422541340114549e-05,0,9.68079686164856,False,"['PBMD', 'PBMD', 'PBMD', 'PBMD', 'PBMD']","[468502519163866725, 468502519163697652, 468502519163327528, 468502519163974204, 468502519163939208]","[0.8011091351509094, 0.8243169784545898, 0.8004387021064758, 0.8010320663452148, 0.8076327443122864]"
1183,MEDQA,0.999901294708252,3.2697116694180295e-05,3.392821326997364e-06,4.9084181227954105e-05,1.3630186003865674e-05,2,7.335507154464722,False,"['STAT', 'STAT', 'STAT', 'STAT', 'PBMD']","[468502519162928434, 468502519162754341, 468502519162910460, 468502519162878722, 468502519163647004]","[0.7747304439544678, 0.7675719261169434, 0.7675718665122986, 0.7675718665122986, 0.7491148114204407]"
1184,MEDQA,9.080077688849997e-06,1.1300338883302175e-05,5.507345122168772e-06,2.6897147108684294e-05,0.999947190284729,4,5.734450101852417,False,"['STAT', 'STAT', 'STAT', 'PBMD', 'PBMD']","[468502519162748174, 468502519162899925, 468502519162964988, 468502519163242792, 468502519163690039]","[0.7854099869728088, 0.7822471261024475, 0.7783854603767395, 0.7753433585166931, 0.770405650138855]"
1185,MEDQA,2.123267222486902e-06,3.966785698139574e-06,0.9999455213546753,3.705232302309014e-05,1.1300319783913437e-05,2,7.580732345581055,False,"['PBMD', 'STAT', 'STAT', 'PBMD', 'PBMD']","[468502519163872852, 468502519162698940, 468502519162938926, 468502519163922099, 468502519163670045]","[0.7932231426239014, 0.8035053610801697, 0.8005456328392029, 0.7920501232147217, 0.7935956120491028]"
1186,MEDQA,2.1724397281097652e-10,4.599054748144482e-10,2.6204624581360747e-10,1.2751904421293148e-07,0.9999998807907104,2,10.398325681686401,False,"['TEXT', 'PBMD', 'TEXT', 'PBMD', 'TEXT']","[468502519162416651, 468502519163440929, 468502519162354425, 468502519163740801, 468502519162351739]","[0.806180477142334, 0.7955782413482666, 0.7828024625778198, 0.8092079162597656, 0.7804362773895264]"
1187,MEDQA,1.2098463457732578e-06,0.9999828338623047,7.338089176300855e-07,1.2029577192151919e-05,3.18752063321881e-06,1,5.035834789276123,False,"['PBMD', 'TEXT', 'PBMD', 'PBMD', 'PBMD']","[468502519163704777, 468502519162308056, 468502519163691799, 468502519163349169, 468502519163777048]","[0.7504434585571289, 0.7696191668510437, 0.7566735744476318, 0.7525920867919922, 0.7493131756782532]"
1188,MEDQA,1.0615139217406977e-05,4.985686609870754e-05,0.9998956918716431,1.9221535694669e-05,2.4680939532117918e-05,2,5.495760679244995,False,"['STAT', 'STAT', 'TEXT', 'TEXT', 'TEXT']","[468502519162864306, 468502519162891271, 468502519162322479, 468502519162387231, 468502519162322481]","[0.8722792863845825, 0.8690879344940186, 0.8219389319419861, 0.8544474244117737, 0.8594976663589478]"
1189,MEDQA,7.811447062522348e-07,8.059408287408587e-07,3.1561097557641915e-07,0.9999945163726807,3.611976353568025e-06,3,4.327414035797119,False,"['PBMD', 'PBMD', 'PBMD', 'PBMD', 'PBMD']","[468502519163719940, 468502519163375514, 468502519163687650, 468502519163659255, 468502519163626247]","[0.7720374464988708, 0.7703840136528015, 0.7645174860954285, 0.7677229046821594, 0.777954638004303]"
1190,MEDQA,1.3287690308061428e-06,7.811430009496689e-07,4.181157180482842e-07,5.093692379887216e-06,0.9999923706054688,4,7.028417348861694,False,"['PBMD', 'PBMD', 'PBMD', 'STAT', 'PBMD']","[468502519163801176, 468502519163131843, 468502519163812294, 468502519162984991, 468502519163131982]","[0.8160842657089233, 0.8247053623199463, 0.8111101984977722, 0.7955244183540344, 0.8037745356559753]"
1191,MEDQA,0.0002374931500526145,0.0006330867763608694,0.9906100630760193,0.006030069198459387,0.0024892783258110285,2,7.310730934143066,False,"['PBMD', 'TEXT', 'TEXT', 'PBMD', 'TEXT']","[468502519163738865, 468502519162394632, 468502519162394633, 468502519163527452, 468502519162353354]","[0.7940328121185303, 0.8012730479240417, 0.7903885841369629, 0.8046985268592834, 0.7958206534385681]"
1192,MEDQA,0.9999880790710449,3.966954409406753e-06,9.422342372999992e-07,4.637839538190747e-06,2.368776677030837e-06,0,8.762643098831177,False,"['TEXT', 'TEXT', 'TEXT', 'PBMD', 'TEXT']","[468502519162370306, 468502519162307906, 468502519162307907, 468502519163740728, 468502519162370305]","[0.7443033456802368, 0.7717617750167847, 0.7486324906349182, 0.7554309964179993, 0.7458363175392151]"
1193,MEDQA,0.9989327788352966,0.0002888782473746687,2.2450609321822412e-05,0.0004073836316820234,0.0003484536719042808,3,9.11765170097351,False,"['TEXT', 'PBMD', 'PBMD', 'STAT', 'PBMD']","[468502519162342230, 468502519163583681, 468502519163860608, 468502519162908428, 468502519163723961]","[0.7931528091430664, 0.7976245284080505, 0.7937445640563965, 0.7939492464065552, 0.7973229289054871]"
1194,MEDQA,1.5381613138742978e-07,6.540427875734167e-06,0.9999920129776001,1.0030071280198172e-06,3.0589987431994814e-07,4,10.38709282875061,False,"['TEXT', 'STAT', 'TEXT', 'PBMD', 'PBMD']","[468502519162395450, 468502519162721588, 468502519162394786, 468502519163506817, 468502519163283881]","[0.7638425230979919, 0.7788636088371277, 0.7705328464508057, 0.7708685994148254, 0.7619709372520447]"
1195,MEDQA,2.885652611439582e-05,0.999950647354126,3.966805707023013e-06,7.182957233453635e-06,9.368342944071628e-06,1,6.475799560546875,False,"['TEXT', 'TEXT', 'TEXT', 'PBMD', 'TEXT']","[468502519162418384, 468502519162418409, 468502519162351805, 468502519163101949, 468502519162351812]","[0.7596122622489929, 0.7676191329956055, 0.778351902961731, 0.7609649300575256, 0.7642378807067871]"
1196,MEDQA,1.1979261671513086e-07,5.203553996580013e-07,3.689872301038122e-07,0.9999961853027344,2.8573131203302182e-06,3,6.695586681365967,False,"['PBMD', 'PBMD', 'PBMD', 'PBMD', 'PBMD']","[468502519163152426, 468502519163738874, 468502519163027667, 468502519163790247, 468502519163979056]","[0.7881438732147217, 0.799213707447052, 0.7857560515403748, 0.7927490472793579, 0.7925754189491272]"
1197,MEDQA,3.858761843389402e-08,2.69951954123826e-07,1.2237364899192471e-08,0.9999781847000122,2.1444941012305208e-05,2,10.554255723953247,False,"['PBMD', 'PBMD', 'PBMD', 'TEXT', 'PBMD']","[468502519163696396, 468502519163681081, 468502519163692458, 468502519162326100, 468502519163542125]","[0.7808129787445068, 0.7984281182289124, 0.7745859622955322, 0.7646883726119995, 0.7735545635223389]"
1198,MEDQA,0.0013388911029323936,0.008696628734469414,0.25815507769584656,0.0077956076711416245,0.7240138053894043,1,4.766834259033203,False,"['PBMD', 'STAT', 'STAT', 'STAT', 'STAT']","[468502519163876814, 468502519162856935, 468502519162847996, 468502519162878733, 468502519162910471]","[0.7659468054771423, 0.7803611159324646, 0.780360996723175, 0.7645535469055176, 0.7645535469055176]"
1199,MEDQA,0.9999909400939941,5.338135906640673e-06,2.4579719593020855e-07,2.6425689156894805e-06,8.059379865699157e-07,0,10.120534181594849,False,"['PBMD', 'STAT', 'PBMD', 'STAT', 'STAT']","[468502519163915377, 468502519162474220, 468502519163087567, 468502519162809599, 468502519162470837]","[0.7815379500389099, 0.7769834995269775, 0.7588706612586975, 0.7615259289741516, 0.7584536075592041]"
1200,MEDQA,2.726434786382015e-06,0.9999842643737793,1.5534757267232635e-06,8.664592314744368e-06,2.726434786382015e-06,1,5.991744756698608,False,"['STAT', 'PBMD', 'PBMD', 'PBMD', 'PBMD']","[468502519162771344, 468502519163277048, 468502519163706143, 468502519163403640, 468502519163630002]","[0.7734742164611816, 0.7686694860458374, 0.7684478759765625, 0.7659046649932861, 0.7612043619155884]"
1201,MEDQA,2.40603139900486e-06,1.816167696233606e-06,7.570912998744461e-07,0.9999680519104004,2.689770917640999e-05,3,7.03265643119812,False,"['PBMD', 'STAT', 'PBMD', 'TEXT', 'PBMD']","[468502519163399170, 468502519162485918, 468502519163776672, 468502519162298861, 468502519163511321]","[0.7517533302307129, 0.7837847471237183, 0.7521461844444275, 0.760211706161499, 0.7569664716720581]"
1202,MEDQA,0.9999827146530151,1.1843074389616959e-05,7.811354407749604e-07,3.2887030556594254e-06,1.3287561841934803e-06,0,4.199231147766113,False,"['PBMD', 'PBMD', 'PBMD', 'PBMD', 'PBMD']","[468502519163279607, 468502519163114833, 468502519163705795, 468502519163730406, 468502519163436990]","[0.7971032857894897, 0.779079794883728, 0.7913098335266113, 0.7803469896316528, 0.7776674032211304]"
1203,MEDQA,3.0690596759086475e-05,4.1949067963287234e-05,0.9990711212158203,0.0001909632992465049,0.0006652268348261714,2,6.360711097717285,False,"['TEXT', 'TEXT', 'TEXT', 'TEXT', 'PBMD']","[468502519162332177, 468502519162357516, 468502519162357513, 468502519162357514, 468502519163780951]","[0.7525941729545593, 0.7352622151374817, 0.7610605955123901, 0.7441282272338867, 0.736400842666626]"
1204,MEDQA,0.9998651742935181,2.3184888050309382e-05,3.0714989406988025e-05,4.908240953227505e-05,3.168998591718264e-05,0,7.301315784454346,False,"['TEXT', 'STAT', 'TEXT', 'PBMD', 'TEXT']","[468502519162407237, 468502519162733926, 468502519162407238, 468502519163634418, 468502519162375921]","[0.7923309206962585, 0.7758386135101318, 0.7825493216514587, 0.7789711356163025, 0.7730379700660706]"
1205,MEDQA,3.089437996095512e-06,2.8572630981216207e-06,2.1907394511799794e-06,1.3211851182859391e-05,0.9999786615371704,4,8.574325561523438,False,"['TEXT', 'PBMD', 'TEXT', 'TEXT', 'TEXT']","[468502519162390966, 468502519163756009, 468502519162390647, 468502519162326100, 468502519162356049]","[0.7647964954376221, 0.7662908434867859, 0.7836437225341797, 0.7646305561065674, 0.779033362865448]"
1206,MEDQA,0.00011592067312449217,0.0016968008130788803,0.00032637998810969293,0.0018635711167007685,0.9959973096847534,0,4.811199426651001,False,"['STAT', 'STAT', 'PBMD', 'PBMD', 'PBMD']","[468502519162818919, 468502519162943712, 468502519163823208, 468502519163874403, 468502519163406380]","[0.7597166895866394, 0.755357027053833, 0.7480306029319763, 0.7616467475891113, 0.7537709474563599]"
1207,MEDQA,2.8128979465691373e-06,0.9999547004699707,2.726354296100908e-06,2.282748209836427e-05,1.6963946109171957e-05,1,5.890740871429443,False,"['TEXT', 'PBMD', 'PBMD', 'PBMD', 'PBMD']","[468502519162350756, 468502519163908738, 468502519163623322, 468502519163756939, 468502519163041724]","[0.7588142156600952, 0.7733893990516663, 0.7834900617599487, 0.7865753769874573, 0.758076012134552]"
1208,MEDQA,3.500794036881416e-06,2.6841519229492405e-06,1.0844953521882417e-06,0.9999792575836182,1.352516937913606e-05,3,9.952625751495361,False,"['PBMD', 'STAT', 'PBMD', 'PBMD', 'PBMD']","[468502519163748078, 468502519162756244, 468502519163024108, 468502519163617707, 468502519162992735]","[0.7966805696487427, 0.7981250286102295, 0.7798684239387512, 0.7976158857345581, 0.7788510322570801]"
1209,MEDQA,8.397307283303235e-06,0.9999005794525146,3.187258471371024e-06,1.1842101230286062e-05,7.602301775477827e-05,0,6.485451936721802,False,"['TEXT', 'PBMD', 'TEXT', 'TEXT', 'TEXT']","[468502519162361512, 468502519163072278, 468502519162366643, 468502519162363245, 468502519162362240]","[0.7655706405639648, 0.7667407393455505, 0.7568916082382202, 0.7622589468955994, 0.7691041231155396]"
1210,MEDQA,1.8055437976727262e-05,2.2824209736427292e-05,7.409936642943649e-06,0.0001403624628437683,0.9998113512992859,2,6.443328619003296,False,"['PBMD', 'PBMD', 'PBMD', 'PBMD', 'PBMD']","[468502519163836989, 468502519163968021, 468502519163582365, 468502519163304904, 468502519163265527]","[0.8031547665596008, 0.7851614356040955, 0.7932374477386475, 0.8000212907791138, 0.7924948930740356]"
1211,MEDQA,0.9997987151145935,6.921269232407212e-05,1.2027362572553102e-05,0.0001097408530768007,1.0287548320775386e-05,2,6.067811489105225,False,"['TEXT', 'PBMD', 'PBMD', 'PBMD', 'PBMD']","[468502519162385525, 468502519163044678, 468502519163515936, 468502519163636280, 468502519163416864]","[0.7904652953147888, 0.807936429977417, 0.8039827942848206, 0.7986068725585938, 0.8052130341529846]"
1212,MEDQA,8.39742824609857e-06,1.7777356333681382e-05,4.936593541060574e-06,0.9999150037765503,5.3909167036181316e-05,1,7.329810380935669,False,"['STAT', 'STAT', 'PBMD', 'PBMD', 'PBMD']","[468502519162435658, 468502519162826705, 468502519163983395, 468502519163754068, 468502519163213249]","[0.8295304179191589, 0.8098883628845215, 0.814182698726654, 0.8238893747329712, 0.8153694868087769]"
1213,MEDQA,8.578708161621762e-07,2.1906496385781793e-06,1.414389771525748e-06,5.783740562037565e-05,0.9999376535415649,4,8.553234338760376,False,"['PBMD', 'PBMD', 'STAT', 'PBMD', 'STAT']","[468502519163472326, 468502519163887883, 468502519162980472, 468502519163451254, 468502519162484910]","[0.7798831462860107, 0.7730637788772583, 0.7741242051124573, 0.7778167724609375, 0.7811380624771118]"
1214,MEDQA,0.999186098575592,9.603342914488167e-05,5.060606054030359e-05,0.00016208710439968854,0.0005051485495641828,0,6.682087421417236,False,"['PBMD', 'PBMD', 'PBMD', 'PBMD', 'PBMD']","[468502519163757152, 468502519163868920, 468502519163990933, 468502519163632040, 468502519163770499]","[0.8194560408592224, 0.8146652579307556, 0.8084995150566101, 0.820894718170166, 0.8256040215492249]"
1215,MEDQA,5.173551016923739e-06,1.618660826352425e-05,1.4592670822821674e-06,0.9999237060546875,5.349010825739242e-05,0,5.642544984817505,False,"['STAT', 'STAT', 'PBMD', 'PBMD', 'PBMD']","[468502519162798433, 468502519162859274, 468502519163956988, 468502519163747688, 468502519163761148]","[0.774247944355011, 0.7668478488922119, 0.7694703340530396, 0.7625613212585449, 0.7889195680618286]"
1216,MEDQA,2.9943078061478445e-06,4.860241460846737e-06,3.555828698154073e-06,3.605315578170121e-05,0.9999525547027588,0,6.656156539916992,False,"['PBMD', 'PBMD', 'STAT', 'STAT', 'PBMD']","[468502519163179371, 468502519163644021, 468502519162898814, 468502519162813757, 468502519163719805]","[0.8056127429008484, 0.8091640472412109, 0.7919458150863647, 0.7890793085098267, 0.7932784557342529]"
1217,MEDQA,2.5612021090637427e-06,8.530105333193205e-06,2.9479253953468287e-06,1.9833089027088135e-05,0.9999661445617676,4,4.9156835079193115,False,"['STAT', 'TEXT', 'PBMD', 'STAT', 'PBMD']","[468502519162853279, 468502519162307984, 468502519163065505, 468502519162747811, 468502519163419152]","[0.7740659713745117, 0.7635360360145569, 0.7721658945083618, 0.7576649785041809, 0.7693812847137451]"
1218,MEDQA,6.193195440573618e-05,3.018322604475543e-05,0.9980277419090271,0.00011214429105166346,0.0017679904121905565,1,5.676567792892456,False,"['PBMD', 'STAT', 'TEXT', 'STAT', 'TEXT']","[468502519163570592, 468502519162968049, 468502519162345089, 468502519162947257, 468502519162351293]","[0.7499228715896606, 0.7735455632209778, 0.7509263157844543, 0.7547105550765991, 0.7620541453361511]"
1219,MEDQA,5.421710284281289e-06,2.930949085566681e-05,0.9999008178710938,4.832317790715024e-05,1.6186237189685926e-05,2,4.839396238327026,False,"['TEXT', 'PBMD', 'TEXT', 'TEXT', 'STAT']","[468502519162328261, 468502519163188285, 468502519162328249, 468502519162328244, 468502519162440181]","[0.7678607702255249, 0.7780432105064392, 0.7904401421546936, 0.7682831287384033, 0.7817103862762451]"
1220,MEDQA,9.221765139955096e-06,2.247023439849727e-05,0.9998059868812561,1.3417589798336849e-05,0.00014883175026625395,0,6.4890947341918945,False,"['PBMD', 'TEXT', 'PBMD', 'PBMD', 'PBMD']","[468502519162999881, 468502519162407554, 468502519163940417, 468502519163313500, 468502519163143032]","[0.7811638116836548, 0.7964009046554565, 0.7899092435836792, 0.789503812789917, 0.7830641269683838]"
1221,MEDQA,4.71087059850106e-06,0.9999871253967285,4.9369496082363185e-06,1.3287620959090418e-06,1.873854785117146e-06,1,6.217857599258423,False,"['STAT', 'STAT', 'TEXT', 'TEXT', 'PBMD']","[468502519162786673, 468502519162763819, 468502519162329180, 468502519162367729, 468502519163727717]","[0.8108503222465515, 0.7860971689224243, 0.7894130945205688, 0.7961412668228149, 0.775384783744812]"
1222,MEDQA,1.2216305549372919e-05,1.0449160072312225e-05,0.9997610449790955,6.400886195478961e-05,0.00015235436148941517,3,9.614572763442993,False,"['PBMD', 'PBMD', 'PBMD', 'TEXT', 'PBMD']","[468502519163714107, 468502519163021397, 468502519163836944, 468502519162389975, 468502519163090473]","[0.7639822363853455, 0.7444987297058105, 0.7466181516647339, 0.7469832301139832, 0.7486148476600647]"
1223,MEDQA,0.9999710321426392,7.88909619586775e-06,8.315046216011979e-07,7.296221156138927e-06,1.300692110817181e-05,0,6.638872146606445,False,"['STAT', 'STAT', 'PBMD', 'STAT', 'PBMD']","[468502519162717338, 468502519162812262, 468502519163452270, 468502519162794732, 468502519163573143]","[0.8059481978416443, 0.8041142225265503, 0.7941977381706238, 0.8042358160018921, 0.8299960494041443]"
1224,MEDQA,9.515054443909321e-06,2.354998650844209e-05,0.9998646974563599,4.757227725349367e-05,5.475535726873204e-05,4,7.983340501785278,False,"['PBMD', 'PBMD', 'PBMD', 'TEXT', 'PBMD']","[468502519163941451, 468502519163605847, 468502519163680638, 468502519162394635, 468502519163753797]","[0.7749555110931396, 0.7870079278945923, 0.7752903699874878, 0.8105541467666626, 0.7818295955657959]"
1225,MEDQA,3.7262800560711185e-06,0.9998998641967773,1.136451146521722e-06,4.985707710147835e-05,4.539538349490613e-05,1,7.748632907867432,False,"['PBMD', 'PBMD', 'PBMD', 'PBMD', 'PBMD']","[468502519163630928, 468502519163959085, 468502519163701899, 468502519163849907, 468502519163299261]","[0.8059941530227661, 0.8059011697769165, 0.7927844524383545, 0.7938660383224487, 0.794327437877655]"
1226,MEDQA,0.0001929471909534186,0.04880654439330101,0.00017027529247570783,0.0006853945669718087,0.9501448273658752,4,8.952373266220093,False,"['STAT', 'PBMD', 'TEXT', 'STAT', 'TEXT']","[468502519162801681, 468502519163206461, 468502519162416823, 468502519162910243, 468502519162312000]","[0.7766305208206177, 0.798995852470398, 0.7791413068771362, 0.7884747385978699, 0.7746912240982056]"
1227,MEDQA,5.6821390899131075e-06,5.6821390899131075e-06,3.500664206512738e-06,4.298130443203263e-05,0.9999421834945679,2,5.831418991088867,False,"['PBMD', 'TEXT', 'STAT', 'TEXT', 'STAT']","[468502519163319000, 468502519162324191, 468502519162457380, 468502519162389975, 468502519162710249]","[0.7778836488723755, 0.7897781729698181, 0.7774655818939209, 0.7830575704574585, 0.8000968098640442]"
1228,MEDQA,4.05865202557365e-10,6.691586174056852e-10,2.789468100949932e-10,8.152020392060422e-09,1.0,2,10.841215133666992,False,"['PBMD', 'PBMD', 'PBMD', 'PBMD', 'PBMD']","[468502519163193917, 468502519163612512, 468502519163713722, 468502519163069032, 468502519163775907]","[0.8111947774887085, 0.808707594871521, 0.7990671992301941, 0.8074672222137451, 0.8096215724945068]"
1229,MEDQA,1.538145539825564e-07,2.6995292046194663e-07,9.55056194129611e-08,1.7778544133761898e-05,0.9999817609786987,3,10.685998678207397,False,"['PBMD', 'PBMD', 'PBMD', 'PBMD', 'PBMD']","[468502519163610603, 468502519163358644, 468502519163492997, 468502519163469499, 468502519163354540]","[0.7748754620552063, 0.7729237675666809, 0.7847723364830017, 0.7743346095085144, 0.7811696529388428]"
1230,MEDQA,8.663596418045927e-06,3.7049499951535836e-05,0.9998693466186523,2.468028833391145e-05,6.0137277614558116e-05,4,8.260623693466187,False,"['TEXT', 'TEXT', 'PBMD', 'TEXT', 'TEXT']","[468502519162414162, 468502519162414416, 468502519163976483, 468502519162414480, 468502519162348681]","[0.7824044823646545, 0.7805894613265991, 0.7674744129180908, 0.7821561098098755, 0.7675405740737915]"
1231,MEDQA,0.999972939491272,5.682313712895848e-06,2.7693386073224247e-06,1.696425533737056e-05,1.7061399830708979e-06,0,7.273991584777832,False,"['PBMD', 'PBMD', 'PBMD', 'PBMD', 'PBMD']","[468502519163136527, 468502519163537736, 468502519163943819, 468502519163246923, 468502519163459256]","[0.8088247776031494, 0.824665904045105, 0.8200018405914307, 0.8030714988708496, 0.8061808943748474]"
1232,MEDQA,9.080291420104913e-06,0.9999707937240601,2.8129431939305505e-06,5.5942059589142445e-06,1.1659325537038967e-05,1,8.336732625961304,False,"['TEXT', 'TEXT', 'STAT', 'PBMD', 'PBMD']","[468502519162392003, 468502519162351183, 468502519162974718, 468502519163623677, 468502519163744764]","[0.8182082176208496, 0.8223639130592346, 0.8351728916168213, 0.8146373629570007, 0.8180598020553589]"
1233,MEDQA,0.9987564086914062,9.23147308640182e-05,1.5427340258611366e-05,0.00021972817194182426,0.0009160999907180667,1,8.856903791427612,False,"['PBMD', 'PBMD', 'PBMD', 'TEXT', 'PBMD']","[468502519163690418, 468502519163640187, 468502519163535025, 468502519162346847, 468502519163689687]","[0.7633570432662964, 0.7635304927825928, 0.7638055086135864, 0.7606761455535889, 0.7584550976753235]"
1234,MEDQA,3.762549386010505e-05,4.068285852554254e-05,0.9996713399887085,0.00014650460798293352,0.00010388731607235968,2,8.347795248031616,False,"['TEXT', 'STAT', 'TEXT', 'TEXT', 'PBMD']","[468502519162308304, 468502519162816443, 468502519162417536, 468502519162315848, 468502519163366818]","[0.7387353181838989, 0.7436714768409729, 0.747685432434082, 0.7368277907371521, 0.7479001879692078]"
1235,MEDQA,0.2,0.2,0.2,0.2,0.2,0,10.27315378189087,True,"['PBMD', 'TEXT', 'PBMD', 'TEXT', 'PBMD']","[468502519163248275, 468502519162372107, 468502519163380317, 468502519162365421, 468502519163712269]","[0.7732398509979248, 0.769638180732727, 0.7597532272338867, 0.756183922290802, 0.7598095536231995]"
1236,MEDQA,1.653664980949543e-06,1.9947008240706054e-06,4.092859853699338e-06,0.9999834299087524,8.801031981420238e-06,2,9.701651334762573,False,"['PBMD', 'PBMD', 'PBMD', 'PBMD', 'PBMD']","[468502519163581085, 468502519163816676, 468502519163623603, 468502519163150469, 468502519163187766]","[0.809028685092926, 0.8062630891799927, 0.7960273623466492, 0.8020284175872803, 0.7965604066848755]"
1237,MEDQA,0.9998583793640137,1.7229427612619475e-05,3.6114845443080412e-06,0.00010554304753895849,1.5204917872324586e-05,0,5.585888385772705,False,"['PBMD', 'PBMD', 'PBMD', 'PBMD', 'PBMD']","[468502519163311572, 468502519163908248, 468502519163180857, 468502519163571985, 468502519163612148]","[0.7925348877906799, 0.7853432893753052, 0.7894555926322937, 0.7839128375053406, 0.7852213978767395]"
1238,MEDQA,1.1125135642942041e-05,1.916627661557868e-05,9.856324140855577e-06,0.9999464750289917,1.3315044270711951e-05,3,10.665307998657227,False,"['PBMD', 'TEXT', 'PBMD', 'PBMD', 'PBMD']","[468502519163581033, 468502519162393576, 468502519163700068, 468502519163606238, 468502519163646187]","[0.7751012444496155, 0.7817215323448181, 0.7865981459617615, 0.7695349454879761, 0.7685146331787109]"
1239,MEDQA,7.338163072745374e-07,2.026131596721825e-06,1.3496946849045344e-06,0.999992847442627,3.0894818792148726e-06,3,6.864056348800659,False,"['STAT', 'PBMD', 'PBMD', 'PBMD', 'PBMD']","[468502519162471519, 468502519163949943, 468502519163351330, 468502519163079133, 468502519163119792]","[0.7734615206718445, 0.7710950970649719, 0.7767050266265869, 0.7741646766662598, 0.7725911140441895]"
1240,MEDQA,0.999966025352478,1.4970799384173006e-05,2.1907119389652507e-06,1.2218810297781602e-05,4.495048870012397e-06,0,6.906881332397461,False,"['PBMD', 'PBMD', 'TEXT', 'PBMD', 'PBMD']","[468502519163176762, 468502519163357474, 468502519162354739, 468502519163433106, 468502519163248469]","[0.7811733484268188, 0.7909498810768127, 0.762036919593811, 0.7794004678726196, 0.7604201436042786]"
1241,MEDQA,1.602619363438862e-06,4.7103603719733655e-06,1.067574771695945e-06,0.0001136766659328714,0.9998788833618164,4,7.423057794570923,False,"['PBMD', 'PBMD', 'PBMD', 'PBMD', 'PBMD']","[468502519163935428, 468502519163941271, 468502519163747688, 468502519163560731, 468502519163543892]","[0.7872179746627808, 0.8051120042800903, 0.7909142971038818, 0.8002812266349792, 0.7863997220993042]"
1242,MEDQA,1.8161509842684609e-06,1.42851340569905e-05,0.999958872795105,1.5206445823423564e-05,9.818019861995708e-06,2,6.882251501083374,False,"['PBMD', 'PBMD', 'TEXT', 'TEXT', 'PBMD']","[468502519163703498, 468502519163624200, 468502519162342011, 468502519162379481, 468502519163760307]","[0.7887993454933167, 0.7884792685508728, 0.8362820148468018, 0.8285404443740845, 0.8171272873878479]"
1243,MEDQA,4.494293079915224e-06,7.887730134825688e-06,0.9997978806495667,2.8852116884081624e-05,0.0001609241880942136,4,7.015608072280884,False,"['PBMD', 'PBMD', 'PBMD', 'PBMD', 'PBMD']","[468502519163489889, 468502519163878592, 468502519163540937, 468502519163672656, 468502519163283068]","[0.7919062972068787, 0.7877436280250549, 0.7916262745857239, 0.7964720726013184, 0.787716269493103]"
1244,MEDQA,1.7775613741832785e-05,3.7047560908831656e-05,0.9998169541358948,9.609405969968066e-05,3.2187475881073624e-05,0,9.350774049758911,False,"['TEXT', 'PBMD', 'PBMD', 'PBMD', 'PBMD']","[468502519162394632, 468502519163010128, 468502519163521301, 468502519163392460, 468502519163770095]","[0.7902162075042725, 0.7899687886238098, 0.7897465229034424, 0.7886089086532593, 0.7896151542663574]"
1245,MEDQA,0.9998254179954529,7.113323954399675e-05,5.092841547593707e-06,7.030451524769887e-05,2.7965203116764314e-05,1,8.166789770126343,False,"['PBMD', 'PBMD', 'STAT', 'PBMD', 'PBMD']","[468502519163760049, 468502519163777649, 468502519162852635, 468502519163761171, 468502519163616623]","[0.7675869464874268, 0.7676069140434265, 0.7709606885910034, 0.7662596702575684, 0.7721474170684814]"
1246,MEDQA,0.0015255925245583057,0.0019588996656239033,0.5560289621353149,0.43303579092025757,0.007450792007148266,2,8.677341222763062,False,"['TEXT', 'PBMD', 'PBMD', 'PBMD', 'PBMD']","[468502519162313707, 468502519163504321, 468502519163886959, 468502519163738874, 468502519163712208]","[0.7987279295921326, 0.797623872756958, 0.7977178692817688, 0.8096627593040466, 0.7995158433914185]"
1247,MEDQA,0.2,0.2,0.2,0.2,0.2,1,10.760183572769165,True,"['PBMD', 'PBMD', 'PBMD', 'PBMD', 'PBMD']","[468502519163700092, 468502519163404473, 468502519163461061, 468502519163367633, 468502519163611622]","[0.7884923815727234, 0.7907692193984985, 0.7925411462783813, 0.7970833778381348, 0.788996696472168]"
1248,MEDQA,1.8159307728637941e-06,3.904865025106119e-06,2.1904306777287275e-06,0.00015446345787495375,0.9998376369476318,4,5.341747522354126,False,"['PBMD', 'PBMD', 'PBMD', 'PBMD', 'PBMD']","[468502519163364372, 468502519163714013, 468502519163163040, 468502519163755682, 468502519163946363]","[0.7778290510177612, 0.7730221748352051, 0.7852277755737305, 0.7740650177001953, 0.7734998464584351]"
1249,MEDQA,4.2226524783473e-06,1.4738505342393182e-05,1.2411065654305276e-05,0.9999529123306274,1.5689058272982948e-05,3,8.196282863616943,False,"['PBMD', 'PBMD', 'PBMD', 'PBMD', 'PBMD']","[468502519163314951, 468502519163863513, 468502519163639516, 468502519163346276, 468502519163361552]","[0.8114942312240601, 0.7886155843734741, 0.7972345352172852, 0.7939724922180176, 0.803817629814148]"
1250,MEDQA,2.5607075713196537e-06,0.9997730851173401,5.2542309276759624e-06,3.8221896829782054e-05,0.00018092745449393988,1,5.9174017906188965,False,"['STAT', 'TEXT', 'TEXT', 'TEXT', 'STAT']","[468502519162445109, 468502519162395392, 468502519162339717, 468502519162340880, 468502519162906903]","[0.7740405797958374, 0.7884833812713623, 0.7729950547218323, 0.7846153974533081, 0.7765896320343018]"
1251,MEDQA,0.9998774528503418,6.50244255666621e-05,5.093106665299274e-06,3.5353168641449884e-05,1.6962634617812e-05,0,4.489988803863525,False,"['PBMD', 'PBMD', 'TEXT', 'PBMD', 'TEXT']","[468502519163303575, 468502519163278375, 468502519162342301, 468502519163328227, 468502519162357896]","[0.7463197112083435, 0.7587475776672363, 0.7490598559379578, 0.7435280680656433, 0.7434930205345154]"
1252,MEDQA,2.190733084717067e-06,0.9999756813049316,9.132334071182413e-07,1.4738840945938136e-05,6.438922810048098e-06,1,5.943349599838257,False,"['STAT', 'PBMD', 'TEXT', 'TEXT', 'PBMD']","[468502519162814126, 468502519163753914, 468502519162390966, 468502519162411051, 468502519163788346]","[0.7625553607940674, 0.753649890422821, 0.7588388919830322, 0.7556478977203369, 0.7558019757270813]"
1253,MEDQA,2.818618668243289e-05,0.9998840093612671,1.0288425983162597e-05,4.870136399404146e-05,2.885460344259627e-05,1,8.067665100097656,False,"['PBMD', 'TEXT', 'PBMD', 'STAT', 'TEXT']","[468502519163029914, 468502519162327132, 468502519163049485, 468502519162815933, 468502519162307802]","[0.7843751311302185, 0.7697766423225403, 0.7656350135803223, 0.7718160152435303, 0.7633653283119202]"
1254,MEDQA,1.8631009879754856e-05,0.9999418258666992,2.994275746459607e-06,1.3006540939386468e-05,2.355180367885623e-05,1,8.386265754699707,False,"['TEXT', 'TEXT', 'TEXT', 'PBMD', 'PBMD']","[468502519162417537, 468502519162315848, 468502519162417538, 468502519163467548, 468502519163651319]","[0.8251791000366211, 0.8198971748352051, 0.8076959848403931, 0.8376906514167786, 0.8075675964355469]"
1255,MEDQA,8.544478623662144e-05,6.0117916291346774e-05,0.9995474219322205,0.00022206020366866142,8.477985102217644e-05,1,7.141051530838013,False,"['PBMD', 'STAT', 'PBMD', 'PBMD', 'PBMD']","[468502519163291097, 468502519162838427, 468502519163673278, 468502519163354565, 468502519163707143]","[0.8144820332527161, 0.7915679812431335, 0.7860139608383179, 0.7927067279815674, 0.8030720353126526]"
1256,MEDQA,1.2603605682670604e-05,0.999722421169281,5.5928162510099355e-06,2.4294085960718803e-05,0.0002350419817958027,1,6.421106576919556,False,"['STAT', 'TEXT', 'PBMD', 'TEXT', 'STAT']","[468502519162988690, 468502519162379247, 468502519163509051, 468502519162295184, 468502519162948411]","[0.7818771600723267, 0.7799575924873352, 0.7956688404083252, 0.7943688035011292, 0.7853847742080688]"
1257,MEDQA,1.2410189810907468e-05,2.546405630710069e-05,1.4737464880454354e-05,6.502473843283951e-05,0.9998823404312134,4,5.443585395812988,False,"['TEXT', 'PBMD', 'STAT', 'PBMD', 'PBMD']","[468502519162413274, 468502519163124270, 468502519162749091, 468502519163169320, 468502519163793262]","[0.8021858334541321, 0.7756409049034119, 0.7756876349449158, 0.7728501558303833, 0.7748312950134277]"
1258,MEDQA,0.9999861717224121,1.0699362974264659e-05,2.382336674600083e-07,2.2252554572332883e-06,5.714928761335614e-07,0,5.957483530044556,False,"['TEXT', 'PBMD', 'PBMD', 'PBMD', 'PBMD']","[468502519162327263, 468502519163892842, 468502519163944249, 468502519163579101, 468502519163692458]","[0.7911480665206909, 0.77016681432724, 0.7756013870239258, 0.7727303504943848, 0.7966720461845398]"
1259,MEDQA,9.817745194595773e-06,1.0782682693388779e-05,0.9999308586120605,4.133424590690993e-05,7.1828153522801585e-06,2,6.844546556472778,False,"['STAT', 'STAT', 'STAT', 'STAT', 'STAT']","[468502519162926750, 468502519162490210, 468502519162490238, 468502519162718135, 468502519162719356]","[0.7735632061958313, 0.7659037709236145, 0.7712984085083008, 0.7729158401489258, 0.774627685546875]"
1260,MEDQA,4.468787301448174e-05,5.224541746429168e-05,0.9998165965080261,6.921392923686653e-05,1.7228709111805074e-05,2,6.867598533630371,False,"['PBMD', 'PBMD', 'PBMD', 'TEXT', 'PBMD']","[468502519163142928, 468502519163159383, 468502519163281474, 468502519162366857, 468502519163310984]","[0.7825096249580383, 0.7838559746742249, 0.7976926565170288, 0.77595055103302, 0.808451771736145]"
1261,MEDQA,0.9998090863227844,3.0954150133766234e-05,4.794272899744101e-05,7.197055674623698e-05,4.005764640169218e-05,3,10.687893629074097,False,"['PBMD', 'PBMD', 'PBMD', 'PBMD', 'PBMD']","[468502519163763406, 468502519163523925, 468502519163899266, 468502519163812863, 468502519163729660]","[0.7653338313102722, 0.7679851055145264, 0.7949646711349487, 0.7661983966827393, 0.7738821506500244]"
1262,MEDQA,4.565416475088568e-06,8.397086276090704e-06,5.337512902769959e-06,0.00010741640289779752,0.9998742341995239,2,8.48197340965271,False,"['PBMD', 'PBMD', 'PBMD', 'PBMD', 'PBMD']","[468502519163782000, 468502519163144106, 468502519163649351, 468502519163719759, 468502519163576679]","[0.8074085712432861, 0.7914800643920898, 0.7886325120925903, 0.7984253168106079, 0.7828537225723267]"
1263,MEDQA,0.9998136162757874,1.6439700630144216e-05,1.2876569144282257e-06,0.00015029346104711294,1.8339809685130604e-05,0,7.069486141204834,False,"['TEXT', 'TEXT', 'PBMD', 'TEXT', 'PBMD']","[468502519162392811, 468502519162390570, 468502519163859660, 468502519162390647, 468502519163640297]","[0.7798178791999817, 0.7760415077209473, 0.7636361122131348, 0.7879345417022705, 0.7634727954864502]"
1264,MEDQA,5.043399369242252e-07,1.0676876627258025e-06,7.571038622700144e-07,1.3007097550143953e-05,0.999984622001648,1,10.036925315856934,False,"['PBMD', 'PBMD', 'TEXT', 'PBMD', 'PBMD']","[468502519163940099, 468502519163922895, 468502519162356049, 468502519163911005, 468502519163496720]","[0.781141459941864, 0.7845408916473389, 0.7829850912094116, 0.7812840342521667, 0.7846322059631348]"
1265,MEDQA,5.771552878286457e-06,0.9999306201934814,1.5533923942712136e-06,2.7534539185580797e-05,3.453604949754663e-05,1,8.38533878326416,False,"['PBMD', 'PBMD', 'PBMD', 'PBMD', 'TEXT']","[468502519163700543, 468502519163906239, 468502519163367662, 468502519163576023, 468502519162361527]","[0.7832338809967041, 0.7897569537162781, 0.7897270917892456, 0.7975682616233826, 0.7924047112464905]"
1266,MEDQA,0.0004171663022134453,0.00033000571420416236,0.00024143734481185675,0.530684232711792,0.46832719445228577,2,7.167975187301636,False,"['PBMD', 'PBMD', 'PBMD', 'PBMD', 'PBMD']","[468502519163747485, 468502519163525399, 468502519163816949, 468502519163894789, 468502519163657690]","[0.7833698987960815, 0.8053637146949768, 0.7773325443267822, 0.7931896448135376, 0.7773313522338867]"
1267,MEDQA,3.590660708141513e-05,0.9997857213020325,9.366797712573316e-06,4.756852285936475e-05,0.00012147048255428672,1,6.246381521224976,False,"['PBMD', 'PBMD', 'PBMD', 'PBMD', 'PBMD']","[468502519163761927, 468502519163921598, 468502519163539722, 468502519163719759, 468502519163164082]","[0.8004441261291504, 0.7849360704421997, 0.8167458772659302, 0.7898507714271545, 0.7833269238471985]"
1268,MEDQA,5.3872841817792505e-05,8.343988884007558e-05,4.536548294709064e-05,0.0005760851199738681,0.9992412328720093,4,8.625072717666626,False,"['PBMD', 'PBMD', 'PBMD', 'PBMD', 'PBMD']","[468502519163019273, 468502519163824442, 468502519163292383, 468502519163994495, 468502519163041416]","[0.8313766717910767, 0.8091239929199219, 0.8094359636306763, 0.8145793676376343, 0.817338228225708]"
1269,MEDQA,0.6335266828536987,0.11903613805770874,0.13279440999031067,0.07219906896352768,0.042443640530109406,4,6.008537292480469,False,"['PBMD', 'PBMD', 'PBMD', 'PBMD', 'PBMD']","[468502519163872852, 468502519163770138, 468502519163577474, 468502519163857495, 468502519163978855]","[0.7833420634269714, 0.7878201603889465, 0.7792456150054932, 0.7863690257072449, 0.786545991897583]"
1270,MEDQA,2.506292366888374e-05,0.9996291399002075,8.347228140337393e-05,7.139762601582333e-05,0.00019106996478512883,2,4.85422945022583,False,"['STAT', 'TEXT', 'PBMD', 'PBMD', 'PBMD']","[468502519162744130, 468502519162327317, 468502519163080677, 468502519163820833, 468502519163786461]","[0.8123497366905212, 0.781814455986023, 0.8013538122177124, 0.7730815410614014, 0.7883543968200684]"
1271,MEDQA,8.938820428738836e-06,4.539507790468633e-05,0.999893069267273,2.3185535610537045e-05,2.9309263481991366e-05,2,4.701614856719971,False,"['STAT', 'PBMD', 'TEXT', 'TEXT', 'PBMD']","[468502519162785882, 468502519163341271, 468502519162361512, 468502519162405236, 468502519163349520]","[0.7407240867614746, 0.7419844269752502, 0.7368705868721008, 0.7354410886764526, 0.7520083785057068]"
1272,MEDQA,3.1871311421127757e-06,1.8340673705097288e-05,0.9998606443405151,0.00010229606414213777,1.5444396922248416e-05,2,5.119458198547363,False,"['PBMD', 'PBMD', 'PBMD', 'PBMD', 'PBMD']","[468502519163461830, 468502519163285910, 468502519163386094, 468502519163189392, 468502519163130761]","[0.8133764863014221, 0.8004790544509888, 0.7999951839447021, 0.8205452561378479, 0.8114840388298035]"
