id,subject,probA,probB,probC,probD,result,answer,time,split,sources,ids,similarity
bc4f5387-b4e2-4c9f-9372-d2578aa9848d,Microbiology,0.08740234375,0.036376953125,0.3046875,0.5703125,True,D,0.02335667610168457,medmcqa_3,"['STAT', 'STAT', 'TEXT', 'STAT', 'STAT']","[467572377850650782, 467572377850752549, 467523489549955233, 467572377850752550, 467572377850752560]","[0.7242345213890076, 0.7166639566421509, 0.7164548635482788, 0.7079784870147705, 0.7033625245094299]"
cb22bfd6-e7d0-4944-8677-45b1a3d35c21,Microbiology,0.30859375,0.30859375,0.0732421875,0.30859375,False,B,0.036359310150146484,medmcqa_3,"['TEXT', 'TEXT', 'TEXT', 'TEXT', 'TEXT']","[467523489549972774, 467523489549933389, 467523489549933390, 467523489549933467, 467523489549933259]","[0.7565945386886597, 0.7521301507949829, 0.7473514676094055, 0.7402340173721313, 0.7388443946838379]"
c56d4b66-8192-4b25-9d20-7312a5f5d4cb,Microbiology,0.01361083984375,0.74609375,0.212890625,0.02880859375,False,C,0.03803658485412598,medmcqa_3,"['STAT', 'STAT', 'TEXT', 'STAT', 'TEXT']","[467572377850628889, 467572377850269674, 467523489549969090, 467572377850233654, 467523489549974567]","[0.8017071485519409, 0.7899990677833557, 0.7897089123725891, 0.7894521951675415, 0.7877342700958252]"
a5fcd994-859d-49cc-b3c2-5fa501e726e6,Microbiology,0.640625,0.267578125,0.0673828125,0.0263671875,False,B,0.05654740333557129,medmcqa_3,"['TEXT', 'TEXT', 'TEXT', 'TEXT', 'TEXT']","[467523489549704545, 467523489549704522, 467523489549701066, 467523489549996844, 467523489549704426]","[0.7209394574165344, 0.7156451940536499, 0.7110585570335388, 0.6999379396438599, 0.6999028921127319]"
a1bea2c7-217e-4240-a208-541618437eec,Microbiology,0.013916015625,0.00958251953125,0.9765625,0.00107574462890625,False,D,0.050315141677856445,medmcqa_3,"['STAT', 'STAT', 'STAT', 'STAT', 'STAT']","[467572377850736781, 467572377850341299, 467572377850784515, 467572377850689139, 467572377850324941]","[0.8266799449920654, 0.812862753868103, 0.8125226497650146, 0.7981145977973938, 0.7922734618186951]"
9b9120e8-6675-4e3d-8dc1-4c7b261957f1,Microbiology,0.1435546875,0.44140625,0.365234375,0.049560546875,False,C,0.05113935470581055,medmcqa_3,"['TEXT', 'TEXT', 'TEXT', 'TEXT', 'TEXT']","[467523489549685660, 467523489549974912, 467523489549972766, 467523489549930513, 467523489549933270]","[0.7241949439048767, 0.704981803894043, 0.6966457962989807, 0.6905655860900879, 0.6891840100288391]"
78396a0e-60b7-4aa4-9586-8d38825f08ab,Microbiology,1.0,0.00102996826171875,0.00075531005859375,6.580352783203125e-05,True,A,0.03658127784729004,medmcqa_3,"['STAT', 'TEXT', 'TEXT', 'TEXT', 'TEXT']","[467572377850355910, 467523489549929645, 467523489549956546, 467523489549972858, 467523489549973757]","[0.7044093012809753, 0.7012126445770264, 0.6981741189956665, 0.6978784799575806, 0.6972669363021851]"
15417774-021b-4c2c-8d47-6d80322fe687,Microbiology,0.0048828125,0.9921875,0.0023040771484375,0.002166748046875,True,B,0.03826117515563965,medmcqa_3,"['STAT', 'STAT', 'STAT', 'STAT', 'STAT']","[467572377850340590, 467572377850620945, 467572377850646041, 467572377850620938, 467572377850302124]","[0.7538847923278809, 0.7498840093612671, 0.7456693649291992, 0.7415153384208679, 0.7343985438346863]"
2388aeb7-4920-452f-9acb-28be49c72966,Microbiology,0.30859375,0.06494140625,0.04736328125,0.578125,True,D,0.037949323654174805,medmcqa_3,"['STAT', 'TEXT', 'TEXT', 'STAT', 'STAT']","[467572377850686140, 467523489549926566, 467523489549933310, 467572377850724027, 467572377850757275]","[0.7798432111740112, 0.7723042964935303, 0.7566661238670349, 0.7541738152503967, 0.753257155418396]"
e8de9b5f-8d91-4770-b700-0a4ac5dd29e2,Microbiology,0.99609375,0.0023193359375,0.00116729736328125,0.0003337860107421875,True,A,0.03118896484375,medmcqa_3,"['TEXT', 'STAT', 'STAT', 'TEXT', 'STAT']","[467523489549926078, 467572377850327771, 467572377850770294, 467523489549928479, 467572377850229429]","[0.8024380207061768, 0.7901211977005005, 0.7801727652549744, 0.7771824598312378, 0.769219160079956]"
3aab1eeb-6cbe-4fc3-b2de-5b459ab610f6,Microbiology,0.12109375,0.7421875,0.0306396484375,0.10693359375,True,B,0.03221440315246582,medmcqa_3,"['STAT', 'STAT', 'STAT', 'TEXT', 'TEXT']","[467572377850668583, 467572377850238184, 467572377850668545, 467523489549932324, 467523489549932278]","[0.79747474193573, 0.7768079042434692, 0.7746450901031494, 0.7735864520072937, 0.7713627815246582]"
2610a5af-a6cb-488f-98df-4341a3a9c7f9,Microbiology,0.11962890625,0.0235595703125,0.83203125,0.025146484375,True,C,0.03638601303100586,medmcqa_3,"['TEXT', 'TEXT', 'TEXT', 'TEXT', 'TEXT']","[467523489549926439, 467523489549929244, 467523489549926465, 467523489549926485, 467523489549926440]","[0.7409819960594177, 0.7294005751609802, 0.7242036461830139, 0.7191882729530334, 0.7111143469810486]"
44483815-3319-493d-b156-d3663a4d61a1,Microbiology,0.2060546875,0.55859375,0.0296630859375,0.2060546875,False,D,0.03788876533508301,medmcqa_3,"['STAT', 'STAT', 'STAT', 'TEXT', 'STAT']","[467572377850706277, 467572377850696897, 467572377850239288, 467523489549978602, 467572377850279434]","[0.809280276298523, 0.7945939302444458, 0.7865498661994934, 0.7861615419387817, 0.7841969728469849]"
9c1caee2-628f-4a80-b55e-8480760cb634,Microbiology,0.01458740234375,0.02001953125,0.003692626953125,0.9609375,True,D,0.021502971649169922,medmcqa_3,"['STAT', 'STAT', 'STAT', 'STAT', 'STAT']","[467572377850276197, 467572377850786841, 467572377850770838, 467572377850766953, 467572377850730495]","[0.7570326924324036, 0.7508445382118225, 0.7503847479820251, 0.7273930311203003, 0.7257065176963806]"
ced0e6e7-048a-467e-aa7e-e10def9ebb5e,Microbiology,0.08984375,0.6640625,0.130859375,0.115234375,True,B,0.028742551803588867,medmcqa_3,"['STAT', 'STAT', 'STAT', 'TEXT', 'STAT']","[467572377850700685, 467572377850751019, 467572377850369419, 467523489549986323, 467572377850369424]","[0.7762839198112488, 0.7458468675613403, 0.7415069937705994, 0.7324541211128235, 0.7317014336585999]"
e14c42e1-754e-40a6-9b50-5d27b40e5a7d,Microbiology,0.9921875,0.004058837890625,0.00131988525390625,0.001495361328125,True,A,0.050107717514038086,medmcqa_3,"['TEXT', 'STAT', 'TEXT', 'TEXT', 'TEXT']","[467523489549701674, 467572377850241273, 467523489549705524, 467523489549698606, 467523489549701676]","[0.8101880550384521, 0.8066383004188538, 0.8041384220123291, 0.7954951524734497, 0.7818113565444946]"
ee9f14bb-4e5e-4e39-99aa-ba63533bf4b2,Microbiology,0.00738525390625,0.022705078125,0.00225830078125,0.96875,False,B,0.03372955322265625,medmcqa_3,"['STAT', 'STAT', 'STAT', 'STAT', 'STAT']","[467572377850784515, 467572377850341299, 467572377850736781, 467572377850329949, 467572377850689139]","[0.8221129179000854, 0.8156259059906006, 0.8118131160736084, 0.7994486093521118, 0.7949684262275696]"
2fb9aa7b-5106-4856-943d-f6554959feab,Microbiology,0.6328125,0.1328125,0.1328125,0.10302734375,True,A,0.03526592254638672,medmcqa_3,"['TEXT', 'TEXT', 'TEXT', 'TEXT', 'TEXT']","[467523489549932162, 467523489549927722, 467523489549932163, 467523489549978584, 467523489549932161]","[0.7479334473609924, 0.7389594316482544, 0.7325015664100647, 0.7280542254447937, 0.7273910641670227]"
9859d4a2-274f-47eb-b20f-ca5309440793,Microbiology,0.040771484375,0.9296875,0.006683349609375,0.0218505859375,True,B,0.03417325019836426,medmcqa_3,"['TEXT', 'TEXT', 'STAT', 'TEXT', 'TEXT']","[467523489549928202, 467523489549928158, 467572377850271615, 467523489549928174, 467523489549686413]","[0.8152135014533997, 0.8093088865280151, 0.7968900203704834, 0.793721079826355, 0.7762598395347595]"
6b874c35-3e1a-4158-b37c-34fd4c6350a7,Microbiology,0.34765625,0.23828125,0.14453125,0.26953125,False,D,0.04529881477355957,medmcqa_3,"['STAT', 'TEXT', 'TEXT', 'STAT', 'TEXT']","[467572377850392541, 467523489549972774, 467523489549933270, 467572377850706539, 467523489549933450]","[0.7695239782333374, 0.7535898685455322, 0.7517516613006592, 0.7513231039047241, 0.750452995300293]"
05984a75-d9af-4a87-8ac5-824576bf0d9f,Social & Preventive Medicine,0.12060546875,0.8359375,0.03466796875,0.007720947265625,False,A,0.030516386032104492,medmcqa_3,"['TEXT', 'TEXT', 'TEXT', 'TEXT', 'TEXT']","[467523489549957411, 467523489549956360, 467523489549957445, 467523489549958489, 467523489549956364]","[0.7094960808753967, 0.7006018757820129, 0.6929725408554077, 0.6905048489570618, 0.686627209186554]"
2dbbf01a-5a68-40c9-a24f-fd4af9d314e8,Social & Preventive Medicine,0.0091552734375,0.05615234375,0.93359375,0.00102996826171875,True,C,0.033057451248168945,medmcqa_3,"['STAT', 'TEXT', 'TEXT', 'TEXT', 'STAT']","[467572377850770779, 467523489549926221, 467523489549954656, 467523489549954633, 467572377850380036]","[0.7847419381141663, 0.7475202679634094, 0.7428590059280396, 0.7355988025665283, 0.7344678044319153]"
0c9337fa-55ba-4441-8da7-99d451749ccf,Social & Preventive Medicine,0.2080078125,0.4140625,0.251953125,0.1259765625,False,C,0.018310546875,medmcqa_3,"['TEXT', 'TEXT', 'TEXT', 'TEXT', 'TEXT']","[467523489549983570, 467523489549983051, 467523489549677742, 467523489549939247, 467523489549987024]","[0.6943299174308777, 0.6943299174308777, 0.6943298578262329, 0.6943298578262329, 0.6943298578262329]"
5d7ae586-3ecd-41a4-a172-d32ab3dc4f6a,Social & Preventive Medicine,0.12451171875,0.494140625,0.043212890625,0.33984375,False,D,0.028745174407958984,medmcqa_3,"['STAT', 'STAT', 'STAT', 'STAT', 'TEXT']","[467572377850688703, 467572377850701135, 467572377850378207, 467572377850701092, 467523489549933355]","[0.7842864394187927, 0.7841478586196899, 0.7678676843643188, 0.761482834815979, 0.7554819583892822]"
157101aa-f928-4f25-8b8a-51e712b3e7ff,Social & Preventive Medicine,0.0242919921875,0.005096435546875,0.96875,0.000942230224609375,True,C,0.04317164421081543,medmcqa_3,"['TEXT', 'TEXT', 'TEXT', 'TEXT', 'TEXT']","[467523489549705960, 467523489549705965, 467523489549705970, 467523489549705962, 467523489549711699]","[0.8085775375366211, 0.802519679069519, 0.796984851360321, 0.7936162948608398, 0.7887011170387268]"
0113aaf1-61d3-4d61-a9c7-b5b46e51e7e8,Social & Preventive Medicine,0.007568359375,0.98828125,0.00148773193359375,0.0015869140625,True,B,0.03278660774230957,medmcqa_3,"['TEXT', 'TEXT', 'TEXT', 'TEXT', 'TEXT']","[467523489550010585, 467523489550010589, 467523489549687358, 467523489549688787, 467523489549963040]","[0.7173328399658203, 0.7105714082717896, 0.7094979882240295, 0.709160327911377, 0.7082748413085938]"
f0f91922-12fd-4213-871c-19e47532a6d6,Social & Preventive Medicine,0.10888671875,0.2158203125,0.55078125,0.123046875,True,C,0.04380512237548828,medmcqa_3,"['TEXT', 'TEXT', 'TEXT', 'TEXT', 'TEXT']","[467523489549976945, 467523489549996997, 467523489549956632, 467523489549706607, 467523489549711489]","[0.7214379906654358, 0.716932475566864, 0.7143701314926147, 0.7119013667106628, 0.7091849446296692]"
658ebcea-6f61-4281-a426-848ad0dcf8bf,Social & Preventive Medicine,0.11279296875,0.26953125,0.1982421875,0.41796875,False,B,0.028186321258544922,medmcqa_3,"['STAT', 'STAT', 'STAT', 'STAT', 'STAT']","[467572377850380647, 467572377850355790, 467572377850789676, 467572377850259939, 467572377850251228]","[0.756721556186676, 0.7492383718490601, 0.7478842735290527, 0.7477418184280396, 0.7379189729690552]"
7754fac4-e0d5-4ae7-9df8-9fd6bef4e4db,Social & Preventive Medicine,0.412109375,0.171875,0.36328125,0.052490234375,False,C,0.04300379753112793,medmcqa_3,"['TEXT', 'TEXT', 'TEXT', 'TEXT', 'TEXT']","[467523489549686530, 467523489549686529, 467523489549926266, 467523489549687338, 467523489549932105]","[0.7089005708694458, 0.7010260820388794, 0.6956390738487244, 0.69440096616745, 0.6898987293243408]"
f4a4fc55-bc04-42eb-8f8d-d6d48a5b1c5a,Social & Preventive Medicine,0.0654296875,0.025634765625,0.90234375,0.005706787109375,True,C,0.044063568115234375,medmcqa_3,"['TEXT', 'TEXT', 'TEXT', 'TEXT', 'TEXT']","[467523489549931243, 467523489549978506, 467523489549705107, 467523489549931240, 467523489549927780]","[0.7946494817733765, 0.7317127585411072, 0.730964183807373, 0.7308299541473389, 0.7285408973693848]"
da131385-8cb4-4fbe-8f90-8ae12467eadd,Social & Preventive Medicine,0.59765625,0.10400390625,0.2490234375,0.049072265625,True,A,0.03600478172302246,medmcqa_3,"['TEXT', 'TEXT', 'TEXT', 'TEXT', 'TEXT']","[467523489549960696, 467523489549955189, 467523489549956359, 467523489549956360, 467523489549955635]","[0.7284134030342102, 0.7180812954902649, 0.7047504186630249, 0.7002250552177429, 0.6955236792564392]"
0ce2a16b-40f9-4f27-b5e0-24b1f906e4ba,Social & Preventive Medicine,0.1298828125,0.453125,0.083984375,0.33203125,True,B,0.0521547794342041,medmcqa_3,"['TEXT', 'TEXT', 'TEXT', 'TEXT', 'TEXT']","[467523489549706471, 467523489550010235, 467523489550009965, 467523489550001826, 467523489549686547]","[0.6544678211212158, 0.6543914675712585, 0.6537410020828247, 0.6446446180343628, 0.6442471146583557]"
a0f9a92a-4321-4213-aa23-7b60a5f06864,Social & Preventive Medicine,0.515625,0.05810546875,0.022705078125,0.40234375,True,A,0.03326916694641113,medmcqa_3,"['STAT', 'TEXT', 'STAT', 'TEXT', 'STAT']","[467572377850719603, 467523489549706005, 467572377850719602, 467523489550010606, 467572377850719622]","[0.8220935463905334, 0.8197802901268005, 0.8076425790786743, 0.806505560874939, 0.8063672780990601]"
60485d84-b6cd-4796-984a-9432906a4585,Social & Preventive Medicine,0.19921875,0.0286865234375,0.7421875,0.0306396484375,True,C,0.03464460372924805,medmcqa_3,"['TEXT', 'TEXT', 'STAT', 'TEXT', 'STAT']","[467523489549705881, 467523489549933874, 467572377850723484, 467523489549705894, 467572377850413671]","[0.7393474578857422, 0.7360106706619263, 0.7312037944793701, 0.7255692481994629, 0.7207590341567993]"
bed477a6-5416-4f65-9859-e454fa02adbc,Social & Preventive Medicine,0.89453125,0.01446533203125,0.05712890625,0.03466796875,True,A,0.031068086624145508,medmcqa_3,"['TEXT', 'TEXT', 'TEXT', 'TEXT', 'TEXT']","[467523489549956360, 467523489549926536, 467523489549933572, 467523489549930274, 467523489549926529]","[0.7513760924339294, 0.739199697971344, 0.7296284437179565, 0.7284106016159058, 0.7275800704956055]"
11271a83-0b83-4fb4-b809-05e352546743,Social & Preventive Medicine,0.1455078125,0.032470703125,0.7890625,0.03466796875,True,C,0.036946773529052734,medmcqa_3,"['TEXT', 'STAT', 'STAT', 'TEXT', 'TEXT']","[467523489550010616, 467572377850413829, 467572377850322971, 467523489550010542, 467523489549710972]","[0.7273410558700562, 0.7244433164596558, 0.7231411337852478, 0.7207059860229492, 0.7193859815597534]"
f8a5b0e2-b529-4ad4-b55d-f6e5fc4708e1,Social & Preventive Medicine,0.4140625,0.3671875,0.162109375,0.05615234375,False,B,0.0325312614440918,medmcqa_3,"['TEXT', 'TEXT', 'STAT', 'STAT', 'TEXT']","[467523489549711699, 467523489549688779, 467572377850693692, 467572377850638374, 467523489549711698]","[0.806502640247345, 0.8042597770690918, 0.7714619636535645, 0.7709343433380127, 0.762809157371521]"
fc83df2a-e58c-4bb9-b4e8-d20541d3f9c4,Social & Preventive Medicine,0.1865234375,0.474609375,0.2109375,0.1279296875,False,D,0.04508805274963379,medmcqa_3,"['TEXT', 'TEXT', 'TEXT', 'TEXT', 'TEXT']","[467523489549705956, 467523489549688768, 467523489549688763, 467523489549710972, 467523489550010616]","[0.7193753123283386, 0.7167434692382812, 0.7092581391334534, 0.7083171606063843, 0.704039454460144]"
60522ee9-d25d-4890-a184-59a47df07377,Social & Preventive Medicine,0.1533203125,0.64453125,0.134765625,0.06787109375,True,B,0.04188895225524902,medmcqa_3,"['TEXT', 'TEXT', 'TEXT', 'TEXT', 'TEXT']","[467523489549706703, 467523489549995933, 467523489549705828, 467523489549706698, 467523489549711235]","[0.7104577422142029, 0.7101598381996155, 0.704220175743103, 0.7000508904457092, 0.698716402053833]"
2cc7bf03-5a41-4a8c-a8c9-9f969afac49f,Social & Preventive Medicine,0.0263671875,0.8203125,0.00860595703125,0.142578125,True,B,0.04298806190490723,medmcqa_3,"['TEXT', 'TEXT', 'TEXT', 'TEXT', 'TEXT']","[467523489549998760, 467523489549712441, 467523489549711673, 467523489550001547, 467523489549711730]","[0.7423102855682373, 0.7203102707862854, 0.7187185883522034, 0.7183194756507874, 0.7182311415672302]"
cb8ea9a3-b993-4d69-a1e2-aa031b0bdb11,Dental,0.004608154296875,0.99609375,0.00080108642578125,0.000244140625,False,A,0.03413510322570801,medmcqa_3,"['STAT', 'STAT', 'STAT', 'STAT', 'STAT']","[467572377850696547, 467572377850696551, 467572377850294901, 467572377850696548, 467572377850635256]","[0.8021590113639832, 0.7911584973335266, 0.7526957988739014, 0.7491049766540527, 0.7305757403373718]"
bc74b992-2aef-440e-81a2-17958caecbee,Dental,0.318359375,0.1328125,0.08544921875,0.462890625,False,A,0.04387640953063965,medmcqa_3,"['TEXT', 'TEXT', 'TEXT', 'TEXT', 'TEXT']","[467523489549699050, 467523489549699047, 467523489549699033, 467523489549699012, 467523489549699044]","[0.7869281768798828, 0.7557629346847534, 0.7394987940788269, 0.7383480668067932, 0.7381147742271423]"
be69c330-1008-4f75-bca3-3e1658c02f39,Dental,0.310546875,0.201171875,0.310546875,0.1767578125,False,C,0.05156421661376953,medmcqa_3,"['TEXT', 'TEXT', 'TEXT', 'TEXT', 'TEXT']","[467523489549988635, 467523489549989034, 467523489549698025, 467523489549988520, 467523489549989023]","[0.6784682273864746, 0.6662540435791016, 0.6602171063423157, 0.6575973629951477, 0.6534943580627441]"
938a6fd0-f60a-4d86-91c0-0cb8786028ae,Dental,0.2255859375,0.19921875,0.421875,0.1552734375,False,B,0.03365445137023926,medmcqa_3,"['STAT', 'STAT', 'STAT', 'STAT', 'STAT']","[467572377850279371, 467572377850279369, 467572377850279375, 467572377850267676, 467572377850278728]","[0.7313830256462097, 0.7227338552474976, 0.718351423740387, 0.7157080769538879, 0.7124717235565186]"
f282ac31-8ff6-4a2b-b1d3-f2ce16552888,Dental,0.10009765625,0.328125,0.373046875,0.19921875,False,A,0.03503990173339844,medmcqa_3,"['STAT', 'STAT', 'STAT', 'TEXT', 'STAT']","[467572377850740849, 467572377850740850, 467572377850294913, 467523489550009631, 467572377850392444]","[0.7199949026107788, 0.7036585211753845, 0.7029759883880615, 0.7022648453712463, 0.7017320990562439]"
3b5e1975-f74b-426e-8869-43b353f8a100,Dental,0.0673828125,0.81640625,0.059326171875,0.0556640625,True,B,0.03531837463378906,medmcqa_3,"['TEXT', 'TEXT', 'TEXT', 'TEXT', 'TEXT']","[467523489549956903, 467523489549945558, 467523489549957630, 467523489549711456, 467523489549956904]","[0.6536951065063477, 0.6456079483032227, 0.6393696665763855, 0.6378964185714722, 0.6346532106399536]"
069b7516-54c4-4e5d-acf7-a7c92fdd2a01,Dental,0.052734375,0.08154296875,0.7734375,0.09228515625,True,C,0.04450798034667969,medmcqa_3,"['TEXT', 'TEXT', 'TEXT', 'TEXT', 'TEXT']","[467523489549676283, 467523489549676889, 467523489549676280, 467523489549676278, 467523489549676531]","[0.7479594349861145, 0.7393611073493958, 0.7347537875175476, 0.7337332963943481, 0.7329287528991699]"
25a152c6-7c2b-4da4-b89d-cf75e2b780aa,Dental,0.0751953125,0.59375,0.0517578125,0.279296875,True,B,0.034467458724975586,medmcqa_3,"['TEXT', 'TEXT', 'TEXT', 'TEXT', 'TEXT']","[467523489549699004, 467523489549975453, 467523489549699008, 467523489549699042, 467523489549699007]","[0.6961374282836914, 0.6899824142456055, 0.6893353462219238, 0.679472804069519, 0.6792183518409729]"
3d2b968e-f973-423f-a0e9-1aab41489e9f,Dental,0.185546875,0.306640625,0.23828125,0.26953125,False,A,0.038759708404541016,medmcqa_3,"['TEXT', 'TEXT', 'TEXT', 'TEXT', 'TEXT']","[467523489549697687, 467523489549676857, 467523489549698975, 467523489549699113, 467523489549699106]","[0.7130479216575623, 0.7106805443763733, 0.7065668106079102, 0.7061841487884521, 0.7060980200767517]"
3aed5296-d2c0-4347-8804-d85234302675,Dental,0.1748046875,0.25390625,0.4765625,0.09375,False,B,0.02131962776184082,medmcqa_3,"['STAT', 'STAT', 'STAT', 'STAT', 'STAT']","[467572377850239213, 467572377850396159, 467572377850653556, 467572377850785807, 467572377850344380]","[0.7168741226196289, 0.712566077709198, 0.7076161503791809, 0.7021703720092773, 0.7005826830863953]"
8ecd446d-adb7-4e91-aca4-b1f3d3a63447,Dental,0.357421875,0.458984375,0.123046875,0.06201171875,False,A,0.04432106018066406,medmcqa_3,"['TEXT', 'TEXT', 'TEXT', 'TEXT', 'TEXT']","[467523489549699010, 467523489549699009, 467523489549699007, 467523489549699005, 467523489549699006]","[0.7356911897659302, 0.7131314277648926, 0.7023597359657288, 0.6930480003356934, 0.6928937435150146]"
e342fc89-9875-4188-9009-b9065fdf5b9c,Dental,0.1474609375,0.12255859375,0.62109375,0.10791015625,False,B,0.05866265296936035,medmcqa_3,"['TEXT', 'TEXT', 'TEXT', 'TEXT', 'TEXT']","[467523489549933668, 467523489549992158, 467523489549679408, 467523489549949050, 467523489549970650]","[0.658076822757721, 0.649276852607727, 0.6411000490188599, 0.6410554647445679, 0.6288960576057434]"
28c87a35-b6b1-4b1f-bfd5-d94b4fc0be1d,Dental,0.98828125,0.007080078125,0.0048828125,0.000400543212890625,True,A,0.032349348068237305,medmcqa_3,"['TEXT', 'TEXT', 'TEXT', 'TEXT', 'TEXT']","[467523489550010585, 467523489549949081, 467523489549705962, 467523489549688785, 467523489549687339]","[0.729982852935791, 0.7274266481399536, 0.723747193813324, 0.7202873826026917, 0.7179620862007141]"
8a91d036-5cc2-49a1-8ce0-d92b771ed10d,Dental,0.11279296875,0.087890625,0.326171875,0.474609375,False,C,0.03377509117126465,medmcqa_3,"['STAT', 'STAT', 'STAT', 'STAT', 'STAT']","[467572377850685610, 467572377850291858, 467572377850709744, 467572377850709743, 467572377850709742]","[0.8048343062400818, 0.7992056012153625, 0.763498842716217, 0.7606136798858643, 0.7514846920967102]"
bbc11393-3dfe-49f8-a57d-2ab6e0e8e46f,Dental,0.28125,0.193359375,0.408203125,0.1171875,True,C,0.03073287010192871,medmcqa_3,"['STAT', 'STAT', 'STAT', 'STAT', 'STAT']","[467572377850629104, 467572377850376134, 467572377850285807, 467572377850223149, 467572377850253776]","[0.7471033930778503, 0.7462769746780396, 0.7425368428230286, 0.7292711734771729, 0.7245496511459351]"
2dc96b3f-39a1-4d38-8177-c3710ed7e586,Dental,0.244140625,0.3125,0.130859375,0.3125,False,A,0.02918386459350586,medmcqa_3,"['STAT', 'STAT', 'STAT', 'STAT', 'STAT']","[467572377850392427, 467572377850392425, 467572377850260208, 467572377850416386, 467572377850340176]","[0.7131052613258362, 0.7124907374382019, 0.7078045606613159, 0.7064082026481628, 0.6982179880142212]"
8ad9acc0-4de3-4d82-86a4-7d8ccfdb8c68,Dental,0.083984375,0.115234375,0.70703125,0.09521484375,True,C,0.028987646102905273,medmcqa_3,"['STAT', 'STAT', 'STAT', 'STAT', 'STAT']","[467572377850291854, 467572377850394222, 467572377850750914, 467572377850731792, 467572377850291856]","[0.8013102412223816, 0.7815768718719482, 0.7757291197776794, 0.7666385769844055, 0.7550933957099915]"
73818dbb-2bd3-4c46-a06a-b18b6ddb5450,Dental,0.2109375,0.1357421875,0.326171875,0.326171875,False,D,0.029322147369384766,medmcqa_3,"['STAT', 'STAT', 'STAT', 'STAT', 'STAT']","[467572377850764638, 467572377850746866, 467572377850315234, 467572377850223170, 467572377850725140]","[0.7266377210617065, 0.7151083946228027, 0.7126084566116333, 0.7104781866073608, 0.7098358273506165]"
c2b29a6c-e501-4532-97ad-62934778db2a,Dental,0.162109375,0.34375,0.34375,0.15234375,False,C,0.031473398208618164,medmcqa_3,"['TEXT', 'TEXT', 'TEXT', 'TEXT', 'TEXT']","[467523489549683689, 467523489549681938, 467523489549681923, 467523489549988193, 467523489549709448]","[0.6759666204452515, 0.6496652364730835, 0.6483114957809448, 0.6461364030838013, 0.645224928855896]"
f6c4ff25-9770-4650-88f6-82b6b83d7e31,Dental,0.177734375,0.62109375,0.10107421875,0.10107421875,False,C,0.02998828887939453,medmcqa_3,"['STAT', 'STAT', 'TEXT', 'STAT', 'STAT']","[467572377850629094, 467572377850696541, 467523489549708388, 467572377850731837, 467572377850313459]","[0.7173919677734375, 0.714646577835083, 0.707064151763916, 0.7036640644073486, 0.7010908126831055]"
0c897b21-e2f5-4b70-ac40-edc59745a66c,Pathology,0.921875,0.05517578125,0.0079345703125,0.016845703125,True,A,0.029018402099609375,medmcqa_3,"['STAT', 'TEXT', 'STAT', 'STAT', 'STAT']","[467572377850757077, 467523489549957127, 467572377850757092, 467572377850684931, 467572377850766156]","[0.7774360775947571, 0.7712502479553223, 0.767099142074585, 0.7669599056243896, 0.7662999629974365]"
e0d6862e-e62f-4aa6-a4b1-f42c042e46c6,Pathology,0.00909423828125,0.98828125,0.0007476806640625,0.000453948974609375,True,B,0.030481576919555664,medmcqa_3,"['STAT', 'STAT', 'STAT', 'STAT', 'STAT']","[467572377850292310, 467572377850317288, 467572377850714297, 467572377850365621, 467572377850708830]","[0.8037307262420654, 0.7763617634773254, 0.7640371322631836, 0.7613396644592285, 0.7581982612609863]"
a6466fc3-93c7-4de7-931f-3d98a8353ee9,Pathology,0.0081787109375,0.010498046875,0.9453125,0.034423828125,True,C,0.03379964828491211,medmcqa_3,"['STAT', 'STAT', 'TEXT', 'STAT', 'STAT']","[467572377850767551, 467572377850772357, 467523489549972136, 467572377850739927, 467572377850388356]","[0.8308711051940918, 0.7946587800979614, 0.7917786836624146, 0.7889795303344727, 0.7889307737350464]"
ee31cc18-91fd-4582-a3e8-5311e85521b3,Pathology,0.01092529296875,0.0021514892578125,0.0021514892578125,0.984375,True,D,0.03595924377441406,medmcqa_3,"['TEXT', 'TEXT', 'TEXT', 'TEXT', 'TEXT']","[467523489549950938, 467523489549950899, 467523489549950935, 467523489549950944, 467523489549950953]","[0.8135736584663391, 0.8081750273704529, 0.7890906929969788, 0.778882622718811, 0.7678595185279846]"
7e01c8f0-9b7e-4884-ad40-0c2487a4f5cb,Pathology,0.1591796875,0.08544921875,0.263671875,0.4921875,True,D,0.02556157112121582,medmcqa_3,"['STAT', 'STAT', 'STAT', 'STAT', 'STAT']","[467572377850290956, 467572377850720436, 467572377850762908, 467572377850627235, 467572377850350402]","[0.8150626420974731, 0.8010949492454529, 0.7949138879776001, 0.7912101745605469, 0.7894570827484131]"
4873ac63-79fe-4fdb-a63b-1c4064b80d15,Pathology,0.00970458984375,0.98828125,0.00139617919921875,0.00016689300537109375,True,B,0.04409313201904297,medmcqa_3,"['TEXT', 'TEXT', 'STAT', 'TEXT', 'TEXT']","[467523489549973426, 467523489549945516, 467572377850692136, 467523489549713691, 467523489549984378]","[0.8086576461791992, 0.808600127696991, 0.802100658416748, 0.7971157431602478, 0.7965835332870483]"
c848ac2e-6165-47e9-82ac-a59fb2ac705b,Pathology,0.06787109375,0.28515625,0.041259765625,0.60546875,False,B,0.030027151107788086,medmcqa_3,"['STAT', 'STAT', 'STAT', 'STAT', 'STAT']","[467572377850657305, 467572377850375063, 467572377850391988, 467572377850315357, 467572377850392014]","[0.7851318120956421, 0.7832030057907104, 0.7733268737792969, 0.7658979892730713, 0.7641605138778687]"
6380bf46-988e-4ed8-8add-f57fa7bb61fc,Pathology,0.244140625,0.138671875,0.515625,0.1015625,False,A,0.023337364196777344,medmcqa_3,"['STAT', 'STAT', 'STAT', 'STAT', 'STAT']","[467572377850244290, 467572377850291865, 467572377850244254, 467572377850244259, 467572377850244257]","[0.7720235586166382, 0.7640438079833984, 0.751248300075531, 0.7506346702575684, 0.7477762699127197]"
b32d6655-6939-4b8d-b7da-e7274a017cfd,Pathology,0.9296875,0.03173828125,0.007537841796875,0.03173828125,True,A,0.04378080368041992,medmcqa_3,"['TEXT', 'TEXT', 'STAT', 'STAT', 'TEXT']","[467523489549699757, 467523489549991315, 467572377850238769, 467572377850238773, 467523489549699752]","[0.803945004940033, 0.8028324246406555, 0.7961099147796631, 0.7932100296020508, 0.7922344207763672]"
62b4984a-2bd0-47b0-ab7c-8cc7027c8303,Pathology,0.1591796875,0.4609375,0.021484375,0.359375,False,D,0.03226304054260254,medmcqa_3,"['STAT', 'STAT', 'STAT', 'TEXT', 'STAT']","[467572377850290960, 467572377850290934, 467572377850274190, 467523489549925058, 467572377850274191]","[0.8724468946456909, 0.8450092673301697, 0.813328206539154, 0.812787652015686, 0.8104516267776489]"
ba705377-5543-4350-8483-bf984e4ccf15,Pathology,0.1708984375,0.0859375,0.71875,0.023193359375,False,B,0.03479456901550293,medmcqa_3,"['TEXT', 'STAT', 'TEXT', 'STAT', 'STAT']","[467523489549708433, 467572377850297898, 467523489549990988, 467572377850723488, 467572377850297888]","[0.753959059715271, 0.7491728067398071, 0.7476261854171753, 0.734200656414032, 0.7329592108726501]"
3fa4b9e1-0992-4f0f-b2c5-c3b620d91bd2,Pathology,0.9921875,0.00159454345703125,0.000751495361328125,0.0035858154296875,True,A,0.03114938735961914,medmcqa_3,"['STAT', 'STAT', 'STAT', 'STAT', 'STAT']","[467572377850752129, 467572377850752096, 467572377850752130, 467572377850286806, 467572377850752107]","[0.7898766994476318, 0.7766404747962952, 0.7757352590560913, 0.7743860483169556, 0.7731665372848511]"
68dc3363-c18b-47c7-b20d-c538cc7febc8,Pathology,0.2197265625,0.08056640625,0.67578125,0.024658203125,False,A,0.027985095977783203,medmcqa_3,"['STAT', 'STAT', 'STAT', 'STAT', 'STAT']","[467572377850679748, 467572377850679755, 467572377850336576, 467572377850239321, 467572377850251582]","[0.7795956134796143, 0.7636080980300903, 0.7507327795028687, 0.7389088869094849, 0.7350700497627258]"
46fe2094-87db-4117-b06f-7a7bebb94646,Pathology,0.052001953125,0.08056640625,0.00311279296875,0.86328125,True,D,0.029715538024902344,medmcqa_3,"['STAT', 'STAT', 'STAT', 'STAT', 'STAT']","[467572377850728126, 467572377850385008, 467572377850383886, 467572377850385925, 467572377850401381]","[0.8250714540481567, 0.7968057990074158, 0.788439154624939, 0.7865554094314575, 0.7805806994438171]"
d6f5cf46-9b31-4489-8989-beff9c456484,Pathology,0.007110595703125,0.9921875,0.00179290771484375,0.00054931640625,True,B,0.056702375411987305,medmcqa_3,"['TEXT', 'TEXT', 'TEXT', 'TEXT', 'TEXT']","[467523489549975502, 467523489550001425, 467523489550007126, 467523489550007056, 467523489550006892]","[0.7943730354309082, 0.7643740773200989, 0.762610137462616, 0.7493299245834351, 0.7432718873023987]"
592dc3ce-d34f-4426-91b5-01556d31b89f,Pathology,0.03662109375,0.94140625,0.01043701171875,0.0111083984375,True,B,0.045264482498168945,medmcqa_3,"['STAT', 'STAT', 'TEXT', 'STAT', 'TEXT']","[467572377850788523, 467572377850660858, 467523489549702672, 467572377850787447, 467523489549698729]","[0.7950389385223389, 0.7850313186645508, 0.7848490476608276, 0.7769122123718262, 0.7763959169387817]"
783aaf31-fd64-4f4e-aa67-93c00cb407ad,Pathology,0.0201416015625,0.006927490234375,0.96875,0.005401611328125,True,C,0.03078007698059082,medmcqa_3,"['STAT', 'STAT', 'STAT', 'TEXT', 'TEXT']","[467572377850383044, 467572377850366419, 467572377850405981, 467523489549979742, 467523489549971279]","[0.7493982911109924, 0.7439945936203003, 0.7439945936203003, 0.7409350872039795, 0.7361320853233337]"
bd0ed5fa-d212-4dfc-bba3-9706fe6a228d,Pathology,0.9453125,0.005615234375,0.047119140625,0.00160980224609375,True,A,0.043778419494628906,medmcqa_3,"['TEXT', 'TEXT', 'TEXT', 'STAT', 'TEXT']","[467523489549954921, 467523489549933469, 467523489549933471, 467572377850757281, 467523489549979079]","[0.743598997592926, 0.7367628216743469, 0.7281051874160767, 0.725311279296875, 0.7252840399742126]"
e03a6d53-0c8b-4bf7-9710-c19083bcb018,Pathology,0.95703125,0.0240478515625,0.013671875,0.00390625,True,A,0.033574581146240234,medmcqa_3,"['STAT', 'TEXT', 'TEXT', 'TEXT', 'STAT']","[467572377850755333, 467523489549970097, 467523489549707353, 467523489549709945, 467572377850365927]","[0.7510790824890137, 0.746561586856842, 0.7450157999992371, 0.7440049052238464, 0.7434831261634827]"
752e362f-7162-4590-bb2f-fc6dc270a065,Pathology,0.2373046875,0.041259765625,0.0771484375,0.64453125,False,C,0.032645463943481445,medmcqa_3,"['STAT', 'STAT', 'STAT', 'TEXT', 'STAT']","[467572377850295497, 467572377850719755, 467572377850631286, 467523489549957415, 467572377850667064]","[0.7633654475212097, 0.7570605874061584, 0.75371253490448, 0.747381865978241, 0.7435281276702881]"
605726f9-65ea-400a-987f-c07d48525120,Pediatrics,0.921875,0.048828125,0.01397705078125,0.014892578125,True,A,0.04315304756164551,medmcqa_3,"['TEXT', 'TEXT', 'TEXT', 'STAT', 'TEXT']","[467523489549973017, 467523489549942201, 467523489549978423, 467572377850390843, 467523489549686602]","[0.8163591027259827, 0.8068714141845703, 0.7966521978378296, 0.789885401725769, 0.7838149666786194]"
77a4b51b-b0d3-44fc-bed3-2ecccad80de0,Pediatrics,0.039306640625,0.2265625,0.69921875,0.034912109375,False,B,0.03282785415649414,medmcqa_3,"['TEXT', 'TEXT', 'STAT', 'STAT', 'STAT']","[467523489549985668, 467523489549977167, 467572377850696175, 467572377850374403, 467572377850334334]","[0.834104061126709, 0.8306348323822021, 0.8189504742622375, 0.8188801407814026, 0.817841649055481]"
82f0f5d7-996b-49cc-8c8c-b9ff7cb35ecc,Pediatrics,0.008056640625,0.000583648681640625,0.002166748046875,0.98828125,True,D,0.0352938175201416,medmcqa_3,"['TEXT', 'TEXT', 'TEXT', 'STAT', 'STAT']","[467523489549945811, 467523489549945814, 467523489549977620, 467572377850672232, 467572377850753451]","[0.8029727935791016, 0.8006611466407776, 0.7914218902587891, 0.785478949546814, 0.7851021885871887]"
dc020962-d8a1-4790-b268-c6dadb000137,Pediatrics,0.09130859375,0.765625,0.12451171875,0.0203857421875,True,B,0.03519916534423828,medmcqa_3,"['STAT', 'STAT', 'STAT', 'STAT', 'STAT']","[467572377850687720, 467572377850747605, 467572377850775451, 467572377850788099, 467572377850698333]","[0.8501947522163391, 0.8465945720672607, 0.8399205803871155, 0.829139232635498, 0.8230618834495544]"
56a4d5b8-c2e7-4534-9511-a30ff0769814,Pediatrics,0.02587890625,0.9140625,0.035400390625,0.0244140625,True,B,0.03240394592285156,medmcqa_3,"['TEXT', 'STAT', 'STAT', 'TEXT', 'STAT']","[467523489549929243, 467572377850623415, 467572377850657341, 467523489549926452, 467572377850254664]","[0.7807158827781677, 0.7767016291618347, 0.7568989396095276, 0.7554963231086731, 0.7410849332809448]"
66092ccf-9a06-466a-a08f-8964f3091a9c,Pediatrics,0.9453125,0.044189453125,0.010498046875,0.00110626220703125,True,A,0.032684326171875,medmcqa_3,"['TEXT', 'TEXT', 'STAT', 'TEXT', 'STAT']","[467523489549978602, 467523489549928097, 467572377850314136, 467523489549978994, 467572377850346638]","[0.7657887935638428, 0.7550467848777771, 0.7543938755989075, 0.7525269389152527, 0.7517621517181396]"
a9eb877d-bc11-4923-88b2-97193a8d52eb,Pediatrics,0.1953125,0.267578125,0.1953125,0.341796875,False,C,0.03325819969177246,medmcqa_3,"['TEXT', 'TEXT', 'TEXT', 'TEXT', 'TEXT']","[467523489549953703, 467523489549957405, 467523489549957408, 467523489549957407, 467523489549953702]","[0.7355727553367615, 0.7329626679420471, 0.7329568862915039, 0.7286564111709595, 0.7285918593406677]"
ca5cb321-54b4-4b5f-a507-0493c19af96f,Pediatrics,0.041015625,0.93359375,0.01513671875,0.0091552734375,True,B,0.03219318389892578,medmcqa_3,"['TEXT', 'TEXT', 'STAT', 'STAT', 'STAT']","[467523489549940907, 467523489549678962, 467572377850349083, 467572377850698091, 467572377850703115]","[0.777109682559967, 0.7709536552429199, 0.7689192295074463, 0.7680824995040894, 0.762665867805481]"
7697c864-514c-4a73-8ce4-ea6cf0d0b651,Pediatrics,0.123046875,0.07470703125,0.5859375,0.2158203125,False,D,0.032698631286621094,medmcqa_3,"['STAT', 'STAT', 'TEXT', 'STAT', 'TEXT']","[467572377850778714, 467572377850376952, 467523489549967915, 467572377850713693, 467523489549963497]","[0.7392686605453491, 0.7355793714523315, 0.7334468364715576, 0.7331607937812805, 0.730823814868927]"
41fac382-483b-4573-99c4-555b80dff3bc,Pediatrics,0.044189453125,0.006378173828125,0.9453125,0.0028228759765625,True,C,0.027780532836914062,medmcqa_3,"['TEXT', 'STAT', 'STAT', 'STAT', 'STAT']","[467523489549979624, 467572377850347906, 467572377850706793, 467572377850414590, 467572377850750682]","[0.8313618898391724, 0.8224077820777893, 0.8140086531639099, 0.7979783415794373, 0.7978249192237854]"
cd26e28e-1b7b-4873-8031-d69f1b75a277,Pediatrics,0.68359375,0.1533203125,0.11181640625,0.049560546875,True,A,0.04321599006652832,medmcqa_3,"['STAT', 'STAT', 'TEXT', 'TEXT', 'STAT']","[467572377850338530, 467572377850756066, 467523489549978553, 467523489549978522, 467572377850252050]","[0.8176809549331665, 0.802396833896637, 0.8012305498123169, 0.8012305498123169, 0.7990772128105164]"
5fa2e23f-c19c-4828-b240-59b7a0a84834,Pediatrics,0.08642578125,0.640625,0.267578125,0.006683349609375,False,A,0.035570383071899414,medmcqa_3,"['TEXT', 'TEXT', 'TEXT', 'TEXT', 'TEXT']","[467523489549977775, 467523489549965624, 467523489549977777, 467523489550007812, 467523489549967112]","[0.8062963485717773, 0.7697449922561646, 0.7356542944908142, 0.7199721336364746, 0.7081379890441895]"
867140e4-9b9f-4784-b252-9720f89a385e,Pediatrics,0.01068115234375,0.0198974609375,0.9609375,0.010009765625,True,C,0.029592514038085938,medmcqa_3,"['STAT', 'STAT', 'TEXT', 'STAT', 'STAT']","[467572377850311282, 467572377850748086, 467523489549977213, 467572377850748068, 467572377850382805]","[0.8163647651672363, 0.790412187576294, 0.775963544845581, 0.7676257491111755, 0.7671627998352051]"
3101996f-b393-4e05-9cb4-542df72f1b5c,Pediatrics,0.18359375,0.365234375,0.4140625,0.0361328125,False,A,0.032514095306396484,medmcqa_3,"['TEXT', 'TEXT', 'TEXT', 'TEXT', 'STAT']","[467523489550001795, 467523489550001692, 467523489549976171, 467523489549979594, 467572377850717638]","[0.779029905796051, 0.7739503383636475, 0.7698681950569153, 0.7684358358383179, 0.7653504014015198]"
822d5c68-39fe-40e8-97ef-f50d7af91ebb,Pediatrics,0.357421875,0.62890625,0.00897216796875,0.004241943359375,True,B,0.030177593231201172,medmcqa_3,"['STAT', 'STAT', 'STAT', 'STAT', 'STAT']","[467572377850360239, 467572377850627036, 467572377850360263, 467572377850239705, 467572377850761586]","[0.7956236004829407, 0.7744112014770508, 0.7732679843902588, 0.7676310539245605, 0.7640790939331055]"
bd279945-7401-4ea3-9f54-bcda518ecc9c,Pediatrics,0.5078125,0.17578125,0.1875,0.12890625,False,C,0.03594684600830078,medmcqa_3,"['STAT', 'STAT', 'STAT', 'TEXT', 'STAT']","[467572377850750457, 467572377850311282, 467572377850715417, 467523489549986989, 467572377850671587]","[0.760740339756012, 0.7592712640762329, 0.7539197206497192, 0.7529944777488708, 0.7469910979270935]"
605c9835-95d4-4a5e-b400-09bf38e75e4c,Pediatrics,0.984375,0.01092529296875,0.002593994140625,0.0037689208984375,True,A,0.0330042839050293,medmcqa_3,"['TEXT', 'TEXT', 'TEXT', 'TEXT', 'STAT']","[467523489549951585, 467523489549952485, 467523489549951722, 467523489549951697, 467572377850732635]","[0.7767380475997925, 0.7657817006111145, 0.7635611295700073, 0.763130784034729, 0.7608777284622192]"
a1546ddd-5e66-42f2-897f-90fce5601b72,Pediatrics,0.017578125,0.0791015625,0.66015625,0.2431640625,True,C,0.04328131675720215,medmcqa_3,"['STAT', 'STAT', 'STAT', 'STAT', 'STAT']","[467572377850703354, 467572377850630144, 467572377850239200, 467572377850245691, 467572377850701273]","[0.7681138515472412, 0.7651124000549316, 0.7587230205535889, 0.7573212385177612, 0.750141441822052]"
8d0b854f-93fb-43ae-a1b9-d489ea68103b,Pediatrics,0.154296875,0.047119140625,0.78515625,0.01434326171875,True,C,0.029775619506835938,medmcqa_3,"['STAT', 'STAT', 'STAT', 'STAT', 'TEXT']","[467572377850247525, 467572377850367170, 467572377850367173, 467572377850651589, 467523489549977257]","[0.8201054334640503, 0.8090841174125671, 0.8068940043449402, 0.806756317615509, 0.8037274479866028]"
9572a3f9-b8a0-4fc4-96a1-cc0409721155,Pediatrics,0.357421875,0.1484375,0.216796875,0.27734375,False,C,0.029996633529663086,medmcqa_3,"['STAT', 'STAT', 'STAT', 'STAT', 'STAT']","[467572377850650793, 467572377850770207, 467572377850770205, 467572377850261421, 467572377850685685]","[0.7728965282440186, 0.76209956407547, 0.759811282157898, 0.7536197900772095, 0.7523346543312073]"
a79f09ab-a292-4a46-ac30-dbf9daadc72a,Medicine,0.365234375,0.11865234375,0.439453125,0.07666015625,False,D,0.043854713439941406,medmcqa_3,"['TEXT', 'TEXT', 'TEXT', 'TEXT', 'STAT']","[467523489549679097, 467523489549677687, 467523489549677686, 467523489549944436, 467572377850685112]","[0.809410572052002, 0.7973189353942871, 0.7809136509895325, 0.777655839920044, 0.7775832414627075]"
a35fecfa-0c54-497b-957c-58da96b3716a,Medicine,0.23828125,0.34765625,0.26953125,0.14453125,True,B,0.03380298614501953,medmcqa_3,"['TEXT', 'TEXT', 'TEXT', 'TEXT', 'TEXT']","[467523489549937558, 467523489549937560, 467523489549977313, 467523489549977312, 467523489549977382]","[0.7485499382019043, 0.7418915033340454, 0.738292396068573, 0.7369000315666199, 0.7314001321792603]"
68589d4c-ad15-4989-a235-a242d226503a,Medicine,0.1171875,0.28125,0.318359375,0.28125,False,D,0.03378582000732422,medmcqa_3,"['STAT', 'STAT', 'TEXT', 'TEXT', 'TEXT']","[467572377850413406, 467572377850257399, 467523489549709089, 467523489549938540, 467523489549709090]","[0.8017202615737915, 0.7897980809211731, 0.7727636694908142, 0.7694871425628662, 0.7686822414398193]"
059b7c1c-bc8d-499d-ba18-42f173fc6501,Medicine,0.00946044921875,0.0189208984375,0.96875,0.00421142578125,False,D,0.028781652450561523,medmcqa_3,"['STAT', 'STAT', 'TEXT', 'STAT', 'STAT']","[467572377850668568, 467572377850668590, 467523489549932324, 467572377850668561, 467572377850668495]","[0.7972972393035889, 0.774722695350647, 0.7638012170791626, 0.7629594802856445, 0.762127161026001]"
3b6a211f-c575-44fd-b0c4-77bf1152bcb6,Medicine,0.08837890625,0.6953125,0.1455078125,0.06884765625,True,B,0.029680490493774414,medmcqa_3,"['STAT', 'STAT', 'STAT', 'TEXT', 'STAT']","[467572377850391745, 467572377850783189, 467572377850309974, 467523489549941741, 467572377850358361]","[0.7773910760879517, 0.7732713222503662, 0.770470380783081, 0.7661011219024658, 0.7633761167526245]"
9c7e163e-d22f-43d9-8c77-fb036bc0b064,Medicine,0.53515625,0.287109375,0.0771484375,0.09912109375,False,D,0.043684959411621094,medmcqa_3,"['TEXT', 'TEXT', 'STAT', 'TEXT', 'STAT']","[467523489549984601, 467523489549985386, 467572377850673041, 467523489549935624, 467572377850232321]","[0.8044516444206238, 0.7880589962005615, 0.7852808237075806, 0.7797865271568298, 0.778069019317627]"
7f88c1d5-fa5c-4502-aa06-9bb265fda88e,Medicine,0.01470947265625,0.01385498046875,0.96875,0.00145721435546875,False,A,0.03398323059082031,medmcqa_3,"['TEXT', 'STAT', 'TEXT', 'STAT', 'TEXT']","[467523489549965783, 467572377850278641, 467523489549965274, 467572377850349409, 467523489549965270]","[0.8338618278503418, 0.8148469924926758, 0.7749003171920776, 0.7688412666320801, 0.7542597651481628]"
7d6455c7-5b76-4e75-84e6-0e37f920fa5a,Medicine,0.02978515625,0.92578125,0.01806640625,0.0262451171875,True,B,0.05185675621032715,medmcqa_3,"['TEXT', 'TEXT', 'TEXT', 'TEXT', 'TEXT']","[467523489549926242, 467523489549926221, 467523489549932352, 467523489549954684, 467523489549930449]","[0.7504818439483643, 0.7501926422119141, 0.7497900724411011, 0.7429035902023315, 0.741098165512085]"
be284b52-a2f5-4b28-8d48-f1101176661f,Medicine,0.053466796875,0.6953125,0.07763671875,0.17578125,False,D,0.03035426139831543,medmcqa_3,"['TEXT', 'STAT', 'STAT', 'TEXT', 'TEXT']","[467523489549927027, 467572377850642078, 467572377850400150, 467523489549929715, 467523489549929728]","[0.8315796256065369, 0.8102861046791077, 0.8093719482421875, 0.8092228770256042, 0.8070247769355774]"
5cd9cad4-7480-47d8-8266-b3a4fc04a9e7,Medicine,0.9765625,0.01226806640625,0.005126953125,0.006988525390625,True,A,0.04297351837158203,medmcqa_3,"['TEXT', 'TEXT', 'STAT', 'STAT', 'STAT']","[467523489549933911, 467523489549935363, 467572377850260173, 467572377850652707, 467572377850784339]","[0.8099702000617981, 0.8081261515617371, 0.7996976375579834, 0.7977687120437622, 0.7767068147659302]"
bbc08675-2e06-4229-aecc-74dbf064a4bd,Medicine,0.038818359375,0.9375,0.0220947265625,0.00150299072265625,True,B,0.03213691711425781,medmcqa_3,"['STAT', 'STAT', 'STAT', 'TEXT', 'TEXT']","[467572377850663973, 467572377850242958, 467572377850709043, 467523489549935629, 467523489549981929]","[0.8151974081993103, 0.8020282983779907, 0.7964730858802795, 0.7935916781425476, 0.7720844745635986]"
94cfe1dc-7810-4c50-af95-87a3c560f6bb,Medicine,0.087890625,0.78125,0.07275390625,0.056640625,True,B,0.043898582458496094,medmcqa_3,"['TEXT', 'TEXT', 'TEXT', 'TEXT', 'TEXT']","[467523489549687598, 467523489549933535, 467523489549985695, 467523489549986042, 467523489549997802]","[0.7715507745742798, 0.7702810764312744, 0.764690637588501, 0.7641630172729492, 0.7521047592163086]"
e7173db8-8f12-46b3-a2e8-86eaa2574855,Medicine,0.1337890625,0.36328125,0.3203125,0.1826171875,True,B,0.029839515686035156,medmcqa_3,"['STAT', 'STAT', 'TEXT', 'STAT', 'STAT']","[467572377850782755, 467572377850400900, 467523489549999518, 467572377850762221, 467572377850409048]","[0.7717463374137878, 0.7637401819229126, 0.7557963132858276, 0.753463864326477, 0.7533059120178223]"
9d63d4fc-1da3-43f5-ba51-411f790407f9,Medicine,0.01312255859375,0.00201416015625,0.0037689208984375,0.98046875,True,D,0.038548946380615234,medmcqa_3,"['STAT', 'TEXT', 'TEXT', 'TEXT', 'STAT']","[467572377850761845, 467523489549944997, 467523489549687321, 467523489549687320, 467572377850740490]","[0.8350284099578857, 0.7993608713150024, 0.7932587265968323, 0.7921682596206665, 0.7907414436340332]"
2dfa15d3-3d8e-49ee-841d-4e3a6fbde317,Medicine,0.6171875,0.0654296875,0.0576171875,0.2578125,True,A,0.028501033782958984,medmcqa_3,"['TEXT', 'STAT', 'STAT', 'STAT', 'STAT']","[467523489549707042, 467572377850660763, 467572377850668852, 467572377850723833, 467572377850416129]","[0.8328098058700562, 0.8168210983276367, 0.8124058246612549, 0.8122164011001587, 0.8107741475105286]"
c5033993-1bb5-4691-98c5-757d134b572f,Medicine,0.294921875,0.1787109375,0.294921875,0.23046875,False,B,0.035527706146240234,medmcqa_3,"['STAT', 'STAT', 'TEXT', 'STAT', 'TEXT']","[467572377850723500, 467572377850398898, 467523489549941937, 467572377850253853, 467523489549941943]","[0.7795818448066711, 0.7610129117965698, 0.7563246488571167, 0.7542510628700256, 0.7525213956832886]"
ad195e5d-7f52-42cc-a183-b05e3181d0ab,Medicine,0.13671875,0.5078125,0.271484375,0.0830078125,True,B,0.04691791534423828,medmcqa_3,"['TEXT', 'STAT', 'TEXT', 'TEXT', 'STAT']","[467523489549981879, 467572377850348089, 467523489550007840, 467523489549934269, 467572377850247010]","[0.7971689701080322, 0.7716432213783264, 0.7706139087677002, 0.7705326676368713, 0.7690867781639099]"
b674d02e-af50-4f16-9f81-e3983a854b6a,Medicine,0.06884765625,0.447265625,0.17578125,0.30859375,False,C,0.029329299926757812,medmcqa_3,"['TEXT', 'STAT', 'STAT', 'STAT', 'STAT']","[467523489549688364, 467572377850659265, 467572377850367490, 467572377850683106, 467572377850385926]","[0.7756718993186951, 0.7738099694252014, 0.769880473613739, 0.7680671811103821, 0.7660298347473145]"
faf1c5f2-3ab2-492c-b58b-1dd81fd5a6d7,Medicine,0.09912109375,0.345703125,0.345703125,0.2099609375,False,D,0.03325533866882324,medmcqa_3,"['TEXT', 'TEXT', 'STAT', 'TEXT', 'TEXT']","[467523489549985438, 467523489549985439, 467572377850381873, 467523489549944372, 467523489549944371]","[0.7653099894523621, 0.7559897899627686, 0.7555112838745117, 0.7543217539787292, 0.7358928918838501]"
07de25a2-48ee-4f13-883f-78f9f34656fc,Medicine,0.0135498046875,0.240234375,0.73828125,0.007232666015625,True,C,0.03338503837585449,medmcqa_3,"['STAT', 'STAT', 'TEXT', 'TEXT', 'STAT']","[467572377850241870, 467572377850659938, 467523489549926717, 467523489549928305, 467572377850748842]","[0.7801124453544617, 0.77862149477005, 0.7677903175354004, 0.7634010910987854, 0.7585613131523132]"
673a0bbe-b4d8-46bb-83b0-e01658f9f22f,Ophthalmology,0.98828125,0.006256103515625,0.005523681640625,0.0001888275146484375,True,A,0.02172088623046875,medmcqa_3,"['STAT', 'STAT', 'STAT', 'STAT', 'STAT']","[467572377850785628, 467572377850622981, 467572377850623008, 467572377850623012, 467572377850622980]","[0.7420699000358582, 0.7309592962265015, 0.7262689471244812, 0.7225320935249329, 0.7202240228652954]"
2d88e018-637e-47c4-bb63-dd7216c204ae,Ophthalmology,0.97265625,0.0189208984375,0.0030975341796875,0.00616455078125,True,A,0.029963016510009766,medmcqa_3,"['STAT', 'STAT', 'STAT', 'TEXT', 'STAT']","[467572377850638511, 467572377850241523, 467572377850661201, 467523489549960700, 467572377850701424]","[0.7363618016242981, 0.7323752045631409, 0.7227104306221008, 0.7222915291786194, 0.7207950353622437]"
abed431b-5d40-4df7-9f7b-4088185b5728,Ophthalmology,0.11376953125,0.0224609375,0.84375,0.0211181640625,False,B,0.0313417911529541,medmcqa_3,"['STAT', 'STAT', 'STAT', 'TEXT', 'TEXT']","[467572377850395350, 467572377850243553, 467572377850643652, 467523489549988833, 467523489549700752]","[0.7667112946510315, 0.7609228491783142, 0.7541606426239014, 0.7518492937088013, 0.751449704170227]"
475b9dc7-c23d-4e3f-a3c7-5dc5893a34b1,Ophthalmology,0.0140380859375,0.0013885498046875,0.984375,0.0002574920654296875,True,C,0.021668672561645508,medmcqa_3,"['STAT', 'STAT', 'STAT', 'STAT', 'STAT']","[467572377850622981, 467572377850623008, 467572377850622980, 467572377850623003, 467572377850623012]","[0.8272298574447632, 0.7933313846588135, 0.7813476324081421, 0.7734204530715942, 0.7713807821273804]"
71803632-1b88-4332-88f5-be3ac2515b85,Ophthalmology,0.4296875,0.08447265625,0.05810546875,0.4296875,False,B,0.030390501022338867,medmcqa_3,"['STAT', 'STAT', 'STAT', 'STAT', 'STAT']","[467572377850366625, 467572377850366597, 467572377850366623, 467572377850665022, 467572377850307151]","[0.8160361051559448, 0.7980247735977173, 0.7812721729278564, 0.7515093088150024, 0.7421225905418396]"
845fbff7-6332-49ce-8ecb-d62616e2ae9a,Ophthalmology,0.208984375,0.251953125,0.3671875,0.1728515625,True,C,0.05157732963562012,medmcqa_3,"['STAT', 'STAT', 'TEXT', 'STAT', 'TEXT']","[467572377850246675, 467572377850376245, 467523489549707993, 467572377850240041, 467523489549950970]","[0.7993549704551697, 0.792166531085968, 0.7862434983253479, 0.7858368158340454, 0.7797569036483765]"
d58a8e4e-0f5e-42bb-8b24-75a882eacfa2,Ophthalmology,0.1650390625,0.44921875,0.271484375,0.11328125,False,A,0.030714750289916992,medmcqa_3,"['STAT', 'STAT', 'STAT', 'STAT', 'STAT']","[467572377850718788, 467572377850778865, 467572377850275034, 467572377850752967, 467572377850649084]","[0.7759361267089844, 0.7649668455123901, 0.7564646005630493, 0.750825047492981, 0.747973620891571]"
c02f03a6-ff92-4236-9883-f9e7bf1e02df,Ophthalmology,0.2236328125,0.369140625,0.25390625,0.1533203125,True,B,0.029410123825073242,medmcqa_3,"['STAT', 'STAT', 'STAT', 'STAT', 'TEXT']","[467572377850231018, 467572377850286492, 467572377850658596, 467572377850231012, 467523489549708056]","[0.7887688875198364, 0.7742553949356079, 0.7624804973602295, 0.7618919610977173, 0.7586227655410767]"
1230c97d-c9b4-4b1d-8ced-986a8031ac45,Ophthalmology,0.2392578125,0.447265625,0.2392578125,0.0732421875,True,B,0.033312320709228516,medmcqa_3,"['TEXT', 'STAT', 'STAT', 'STAT', 'STAT']","[467523489549950969, 467572377850721765, 467572377850677791, 467572377850722494, 467572377850722493]","[0.7255591750144958, 0.724482536315918, 0.7237591743469238, 0.7234479784965515, 0.7209557294845581]"
3f6665ca-6b69-4345-88c2-72c2befd4d18,Ophthalmology,0.34765625,0.39453125,0.12060546875,0.13671875,False,A,0.030075788497924805,medmcqa_3,"['STAT', 'STAT', 'TEXT', 'STAT', 'STAT']","[467572377850240027, 467572377850288610, 467523489549989179, 467572377850705055, 467572377850380524]","[0.7468876838684082, 0.7389134168624878, 0.7362856864929199, 0.733188271522522, 0.7330982089042664]"
8bc0a153-89f2-4bef-869e-ae471503d279,Ophthalmology,0.1533203125,0.32421875,0.1533203125,0.3671875,False,C,0.035411834716796875,medmcqa_3,"['TEXT', 'STAT', 'STAT', 'STAT', 'STAT']","[467523489549677063, 467572377850386607, 467572377850308487, 467572377850709623, 467572377850704381]","[0.7487137913703918, 0.7419576644897461, 0.7382837533950806, 0.7375571727752686, 0.7363909482955933]"
aadafd4c-cb37-460b-8e6f-28f42d01dd60,Ophthalmology,0.01348876953125,0.028564453125,0.9453125,0.01116943359375,True,C,0.035744667053222656,medmcqa_3,"['STAT', 'TEXT', 'STAT', 'STAT', 'TEXT']","[467572377850675363, 467523489549707979, 467572377850629359, 467572377850629357, 467523489549951332]","[0.7977592349052429, 0.7920194268226624, 0.7813980579376221, 0.772653341293335, 0.7667714953422546]"
b9cbbe45-fa4a-4a54-b4f3-143039171071,Ophthalmology,0.006195068359375,0.01483154296875,0.001220703125,0.9765625,True,D,0.032814979553222656,medmcqa_3,"['STAT', 'STAT', 'TEXT', 'STAT', 'STAT']","[467572377850760418, 467572377850377009, 467523489549700633, 467572377850340107, 467572377850269577]","[0.795340895652771, 0.7873970866203308, 0.7685137391090393, 0.7684606313705444, 0.7572696805000305]"
bee78f93-a09e-491f-856e-846b81e4aa5c,Ophthalmology,0.007110595703125,0.9921875,0.00115966796875,0.000484466552734375,True,B,0.033564090728759766,medmcqa_3,"['STAT', 'STAT', 'STAT', 'STAT', 'STAT']","[467572377850328267, 467572377850415387, 467572377850415399, 467572377850415386, 467572377850224723]","[0.7759768962860107, 0.7363150119781494, 0.7305502891540527, 0.7221322655677795, 0.7215051651000977]"
eaa33fd8-64a3-47a0-b13c-2b49a1f0e37f,Ophthalmology,0.99609375,0.0035858154296875,0.00159454345703125,0.0002593994140625,True,A,0.02721714973449707,medmcqa_3,"['STAT', 'STAT', 'STAT', 'STAT', 'STAT']","[467572377850300811, 467572377850681940, 467572377850319376, 467572377850240986, 467572377850710521]","[0.7999851703643799, 0.7734358310699463, 0.7701295614242554, 0.769895076751709, 0.7693061828613281]"
a1f7c34e-e009-4447-b459-3fe798b4bbc1,Ophthalmology,0.06298828125,0.09130859375,0.1708984375,0.67578125,False,B,0.0345616340637207,medmcqa_3,"['STAT', 'STAT', 'TEXT', 'STAT', 'STAT']","[467572377850748651, 467572377850714410, 467523489549951214, 467572377850638878, 467572377850748625]","[0.822647750377655, 0.7988432049751282, 0.7873991131782532, 0.7835603356361389, 0.7825666666030884]"
292a6244-9c88-4a6a-9c32-ab38524e588f,Ophthalmology,0.365234375,0.365234375,0.2216796875,0.04638671875,False,C,0.034833669662475586,medmcqa_3,"['STAT', 'STAT', 'STAT', 'STAT', 'TEXT']","[467572377850721739, 467572377850318005, 467572377850677790, 467572377850289140, 467523489549950969]","[0.7446091175079346, 0.7430559992790222, 0.7399441003799438, 0.7371181845664978, 0.7317854166030884]"
cc0d09f8-564d-4fe5-8b22-4b7d3e4ed586,Ophthalmology,0.50390625,0.2099609375,0.0498046875,0.2373046875,False,D,0.029588937759399414,medmcqa_3,"['STAT', 'STAT', 'STAT', 'STAT', 'STAT']","[467572377850659071, 467572377850240642, 467572377850291100, 467572377850240647, 467572377850240637]","[0.7713274359703064, 0.7646080255508423, 0.7637090682983398, 0.7618498802185059, 0.7607899308204651]"
97ea4638-c71a-428b-b839-7638bdd467ab,Pharmacology,0.158203125,0.31640625,0.51953125,0.00543212890625,False,A,0.03476834297180176,medmcqa_3,"['STAT', 'STAT', 'TEXT', 'STAT', 'STAT']","[467572377850777935, 467572377850777933, 467523489549987778, 467572377850339791, 467572377850353981]","[0.7355657815933228, 0.7231098413467407, 0.7169132232666016, 0.7097852826118469, 0.7066383957862854]"
9013e6c6-35da-4df1-a83a-a907ae206135,Pharmacology,0.98828125,0.007080078125,0.004852294921875,0.000701904296875,True,A,0.03387880325317383,medmcqa_3,"['TEXT', 'TEXT', 'TEXT', 'TEXT', 'STAT']","[467523489549679160, 467523489549971312, 467523489549933763, 467523489549968646, 467572377850275574]","[0.7485648393630981, 0.7416948676109314, 0.7361160516738892, 0.7264689207077026, 0.7245609164237976]"
28b7a6ea-c657-4da7-81dc-88457a064655,Pharmacology,0.9375,0.0341796875,0.0235595703125,0.00299072265625,True,A,0.03560447692871094,medmcqa_3,"['STAT', 'STAT', 'TEXT', 'STAT', 'STAT']","[467572377850762645, 467572377850681436, 467523489549985602, 467572377850652811, 467572377850766193]","[0.7709697484970093, 0.7612916827201843, 0.760576605796814, 0.7590782642364502, 0.7562541961669922]"
6d426ea7-e119-4b5f-be99-1e36084c332c,Pharmacology,0.89453125,0.0224609375,0.0211181640625,0.06103515625,False,D,0.048781394958496094,medmcqa_3,"['TEXT', 'TEXT', 'TEXT', 'TEXT', 'TEXT']","[467523489549997344, 467523489549692516, 467523489549997438, 467523489549997437, 467523489549998515]","[0.7344292998313904, 0.7275511622428894, 0.7149361968040466, 0.7028176188468933, 0.7015796303749084]"
5ec6e275-1772-4d73-8776-77b38eb82ef2,Pharmacology,0.95703125,0.03076171875,0.004180908203125,0.006866455078125,True,A,0.034261465072631836,medmcqa_3,"['TEXT', 'TEXT', 'TEXT', 'TEXT', 'TEXT']","[467523489549932750, 467523489549932802, 467523489549986458, 467523489549932994, 467523489549932952]","[0.7524582147598267, 0.750856339931488, 0.7419568300247192, 0.7404689788818359, 0.7390073537826538]"
eb2cf703-b3b6-492b-b8db-9ed90e16beea,Pharmacology,0.017822265625,0.007415771484375,0.97265625,0.00225830078125,True,C,0.0319368839263916,medmcqa_3,"['STAT', 'TEXT', 'STAT', 'STAT', 'STAT']","[467572377850326488, 467523489549689400, 467572377850326510, 467572377850226296, 467572377850326487]","[0.7818803787231445, 0.7704323530197144, 0.7647848129272461, 0.755458414554596, 0.7528676986694336]"
9a901f04-8eb8-4e4f-a332-14cf2a3c70a3,Pharmacology,0.00799560546875,0.98046875,0.00848388671875,0.003326416015625,True,B,0.03567147254943848,medmcqa_3,"['STAT', 'STAT', 'STAT', 'STAT', 'STAT']","[467572377850654196, 467572377850654206, 467572377850654198, 467572377850747041, 467572377850654202]","[0.8160809874534607, 0.8089760541915894, 0.7866149544715881, 0.7814822196960449, 0.7792171835899353]"
7a3a771f-2b56-4af8-b967-3c991b394bc6,Pharmacology,0.031005859375,0.138671875,0.80078125,0.031005859375,False,B,0.04457449913024902,medmcqa_3,"['STAT', 'TEXT', 'STAT', 'TEXT', 'TEXT']","[467572377850770719, 467523489549692159, 467572377850239107, 467523489549925865, 467523489549925864]","[0.8647397756576538, 0.8619005680084229, 0.8489112854003906, 0.8488413691520691, 0.8485175967216492]"
928c6efd-d481-4323-83f0-721dae436451,Pharmacology,0.7265625,0.162109375,0.08154296875,0.030029296875,True,A,0.03407740592956543,medmcqa_3,"['TEXT', 'STAT', 'STAT', 'STAT', 'STAT']","[467523489549960895, 467572377850665761, 467572377850332204, 467572377850398123, 467572377850332216]","[0.741080641746521, 0.7331749200820923, 0.7269387245178223, 0.7237018942832947, 0.7236904501914978]"
1869d0ec-8ec2-4de2-8a71-f30ed89f6c8e,Pharmacology,1.0,0.00016880035400390625,0.0002613067626953125,2.1457672119140625e-05,True,A,0.021506309509277344,medmcqa_3,"['STAT', 'TEXT', 'STAT', 'STAT', 'STAT']","[467572377850278932, 467523489549983067, 467572377850273075, 467572377850672081, 467572377850273079]","[0.8074513673782349, 0.7921342253684998, 0.7700369954109192, 0.7623788118362427, 0.7612436413764954]"
14c74c4d-d6c1-4ced-98b5-4fe778d28836,Pharmacology,0.07958984375,0.85546875,0.027587890625,0.035400390625,True,B,0.03556489944458008,medmcqa_3,"['TEXT', 'STAT', 'TEXT', 'TEXT', 'TEXT']","[467523489549679156, 467572377850774029, 467523489549977619, 467523489549679157, 467523489549945807]","[0.7606348395347595, 0.7489633560180664, 0.7484341859817505, 0.7467954158782959, 0.7441686391830444]"
e1e575e9-3c85-4c16-86ad-29f6ea41c627,Pharmacology,0.7578125,0.1162109375,0.0849609375,0.042724609375,False,C,0.04491066932678223,medmcqa_3,"['TEXT', 'TEXT', 'TEXT', 'TEXT', 'TEXT']","[467523489549930014, 467523489549930012, 467523489549930011, 467523489549930002, 467523489549930013]","[0.7612208127975464, 0.7483531832695007, 0.7439262270927429, 0.7362176179885864, 0.735595166683197]"
17ca6005-346f-4f14-b1a3-430d3667d7f0,Pharmacology,0.2080078125,0.44140625,0.2080078125,0.142578125,False,C,0.020756006240844727,medmcqa_3,"['STAT', 'STAT', 'STAT', 'STAT', 'STAT']","[467572377850675768, 467572377850284814, 467572377850268563, 467572377850286492, 467572377850725608]","[0.7770371437072754, 0.7757059335708618, 0.7722339630126953, 0.7714893817901611, 0.769587516784668]"
f94eef30-d8f9-4d40-866e-a89c7fbb7c7f,Pharmacology,0.00457763671875,0.98828125,0.00244140625,0.005523681640625,False,C,0.03485560417175293,medmcqa_3,"['STAT', 'TEXT', 'STAT', 'TEXT', 'STAT']","[467572377850651413, 467523489549938190, 467572377850319840, 467523489549986391, 467572377850351243]","[0.8078243136405945, 0.8076627850532532, 0.7973724603652954, 0.7935963869094849, 0.784424364566803]"
2880abd7-1ec6-4456-823e-e5d00159dfec,Pharmacology,0.9921875,0.003814697265625,0.004058837890625,0.000202178955078125,True,A,0.03130197525024414,medmcqa_3,"['STAT', 'STAT', 'TEXT', 'STAT', 'STAT']","[467572377850222934, 467572377850295755, 467523489549712268, 467572377850340767, 467572377850227690]","[0.8042387366294861, 0.7921653985977173, 0.7802008390426636, 0.7764073014259338, 0.7733704447746277]"
5891372b-60e8-4a7c-b773-48598b2712e3,Pharmacology,0.0255126953125,0.423828125,0.00604248046875,0.54296875,True,D,0.034438133239746094,medmcqa_3,"['STAT', 'TEXT', 'STAT', 'STAT', 'TEXT']","[467572377850669583, 467523489549985021, 467572377850765593, 467572377850725725, 467523489549985022]","[0.8540108799934387, 0.8392411470413208, 0.8143868446350098, 0.8111857771873474, 0.7994398474693298]"
b1cb5022-7ebd-41b5-808c-c969958bfb62,Pharmacology,0.353515625,0.05419921875,0.58203125,0.01068115234375,False,A,0.029784202575683594,medmcqa_3,"['STAT', 'STAT', 'STAT', 'STAT', 'STAT']","[467572377850698652, 467572377850700031, 467572377850697599, 467572377850339785, 467572377850777911]","[0.7371357083320618, 0.7211748957633972, 0.719170868396759, 0.7176805734634399, 0.7133402228355408]"
82356aae-5bd4-4503-acab-5f70c0db6bee,Pharmacology,0.02294921875,0.9140625,0.0244140625,0.037841796875,False,D,0.034471750259399414,medmcqa_3,"['STAT', 'STAT', 'STAT', 'TEXT', 'STAT']","[467572377850753118, 467572377850753108, 467572377850371965, 467523489549983235, 467572377850746478]","[0.848945140838623, 0.8191313743591309, 0.809317946434021, 0.8058410882949829, 0.7841679453849792]"
72df8357-4e51-45f7-ae9d-669a9bfe9efc,Pharmacology,0.02685546875,0.9453125,0.0162353515625,0.01116943359375,True,B,0.03726696968078613,medmcqa_3,"['TEXT', 'TEXT', 'STAT', 'TEXT', 'TEXT']","[467523489549982160, 467523489549982158, 467572377850747514, 467523489549982159, 467523489549982141]","[0.7995504140853882, 0.7916361689567566, 0.7836593985557556, 0.7735167145729065, 0.7609180212020874]"
f588af9c-fc27-43ff-a9f6-2cd26f075654,Pharmacology,0.0235595703125,0.022216796875,0.94140625,0.0118408203125,True,C,0.03319048881530762,medmcqa_3,"['STAT', 'STAT', 'STAT', 'TEXT', 'STAT']","[467572377850300375, 467572377850300372, 467572377850696569, 467523489549982765, 467572377850279846]","[0.7717264890670776, 0.7620836496353149, 0.7616672515869141, 0.757409930229187, 0.7557747960090637]"
6a906cd3-6215-401c-80c5-c239ce10f06e,Surgery,0.02197265625,0.0361328125,0.93359375,0.00970458984375,True,C,0.03479409217834473,medmcqa_3,"['STAT', 'STAT', 'TEXT', 'STAT', 'TEXT']","[467572377850321287, 467572377850669565, 467523489549689418, 467572377850725734, 467523489549943267]","[0.7972595691680908, 0.790810227394104, 0.7824867963790894, 0.7814876437187195, 0.7798205614089966]"
16380c80-a853-44da-b7a8-e9a8e8aaab67,Surgery,0.0419921875,0.0010528564453125,0.001434326171875,0.95703125,True,D,0.03720998764038086,medmcqa_3,"['STAT', 'STAT', 'STAT', 'STAT', 'TEXT']","[467572377850354793, 467572377850343746, 467572377850762455, 467572377850343775, 467523489549947378]","[0.7873145341873169, 0.759705662727356, 0.7576416730880737, 0.7532187700271606, 0.7507123351097107]"
f860085a-f00e-4031-9d00-0bb4879c3023,Surgery,0.076171875,0.0595703125,0.8203125,0.04345703125,False,B,0.032022714614868164,medmcqa_3,"['STAT', 'STAT', 'STAT', 'STAT', 'STAT']","[467572377850331854, 467572377850331869, 467572377850331887, 467572377850354791, 467572377850227890]","[0.78773033618927, 0.7849936485290527, 0.7832677960395813, 0.7710695266723633, 0.7706908583641052]"
69bd9d80-fa4f-45f8-963d-aaef80a18d46,Surgery,0.06689453125,0.2060546875,0.2333984375,0.494140625,True,D,0.034041643142700195,medmcqa_3,"['TEXT', 'STAT', 'TEXT', 'STAT', 'STAT']","[467523489549965271, 467572377850349408, 467523489549965270, 467572377850349409, 467572377850652358]","[0.7997701168060303, 0.7910842895507812, 0.7820807099342346, 0.7781023979187012, 0.7578809857368469]"
4720c165-03b3-4a1a-9e51-1f36c0bcd1be,Surgery,0.0137939453125,0.01214599609375,0.96484375,0.00787353515625,True,C,0.046268463134765625,medmcqa_3,"['TEXT', 'TEXT', 'TEXT', 'STAT', 'STAT']","[467523489549940530, 467523489549708916, 467523489549969128, 467572377850279642, 467572377850410177]","[0.8036895990371704, 0.8029221296310425, 0.8004875183105469, 0.7799087762832642, 0.7758061289787292]"
fab914c7-2813-4300-bddb-e6815e4e6597,Surgery,0.01318359375,0.003997802734375,0.98046875,0.000896453857421875,True,C,0.03161430358886719,medmcqa_3,"['STAT', 'STAT', 'TEXT', 'STAT', 'STAT']","[467572377850747566, 467572377850314536, 467523489549976443, 467572377850403248, 467572377850344138]","[0.7926510572433472, 0.7831538319587708, 0.7822245359420776, 0.7810930013656616, 0.7741366624832153]"
60646c53-a9be-48d4-a895-551f31fd3faa,Surgery,0.98828125,0.006683349609375,0.002166748046875,0.00115966796875,True,A,0.02583003044128418,medmcqa_3,"['STAT', 'STAT', 'STAT', 'STAT', 'STAT']","[467572377850346648, 467572377850655638, 467572377850625926, 467572377850625925, 467572377850772636]","[0.7510360479354858, 0.7393817901611328, 0.7294679880142212, 0.7259897589683533, 0.7238819003105164]"
3cf1de31-2703-4ff6-8091-3992a27a7987,Surgery,0.271484375,0.306640625,0.1982421875,0.224609375,True,B,0.021257400512695312,medmcqa_3,"['TEXT', 'TEXT', 'TEXT', 'TEXT', 'TEXT']","[467523489549677742, 467523489549983570, 467523489549987024, 467523489549983051, 467523489549939247]","[0.6536016464233398, 0.6536016464233398, 0.6536016464233398, 0.6536016464233398, 0.6536016464233398]"
28709e53-cbb8-48d9-aa3e-44aaa7037257,Surgery,0.0296630859375,0.031494140625,0.0712890625,0.8671875,False,C,0.03375840187072754,medmcqa_3,"['STAT', 'STAT', 'STAT', 'TEXT', 'TEXT']","[467572377850768230, 467572377850674565, 467572377850282331, 467523489550009977, 467523489550005372]","[0.725383460521698, 0.7245308756828308, 0.7217260599136353, 0.7112211585044861, 0.7111753225326538]"
1f9b0ca2-f75c-4189-884c-ac150dafc155,Surgery,0.004852294921875,0.98828125,0.002777099609375,0.005859375,True,B,0.03722810745239258,medmcqa_3,"['STAT', 'STAT', 'STAT', 'STAT', 'STAT']","[467572377850260225, 467572377850413258, 467572377850413256, 467572377850709751, 467572377850278728]","[0.8227043747901917, 0.7929408550262451, 0.7669699788093567, 0.7584622502326965, 0.7539607882499695]"
b9ad0558-8257-4446-bcae-f264097ab0a5,Surgery,0.10009765625,0.578125,0.05029296875,0.2734375,False,D,0.03570556640625,medmcqa_3,"['STAT', 'TEXT', 'STAT', 'TEXT', 'TEXT']","[467572377850225382, 467523489549977364, 467572377850324625, 467523489549997902, 467523489549956262]","[0.7733488082885742, 0.7654180526733398, 0.7628213167190552, 0.7618910670280457, 0.7605227828025818]"
c6a12e46-d354-43bf-9230-6fe2fb96feab,Surgery,0.109375,0.05517578125,0.80859375,0.0260009765625,True,C,0.03521919250488281,medmcqa_3,"['STAT', 'TEXT', 'TEXT', 'TEXT', 'STAT']","[467572377850669205, 467523489549983552, 467523489549983551, 467523489549983543, 467572377850312824]","[0.7811276912689209, 0.7707766890525818, 0.7688238620758057, 0.7636532187461853, 0.7617493867874146]"
7ac6c505-a563-4d72-a4c7-8c9681df35b0,Surgery,0.5625,0.30078125,0.0673828125,0.0673828125,True,A,0.04517412185668945,medmcqa_3,"['TEXT', 'TEXT', 'TEXT', 'TEXT', 'TEXT']","[467523489550000082, 467523489549698916, 467523489549698912, 467523489549977387, 467523489549977389]","[0.7300707697868347, 0.7300146222114563, 0.7083817720413208, 0.7060069441795349, 0.7026735544204712]"
a3912f88-1e01-46ed-9f13-544c1a36fbb5,Surgery,0.046630859375,0.0023193359375,0.01336669921875,0.9375,True,D,0.02216196060180664,medmcqa_3,"['STAT', 'STAT', 'STAT', 'STAT', 'STAT']","[467572377850244306, 467572377850365602, 467572377850244246, 467572377850244305, 467572377850244303]","[0.7966221570968628, 0.7837862968444824, 0.7800288200378418, 0.7607402801513672, 0.7554769515991211]"
ebf3275d-4106-4b36-8d92-7d28f52f3576,Surgery,0.97265625,0.0157470703125,0.0079345703125,0.0019989013671875,True,A,0.03116321563720703,medmcqa_3,"['STAT', 'STAT', 'TEXT', 'STAT', 'STAT']","[467572377850388573, 467572377850668677, 467523489549699063, 467572377850723502, 467572377850629097]","[0.7604783773422241, 0.7565506100654602, 0.7558738589286804, 0.7511870265007019, 0.7506770491600037]"
825c94ac-5f3a-4ea3-a8dd-02f5ae83f7a3,Surgery,0.138671875,0.42578125,0.42578125,0.010009765625,False,C,0.03127932548522949,medmcqa_3,"['STAT', 'STAT', 'STAT', 'STAT', 'STAT']","[467572377850325625, 467572377850755187, 467572377850325649, 467572377850722268, 467572377850765730]","[0.7612858414649963, 0.7560958862304688, 0.7543988823890686, 0.7443200349807739, 0.7396488189697266]"
5dd3fc6a-7e12-4899-a250-102f79d9a7fd,Surgery,0.1240234375,0.859375,0.0130615234375,0.0030975341796875,True,B,0.028418302536010742,medmcqa_3,"['STAT', 'STAT', 'STAT', 'STAT', 'STAT']","[467572377850328123, 467572377850245602, 467572377850328113, 467572377850402932, 467572377850757110]","[0.8352193832397461, 0.8329360485076904, 0.8205201625823975, 0.8117679357528687, 0.8060477375984192]"
2bbccb20-80ef-4575-9a4f-ff88b33d34ff,Surgery,0.0517578125,0.0179443359375,0.91796875,0.0123291015625,False,A,0.044353485107421875,medmcqa_3,"['TEXT', 'TEXT', 'TEXT', 'TEXT', 'STAT']","[467523489550007821, 467523489550007279, 467523489550007277, 467523489550007822, 467572377850708821]","[0.8066970705986023, 0.7976008653640747, 0.7904965877532959, 0.7888232469558716, 0.7872540950775146]"
4cd9cf13-3bf7-438a-ae19-02288af1e943,Surgery,0.365234375,0.322265625,0.162109375,0.15234375,True,A,0.04487752914428711,medmcqa_3,"['STAT', 'TEXT', 'STAT', 'STAT', 'STAT']","[467572377850702763, 467523489549997385, 467572377850229490, 467572377850274853, 467572377850319647]","[0.7704465985298157, 0.7703797221183777, 0.7689403891563416, 0.7687246203422546, 0.7640957832336426]"
40fa7aa0-6036-426b-b694-5ff4a82b6dc7,Surgery,0.28515625,0.10498046875,0.28515625,0.32421875,False,C,0.04403352737426758,medmcqa_3,"['TEXT', 'TEXT', 'TEXT', 'TEXT', 'TEXT']","[467523489550000827, 467523489550009662, 467523489550000826, 467523489550000825, 467523489550000895]","[0.7348776459693909, 0.7157007455825806, 0.7007600665092468, 0.6997090578079224, 0.6963402628898621]"
b90144a7-74cd-40fc-9634-b3a00530cb0c,Anatomy,0.055908203125,0.005523681640625,0.9296875,0.007568359375,True,C,0.03366255760192871,medmcqa_3,"['TEXT', 'TEXT', 'TEXT', 'TEXT', 'TEXT']","[467523489549698689, 467523489549698688, 467523489549700984, 467523489549698761, 467523489549698692]","[0.7990554571151733, 0.7922752499580383, 0.7788618206977844, 0.7665036916732788, 0.7653284072875977]"
067ce5ef-1dae-4f0a-8a61-bcd7750dd379,Anatomy,0.451171875,0.310546875,0.07373046875,0.166015625,False,D,0.05038738250732422,medmcqa_3,"['TEXT', 'TEXT', 'TEXT', 'TEXT', 'TEXT']","[467523489549676891, 467523489549676923, 467523489549676929, 467523489549676953, 467523489549676957]","[0.7213822603225708, 0.7127473950386047, 0.7058539986610413, 0.7016305327415466, 0.701417863368988]"
dd531b88-f112-40c4-beef-e736469cdd91,Anatomy,0.057861328125,0.1015625,0.75,0.08984375,True,C,0.030299901962280273,medmcqa_3,"['STAT', 'STAT', 'STAT', 'STAT', 'STAT']","[467572377850759383, 467572377850759378, 467572377850759365, 467572377850759367, 467572377850759364]","[0.7768120169639587, 0.7706154584884644, 0.7626138925552368, 0.7380852103233337, 0.7374162673950195]"
4f5ef465-6d08-454f-aa5c-53fc1eecb0ae,Anatomy,0.033935546875,0.875,0.0233154296875,0.0673828125,True,B,0.02944326400756836,medmcqa_3,"['STAT', 'STAT', 'STAT', 'STAT', 'STAT']","[467572377850669964, 467572377850295490, 467572377850741028, 467572377850746048, 467572377850705060]","[0.8110953569412231, 0.8061856031417847, 0.8039900660514832, 0.7935988306999207, 0.7928823232650757]"
69b175c2-2d26-406c-bba9-54a26eeb2cbd,Anatomy,0.03125,0.0546875,0.002410888671875,0.91015625,True,D,0.03308582305908203,medmcqa_3,"['STAT', 'TEXT', 'TEXT', 'TEXT', 'TEXT']","[467572377850350141, 467523489549674253, 467523489549697422, 467523489549975517, 467523489549674252]","[0.7617204189300537, 0.7480455636978149, 0.7468414306640625, 0.745980441570282, 0.7374287843704224]"
292be6a1-f5da-4d67-8ae1-ae4d05a5f4a4,Anatomy,0.138671875,0.1298828125,0.1474609375,0.58203125,True,D,0.03770947456359863,medmcqa_3,"['TEXT', 'TEXT', 'TEXT', 'TEXT', 'TEXT']","[467523489549677073, 467523489549999374, 467523489549677068, 467523489549950637, 467523489549947230]","[0.7241572737693787, 0.7197535037994385, 0.7192561030387878, 0.7119144201278687, 0.711090087890625]"
ae005492-038e-49ae-a154-609fc852b6f0,Anatomy,0.5859375,0.333984375,0.048095703125,0.032958984375,True,A,0.030582189559936523,medmcqa_3,"['STAT', 'STAT', 'STAT', 'STAT', 'STAT']","[467572377850317273, 467572377850317285, 467572377850714272, 467572377850783809, 467572377850774048]","[0.8135285973548889, 0.7953233122825623, 0.7926672101020813, 0.788507878780365, 0.7883698344230652]"
2b050ce8-53bf-4a3b-a4bd-fe1991b726c9,Anatomy,0.259765625,0.515625,0.1669921875,0.057861328125,True,B,0.03597736358642578,medmcqa_3,"['TEXT', 'TEXT', 'STAT', 'TEXT', 'STAT']","[467523489549975483, 467523489549972709, 467572377850347301, 467523489549975443, 467572377850226565]","[0.6923338174819946, 0.6904633641242981, 0.6862341165542603, 0.6860204339027405, 0.6807307004928589]"
ab70624e-01f3-42b9-b918-1fa3d2c7f3ce,Anatomy,0.78125,0.2099609375,0.007171630859375,0.003387451171875,True,A,0.03363776206970215,medmcqa_3,"['STAT', 'STAT', 'TEXT', 'STAT', 'STAT']","[467572377850385393, 467572377850686883, 467523489549674415, 467572377850755677, 467572377850385365]","[0.817085862159729, 0.8153817057609558, 0.8133289813995361, 0.8106159567832947, 0.7963036298751831]"
42db9931-1f80-46a1-8c80-4e7f3d76051c,Anatomy,0.60546875,0.2236328125,0.0771484375,0.09326171875,True,A,0.03624296188354492,medmcqa_3,"['STAT', 'STAT', 'TEXT', 'STAT', 'STAT']","[467572377850338988, 467572377850670718, 467523489550007490, 467572377850255857, 467572377850226473]","[0.8167020082473755, 0.7905551791191101, 0.7863009572029114, 0.7822718620300293, 0.7754900455474854]"
c6f28135-76b7-4762-bd13-839b1592e3d3,Anatomy,0.91015625,0.0274658203125,0.01220703125,0.05126953125,False,D,0.044569969177246094,medmcqa_3,"['TEXT', 'TEXT', 'TEXT', 'TEXT', 'TEXT']","[467523489549686981, 467523489549700772, 467523489549700780, 467523489549676917, 467523489549697457]","[0.7565978169441223, 0.7560537457466125, 0.7289142608642578, 0.724460780620575, 0.7235961556434631]"
d3a7afa0-b887-4c0b-a244-6c41e2f62ee4,Anatomy,0.0186767578125,0.42578125,0.546875,0.00885009765625,False,B,0.035532474517822266,medmcqa_3,"['STAT', 'STAT', 'STAT', 'TEXT', 'STAT']","[467572377850388080, 467572377850713201, 467572377850632414, 467523489549674356, 467572377850713202]","[0.7880905270576477, 0.7877084612846375, 0.7792928814888, 0.7774494290351868, 0.7752150893211365]"
294f261f-83db-483c-ab08-7ada6462f72b,Anatomy,0.023193359375,0.76953125,0.1943359375,0.01409912109375,True,B,0.032602548599243164,medmcqa_3,"['STAT', 'TEXT', 'STAT', 'STAT', 'STAT']","[467572377850385393, 467523489549674415, 467572377850686883, 467572377850755677, 467572377850630512]","[0.7997833490371704, 0.7906028628349304, 0.7882704734802246, 0.7844305038452148, 0.7822225689888]"
9c1d56d9-5f46-4d3f-87e6-894a31c98f27,Anatomy,0.1083984375,0.02001953125,0.06982421875,0.80078125,True,D,0.033811330795288086,medmcqa_3,"['STAT', 'TEXT', 'STAT', 'TEXT', 'STAT']","[467572377850411362, 467523489549676921, 467572377850411364, 467523489549676538, 467572377850327002]","[0.7642550468444824, 0.7610290050506592, 0.7530954480171204, 0.7526558041572571, 0.7449434995651245]"
dc918d5f-2451-47cb-9b33-25b5eb96cab0,Anatomy,0.3046875,0.046630859375,0.56640625,0.08203125,False,A,0.03309226036071777,medmcqa_3,"['TEXT', 'TEXT', 'STAT', 'TEXT', 'TEXT']","[467523489549950420, 467523489549952133, 467572377850327891, 467523489549935566, 467523489549708413]","[0.7525345087051392, 0.7505542039871216, 0.7455188632011414, 0.7445335388183594, 0.7440052628517151]"
d239a8a4-bc54-453e-805f-068d00381a1b,Anatomy,0.8984375,0.0186767578125,0.03271484375,0.05078125,False,D,0.035733938217163086,medmcqa_3,"['STAT', 'TEXT', 'TEXT', 'TEXT', 'STAT']","[467572377850638880, 467523489549988747, 467523489549988743, 467523489549945883, 467572377850622815]","[0.7684876322746277, 0.7666401863098145, 0.7599509954452515, 0.7550300359725952, 0.7547001242637634]"
464d6db1-cbf6-44c5-89b0-1599071e3a72,Anatomy,0.03369140625,0.024658203125,0.01409912109375,0.92578125,True,D,0.032634735107421875,medmcqa_3,"['STAT', 'STAT', 'STAT', 'STAT', 'STAT']","[467572377850391973, 467572377850298360, 467572377850641269, 467572377850659717, 467572377850657897]","[0.7418625354766846, 0.7374362945556641, 0.7350544333457947, 0.734528660774231, 0.7344365119934082]"
5f2e0649-aabe-48ad-9063-2c4554d053a2,Anatomy,0.040771484375,0.72265625,0.0037841796875,0.234375,False,D,0.03244638442993164,medmcqa_3,"['TEXT', 'STAT', 'STAT', 'STAT', 'TEXT']","[467523489549676936, 467572377850735456, 467572377850707023, 467572377850735453, 467523489549676648]","[0.8015801906585693, 0.7823154926300049, 0.7734635472297668, 0.7719256281852722, 0.7715162634849548]"
47f8f5d9-4611-4a68-9e8f-2993951ccc95,Anatomy,0.197265625,0.326171875,0.25390625,0.2236328125,False,C,0.032358407974243164,medmcqa_3,"['TEXT', 'TEXT', 'TEXT', 'TEXT', 'TEXT']","[467523489549951194, 467523489549676901, 467523489549951359, 467523489549951241, 467523489549960157]","[0.8243415355682373, 0.793302595615387, 0.7815148830413818, 0.7728762030601501, 0.7656073570251465]"
ef116da3-e330-4439-a183-1f19a7ea3fcd,Anatomy,0.33984375,0.30078125,0.05908203125,0.30078125,True,A,0.043823957443237305,medmcqa_3,"['STAT', 'TEXT', 'STAT', 'TEXT', 'STAT']","[467572377850336559, 467523489549676843, 467572377850720611, 467523489549676841, 467572377850727617]","[0.8285538554191589, 0.8103565573692322, 0.8075697422027588, 0.7998475432395935, 0.7962526082992554]"
0fd8b1cf-309f-4bcd-b1d6-d6a1f07d440f,Forensic Medicine,0.439453125,0.4140625,0.134765625,0.01171875,False,C,0.018723011016845703,medmcqa_3,"['TEXT', 'TEXT', 'TEXT', 'TEXT', 'TEXT']","[467523489549677742, 467523489549983570, 467523489549987024, 467523489549983051, 467523489549939247]","[0.6907779574394226, 0.6907779574394226, 0.6907779574394226, 0.6907779574394226, 0.6907779574394226]"
7801e0bc-129a-47f5-a8f2-5c78981b28d8,Forensic Medicine,0.462890625,0.408203125,0.04296875,0.08544921875,False,B,0.02805924415588379,medmcqa_3,"['STAT', 'STAT', 'STAT', 'STAT', 'STAT']","[467572377850651718, 467572377850405931, 467572377850651711, 467572377850273825, 467572377850366361]","[0.7654432058334351, 0.7644314765930176, 0.7604455351829529, 0.7578324675559998, 0.7504510283470154]"
a0bc9d51-9ac3-4847-bd92-9f29d7216e8d,Forensic Medicine,0.1201171875,0.609375,0.1748046875,0.09375,True,B,0.04213428497314453,medmcqa_3,"['TEXT', 'TEXT', 'TEXT', 'TEXT', 'TEXT']","[467523489549677063, 467523489549956151, 467523489549997903, 467523489549997911, 467523489549947381]","[0.7353991866111755, 0.7268034815788269, 0.7253934741020203, 0.7240625619888306, 0.7202355265617371]"
29cec3ae-1d3f-4966-b791-d9eed37c3d1f,Forensic Medicine,0.96484375,0.024169921875,0.01068115234375,0.001861572265625,True,A,0.03319525718688965,medmcqa_3,"['TEXT', 'TEXT', 'TEXT', 'TEXT', 'TEXT']","[467523489549689961, 467523489549689962, 467523489549689966, 467523489549689964, 467523489549978081]","[0.7143892049789429, 0.7108283042907715, 0.6974512338638306, 0.6947131156921387, 0.6866663098335266]"
12bfacf6-a27e-41dc-85ee-64e1b8955000,Forensic Medicine,0.392578125,0.185546875,0.287109375,0.1357421875,False,C,0.04355311393737793,medmcqa_3,"['TEXT', 'TEXT', 'TEXT', 'TEXT', 'TEXT']","[467523489549972620, 467523489549997903, 467523489549997906, 467523489549997907, 467523489549955604]","[0.7461633086204529, 0.7334221005439758, 0.708081841468811, 0.7076218724250793, 0.6923401355743408]"
c3330937-9414-435c-91f3-38e7197f7ba1,Forensic Medicine,0.1630859375,0.1845703125,0.53515625,0.119140625,True,C,0.03263115882873535,medmcqa_3,"['TEXT', 'TEXT', 'TEXT', 'TEXT', 'TEXT']","[467523489549952649, 467523489549952650, 467523489549949167, 467523489549949157, 467523489549679091]","[0.714756190776825, 0.7086564898490906, 0.7059004306793213, 0.6934800148010254, 0.693183183670044]"
044e8f11-ca21-4220-9ddc-0fca648ed401,Forensic Medicine,0.02392578125,0.89453125,0.0693359375,0.0106201171875,True,B,0.01827716827392578,medmcqa_3,"['TEXT', 'TEXT', 'TEXT', 'TEXT', 'TEXT']","[467523489549679895, 467523489549677742, 467523489549939247, 467523489549987024, 467523489549983051]","[0.6675004959106445, 0.6662733554840088, 0.6662733554840088, 0.6662733554840088, 0.666273295879364]"
f91736e8-259c-4655-a68c-453dd490a7b7,Forensic Medicine,0.396484375,0.255859375,0.30859375,0.039306640625,True,A,0.035709381103515625,medmcqa_3,"['STAT', 'TEXT', 'STAT', 'STAT', 'TEXT']","[467572377850228803, 467523489549955506, 467572377850668100, 467572377850370805, 467523489549955379]","[0.7337763905525208, 0.7169628739356995, 0.7118709683418274, 0.7113125324249268, 0.7089751958847046]"
67f63ad4-0c9a-46fb-8689-c79b7a7224da,Forensic Medicine,0.201171875,0.09521484375,0.58203125,0.1220703125,False,A,0.03272581100463867,medmcqa_3,"['TEXT', 'TEXT', 'TEXT', 'TEXT', 'STAT']","[467523489549972310, 467523489549693659, 467523489549693672, 467523489549693651, 467572377850758446]","[0.8053740859031677, 0.7981133460998535, 0.7913573980331421, 0.7893071174621582, 0.7874288558959961]"
5b062fde-455e-4ab5-aa3b-a661c3643f42,Forensic Medicine,0.12451171875,0.048828125,0.765625,0.0625,True,C,0.04323601722717285,medmcqa_3,"['TEXT', 'TEXT', 'TEXT', 'TEXT', 'TEXT']","[467523489549999343, 467523489550010118, 467523489549688543, 467523489549706933, 467523489550010129]","[0.7188966274261475, 0.7138907313346863, 0.712382972240448, 0.6987863779067993, 0.6968275308609009]"
efbacdd9-1c25-4697-8ad9-377c7a8105b8,Forensic Medicine,0.2734375,0.310546875,0.310546875,0.10693359375,False,A,0.04345226287841797,medmcqa_3,"['TEXT', 'TEXT', 'TEXT', 'TEXT', 'TEXT']","[467523489549958908, 467523489549948763, 467523489549959579, 467523489549711425, 467523489549982515]","[0.7319218516349792, 0.7253092527389526, 0.7080292105674744, 0.707953929901123, 0.7067359685897827]"
38c0c9e6-009c-4ef1-a3ae-2e3aacd715e7,Forensic Medicine,0.8671875,0.06298828125,0.0458984375,0.0245361328125,True,A,0.03295159339904785,medmcqa_3,"['TEXT', 'TEXT', 'TEXT', 'TEXT', 'TEXT']","[467523489549959652, 467523489549972547, 467523489549947681, 467523489549958929, 467523489549959657]","[0.7530999183654785, 0.7466596961021423, 0.7399765253067017, 0.731621265411377, 0.7309584617614746]"
5c578aa4-a6fd-4de5-b0f6-adb926564122,Forensic Medicine,0.1640625,0.65234375,0.1279296875,0.056884765625,False,A,0.043761491775512695,medmcqa_3,"['TEXT', 'TEXT', 'TEXT', 'TEXT', 'TEXT']","[467523489550010046, 467523489549951937, 467523489549951935, 467523489550010129, 467523489550010098]","[0.6996119618415833, 0.6931502819061279, 0.6908042430877686, 0.6856958866119385, 0.6834203004837036]"
46ad7b87-21e1-41da-bc30-50e96b3acd45,Forensic Medicine,0.99609375,0.00131988525390625,0.00116729736328125,0.000553131103515625,True,A,0.04432272911071777,medmcqa_3,"['STAT', 'STAT', 'STAT', 'STAT', 'STAT']","[467572377850375383, 467572377850307472, 467572377850786821, 467572377850364907, 467572377850352434]","[0.7598696947097778, 0.7476945519447327, 0.7460386157035828, 0.742650032043457, 0.7399162650108337]"
c27e7c0b-7d26-4ca7-b537-c44b71114d55,Forensic Medicine,0.08642578125,0.439453125,0.38671875,0.08642578125,False,C,0.04356718063354492,medmcqa_3,"['TEXT', 'TEXT', 'TEXT', 'TEXT', 'TEXT']","[467523489549962629, 467523489549948552, 467523489549948576, 467523489549678644, 467523489549997178]","[0.7048202157020569, 0.7006728053092957, 0.6937179565429688, 0.6919061541557312, 0.6908225417137146]"
5e39f6db-6d90-49fa-a2a6-f9e0c9d1b821,Forensic Medicine,0.47265625,0.416015625,0.06787109375,0.0439453125,False,D,0.028750181198120117,medmcqa_3,"['STAT', 'STAT', 'STAT', 'STAT', 'STAT']","[467572377850745232, 467572377850746191, 467572377850745252, 467572377850343558, 467572377850368537]","[0.7669506072998047, 0.7422077655792236, 0.7330732345581055, 0.7314108610153198, 0.7286862134933472]"
4414e290-9d6a-410d-9506-72555add17d7,Forensic Medicine,0.99609375,0.0035858154296875,0.001800537109375,0.0001392364501953125,True,A,0.04443049430847168,medmcqa_3,"['TEXT', 'TEXT', 'TEXT', 'TEXT', 'TEXT']","[467523489549948555, 467523489549982479, 467523489549982482, 467523489549972527, 467523489549948661]","[0.7363920211791992, 0.7230075597763062, 0.7071102261543274, 0.7018551826477051, 0.6987046003341675]"
004aab8b-a6e3-408f-a255-6824b132d97c,Forensic Medicine,0.103515625,0.67578125,0.1708984375,0.049072265625,True,B,0.02192831039428711,medmcqa_3,"['TEXT', 'TEXT', 'TEXT', 'TEXT', 'TEXT']","[467523489550000028, 467523489550005353, 467523489550010013, 467523489549998592, 467523489549996547]","[0.7009827494621277, 0.6908876299858093, 0.6838610172271729, 0.6834720969200134, 0.6800462603569031]"
745734e9-afe6-4098-bd64-66ee49c64dc0,Forensic Medicine,0.412109375,0.25,0.25,0.08642578125,True,A,0.0215303897857666,medmcqa_3,"['TEXT', 'TEXT', 'TEXT', 'TEXT', 'TEXT']","[467523489550010046, 467523489549983051, 467523489549983570, 467523489549677742, 467523489549939247]","[0.6722661852836609, 0.6662505269050598, 0.6662505269050598, 0.666250467300415, 0.666250467300415]"
8a045017-cef4-4ca8-ad9b-52bf5a0bed63,Forensic Medicine,0.380859375,0.4296875,0.12353515625,0.06591796875,False,A,0.04223322868347168,medmcqa_3,"['TEXT', 'STAT', 'TEXT', 'TEXT', 'TEXT']","[467523489549954158, 467572377850731553, 467523489550009242, 467523489550009161, 467523489550007553]","[0.7211645245552063, 0.714866042137146, 0.7096430063247681, 0.7088065147399902, 0.7074576020240784]"
5b2aada9-1d44-4499-b96f-89b063d9927c,Biochemistry,0.248046875,0.1708984375,0.2197265625,0.361328125,True,D,0.021203279495239258,medmcqa_3,"['STAT', 'STAT', 'STAT', 'STAT', 'TEXT']","[467572377850720700, 467572377850746779, 467572377850629452, 467572377850695843, 467523489549677530]","[0.7902114987373352, 0.7887684106826782, 0.7791098356246948, 0.772551953792572, 0.7646881937980652]"
7627eb54-4499-45d0-ba1f-1c8dbc6f2342,Biochemistry,0.0556640625,0.01495361328125,0.1611328125,0.76953125,True,D,0.034189701080322266,medmcqa_3,"['TEXT', 'STAT', 'STAT', 'STAT', 'TEXT']","[467523489549713678, 467572377850764208, 467572377850764210, 467572377850764207, 467523489549678629]","[0.7811307907104492, 0.7804912328720093, 0.779280424118042, 0.7774969935417175, 0.770683765411377]"
29f210a1-e9b8-41d8-913a-9f1c4f894106,Biochemistry,0.001922607421875,0.00080108642578125,0.99609375,0.00010204315185546875,True,C,0.028725147247314453,medmcqa_3,"['STAT', 'TEXT', 'TEXT', 'STAT', 'STAT']","[467572377850738491, 467523489549951037, 467523489549988849, 467572377850410278, 467572377850768641]","[0.82340407371521, 0.7934834957122803, 0.7865251302719116, 0.7722258567810059, 0.772017240524292]"
678018c2-3154-4411-937e-0e5d4116739f,Biochemistry,0.38671875,0.49609375,0.0712890625,0.046142578125,False,A,0.04782676696777344,medmcqa_3,"['TEXT', 'TEXT', 'STAT', 'TEXT', 'TEXT']","[467523489549678901, 467523489549710521, 467572377850326258, 467523489549678883, 467523489549710515]","[0.794934868812561, 0.7513856887817383, 0.7466700673103333, 0.7458246946334839, 0.7410948276519775]"
587ef917-abf4-4b32-985c-e2020bd397cb,Biochemistry,0.140625,0.359375,0.21875,0.28125,False,D,0.043584585189819336,medmcqa_3,"['STAT', 'STAT', 'TEXT', 'STAT', 'TEXT']","[467572377850763981, 467572377850231477, 467523489549679542, 467572377850260660, 467523489549686341]","[0.8128239512443542, 0.7916340827941895, 0.7916149497032166, 0.7866566777229309, 0.782978355884552]"
8b3e79da-c35a-4d0c-8bb1-ba5bb9f20949,Biochemistry,0.03271484375,0.061279296875,0.453125,0.453125,False,D,0.033217668533325195,medmcqa_3,"['TEXT', 'STAT', 'STAT', 'STAT', 'STAT']","[467523489549681380, 467572377850721333, 467572377850721338, 467572377850312794, 467572377850721328]","[0.7137750387191772, 0.7101885080337524, 0.7040700316429138, 0.7037559747695923, 0.7034164667129517]"
2e79e459-d4f0-4293-8e05-eb282fa25772,Biochemistry,0.9921875,0.007568359375,0.000583648681640625,0.00018978118896484375,True,A,0.035309791564941406,medmcqa_3,"['TEXT', 'TEXT', 'TEXT', 'TEXT', 'TEXT']","[467523489549681973, 467523489549681974, 467523489549682026, 467523489549696596, 467523489549682025]","[0.7876315712928772, 0.7840829491615295, 0.7800607681274414, 0.7776223421096802, 0.7755365371704102]"
535bf03d-8714-46a8-84a0-13bf499129f7,Biochemistry,0.1689453125,0.1318359375,0.109375,0.58984375,False,A,0.04859495162963867,medmcqa_3,"['TEXT', 'TEXT', 'TEXT', 'TEXT', 'TEXT']","[467523489549680628, 467523489549678763, 467523489549680765, 467523489549680627, 467523489549680689]","[0.7750844359397888, 0.7547167539596558, 0.752547025680542, 0.7523385882377625, 0.7499523758888245]"
fb493e7d-519b-4534-940f-cc3fb93f4b6b,Biochemistry,0.0201416015625,0.005767822265625,0.97265625,0.002899169921875,True,C,0.04291892051696777,medmcqa_3,"['TEXT', 'STAT', 'TEXT', 'TEXT', 'TEXT']","[467523489549677734, 467572377850626012, 467523489549678591, 467523489549992030, 467523489549985568]","[0.8679295778274536, 0.8325186967849731, 0.8248789310455322, 0.8135921955108643, 0.8120237588882446]"
ff410d96-12d4-43ba-8b24-7bfbd8ad360c,Biochemistry,0.99609375,0.003814697265625,0.00090789794921875,0.0004558563232421875,True,A,0.03493380546569824,medmcqa_3,"['TEXT', 'STAT', 'STAT', 'TEXT', 'TEXT']","[467523489549679474, 467572377850326479, 467572377850326478, 467523489549679831, 467523489549677447]","[0.7802364826202393, 0.7643596529960632, 0.7622833251953125, 0.7568383812904358, 0.7558565139770508]"
1f473717-d2b8-489e-969e-be0de6c30e86,Biochemistry,0.9921875,0.00555419921875,0.000484466552734375,0.000751495361328125,True,A,0.031227588653564453,medmcqa_3,"['STAT', 'TEXT', 'STAT', 'TEXT', 'TEXT']","[467572377850352566, 467523489549686298, 467572377850352567, 467523489549677376, 467523489549677375]","[0.8366910219192505, 0.8004636764526367, 0.7891731858253479, 0.7878928780555725, 0.7814250588417053]"
7a4da866-2f41-4510-aa28-0dabdf6d0d38,Biochemistry,0.0302734375,0.94140625,0.013427734375,0.0162353515625,True,B,0.032926082611083984,medmcqa_3,"['TEXT', 'TEXT', 'TEXT', 'TEXT', 'TEXT']","[467523489549678546, 467523489549678547, 467523489549678488, 467523489549972931, 467523489549678496]","[0.7660166025161743, 0.7620296478271484, 0.7569931745529175, 0.7509670257568359, 0.7380248308181763]"
cf3f103b-e4d8-4f34-86aa-b69f3b31fe55,Biochemistry,0.02587890625,0.00225830078125,0.96875,0.001556396484375,True,C,0.03270578384399414,medmcqa_3,"['STAT', 'TEXT', 'STAT', 'TEXT', 'STAT']","[467572377850644205, 467523489549944675, 467572377850644206, 467523489549944688, 467572377850691867]","[0.7918385863304138, 0.7852177619934082, 0.7802498936653137, 0.77860027551651, 0.7776352167129517]"
2075da99-9c63-4a88-944a-b1abd40f6720,Biochemistry,0.95703125,0.02392578125,0.01202392578125,0.0087890625,True,A,0.03221631050109863,medmcqa_3,"['STAT', 'STAT', 'TEXT', 'TEXT', 'STAT']","[467572377850689820, 467572377850694833, 467523489549678598, 467523489549686724, 467572377850744337]","[0.7915099859237671, 0.7817462682723999, 0.7788659334182739, 0.7783172130584717, 0.7779000997543335]"
d5f7c86d-3441-4fdd-8618-8510dbead871,Biochemistry,0.1328125,0.09716796875,0.0079345703125,0.76171875,True,D,0.04482841491699219,medmcqa_3,"['TEXT', 'TEXT', 'TEXT', 'TEXT', 'TEXT']","[467523489549950896, 467523489549701457, 467523489549701437, 467523489549683412, 467523489549683352]","[0.7691218852996826, 0.7590116858482361, 0.7584834098815918, 0.7566202878952026, 0.7558205723762512]"
f4431627-6919-4c67-b3fa-eebf37335434,Biochemistry,0.000518798828125,1.0,0.00016880035400390625,0.0002956390380859375,True,B,0.027605295181274414,medmcqa_3,"['STAT', 'STAT', 'STAT', 'STAT', 'STAT']","[467572377850664837, 467572377850377640, 467572377850227753, 467572377850268685, 467572377850720418]","[0.7707028388977051, 0.7691428661346436, 0.7673026323318481, 0.7665073871612549, 0.7660329937934875]"
67face05-23f1-43cc-8acc-61af6d1e6285,Biochemistry,0.78125,0.09912109375,0.09326171875,0.0284423828125,True,A,0.043746232986450195,medmcqa_3,"['STAT', 'TEXT', 'TEXT', 'TEXT', 'STAT']","[467572377850322886, 467523489549679157, 467523489549678229, 467523489549677530, 467572377850322882]","[0.7613000869750977, 0.74654221534729, 0.745080828666687, 0.7443899512290955, 0.7426691055297852]"
d32f0f04-48eb-4a63-bae0-705aed8793a3,Biochemistry,0.90625,0.07421875,0.00946044921875,0.01007080078125,True,A,0.041947364807128906,medmcqa_3,"['TEXT', 'TEXT', 'TEXT', 'TEXT', 'TEXT']","[467523489549678811, 467523489549678831, 467523489549680854, 467523489549678842, 467523489549681217]","[0.8084813952445984, 0.8081939816474915, 0.8063715696334839, 0.8050306439399719, 0.8043210506439209]"
3ea8bac5-2e0f-4f6f-8f5e-c9c1ef405a76,Biochemistry,0.004302978515625,0.001495361328125,0.0016937255859375,0.9921875,True,D,0.03029799461364746,medmcqa_3,"['STAT', 'TEXT', 'STAT', 'TEXT', 'STAT']","[467572377850266834, 467523489549958267, 467572377850694186, 467523489549949256, 467572377850630161]","[0.7803665995597839, 0.7766503691673279, 0.7655971050262451, 0.7613092660903931, 0.7605810165405273]"
3a0f1fe5-a2b8-49a5-b032-13e2e508e682,Biochemistry,0.2431640625,0.1669921875,0.275390625,0.3125,False,C,0.03542923927307129,medmcqa_3,"['TEXT', 'STAT', 'STAT', 'TEXT', 'STAT']","[467523489549677531, 467572377850264043, 467572377850380899, 467523489549679074, 467572377850698318]","[0.7712382078170776, 0.7699370384216309, 0.7693129777908325, 0.7690562605857849, 0.7654358148574829]"
9d2bff20-7d45-402d-af8f-3eb0c1e1e404,Physiology,0.796875,0.051025390625,0.138671875,0.01287841796875,True,A,0.055005788803100586,medmcqa_3,"['TEXT', 'TEXT', 'TEXT', 'TEXT', 'TEXT']","[467523489549962404, 467523489549694143, 467523489549992148, 467523489549992158, 467523489549984986]","[0.7481655478477478, 0.7439608573913574, 0.742804229259491, 0.7417827248573303, 0.7407548427581787]"
a36b6f9e-f19b-48b1-9d33-4845fffe975f,Physiology,0.017822265625,0.002410888671875,0.00579833984375,0.97265625,True,D,0.045003414154052734,medmcqa_3,"['TEXT', 'TEXT', 'TEXT', 'TEXT', 'TEXT']","[467523489549977918, 467523489549925714, 467523489549997329, 467523489549971300, 467523489549686724]","[0.7502000331878662, 0.7458276748657227, 0.7449991703033447, 0.7391477227210999, 0.7364726066589355]"
f6c37d84-4658-45dd-b75d-741f6f1bcff2,Physiology,0.0224609375,0.0030364990234375,0.0211181640625,0.953125,True,D,0.03272080421447754,medmcqa_3,"['TEXT', 'TEXT', 'STAT', 'TEXT', 'STAT']","[467523489549989508, 467523489549989024, 467572377850656020, 467523489549949482, 467572377850348039]","[0.7981204986572266, 0.7928165197372437, 0.7906447649002075, 0.787625253200531, 0.781157374382019]"
aafbe728-ff78-47ec-8edc-e47e320fc1ba,Physiology,0.88671875,0.0284423828125,0.08251953125,0.0023345947265625,True,A,0.0432891845703125,medmcqa_3,"['TEXT', 'TEXT', 'TEXT', 'TEXT', 'TEXT']","[467523489549682230, 467523489549682228, 467523489549988183, 467523489549682231, 467523489549988185]","[0.8039574027061462, 0.786128044128418, 0.784103512763977, 0.7789069414138794, 0.7731620073318481]"
4e3061f9-0a14-4878-9abd-6a0459b268b8,Physiology,0.005218505859375,0.9921875,0.00131988525390625,0.000751495361328125,True,B,0.03194403648376465,medmcqa_3,"['TEXT', 'TEXT', 'TEXT', 'TEXT', 'TEXT']","[467523489549704498, 467523489549971470, 467523489549971170, 467523489549686376, 467523489549704632]","[0.7924433946609497, 0.7863116264343262, 0.7828459739685059, 0.7789052724838257, 0.7781513929367065]"
bc474c2e-6cf4-4df9-b484-3ecada4dd30d,Physiology,0.087890625,0.8359375,0.00872802734375,0.068359375,True,B,0.03267693519592285,medmcqa_3,"['STAT', 'TEXT', 'TEXT', 'STAT', 'STAT']","[467572377850658810, 467523489549698037, 467523489549698036, 467572377850691475, 467572377850398279]","[0.8342747092247009, 0.8216811418533325, 0.8154569864273071, 0.8115348219871521, 0.8104135394096375]"
514f2979-8893-455e-9b88-5979370081c4,Physiology,0.80078125,0.158203125,0.02001953125,0.02001953125,True,A,0.027335405349731445,medmcqa_3,"['STAT', 'STAT', 'STAT', 'STAT', 'STAT']","[467572377850762609, 467572377850261825, 467572377850402773, 467572377850413021, 467572377850284317]","[0.7842928767204285, 0.7750072479248047, 0.7707666754722595, 0.7690394520759583, 0.7640937566757202]"
d04e9217-abaf-4e62-89ed-5d443c9aa4f2,Physiology,0.337890625,0.232421875,0.298828125,0.1318359375,False,B,0.0313563346862793,medmcqa_3,"['TEXT', 'TEXT', 'TEXT', 'TEXT', 'TEXT']","[467523489549989508, 467523489549698859, 467523489549953304, 467523489549952699, 467523489549677175]","[0.7613045573234558, 0.7345238924026489, 0.7279468774795532, 0.727078378200531, 0.7263133525848389]"
45258d3d-b974-44dd-a161-c3fccbdadd88,Physiology,0.890625,0.0098876953125,0.005645751953125,0.09375,True,A,0.030286550521850586,medmcqa_3,"['TEXT', 'STAT', 'STAT', 'STAT', 'STAT']","[467523489549947415, 467572377850346235, 467572377850313561, 467572377850719119, 467572377850384384]","[0.8361623287200928, 0.8273463249206543, 0.8123421669006348, 0.80613112449646, 0.8059951663017273]"
13781885-cf02-490f-ba56-152d97ccb152,Physiology,1.0,0.0013275146484375,0.000553131103515625,5.125999450683594e-05,True,A,0.0343327522277832,medmcqa_3,"['TEXT', 'STAT', 'TEXT', 'TEXT', 'STAT']","[467523489549978103, 467572377850622888, 467523489549685647, 467523489549710345, 467572377850234088]","[0.7574325203895569, 0.7560292482376099, 0.7525315880775452, 0.7486214637756348, 0.7463710308074951]"
60e4c703-caf9-4e1c-a6d8-fcbaeae819d4,Physiology,0.00848388671875,0.006195068359375,0.98046875,0.004547119140625,True,C,0.03708243370056152,medmcqa_3,"['STAT', 'STAT', 'STAT', 'STAT', 'TEXT']","[467572377850301676, 467572377850683648, 467572377850362944, 467572377850398677, 467523489549698065]","[0.8416556119918823, 0.8144887685775757, 0.8093595504760742, 0.8079663515090942, 0.8067159056663513]"
539291d5-becc-4ccc-8862-9d9ff4fcc121,Physiology,0.0029754638671875,0.000751495361328125,0.0021820068359375,0.9921875,True,D,0.03275585174560547,medmcqa_3,"['STAT', 'STAT', 'TEXT', 'STAT', 'TEXT']","[467572377850238925, 467572377850246344, 467523489549979736, 467572377850756714, 467523489549678988]","[0.7953873872756958, 0.7912671566009521, 0.7858729362487793, 0.78148353099823, 0.7756116390228271]"
8cdda5f3-545c-4323-b1a5-6ed9f66ea02f,Physiology,0.21484375,0.376953125,0.07421875,0.333984375,True,B,0.03265881538391113,medmcqa_3,"['TEXT', 'TEXT', 'TEXT', 'TEXT', 'TEXT']","[467523489549975605, 467523489549959463, 467523489549975604, 467523489549959472, 467523489549954166]","[0.7337503433227539, 0.726897120475769, 0.725073516368866, 0.7183994650840759, 0.7156045436859131]"
212c1720-9f09-49d2-9a44-47bd914b35c9,Physiology,0.193359375,0.1171875,0.28125,0.408203125,True,D,0.03532147407531738,medmcqa_3,"['STAT', 'TEXT', 'STAT', 'STAT', 'STAT']","[467572377850710747, 467523489549990693, 467572377850749874, 467572377850744076, 467572377850710752]","[0.777557909488678, 0.7757979035377502, 0.7706664204597473, 0.7685865759849548, 0.7630132436752319]"
ef51fbf9-549d-456a-9286-181a7f6143cd,Physiology,0.8359375,0.14453125,0.0098876953125,0.01116943359375,True,A,0.02751016616821289,medmcqa_3,"['TEXT', 'TEXT', 'STAT', 'STAT', 'STAT']","[467523489549936480, 467523489549936965, 467572377850226989, 467572377850744079, 467572377850365479]","[0.8064465522766113, 0.8011911511421204, 0.7904135584831238, 0.7897964715957642, 0.7849685549736023]"
4f5ca2d2-0f0b-4304-87ef-fbdc6d883659,Physiology,0.357421875,0.279296875,0.1162109375,0.24609375,True,A,0.03307986259460449,medmcqa_3,"['TEXT', 'STAT', 'TEXT', 'TEXT', 'TEXT']","[467523489549990062, 467572377850248601, 467523489549990063, 467523489549707457, 467523489549990065]","[0.7682046294212341, 0.7544946670532227, 0.7511520981788635, 0.7505829334259033, 0.7474824786186218]"
0dd771c5-9284-4e46-abf0-da8618b12985,Physiology,0.01165771484375,0.984375,0.00139617919921875,0.000743865966796875,True,B,0.03252053260803223,medmcqa_3,"['TEXT', 'TEXT', 'TEXT', 'TEXT', 'TEXT']","[467523489549693613, 467523489549943792, 467523489549943794, 467523489549944011, 467523489549943793]","[0.7405732274055481, 0.7400058507919312, 0.7342933416366577, 0.7293424606323242, 0.7277324795722961]"
c4bcd30a-daa7-4da1-9316-83c2cbb64532,Physiology,0.00787353515625,0.0201416015625,0.97265625,0.00113677978515625,True,C,0.03229570388793945,medmcqa_3,"['STAT', 'TEXT', 'STAT', 'TEXT', 'STAT']","[467572377850648291, 467523489549989558, 467572377850307859, 467523489549697984, 467572377850365721]","[0.7982549071311951, 0.7960175275802612, 0.7933297157287598, 0.7899149656295776, 0.7842816710472107]"
4034587c-3452-4465-9e2e-9b2ad5f643cd,Physiology,0.9609375,0.0272216796875,0.0078125,0.003936767578125,True,A,0.03271198272705078,medmcqa_3,"['TEXT', 'TEXT', 'TEXT', 'STAT', 'TEXT']","[467523489549982443, 467523489549952123, 467523489549952195, 467572377850398305, 467523489549982446]","[0.803784966468811, 0.7723617553710938, 0.7631502747535706, 0.7474762797355652, 0.7461180686950684]"
6b5b69d0-83bf-4cd0-bb15-8f99cc9ea3d7,Physiology,0.007110595703125,0.0015869140625,0.9921875,0.0002593994140625,True,C,0.021253347396850586,medmcqa_3,"['STAT', 'STAT', 'STAT', 'TEXT', 'STAT']","[467572377850766680, 467572377850639639, 467572377850772666, 467523489549990369, 467572377850766678]","[0.7885677814483643, 0.7849102020263672, 0.7698771953582764, 0.7621280550956726, 0.7599108219146729]"
4506e30a-65c0-48a5-86db-595e5084787c,Gynaecology & Obstetrics,0.037109375,0.00390625,0.00469970703125,0.953125,True,D,0.04245805740356445,medmcqa_3,"['STAT', 'TEXT', 'TEXT', 'TEXT', 'TEXT']","[467572377850345258, 467523489549970616, 467523489549927287, 467523489549970599, 467523489549970598]","[0.7720170021057129, 0.7658336162567139, 0.7639558911323547, 0.7634836435317993, 0.7632878422737122]"
641fe4d1-8fc4-4393-ada9-0f1fc1c25462,Gynaecology & Obstetrics,0.8671875,0.0230712890625,0.07568359375,0.03564453125,True,A,0.04282379150390625,medmcqa_3,"['TEXT', 'TEXT', 'TEXT', 'TEXT', 'TEXT']","[467523489549980115, 467523489549978021, 467523489549980157, 467523489549980154, 467523489549690649]","[0.7498602867126465, 0.7309543490409851, 0.7303319573402405, 0.7191940546035767, 0.7183140516281128]"
a9593a3b-34bf-4de3-b53b-f9e957a0dad5,Gynaecology & Obstetrics,0.76953125,0.11767578125,0.0810546875,0.03369140625,False,D,0.04388070106506348,medmcqa_3,"['STAT', 'TEXT', 'STAT', 'TEXT', 'STAT']","[467572377850758156, 467523489549963547, 467572377850662715, 467523489549966497, 467572377850662717]","[0.7920175194740295, 0.7693225145339966, 0.7640782594680786, 0.7593372464179993, 0.7545151114463806]"
b0f5d8eb-eda4-48a2-ad59-d158d8132c16,Gynaecology & Obstetrics,0.220703125,0.09814453125,0.6015625,0.0810546875,False,A,0.0430607795715332,medmcqa_3,"['TEXT', 'STAT', 'TEXT', 'TEXT', 'TEXT']","[467523489549962299, 467572377850333966, 467523489549962264, 467523489549966471, 467523489549962248]","[0.7922456860542297, 0.7784801721572876, 0.7782191038131714, 0.77731853723526, 0.7756181359291077]"
fa304b14-4fa8-415b-8fba-3e670529cc8a,Gynaecology & Obstetrics,0.984375,0.00848388671875,0.00750732421875,0.000843048095703125,True,A,0.035243988037109375,medmcqa_3,"['TEXT', 'STAT', 'TEXT', 'STAT', 'STAT']","[467523489549694720, 467572377850339248, 467523489549979777, 467572377850339247, 467572377850339249]","[0.7563167810440063, 0.7550756931304932, 0.7456737756729126, 0.7451608180999756, 0.7441374659538269]"
5bca2ed8-85d7-4ec5-8c3a-96ce2c3ca045,Gynaecology & Obstetrics,0.01092529296875,0.00130462646484375,0.005828857421875,0.98046875,True,D,0.04409170150756836,medmcqa_3,"['STAT', 'TEXT', 'STAT', 'TEXT', 'TEXT']","[467572377850247239, 467523489549963000, 467572377850266016, 467523489549962849, 467523489549688869]","[0.8002545237541199, 0.7851769924163818, 0.7836835384368896, 0.7827869057655334, 0.7803577184677124]"
ec8aaefa-2e2d-4d4a-a84e-8f9d95918c25,Gynaecology & Obstetrics,0.024169921875,0.96484375,0.0078125,0.004180908203125,True,B,0.04424715042114258,medmcqa_3,"['STAT', 'TEXT', 'STAT', 'TEXT', 'TEXT']","[467572377850243625, 467523489549966595, 467572377850704188, 467523489549968345, 467523489549951758]","[0.7938019037246704, 0.7867650389671326, 0.7858057022094727, 0.7848937511444092, 0.7835516929626465]"
aa23e05a-7e73-494b-bc8d-6331b060a964,Gynaecology & Obstetrics,0.025390625,0.0185546875,0.00531005859375,0.94921875,True,D,0.043724775314331055,medmcqa_3,"['STAT', 'TEXT', 'TEXT', 'TEXT', 'TEXT']","[467572377850279826, 467523489549968854, 467523489549706278, 467523489549968848, 467523489549968851]","[0.775654673576355, 0.7675570249557495, 0.7619141936302185, 0.7604302763938904, 0.7592071890830994]"
4c193618-d7aa-41b5-a04c-0ff57cabbb3a,Gynaecology & Obstetrics,0.2197265625,0.384765625,0.055419921875,0.33984375,False,C,0.031510114669799805,medmcqa_3,"['TEXT', 'TEXT', 'STAT', 'STAT', 'STAT']","[467523489549961525, 467523489549967379, 467572377850778641, 467572377850370981, 467572377850697241]","[0.7740403413772583, 0.7687883973121643, 0.7556958794593811, 0.7547261118888855, 0.7527725100517273]"
5bb0839c-7c3d-4f5e-a955-6f67ad0db7d9,Gynaecology & Obstetrics,0.2060546875,0.0859375,0.59765625,0.1103515625,True,C,0.03404951095581055,medmcqa_3,"['TEXT', 'TEXT', 'TEXT', 'TEXT', 'STAT']","[467523489549966883, 467523489549966523, 467523489549963862, 467523489549965064, 467572377850342858]","[0.737820565700531, 0.722861111164093, 0.7211509943008423, 0.7201119065284729, 0.7194346785545349]"
876a5607-e467-4745-b315-13812c405904,Gynaecology & Obstetrics,0.298828125,0.6328125,0.04296875,0.0277099609375,True,B,0.04359078407287598,medmcqa_3,"['STAT', 'TEXT', 'STAT', 'STAT', 'STAT']","[467572377850732333, 467523489549709637, 467572377850402791, 467572377850688600, 467572377850758468]","[0.7954696416854858, 0.7855099439620972, 0.7739163041114807, 0.7652106285095215, 0.764575719833374]"
b7899c5a-8bd2-4a87-8082-0ad7980f3886,Gynaecology & Obstetrics,0.953125,0.016357421875,0.01202392578125,0.0185546875,False,B,0.031580448150634766,medmcqa_3,"['TEXT', 'STAT', 'TEXT', 'STAT', 'TEXT']","[467523489549966920, 467572377850342856, 467523489549967014, 467572377850342855, 467523489549967950]","[0.7472447752952576, 0.7411916851997375, 0.7342258095741272, 0.7297930121421814, 0.7287870049476624]"
ba4a3d15-f1cf-4072-b836-ecf2785657e3,Gynaecology & Obstetrics,0.9921875,0.0029754638671875,0.0035858154296875,0.0004558563232421875,True,A,0.02895951271057129,medmcqa_3,"['TEXT', 'TEXT', 'STAT', 'STAT', 'STAT']","[467523489549987311, 467523489549925901, 467572377850326819, 467572377850288269, 467572377850359911]","[0.7587241530418396, 0.7308867573738098, 0.72905433177948, 0.7227455973625183, 0.7202197313308716]"
599296cf-99e1-4a99-8322-cc24fef094a7,Gynaecology & Obstetrics,0.328125,0.17578125,0.421875,0.0732421875,False,A,0.033214569091796875,medmcqa_3,"['STAT', 'STAT', 'TEXT', 'STAT', 'STAT']","[467572377850758156, 467572377850713398, 467523489549963552, 467572377850662715, 467572377850342056]","[0.8199652433395386, 0.8131730556488037, 0.804607629776001, 0.8034762144088745, 0.7970520257949829]"
6e6be6aa-cd4c-4101-9146-29577f634f9a,Gynaecology & Obstetrics,0.064453125,0.064453125,0.087890625,0.78515625,True,D,0.04343104362487793,medmcqa_3,"['STAT', 'TEXT', 'STAT', 'STAT', 'STAT']","[467572377850702118, 467523489549930943, 467572377850284663, 467572377850378667, 467572377850291209]","[0.8084028959274292, 0.7896787524223328, 0.7863062620162964, 0.7847416400909424, 0.7790422439575195]"
9abacba9-f159-401a-b974-9040f9efdd8a,Gynaecology & Obstetrics,0.048095703125,0.3125,0.054443359375,0.5859375,False,B,0.029208898544311523,medmcqa_3,"['STAT', 'STAT', 'TEXT', 'STAT', 'TEXT']","[467572377850626838, 467572377850626845, 467523489549689709, 467572377850626861, 467523489549963847]","[0.786899745464325, 0.7824016213417053, 0.7748095989227295, 0.7698401212692261, 0.7662047147750854]"
a13b245e-56b4-43cd-84fe-1c83ac2badeb,Gynaecology & Obstetrics,0.59765625,0.1328125,0.2060546875,0.06298828125,True,A,0.04593801498413086,medmcqa_3,"['STAT', 'TEXT', 'STAT', 'TEXT', 'TEXT']","[467572377850734803, 467523489549967761, 467572377850684437, 467523489549964954, 467523489549964899]","[0.7989221811294556, 0.7972604632377625, 0.791560173034668, 0.788703203201294, 0.7852184176445007]"
c97369ec-b7b9-405c-ba9c-35cfdae8ce24,Gynaecology & Obstetrics,0.140625,0.3828125,0.337890625,0.140625,False,C,0.030367136001586914,medmcqa_3,"['STAT', 'STAT', 'TEXT', 'STAT', 'STAT']","[467572377850628299, 467572377850409847, 467523489549999536, 467572377850642351, 467572377850687806]","[0.7226152420043945, 0.7210060954093933, 0.7123920917510986, 0.7123810052871704, 0.7108139395713806]"
8ec544be-913f-4b14-9858-8026a462af96,Gynaecology & Obstetrics,0.328125,0.12060546875,0.328125,0.224609375,False,D,0.044708251953125,medmcqa_3,"['TEXT', 'TEXT', 'TEXT', 'TEXT', 'TEXT']","[467523489549926734, 467523489549976185, 467523489549976187, 467523489549928579, 467523489549955950]","[0.7394810318946838, 0.7387616038322449, 0.7335631847381592, 0.7320112586021423, 0.7261260747909546]"
eb49deaf-5611-4a19-8ad5-0cca73608043,Gynaecology & Obstetrics,0.0213623046875,0.96875,0.00225830078125,0.00946044921875,True,B,0.028787612915039062,medmcqa_3,"['STAT', 'STAT', 'STAT', 'STAT', 'STAT']","[467572377850282608, 467572377850727766, 467572377850282607, 467572377850288819, 467572377850623213]","[0.7600415945053101, 0.7342503070831299, 0.7327526211738586, 0.729333221912384, 0.7164279222488403]"
36b0d7c6-f5d7-4d5d-a312-c48ec39107e5,Radiology,0.0303955078125,0.022216796875,0.9453125,0.0036163330078125,True,C,0.03561830520629883,medmcqa_3,"['TEXT', 'STAT', 'STAT', 'TEXT', 'STAT']","[467523489549933673, 467572377850376075, 467572377850375226, 467523489549711986, 467572377850262264]","[0.8010252714157104, 0.7975900173187256, 0.7898111343383789, 0.7889472246170044, 0.7838312387466431]"
477dea37-f0b6-4a6d-b77a-766ded28f2b6,Radiology,0.58984375,0.1796875,0.1396484375,0.09033203125,True,A,0.030754566192626953,medmcqa_3,"['STAT', 'TEXT', 'STAT', 'STAT', 'STAT']","[467572377850313429, 467523489549707120, 467572377850746731, 467572377850637987, 467572377850361812]","[0.7743592262268066, 0.7623535394668579, 0.754400908946991, 0.75168776512146, 0.7513537406921387]"
3588f845-135e-4167-8455-ecc975821b3a,Radiology,0.65625,0.212890625,0.0693359375,0.06103515625,False,C,0.035233497619628906,medmcqa_3,"['STAT', 'STAT', 'STAT', 'STAT', 'STAT']","[467572377850669002, 467572377850223166, 467572377850315234, 467572377850315314, 467572377850709753]","[0.7464632391929626, 0.7431083917617798, 0.7392386198043823, 0.7297527194023132, 0.7287923097610474]"
e536d0d8-52e5-4881-b33e-23907a9a3034,Radiology,0.04150390625,0.028564453125,0.88671875,0.04150390625,True,C,0.04602527618408203,medmcqa_3,"['STAT', 'STAT', 'TEXT', 'STAT', 'STAT']","[467572377850653679, 467572377850671744, 467523489549713406, 467572377850298064, 467572377850286851]","[0.8411802649497986, 0.8111246824264526, 0.8003405332565308, 0.7887822389602661, 0.7854819893836975]"
07549da1-d7ff-4fc2-85a0-a27023bbb810,Radiology,0.154296875,0.056640625,0.78125,0.0072021484375,True,C,0.030471086502075195,medmcqa_3,"['TEXT', 'STAT', 'STAT', 'STAT', 'STAT']","[467523489549980722, 467572377850776098, 467572377850706041, 467572377850323964, 467572377850275668]","[0.7651454210281372, 0.7565964460372925, 0.7508201003074646, 0.73779296875, 0.733198881149292]"
c04418b3-8abb-4cb3-bd56-d5c2fd9adc70,Radiology,0.29296875,0.375,0.03955078125,0.29296875,True,B,0.037109375,medmcqa_3,"['STAT', 'STAT', 'STAT', 'STAT', 'STAT']","[467572377850678254, 467572377850388592, 467572377850678261, 467572377850622466, 467572377850357013]","[0.7816773056983948, 0.7739030122756958, 0.7737294435501099, 0.7713910937309265, 0.7704033851623535]"
71a97018-2620-4ead-8abe-20863683353d,Radiology,0.8984375,0.078125,0.0106201171875,0.01446533203125,True,A,0.043651580810546875,medmcqa_3,"['STAT', 'STAT', 'STAT', 'STAT', 'STAT']","[467572377850234273, 467572377850408621, 467572377850391847, 467572377850387628, 467572377850391835]","[0.7230015993118286, 0.710560142993927, 0.6886829733848572, 0.6879913806915283, 0.6858954429626465]"
b333f3d2-f0c1-4af8-add4-2f13f2a99643,Radiology,0.046142578125,0.0205078125,0.0048828125,0.9296875,False,C,0.033814191818237305,medmcqa_3,"['STAT', 'STAT', 'STAT', 'TEXT', 'STAT']","[467572377850357351, 467572377850294903, 467572377850672163, 467523489549676921, 467572377850622490]","[0.7677078247070312, 0.7556581497192383, 0.7483323812484741, 0.729485273361206, 0.7294396758079529]"
e0d4d5a9-71e4-4f84-b750-3894f8c7eaad,Radiology,0.28125,0.1328125,0.05908203125,0.52734375,False,B,0.0372462272644043,medmcqa_3,"['STAT', 'STAT', 'STAT', 'STAT', 'STAT']","[467572377850650248, 467572377850638998, 467572377850748577, 467572377850391845, 467572377850748572]","[0.7380216121673584, 0.7380080819129944, 0.735352635383606, 0.7351771593093872, 0.7187622785568237]"
fce10983-aee8-42db-b4a3-793db4d49faf,Radiology,0.271484375,0.306640625,0.0732421875,0.34765625,False,A,0.03465723991394043,medmcqa_3,"['STAT', 'STAT', 'STAT', 'STAT', 'STAT']","[467572377850403678, 467572377850724381, 467572377850704523, 467572377850690102, 467572377850403665]","[0.7289164066314697, 0.6948579549789429, 0.685318648815155, 0.6759325861930847, 0.6748893857002258]"
48f3a95b-0f17-4c55-a104-7ae269bfcc0d,Radiology,0.1435546875,0.126953125,0.0439453125,0.6875,False,A,0.029736757278442383,medmcqa_3,"['STAT', 'STAT', 'STAT', 'TEXT', 'STAT']","[467572377850691423, 467572377850746951, 467572377850408752, 467523489549952162, 467572377850358237]","[0.7589998245239258, 0.7535667419433594, 0.753248393535614, 0.7509765625, 0.7506542205810547]"
f7c7aa89-a69c-495e-8db6-f39c604165d8,Radiology,0.3984375,0.3515625,0.15625,0.0947265625,False,B,0.0461275577545166,medmcqa_3,"['TEXT', 'TEXT', 'TEXT', 'TEXT', 'TEXT']","[467523489549945386, 467523489549708400, 467523489549960760, 467523489550009618, 467523489549960492]","[0.6913427114486694, 0.6912950873374939, 0.6864436268806458, 0.685294508934021, 0.6847360134124756]"
a66c89b4-55c2-4708-acfd-07987a4f5347,Radiology,0.5390625,0.1865234375,0.064453125,0.2109375,True,A,0.03221726417541504,medmcqa_3,"['STAT', 'TEXT', 'STAT', 'TEXT', 'STAT']","[467572377850269324, 467523489549711997, 467572377850313459, 467523489549711996, 467572377850731800]","[0.7054102420806885, 0.6862219572067261, 0.6841428279876709, 0.6822434067726135, 0.6811830401420593]"
50ca6bfb-4e53-40a0-a3a6-14cb2e92d6ab,Radiology,0.2373046875,0.22265625,0.287109375,0.251953125,True,C,0.052913665771484375,medmcqa_3,"['TEXT', 'TEXT', 'TEXT', 'TEXT', 'TEXT']","[467523489549681691, 467523489549681696, 467523489549995338, 467523489549684982, 467523489549995970]","[0.6613377332687378, 0.6578066945075989, 0.6547456383705139, 0.651009738445282, 0.6481959223747253]"
ff386ce5-4735-41fe-8e0a-bc3be1999107,Radiology,0.23828125,0.26953125,0.09912109375,0.392578125,False,B,0.03578352928161621,medmcqa_3,"['STAT', 'STAT', 'STAT', 'STAT', 'STAT']","[467572377850225247, 467572377850622476, 467572377850225243, 467572377850225245, 467572377850269326]","[0.7479860782623291, 0.7319778203964233, 0.7313781976699829, 0.7290050983428955, 0.7281848192214966]"
70c721b1-9c86-4a0a-8734-cfe46d206f5a,Radiology,0.373046875,0.61328125,0.00567626953125,0.00604248046875,True,B,0.03546547889709473,medmcqa_3,"['STAT', 'STAT', 'STAT', 'STAT', 'TEXT']","[467572377850748576, 467572377850716095, 467572377850650247, 467572377850639003, 467523489549674240]","[0.7754908204078674, 0.7631819844245911, 0.7519376873970032, 0.7316864728927612, 0.7256336212158203]"
1730e3d6-7a73-4485-bc27-65e8ad61c9bb,Radiology,0.03076171875,0.95703125,0.0093994140625,0.001739501953125,False,A,0.037290334701538086,medmcqa_3,"['STAT', 'STAT', 'STAT', 'STAT', 'STAT']","[467572377850650249, 467572377850257795, 467572377850387629, 467572377850651320, 467572377850731823]","[0.7387619614601135, 0.73079913854599, 0.7180430889129639, 0.716935396194458, 0.7106012105941772]"
e96fadd5-fac8-4cde-9957-d69ed40b3364,Radiology,0.80078125,0.123046875,0.0400390625,0.03515625,True,A,0.04681587219238281,medmcqa_3,"['TEXT', 'TEXT', 'TEXT', 'TEXT', 'TEXT']","[467523489549961446, 467523489549952436, 467523489549951932, 467523489549993112, 467523489549993118]","[0.7626298069953918, 0.7363395094871521, 0.7329228520393372, 0.7325862646102905, 0.7308209538459778]"
427b1e29-9386-4ca4-af88-7c3fe4b37e15,Radiology,0.462890625,0.408203125,0.09716796875,0.031494140625,True,A,0.03239798545837402,medmcqa_3,"['STAT', 'STAT', 'STAT', 'STAT', 'STAT']","[467572377850357351, 467572377850672163, 467572377850622490, 467572377850294903, 467572377850766164]","[0.8187858462333679, 0.8104245066642761, 0.8029245138168335, 0.786253809928894, 0.7852619290351868]"
e3782486-d6bf-4ef2-8830-5cdfdcacb020,Radiology,0.00159454345703125,0.00058746337890625,0.99609375,0.00070953369140625,True,C,0.029386520385742188,medmcqa_3,"['STAT', 'STAT', 'TEXT', 'STAT', 'STAT']","[467572377850731883, 467572377850315306, 467523489549712165, 467572377850731758, 467572377850731788]","[0.7801895141601562, 0.7790203094482422, 0.7769169807434082, 0.7677169442176819, 0.7659053802490234]"
ccb55b07-8a29-4e45-a38c-8f0db374c703,ENT,0.035400390625,0.9140625,0.004791259765625,0.04541015625,True,B,0.03610730171203613,medmcqa_3,"['TEXT', 'STAT', 'STAT', 'TEXT', 'STAT']","[467523489549712509, 467572377850340441, 467572377850253147, 467523489549929608, 467572377850678254]","[0.7484315037727356, 0.7356145977973938, 0.7208461761474609, 0.7204305529594421, 0.7182900309562683]"
b3554a03-5d0e-42ef-8033-6b3062193ae1,ENT,0.1640625,0.78515625,0.0303955078125,0.0208740234375,True,B,0.045468807220458984,medmcqa_3,"['TEXT', 'TEXT', 'TEXT', 'STAT', 'TEXT']","[467523489549979435, 467523489550000999, 467523489550000998, 467572377850697119, 467523489550000803]","[0.7866624593734741, 0.7697826623916626, 0.7673928737640381, 0.7665411233901978, 0.7664629220962524]"
762824c1-92d7-4a9e-9fcb-3a7fb3adfe69,ENT,0.94140625,0.0322265625,0.0235595703125,0.0008087158203125,True,A,0.037131309509277344,medmcqa_3,"['TEXT', 'STAT', 'STAT', 'TEXT', 'STAT']","[467523489549699600, 467572377850305942, 467572377850654833, 467523489549699601, 467572377850697099]","[0.7306606769561768, 0.7251388430595398, 0.7238513827323914, 0.7229372262954712, 0.7215246558189392]"
e584f190-0cb1-4ef7-9e2a-e4f0ccc8e01b,ENT,0.12451171875,0.0625,0.6328125,0.1806640625,True,C,0.04510664939880371,medmcqa_3,"['TEXT', 'TEXT', 'TEXT', 'TEXT', 'TEXT']","[467523489549708166, 467523489549960208, 467523489549947380, 467523489549708167, 467523489549687712]","[0.7476986050605774, 0.730868935585022, 0.7280537486076355, 0.7269551157951355, 0.720151960849762]"
d1ef23c9-e756-4ae2-a91c-992fa658c4c3,ENT,0.76171875,0.1923828125,0.020263671875,0.0277099609375,True,A,0.03566861152648926,medmcqa_3,"['STAT', 'TEXT', 'STAT', 'STAT', 'TEXT']","[467572377850629530, 467523489549956115, 467572377850639501, 467572377850640611, 467523489549708304]","[0.7823312282562256, 0.7702404260635376, 0.7593465447425842, 0.7499288320541382, 0.7452917695045471]"
6b13b5d1-10ab-414c-bfd4-76b9463300f2,ENT,0.138671875,0.35546875,0.2294921875,0.27734375,True,B,0.03076028823852539,medmcqa_3,"['TEXT', 'STAT', 'TEXT', 'STAT', 'STAT']","[467523489549927627, 467572377850653413, 467523489549953930, 467572377850711569, 467572377850404476]","[0.7430031299591064, 0.7382718920707703, 0.7275301218032837, 0.7261078357696533, 0.7255203723907471]"
4bab5fce-dd4d-4196-906d-11354ffa1c8d,ENT,0.1640625,0.0020599365234375,0.00299072265625,0.83203125,True,D,0.034766435623168945,medmcqa_3,"['TEXT', 'TEXT', 'STAT', 'TEXT', 'STAT']","[467523489549712367, 467523489549974231, 467572377850372600, 467523489550001007, 467572377850298428]","[0.8055994510650635, 0.7964717149734497, 0.7909039258956909, 0.7596108913421631, 0.7583667635917664]"
a86db080-2d2a-4eb2-abb0-11de110167f8,ENT,0.0751953125,0.62890625,0.048583984375,0.24609375,True,B,0.05315542221069336,medmcqa_3,"['TEXT', 'TEXT', 'TEXT', 'TEXT', 'TEXT']","[467523489550001026, 467523489550000910, 467523489550001024, 467523489549712509, 467523489549712381]","[0.7785413861274719, 0.7616921663284302, 0.756910502910614, 0.7562143802642822, 0.7523144483566284]"
be68160f-1668-4576-abcc-882aa211beb3,ENT,0.9296875,0.059326171875,0.007537841796875,0.0040283203125,True,A,0.030332326889038086,medmcqa_3,"['TEXT', 'STAT', 'STAT', 'STAT', 'STAT']","[467523489549708241, 467572377850333486, 467572377850358274, 467572377850317421, 467572377850245396]","[0.7960507273674011, 0.7824789881706238, 0.7803443670272827, 0.7748830318450928, 0.7699315547943115]"
38810794-2735-4239-b36f-d9a509a2997f,ENT,0.0196533203125,0.07275390625,0.890625,0.0184326171875,False,B,0.030741453170776367,medmcqa_3,"['STAT', 'STAT', 'STAT', 'STAT', 'STAT']","[467572377850703808, 467572377850369147, 467572377850319212, 467572377850265673, 467572377850280518]","[0.804185152053833, 0.7772771716117859, 0.7646547555923462, 0.7610365152359009, 0.7602259516716003]"
5e7cb3e3-57f6-4748-96dd-0b8f6e2fa902,ENT,0.94921875,0.006378173828125,0.005645751953125,0.0390625,True,A,0.03637528419494629,medmcqa_3,"['STAT', 'STAT', 'STAT', 'TEXT', 'STAT']","[467572377850233288, 467572377850692299, 467572377850634702, 467523489550000791, 467572377850312091]","[0.7820043563842773, 0.7756341695785522, 0.7741037011146545, 0.7724444270133972, 0.7678374648094177]"
da2078b0-6ce5-4ba3-82f2-7b145665be2b,ENT,0.51953125,0.12353515625,0.27734375,0.07958984375,True,A,0.04575514793395996,medmcqa_3,"['TEXT', 'TEXT', 'TEXT', 'TEXT', 'TEXT']","[467523489549676775, 467523489549676776, 467523489549676954, 467523489549676774, 467523489549676785]","[0.7164695262908936, 0.7018576860427856, 0.700395941734314, 0.6993492245674133, 0.6976746916770935]"
2267ecd3-7b7f-4416-86f8-5ef2312e643e,ENT,0.091796875,0.05224609375,0.038330078125,0.81640625,False,A,0.04575705528259277,medmcqa_3,"['STAT', 'TEXT', 'STAT', 'TEXT', 'STAT']","[467572377850260423, 467523489549688068, 467572377850394533, 467523489549708377, 467572377850786821]","[0.8058314323425293, 0.7906402349472046, 0.7779115438461304, 0.7704418301582336, 0.7693328857421875]"
