id,subject,probA,probB,probC,probD,result,answer,time,split,sources,ids,similarity
e4927cf9-d5c2-4d7e-ab5b-7429e206275e,Microbiology,0.04736328125,0.11328125,0.8359375,0.001617431640625,True,C,0.21070599555969238,medmcqa_1,"['STAT', 'TEXT', 'TEXT', 'TEXT', 'STAT']","[467572377850686301, 467523489549701273, 467523489549928681, 467523489549928668, 467572377850239272]","[0.7828078866004944, 0.7794972062110901, 0.7688537240028381, 0.7647395730018616, 0.7614845037460327]"
a31fa037-1f22-44a4-8d07-6457c439b685,Microbiology,0.008056640625,0.98828125,0.00157928466796875,0.00168609619140625,True,B,0.04915976524353027,medmcqa_1,"['TEXT', 'STAT', 'TEXT', 'TEXT', 'TEXT']","[467523489549937438, 467572377850640602, 467523489549937382, 467523489549927763, 467523489549997769]","[0.7927739024162292, 0.7813955545425415, 0.7756852507591248, 0.7745645642280579, 0.774126410484314]"
93751803-0e12-444d-a80a-f15784cc6a86,Microbiology,0.00909423828125,0.00168609619140625,0.00122833251953125,0.98828125,True,D,0.03156733512878418,medmcqa_1,"['STAT', 'TEXT', 'TEXT', 'TEXT', 'STAT']","[467572377850779519, 467523489549925128, 467523489549927846, 467523489549931540, 467572377850401906]","[0.7950814962387085, 0.7858558297157288, 0.7808482646942139, 0.7807498574256897, 0.779646635055542]"
7ddb4b66-7d59-42e8-9714-04fdb5741670,Microbiology,0.6328125,0.16015625,0.125,0.08056640625,False,C,0.044663190841674805,medmcqa_1,"['TEXT', 'TEXT', 'TEXT', 'TEXT', 'TEXT']","[467523489549701063, 467523489549705107, 467523489549928457, 467523489549703988, 467523489549705072]","[0.712272584438324, 0.7007421255111694, 0.6901832222938538, 0.6891443729400635, 0.6862304210662842]"
8fe12f62-9e59-408b-899d-72def6e9e16e,Microbiology,0.07373046875,0.0211181640625,0.8984375,0.005340576171875,True,C,0.03837919235229492,medmcqa_1,"['TEXT', 'STAT', 'TEXT', 'TEXT', 'TEXT']","[467523489549679267, 467572377850625710, 467523489549697110, 467523489549697101, 467523489549685594]","[0.7515288591384888, 0.7119749188423157, 0.7110376954078674, 0.7082350254058838, 0.7072862386703491]"
dec39d56-fcb3-4cf1-8e83-e09a09a8ce6e,Microbiology,0.37890625,0.203125,0.259765625,0.158203125,True,A,0.0482637882232666,medmcqa_1,"['STAT', 'STAT', 'TEXT', 'TEXT', 'STAT']","[467572377850721911, 467572377850721910, 467523489549926439, 467523489549929244, 467572377850654019]","[0.7646092176437378, 0.7565245628356934, 0.7386488318443298, 0.7374691963195801, 0.7262405753135681]"
de1065e8-37ba-4b6b-a05d-f967fdf76f58,Microbiology,0.984375,0.0042724609375,0.01092529296875,0.0001659393310546875,True,A,0.04738879203796387,medmcqa_1,"['TEXT', 'TEXT', 'TEXT', 'TEXT', 'TEXT']","[467523489549701790, 467523489549971432, 467523489549685908, 467523489549941179, 467523489549702077]","[0.8287432193756104, 0.806734561920166, 0.799986720085144, 0.7937071919441223, 0.7919330596923828]"
5a2facfc-eefa-4828-b96a-c319e1c71745,Microbiology,1.0,0.0006256103515625,0.0010986328125,8.487701416015625e-05,True,A,0.03433036804199219,medmcqa_1,"['TEXT', 'TEXT', 'TEXT', 'TEXT', 'TEXT']","[467523489550005617, 467523489549979077, 467523489549954925, 467523489549933489, 467523489549933487]","[0.7291842103004456, 0.7273221015930176, 0.7251945734024048, 0.7220396399497986, 0.7166531682014465]"
8919343b-cb06-4265-8e82-209b335117b3,Microbiology,0.014892578125,0.0012969970703125,0.003997802734375,0.98046875,True,D,0.03326821327209473,medmcqa_1,"['STAT', 'STAT', 'TEXT', 'STAT', 'STAT']","[467572377850340420, 467572377850345465, 467523489549712366, 467572377850255232, 467572377850372599]","[0.8140648007392883, 0.8116097450256348, 0.8088175058364868, 0.804124116897583, 0.7954645156860352]"
02f27add-bf4d-4155-81aa-8f537546ceda,Microbiology,0.037353515625,0.35546875,0.515625,0.08984375,True,C,0.027899980545043945,medmcqa_1,"['STAT', 'STAT', 'STAT', 'STAT', 'STAT']","[467572377850315454, 467572377850787533, 467572377850668131, 467572377850685852, 467572377850787531]","[0.7269380688667297, 0.7122936248779297, 0.710072934627533, 0.7082632184028625, 0.7057094573974609]"
7cacd6ea-ee7d-481d-bc66-467c47dc315c,Microbiology,0.318359375,0.408203125,0.193359375,0.08056640625,True,B,0.03200960159301758,medmcqa_1,"['STAT', 'STAT', 'STAT', 'STAT', 'STAT']","[467572377850319566, 467572377850314272, 467572377850346717, 467572377850770788, 467572377850768556]","[0.7821435928344727, 0.7603641748428345, 0.7603182792663574, 0.7595093250274658, 0.758723258972168]"
47d11c3e-1090-4157-be00-405e9a23961e,Microbiology,0.1181640625,0.7734375,0.005523681640625,0.1044921875,False,A,0.030789613723754883,medmcqa_1,"['STAT', 'STAT', 'TEXT', 'STAT', 'STAT']","[467572377850285467, 467572377850779347, 467523489549933306, 467572377850285483, 467572377850779346]","[0.8257462978363037, 0.7996289134025574, 0.787495493888855, 0.7844384908676147, 0.780916154384613]"
bf1695d4-b341-49a2-9144-aa52d346c645,Microbiology,0.71484375,0.1806640625,0.05859375,0.045654296875,False,B,0.033438682556152344,medmcqa_1,"['TEXT', 'TEXT', 'TEXT', 'TEXT', 'TEXT']","[467523489549704203, 467523489549704174, 467523489549931435, 467523489549931442, 467523489549704182]","[0.8160232901573181, 0.8036613464355469, 0.7990702390670776, 0.7916626930236816, 0.790966808795929]"
ca49d5c3-9678-4b4f-b10d-4021802c636d,Microbiology,0.99609375,0.0029754638671875,0.00066375732421875,0.0001087188720703125,True,A,0.03275656700134277,medmcqa_1,"['TEXT', 'TEXT', 'STAT', 'TEXT', 'TEXT']","[467523489549704431, 467523489549703175, 467572377850352745, 467523489549704433, 467523489549704430]","[0.790411651134491, 0.775611400604248, 0.7670962810516357, 0.7579919099807739, 0.7561009526252747]"
84edf98d-5d16-4377-95fc-2bb67058e7d4,Microbiology,0.08203125,0.0220947265625,0.8828125,0.0118408203125,True,C,0.032793521881103516,medmcqa_1,"['TEXT', 'TEXT', 'STAT', 'TEXT', 'STAT']","[467523489549704476, 467523489549704477, 467572377850237864, 467523489549933590, 467572377850750608]","[0.7549352645874023, 0.7515531182289124, 0.7479369640350342, 0.7377868294715881, 0.7375668883323669]"
a18a805c-102a-4493-9a14-9fef1f17862f,Microbiology,0.0888671875,0.51171875,0.212890625,0.1875,True,B,0.03305244445800781,medmcqa_1,"['STAT', 'STAT', 'STAT', 'STAT', 'TEXT']","[467572377850331254, 467572377850238316, 467572377850705241, 467572377850666397, 467523489549932714]","[0.8033796548843384, 0.7913719415664673, 0.7537714242935181, 0.7439959049224854, 0.7406123876571655]"
87d25aef-12d5-478d-b126-e98a1a76e9f0,Microbiology,0.01220703125,0.96875,0.004486083984375,0.01470947265625,True,B,0.044422149658203125,medmcqa_1,"['TEXT', 'TEXT', 'TEXT', 'TEXT', 'TEXT']","[467523489549932876, 467523489549986422, 467523489549979052, 467523489549973416, 467523489549932880]","[0.7491230964660645, 0.7471201419830322, 0.7436497807502747, 0.7285400032997131, 0.726478636264801]"
bd2d1f59-a803-4311-b0b5-65dff935f85c,Microbiology,0.015869140625,0.8671875,0.0015716552734375,0.1171875,True,B,0.0346066951751709,medmcqa_1,"['STAT', 'STAT', 'STAT', 'STAT', 'STAT']","[467572377850736776, 467572377850223429, 467572377850756254, 467572377850383896, 467572377850728116]","[0.7599640488624573, 0.7466623187065125, 0.7205590605735779, 0.7199482917785645, 0.7195165157318115]"
4cbe210a-0779-4ba7-b599-e9b89fa5a0b1,Microbiology,0.033935546875,0.9296875,0.008056640625,0.028076171875,True,B,0.035988807678222656,medmcqa_1,"['STAT', 'STAT', 'TEXT', 'STAT', 'STAT']","[467572377850302915, 467572377850397388, 467523489549928070, 467572377850274590, 467572377850414569]","[0.7794094085693359, 0.7704415321350098, 0.7624732255935669, 0.7610702514648438, 0.7601801753044128]"
0d8286b5-43b3-4ea2-9af4-d39822a11972,Microbiology,0.051025390625,0.034912109375,0.0113525390625,0.90234375,False,B,0.03370022773742676,medmcqa_1,"['TEXT', 'TEXT', 'TEXT', 'TEXT', 'TEXT']","[467523489549986319, 467523489549986324, 467523489549971074, 467523489549710363, 467523489549971093]","[0.7179111838340759, 0.7017656564712524, 0.6989470720291138, 0.6982929110527039, 0.6960994601249695]"
5515fbdd-b28a-4493-914c-b8cefe901334,Social & Preventive Medicine,0.14453125,0.072265625,0.392578125,0.392578125,False,B,0.03644514083862305,medmcqa_1,"['TEXT', 'TEXT', 'TEXT', 'TEXT', 'STAT']","[467523489549961513, 467523489549967767, 467523489549967530, 467523489549961515, 467572377850753228]","[0.7577048540115356, 0.7543526887893677, 0.750864565372467, 0.7451924681663513, 0.7439881563186646]"
9ed9358f-cdc1-48d6-8147-45ab98516fb0,Social & Preventive Medicine,0.08349609375,0.83984375,0.0537109375,0.0211181640625,True,B,0.0480494499206543,medmcqa_1,"['TEXT', 'TEXT', 'TEXT', 'TEXT', 'TEXT']","[467523489549681774, 467523489549686535, 467523489549949083, 467523489550010585, 467523489549686536]","[0.7062690854072571, 0.675487756729126, 0.6646795868873596, 0.6609270572662354, 0.6520629525184631]"
5266b717-91e2-4c9f-94aa-2be119379a81,Social & Preventive Medicine,0.12060546875,0.396484375,0.30859375,0.17578125,False,D,0.03490281105041504,medmcqa_1,"['STAT', 'STAT', 'STAT', 'STAT', 'STAT']","[467572377850635587, 467572377850774834, 467572377850253563, 467572377850401669, 467572377850648807]","[0.728106677532196, 0.7185809016227722, 0.716209352016449, 0.7094986438751221, 0.7067764401435852]"
5dd40005-ebc1-4136-9b9b-70705d09e384,Social & Preventive Medicine,0.1181640625,0.5625,0.265625,0.052490234375,True,B,0.04345536231994629,medmcqa_1,"['STAT', 'TEXT', 'TEXT', 'TEXT', 'STAT']","[467572377850314217, 467523489549932066, 467523489549978627, 467523489549978617, 467572377850672113]","[0.7964493036270142, 0.7907472252845764, 0.7853010296821594, 0.7799954414367676, 0.779710054397583]"
85377a0a-3388-46b2-b2ba-43b90a2b7955,Social & Preventive Medicine,0.0673828125,0.043701171875,0.875,0.01251220703125,True,C,0.043363094329833984,medmcqa_1,"['TEXT', 'TEXT', 'TEXT', 'TEXT', 'TEXT']","[467523489549701063, 467523489549705107, 467523489549929314, 467523489549701054, 467523489549927923]","[0.7343555688858032, 0.7138480544090271, 0.7086107730865479, 0.707605242729187, 0.7048600912094116]"
2166e021-8b96-47ad-9e4d-fa55a623938b,Social & Preventive Medicine,0.75390625,0.10205078125,0.08984375,0.0546875,True,A,0.0318608283996582,medmcqa_1,"['STAT', 'STAT', 'STAT', 'STAT', 'STAT']","[467572377850371205, 467572377850685666, 467572377850669430, 467572377850371192, 467572377850706648]","[0.7894553542137146, 0.7786112427711487, 0.7703779339790344, 0.7662319540977478, 0.7612450122833252]"
3149d45d-d152-4d8a-a992-430c0d1bed57,Social & Preventive Medicine,0.22265625,0.0498046875,0.64453125,0.08203125,False,A,0.023816347122192383,medmcqa_1,"['TEXT', 'TEXT', 'STAT', 'STAT', 'STAT']","[467523489549688768, 467523489549980844, 467572377850383931, 467572377850230575, 467572377850270402]","[0.7495681047439575, 0.7465570569038391, 0.7409878373146057, 0.734710693359375, 0.7287867069244385]"
2a74f19e-1c3b-4318-ba5b-0812f80d895e,Social & Preventive Medicine,0.016845703125,0.00107574462890625,0.005126953125,0.9765625,True,D,0.032594919204711914,medmcqa_1,"['TEXT', 'TEXT', 'TEXT', 'STAT', 'TEXT']","[467523489549688768, 467523489549705995, 467523489550010566, 467572377850724617, 467523489550010571]","[0.7678535580635071, 0.7663682699203491, 0.7618836164474487, 0.759503960609436, 0.7558975219726562]"
eea47061-62d2-40bd-a772-8b8d8dfb431d,Social & Preventive Medicine,0.298828125,0.298828125,0.3828125,0.020263671875,False,B,0.03052210807800293,medmcqa_1,"['STAT', 'TEXT', 'STAT', 'TEXT', 'STAT']","[467572377850764006, 467523489549711699, 467572377850415201, 467523489549705956, 467572377850761085]","[0.7455968856811523, 0.7370851039886475, 0.7345556020736694, 0.7306316494941711, 0.7296373844146729]"
b3c00c97-b6ca-4475-95e2-42343c8959cc,Social & Preventive Medicine,0.1474609375,0.21484375,0.05419921875,0.58203125,False,A,0.03309059143066406,medmcqa_1,"['TEXT', 'TEXT', 'TEXT', 'TEXT', 'TEXT']","[467523489549701056, 467523489549701063, 467523489549705038, 467523489549931949, 467523489549926344]","[0.7279185652732849, 0.7193726301193237, 0.7120181322097778, 0.7040160298347473, 0.7032642960548401]"
4b376e03-6fe0-40fd-b3be-aea6048bf7fa,Social & Preventive Medicine,0.2138671875,0.138671875,0.58203125,0.0654296875,False,A,0.030321121215820312,medmcqa_1,"['TEXT', 'TEXT', 'TEXT', 'TEXT', 'TEXT']","[467523489549942867, 467523489549995972, 467523489549701593, 467523489549701680, 467523489549701915]","[0.6614320874214172, 0.6530331969261169, 0.6471537947654724, 0.6471537947654724, 0.6471537947654724]"
82a21b84-e5d6-46d5-98bc-46fc75641f7b,Social & Preventive Medicine,0.0439453125,0.287109375,0.60546875,0.06396484375,True,C,0.03352928161621094,medmcqa_1,"['STAT', 'STAT', 'TEXT', 'STAT', 'TEXT']","[467572377850341167, 467572377850677082, 467523489549929856, 467572377850641031, 467523489549929894]","[0.823830246925354, 0.7969891428947449, 0.7877941727638245, 0.7839817404747009, 0.7803285121917725]"
ba54a2e5-0beb-4a2b-a1ec-f34e58a5e679,Social & Preventive Medicine,0.1171875,0.015869140625,0.103515625,0.765625,False,B,0.03073716163635254,medmcqa_1,"['STAT', 'STAT', 'STAT', 'TEXT', 'STAT']","[467572377850287488, 467572377850782010, 467572377850287487, 467523489549954668, 467572377850281199]","[0.7438180446624756, 0.739021897315979, 0.7352941632270813, 0.7342738509178162, 0.7282364368438721]"
7c6fe266-845b-4f4b-8ddb-ca5d016e0396,Social & Preventive Medicine,0.54296875,0.3515625,0.0693359375,0.034912109375,False,D,0.033060312271118164,medmcqa_1,"['TEXT', 'TEXT', 'TEXT', 'TEXT', 'TEXT']","[467523489549959546, 467523489549928083, 467523489549995401, 467523489550010158, 467523489549927239]","[0.7020725607872009, 0.694502055644989, 0.6939157247543335, 0.6937336921691895, 0.6930789947509766]"
257b6434-4c38-4b6a-8207-23c436906b0c,Social & Preventive Medicine,0.9765625,0.0074462890625,0.006195068359375,0.00958251953125,True,A,0.03363323211669922,medmcqa_1,"['TEXT', 'STAT', 'TEXT', 'STAT', 'TEXT']","[467523489549688776, 467572377850725354, 467523489549687345, 467572377850725353, 467523489549686527]","[0.7675215005874634, 0.7636327147483826, 0.7546786069869995, 0.7414928078651428, 0.7390530109405518]"
bcc3680a-8167-4c75-ba0c-b7c94cb440b6,Social & Preventive Medicine,0.1533203125,0.32421875,0.1533203125,0.3671875,False,B,0.03411602973937988,medmcqa_1,"['STAT', 'TEXT', 'TEXT', 'TEXT', 'TEXT']","[467572377850682440, 467523489550010572, 467523489550010571, 467523489549688791, 467523489550010616]","[0.7387908697128296, 0.7379119992256165, 0.7374260425567627, 0.7323445081710815, 0.7276389002799988]"
c06d48a3-baba-4dfd-8144-39234497be00,Social & Preventive Medicine,0.0791015625,0.90625,0.0078125,0.0078125,True,B,0.033034563064575195,medmcqa_1,"['TEXT', 'TEXT', 'TEXT', 'TEXT', 'TEXT']","[467523489549681774, 467523489549949080, 467523489549688763, 467523489549710995, 467523489549681772]","[0.7143774628639221, 0.6923554539680481, 0.6918479204177856, 0.683517575263977, 0.6826953887939453]"
fab688a9-c8b9-49de-9fd1-596e226477e6,Social & Preventive Medicine,0.04931640625,0.25,0.68359375,0.0181884765625,True,C,0.03211092948913574,medmcqa_1,"['TEXT', 'TEXT', 'TEXT', 'TEXT', 'TEXT']","[467523489549706693, 467523489549706727, 467523489550010232, 467523489549706718, 467523489549706746]","[0.7052406072616577, 0.6866879463195801, 0.6820477247238159, 0.670137882232666, 0.6650723814964294]"
ae3aa91a-4bfb-42a5-b8f6-7f8217e18fb0,Social & Preventive Medicine,0.275390625,0.455078125,0.1669921875,0.1015625,True,B,0.02863478660583496,medmcqa_1,"['TEXT', 'TEXT', 'TEXT', 'TEXT', 'TEXT']","[467523489549952649, 467523489549983570, 467523489549983051, 467523489549677742, 467523489549987024]","[0.7029969096183777, 0.701481282711029, 0.701481282711029, 0.7014812231063843, 0.7014812231063843]"
9e897983-8674-4556-9457-457acfa15d9e,Social & Preventive Medicine,0.330078125,0.423828125,0.1376953125,0.107421875,False,C,0.04536843299865723,medmcqa_1,"['TEXT', 'TEXT', 'TEXT', 'TEXT', 'TEXT']","[467523489549961851, 467523489549967986, 467523489549961854, 467523489549969202, 467523489549969200]","[0.7920111417770386, 0.7775485515594482, 0.754413902759552, 0.7527992725372314, 0.7527126669883728]"
3c51b6f8-0c1e-4f6f-9f2b-9b2463364ff2,Dental,0.10595703125,0.57421875,0.08251953125,0.23828125,False,C,0.029526233673095703,medmcqa_1,"['STAT', 'STAT', 'TEXT', 'STAT', 'TEXT']","[467572377850648849, 467572377850704523, 467523489549681881, 467572377850701430, 467523489549681821]","[0.6761545538902283, 0.6752032041549683, 0.6748212575912476, 0.6743919849395752, 0.6742857694625854]"
a21105e6-e66d-4ae5-ab2d-cee0c3b6bd4d,Dental,0.1494140625,0.31640625,0.431640625,0.1025390625,False,B,0.018430471420288086,medmcqa_1,"['TEXT', 'TEXT', 'TEXT', 'TEXT', 'TEXT']","[467523489549677742, 467523489549987024, 467523489549983570, 467523489549983051, 467523489549939247]","[0.7162819504737854, 0.7162819504737854, 0.7162818908691406, 0.7162818908691406, 0.7162818908691406]"
8a04c842-70a5-4ba5-9645-c5ef4a5acd66,Dental,0.1728515625,0.470703125,0.134765625,0.2216796875,False,A,0.03351569175720215,medmcqa_1,"['STAT', 'STAT', 'STAT', 'STAT', 'STAT']","[467572377850327009, 467572377850740838, 467572377850327008, 467572377850392440, 467572377850327010]","[0.7779624462127686, 0.7614645957946777, 0.7590877413749695, 0.7501794099807739, 0.7495589852333069]"
2bd4a99b-c158-4dac-8632-ae800f490a9e,Dental,0.9140625,0.0244140625,0.00579833984375,0.054931640625,False,B,0.04689836502075195,medmcqa_1,"['TEXT', 'TEXT', 'TEXT', 'TEXT', 'TEXT']","[467523489550010585, 467523489549962685, 467523489549689290, 467523489549969200, 467523489549962614]","[0.728078305721283, 0.717395544052124, 0.7121773362159729, 0.7065545320510864, 0.7052974104881287]"
a4e71725-0ed0-4088-bec3-6cfc37490df4,Dental,0.10302734375,0.462890625,0.318359375,0.11669921875,False,D,0.025082111358642578,medmcqa_1,"['STAT', 'STAT', 'STAT', 'STAT', 'STAT']","[467572377850630121, 467572377850266554, 467572377850307276, 467572377850661817, 467572377850319042]","[0.7398781776428223, 0.7360954880714417, 0.7345547080039978, 0.731052815914154, 0.7305698990821838]"
8de6d7b3-c5f9-4c22-b93e-41cf119212f1,Dental,0.0849609375,0.10888671875,0.1796875,0.625,False,C,0.031152725219726562,medmcqa_1,"['STAT', 'STAT', 'STAT', 'STAT', 'STAT']","[467572377850236457, 467572377850392427, 467572377850392437, 467572377850392426, 467572377850392429]","[0.7245174646377563, 0.7207947969436646, 0.7179021239280701, 0.7168742418289185, 0.7105136513710022]"
9baf46e0-b16f-48a5-b761-334765784402,Dental,0.48046875,0.3515625,0.10693359375,0.06103515625,True,A,0.030138492584228516,medmcqa_1,"['STAT', 'STAT', 'STAT', 'STAT', 'STAT']","[467572377850740838, 467572377850740844, 467572377850327007, 467572377850635258, 467572377850696544]","[0.6991645693778992, 0.6966118216514587, 0.6958709359169006, 0.6950037479400635, 0.6949321031570435]"
815a13ca-72f8-4964-8732-04f03b313aa4,Dental,0.1669921875,0.455078125,0.189453125,0.189453125,True,B,0.031520843505859375,medmcqa_1,"['STAT', 'STAT', 'STAT', 'STAT', 'TEXT']","[467572377850319213, 467572377850625332, 467572377850265640, 467572377850345099, 467523489549988890]","[0.7391945719718933, 0.7390180826187134, 0.7365709543228149, 0.7354178428649902, 0.733216404914856]"
76ba3417-012e-4bf8-840c-13bb7bc60dcc,Dental,0.94921875,0.04736328125,0.00151824951171875,0.000812530517578125,True,A,0.03352952003479004,medmcqa_1,"['TEXT', 'STAT', 'TEXT', 'STAT', 'STAT']","[467523489549708386, 467572377850692744, 467523489549699003, 467572377850239597, 467572377850692728]","[0.7674035429954529, 0.7638236880302429, 0.7583609819412231, 0.752539873123169, 0.7478663921356201]"
242d1a23-0032-4565-99cc-ebf7d8fc54aa,Dental,0.484375,0.376953125,0.0791015625,0.057861328125,True,A,0.027817964553833008,medmcqa_1,"['STAT', 'STAT', 'STAT', 'STAT', 'STAT']","[467572377850291854, 467572377850373780, 467572377850750914, 467572377850291843, 467572377850291849]","[0.7808518409729004, 0.7722954750061035, 0.7599337697029114, 0.752086877822876, 0.7424395680427551]"
9ca1d8a1-131f-4ed9-9ba6-e2fd8ed9e09d,Dental,0.275390625,0.353515625,0.1298828125,0.2421875,True,B,0.027632951736450195,medmcqa_1,"['STAT', 'STAT', 'STAT', 'STAT', 'STAT']","[467572377850278736, 467572377850624409, 467572377850624421, 467572377850624410, 467572377850267681]","[0.7152310609817505, 0.7075592279434204, 0.7032876014709473, 0.697411060333252, 0.6929637789726257]"
4f0750e5-1479-453d-85f2-5b532aa130a9,Dental,0.1533203125,0.2236328125,0.369140625,0.25390625,False,D,0.03011298179626465,medmcqa_1,"['STAT', 'STAT', 'STAT', 'STAT', 'TEXT']","[467572377850681352, 467572377850657307, 467572377850754296, 467572377850260191, 467523489549992530]","[0.6897417306900024, 0.6841981410980225, 0.6762295961380005, 0.6577805280685425, 0.6556111574172974]"
53d58d7a-d546-4b1a-88a7-fa7348ff08a5,Dental,0.5703125,0.10498046875,0.1533203125,0.173828125,True,A,0.047059059143066406,medmcqa_1,"['TEXT', 'TEXT', 'TEXT', 'TEXT', 'TEXT']","[467523489549973757, 467523489549703840, 467523489549703706, 467523489549929680, 467523489549929649]","[0.7310798764228821, 0.7260525226593018, 0.7211930751800537, 0.7168559432029724, 0.7168307304382324]"
9a664b49-9962-466f-a160-3ae2036dd720,Dental,0.2197265625,0.248046875,0.1708984375,0.361328125,False,A,0.050133466720581055,medmcqa_1,"['TEXT', 'TEXT', 'TEXT', 'TEXT', 'TEXT']","[467523489549975453, 467523489550009619, 467523489549975594, 467523489550009615, 467523489549972709]","[0.7034485340118408, 0.7023722529411316, 0.7022049427032471, 0.6956106424331665, 0.6880007386207581]"
ec39111c-8207-4aed-8e4c-e81e104c3f79,Dental,0.1083984375,0.1572265625,0.70703125,0.02734375,True,C,0.03767681121826172,medmcqa_1,"['STAT', 'STAT', 'STAT', 'TEXT', 'STAT']","[467572377850709731, 467572377850715668, 467572377850715670, 467523489549699021, 467572377850696553]","[0.7984117269515991, 0.7905426025390625, 0.7858318090438843, 0.7831476330757141, 0.7657769918441772]"
bdb5ddab-b229-4775-a698-62d03c559af1,Dental,0.72265625,0.10400390625,0.0810546875,0.091796875,False,B,0.030936241149902344,medmcqa_1,"['STAT', 'STAT', 'STAT', 'STAT', 'STAT']","[467572377850246520, 467572377850351544, 467572377850315370, 467572377850369603, 467572377850658408]","[0.7721413373947144, 0.7671098709106445, 0.7554481625556946, 0.7539057731628418, 0.742283821105957]"
76e1d3a2-90b6-4735-be99-004263456619,Dental,0.283203125,0.52734375,0.0712890625,0.11767578125,False,A,0.03267621994018555,medmcqa_1,"['STAT', 'STAT', 'STAT', 'STAT', 'STAT']","[467572377850340180, 467572377850340181, 467572377850340173, 467572377850692719, 467572377850668990]","[0.7387487292289734, 0.7333195209503174, 0.7257115840911865, 0.7223682999610901, 0.7201141715049744]"
51250c61-30fe-47d0-b5cf-e9ce5abcac6e,Dental,0.25,0.28515625,0.322265625,0.142578125,False,D,0.03415560722351074,medmcqa_1,"['TEXT', 'TEXT', 'TEXT', 'TEXT', 'TEXT']","[467523489549688778, 467523489550010611, 467523489549952528, 467523489549961381, 467523489550010542]","[0.7275956869125366, 0.7216711640357971, 0.7147572636604309, 0.7084542512893677, 0.7082326412200928]"
d0bb44e4-6d29-4b19-8046-c47c28b48bc5,Dental,0.96875,0.017822265625,0.009521484375,0.0025634765625,True,A,0.033669471740722656,medmcqa_1,"['STAT', 'STAT', 'STAT', 'STAT', 'TEXT']","[467572377850397365, 467572377850397359, 467572377850709726, 467572377850317278, 467523489549699033]","[0.7641029953956604, 0.7345300316810608, 0.7337281703948975, 0.730671763420105, 0.7304936647415161]"
762c8e46-a58b-4a23-b03d-f5d2055a3fac,Dental,0.1337890625,0.091796875,0.36328125,0.412109375,False,C,0.037422895431518555,medmcqa_1,"['STAT', 'STAT', 'STAT', 'STAT', 'STAT']","[467572377850693355, 467572377850731843, 467572377850278771, 467572377850278782, 467572377850709728]","[0.7689186334609985, 0.7612106204032898, 0.7486847639083862, 0.7465613484382629, 0.7432327270507812]"
3bb33f16-ca92-481f-bb39-b5278156c63d,Pathology,0.02392578125,0.053955078125,0.74609375,0.1767578125,False,D,0.035124778747558594,medmcqa_1,"['TEXT', 'STAT', 'STAT', 'STAT', 'STAT']","[467523489549925743, 467572377850717537, 467572377850255636, 467572377850325732, 467572377850255643]","[0.8116213083267212, 0.7988013029098511, 0.7914600372314453, 0.7855995893478394, 0.780209481716156]"
d6094ebe-a5b0-49fe-8443-6d9eeabff0fb,Pathology,0.01080322265625,0.0157470703125,0.97265625,0.00121307373046875,True,C,0.029225826263427734,medmcqa_1,"['STAT', 'STAT', 'TEXT', 'STAT', 'TEXT']","[467572377850672806, 467572377850674678, 467523489549975914, 467572377850390056, 467523489549974637]","[0.7640077471733093, 0.7628867626190186, 0.7573376893997192, 0.7394742965698242, 0.7391311526298523]"
f7aaa747-4b20-4034-b4dd-3aa8b964327a,Pathology,0.92578125,0.024658203125,0.023193359375,0.0262451171875,True,A,0.046176910400390625,medmcqa_1,"['TEXT', 'TEXT', 'TEXT', 'STAT', 'TEXT']","[467523489549927911, 467523489549931807, 467523489549975956, 467572377850714581, 467523489550000172]","[0.739229679107666, 0.7329609990119934, 0.7301830053329468, 0.729795515537262, 0.7294076085090637]"
cd385d3e-f948-4dbf-bccb-3e67436a580b,Pathology,0.236328125,0.44140625,0.0869140625,0.236328125,True,B,0.03495645523071289,medmcqa_1,"['TEXT', 'STAT', 'TEXT', 'STAT', 'TEXT']","[467523489549927344, 467572377850398834, 467523489549942229, 467572377850284954, 467523489549930178]","[0.741112470626831, 0.7407869100570679, 0.7387818098068237, 0.7374632358551025, 0.7373538017272949]"
775ae087-72e3-45fb-9b1d-e4a74bddc1c1,Pathology,0.703125,0.29296875,0.003936767578125,0.0013580322265625,True,A,0.04577302932739258,medmcqa_1,"['TEXT', 'TEXT', 'STAT', 'TEXT', 'STAT']","[467523489549997278, 467523489549979762, 467572377850648697, 467523489549710256, 467572377850731825]","[0.7438317537307739, 0.7409628033638, 0.7368595600128174, 0.7330847382545471, 0.7300822138786316]"
cd3ee63d-d3f2-44ea-a18c-dbf9bf1c57cf,Pathology,0.203125,0.23046875,0.3359375,0.23046875,False,D,0.04782605171203613,medmcqa_1,"['TEXT', 'TEXT', 'TEXT', 'TEXT', 'TEXT']","[467523489549708388, 467523489549699065, 467523489549699063, 467523489549929679, 467523489549708392]","[0.7572734355926514, 0.738387405872345, 0.7369459271430969, 0.7156153321266174, 0.7141630053520203]"
f6f50542-f6b4-4fa8-b073-d12597eb52f9,Pathology,0.02001953125,0.9609375,0.003692626953125,0.01373291015625,True,B,0.04957413673400879,medmcqa_1,"['STAT', 'TEXT', 'STAT', 'TEXT', 'STAT']","[467572377850305077, 467523489549972423, 467572377850772359, 467523489549972436, 467572377850312266]","[0.8082391619682312, 0.8061770796775818, 0.7925233840942383, 0.7889814376831055, 0.7839449048042297]"
6b86f0c4-8038-4e49-8789-2a288d123aa7,Pathology,0.98828125,0.002960205078125,0.00457763671875,0.0026092529296875,True,A,0.04515480995178223,medmcqa_1,"['STAT', 'TEXT', 'TEXT', 'STAT', 'TEXT']","[467572377850696855, 467523489549709945, 467523489549975938, 467572377850395104, 467523489549976245]","[0.8229587078094482, 0.8111639022827148, 0.8079525232315063, 0.8078248500823975, 0.7853308916091919]"
4fec3e84-b821-4da3-b300-dc0ad6c32608,Pathology,0.1533203125,0.01519775390625,0.2236328125,0.609375,True,D,0.03481125831604004,medmcqa_1,"['STAT', 'STAT', 'STAT', 'STAT', 'STAT']","[467572377850397716, 467572377850397715, 467572377850693270, 467572377850693272, 467572377850714577]","[0.8271695375442505, 0.8225749135017395, 0.7957806587219238, 0.7952518463134766, 0.7872340679168701]"
82e0c97f-b421-4836-a0ec-602fb1045910,Pathology,0.0035858154296875,0.99609375,0.000751495361328125,0.000518798828125,True,B,0.03476357460021973,medmcqa_1,"['STAT', 'STAT', 'TEXT', 'STAT', 'STAT']","[467572377850411218, 467572377850332530, 467523489549975457, 467572377850346165, 467572377850301396]","[0.7760495543479919, 0.7591859698295593, 0.7547816038131714, 0.7539777755737305, 0.752896785736084]"
3645e915-e8a7-44fe-8cad-734ce6b71063,Pathology,0.98828125,0.004302978515625,0.007080078125,0.00061798095703125,True,A,0.02899479866027832,medmcqa_1,"['STAT', 'STAT', 'STAT', 'STAT', 'STAT']","[467572377850787695, 467572377850772604, 467572377850349352, 467572377850405342, 467572377850351924]","[0.7774250507354736, 0.77651047706604, 0.7630228996276855, 0.7625659108161926, 0.7623791098594666]"
53f00275-55bc-497b-872f-d223d5021601,Pathology,0.84375,0.0888671875,0.047607421875,0.0186767578125,True,A,0.020600557327270508,medmcqa_1,"['STAT', 'STAT', 'STAT', 'STAT', 'STAT']","[467572377850383039, 467572377850754833, 467572377850746370, 467572377850356439, 467572377850785724]","[0.8111066818237305, 0.7881053686141968, 0.7849081754684448, 0.7802756428718567, 0.7674465179443359]"
ced932ec-06de-41fd-96f4-4efd3746eb21,Pathology,0.35546875,0.03759765625,0.203125,0.404296875,True,D,0.03349733352661133,medmcqa_1,"['STAT', 'STAT', 'STAT', 'STAT', 'STAT']","[467572377850376837, 467572377850292497, 467572377850637576, 467572377850660598, 467572377850292468]","[0.7570448517799377, 0.7520923018455505, 0.7470785975456238, 0.7457873225212097, 0.7457396388053894]"
dabfee93-2e1b-4e6c-bff6-03c025bd986f,Pathology,0.06640625,0.058837890625,0.01153564453125,0.86328125,True,D,0.03693056106567383,medmcqa_1,"['TEXT', 'STAT', 'TEXT', 'STAT', 'STAT']","[467523489549974204, 467572377850414123, 467523489549938093, 467572377850350776, 467572377850679622]","[0.7690154910087585, 0.7672094106674194, 0.7640488147735596, 0.759503960609436, 0.7580696940422058]"
0681bb5e-c1f0-4077-8294-93e36efcc83f,Pathology,0.006256103515625,0.005859375,0.98828125,0.0001468658447265625,True,C,0.03696179389953613,medmcqa_1,"['STAT', 'TEXT', 'STAT', 'TEXT', 'TEXT']","[467572377850697931, 467523489549698776, 467572377850629174, 467523489549702657, 467523489549702671]","[0.724780797958374, 0.7115901112556458, 0.7067491412162781, 0.7017097473144531, 0.7005107998847961]"
797c13b3-6566-46d8-9dbf-d6bb1e17ed5d,Pathology,0.021240234375,0.9609375,0.0032501220703125,0.0164794921875,True,B,0.0335848331451416,medmcqa_1,"['STAT', 'STAT', 'STAT', 'STAT', 'STAT']","[467572377850284953, 467572377850286806, 467572377850298064, 467572377850295517, 467572377850667628]","[0.7977790832519531, 0.7611931562423706, 0.7546343803405762, 0.7537965774536133, 0.751667320728302]"
a5d204a1-2ae9-428a-bf12-1419fa344668,Pathology,0.07373046875,0.8984375,0.0186767578125,0.0106201171875,True,B,0.04040408134460449,medmcqa_1,"['STAT', 'STAT', 'TEXT', 'STAT', 'STAT']","[467572377850671727, 467572377850652805, 467523489549713416, 467572377850671724, 467572377850355013]","[0.8063164949417114, 0.8013550043106079, 0.7999700903892517, 0.790001392364502, 0.7888286709785461]"
ddf9fb8c-9f79-4897-b012-bb419f270aa0,Pathology,0.008056640625,0.00084686279296875,0.98828125,0.0019073486328125,True,C,0.034712791442871094,medmcqa_1,"['STAT', 'STAT', 'STAT', 'STAT', 'TEXT']","[467572377850771094, 467572377850661300, 467572377850309377, 467572377850305639, 467523489549940594]","[0.8085271716117859, 0.7866137027740479, 0.7765824198722839, 0.7738578915596008, 0.7736533880233765]"
a3bc5be5-72a7-45a8-81a2-4c492249c14f,Pathology,0.08056640625,0.1328125,0.71484375,0.07080078125,True,C,0.03400778770446777,medmcqa_1,"['TEXT', 'TEXT', 'STAT', 'TEXT', 'TEXT']","[467523489549971010, 467523489549926088, 467572377850745793, 467523489549971008, 467523489549970949]","[0.7693378925323486, 0.7587900161743164, 0.7586752772331238, 0.7545461654663086, 0.7542963624000549]"
ec54fbf2-f596-4d2a-a9cd-1cf104d7893a,Pathology,0.006195068359375,0.006195068359375,0.98046875,0.00701904296875,True,C,0.03955221176147461,medmcqa_1,"['STAT', 'STAT', 'STAT', 'STAT', 'STAT']","[467572377850366885, 467572377850227509, 467572377850414776, 467572377850688204, 467572377850298436]","[0.7407056093215942, 0.738782525062561, 0.7347307205200195, 0.7316086292266846, 0.7310803532600403]"
2cde59aa-666b-4fa6-802b-74ecdd525bfb,Pediatrics,0.064453125,0.8359375,0.064453125,0.03662109375,True,B,0.04835224151611328,medmcqa_1,"['STAT', 'TEXT', 'TEXT', 'STAT', 'STAT']","[467572377850349001, 467523489549937839, 467523489549688252, 467572377850295241, 467572377850349000]","[0.7665777802467346, 0.7631694674491882, 0.7610054016113281, 0.7603199481964111, 0.7599848508834839]"
cfd037d5-868e-49d9-89e8-a084e84ce0dc,Pediatrics,0.05224609375,0.035888671875,0.040771484375,0.87109375,False,B,0.038706064224243164,medmcqa_1,"['TEXT', 'STAT', 'TEXT', 'STAT', 'TEXT']","[467523489549997849, 467572377850364984, 467523489549977364, 467572377850760977, 467523489549956265]","[0.7625738382339478, 0.7543157935142517, 0.7518991231918335, 0.7509296536445618, 0.7496060729026794]"
593bd593-3060-493d-bb10-ff9e10e36f17,Pediatrics,0.07421875,0.177734375,0.58203125,0.1669921875,False,D,0.03537726402282715,medmcqa_1,"['TEXT', 'STAT', 'STAT', 'STAT', 'STAT']","[467523489549977910, 467572377850622176, 467572377850319151, 467572377850753257, 467572377850753252]","[0.8070579171180725, 0.7811828255653381, 0.7715935111045837, 0.7701139450073242, 0.7667815685272217]"
e8b34af9-6a4b-42cf-90ce-fb46a23db79d,Pediatrics,0.0107421875,0.02001953125,0.96484375,0.002716064453125,True,C,0.035128116607666016,medmcqa_1,"['TEXT', 'STAT', 'STAT', 'STAT', 'STAT']","[467523489549977851, 467572377850262696, 467572377850251861, 467572377850260321, 467572377850288794]","[0.7999788522720337, 0.7764561772346497, 0.7623539566993713, 0.7614179253578186, 0.7598840594291687]"
d3b541c9-d300-4ced-9a2c-c64eaa672ff0,Pediatrics,0.18359375,0.498046875,0.302734375,0.01507568359375,True,B,0.04662156105041504,medmcqa_1,"['TEXT', 'STAT', 'STAT', 'TEXT', 'TEXT']","[467523489549945126, 467572377850367170, 467572377850367179, 467523489549945128, 467523489549945035]","[0.8111125826835632, 0.8106865286827087, 0.8029083013534546, 0.8019065856933594, 0.8004762530326843]"
21ee5793-fb33-407c-81ba-7f01f5eefe47,Pediatrics,0.15234375,0.7265625,0.08154296875,0.041015625,True,B,0.036570072174072266,medmcqa_1,"['STAT', 'TEXT', 'TEXT', 'STAT', 'TEXT']","[467572377850290527, 467523489549968270, 467523489549934869, 467572377850382697, 467523489549934870]","[0.8079065084457397, 0.7972226142883301, 0.7943758368492126, 0.788099467754364, 0.7839310169219971]"
3b184f01-db13-4379-ab0b-7709853e0326,Pediatrics,0.435546875,0.1416015625,0.12451171875,0.298828125,True,A,0.0339655876159668,medmcqa_1,"['STAT', 'STAT', 'TEXT', 'TEXT', 'STAT']","[467572377850701400, 467572377850701404, 467523489549939860, 467523489549939738, 467572377850773350]","[0.8101819157600403, 0.8083371520042419, 0.8055441379547119, 0.8046584129333496, 0.797550618648529]"
406dfa1b-f27b-4db0-8c21-7c300498f63d,Pediatrics,0.03076171875,0.58203125,0.07861328125,0.310546875,True,B,0.04827284812927246,medmcqa_1,"['STAT', 'STAT', 'STAT', 'STAT', 'STAT']","[467572377850273431, 467572377850700304, 467572377850377975, 467572377850377978, 467572377850700294]","[0.7950052618980408, 0.7907561659812927, 0.787634551525116, 0.7612195014953613, 0.7589591145515442]"
bf8d5b76-bda5-4221-95ef-d536c00c24ee,Pediatrics,0.008544921875,0.98828125,0.00168609619140625,0.00157928466796875,True,B,0.03572535514831543,medmcqa_1,"['STAT', 'TEXT', 'TEXT', 'STAT', 'STAT']","[467572377850311267, 467523489549978878, 467523489549931960, 467572377850224615, 467572377850397025]","[0.7808948159217834, 0.7615324854850769, 0.7586249113082886, 0.7547338604927063, 0.7539322376251221]"
cfff846f-f37f-4866-9a45-7f903b5e80fe,Pediatrics,0.58984375,0.09619140625,0.216796875,0.09619140625,True,A,0.046647071838378906,medmcqa_1,"['STAT', 'STAT', 'TEXT', 'STAT', 'STAT']","[467572377850781521, 467572377850381215, 467523489550007666, 467572377850291729, 467572377850236187]","[0.7883907556533813, 0.7866953611373901, 0.7849532961845398, 0.7806915640830994, 0.7752028703689575]"
73cbdaba-1321-4765-a9f4-ec0b0dbc9994,Pediatrics,0.1279296875,0.4765625,0.2890625,0.1064453125,False,D,0.044673919677734375,medmcqa_1,"['TEXT', 'TEXT', 'TEXT', 'TEXT', 'TEXT']","[467523489549953706, 467523489549951956, 467523489549977943, 467523489549957405, 467523489549963800]","[0.7443770170211792, 0.7324685454368591, 0.7323264479637146, 0.7294015884399414, 0.7240378260612488]"
e621e03f-d935-427f-a7a7-14f6f9a0efab,Pediatrics,0.09423828125,0.89453125,0.0068359375,0.0034332275390625,True,B,0.0477292537689209,medmcqa_1,"['TEXT', 'TEXT', 'TEXT', 'TEXT', 'TEXT']","[467523489549677714, 467523489549677717, 467523489549677715, 467523489549945779, 467523489549677696]","[0.8408639430999756, 0.8148641586303711, 0.7939145565032959, 0.7864391207695007, 0.7837422490119934]"
16b0d12a-6521-4f27-a70f-2726a7a3f6a3,Pediatrics,0.054443359375,0.01214599609375,0.90625,0.02734375,True,C,0.03438854217529297,medmcqa_1,"['STAT', 'TEXT', 'STAT', 'STAT', 'TEXT']","[467572377850725730, 467523489549943298, 467572377850388214, 467572377850622863, 467523489550007343]","[0.8175796270370483, 0.8037865161895752, 0.7659215927124023, 0.7645020484924316, 0.7621822953224182]"
23cdcc3c-aabd-403a-b2f7-59ecfab6ed23,Pediatrics,0.03173828125,0.1416015625,0.81640625,0.01092529296875,True,C,0.03883981704711914,medmcqa_1,"['TEXT', 'STAT', 'STAT', 'STAT', 'TEXT']","[467523489549709907, 467572377850320633, 467572377850347496, 467572377850640453, 467523489549687078]","[0.7914758324623108, 0.7836977243423462, 0.7810400724411011, 0.7772284746170044, 0.7763733863830566]"
c7d3b43e-bcf6-4d61-bca9-552c07da0d6f,Pediatrics,0.140625,0.029541015625,0.01904296875,0.8125,True,D,0.03603625297546387,medmcqa_1,"['STAT', 'STAT', 'TEXT', 'TEXT', 'TEXT']","[467572377850326231, 467572377850326222, 467523489549969478, 467523489549969477, 467523489549969465]","[0.8081018328666687, 0.8069077730178833, 0.8023608922958374, 0.7942957878112793, 0.7931812405586243]"
176b116a-244a-4bb5-a162-f43d5a340a0e,Pediatrics,0.060302734375,0.04150390625,0.88671875,0.010498046875,True,C,0.03527092933654785,medmcqa_1,"['STAT', 'TEXT', 'TEXT', 'TEXT', 'TEXT']","[467572377850653694, 467523489549972436, 467523489549979793, 467523489549979864, 467523489549979886]","[0.7846686244010925, 0.7808430790901184, 0.7701684832572937, 0.7690684199333191, 0.7666866779327393]"
2e78ce60-b4af-41c4-b2bd-595a6e728c1d,Pediatrics,0.1328125,0.337890625,0.03564453125,0.4921875,False,B,0.038228511810302734,medmcqa_1,"['TEXT', 'STAT', 'STAT', 'STAT', 'STAT']","[467523489549986989, 467572377850382727, 467572377850716514, 467572377850289991, 467572377850229792]","[0.7425711750984192, 0.7423607707023621, 0.7422890067100525, 0.7421225905418396, 0.7415316700935364]"
ca2561d2-80a5-439b-949c-98d7c9dfb448,Pediatrics,0.1259765625,0.028076171875,0.0247802734375,0.8203125,True,D,0.03204226493835449,medmcqa_1,"['STAT', 'STAT', 'TEXT', 'TEXT', 'STAT']","[467572377850347899, 467572377850786265, 467523489549941791, 467523489549979625, 467572377850347912]","[0.8086540102958679, 0.7960671186447144, 0.7820953726768494, 0.7779893279075623, 0.7754096984863281]"
d95f1158-fa4b-4229-98c5-40f4dc2bacec,Pediatrics,0.40625,0.109375,0.1494140625,0.3359375,True,A,0.04553723335266113,medmcqa_1,"['TEXT', 'TEXT', 'STAT', 'TEXT', 'TEXT']","[467523489549977811, 467523489549677978, 467572377850281155, 467523489549965698, 467523489549977816]","[0.7789619565010071, 0.7768698930740356, 0.7727744579315186, 0.7671778202056885, 0.7630073428153992]"
c86f02db-18ea-4ef1-a03a-1bee6d661c7b,Pediatrics,0.009521484375,0.002716064453125,0.0189208984375,0.96875,True,D,0.04811286926269531,medmcqa_1,"['TEXT', 'TEXT', 'TEXT', 'TEXT', 'TEXT']","[467523489549972470, 467523489549710715, 467523489549710713, 467523489549963272, 467523489549972338]","[0.763152003288269, 0.7571337223052979, 0.7556324005126953, 0.7547165751457214, 0.7503814697265625]"
6fe48790-f8f0-4c37-8dae-a76ddbac8a7a,Medicine,0.2578125,0.1767578125,0.0198974609375,0.546875,True,D,0.040941476821899414,medmcqa_1,"['TEXT', 'STAT', 'STAT', 'STAT', 'STAT']","[467523489549692052, 467572377850363027, 467572377850681346, 467572377850725432, 467572377850378890]","[0.8134661316871643, 0.8052480816841125, 0.8006305694580078, 0.7976557016372681, 0.7937138080596924]"
148f5ca1-0e61-4e4a-a19a-47df89cb1689,Medicine,0.05908203125,0.248046875,0.67578125,0.0179443359375,False,B,0.04006147384643555,medmcqa_1,"['STAT', 'STAT', 'STAT', 'STAT', 'STAT']","[467572377850656626, 467572377850242902, 467572377850754284, 467572377850711957, 467572377850720455]","[0.8117611408233643, 0.7967057824134827, 0.795868992805481, 0.7944080829620361, 0.7908390760421753]"
5603de35-adb1-4612-a9ea-1e719e1aa879,Medicine,0.002044677734375,0.99609375,0.0016937255859375,0.000518798828125,True,B,0.04240775108337402,medmcqa_1,"['TEXT', 'STAT', 'STAT', 'TEXT', 'STAT']","[467523489549956147, 467572377850748780, 467572377850663021, 467523489549969255, 467572377850252624]","[0.7770234942436218, 0.7695103287696838, 0.7500198483467102, 0.7487502098083496, 0.74516361951828]"
6345cacc-9150-4410-8add-3153eaed701c,Medicine,0.984375,0.0096435546875,0.0042724609375,0.0017852783203125,True,A,0.03191041946411133,medmcqa_1,"['STAT', 'STAT', 'TEXT', 'STAT', 'TEXT']","[467572377850647040, 467572377850784379, 467523489549708089, 467572377850342777, 467523489549708083]","[0.7793087959289551, 0.7789161801338196, 0.7780964374542236, 0.771053671836853, 0.7698448300361633]"
5db315ce-ffe3-4f63-9071-d9168619ce60,Medicine,0.017822265625,0.004241943359375,0.003509521484375,0.97265625,True,D,0.03754401206970215,medmcqa_1,"['STAT', 'STAT', 'STAT', 'STAT', 'TEXT']","[467572377850363465, 467572377850353462, 467572377850409874, 467572377850656108, 467523489549937563]","[0.792749285697937, 0.7850117683410645, 0.7807499170303345, 0.7716994285583496, 0.7691879868507385]"
d7a840fd-00b4-4980-a01a-4de04a73d18f,Medicine,0.984375,0.00848388671875,0.00750732421875,0.0002269744873046875,True,A,0.03871941566467285,medmcqa_1,"['STAT', 'TEXT', 'STAT', 'STAT', 'STAT']","[467572377850359207, 467523489549938067, 467572377850320643, 467572377850393917, 467572377850301695]","[0.7937218546867371, 0.7916609644889832, 0.780099630355835, 0.7779796719551086, 0.7756739258766174]"
36e20a28-fe52-4272-8027-043e6f66ab54,Medicine,0.0439453125,0.287109375,0.416015625,0.251953125,True,C,0.03360795974731445,medmcqa_1,"['STAT', 'STAT', 'STAT', 'STAT', 'STAT']","[467572377850353025, 467572377850368430, 467572377850353026, 467572377850279158, 467572377850351438]","[0.7248906493186951, 0.7047677636146545, 0.7026121616363525, 0.7016542553901672, 0.7011530995368958]"
86222cd5-174b-4f22-b54c-280039bb8322,Medicine,0.275390625,0.11474609375,0.58203125,0.025634765625,False,A,0.03346657752990723,medmcqa_1,"['STAT', 'STAT', 'STAT', 'STAT', 'STAT']","[467572377850653410, 467572377850653409, 467572377850408753, 467572377850658193, 467572377850408784]","[0.7787154912948608, 0.7771943211555481, 0.7541232705116272, 0.7493745684623718, 0.7475278377532959]"
ebefed46-d39d-42b5-8406-b16c9fb32ba7,Medicine,0.333984375,0.095703125,0.4296875,0.1396484375,True,C,0.034338951110839844,medmcqa_1,"['TEXT', 'TEXT', 'TEXT', 'TEXT', 'STAT']","[467523489549959306, 467523489549956456, 467523489549956402, 467523489549956401, 467572377850240578]","[0.7900573015213013, 0.7864794731140137, 0.7796044945716858, 0.775907039642334, 0.773948073387146]"
0a96136a-d645-4ad6-9f31-53192793e1d0,Medicine,0.004302978515625,0.001312255859375,0.00335693359375,0.9921875,True,D,0.031180858612060547,medmcqa_1,"['STAT', 'STAT', 'TEXT', 'TEXT', 'TEXT']","[467572377850374420, 467572377850353784, 467523489549985668, 467523489549944924, 467523489549960655]","[0.80741947889328, 0.8063427209854126, 0.8050487041473389, 0.8047295808792114, 0.8024375438690186]"
b3f181b1-dcd4-44d6-a008-628ed7b39cdc,Medicine,0.8671875,0.043212890625,0.06298828125,0.02783203125,True,A,0.04022789001464844,medmcqa_1,"['STAT', 'TEXT', 'STAT', 'TEXT', 'STAT']","[467572377850633814, 467523489549946309, 467572377850640008, 467523489549707886, 467572377850326857]","[0.7494478225708008, 0.7472695112228394, 0.7467350959777832, 0.741143524646759, 0.7399572134017944]"
36dd849c-4867-4ca6-8f5e-c8419e4634bb,Medicine,0.4453125,0.197265625,0.26953125,0.08740234375,True,A,0.058713674545288086,medmcqa_1,"['TEXT', 'TEXT', 'TEXT', 'TEXT', 'TEXT']","[467523489549687584, 467523489549986042, 467523489549954775, 467523489549955030, 467523489549954633]","[0.8191949725151062, 0.8105974197387695, 0.795838475227356, 0.7945530414581299, 0.7903155088424683]"
a60894bd-585a-4a93-bf8e-cdee04292df6,Medicine,0.97265625,0.0189208984375,0.004486083984375,0.004791259765625,True,A,0.03913545608520508,medmcqa_1,"['STAT', 'TEXT', 'STAT', 'STAT', 'STAT']","[467572377850408948, 467523489549677444, 467572377850316234, 467572377850340407, 467572377850622082]","[0.7987903356552124, 0.7912402153015137, 0.7872953414916992, 0.784550666809082, 0.784500241279602]"
80066b5e-d621-4912-b7fd-f1e867a9c8d4,Medicine,0.1865234375,0.37109375,0.154296875,0.2890625,False,C,0.03476309776306152,medmcqa_1,"['TEXT', 'TEXT', 'TEXT', 'STAT', 'STAT']","[467523489549692327, 467523489549997029, 467523489549938077, 467572377850389269, 467572377850686277]","[0.785536527633667, 0.7715765237808228, 0.7681221961975098, 0.7663107514381409, 0.7661952972412109]"
d181cc7f-0491-4d80-9e53-81c1a87619eb,Medicine,0.142578125,0.6796875,0.1044921875,0.07177734375,False,A,0.044492244720458984,medmcqa_1,"['TEXT', 'STAT', 'STAT', 'STAT', 'TEXT']","[467523489549938420, 467572377850264037, 467572377850411726, 467572377850639901, 467523489549944516]","[0.8431715369224548, 0.8309817314147949, 0.8306294083595276, 0.8259810209274292, 0.8234239816665649]"
92ee38b6-68d0-4626-8c03-053db30d77dc,Medicine,0.0048828125,0.0010223388671875,0.0015869140625,0.9921875,True,D,0.03763318061828613,medmcqa_1,"['TEXT', 'STAT', 'STAT', 'STAT', 'STAT']","[467523489549686592, 467572377850786905, 467572377850789539, 467572377850371754, 467572377850754283]","[0.7794628143310547, 0.7738327980041504, 0.773337721824646, 0.7668145895004272, 0.7651602625846863]"
74340a21-07b9-4e61-92a5-d4e4fb270de6,Medicine,0.251953125,0.0869140625,0.6015625,0.0595703125,True,C,0.033936262130737305,medmcqa_1,"['TEXT', 'STAT', 'STAT', 'TEXT', 'STAT']","[467523489549989881, 467572377850663997, 467572377850663991, 467523489549933984, 467572377850278320]","[0.7589124441146851, 0.7556809186935425, 0.7525009512901306, 0.7478491067886353, 0.7452689409255981]"
31579687-1448-4606-9db6-52f9d0cc8a7f,Medicine,0.08447265625,0.37890625,0.48828125,0.04833984375,False,D,0.03308296203613281,medmcqa_1,"['STAT', 'STAT', 'STAT', 'STAT', 'TEXT']","[467572377850668580, 467572377850668590, 467572377850668568, 467572377850668514, 467523489549926236]","[0.7642373442649841, 0.7590334415435791, 0.741665244102478, 0.7416337132453918, 0.7386401891708374]"
e93ff140-f550-4b5d-a589-aec6b7392142,Medicine,0.01904296875,0.9765625,0.004791259765625,0.00121307373046875,True,B,0.035868167877197266,medmcqa_1,"['TEXT', 'TEXT', 'TEXT', 'TEXT', 'TEXT']","[467523489549931306, 467523489549701044, 467523489549971706, 467523489549931562, 467523489549704140]","[0.7477531433105469, 0.7184558510780334, 0.7158883213996887, 0.7156664133071899, 0.7151177525520325]"
0489f20c-a0ce-4251-9eec-e8d5e691a49e,Medicine,0.0140380859375,0.98046875,0.002593994140625,0.00130462646484375,True,B,0.0318753719329834,medmcqa_1,"['STAT', 'STAT', 'TEXT', 'STAT', 'TEXT']","[467572377850714563, 467572377850714567, 467523489549981744, 467572377850637392, 467523489549934540]","[0.7916868925094604, 0.7799185514450073, 0.776142418384552, 0.7713457942008972, 0.765900731086731]"
1e8c037d-b7d9-48c9-8aba-39b01a178619,Ophthalmology,0.083984375,0.2421875,0.01458740234375,0.66015625,True,D,0.023860931396484375,medmcqa_1,"['STAT', 'STAT', 'STAT', 'STAT', 'STAT']","[467572377850777014, 467572377850359297, 467572377850777039, 467572377850417356, 467572377850776990]","[0.7915529012680054, 0.789431095123291, 0.7850586175918579, 0.784066915512085, 0.7836661338806152]"
b0060b73-4e6b-4537-a556-c1fb94a65c4a,Ophthalmology,0.0927734375,0.0172119140625,0.00811767578125,0.8828125,True,D,0.03526473045349121,medmcqa_1,"['TEXT', 'STAT', 'TEXT', 'STAT', 'TEXT']","[467523489549961182, 467572377850709579, 467523489549981297, 467572377850635592, 467523489549961183]","[0.7900485992431641, 0.7872321605682373, 0.7858495712280273, 0.7845430970191956, 0.7840842008590698]"
51203235-22e6-43fb-a51f-a2fcceb5f042,Ophthalmology,0.051513671875,0.625,0.296875,0.02587890625,True,B,0.036029815673828125,medmcqa_1,"['STAT', 'STAT', 'STAT', 'TEXT', 'STAT']","[467572377850392193, 467572377850308812, 467572377850254645, 467523489549931792, 467572377850392197]","[0.7546828389167786, 0.7533888816833496, 0.7505839467048645, 0.749461829662323, 0.7462487816810608]"
d4c4bf0d-08ef-47e6-b8e2-e530082fa63a,Ophthalmology,0.154296875,0.12060546875,0.032470703125,0.69140625,True,D,0.028548479080200195,medmcqa_1,"['STAT', 'STAT', 'STAT', 'STAT', 'STAT']","[467572377850386281, 467572377850658596, 467572377850268559, 467572377850286492, 467572377850349215]","[0.7541145086288452, 0.7513878345489502, 0.7468168139457703, 0.7462374567985535, 0.745754063129425]"
18c1a5f9-d998-414e-bb9c-991191c10710,Ophthalmology,0.77734375,0.173828125,0.020751953125,0.026611328125,True,A,0.034102439880371094,medmcqa_1,"['STAT', 'STAT', 'STAT', 'TEXT', 'STAT']","[467572377850769286, 467572377850411749, 467572377850289202, 467523489549944332, 467572377850681257]","[0.8107010126113892, 0.8016190528869629, 0.7974241971969604, 0.797150194644928, 0.7951127886772156]"
20929b62-1d50-4e64-9370-8d4966ccb2ae,Ophthalmology,0.0908203125,0.045654296875,0.0045166015625,0.859375,True,D,0.036374807357788086,medmcqa_1,"['STAT', 'STAT', 'STAT', 'STAT', 'TEXT']","[467572377850303270, 467572377850373505, 467572377850732979, 467572377850675883, 467523489549956111]","[0.7927278876304626, 0.7891877889633179, 0.7891428470611572, 0.7834649682044983, 0.7814096212387085]"
ed92d804-ac83-440a-b908-df404df935ad,Ophthalmology,0.0546875,0.0242919921875,0.91015625,0.0107421875,True,C,0.03571891784667969,medmcqa_1,"['TEXT', 'TEXT', 'STAT', 'STAT', 'STAT']","[467523489549972689, 467523489549975987, 467572377850270281, 467572377850338559, 467572377850242244]","[0.7810441851615906, 0.7735955119132996, 0.7666665315628052, 0.7612770795822144, 0.7543379068374634]"
731b8834-5904-47e0-a208-d46bcf1c6c9b,Ophthalmology,0.0194091796875,0.0181884765625,0.9375,0.0264892578125,False,A,0.04564833641052246,medmcqa_1,"['STAT', 'TEXT', 'STAT', 'TEXT', 'STAT']","[467572377850248119, 467523489549951210, 467572377850759689, 467523489549708089, 467572377850746968]","[0.8086495399475098, 0.803248941898346, 0.7965656518936157, 0.7928674221038818, 0.7910780310630798]"
d12e4d46-e1d9-4320-860c-184a735d9027,Ophthalmology,0.8359375,0.0732421875,0.08837890625,0.000865936279296875,True,A,0.0356755256652832,medmcqa_1,"['STAT', 'STAT', 'STAT', 'TEXT', 'TEXT']","[467572377850716618, 467572377850275265, 467572377850342776, 467523489549954420, 467523489549950997]","[0.7974748611450195, 0.7965435981750488, 0.795928418636322, 0.7948946356773376, 0.792935848236084]"
f80230e3-6a41-4a2d-81a0-86cacead9dcf,Ophthalmology,0.97265625,0.017822265625,0.006561279296875,0.001007080078125,True,A,0.028380870819091797,medmcqa_1,"['STAT', 'STAT', 'STAT', 'STAT', 'STAT']","[467572377850290343, 467572377850784509, 467572377850775589, 467572377850709785, 467572377850680659]","[0.8002657890319824, 0.7886784076690674, 0.7861964702606201, 0.7857892513275146, 0.7854756116867065]"
756277e4-4420-466e-adee-3aee112a7b69,Ophthalmology,0.103515625,0.67578125,0.0712890625,0.150390625,True,B,0.03652048110961914,medmcqa_1,"['STAT', 'STAT', 'STAT', 'STAT', 'STAT']","[467572377850235160, 467572377850282783, 467572377850366653, 467572377850305598, 467572377850706601]","[0.76894611120224, 0.7613460421562195, 0.7604589462280273, 0.7580698728561401, 0.7558761835098267]"
eaa184bf-53c5-4755-bee8-a9153e587ff0,Ophthalmology,0.275390625,0.58203125,0.0272216796875,0.11474609375,False,D,0.024440765380859375,medmcqa_1,"['STAT', 'STAT', 'STAT', 'STAT', 'STAT']","[467572377850254005, 467572377850375358, 467572377850350010, 467572377850370641, 467572377850658346]","[0.7271301746368408, 0.7214306592941284, 0.711231529712677, 0.7093282341957092, 0.7091111540794373]"
17360c6c-2c98-4fe2-aa85-487dcf4678df,Ophthalmology,0.2021484375,0.455078125,0.228515625,0.11474609375,False,A,0.02964925765991211,medmcqa_1,"['STAT', 'STAT', 'STAT', 'STAT', 'STAT']","[467572377850388201, 467572377850306073, 467572377850319887, 467572377850245106, 467572377850305786]","[0.7483851909637451, 0.7438839077949524, 0.7190300822257996, 0.7168607711791992, 0.7148879766464233]"
8cce7868-0429-4f98-9e6a-4baa045dffcc,Ophthalmology,0.09912109375,0.6484375,0.185546875,0.068359375,True,B,0.04632115364074707,medmcqa_1,"['STAT', 'TEXT', 'TEXT', 'STAT', 'STAT']","[467572377850759710, 467523489549955628, 467523489549954039, 467572377850401697, 467572377850759686]","[0.7491241693496704, 0.7490745782852173, 0.7483258247375488, 0.7453576922416687, 0.7427295446395874]"
681b886d-1d27-41d3-8fa5-6d9fb4b0c4c5,Ophthalmology,0.283203125,0.033935546875,0.6796875,0.0037994384765625,True,C,0.030447721481323242,medmcqa_1,"['STAT', 'STAT', 'STAT', 'STAT', 'STAT']","[467572377850410572, 467572377850410571, 467572377850410593, 467572377850410562, 467572377850410573]","[0.7820466756820679, 0.7810783386230469, 0.7684582471847534, 0.759921133518219, 0.7580305933952332]"
362c70ed-9bc0-4266-8462-4c8302d7ef52,Ophthalmology,0.0830078125,0.5078125,0.060546875,0.349609375,False,D,0.03544163703918457,medmcqa_1,"['STAT', 'STAT', 'STAT', 'STAT', 'STAT']","[467572377850704318, 467572377850342963, 467572377850358730, 467572377850290402, 467572377850262539]","[0.7738988995552063, 0.7493980526924133, 0.7416781187057495, 0.7380428314208984, 0.7330933809280396]"
8f57f95a-a12e-49e9-87b8-eb58ffa6cb9c,Ophthalmology,0.359375,0.31640625,0.1923828125,0.1318359375,False,C,0.029633760452270508,medmcqa_1,"['STAT', 'STAT', 'STAT', 'STAT', 'STAT']","[467572377850722511, 467572377850402036, 467572377850681022, 467572377850301042, 467572377850275011]","[0.7551524043083191, 0.7511776685714722, 0.7469107508659363, 0.7466529607772827, 0.7434892654418945]"
796d7b5d-f79d-4c6a-860c-198e9404ea07,Ophthalmology,0.201171875,0.2431640625,0.353515625,0.201171875,False,D,0.029735326766967773,medmcqa_1,"['STAT', 'STAT', 'STAT', 'STAT', 'STAT']","[467572377850639427, 467572377850695590, 467572377850695589, 467572377850695587, 467572377850235545]","[0.7956883907318115, 0.775137186050415, 0.773422360420227, 0.7727779746055603, 0.7716526985168457]"
065971a5-7b85-4a6d-a657-8d152956f946,Ophthalmology,0.1533203125,0.060302734375,0.78125,0.0052490234375,True,C,0.029289722442626953,medmcqa_1,"['STAT', 'STAT', 'STAT', 'STAT', 'STAT']","[467572377850281363, 467572377850732986, 467572377850695720, 467572377850695687, 467572377850231013]","[0.7999875545501709, 0.7885792255401611, 0.7839438915252686, 0.7835558652877808, 0.7665038108825684]"
2aacf8d1-b36e-49be-8333-af91aa2a49c9,Ophthalmology,0.0257568359375,0.005096435546875,0.96875,0.0004730224609375,True,C,0.03146505355834961,medmcqa_1,"['STAT', 'STAT', 'STAT', 'TEXT', 'TEXT']","[467572377850639417, 467572377850243546, 467572377850675750, 467523489549677186, 467523489549950994]","[0.80763840675354, 0.7764536142349243, 0.7729483842849731, 0.7690531015396118, 0.7649054527282715]"
5444cae2-aeab-4a04-8501-e91fe8ce794a,Anaesthesia,0.244140625,0.3125,0.3125,0.130859375,False,A,0.03638124465942383,medmcqa_1,"['TEXT', 'TEXT', 'TEXT', 'TEXT', 'TEXT']","[467523489549981491, 467523489549983655, 467523489549947803, 467523489549963919, 467523489550010210]","[0.6938748359680176, 0.6933220028877258, 0.68720543384552, 0.6836385130882263, 0.6809899210929871]"
73944fde-aa45-4a1f-a140-e56d201ed4b0,Anaesthesia,0.265625,0.265625,0.234375,0.234375,True,A,0.03790926933288574,medmcqa_1,"['STAT', 'STAT', 'STAT', 'STAT', 'STAT']","[467572377850628498, 467572377850367752, 467572377850664590, 467572377850666802, 467572377850666795]","[0.8000141382217407, 0.7929225564002991, 0.7855047583580017, 0.7854594588279724, 0.7778992056846619]"
9138af01-4f96-4301-9817-8662fc2a0012,Anaesthesia,0.032470703125,0.01275634765625,0.0034332275390625,0.953125,True,D,0.03022480010986328,medmcqa_1,"['STAT', 'STAT', 'STAT', 'STAT', 'STAT']","[467572377850702554, 467572377850675103, 467572377850781387, 467572377850267322, 467572377850684505]","[0.7608845233917236, 0.7564102411270142, 0.7560226917266846, 0.7510561347007751, 0.7492635250091553]"
872eb991-48a8-486f-8dd8-c19b8f3cd096,Anaesthesia,0.00170135498046875,0.99609375,0.00102996826171875,0.00022983551025390625,True,B,0.027892589569091797,medmcqa_1,"['STAT', 'TEXT', 'STAT', 'STAT', 'STAT']","[467572377850264854, 467523489549983380, 467572377850632301, 467572377850632306, 467572377850232210]","[0.727222740650177, 0.7231206893920898, 0.7193487286567688, 0.7185973525047302, 0.7124465107917786]"
93b42b71-45b2-4314-9bb5-b71c362c50cf,Anaesthesia,0.03857421875,0.1533203125,0.77734375,0.031982421875,True,C,0.029532670974731445,medmcqa_1,"['STAT', 'STAT', 'TEXT', 'STAT', 'TEXT']","[467572377850267334, 467572377850381317, 467523489549983380, 467572377850232210, 467523489549983482]","[0.7410736680030823, 0.7400667667388916, 0.7243210077285767, 0.7209131121635437, 0.714533805847168]"
406b5b4f-9ad4-42c0-9669-12d038df4ac8,Anaesthesia,0.13671875,0.4765625,0.060546875,0.326171875,False,C,0.022500038146972656,medmcqa_1,"['STAT', 'STAT', 'STAT', 'STAT', 'STAT']","[467572377850344959, 467572377850377420, 467572377850376996, 467572377850782226, 467572377850344950]","[0.7469450831413269, 0.745120644569397, 0.7423686385154724, 0.7406681180000305, 0.7392009496688843]"
dea9021b-e874-4096-9195-ac758f2de19d,Anaesthesia,0.032470703125,0.01055908203125,0.890625,0.064453125,True,C,0.031055450439453125,medmcqa_1,"['STAT', 'STAT', 'STAT', 'STAT', 'STAT']","[467572377850403958, 467572377850765235, 467572377850391436, 467572377850394528, 467572377850393478]","[0.7897822260856628, 0.7737046480178833, 0.7723594903945923, 0.7713349461555481, 0.7682629823684692]"
522522f6-47cd-4dbc-843d-8dbd3768bff7,Anaesthesia,0.06884765625,0.255859375,0.5390625,0.13671875,False,D,0.02197551727294922,medmcqa_1,"['STAT', 'STAT', 'STAT', 'STAT', 'STAT']","[467572377850290622, 467572377850703414, 467572377850684482, 467572377850357175, 467572377850705672]","[0.723173975944519, 0.7231653928756714, 0.7176446914672852, 0.717400312423706, 0.7142951488494873]"
8466f417-6a8e-4f07-87f8-556fb5fac62a,Anaesthesia,0.0947265625,0.057373046875,0.84375,0.00567626953125,False,A,0.03541994094848633,medmcqa_1,"['TEXT', 'STAT', 'TEXT', 'TEXT', 'STAT']","[467523489550009945, 467572377850402363, 467523489549706357, 467523489549692302, 467572377850655103]","[0.7993775606155396, 0.7862597107887268, 0.7826420068740845, 0.7790400981903076, 0.776654064655304]"
41bea7f1-6fe1-4441-81ba-579c07008ea6,Anaesthesia,0.333984375,0.1396484375,0.0400390625,0.486328125,True,D,0.039714813232421875,medmcqa_1,"['TEXT', 'STAT', 'STAT', 'STAT', 'STAT']","[467523489549964828, 467572377850755711, 467572377850695358, 467572377850765305, 467572377850312834]","[0.780595064163208, 0.7553207278251648, 0.7549387216567993, 0.7544936537742615, 0.7488163113594055]"
69a34f1e-09bd-4364-b763-f28c6ddf772a,Anaesthesia,0.6484375,0.1357421875,0.09375,0.1201171875,True,A,0.04422879219055176,medmcqa_1,"['STAT', 'STAT', 'STAT', 'STAT', 'STAT']","[467572377850362246, 467572377850385401, 467572377850231759, 467572377850319287, 467572377850717861]","[0.8026750683784485, 0.7994394302368164, 0.7945709228515625, 0.791237473487854, 0.7890653610229492]"
930d4945-04ef-4c32-9c9d-279e8226f852,Anaesthesia,0.11865234375,0.04638671875,0.68359375,0.15234375,False,A,0.04590320587158203,medmcqa_1,"['TEXT', 'TEXT', 'TEXT', 'STAT', 'STAT']","[467523489549674476, 467523489549949228, 467523489549952121, 467572377850276109, 467572377850343423]","[0.7738939523696899, 0.7738683819770813, 0.7615295648574829, 0.7604758739471436, 0.7557241916656494]"
820b79a8-3eef-494b-a007-995db6b5258c,Anaesthesia,0.078125,0.7890625,0.078125,0.0537109375,True,B,0.03067946434020996,medmcqa_1,"['TEXT', 'STAT', 'TEXT', 'STAT', 'STAT']","[467523489549983551, 467572377850312823, 467523489549983552, 467572377850322429, 467572377850719119]","[0.7615196108818054, 0.7396296858787537, 0.7396252751350403, 0.7338317632675171, 0.7323943376541138]"
92f4374d-b087-41de-a4d7-288565d77c38,Anaesthesia,0.9765625,0.0024261474609375,0.01904296875,0.0011444091796875,True,A,0.029299020767211914,medmcqa_1,"['STAT', 'STAT', 'STAT', 'STAT', 'STAT']","[467572377850292814, 467572377850292792, 467572377850292797, 467572377850292795, 467572377850292801]","[0.7931016683578491, 0.7798972129821777, 0.7764148712158203, 0.7703689932823181, 0.7683156728744507]"
fb79561d-8beb-4a31-aaa5-9350e20b0caa,Anaesthesia,0.294921875,0.2021484375,0.40234375,0.1015625,False,A,0.035588979721069336,medmcqa_1,"['STAT', 'STAT', 'STAT', 'STAT', 'STAT']","[467572377850748107, 467572377850760086, 467572377850364980, 467572377850384939, 467572377850760097]","[0.7703723907470703, 0.7639948129653931, 0.753043532371521, 0.7524662017822266, 0.7511633634567261]"
d2198d20-fa7b-4abd-a3f6-d849ee0973fb,Anaesthesia,0.0177001953125,0.2021484375,0.70703125,0.07421875,True,C,0.035147905349731445,medmcqa_1,"['STAT', 'STAT', 'STAT', 'TEXT', 'TEXT']","[467572377850262785, 467572377850282534, 467572377850362765, 467523489549953354, 467523489549692526]","[0.7614986896514893, 0.7601293921470642, 0.7568679451942444, 0.7557924389839172, 0.7554675340652466]"
7690c75b-9e17-4af8-844a-6c638db1240a,Anaesthesia,0.06787109375,0.87890625,0.00714111328125,0.046630859375,False,D,0.030971765518188477,medmcqa_1,"['STAT', 'STAT', 'STAT', 'STAT', 'STAT']","[467572377850751936, 467572377850383480, 467572377850292974, 467572377850751942, 467572377850319186]","[0.7806188464164734, 0.7732326984405518, 0.7687445878982544, 0.7680692076683044, 0.7631294131278992]"
7e38cd45-2858-4483-b448-d461bde268ee,Anaesthesia,0.271484375,0.2109375,0.5078125,0.01190185546875,True,C,0.030361413955688477,medmcqa_1,"['STAT', 'STAT', 'STAT', 'STAT', 'STAT']","[467572377850232210, 467572377850635956, 467572377850282184, 467572377850416206, 467572377850684580]","[0.7675557136535645, 0.7405197024345398, 0.7383365035057068, 0.7379080653190613, 0.731266975402832]"
65639a35-9603-40ce-9584-aaf1f53c71d4,Anaesthesia,0.10888671875,0.294921875,0.486328125,0.10888671875,False,D,0.03342866897583008,medmcqa_1,"['STAT', 'TEXT', 'STAT', 'STAT', 'STAT']","[467572377850698775, 467523489549983510, 467572377850658761, 467572377850758057, 467572377850343358]","[0.7759363055229187, 0.7742488980293274, 0.7720122337341309, 0.7458562254905701, 0.7443026900291443]"
52e0bdf3-57a4-4dd6-ba5c-e9facb82e61f,Anaesthesia,0.40234375,0.244140625,0.21484375,0.138671875,False,D,0.028266191482543945,medmcqa_1,"['STAT', 'STAT', 'STAT', 'STAT', 'STAT']","[467572377850292797, 467572377850248561, 467572377850232212, 467572377850248560, 467572377850292817]","[0.7647531628608704, 0.7395669221878052, 0.7357996106147766, 0.7313182353973389, 0.7301884889602661]"
dc3b4878-5fcb-4cd0-b31d-594a5320655a,Pharmacology,0.041748046875,0.890625,0.05029296875,0.016357421875,True,B,0.03710174560546875,medmcqa_1,"['TEXT', 'TEXT', 'TEXT', 'TEXT', 'TEXT']","[467523489549982085, 467523489549987416, 467523489549933743, 467523489549934767, 467523489549982071]","[0.7449854612350464, 0.7159802317619324, 0.7149363160133362, 0.7136383056640625, 0.7117354273796082]"
a8683027-bf0c-459a-99d6-7b4676278072,Pharmacology,0.1591796875,0.1494140625,0.02294921875,0.66796875,True,D,0.04964327812194824,medmcqa_1,"['TEXT', 'TEXT', 'TEXT', 'TEXT', 'TEXT']","[467523489549945864, 467523489549980845, 467523489549708036, 467523489549709464, 467523489549948555]","[0.7272524237632751, 0.7249000072479248, 0.7220192551612854, 0.72112637758255, 0.7205418944358826]"
f8420128-0bd2-4a3e-b54f-d99fd7eb7070,Pharmacology,0.2353515625,0.0233154296875,0.01507568359375,0.7265625,False,A,0.03137040138244629,medmcqa_1,"['TEXT', 'STAT', 'TEXT', 'STAT', 'TEXT']","[467523489549981907, 467572377850668869, 467523489549981906, 467572377850709042, 467523489549981913]","[0.8037540316581726, 0.7873769998550415, 0.7811304330825806, 0.780735194683075, 0.7776158452033997]"
c4256578-82f3-4cb8-891a-be9864c80547,Pharmacology,1.0,0.00058746337890625,0.00014019012451171875,0.00014019012451171875,True,A,0.05064058303833008,medmcqa_1,"['TEXT', 'STAT', 'STAT', 'TEXT', 'TEXT']","[467523489549692157, 467572377850400307, 467572377850400299, 467523489550002982, 467523489549968687]","[0.7876878380775452, 0.7740932106971741, 0.7704541683197021, 0.7674713730812073, 0.7653318047523499]"
889673c1-cf2a-44a3-a0db-7e4f0a5a52de,Pharmacology,0.072265625,0.390625,0.5,0.036376953125,True,C,0.029654741287231445,medmcqa_1,"['STAT', 'STAT', 'STAT', 'STAT', 'STAT']","[467572377850663289, 467572377850658317, 467572377850658312, 467572377850663302, 467572377850663290]","[0.7636861801147461, 0.7499645352363586, 0.7308290004730225, 0.72675621509552, 0.7230470180511475]"
cb022556-5a47-402a-b52c-725b6c314e83,Pharmacology,0.049560546875,0.01104736328125,0.9375,0.0033721923828125,True,C,0.03551602363586426,medmcqa_1,"['STAT', 'STAT', 'TEXT', 'STAT', 'TEXT']","[467572377850300375, 467572377850696569, 467523489549982765, 467572377850300372, 467523489549981903]","[0.7653397917747498, 0.7612029910087585, 0.7562572956085205, 0.7554807662963867, 0.7534162998199463]"
d9801e88-03ce-46a5-87fe-fa3d8b61fadf,Pharmacology,0.20703125,0.63671875,0.06298828125,0.091796875,False,C,0.04641580581665039,medmcqa_1,"['TEXT', 'TEXT', 'TEXT', 'TEXT', 'TEXT']","[467523489549985541, 467523489549985518, 467523489549985542, 467523489549944309, 467523489549985540]","[0.8007584810256958, 0.791320264339447, 0.7885032892227173, 0.7877200245857239, 0.7814534902572632]"
a5d733b4-18d3-468c-8aaa-bbcb66cbb07e,Pharmacology,0.0164794921875,0.0186767578125,0.95703125,0.0064697265625,True,C,0.03181147575378418,medmcqa_1,"['STAT', 'STAT', 'TEXT', 'STAT', 'STAT']","[467572377850410314, 467572377850387883, 467523489549936629, 467572377850308328, 467572377850236274]","[0.7850555181503296, 0.7765824794769287, 0.770081639289856, 0.7683405876159668, 0.7656223773956299]"
c70d078e-2a95-4779-b8d5-6050a5b58394,Pharmacology,0.1494140625,0.359375,0.40625,0.08544921875,True,C,0.02471780776977539,medmcqa_1,"['STAT', 'STAT', 'STAT', 'STAT', 'STAT']","[467572377850391218, 467572377850391196, 467572377850372276, 467572377850242960, 467572377850354369]","[0.7533702254295349, 0.7533702254295349, 0.7513846755027771, 0.7487013339996338, 0.7442630529403687]"
8654832a-f650-4836-82ba-cc59f14e1bb9,Pharmacology,0.1650390625,0.30859375,0.396484375,0.12890625,False,A,0.04841899871826172,medmcqa_1,"['TEXT', 'TEXT', 'STAT', 'STAT', 'STAT']","[467523489549945068, 467523489549991720, 467572377850377263, 467572377850640815, 467572377850253945]","[0.775176465511322, 0.7723642587661743, 0.7637589573860168, 0.7626001238822937, 0.7551300525665283]"
41a7eb65-1e8e-46ee-8d9a-8544101fe4db,Pharmacology,0.011474609375,0.96875,0.0089111328125,0.009521484375,True,B,0.03181099891662598,medmcqa_1,"['STAT', 'TEXT', 'STAT', 'STAT', 'STAT']","[467572377850714563, 467523489549981744, 467572377850637392, 467572377850772864, 467572377850714567]","[0.8058101534843445, 0.790618896484375, 0.7892525792121887, 0.7885570526123047, 0.7877651453018188]"
860f5673-7e87-4a35-ba17-628c738929fa,Pharmacology,0.90625,0.021240234375,0.0615234375,0.01214599609375,True,A,0.041544437408447266,medmcqa_1,"['STAT', 'STAT', 'STAT', 'STAT', 'STAT']","[467572377850288260, 467572377850242118, 467572377850368074, 467572377850256807, 467572377850288277]","[0.8206688761711121, 0.7967166900634766, 0.7887992858886719, 0.7880444526672363, 0.7871866822242737]"
89108206-90cd-4886-bb7f-758f8fec9152,Pharmacology,0.96875,0.0177001953125,0.01220703125,0.0021209716796875,True,A,0.046614646911621094,medmcqa_1,"['TEXT', 'TEXT', 'TEXT', 'STAT', 'STAT']","[467523489549943002, 467523489549694279, 467523489549975150, 467572377850401069, 467572377850720929]","[0.7656945586204529, 0.76055908203125, 0.7590991258621216, 0.7569622993469238, 0.7563876509666443]"
39aa0685-41e4-4701-acb9-88abe226e574,Pharmacology,0.130859375,0.5859375,0.189453125,0.09521484375,False,A,0.03105926513671875,medmcqa_1,"['TEXT', 'STAT', 'TEXT', 'STAT', 'STAT']","[467523489549981064, 467572377850663961, 467523489549706063, 467572377850663962, 467572377850346577]","[0.7726800441741943, 0.7722721099853516, 0.7612746357917786, 0.7590035796165466, 0.7475143074989319]"
559675a7-0767-47f2-bd6e-fc2279032447,Pharmacology,0.13671875,0.61328125,0.1552734375,0.09423828125,False,D,0.03375816345214844,medmcqa_1,"['TEXT', 'STAT', 'TEXT', 'TEXT', 'TEXT']","[467523489549712252, 467572377850716286, 467523489549712253, 467523489549929105, 467523489549926764]","[0.7897627353668213, 0.7812086343765259, 0.7757337093353271, 0.7706948518753052, 0.7695499658584595]"
c8c58b43-3a44-4e38-a6b3-245af1dcf2ab,Pharmacology,0.027099609375,0.8984375,0.0224609375,0.053955078125,True,B,0.043137311935424805,medmcqa_1,"['STAT', 'TEXT', 'STAT', 'STAT', 'STAT']","[467572377850305512, 467523489549706061, 467572377850659560, 467572377850250810, 467572377850663954]","[0.8167423009872437, 0.8024169206619263, 0.7991204857826233, 0.795920193195343, 0.7941620349884033]"
1a3ceadc-b414-43e2-a674-bf52546b7d89,Pharmacology,0.7578125,0.0167236328125,0.054931640625,0.1689453125,True,A,0.022514820098876953,medmcqa_1,"['STAT', 'STAT', 'TEXT', 'STAT', 'STAT']","[467572377850303637, 467572377850779407, 467523489549986713, 467572377850249947, 467572377850374595]","[0.7607300877571106, 0.7546088695526123, 0.7504944205284119, 0.7480040192604065, 0.7383790612220764]"
1b18ac4d-8101-48f1-bcc9-b53391c550ab,Pharmacology,0.478515625,0.11328125,0.10009765625,0.30859375,True,A,0.03192281723022461,medmcqa_1,"['TEXT', 'STAT', 'TEXT', 'STAT', 'STAT']","[467523489549700662, 467572377850665051, 467523489549982278, 467572377850725598, 467572377850725595]","[0.7906104326248169, 0.7870967388153076, 0.7845560312271118, 0.7770341634750366, 0.7728003263473511]"
407d4eec-cf0b-460c-bcdb-cf0081ec8c5d,Pharmacology,0.05029296875,0.053466796875,0.890625,0.006378173828125,False,B,0.04045367240905762,medmcqa_1,"['TEXT', 'STAT', 'STAT', 'STAT', 'STAT']","[467523489549990659, 467572377850692239, 467572377850689184, 467572377850772434, 467572377850727930]","[0.7567758560180664, 0.7547045946121216, 0.7539249658584595, 0.7310782670974731, 0.7241986393928528]"
4127528f-2cc3-44bc-b07e-446577f5018c,Pharmacology,0.44921875,0.12890625,0.396484375,0.0238037109375,True,A,0.03463101387023926,medmcqa_1,"['STAT', 'STAT', 'STAT', 'STAT', 'TEXT']","[467572377850719718, 467572377850255208, 467572377850768559, 467572377850245110, 467523489549948694]","[0.8177709579467773, 0.7690065503120422, 0.759589672088623, 0.7577738761901855, 0.7559833526611328]"
44ff9d66-1271-48ec-80e0-51f38a47c976,Surgery,0.423828125,0.330078125,0.146484375,0.1005859375,True,A,0.05643820762634277,medmcqa_1,"['STAT', 'STAT', 'STAT', 'TEXT', 'TEXT']","[467572377850291524, 467572377850364809, 467572377850223604, 467523489549998002, 467523489549937641]","[0.7703610062599182, 0.7652468085289001, 0.7626155614852905, 0.7617586851119995, 0.761448860168457]"
959f8a7b-ea3c-40f9-a6a3-f90248f7e8d2,Surgery,0.51953125,0.27734375,0.1484375,0.0546875,False,C,0.0234525203704834,medmcqa_1,"['TEXT', 'STAT', 'STAT', 'STAT', 'TEXT']","[467523489549937364, 467572377850231313, 467572377850735730, 467572377850291661, 467523489549937185]","[0.8018412590026855, 0.7903522849082947, 0.7715979814529419, 0.7633040547370911, 0.7601858973503113]"
83190d93-147b-4abc-a5fc-500371388fd5,Surgery,0.130859375,0.21484375,0.515625,0.138671875,False,D,0.029958724975585938,medmcqa_1,"['STAT', 'STAT', 'STAT', 'TEXT', 'TEXT']","[467572377850283475, 467572377850373414, 467572377850678690, 467523489549708474, 467523489549977327]","[0.7799955606460571, 0.7777156233787537, 0.7634741067886353, 0.7619374990463257, 0.7579010725021362]"
ff42704e-3996-4abe-a5b6-574344e7aaf0,Surgery,0.014404296875,0.034423828125,0.94921875,0.003631591796875,True,C,0.04584097862243652,medmcqa_1,"['TEXT', 'TEXT', 'TEXT', 'TEXT', 'STAT']","[467523489550006143, 467523489550006153, 467523489549940849, 467523489549940934, 467572377850636522]","[0.8065853118896484, 0.7983008027076721, 0.7975149750709534, 0.795085072517395, 0.7848542332649231]"
890982b8-3906-44be-aff1-437a7c6c373d,Surgery,0.306640625,0.01348876953125,0.0303955078125,0.6484375,True,D,0.034207820892333984,medmcqa_1,"['STAT', 'STAT', 'TEXT', 'TEXT', 'STAT']","[467572377850284405, 467572377850389902, 467523489549943828, 467523489549694347, 467572377850284589]","[0.794874906539917, 0.7926210761070251, 0.7725192904472351, 0.7698188424110413, 0.7686227560043335]"
131f5cb9-45ff-4698-992a-dfb143a3c237,Surgery,0.4453125,0.4453125,0.099609375,0.00927734375,True,A,0.03186321258544922,medmcqa_1,"['STAT', 'STAT', 'TEXT', 'STAT', 'TEXT']","[467572377850656340, 467572377850288284, 467523489550003331, 467572377850647836, 467523489549997962]","[0.7724400162696838, 0.7709914445877075, 0.7552432417869568, 0.7476648092269897, 0.7460137009620667]"
11b93c69-b9e9-47ec-821c-779598f139c1,Surgery,0.10888671875,0.431640625,0.3359375,0.12353515625,True,B,0.034207820892333984,medmcqa_1,"['STAT', 'STAT', 'TEXT', 'STAT', 'STAT']","[467572377850394232, 467572377850691443, 467523489549983529, 467572377850757320, 467572377850404068]","[0.7828587293624878, 0.781378448009491, 0.7696145176887512, 0.76690673828125, 0.7665802240371704]"
b70b70d6-0d72-41b3-bc8b-405f0e83fa03,Surgery,0.9765625,0.0157470703125,0.006561279296875,0.00177001953125,True,A,0.030742883682250977,medmcqa_1,"['STAT', 'STAT', 'STAT', 'STAT', 'TEXT']","[467572377850636595, 467572377850636599, 467572377850393495, 467572377850282184, 467523489549983380]","[0.7300227880477905, 0.7201408743858337, 0.7163000106811523, 0.7160257697105408, 0.7117382287979126]"
71e11d65-2238-4a3f-9b41-bfb7218c66e5,Surgery,0.15625,0.330078125,0.375,0.1376953125,True,C,0.03130221366882324,medmcqa_1,"['STAT', 'STAT', 'STAT', 'STAT', 'STAT']","[467572377850785576, 467572377850785562, 467572377850683625, 467572377850785586, 467572377850785565]","[0.761807918548584, 0.7566832304000854, 0.7552155256271362, 0.7489981055259705, 0.7485666871070862]"
2066f9f0-3eb8-4f40-8ca3-39406b885674,Surgery,0.48828125,0.294921875,0.058349609375,0.158203125,True,A,0.03609967231750488,medmcqa_1,"['STAT', 'STAT', 'STAT', 'STAT', 'TEXT']","[467572377850295937, 467572377850223141, 467572377850311504, 467572377850250037, 467523489550000887]","[0.759279727935791, 0.7563494443893433, 0.7557570934295654, 0.7519305348396301, 0.7483470439910889]"
eee44fc5-ad97-4eaa-9720-02f6096eece5,Surgery,0.439453125,0.2080078125,0.08642578125,0.265625,False,D,0.023888826370239258,medmcqa_1,"['STAT', 'STAT', 'STAT', 'STAT', 'STAT']","[467572377850766158, 467572377850260222, 467572377850313492, 467572377850413252, 467572377850313482]","[0.7869368195533752, 0.786237359046936, 0.7766212224960327, 0.7544124126434326, 0.7505243420600891]"
b0710c52-911e-4db7-9f74-5f92160b0eb3,Surgery,0.5625,0.4375,0.00079345703125,0.0002002716064453125,True,A,0.03306126594543457,medmcqa_1,"['STAT', 'TEXT', 'STAT', 'STAT', 'STAT']","[467572377850666607, 467523489549677056, 467572377850301083, 467572377850359186, 467572377850700489]","[0.7644737958908081, 0.7577390670776367, 0.7503640651702881, 0.7496057748794556, 0.7493991851806641]"
76dc78f2-39b2-47c0-97d1-3206032a777f,Surgery,0.068359375,0.734375,0.08251953125,0.11279296875,True,B,0.04486966133117676,medmcqa_1,"['TEXT', 'STAT', 'TEXT', 'STAT', 'TEXT']","[467523489549925502, 467572377850740401, 467523489549997397, 467572377850759795, 467523489549979784]","[0.7838672399520874, 0.7834397554397583, 0.7818468809127808, 0.7750569581985474, 0.7707329392433167]"
5a236a74-118f-49b5-adde-21dba36a8bee,Surgery,0.146484375,0.84375,0.00732421875,0.000873565673828125,False,A,0.030699491500854492,medmcqa_1,"['STAT', 'STAT', 'STAT', 'STAT', 'STAT']","[467572377850727676, 467572377850631321, 467572377850727675, 467572377850631320, 467572377850631331]","[0.7879230976104736, 0.7758522629737854, 0.7745323181152344, 0.7665485739707947, 0.7605499625205994]"
b304b0be-c800-43e4-be04-739bd0cc47fd,Surgery,0.0289306640625,0.95703125,0.01068115234375,0.00153350830078125,False,A,0.02990889549255371,medmcqa_1,"['STAT', 'STAT', 'STAT', 'STAT', 'STAT']","[467572377850766158, 467572377850260223, 467572377850260222, 467572377850260230, 467572377850413223]","[0.7885717153549194, 0.7803876399993896, 0.7707080841064453, 0.7573263645172119, 0.7547025680541992]"
a176a27c-5514-46e8-8fe4-3871c7982706,Surgery,0.17578125,0.78515625,0.016357421875,0.02099609375,True,B,0.02989029884338379,medmcqa_1,"['STAT', 'STAT', 'TEXT', 'STAT', 'STAT']","[467572377850315257, 467572377850731848, 467523489549708389, 467572377850388590, 467572377850315250]","[0.7877434492111206, 0.7836536169052124, 0.7754898071289062, 0.7752956748008728, 0.7718009352684021]"
dcb2ad3a-cefa-4fde-9b24-b694b287f9d7,Surgery,0.265625,0.18359375,0.283203125,0.265625,False,D,0.03180837631225586,medmcqa_1,"['TEXT', 'STAT', 'STAT', 'STAT', 'STAT']","[467523489550009662, 467572377850637720, 467572377850294889, 467572377850227908, 467572377850315351]","[0.7723740339279175, 0.767873227596283, 0.7653710842132568, 0.7613725662231445, 0.7549356818199158]"
2f41338e-aea5-444f-9745-5208a6d9fb9a,Surgery,0.006683349609375,0.9921875,0.000621795654296875,0.000850677490234375,True,B,0.029366731643676758,medmcqa_1,"['STAT', 'STAT', 'STAT', 'STAT', 'STAT']","[467572377850229168, 467572377850229185, 467572377850328501, 467572377850225885, 467572377850229167]","[0.813610315322876, 0.7936242818832397, 0.7879071235656738, 0.7863550782203674, 0.7826584577560425]"
c25d4907-49a0-4104-83d2-df515cdcf676,Surgery,0.010986328125,0.98828125,0.00139617919921875,0.0002422332763671875,True,B,0.029918193817138672,medmcqa_1,"['STAT', 'STAT', 'STAT', 'STAT', 'STAT']","[467572377850756422, 467572377850756423, 467572377850634927, 467572377850685497, 467572377850227055]","[0.8310563564300537, 0.8018389344215393, 0.7967415452003479, 0.7954965829849243, 0.7902560234069824]"
bf67324d-93dd-41a4-919b-313088e3a495,Surgery,0.12890625,0.240234375,0.578125,0.0537109375,True,C,0.029638051986694336,medmcqa_1,"['STAT', 'STAT', 'STAT', 'STAT', 'STAT']","[467572377850657244, 467572377850669194, 467572377850669192, 467572377850747508, 467572377850357181]","[0.8242902159690857, 0.7853190898895264, 0.7698590159416199, 0.7669401168823242, 0.7652517557144165]"
e3b365b5-231a-4439-900a-c2cd741266a1,Anatomy,0.984375,0.0096435546875,0.0027618408203125,0.00157928466796875,True,A,0.03753089904785156,medmcqa_1,"['STAT', 'STAT', 'STAT', 'STAT', 'STAT']","[467572377850348292, 467572377850713558, 467572377850687514, 467572377850345661, 467572377850775512]","[0.8079689741134644, 0.7974607944488525, 0.7958223819732666, 0.7933729887008667, 0.7926921844482422]"
d0aaea50-8928-4b40-ad20-7161f679bbc0,Anatomy,0.234375,0.36328125,0.283203125,0.1181640625,False,A,0.04476761817932129,medmcqa_1,"['TEXT', 'TEXT', 'TEXT', 'TEXT', 'TEXT']","[467523489549676921, 467523489549676973, 467523489549686981, 467523489549676958, 467523489549676616]","[0.7148312926292419, 0.6999415159225464, 0.6995840668678284, 0.6982572674751282, 0.6926544308662415]"
22ab08db-3408-4b27-8a6c-3da3985f71b9,Anatomy,0.08203125,0.25390625,0.5703125,0.09326171875,False,B,0.04891204833984375,medmcqa_1,"['TEXT', 'TEXT', 'TEXT', 'TEXT', 'TEXT']","[467523489549992288, 467523489549700172, 467523489549694329, 467523489549992287, 467523489549700173]","[0.8052653074264526, 0.8047663569450378, 0.8009881973266602, 0.7913292050361633, 0.7860503792762756]"
04b5defc-1a24-4b6f-b647-4f87f2f82fe0,Anatomy,0.33203125,0.376953125,0.228515625,0.0615234375,True,B,0.02973008155822754,medmcqa_1,"['STAT', 'STAT', 'STAT', 'STAT', 'STAT']","[467572377850256733, 467572377850259087, 467572377850386355, 467572377850256734, 467572377850358604]","[0.797886312007904, 0.7851523160934448, 0.7834175825119019, 0.7678592801094055, 0.7604315280914307]"
13088525-20c1-4b21-8fba-f48097969211,Anatomy,0.130859375,0.3125,0.1015625,0.455078125,False,B,0.049259185791015625,medmcqa_1,"['TEXT', 'TEXT', 'TEXT', 'TEXT', 'TEXT']","[467523489549960143, 467523489549947211, 467523489550008655, 467523489549960166, 467523489549947231]","[0.7612712383270264, 0.7575703263282776, 0.7486588954925537, 0.7463723421096802, 0.741176962852478]"
27a55dd4-2931-4c86-ba40-7f3b341c9b34,Anatomy,0.166015625,0.0419921875,0.047607421875,0.74609375,True,D,0.044557809829711914,medmcqa_1,"['STAT', 'TEXT', 'STAT', 'TEXT', 'STAT']","[467572377850303212, 467523489549687712, 467572377850321153, 467523489549708166, 467572377850311491]","[0.7886824011802673, 0.7813317179679871, 0.7813287377357483, 0.7771990299224854, 0.7763583660125732]"
808e56de-bf9d-4a6d-acbe-e27ef3880361,Anatomy,0.072265625,0.8828125,0.0439453125,0.00102996826171875,True,B,0.04571819305419922,medmcqa_1,"['TEXT', 'STAT', 'TEXT', 'TEXT', 'STAT']","[467523489549676923, 467572377850321965, 467523489549676528, 467523489549676920, 467572377850664525]","[0.8110424280166626, 0.775479793548584, 0.7749527096748352, 0.7702011466026306, 0.7633727788925171]"
47ef5a0a-7625-49dd-bda3-819f6df9799e,Anatomy,0.10205078125,0.1787109375,0.625,0.095703125,True,C,0.04120063781738281,medmcqa_1,"['STAT', 'STAT', 'STAT', 'TEXT', 'TEXT']","[467572377850402625, 467572377850402620, 467572377850738954, 467523489549699898, 467523489549688890]","[0.8000690937042236, 0.7784762382507324, 0.7730945348739624, 0.7640672922134399, 0.7627634406089783]"
42c3b6ae-45e3-405f-b8bd-fa6a17924c6b,Anatomy,0.003173828125,0.99609375,0.00090789794921875,0.000850677490234375,True,B,0.049215078353881836,medmcqa_1,"['TEXT', 'TEXT', 'TEXT', 'TEXT', 'TEXT']","[467523489549680574, 467523489549680589, 467523489549680588, 467523489549999974, 467523489549681604]","[0.8018814325332642, 0.799576997756958, 0.762736976146698, 0.7499750256538391, 0.7481836080551147]"
498c56bd-94f3-48de-b981-5c6400ee5700,Anatomy,0.0289306640625,0.003448486328125,0.010009765625,0.95703125,True,D,0.0290071964263916,medmcqa_1,"['STAT', 'STAT', 'STAT', 'STAT', 'STAT']","[467572377850308625, 467572377850657215, 467572377850664525, 467572377850706888, 467572377850736027]","[0.7682397365570068, 0.7624756097793579, 0.7547692060470581, 0.7526075839996338, 0.7521339654922485]"
4a073cec-41b0-49ef-aa57-a010c2bfe5d9,Anatomy,0.1513671875,0.11767578125,0.05224609375,0.6796875,True,D,0.032868146896362305,medmcqa_1,"['TEXT', 'TEXT', 'TEXT', 'TEXT', 'TEXT']","[467523489549988701, 467523489549960144, 467523489549988760, 467523489549950293, 467523489549950271]","[0.787228524684906, 0.7855862379074097, 0.773970365524292, 0.7724227905273438, 0.7681435942649841]"
f1457bfc-13d3-40bb-9ad9-c6ec7f6c00dd,Anatomy,0.0021820068359375,0.99609375,0.00080108642578125,0.000751495361328125,True,B,0.04844164848327637,medmcqa_1,"['STAT', 'STAT', 'STAT', 'STAT', 'STAT']","[467572377850321948, 467572377850665324, 467572377850392643, 467572377850665331, 467572377850665325]","[0.8270306587219238, 0.8190584778785706, 0.816267728805542, 0.8126270174980164, 0.8049654960632324]"
f955fff3-f4ec-41be-a119-a43e2024120e,Anatomy,0.0927734375,0.0439453125,0.828125,0.036376953125,True,C,0.043346405029296875,medmcqa_1,"['STAT', 'STAT', 'STAT', 'STAT', 'STAT']","[467572377850644361, 467572377850714286, 467572377850358105, 467572377850321948, 467572377850774054]","[0.8347485065460205, 0.8305783271789551, 0.8294805288314819, 0.8124479055404663, 0.8108662366867065]"
eb5d2e40-c7b7-4de2-a394-26b3ce685746,Anatomy,0.84765625,0.01287841796875,0.01556396484375,0.12255859375,True,A,0.03834223747253418,medmcqa_1,"['TEXT', 'STAT', 'STAT', 'STAT', 'STAT']","[467523489550008953, 467572377850348684, 467572377850652597, 467572377850287083, 467572377850287118]","[0.7775118947029114, 0.7743747234344482, 0.7713832259178162, 0.7522073984146118, 0.7504593133926392]"
a28512ef-dd2c-48f1-9033-95c1d84daf47,Anatomy,0.111328125,0.055908203125,0.0103759765625,0.82421875,False,B,0.04949212074279785,medmcqa_1,"['TEXT', 'TEXT', 'TEXT', 'TEXT', 'TEXT']","[467523489549950008, 467523489549950034, 467523489549989207, 467523489549950015, 467523489549950087]","[0.7786769866943359, 0.7751888036727905, 0.7730455994606018, 0.7724192142486572, 0.7697606086730957]"
433889ad-6b7a-4b52-b45d-2e2379f81d5e,Anatomy,0.01318359375,0.040771484375,0.92578125,0.0205078125,True,C,0.030599117279052734,medmcqa_1,"['STAT', 'STAT', 'TEXT', 'STAT', 'STAT']","[467572377850777606, 467572377850296599, 467523489549676095, 467572377850775499, 467572377850345646]","[0.7806131839752197, 0.7740123271942139, 0.7521235942840576, 0.7341394424438477, 0.733443021774292]"
82d43b40-d7e9-427f-8870-81445cc14391,Anatomy,0.39453125,0.11279296875,0.14453125,0.34765625,True,A,0.05399799346923828,medmcqa_1,"['TEXT', 'TEXT', 'TEXT', 'TEXT', 'TEXT']","[467523489549676296, 467523489549676315, 467523489549676894, 467523489549676923, 467523489549955436]","[0.7527463436126709, 0.7361876964569092, 0.730809211730957, 0.7296324968338013, 0.729032039642334]"
2dc17e8f-306a-433c-995c-9903dcaf4ccc,Anatomy,0.05517578125,0.86328125,0.048583984375,0.033447265625,False,D,0.04656505584716797,medmcqa_1,"['TEXT', 'TEXT', 'TEXT', 'TEXT', 'TEXT']","[467523489549697608, 467523489549676284, 467523489549676532, 467523489549676276, 467523489549676277]","[0.7630884051322937, 0.7579824924468994, 0.751248300075531, 0.7460646033287048, 0.7441030144691467]"
8cc0f461-86ab-4fdf-97f4-194da3dc5e26,Anatomy,0.0174560546875,0.07861328125,0.00567626953125,0.8984375,True,D,0.0512547492980957,medmcqa_1,"['TEXT', 'TEXT', 'TEXT', 'TEXT', 'TEXT']","[467523489549698947, 467523489549698865, 467523489549698949, 467523489549698867, 467523489549988719]","[0.7892323732376099, 0.7806591391563416, 0.7722830772399902, 0.7497000098228455, 0.7187552452087402]"
8ba2ca7c-9ae4-4771-9e9c-0e44250ca6b5,Anatomy,0.26171875,0.279296875,0.357421875,0.1025390625,False,B,0.0341794490814209,medmcqa_1,"['TEXT', 'TEXT', 'TEXT', 'TEXT', 'TEXT']","[467523489549676706, 467523489549698673, 467523489549698755, 467523489550007276, 467523489549703714]","[0.7212634086608887, 0.7198913097381592, 0.7175630927085876, 0.7075897455215454, 0.7021030783653259]"
81a24a92-4459-4999-9c49-6ee91a6182a3,Forensic Medicine,0.06494140625,0.478515625,0.255859375,0.19921875,False,C,0.021918058395385742,medmcqa_1,"['STAT', 'STAT', 'STAT', 'STAT', 'STAT']","[467572377850405945, 467572377850713338, 467572377850390956, 467572377850366377, 467572377850390954]","[0.7858266234397888, 0.7711559534072876, 0.7708556652069092, 0.76341313123703, 0.7465605139732361]"
5ba07589-bec7-4600-b1a2-93beb50dbc17,Forensic Medicine,0.15625,0.2578125,0.330078125,0.2578125,False,B,0.028476238250732422,medmcqa_1,"['STAT', 'STAT', 'STAT', 'STAT', 'STAT']","[467572377850325717, 467572377850375383, 467572377850780969, 467572377850331725, 467572377850623561]","[0.7526140213012695, 0.7421178221702576, 0.7319280505180359, 0.7318447828292847, 0.7305434346199036]"
9323af0c-ce73-4fcd-9646-88c87ea5d0f7,Forensic Medicine,0.205078125,0.07568359375,0.55859375,0.16015625,False,A,0.036000728607177734,medmcqa_1,"['STAT', 'TEXT', 'TEXT', 'STAT', 'TEXT']","[467572377850298813, 467523489549675455, 467523489549939396, 467572377850746661, 467523489549961195]","[0.7570749521255493, 0.7555419206619263, 0.7486220002174377, 0.7441257834434509, 0.7418549060821533]"
cfa28a58-dd1f-4852-b34f-d150a9fd9011,Forensic Medicine,0.45703125,0.03515625,0.45703125,0.05126953125,False,D,0.03425741195678711,medmcqa_1,"['TEXT', 'TEXT', 'TEXT', 'TEXT', 'TEXT']","[467523489549948698, 467523489549948684, 467523489549948700, 467523489549948683, 467523489549948692]","[0.7403588891029358, 0.731599748134613, 0.7254791855812073, 0.724550724029541, 0.7220929861068726]"
34d20a1d-da67-4205-b8c7-981dc313289f,Forensic Medicine,0.189453125,0.455078125,0.275390625,0.0791015625,False,A,0.023284196853637695,medmcqa_1,"['TEXT', 'TEXT', 'TEXT', 'TEXT', 'TEXT']","[467523489549691990, 467523489549678035, 467523489549992321, 467523489549952650, 467523489549987024]","[0.6807573437690735, 0.6807573437690735, 0.6807573437690735, 0.6773541569709778, 0.6730060577392578]"
2ab8b27b-1646-4886-8378-f2f11f84a79e,Forensic Medicine,0.034423828125,0.0184326171875,0.94140625,0.00494384765625,True,C,0.03564786911010742,medmcqa_1,"['STAT', 'STAT', 'STAT', 'TEXT', 'TEXT']","[467572377850777720, 467572377850695057, 467572377850282303, 467523489550000089, 467523489549973191]","[0.7304382920265198, 0.7286195158958435, 0.727706789970398, 0.7228189706802368, 0.7167922258377075]"
78fc72f1-b950-427c-aa07-fe36d04d8c42,Forensic Medicine,0.99609375,0.00102996826171875,0.00070953369140625,0.0006256103515625,True,A,0.03580641746520996,medmcqa_1,"['STAT', 'TEXT', 'TEXT', 'STAT', 'STAT']","[467572377850334853, 467523489549977415, 467523489549958750, 467572377850322045, 467572377850384388]","[0.7166547179222107, 0.7103339433670044, 0.7060312628746033, 0.705417811870575, 0.6994858384132385]"
2cc86d26-ec8a-43f8-8fa8-bd56054db9f2,Forensic Medicine,0.2490234375,0.1708984375,0.52734375,0.05224609375,False,B,0.03550863265991211,medmcqa_1,"['TEXT', 'TEXT', 'TEXT', 'TEXT', 'TEXT']","[467523489549689940, 467523489549689961, 467523489549689963, 467523489549689962, 467523489549966884]","[0.7576395273208618, 0.7478276491165161, 0.7472012042999268, 0.7389190793037415, 0.7305533289909363]"
b7d8bd74-0651-43ca-9284-f29321e22628,Forensic Medicine,0.5234375,0.2470703125,0.1494140625,0.080078125,True,A,0.03421521186828613,medmcqa_1,"['STAT', 'TEXT', 'TEXT', 'TEXT', 'TEXT']","[467572377850334287, 467523489549706393, 467523489549686542, 467523489550010037, 467523489550010046]","[0.7809838652610779, 0.7687543630599976, 0.7683733105659485, 0.767591655254364, 0.7607895135879517]"
132fec12-271f-4778-93af-042d6ec32a22,Forensic Medicine,0.388671875,0.208984375,0.302734375,0.0986328125,True,A,0.029943227767944336,medmcqa_1,"['STAT', 'STAT', 'STAT', 'STAT', 'STAT']","[467572377850323620, 467572377850366964, 467572377850366963, 467572377850387428, 467572377850387425]","[0.7457839250564575, 0.7402650713920593, 0.7361084818840027, 0.7344435453414917, 0.7327593564987183]"
27eecec7-69c5-40bd-9d90-c19e43acc9a3,Forensic Medicine,0.0130615234375,0.9765625,0.00579833984375,0.00482177734375,False,A,0.035250186920166016,medmcqa_1,"['TEXT', 'STAT', 'TEXT', 'TEXT', 'STAT']","[467523489549959630, 467572377850725447, 467523489549948661, 467523489549948555, 467572377850684751]","[0.7560502290725708, 0.7481042742729187, 0.7479384541511536, 0.743007242679596, 0.7372559309005737]"
b317f77b-62b2-4ad9-a520-3bdbe0c37f47,Forensic Medicine,0.119140625,0.60546875,0.22265625,0.052978515625,True,B,0.03448605537414551,medmcqa_1,"['TEXT', 'TEXT', 'TEXT', 'TEXT', 'TEXT']","[467523489549689948, 467523489549689964, 467523489549995917, 467523489549689955, 467523489549687922]","[0.7147376537322998, 0.7114824056625366, 0.6882469058036804, 0.6817238330841064, 0.6776934266090393]"
2ae293df-8147-46d5-bd46-b913a95c2593,Forensic Medicine,0.13671875,0.4765625,0.2890625,0.099609375,True,B,0.03699970245361328,medmcqa_1,"['STAT', 'STAT', 'STAT', 'TEXT', 'STAT']","[467572377850331760, 467572377850272605, 467572377850629931, 467523489549706334, 467572377850269533]","[0.7650153636932373, 0.7486271858215332, 0.7421757578849792, 0.7411869764328003, 0.7397061586380005]"
3a99eeb5-973d-4468-bf41-4111c70ec9ff,Forensic Medicine,0.15234375,0.15234375,0.53125,0.162109375,False,A,0.03415036201477051,medmcqa_1,"['TEXT', 'TEXT', 'TEXT', 'TEXT', 'TEXT']","[467523489549710004, 467523489549697777, 467523489549696460, 467523489549696461, 467523489549709823]","[0.6684470176696777, 0.6613134145736694, 0.6536557674407959, 0.6474707126617432, 0.6448240876197815]"
15f7993b-1b86-400a-83c1-a91417ab640c,Forensic Medicine,0.94921875,0.02099609375,0.02099609375,0.0098876953125,True,A,0.036040306091308594,medmcqa_1,"['TEXT', 'TEXT', 'TEXT', 'TEXT', 'TEXT']","[467523489549949148, 467523489549961204, 467523489549994120, 467523489549995638, 467523489549994786]","[0.7025349736213684, 0.6992298364639282, 0.6969301700592041, 0.6947919726371765, 0.692582368850708]"
e48eccc3-3935-4cdc-90a7-4aebfaa3e76e,Forensic Medicine,0.1298828125,0.1669921875,0.62109375,0.083984375,False,A,0.04626274108886719,medmcqa_1,"['TEXT', 'TEXT', 'TEXT', 'TEXT', 'TEXT']","[467523489549689964, 467523489549995917, 467523489549687922, 467523489549996477, 467523489549992551]","[0.7124776840209961, 0.690061628818512, 0.6873114109039307, 0.6796905398368835, 0.6795121431350708]"
519a4ff4-7e05-455a-b8dd-edd85636dccf,Forensic Medicine,0.341796875,0.1611328125,0.11083984375,0.38671875,False,C,0.036521196365356445,medmcqa_1,"['STAT', 'STAT', 'TEXT', 'STAT', 'STAT']","[467572377850390940, 467572377850667062, 467523489549676857, 467572377850657590, 467572377850696548]","[0.8143099546432495, 0.7382898330688477, 0.7237406969070435, 0.7220114469528198, 0.7109866142272949]"
864ebcb5-85f5-45eb-a209-5d14ef53e787,Forensic Medicine,0.1611328125,0.30078125,0.30078125,0.2353515625,True,B,0.02007770538330078,medmcqa_1,"['TEXT', 'TEXT', 'TEXT', 'TEXT', 'TEXT']","[467523489549677962, 467523489549939247, 467523489549677742, 467523489549983051, 467523489549983570]","[0.6669392585754395, 0.6640311479568481, 0.6640310883522034, 0.6640310883522034, 0.6640310883522034]"
7654b57a-4955-4f89-a828-a8c82995f619,Forensic Medicine,0.166015625,0.375,0.201171875,0.2578125,True,B,0.05003643035888672,medmcqa_1,"['TEXT', 'TEXT', 'TEXT', 'TEXT', 'TEXT']","[467523489549956100, 467523489549708234, 467523489549956269, 467523489549956167, 467523489549956103]","[0.733957827091217, 0.7153826951980591, 0.708000659942627, 0.7077431678771973, 0.7055642008781433]"
8a63cb8d-20f8-40ea-ba34-12b9583c9224,Forensic Medicine,0.0157470703125,0.97265625,0.007415771484375,0.005096435546875,True,B,0.034308433532714844,medmcqa_1,"['STAT', 'STAT', 'STAT', 'TEXT', 'STAT']","[467572377850364902, 467572377850284623, 467572377850780947, 467523489549958954, 467572377850725448]","[0.7713170051574707, 0.7673415541648865, 0.7621748447418213, 0.7621466517448425, 0.7594528198242188]"
3171c368-25b8-4025-b7ae-ef22cc2f3f8c,Biochemistry,0.005889892578125,0.002166748046875,0.00109100341796875,0.9921875,True,D,0.03960847854614258,medmcqa_1,"['STAT', 'TEXT', 'TEXT', 'TEXT', 'TEXT']","[467572377850387416, 467523489549680689, 467523489549681186, 467523489549678736, 467523489549681164]","[0.772020697593689, 0.757485032081604, 0.756653904914856, 0.7546374797821045, 0.753593385219574]"
1f5885bd-7146-46de-87b8-f32ae199ce7c,Biochemistry,0.98828125,0.008056640625,0.003143310546875,0.0002422332763671875,True,A,0.03339123725891113,medmcqa_1,"['STAT', 'STAT', 'TEXT', 'TEXT', 'TEXT']","[467572377850333281, 467572377850398251, 467523489549972195, 467523489549984615, 467523489549944645]","[0.7747764587402344, 0.7721170783042908, 0.7583412528038025, 0.7535028457641602, 0.7509368658065796]"
b941a672-c231-45ad-a086-11c1726a8d09,Biochemistry,0.00096893310546875,1.0,9.012222290039062e-05,0.0002460479736328125,True,B,0.034146785736083984,medmcqa_1,"['TEXT', 'STAT', 'TEXT', 'TEXT', 'TEXT']","[467523489549946781, 467572377850627333, 467523489549958503, 467523489549958507, 467523489549711383]","[0.8129760026931763, 0.7828559279441833, 0.7802683115005493, 0.7762800455093384, 0.7734199166297913]"
54054782-8948-4be1-861f-dd67a24a5b9c,Biochemistry,0.267578125,0.388671875,0.267578125,0.07666015625,True,B,0.05760335922241211,medmcqa_1,"['TEXT', 'TEXT', 'TEXT', 'TEXT', 'TEXT']","[467523489549678686, 467523489549678718, 467523489549678727, 467523489549678690, 467523489549678688]","[0.7713570594787598, 0.7604786157608032, 0.7588396072387695, 0.7562007904052734, 0.7516245245933533]"
bd5b9ca9-7065-4c91-8a54-26c8d3a34501,Biochemistry,0.3515625,0.166015625,0.451171875,0.03076171875,True,C,0.039374589920043945,medmcqa_1,"['TEXT', 'TEXT', 'TEXT', 'TEXT', 'STAT']","[467523489549679097, 467523489549677687, 467523489549677566, 467523489549975296, 467572377850685112]","[0.7991695404052734, 0.7883025407791138, 0.7807312607765198, 0.7767432928085327, 0.7678731679916382]"
20445700-6fe0-4e44-b27c-561d580c5ea9,Biochemistry,0.2109375,0.14453125,0.5703125,0.07275390625,False,B,0.03687548637390137,medmcqa_1,"['STAT', 'STAT', 'STAT', 'STAT', 'TEXT']","[467572377850711228, 467572377850745135, 467572377850269524, 467572377850704471, 467523489549991756]","[0.8058039546012878, 0.7979134917259216, 0.7864071726799011, 0.784095048904419, 0.7831119298934937]"
d0de8433-05e9-4391-ad03-5b228436ccd5,Biochemistry,0.0301513671875,0.0235595703125,0.9375,0.00762939453125,True,C,0.05446171760559082,medmcqa_1,"['TEXT', 'TEXT', 'TEXT', 'TEXT', 'TEXT']","[467523489549686341, 467523489549678184, 467523489549678431, 467523489549678190, 467523489549677645]","[0.772918701171875, 0.7488704919815063, 0.7475889921188354, 0.7462995648384094, 0.7456602454185486]"
ad5ec8c2-dd73-4a3e-8904-8675c689bca2,Biochemistry,0.0634765625,0.052490234375,0.875,0.008056640625,True,C,0.03348588943481445,medmcqa_1,"['STAT', 'STAT', 'STAT', 'STAT', 'STAT']","[467572377850789706, 467572377850789703, 467572377850670416, 467572377850322812, 467572377850400458]","[0.8310436010360718, 0.7966191172599792, 0.7876075506210327, 0.7766988277435303, 0.7676551342010498]"
2c0bfd6d-2451-4961-8155-6c0a739e7f1c,Biochemistry,0.0390625,0.028564453125,0.044189453125,0.88671875,True,D,0.04023241996765137,medmcqa_1,"['TEXT', 'TEXT', 'TEXT', 'TEXT', 'TEXT']","[467523489549678797, 467523489549680798, 467523489549678734, 467523489549686000, 467523489549680786]","[0.8250260353088379, 0.8071066737174988, 0.8061873316764832, 0.8059239387512207, 0.7988544702529907]"
c36f9d0a-bcf4-44c2-93ef-0f83d3387664,Biochemistry,0.2021484375,0.037353515625,0.00738525390625,0.75390625,True,D,0.03795003890991211,medmcqa_1,"['TEXT', 'STAT', 'TEXT', 'STAT', 'STAT']","[467523489549678013, 467572377850398249, 467523489549944631, 467572377850298031, 467572377850741344]","[0.809973955154419, 0.7885443568229675, 0.7662481069564819, 0.7591213583946228, 0.7537314295768738]"
9ca33423-8e19-4c59-9f3b-c4240d97ee3e,Biochemistry,0.92578125,0.046142578125,0.0205078125,0.007537841796875,True,A,0.033576011657714844,medmcqa_1,"['TEXT', 'TEXT', 'TEXT', 'TEXT', 'TEXT']","[467523489549711314, 467523489549931877, 467523489549678796, 467523489549677255, 467523489549678795]","[0.7885808348655701, 0.7649277448654175, 0.7647641897201538, 0.7554942965507507, 0.7502446174621582]"
3624dceb-9318-4aa7-add1-b4c2fbac3065,Biochemistry,0.984375,0.0140380859375,0.0015716552734375,0.00051116943359375,True,A,0.05046892166137695,medmcqa_1,"['TEXT', 'STAT', 'TEXT', 'STAT', 'TEXT']","[467523489549678611, 467572377850655129, 467523489549686341, 467572377850733708, 467523489549677664]","[0.773417592048645, 0.758724570274353, 0.7465339303016663, 0.7391112446784973, 0.7356360554695129]"
6167ceda-f896-4511-a570-ae19f725e1e7,Biochemistry,0.0302734375,0.94140625,0.0118408203125,0.0162353515625,True,B,0.03339552879333496,medmcqa_1,"['TEXT', 'TEXT', 'TEXT', 'TEXT', 'STAT']","[467523489549678432, 467523489549975274, 467523489549677825, 467523489549992009, 467572377850661745]","[0.7426534295082092, 0.7408707141876221, 0.7322445511817932, 0.7321517467498779, 0.7283436059951782]"
c2b92bd3-f89c-429e-be8d-25d2d6c5806e,Biochemistry,0.00262451171875,0.99609375,0.000705718994140625,0.0003337860107421875,True,B,0.046547889709472656,medmcqa_1,"['STAT', 'STAT', 'STAT', 'TEXT', 'STAT']","[467572377850728569, 467572377850728581, 467572377850728544, 467523489549705267, 467572377850728542]","[0.8328828811645508, 0.8098407983779907, 0.7961525917053223, 0.782448410987854, 0.775928258895874]"
4bfec2de-e6e7-41c6-bbe9-3dc864f9d719,Biochemistry,0.0089111328125,0.0213623046875,0.96875,0.00057220458984375,True,C,0.03042292594909668,medmcqa_1,"['STAT', 'TEXT', 'STAT', 'STAT', 'STAT']","[467572377850742151, 467523489549679163, 467572377850374158, 467572377850781038, 467572377850718305]","[0.7815283536911011, 0.7812015414237976, 0.7784559726715088, 0.771308958530426, 0.7664869427680969]"
31b780dc-dc96-470b-a6be-55d4b668ba51,Biochemistry,0.953125,0.032470703125,0.011962890625,0.0030364990234375,True,A,0.033869266510009766,medmcqa_1,"['STAT', 'STAT', 'STAT', 'STAT', 'STAT']","[467572377850394405, 467572377850698743, 467572377850698746, 467572377850698730, 467572377850698735]","[0.7991302013397217, 0.7644389867782593, 0.7544598579406738, 0.7509891986846924, 0.744995653629303]"
f1b944e7-35c7-4ae3-aea7-3cd1d32e5249,Biochemistry,0.059326171875,0.010986328125,0.92578125,0.002777099609375,True,C,0.03368544578552246,medmcqa_1,"['STAT', 'STAT', 'STAT', 'TEXT', 'TEXT']","[467572377850747477, 467572377850747465, 467572377850302679, 467523489549976039, 467523489549998371]","[0.7775918245315552, 0.7730254530906677, 0.7523297071456909, 0.7512238621711731, 0.7490072846412659]"
399563b2-ad18-41a9-82bc-3d49e1642fd9,Biochemistry,0.1240234375,0.40625,0.40625,0.0625,False,C,0.033158302307128906,medmcqa_1,"['TEXT', 'STAT', 'STAT', 'STAT', 'TEXT']","[467523489549977406, 467572377850305848, 467572377850224868, 467572377850226539, 467523489549948555]","[0.7581707239151001, 0.7572508454322815, 0.7544378638267517, 0.753305196762085, 0.7488852143287659]"
0ae79405-095f-47c3-8fa6-e61495e66324,Biochemistry,0.032470703125,0.014404296875,0.003021240234375,0.94921875,True,D,0.044921875,medmcqa_1,"['STAT', 'STAT', 'TEXT', 'TEXT', 'TEXT']","[467572377850728797, 467572377850354720, 467523489549679644, 467523489549677620, 467523489549677614]","[0.7527450323104858, 0.7476558089256287, 0.7475831508636475, 0.7441156506538391, 0.7392041087150574]"
9bf68fe9-789d-4021-aaf4-d39fa49b302c,Biochemistry,0.9765625,0.01904296875,0.00274658203125,0.0030975341796875,True,A,0.03355741500854492,medmcqa_1,"['TEXT', 'TEXT', 'TEXT', 'TEXT', 'TEXT']","[467523489549711382, 467523489549977144, 467523489549678574, 467523489549711381, 467523489549711320]","[0.7780044078826904, 0.7685831785202026, 0.7650812864303589, 0.7548626065254211, 0.7545040845870972]"
e1cf9f3f-2fd8-40e3-96c3-1a6ecb016b22,Physiology,0.283203125,0.52734375,0.038330078125,0.1513671875,False,A,0.03153419494628906,medmcqa_1,"['STAT', 'TEXT', 'TEXT', 'TEXT', 'STAT']","[467572377850683547, 467523489549953611, 467523489549991538, 467523489549943082, 467572377850708623]","[0.7526294589042664, 0.7488129734992981, 0.7419493198394775, 0.73590487241745, 0.7357343435287476]"
5a4d6226-a00e-45c0-bc74-5b1c718b1620,Physiology,0.98828125,0.010986328125,0.0021514892578125,0.0003986358642578125,True,A,0.031100034713745117,medmcqa_1,"['STAT', 'STAT', 'STAT', 'TEXT', 'STAT']","[467572377850287553, 467572377850305043, 467572377850287540, 467523489549981769, 467572377850232366]","[0.7558091878890991, 0.7533254623413086, 0.7407481074333191, 0.739121675491333, 0.7388404607772827]"
0b1e3ca7-b56b-4c9c-a660-2ff1a12393b1,Physiology,0.01312255859375,0.98046875,0.004547119140625,0.00095367431640625,True,B,0.04969620704650879,medmcqa_1,"['TEXT', 'TEXT', 'TEXT', 'TEXT', 'TEXT']","[467523489549679968, 467523489549679693, 467523489549680186, 467523489549680780, 467523489549679958]","[0.7061439156532288, 0.7048578858375549, 0.7025247812271118, 0.701278030872345, 0.6991152763366699]"
6bfb7ced-ef9e-4df7-ae35-ce5699bbc7a5,Physiology,0.07470703125,0.37890625,0.48828125,0.05810546875,True,C,0.03866100311279297,medmcqa_1,"['TEXT', 'TEXT', 'STAT', 'TEXT', 'TEXT']","[467523489549696790, 467523489549696793, 467572377850704971, 467523489549696786, 467523489549683908]","[0.7572668194770813, 0.7567241787910461, 0.7496219277381897, 0.7480114102363586, 0.7391552925109863]"
7c8d5c20-9868-406d-a987-2d8027acffa1,Physiology,0.021240234375,0.796875,0.138671875,0.044921875,True,B,0.024525880813598633,medmcqa_1,"['STAT', 'STAT', 'STAT', 'STAT', 'STAT']","[467572377850346278, 467572377850357301, 467572377850313629, 467572377850346305, 467572377850305829]","[0.8189001083374023, 0.7739671468734741, 0.7727696299552917, 0.7720637321472168, 0.7595100998878479]"
c5641329-23a5-4f95-a7c9-3be2882bcbcf,Physiology,0.09375,0.11328125,0.73828125,0.053466796875,True,C,0.04852652549743652,medmcqa_1,"['STAT', 'STAT', 'TEXT', 'TEXT', 'TEXT']","[467572377850788143, 467572377850744323, 467523489549679037, 467523489549997265, 467523489549710271]","[0.7677773833274841, 0.7509654760360718, 0.7494182586669922, 0.7489844560623169, 0.7458199858665466]"
261c602e-7e6f-4cf8-9231-13182b2db849,Physiology,0.2255859375,0.349609375,0.19921875,0.2255859375,True,B,0.051930904388427734,medmcqa_1,"['TEXT', 'TEXT', 'STAT', 'STAT', 'TEXT']","[467523489549988446, 467523489549988504, 467572377850288067, 467572377850778915, 467523489549988471]","[0.7895244359970093, 0.7666915655136108, 0.7595843076705933, 0.7554599046707153, 0.7527241706848145]"
64400a13-aab9-46fd-8609-ac725bb8e72e,Physiology,0.06689453125,0.2490234375,0.59765625,0.0859375,True,C,0.046030282974243164,medmcqa_1,"['STAT', 'TEXT', 'TEXT', 'TEXT', 'TEXT']","[467572377850726737, 467523489549991623, 467523489549991359, 467523489549991378, 467523489549991357]","[0.8008593320846558, 0.789911150932312, 0.7658353447914124, 0.7636187076568604, 0.7634596824645996]"
ef7dd5a4-386f-45e2-aa47-b2e9835f7169,Physiology,0.234375,0.1826171875,0.2197265625,0.36328125,True,D,0.045438528060913086,medmcqa_1,"['TEXT', 'STAT', 'TEXT', 'TEXT', 'STAT']","[467523489549989508, 467572377850635289, 467523489549989225, 467523489549949614, 467572377850632411]","[0.7577046155929565, 0.7545781135559082, 0.740478515625, 0.7374131083488464, 0.734882652759552]"
7bc79566-0465-4612-a072-878afe214190,Physiology,0.0478515625,0.06982421875,0.703125,0.177734375,True,C,0.03497600555419922,medmcqa_1,"['TEXT', 'TEXT', 'STAT', 'TEXT', 'TEXT']","[467523489549988778, 467523489549950130, 467572377850407191, 467523489549988769, 467523489549950294]","[0.7967809438705444, 0.790846049785614, 0.7907022833824158, 0.7821266651153564, 0.7803617119789124]"
7d9967cf-83ed-4796-be25-4c0637193d4c,Physiology,0.052734375,0.9375,0.00433349609375,0.00714111328125,True,B,0.0337369441986084,medmcqa_1,"['TEXT', 'TEXT', 'TEXT', 'TEXT', 'STAT']","[467523489549988446, 467523489549988497, 467523489549682265, 467523489549988544, 467572377850384379]","[0.7879666090011597, 0.7772921919822693, 0.7754098773002625, 0.7734389305114746, 0.7691060900688171]"
75037cd8-82e0-4544-b8b4-39b0c3c894e8,Physiology,0.15234375,0.11865234375,0.365234375,0.365234375,False,D,0.037349700927734375,medmcqa_1,"['STAT', 'TEXT', 'STAT', 'STAT', 'STAT']","[467572377850710747, 467523489549990693, 467572377850749874, 467572377850710752, 467572377850744076]","[0.7843300700187683, 0.7684528827667236, 0.7629087567329407, 0.7626074552536011, 0.7623072862625122]"
4eb2c660-2893-450f-957c-536b6a6f9b3d,Physiology,0.2421875,0.0693359375,0.65625,0.03076171875,True,C,0.03360795974731445,medmcqa_1,"['STAT', 'STAT', 'TEXT', 'STAT', 'STAT']","[467572377850746687, 467572377850767216, 467523489549989387, 467572377850292976, 467572377850789345]","[0.7888311743736267, 0.7609544396400452, 0.7559844851493835, 0.7412405610084534, 0.7399501800537109]"
6f4e74ac-0e46-463b-9a42-f9439b6f7851,Physiology,0.08251953125,0.01953125,0.1640625,0.734375,False,C,0.02957010269165039,medmcqa_1,"['STAT', 'STAT', 'STAT', 'TEXT', 'TEXT']","[467572377850293989, 467572377850283643, 467572377850243476, 467523489549678596, 467523489549945171]","[0.839017927646637, 0.821711540222168, 0.8182288408279419, 0.8156105279922485, 0.8140678405761719]"
17d49a43-a8cf-43c9-9c9e-70a42e741af1,Physiology,0.142578125,0.5625,0.1826171875,0.11083984375,False,A,0.03653407096862793,medmcqa_1,"['STAT', 'STAT', 'STAT', 'STAT', 'TEXT']","[467572377850329264, 467572377850640302, 467572377850309223, 467572377850718093, 467523489549950178]","[0.7534810304641724, 0.7413424849510193, 0.7341498732566833, 0.7338098287582397, 0.7311461567878723]"
108d98b3-bf9a-4d0b-92f0-3736950e4c20,Physiology,0.7109375,0.1796875,0.01080322265625,0.0966796875,False,B,0.03172945976257324,medmcqa_1,"['STAT', 'STAT', 'STAT', 'STAT', 'STAT']","[467572377850717124, 467572377850712029, 467572377850745640, 467572377850232368, 467572377850664024]","[0.8418697714805603, 0.8325979709625244, 0.8223602771759033, 0.8161845803260803, 0.8140996694564819]"
31d2fae2-b491-4feb-b871-d889d9ac4efe,Physiology,0.0201416015625,0.97265625,0.0037384033203125,0.0037384033203125,False,A,0.024120330810546875,medmcqa_1,"['STAT', 'TEXT', 'STAT', 'STAT', 'STAT']","[467572377850387621, 467523489549989032, 467572377850359355, 467572377850329267, 467572377850660087]","[0.7569061517715454, 0.7560552954673767, 0.7465762495994568, 0.7436720132827759, 0.7407188415527344]"
c6365cce-507c-40f6-90a2-46b867f47b6e,Physiology,0.05322265625,0.034423828125,0.88671875,0.0267333984375,True,C,0.03456282615661621,medmcqa_1,"['TEXT', 'STAT', 'TEXT', 'STAT', 'TEXT']","[467523489549988401, 467572377850775819, 467523489549988648, 467572377850398496, 467523489549698216]","[0.7726761698722839, 0.7581781148910522, 0.7474656105041504, 0.7453805208206177, 0.7430133819580078]"
833ba236-ccb4-44d5-ba31-865de41488a5,Physiology,0.263671875,0.3828125,0.205078125,0.1494140625,False,D,0.02630138397216797,medmcqa_1,"['TEXT', 'STAT', 'STAT', 'TEXT', 'STAT']","[467523489549984859, 467572377850368868, 467572377850399618, 467523489549984954, 467572377850383289]","[0.7942172288894653, 0.7876278758049011, 0.7747333645820618, 0.7564194202423096, 0.7422150373458862]"
37c2d828-130c-4ebd-ae35-03c852064141,Physiology,0.04736328125,0.89453125,0.019775390625,0.036865234375,True,B,0.04343986511230469,medmcqa_1,"['TEXT', 'TEXT', 'TEXT', 'TEXT', 'TEXT']","[467523489549677362, 467523489549677361, 467523489549713808, 467523489549677344, 467523489549697794]","[0.7500678300857544, 0.7424454689025879, 0.730613648891449, 0.7293980717658997, 0.7279263734817505]"
a05c8cf2-b0bc-496e-b5fd-51467952e2ca,Gynaecology & Obstetrics,0.1669921875,0.189453125,0.400390625,0.2431640625,False,D,0.04474282264709473,medmcqa_1,"['TEXT', 'TEXT', 'TEXT', 'TEXT', 'TEXT']","[467523489549970308, 467523489549930942, 467523489549970306, 467523489549978656, 467523489549930941]","[0.7787839770317078, 0.7753000259399414, 0.7683192491531372, 0.753714382648468, 0.7535801529884338]"
2fad53ed-ad7b-4194-8316-7fd39b1089a4,Gynaecology & Obstetrics,0.087890625,0.099609375,0.734375,0.07763671875,True,C,0.0446016788482666,medmcqa_1,"['TEXT', 'TEXT', 'STAT', 'STAT', 'TEXT']","[467523489549970295, 467523489549970291, 467572377850336660, 467572377850251989, 467523489549977996]","[0.8396690487861633, 0.8069151043891907, 0.7885578870773315, 0.7849130630493164, 0.7828155755996704]"
6004baf5-e4da-4d48-915d-e1bd251c936e,Gynaecology & Obstetrics,0.1513671875,0.67578125,0.091796875,0.0810546875,False,A,0.04517197608947754,medmcqa_1,"['TEXT', 'TEXT', 'TEXT', 'TEXT', 'TEXT']","[467523489549692760, 467523489549695449, 467523489549965434, 467523489549694466, 467523489549692722]","[0.7299572825431824, 0.7227473258972168, 0.7216843962669373, 0.7199069261550903, 0.7193575501441956]"
5682860b-5ef4-4c1d-88b4-eb81546548ba,Gynaecology & Obstetrics,0.0625,0.298828125,0.298828125,0.33984375,False,A,0.032510995864868164,medmcqa_1,"['TEXT', 'TEXT', 'TEXT', 'TEXT', 'TEXT']","[467523489549977502, 467523489549963225, 467523489549710703, 467523489549963224, 467523489549710699]","[0.8195634484291077, 0.8135416507720947, 0.7947421669960022, 0.7766540050506592, 0.7760461568832397]"
e5e1f694-5bce-4ea7-8d47-b629076533e1,Gynaecology & Obstetrics,0.0164794921875,0.90234375,0.061279296875,0.0198974609375,False,C,0.04531455039978027,medmcqa_1,"['STAT', 'TEXT', 'TEXT', 'TEXT', 'TEXT']","[467572377850713707, 467523489549687858, 467523489549967502, 467523489549967583, 467523489549977802]","[0.7408366203308105, 0.7396354675292969, 0.7384231090545654, 0.7383464574813843, 0.7342323064804077]"
c839b148-d464-4420-9f5d-d66be78d0fd5,Gynaecology & Obstetrics,0.064453125,0.047119140625,0.053466796875,0.8359375,False,C,0.05260133743286133,medmcqa_1,"['TEXT', 'TEXT', 'TEXT', 'TEXT', 'TEXT']","[467523489550003680, 467523489550001205, 467523489549712477, 467523489550003679, 467523489549711965]","[0.7825177311897278, 0.7677106857299805, 0.7634691596031189, 0.7581822872161865, 0.7574148178100586]"
6e74627b-cb5d-44f2-8200-d62bfa69ec85,Gynaecology & Obstetrics,0.0517578125,0.016845703125,0.91796875,0.01483154296875,True,C,0.0489346981048584,medmcqa_1,"['TEXT', 'TEXT', 'TEXT', 'TEXT', 'TEXT']","[467523489549977752, 467523489549675470, 467523489550006830, 467523489550008082, 467523489549972420]","[0.7731796503067017, 0.7668925523757935, 0.7658467292785645, 0.7626087665557861, 0.7556647658348083]"
ade05b67-b4f5-433b-8433-d74e009763cd,Gynaecology & Obstetrics,0.1064453125,0.890625,0.000492095947265625,0.000865936279296875,False,A,0.042731523513793945,medmcqa_1,"['TEXT', 'TEXT', 'TEXT', 'TEXT', 'TEXT']","[467523489549967274, 467523489549967321, 467523489549967285, 467523489549967344, 467523489549967350]","[0.801586925983429, 0.7681069374084473, 0.7672221660614014, 0.7655388712882996, 0.7654813528060913]"
641830d8-81c8-4a90-abaf-1d0fc4de838d,Gynaecology & Obstetrics,0.12060546875,0.5390625,0.0830078125,0.255859375,False,D,0.0372622013092041,medmcqa_1,"['TEXT', 'TEXT', 'STAT', 'STAT', 'TEXT']","[467523489550008083, 467523489549692710, 467572377850287745, 467572377850786341, 467523489549695721]","[0.807844877243042, 0.7920027375221252, 0.7839539051055908, 0.7839339375495911, 0.7831916213035583]"
24ee7b54-bd3e-4152-9a09-3fe73f3cfcfe,Gynaecology & Obstetrics,0.036376953125,0.01611328125,0.009765625,0.9375,False,A,0.0341486930847168,medmcqa_1,"['STAT', 'STAT', 'STAT', 'STAT', 'STAT']","[467572377850716056, 467572377850716041, 467572377850253228, 467572377850769089, 467572377850759904]","[0.7773573398590088, 0.7736209630966187, 0.7684551477432251, 0.7653179168701172, 0.7645480632781982]"
adfb47b8-d96c-4e96-8ada-389755a65d4e,Gynaecology & Obstetrics,0.166015625,0.69921875,0.09423828125,0.0419921875,False,D,0.03475308418273926,medmcqa_1,"['STAT', 'TEXT', 'STAT', 'STAT', 'TEXT']","[467572377850726728, 467523489549968191, 467572377850661038, 467572377850342423, 467523489549961879]","[0.8217048048973083, 0.8181142210960388, 0.8127878308296204, 0.8123183250427246, 0.8040028810501099]"
89e0b62e-fa1d-4964-8870-d57cb8b871f4,Gynaecology & Obstetrics,0.1201171875,0.78125,0.056640625,0.04150390625,True,B,0.03730416297912598,medmcqa_1,"['TEXT', 'TEXT', 'TEXT', 'TEXT', 'TEXT']","[467523489549969200, 467523489549969202, 467523489549969205, 467523489549961851, 467523489549969199]","[0.784631073474884, 0.7842693328857422, 0.7803633809089661, 0.7802467346191406, 0.7710927724838257]"
77997eca-fce9-4840-916d-b373c61c411d,Gynaecology & Obstetrics,0.33984375,0.33984375,0.1943359375,0.125,False,C,0.04497528076171875,medmcqa_1,"['TEXT', 'TEXT', 'TEXT', 'TEXT', 'TEXT']","[467523489549966550, 467523489549966596, 467523489549966673, 467523489549966551, 467523489549966598]","[0.8077249526977539, 0.7923564314842224, 0.7784614562988281, 0.77303147315979, 0.771765947341919]"
6a0892ca-db19-4c27-9057-2bf9171e9469,Gynaecology & Obstetrics,0.0145263671875,0.95703125,0.0030364990234375,0.027099609375,True,B,0.03460502624511719,medmcqa_1,"['STAT', 'STAT', 'TEXT', 'STAT', 'TEXT']","[467572377850637645, 467572377850626845, 467523489549965066, 467572377850339466, 467523489549966775]","[0.8163634538650513, 0.814102828502655, 0.8123800158500671, 0.7986870408058167, 0.7869693636894226]"
3e736802-2e0b-405c-b429-eac535efb755,Gynaecology & Obstetrics,0.140625,0.16015625,0.55859375,0.140625,False,D,0.032885074615478516,medmcqa_1,"['STAT', 'TEXT', 'STAT', 'TEXT', 'TEXT']","[467572377850758156, 467523489549963544, 467572377850662715, 467523489549963542, 467523489549963868]","[0.8048120737075806, 0.7694181799888611, 0.767051637172699, 0.7647880911827087, 0.7567628026008606]"
b7b14d8f-2501-431e-afcd-e8b43dfb39f1,Gynaecology & Obstetrics,0.80078125,0.045166015625,0.08447265625,0.06982421875,True,A,0.0428776741027832,medmcqa_1,"['TEXT', 'TEXT', 'TEXT', 'TEXT', 'TEXT']","[467523489549687923, 467523489549978076, 467523489549689785, 467523489549966321, 467523489549689637]","[0.7809629440307617, 0.7752244472503662, 0.7651816606521606, 0.7474002838134766, 0.7451671957969666]"
c18807a9-ccf8-40f5-8b11-9e2c8b789c3e,Gynaecology & Obstetrics,0.1787109375,0.27734375,0.314453125,0.2294921875,False,B,0.043143272399902344,medmcqa_1,"['TEXT', 'TEXT', 'TEXT', 'TEXT', 'TEXT']","[467523489549962568, 467523489549687821, 467523489549694561, 467523489549992452, 467523489549966515]","[0.7396634221076965, 0.7353740930557251, 0.7275761961936951, 0.7262658476829529, 0.7238399386405945]"
9ccd0247-2723-4707-b569-ca0402842cd9,Gynaecology & Obstetrics,0.3828125,0.337890625,0.2314453125,0.048583984375,False,B,0.052850961685180664,medmcqa_1,"['TEXT', 'TEXT', 'TEXT', 'TEXT', 'TEXT']","[467523489549966313, 467523489549966317, 467523489549992470, 467523489549944124, 467523489549966295]","[0.7530313730239868, 0.7459914684295654, 0.7361361384391785, 0.7347576022148132, 0.7310364246368408]"
aa32b0f3-dd63-455c-8de0-9fd429edfd20,Gynaecology & Obstetrics,0.212890625,0.0269775390625,0.7421875,0.0185546875,False,A,0.03325223922729492,medmcqa_1,"['TEXT', 'TEXT', 'TEXT', 'STAT', 'TEXT']","[467523489549693672, 467523489549693813, 467523489549980218, 467572377850393426, 467523489549972310]","[0.8041552305221558, 0.799984335899353, 0.7974037528038025, 0.7971532344818115, 0.7834787368774414]"
41b7f0c0-744e-41fd-ae2b-13fc6a741347,Gynaecology & Obstetrics,0.09130859375,0.0262451171875,0.0140380859375,0.8671875,False,A,0.033231258392333984,medmcqa_1,"['STAT', 'STAT', 'TEXT', 'TEXT', 'TEXT']","[467572377850407053, 467572377850710283, 467523489549965402, 467523489549965066, 467523489549966772]","[0.7576585412025452, 0.7525138854980469, 0.7458433508872986, 0.7440471053123474, 0.7438492774963379]"
6b76c9ea-e2bf-48c6-8d3b-053f0f101ecb,Radiology,0.11865234375,0.0869140625,0.111328125,0.68359375,True,D,0.030455589294433594,medmcqa_1,"['STAT', 'STAT', 'STAT', 'STAT', 'STAT']","[467572377850286806, 467572377850788588, 467572377850286844, 467572377850752096, 467572377850286855]","[0.7642847299575806, 0.7595716714859009, 0.7590212821960449, 0.7507925629615784, 0.7482901215553284]"
74a4b01c-7f65-4cdf-a9c8-5b0d6989171e,Radiology,0.8515625,0.115234375,0.01556396484375,0.018798828125,True,A,0.030205249786376953,medmcqa_1,"['STAT', 'STAT', 'STAT', 'STAT', 'STAT']","[467572377850720188, 467572377850327836, 467572377850379034, 467572377850770169, 467572377850700332]","[0.7599343061447144, 0.7550869584083557, 0.7496060132980347, 0.746300220489502, 0.7461793422698975]"
e750cd52-447e-4ae7-9948-156375e177bb,Radiology,0.546875,0.018798828125,0.00689697265625,0.42578125,True,A,0.02978348731994629,medmcqa_1,"['TEXT', 'TEXT', 'STAT', 'TEXT', 'STAT']","[467523489549933826, 467523489549934076, 467572377850299523, 467523489549934051, 467572377850271437]","[0.7745415568351746, 0.7745338082313538, 0.7736023664474487, 0.7714530229568481, 0.7687940001487732]"
9a21d76c-9104-4bd2-be55-a37c3b71c0f5,Radiology,0.431640625,0.5546875,0.00579833984375,0.006561279296875,False,A,0.02756500244140625,medmcqa_1,"['TEXT', 'STAT', 'STAT', 'TEXT', 'STAT']","[467523489549943374, 467572377850295602, 467572377850415559, 467523489549972076, 467572377850648532]","[0.7749382853507996, 0.7744048237800598, 0.7693325877189636, 0.7605318427085876, 0.74549800157547]"
63c52b21-f814-4a6d-ac11-a719fffebfd3,Radiology,0.049072265625,0.384765625,0.494140625,0.0712890625,False,B,0.028174161911010742,medmcqa_1,"['STAT', 'STAT', 'STAT', 'STAT', 'STAT']","[467572377850759170, 467572377850377187, 467572377850250276, 467572377850672282, 467572377850627915]","[0.7752684950828552, 0.7711828351020813, 0.7635827660560608, 0.759227454662323, 0.7569043040275574]"
c03c5c4d-5433-4515-a343-12c7f0ea1e07,Radiology,0.208984375,0.390625,0.2373046875,0.1630859375,False,D,0.034924983978271484,medmcqa_1,"['TEXT', 'STAT', 'STAT', 'STAT', 'STAT']","[467523489549674233, 467572377850631061, 467572377850709136, 467572377850397494, 467572377850631065]","[0.7374773025512695, 0.7025465965270996, 0.700175404548645, 0.6996358036994934, 0.6965523362159729]"
27172e24-cd06-4dc8-b00b-0a378fcc9a36,Radiology,0.28125,0.03369140625,0.67578125,0.01025390625,True,C,0.029720544815063477,medmcqa_1,"['STAT', 'STAT', 'STAT', 'STAT', 'STAT']","[467572377850387629, 467572377850391849, 467572377850762480, 467572377850234273, 467572377850639006]","[0.7537492513656616, 0.7402774691581726, 0.7335695624351501, 0.7291460037231445, 0.7291421294212341]"
dd0e6433-1998-4d01-bd39-8c64bfa0dd4f,Radiology,0.2119140625,0.1279296875,0.2890625,0.37109375,False,A,0.03265571594238281,medmcqa_1,"['STAT', 'TEXT', 'STAT', 'STAT', 'TEXT']","[467572377850689395, 467523489549688063, 467572377850318360, 467572377850689383, 467523489550007861]","[0.751728892326355, 0.7499653697013855, 0.7436411380767822, 0.7415760159492493, 0.7365371584892273]"
9078aaca-bbfd-41cd-ad69-03057fca84ba,Radiology,0.82421875,0.018310546875,0.043701171875,0.11181640625,True,A,0.037473440170288086,medmcqa_1,"['STAT', 'STAT', 'STAT', 'STAT', 'TEXT']","[467572377850402412, 467572377850223069, 467572377850342199, 467572377850356034, 467523489549675874]","[0.794806718826294, 0.7910364270210266, 0.7801394462585449, 0.7688922882080078, 0.7679215669631958]"
dbd24ee5-8032-4316-9330-fe831f819c40,Radiology,0.322265625,0.28515625,0.2216796875,0.1728515625,True,A,0.032872915267944336,medmcqa_1,"['TEXT', 'STAT', 'STAT', 'STAT', 'STAT']","[467523489549925381, 467572377850622466, 467572377850315359, 467572377850294903, 467572377850737562]","[0.7618380188941956, 0.7457600831985474, 0.7406249642372131, 0.738895833492279, 0.7340483069419861]"
dde225f7-adf4-41e8-afe5-f12ab7801578,Radiology,0.016357421875,0.00469970703125,0.89453125,0.08349609375,True,C,0.03315114974975586,medmcqa_1,"['STAT', 'STAT', 'STAT', 'STAT', 'STAT']","[467572377850650247, 467572377850727543, 467572377850748576, 467572377850716095, 467572377850727544]","[0.8063815236091614, 0.7815913558006287, 0.7544413208961487, 0.7417759299278259, 0.7200730443000793]"
ef35d544-203c-4f85-bfe7-a04f8bae3e96,Radiology,0.021484375,0.005767822265625,0.97265625,0.001373291015625,True,C,0.034014225006103516,medmcqa_1,"['STAT', 'TEXT', 'STAT', 'STAT', 'STAT']","[467572377850333501, 467523489549708263, 467572377850771706, 467572377850410796, 467572377850624314]","[0.7931652665138245, 0.7919957637786865, 0.7892184257507324, 0.7778497338294983, 0.7724488973617554]"
9e52adfd-3abb-43d2-9fd8-718351feed62,Radiology,0.053955078125,0.03955078125,0.8984375,0.0064697265625,True,C,0.032958030700683594,medmcqa_1,"['STAT', 'TEXT', 'TEXT', 'TEXT', 'TEXT']","[467572377850391854, 467523489549998870, 467523489549933670, 467523489549998869, 467523489549711991]","[0.7341568470001221, 0.7171212434768677, 0.705177903175354, 0.7038273811340332, 0.703683078289032]"
a456bf4d-1f3e-42a4-8976-b1b81ff466ee,Radiology,0.255859375,0.255859375,0.2890625,0.19921875,True,C,0.02933049201965332,medmcqa_1,"['STAT', 'STAT', 'STAT', 'STAT', 'STAT']","[467572377850746864, 467572377850731798, 467572377850225247, 467572377850279367, 467572377850764642]","[0.7357954978942871, 0.7264498472213745, 0.7217245101928711, 0.7215744256973267, 0.719512403011322]"
679512f7-f5af-4b3a-b7a1-851938dec9c5,Radiology,0.0654296875,0.06982421875,0.0166015625,0.84765625,True,D,0.03517627716064453,medmcqa_1,"['STAT', 'TEXT', 'TEXT', 'STAT', 'STAT']","[467572377850673118, 467523489549933704, 467523489549927744, 467572377850412993, 467572377850290084]","[0.7696695327758789, 0.7590982913970947, 0.753818929195404, 0.7528004050254822, 0.7470980286598206]"
5c97e587-2436-40b2-9f70-6f08a903d543,Radiology,0.1884765625,0.2421875,0.51171875,0.057373046875,False,D,0.02843499183654785,medmcqa_1,"['STAT', 'STAT', 'STAT', 'STAT', 'STAT']","[467572377850234275, 467572377850650252, 467572377850375235, 467572377850622466, 467572377850648248]","[0.763324499130249, 0.7346404194831848, 0.7339955568313599, 0.7312549948692322, 0.7281573414802551]"
94f81251-43c1-4ba0-a67c-4f6412742774,Radiology,0.796875,0.1220703125,0.037109375,0.044921875,True,A,0.042526960372924805,medmcqa_1,"['TEXT', 'TEXT', 'TEXT', 'TEXT', 'TEXT']","[467523489549988451, 467523489549988456, 467523489549683017, 467523489549677480, 467523489549988455]","[0.7034167051315308, 0.6934165358543396, 0.6895831227302551, 0.6788727045059204, 0.6767683625221252]"
fad11cf2-c2ab-487b-b8bf-ad6d3b2b1713,Radiology,0.0634765625,0.036376953125,0.3671875,0.53515625,True,D,0.03347301483154297,medmcqa_1,"['STAT', 'STAT', 'STAT', 'STAT', 'STAT']","[467572377850225247, 467572377850413250, 467572377850225243, 467572377850315359, 467572377850225249]","[0.7839353084564209, 0.7828670740127563, 0.7716464996337891, 0.7706581354141235, 0.7688252329826355]"
e22b0ef5-df61-4475-b22b-30f2932f90fe,Radiology,0.1162109375,0.357421875,0.06640625,0.458984375,False,B,0.03255748748779297,medmcqa_1,"['STAT', 'STAT', 'STAT', 'STAT', 'STAT']","[467572377850673118, 467572377850673105, 467572377850673113, 467572377850401531, 467572377850289360]","[0.7638779282569885, 0.7467806339263916, 0.7448317408561707, 0.7440226674079895, 0.7426133155822754]"
ce05eb3a-dc89-4e3c-bc3d-859a9922e9f0,Radiology,0.06298828125,0.00457763671875,0.92578125,0.0062255859375,True,C,0.03403043746948242,medmcqa_1,"['STAT', 'TEXT', 'STAT', 'STAT', 'STAT']","[467572377850286849, 467523489549975481, 467572377850667623, 467572377850245363, 467572377850667617]","[0.8093760013580322, 0.7641519904136658, 0.758211076259613, 0.7571099996566772, 0.7563064694404602]"
b22457e3-c620-4a3d-bde1-0aa6e6c185a7,Psychiatry,0.057373046875,0.310546875,0.6171875,0.013671875,True,C,0.03473162651062012,medmcqa_1,"['TEXT', 'TEXT', 'TEXT', 'TEXT', 'TEXT']","[467523489549995686, 467523489549952649, 467523489549952633, 467523489549948247, 467523489549679091]","[0.7182541489601135, 0.7173376679420471, 0.7059049010276794, 0.6980809569358826, 0.6968198418617249]"
1338302d-2d9f-4d48-ac86-48f3c680594c,Psychiatry,0.10498046875,0.1728515625,0.68359375,0.036376953125,True,C,0.043508291244506836,medmcqa_1,"['TEXT', 'TEXT', 'TEXT', 'TEXT', 'TEXT']","[467523489549952649, 467523489549952650, 467523489549996028, 467523489549996018, 467523489549996013]","[0.709426760673523, 0.6997089385986328, 0.6904140114784241, 0.6898293495178223, 0.6883008480072021]"
36eda6ec-6654-41ba-937b-60a3052e6c49,Psychiatry,0.1689453125,0.07080078125,0.66796875,0.0908203125,False,D,0.03294944763183594,medmcqa_1,"['TEXT', 'TEXT', 'TEXT', 'TEXT', 'TEXT']","[467523489549961470, 467523489549961471, 467523489549952459, 467523489549994120, 467523489549996130]","[0.7689655423164368, 0.7659227848052979, 0.7436050772666931, 0.7372226119041443, 0.7359488010406494]"
c757d1c6-e17b-4b88-baa3-38720c1dd5eb,Psychiatry,0.080078125,0.43359375,0.43359375,0.0517578125,True,B,0.030606508255004883,medmcqa_1,"['STAT', 'TEXT', 'STAT', 'STAT', 'STAT']","[467572377850338655, 467523489549996206, 467572377850759200, 467572377850338648, 467572377850407879]","[0.7046380043029785, 0.7036066055297852, 0.6968337893486023, 0.6952775120735168, 0.692542314529419]"
97648c60-2ed9-4c8e-9142-48806639731a,Psychiatry,0.671875,0.318359375,0.0079345703125,0.000789642333984375,False,B,0.02872323989868164,medmcqa_1,"['STAT', 'STAT', 'STAT', 'STAT', 'STAT']","[467572377850391435, 467572377850307304, 467572377850307284, 467572377850307300, 467572377850307301]","[0.7950459718704224, 0.7564055919647217, 0.752719521522522, 0.7496775984764099, 0.7449190616607666]"
2d98e8a0-829a-47ef-87e1-c6bbd54473a1,Psychiatry,0.06396484375,0.50390625,0.038818359375,0.392578125,False,D,0.042591094970703125,medmcqa_1,"['TEXT', 'TEXT', 'TEXT', 'TEXT', 'TEXT']","[467523489549948202, 467523489549690088, 467523489549984072, 467523489549688126, 467523489549984073]","[0.737341582775116, 0.7339805960655212, 0.7127229571342468, 0.7085296511650085, 0.706116795539856]"
8729556c-a513-42d6-abc1-ed7f6c9ca397,Psychiatry,0.76953125,0.1337890625,0.07177734375,0.0233154296875,True,A,0.03337836265563965,medmcqa_1,"['STAT', 'TEXT', 'TEXT', 'STAT', 'TEXT']","[467572377850635143, 467523489550009926, 467523489549957497, 467572377850723186, 467523489549707762]","[0.7378095388412476, 0.7361687421798706, 0.7310624122619629, 0.7288879752159119, 0.7231506705284119]"
85d37c8a-2bcc-48d9-bc5c-b63495f25ab3,Psychiatry,0.9921875,0.0015869140625,0.00518798828125,0.00191497802734375,True,A,0.03538250923156738,medmcqa_1,"['TEXT', 'TEXT', 'STAT', 'TEXT', 'STAT']","[467523489549952570, 467523489549952568, 467572377850737687, 467523489549952569, 467572377850317154]","[0.7925297021865845, 0.7890327572822571, 0.7721092700958252, 0.7656691670417786, 0.7614494562149048]"
7c9b4d7b-6290-430f-a097-96d88c65ecd8,Psychiatry,0.318359375,0.248046875,0.150390625,0.28125,True,A,0.02926802635192871,medmcqa_1,"['TEXT', 'TEXT', 'STAT', 'STAT', 'STAT']","[467523489549983954, 467523489549956910, 467572377850249440, 467572377850290280, 467572377850305513]","[0.7036564350128174, 0.6913478374481201, 0.69065922498703, 0.6895729303359985, 0.6863586902618408]"
5a2f9e25-3acb-4830-9f18-009480595be1,Psychiatry,0.0947265625,0.1767578125,0.0289306640625,0.69921875,True,D,0.04387044906616211,medmcqa_1,"['TEXT', 'TEXT', 'TEXT', 'TEXT', 'TEXT']","[467523489549948202, 467523489549690088, 467523489549694992, 467523489549961326, 467523489549943020]","[0.7415154576301575, 0.7379606366157532, 0.7201563119888306, 0.7141965627670288, 0.7120678424835205]"
937dd47d-2d03-4bb7-a36d-d82a58f565d5,Psychiatry,0.059814453125,0.68359375,0.031982421875,0.22265625,True,B,0.033988237380981445,medmcqa_1,"['STAT', 'TEXT', 'TEXT', 'TEXT', 'STAT']","[467572377850656905, 467523489549961242, 467523489549708906, 467523489549693663, 467572377850634297]","[0.7894519567489624, 0.7808957099914551, 0.7719029784202576, 0.7668687105178833, 0.7616105675697327]"
f361defb-1a36-496f-b195-9dcb6bb31ea5,Psychiatry,0.7265625,0.09228515625,0.11865234375,0.0634765625,True,A,0.03294038772583008,medmcqa_1,"['STAT', 'TEXT', 'STAT', 'TEXT', 'TEXT']","[467572377850334287, 467523489549686542, 467572377850246127, 467523489550010046, 467523489549706393]","[0.7950935959815979, 0.7774191498756409, 0.7707884311676025, 0.7706533074378967, 0.768094539642334]"
af75fc76-911b-48da-9ca0-75a8c912c18b,Psychiatry,0.00124359130859375,0.99609375,0.00131988525390625,0.000457763671875,True,B,0.03351736068725586,medmcqa_1,"['TEXT', 'STAT', 'STAT', 'STAT', 'STAT']","[467523489549706378, 467572377850246580, 467572377850400119, 467572377850407878, 467572377850286621]","[0.761228084564209, 0.7266247868537903, 0.7046817541122437, 0.7019540667533875, 0.6990118026733398]"
f19f48e2-8706-4f8b-bca5-66c3000f7b27,Psychiatry,0.046142578125,0.0191650390625,0.00909423828125,0.92578125,True,D,0.047771453857421875,medmcqa_1,"['TEXT', 'TEXT', 'TEXT', 'TEXT', 'TEXT']","[467523489549994016, 467523489549952633, 467523489549952781, 467523489549950506, 467523489549995194]","[0.735310971736908, 0.7270220518112183, 0.7188194394111633, 0.717860221862793, 0.7121905088424683]"
e99aa66e-4f63-4a4a-afc7-49c96eb9540c,Psychiatry,0.0693359375,0.51171875,0.3984375,0.0186767578125,True,B,0.033017635345458984,medmcqa_1,"['STAT', 'TEXT', 'TEXT', 'TEXT', 'TEXT']","[467572377850651523, 467523489549956167, 467523489549952636, 467523489549952632, 467523489549956301]","[0.7609534859657288, 0.7599490284919739, 0.7533102035522461, 0.7524251937866211, 0.7507279515266418]"
bdc34663-b39a-47bb-b034-7f804e437c09,Psychiatry,0.9921875,0.0023193359375,0.001922607421875,0.001800537109375,True,A,0.03270721435546875,medmcqa_1,"['STAT', 'TEXT', 'STAT', 'STAT', 'STAT']","[467572377850761272, 467523489549995883, 467572377850237350, 467572377850405093, 467572377850685146]","[0.7781150341033936, 0.773459792137146, 0.7696614861488342, 0.7634289264678955, 0.7614251971244812]"
5ccc26af-b2fb-4d7e-b117-e622359b75a2,Orthopaedics,0.034423828125,0.01434326171875,0.94140625,0.0081787109375,True,C,0.02911067008972168,medmcqa_1,"['STAT', 'STAT', 'STAT', 'TEXT', 'STAT']","[467572377850700810, 467572377850641463, 467572377850766188, 467523489549694998, 467572377850631068]","[0.8008791208267212, 0.798765242099762, 0.7965219020843506, 0.7874147891998291, 0.7834810018539429]"
6ca26608-cafb-46c8-80a1-39bc0e70d5ff,Orthopaedics,0.09033203125,0.26171875,0.058349609375,0.58984375,True,D,0.033068180084228516,medmcqa_1,"['STAT', 'TEXT', 'TEXT', 'STAT', 'TEXT']","[467572377850711186, 467523489549980692, 467523489549942698, 467572377850277137, 467523489549984855]","[0.7514598369598389, 0.7493709325790405, 0.7490040063858032, 0.744796872138977, 0.7427179217338562]"
7983c1d8-d7ec-4426-82d8-c0bdc1568aa9,Orthopaedics,0.447265625,0.1865234375,0.25390625,0.11279296875,True,A,0.0428309440612793,medmcqa_1,"['TEXT', 'TEXT', 'STAT', 'TEXT', 'STAT']","[467523489550009175, 467523489549976458, 467572377850667628, 467523489550009173, 467572377850653694]","[0.8041293621063232, 0.7998409271240234, 0.7937678694725037, 0.7923229336738586, 0.7912658452987671]"
dac67e00-7708-4533-a6da-38c259fe8403,Orthopaedics,0.00909423828125,0.0035552978515625,0.00130462646484375,0.984375,True,D,0.03427004814147949,medmcqa_1,"['STAT', 'STAT', 'STAT', 'STAT', 'TEXT']","[467572377850234634, 467572377850410613, 467572377850410614, 467572377850685764, 467523489550009259]","[0.7729341387748718, 0.7693429589271545, 0.7582942247390747, 0.7576941847801208, 0.7549020051956177]"
3d3d18de-8e78-4d58-90f4-2c9257c76a5e,Orthopaedics,0.91796875,0.05859375,0.01483154296875,0.00897216796875,True,A,0.021677732467651367,medmcqa_1,"['STAT', 'STAT', 'STAT', 'STAT', 'STAT']","[467572377850665261, 467572377850657139, 467572377850411588, 467572377850282658, 467572377850724909]","[0.7698684334754944, 0.7607171535491943, 0.7594777345657349, 0.747360348701477, 0.7462213635444641]"
7b9b3255-7a24-4c61-bc2f-cadcb051e294,Orthopaedics,0.33984375,0.046142578125,0.5625,0.05224609375,True,C,0.042809247970581055,medmcqa_1,"['STAT', 'STAT', 'STAT', 'STAT', 'STAT']","[467572377850713122, 467572377850407961, 467572377850713121, 467572377850407959, 467572377850713120]","[0.7953339219093323, 0.7893968224525452, 0.7848243713378906, 0.7795822620391846, 0.7787716388702393]"
f822dfed-f142-4583-b7c2-779cf63ccad6,Orthopaedics,0.005523681640625,0.006256103515625,0.98828125,0.0003108978271484375,True,C,0.030888795852661133,medmcqa_1,"['STAT', 'TEXT', 'STAT', 'STAT', 'STAT']","[467572377850291821, 467523489550009192, 467572377850783964, 467572377850274735, 467572377850657160]","[0.7596404552459717, 0.7491567134857178, 0.7405760288238525, 0.734428882598877, 0.7342721223831177]"
7879facb-4a0b-424e-9997-25aae47a52aa,Orthopaedics,0.07421875,0.021240234375,0.703125,0.201171875,False,B,0.029693603515625,medmcqa_1,"['STAT', 'STAT', 'STAT', 'STAT', 'STAT']","[467572377850746338, 467572377850334495, 467572377850349174, 467572377850301408, 467572377850301836]","[0.7433701157569885, 0.7421514987945557, 0.7384964823722839, 0.7352588772773743, 0.7351899743080139]"
31cb149e-7c0f-489f-b2c6-10985226e2ff,Orthopaedics,0.251953125,0.6875,0.052978515625,0.00811767578125,True,B,0.029334545135498047,medmcqa_1,"['STAT', 'STAT', 'STAT', 'TEXT', 'STAT']","[467572377850728554, 467572377850230036, 467572377850309702, 467523489549975541, 467572377850748306]","[0.7763773202896118, 0.7675520181655884, 0.7604796886444092, 0.7597922086715698, 0.7565892934799194]"
f3fac8a7-d3e8-4d02-b4eb-4ac18da8e7c0,Orthopaedics,0.255859375,0.478515625,0.1455078125,0.12060546875,False,A,0.022197961807250977,medmcqa_1,"['STAT', 'STAT', 'STAT', 'STAT', 'STAT']","[467572377850402341, 467572377850366971, 467572377850369589, 467572377850277852, 467572377850260995]","[0.7209952473640442, 0.7115380764007568, 0.6916629672050476, 0.6911499500274658, 0.6868539452552795]"
d75dc767-c74f-4b3d-a2bd-f5e6c082e497,Orthopaedics,0.22265625,0.06787109375,0.68359375,0.02490234375,True,C,0.02747344970703125,medmcqa_1,"['STAT', 'STAT', 'STAT', 'STAT', 'STAT']","[467572377850282694, 467572377850713195, 467572377850655639, 467572377850282693, 467572377850724920]","[0.8021376132965088, 0.7957679033279419, 0.7950555086135864, 0.7880133986473083, 0.7843743562698364]"
5c621759-a7f6-4cb9-851b-11da1704d76e,Orthopaedics,0.0218505859375,0.041015625,0.005889892578125,0.9296875,True,D,0.030379056930541992,medmcqa_1,"['STAT', 'STAT', 'STAT', 'STAT', 'STAT']","[467572377850676362, 467572377850724909, 467572377850304440, 467572377850724908, 467572377850411586]","[0.820774257183075, 0.806179404258728, 0.8030632138252258, 0.8013958930969238, 0.7956215143203735]"
c6f6754f-21ac-49d0-b8cd-8bf25049d813,Orthopaedics,0.23828125,0.26953125,0.306640625,0.185546875,False,B,0.033889055252075195,medmcqa_1,"['TEXT', 'STAT', 'TEXT', 'TEXT', 'STAT']","[467523489549925381, 467572377850703515, 467523489549942698, 467523489549959805, 467572377850317927]","[0.7659368515014648, 0.7650091648101807, 0.7555732727050781, 0.7536913752555847, 0.7528812885284424]"
dccadcab-84e0-4aec-b33a-7509f61f07fe,Orthopaedics,0.0177001953125,0.005401611328125,0.007415771484375,0.96875,True,D,0.030371904373168945,medmcqa_1,"['STAT', 'STAT', 'STAT', 'STAT', 'STAT']","[467572377850243772, 467572377850380560, 467572377850677883, 467572377850404146, 467572377850730449]","[0.8045239448547363, 0.7861847877502441, 0.7804421782493591, 0.7757145166397095, 0.7672004699707031]"
baacab5b-7e28-4b0d-b78e-73253e5c7dde,Orthopaedics,0.0081787109375,0.03662109375,0.9453125,0.00872802734375,True,C,0.033484458923339844,medmcqa_1,"['TEXT', 'TEXT', 'STAT', 'STAT', 'STAT']","[467523489549675881, 467523489549675877, 467572377850723054, 467572377850346847, 467572377850739420]","[0.7608410120010376, 0.7554296851158142, 0.755171537399292, 0.747238278388977, 0.7449969053268433]"
c8313319-bed0-4c8b-8fa4-83f40e3c8af0,Orthopaedics,0.1357421875,0.01190185546875,0.83203125,0.0184326171875,False,A,0.04396486282348633,medmcqa_1,"['TEXT', 'TEXT', 'TEXT', 'TEXT', 'TEXT']","[467523489550009288, 467523489549676211, 467523489550009252, 467523489549997902, 467523489549950721]","[0.7364778518676758, 0.7177848219871521, 0.7090433239936829, 0.70405513048172, 0.7036436796188354]"
ccca9015-2ce5-40cf-bed4-187f9428d984,Orthopaedics,0.1435546875,0.345703125,0.47265625,0.038818359375,True,C,0.044634342193603516,medmcqa_1,"['TEXT', 'TEXT', 'TEXT', 'TEXT', 'TEXT']","[467523489549942676, 467523489549985544, 467523489549959805, 467523489549945382, 467523489549945389]","[0.7769534587860107, 0.774569034576416, 0.7728721499443054, 0.771026074886322, 0.764073371887207]"
44cc205e-7682-4501-aed2-4896371856c2,Orthopaedics,0.03515625,0.96484375,0.001129150390625,0.00034332275390625,True,B,0.03454470634460449,medmcqa_1,"['STAT', 'STAT', 'STAT', 'STAT', 'TEXT']","[467572377850732010, 467572377850335198, 467572377850635312, 467572377850744351, 467523489549675869]","[0.7866755723953247, 0.7755433320999146, 0.7734675407409668, 0.7725893259048462, 0.7722146511077881]"
b6b91d49-7a30-4a9a-91e6-b2f20341470c,Orthopaedics,0.9921875,0.007568359375,0.000850677490234375,0.00042724609375,True,A,0.033354997634887695,medmcqa_1,"['STAT', 'STAT', 'TEXT', 'STAT', 'STAT']","[467572377850370016, 467572377850649739, 467523489549950685, 467572377850243019, 467572377850244417]","[0.7949701547622681, 0.7809293866157532, 0.7797901630401611, 0.7702330350875854, 0.764638364315033]"
cef58dc3-f340-4f76-909d-8f9fb4866e29,Orthopaedics,0.004058837890625,0.9921875,0.0024566650390625,0.00131988525390625,True,B,0.028557300567626953,medmcqa_1,"['TEXT', 'STAT', 'STAT', 'STAT', 'STAT']","[467523489549675835, 467572377850784749, 467572377850304325, 467572377850784790, 467572377850704058]","[0.8304784893989563, 0.8298375606536865, 0.8185235857963562, 0.7921010851860046, 0.791020929813385]"
1482f619-ffc5-4773-b48e-995421bcab06,ENT,0.33203125,0.2431640625,0.376953125,0.0478515625,False,A,0.043088436126708984,medmcqa_1,"['TEXT', 'TEXT', 'TEXT', 'TEXT', 'TEXT']","[467523489550000910, 467523489550000911, 467523489550000895, 467523489550000809, 467523489550000905]","[0.7958060503005981, 0.7740829586982727, 0.7694277763366699, 0.7677053213119507, 0.763294517993927]"
fd03f7de-6c4a-4244-97c6-12829919c1ed,ENT,0.035888671875,0.92578125,0.023193359375,0.0169677734375,True,B,0.021671533584594727,medmcqa_1,"['STAT', 'STAT', 'STAT', 'STAT', 'STAT']","[467572377850719779, 467572377850758619, 467572377850758620, 467572377850758617, 467572377850758605]","[0.8248713612556458, 0.8192384243011475, 0.8123394846916199, 0.8093686103820801, 0.808756411075592]"
a43a0fc3-9d61-45a2-8ebd-f90bb31af019,ENT,0.97265625,0.01226806640625,0.00897216796875,0.004241943359375,True,A,0.04831838607788086,medmcqa_1,"['TEXT', 'TEXT', 'TEXT', 'TEXT', 'TEXT']","[467523489549676931, 467523489549676263, 467523489549676597, 467523489549676774, 467523489549676775]","[0.7098721265792847, 0.704944908618927, 0.7043814063072205, 0.7024523615837097, 0.7006869316101074]"
b9e53e10-851b-41bd-b2e3-0ddc302ffd99,ENT,0.19921875,0.373046875,0.13671875,0.291015625,True,B,0.034403085708618164,medmcqa_1,"['STAT', 'STAT', 'STAT', 'STAT', 'TEXT']","[467572377850351778, 467572377850718379, 467572377850278090, 467572377850278092, 467523489549937820]","[0.8059685230255127, 0.7908427715301514, 0.7868227958679199, 0.7845737934112549, 0.7821470499038696]"
86e26dc5-2f48-45b1-82df-b14ffbc11fcb,ENT,0.1083984375,0.8515625,0.0166015625,0.024169921875,False,A,0.028593778610229492,medmcqa_1,"['STAT', 'STAT', 'STAT', 'STAT', 'STAT']","[467572377850319941, 467572377850334770, 467572377850410439, 467572377850624293, 467572377850624296]","[0.7775450944900513, 0.7453359961509705, 0.744174599647522, 0.7432844042778015, 0.7333566546440125]"
99f08890-7505-4062-9293-1f135de62e5c,ENT,0.46484375,0.2490234375,0.2333984375,0.05224609375,False,B,0.03145003318786621,medmcqa_1,"['STAT', 'STAT', 'STAT', 'STAT', 'TEXT']","[467572377850787756, 467572377850787743, 467572377850787790, 467572377850295936, 467523489550000924]","[0.7928439378738403, 0.792048454284668, 0.7762253880500793, 0.7681188583374023, 0.7660130858421326]"
1a8b0cf7-f674-4339-ba6f-a664cb96178d,ENT,0.1474609375,0.42578125,0.2138671875,0.2138671875,False,D,0.04247236251831055,medmcqa_1,"['STAT', 'STAT', 'STAT', 'TEXT', 'STAT']","[467572377850261655, 467572377850320471, 467572377850340440, 467523489550000910, 467572377850320450]","[0.7949919104576111, 0.7924113869667053, 0.787232518196106, 0.7849594950675964, 0.7847436666488647]"
d8b1befc-377a-4e40-aef2-3bca58710670,ENT,0.1669921875,0.275390625,0.2431640625,0.3125,False,B,0.04423689842224121,medmcqa_1,"['TEXT', 'TEXT', 'TEXT', 'TEXT', 'TEXT']","[467523489549951384, 467523489549708247, 467523489549951385, 467523489549945884, 467523489549988928]","[0.8230509757995605, 0.8214979767799377, 0.77354496717453, 0.7636511325836182, 0.7522491216659546]"
514ac65d-87cb-47b7-b8b0-ffc36253753f,ENT,0.96484375,0.031005859375,0.002716064453125,0.000881195068359375,True,A,0.04340529441833496,medmcqa_1,"['TEXT', 'TEXT', 'TEXT', 'TEXT', 'TEXT']","[467523489549937556, 467523489550003369, 467523489549977314, 467523489549953509, 467523489549688287]","[0.7542901039123535, 0.7373371720314026, 0.734490692615509, 0.732667863368988, 0.7244611978530884]"
6beed60d-08f5-4efa-bd22-4a6901e451a2,ENT,0.98046875,0.0029296875,0.01397705078125,0.002288818359375,True,A,0.02950596809387207,medmcqa_1,"['STAT', 'STAT', 'STAT', 'STAT', 'STAT']","[467572377850296519, 467572377850734192, 467572377850296510, 467572377850653511, 467572377850238475]","[0.7990334630012512, 0.7834383845329285, 0.7816932201385498, 0.7785962820053101, 0.7785356044769287]"
afd502ff-b700-4ecf-acec-f849331dd1ed,ENT,0.201171875,0.29296875,0.376953125,0.1298828125,True,C,0.052799224853515625,medmcqa_1,"['TEXT', 'TEXT', 'TEXT', 'TEXT', 'TEXT']","[467523489549988934, 467523489549700783, 467523489549700851, 467523489549676286, 467523489549676916]","[0.7403475642204285, 0.7149640321731567, 0.7058216333389282, 0.6955156326293945, 0.6916845440864563]"
56a82596-5a2c-461b-b6a4-00019b3e4eaf,ENT,0.60546875,0.072265625,0.251953125,0.072265625,False,C,0.04429936408996582,medmcqa_1,"['STAT', 'TEXT', 'STAT', 'STAT', 'STAT']","[467572377850399169, 467523489549960218, 467572377850360447, 467572377850399177, 467572377850360460]","[0.7959402203559875, 0.790909469127655, 0.7878847122192383, 0.7873795032501221, 0.7848373055458069]"
624cf635-1421-416e-978a-996781f350c0,ENT,0.91796875,0.07080078125,0.00848388671875,0.001220703125,True,A,0.03245353698730469,medmcqa_1,"['TEXT', 'TEXT', 'TEXT', 'TEXT', 'STAT']","[467523489549926817, 467523489549707367, 467523489549707383, 467523489549930928, 467572377850700413]","[0.7775683403015137, 0.7774186730384827, 0.7724553346633911, 0.764927864074707, 0.7594966292381287]"
69f1a181-5580-4146-ba87-bbd3980f948c,ENT,0.09130859375,0.09130859375,0.76171875,0.05517578125,True,C,0.039249420166015625,medmcqa_1,"['STAT', 'STAT', 'STAT', 'STAT', 'STAT']","[467572377850717946, 467572377850296511, 467572377850731242, 467572377850296510, 467572377850304601]","[0.7485840320587158, 0.7369484901428223, 0.735487163066864, 0.7296392917633057, 0.7292448282241821]"
6ace03e9-b26c-455d-a158-71cbf9a0854b,ENT,0.01300048828125,0.0166015625,0.96875,0.0021209716796875,True,C,0.03056788444519043,medmcqa_1,"['STAT', 'STAT', 'STAT', 'STAT', 'STAT']","[467572377850736048, 467572377850787758, 467572377850743484, 467572377850787745, 467572377850787750]","[0.7872399091720581, 0.7743774652481079, 0.7683538198471069, 0.7614222168922424, 0.7602562308311462]"
7a42db5f-21a1-41f2-a436-17f685bbea63,ENT,0.33984375,0.4375,0.10400390625,0.11767578125,False,A,0.03296661376953125,medmcqa_1,"['STAT', 'STAT', 'TEXT', 'STAT', 'STAT']","[467572377850381555, 467572377850789234, 467523489549700107, 467572377850334732, 467572377850417139]","[0.7333086133003235, 0.7294845581054688, 0.7272820472717285, 0.7258409857749939, 0.7240114212036133]"
50c890ad-538a-4ca0-9900-4736b795af01,ENT,0.310546875,0.1474609375,0.08935546875,0.453125,False,B,0.033936262130737305,medmcqa_1,"['STAT', 'STAT', 'STAT', 'TEXT', 'STAT']","[467572377850245892, 467572377850626513, 467572377850410418, 467523489549708221, 467572377850621333]","[0.7641183733940125, 0.7455042600631714, 0.7432312965393066, 0.7393330931663513, 0.7349908947944641]"
b192b045-d178-4bbf-8796-3c26dae548f3,ENT,0.314453125,0.6640625,0.005767822265625,0.01470947265625,True,B,0.03417658805847168,medmcqa_1,"['STAT', 'STAT', 'STAT', 'TEXT', 'STAT']","[467572377850683770, 467572377850338601, 467572377850778561, 467523489550000999, 467572377850313627]","[0.7957807183265686, 0.788959264755249, 0.7707726955413818, 0.7658197283744812, 0.757853627204895]"
8616b528-3a38-4bc5-b002-2e5133f56496,ENT,0.01092529296875,0.984375,0.002593994140625,0.0029449462890625,True,B,0.03275585174560547,medmcqa_1,"['STAT', 'TEXT', 'STAT', 'TEXT', 'STAT']","[467572377850640653, 467523489549989207, 467572377850230884, 467523489549707506, 467572377850321330]","[0.7832415103912354, 0.783212423324585, 0.7788628339767456, 0.7780373096466064, 0.7775871157646179]"
4d1e7661-fffc-42d0-8bed-1e4ecc040fe8,ENT,0.47265625,0.25390625,0.185546875,0.08740234375,False,C,0.03550004959106445,medmcqa_1,"['STAT', 'STAT', 'STAT', 'STAT', 'STAT']","[467572377850321319, 467572377850758621, 467572377850719779, 467572377850730684, 467572377850327642]","[0.8137563467025757, 0.8115359544754028, 0.8111791014671326, 0.8087728023529053, 0.8078530430793762]"
f6bb3faa-6ccb-4838-a2d9-1ae2f2d63e7d,Skin,0.7578125,0.037841796875,0.1494140625,0.054931640625,True,A,0.0435943603515625,medmcqa_1,"['STAT', 'STAT', 'STAT', 'STAT', 'TEXT']","[467572377850414790, 467572377850728106, 467572377850728117, 467572377850383885, 467523489549932504]","[0.8110976219177246, 0.808034360408783, 0.8076583743095398, 0.7918766140937805, 0.7902189493179321]"
0c970c10-c97d-4025-b24d-e70245231e41,Skin,0.0101318359375,0.97265625,0.007415771484375,0.0101318359375,False,C,0.030730485916137695,medmcqa_1,"['STAT', 'STAT', 'STAT', 'STAT', 'STAT']","[467572377850668514, 467572377850366010, 467572377850621922, 467572377850297335, 467572377850366005]","[0.7549184560775757, 0.7529721260070801, 0.7496100068092346, 0.7485474944114685, 0.7435459494590759]"
ce4876e4-6a17-465e-a1c4-6353dad02e85,Skin,0.3203125,0.220703125,0.38671875,0.07177734375,True,C,0.044199228286743164,medmcqa_1,"['STAT', 'TEXT', 'STAT', 'TEXT', 'TEXT']","[467572377850249903, 467523489549930002, 467572377850271105, 467523489549930012, 467523489549930014]","[0.7955142259597778, 0.769778847694397, 0.768351674079895, 0.7560689449310303, 0.7410911321640015]"
cc65668e-675f-4422-a28f-96df292dc630,Skin,0.2392578125,0.306640625,0.060302734375,0.39453125,True,D,0.033678531646728516,medmcqa_1,"['TEXT', 'TEXT', 'TEXT', 'TEXT', 'TEXT']","[467523489549709691, 467523489549710024, 467523489549980528, 467523489549704497, 467523489549980549]","[0.737234890460968, 0.7301550507545471, 0.7283167243003845, 0.7262389659881592, 0.7208636999130249]"
be07e8f6-e306-4b6c-b36e-6ec18e0043e5,Skin,0.08837890625,0.7890625,0.0537109375,0.06884765625,True,B,0.03442740440368652,medmcqa_1,"['STAT', 'STAT', 'STAT', 'STAT', 'STAT']","[467572377850769934, 467572377850333006, 467572377850667400, 467572377850247254, 467572377850740292]","[0.7915197610855103, 0.7908979654312134, 0.7867348790168762, 0.7840540409088135, 0.7838843464851379]"
725d9973-1082-4c9b-b4fb-9c63a4615e63,Skin,0.035400390625,0.7109375,0.09619140625,0.158203125,False,D,0.028494596481323242,medmcqa_1,"['STAT', 'TEXT', 'STAT', 'STAT', 'STAT']","[467572377850785741, 467523489549950618, 467572377850683914, 467572377850785739, 467572377850785757]","[0.7974439859390259, 0.779184103012085, 0.7787900567054749, 0.7710838317871094, 0.7635247111320496]"
aa677f5e-3b2c-4ec8-8b77-78610a8a38cf,Skin,0.9296875,0.041015625,0.0133056640625,0.01416015625,True,A,0.03214287757873535,medmcqa_1,"['TEXT', 'TEXT', 'TEXT', 'TEXT', 'STAT']","[467523489549709713, 467523489549687227, 467523489549980562, 467523489549709715, 467572377850270216]","[0.7924180030822754, 0.7889453172683716, 0.7710084319114685, 0.7686547636985779, 0.7602030038833618]"
0f49668c-7988-48a6-ba11-ad49aa561259,Skin,0.287109375,0.068359375,0.03662109375,0.609375,True,D,0.033505916595458984,medmcqa_1,"['STAT', 'STAT', 'TEXT', 'STAT', 'STAT']","[467572377850313814, 467572377850393958, 467523489549957219, 467572377850760399, 467572377850313793]","[0.755643904209137, 0.755555272102356, 0.7536557912826538, 0.7527323365211487, 0.7493510246276855]"
ce7d3beb-17f5-416a-9584-6fdf807f4d99,Skin,0.828125,0.01953125,0.1357421875,0.01611328125,False,D,0.030516386032104492,medmcqa_1,"['STAT', 'STAT', 'STAT', 'STAT', 'STAT']","[467572377850625265, 467572377850739781, 467572377850758894, 467572377850313052, 467572377850774284]","[0.8030913472175598, 0.8005712032318115, 0.8004156351089478, 0.7973496317863464, 0.7953804731369019]"
6f78cdec-b48a-497c-bf8d-6b5b9b083ecf,Skin,0.92578125,0.049072265625,0.005523681640625,0.01806640625,True,A,0.02872490882873535,medmcqa_1,"['STAT', 'STAT', 'STAT', 'STAT', 'STAT']","[467572377850238742, 467572377850372045, 467572377850757676, 467572377850372042, 467572377850711871]","[0.7636241316795349, 0.7632372975349426, 0.7576258182525635, 0.7538332939147949, 0.7524640560150146]"
53cc935b-3123-4b83-ad62-307b2b736c9e,Skin,0.050048828125,0.224609375,0.032470703125,0.69140625,False,C,0.0327761173248291,medmcqa_1,"['STAT', 'STAT', 'STAT', 'TEXT', 'TEXT']","[467572377850302925, 467572377850271555, 467572377850349352, 467523489549975934, 467523489549709825]","[0.7625464200973511, 0.7597740292549133, 0.7590270042419434, 0.7540676593780518, 0.7538803815841675]"
c8d2885b-1529-4575-abcd-b8afdfb64512,Skin,0.04150390625,0.326171875,0.609375,0.0208740234375,True,C,0.043105363845825195,medmcqa_1,"['STAT', 'TEXT', 'TEXT', 'STAT', 'TEXT']","[467572377850624939, 467523489549927328, 467523489549970616, 467572377850788777, 467523489549691441]","[0.7668365240097046, 0.7605422735214233, 0.757199227809906, 0.7550683617591858, 0.7505025863647461]"
105be08b-3a40-4e47-831d-f8cae8b90240,Skin,0.01092529296875,0.984375,0.00115203857421875,0.00244140625,True,B,0.0335240364074707,medmcqa_1,"['STAT', 'TEXT', 'STAT', 'STAT', 'STAT']","[467572377850729331, 467523489549980594, 467572377850234231, 467572377850689878, 467572377850729324]","[0.783769428730011, 0.7829214930534363, 0.7808968424797058, 0.7686790227890015, 0.7621150016784668]"
02b5fc8b-8dd7-4de9-84b8-ea71c32aac57,Skin,0.123046875,0.07470703125,0.625,0.1787109375,False,D,0.04432034492492676,medmcqa_1,"['TEXT', 'TEXT', 'TEXT', 'TEXT', 'TEXT']","[467523489549957219, 467523489549955071, 467523489549959958, 467523489549954545, 467523489549946273]","[0.7368195652961731, 0.7265039086341858, 0.7227880358695984, 0.7225958704948425, 0.7221612334251404]"
344d849d-fe32-41d8-853f-b02b41028d71,Skin,0.09423828125,0.89453125,0.00531005859375,0.00567626953125,True,B,0.02812981605529785,medmcqa_1,"['STAT', 'STAT', 'STAT', 'STAT', 'STAT']","[467572377850625265, 467572377850389687, 467572377850716817, 467572377850770400, 467572377850293152]","[0.805706262588501, 0.8022781014442444, 0.7943695783615112, 0.7820143103599548, 0.7794317007064819]"
26124571-60c3-4509-9c33-981bc3b40054,Skin,0.28515625,0.030029296875,0.08154296875,0.6015625,True,D,0.03386569023132324,medmcqa_1,"['STAT', 'STAT', 'TEXT', 'TEXT', 'TEXT']","[467572377850380060, 467572377850738880, 467523489549928616, 467523489549709841, 467523489549926219]","[0.7750914096832275, 0.753788948059082, 0.7502367496490479, 0.7433480024337769, 0.732052743434906]"
8e12446e-b9b5-4152-8cc5-9ef959931a31,Skin,0.046142578125,0.38671875,0.5625,0.005859375,True,C,0.027649879455566406,medmcqa_1,"['STAT', 'STAT', 'STAT', 'STAT', 'STAT']","[467572377850664754, 467572377850774264, 467572377850713928, 467572377850743406, 467572377850774256]","[0.7787672281265259, 0.7744246125221252, 0.7723615765571594, 0.7686992287635803, 0.766457200050354]"
