id,subject,probA,probB,probC,probD,result,answer,time,split,sources,ids,similarity
43b91e2e-4010-45d7-9e9e-be49ac4ed250,Microbiology,0.0289306640625,0.0128173828125,0.95703125,0.00135040283203125,True,C,0.2456645965576172,medmcqa_2,"['STAT', 'TEXT', 'STAT', 'STAT', 'STAT']","[468043370482863941, 468043370482470677, 468043370482508466, 468043370482822381, 468043370482508469]","[0.7674628496170044, 0.7663564085960388, 0.7837201356887817, 0.7804117798805237, 0.7377801537513733]"
6d740ff7-c57b-4f62-a953-14e8b41fba76,Microbiology,0.65625,0.12890625,0.146484375,0.0693359375,False,C,0.3512840270996094,medmcqa_2,"['PBMD', 'PBMD', 'PBMD', 'PBMD', 'TEXT']","[468043370484118342, 468043370483104648, 468043370483743209, 468043370484049090, 468043370482489877]","[0.7586183547973633, 0.7630149126052856, 0.771330714225769, 0.757872462272644, 0.7405107617378235]"
83e62b82-7186-4bd8-81ad-c035cebd98c9,Microbiology,0.1513671875,0.1044921875,0.0634765625,0.6796875,True,D,0.24672245979309082,medmcqa_2,"['PBMD', 'STAT', 'PBMD', 'PBMD', 'TEXT']","[468043370483727816, 468043370482778024, 468043370483944542, 468043370483935568, 468043370482423513]","[0.8359037041664124, 0.7914155721664429, 0.7970815300941467, 0.8043816089630127, 0.7957358956336975]"
1f9e0b7b-8eab-4fb0-a1c7-9ff074f3e1d8,Microbiology,0.8828125,0.01336669921875,0.0283203125,0.0771484375,True,A,0.262906551361084,medmcqa_2,"['TEXT', 'TEXT', 'TEXT', 'TEXT', 'STAT']","[468043370482425697, 468043370482432998, 468043370482400459, 468043370482462681, 468043370482864986]","[0.7445322871208191, 0.7428298592567444, 0.7404413223266602, 0.731429398059845, 0.7299072742462158]"
f2ed694c-991d-40e5-a191-25c076168ea6,Microbiology,0.057861328125,0.703125,0.189453125,0.0478515625,False,D,0.38876819610595703,medmcqa_2,"['TEXT', 'STAT', 'TEXT', 'PBMD', 'PBMD']","[468043370482457169, 468043370482535199, 468043370482482922, 468043370483808054, 468043370483260450]","[0.7546610236167908, 0.7599169015884399, 0.744220495223999, 0.7499399781227112, 0.7457343339920044]"
7095637c-81c9-42f8-8484-54c3eedf5623,Microbiology,0.043701171875,0.93359375,0.01513671875,0.00628662109375,True,B,0.2585911750793457,medmcqa_2,"['TEXT', 'PBMD', 'STAT', 'STAT', 'STAT']","[468043370482417314, 468043370483345467, 468043370482554563, 468043370482794646, 468043370482854399]","[0.7577324509620667, 0.7714645266532898, 0.7535056471824646, 0.7806202173233032, 0.7551102638244629]"
26160738-1887-4252-86d4-1719a5a80bd3,Microbiology,0.050537109375,0.89453125,0.041748046875,0.01275634765625,True,B,0.2748711109161377,medmcqa_2,"['STAT', 'STAT', 'STAT', 'STAT', 'TEXT']","[468043370482904431, 468043370482994996, 468043370482904501, 468043370482904439, 468043370482412974]","[0.8139455318450928, 0.8128394484519958, 0.8130451440811157, 0.787324845790863, 0.7944363951683044]"
2c4a6f65-70ac-45ad-9bd5-54de396908fd,Microbiology,0.052490234375,0.008544921875,0.01031494140625,0.9296875,True,D,0.25169920921325684,medmcqa_2,"['TEXT', 'TEXT', 'PBMD', 'STAT', 'TEXT']","[468043370482458248, 468043370482416661, 468043370483729931, 468043370483000768, 468043370482416892]","[0.7287552356719971, 0.7633275985717773, 0.7338747382164001, 0.7221726775169373, 0.7508111000061035]"
1e94a9ca-55e4-4e9a-bf7b-cb2dc4ba2ab5,Microbiology,0.46484375,0.283203125,0.1708984375,0.0810546875,False,B,0.4025583267211914,medmcqa_2,"['STAT', 'STAT', 'PBMD', 'TEXT', 'TEXT']","[468043370482852389, 468043370482852381, 468043370483986297, 468043370482415640, 468043370482451318]","[0.7679008841514587, 0.7239524722099304, 0.7463551759719849, 0.7577558755874634, 0.7340841293334961]"
7ea82e60-afcc-43a2-ba90-8424f3294ac1,Microbiology,0.796875,0.06982421875,0.0615234375,0.06982421875,True,A,0.3179755210876465,medmcqa_2,"['PBMD', 'PBMD', 'PBMD', 'PBMD', 'STAT']","[468043370483807161, 468043370483733266, 468043370483522021, 468043370483397940, 468043370482796663]","[0.730352520942688, 0.7194612622261047, 0.7315720915794373, 0.7332687377929688, 0.6989844441413879]"
a074e962-7c67-42ab-9215-76af20ac3d70,Microbiology,0.1416015625,0.55859375,0.2333984375,0.06689453125,False,C,0.37892842292785645,medmcqa_2,"['PBMD', 'STAT', 'PBMD', 'STAT', 'PBMD']","[468043370483263872, 468043370482993897, 468043370484007269, 468043370483074117, 468043370483322896]","[0.8272457122802734, 0.7693471312522888, 0.7982444763183594, 0.8249080181121826, 0.800275444984436]"
80b1797f-6a00-42e2-92a1-6f913e5deded,Microbiology,0.1376953125,0.1376953125,0.107421875,0.6171875,False,B,0.3822031021118164,medmcqa_2,"['STAT', 'STAT', 'TEXT', 'TEXT', 'TEXT']","[468043370482978048, 468043370482922380, 468043370482411838, 468043370482457119, 468043370482410760]","[0.7465782761573792, 0.7885526418685913, 0.7529380917549133, 0.7650333642959595, 0.7455939650535583]"
138f2721-a8f6-4456-a302-e63411415f00,Microbiology,0.431640625,0.48828125,0.04833984375,0.03125,False,A,0.5556008815765381,medmcqa_2,"['PBMD', 'PBMD', 'PBMD', 'PBMD', 'PBMD']","[468043370483939090, 468043370484112235, 468043370483953485, 468043370483703437, 468043370483780881]","[0.8219581842422485, 0.8162238597869873, 0.8113430142402649, 0.807458221912384, 0.8099161386489868]"
b2378ac9-d9c4-415f-9e8d-f77a39b6117a,Microbiology,0.77734375,0.052734375,0.134765625,0.036376953125,True,A,0.3480648994445801,medmcqa_2,"['PBMD', 'PBMD', 'PBMD', 'PBMD', 'PBMD']","[468043370483195143, 468043370483430282, 468043370483080197, 468043370483231581, 468043370483233549]","[0.7755580544471741, 0.7654403448104858, 0.7785466909408569, 0.7762636542320251, 0.7641054391860962]"
8692345e-a600-4355-a964-bb514b16d977,Microbiology,0.95703125,0.037109375,0.0020904541015625,0.0032501220703125,True,A,0.24730300903320312,medmcqa_2,"['TEXT', 'STAT', 'TEXT', 'TEXT', 'STAT']","[468043370482462490, 468043370482814690, 468043370482398949, 468043370482396482, 468043370482862312]","[0.7743761539459229, 0.7617204785346985, 0.7283937931060791, 0.7241407036781311, 0.7526508569717407]"
653d9209-e3ec-4f56-bb30-6e9f74c210df,Microbiology,0.380859375,0.1162109375,0.2041015625,0.296875,False,C,0.42914414405822754,medmcqa_2,"['STAT', 'STAT', 'TEXT', 'PBMD', 'STAT']","[468043370482952424, 468043370482978800, 468043370482416327, 468043370483909195, 468043370482952428]","[0.7805670499801636, 0.7542814016342163, 0.8003347516059875, 0.7676616311073303, 0.7569372057914734]"
8e686bff-ca17-4507-89bc-cce7d6ab9e7f,Microbiology,0.09619140625,0.0849609375,0.66796875,0.1494140625,True,C,0.23048853874206543,medmcqa_2,"['PBMD', 'PBMD', 'TEXT', 'STAT', 'PBMD']","[468043370483458549, 468043370483902523, 468043370482413116, 468043370483002684, 468043370484055183]","[0.8095837831497192, 0.7858656048774719, 0.7648727893829346, 0.7534402012825012, 0.7979298830032349]"
dbf438a0-20c0-4eb7-a94a-f337ffabf5af,Microbiology,0.14453125,0.5703125,0.185546875,0.09912109375,True,B,0.29843592643737793,medmcqa_2,"['PBMD', 'TEXT', 'TEXT', 'PBMD', 'PBMD']","[468043370483542838, 468043370482412899, 468043370482438917, 468043370483959425, 468043370483623649]","[0.765373945236206, 0.7387650012969971, 0.7347768545150757, 0.7594203948974609, 0.7588877081871033]"
409873c7-dd6c-4284-a0b2-dda6e861d639,Microbiology,0.166015625,0.08349609375,0.74609375,0.004425048828125,True,C,0.24886727333068848,medmcqa_2,"['TEXT', 'TEXT', 'TEXT', 'PBMD', 'STAT']","[468043370482412483, 468043370482411375, 468043370482412439, 468043370484004395, 468043370482976436]","[0.8046280741691589, 0.824018120765686, 0.7763376235961914, 0.8234438896179199, 0.7928301095962524]"
9010a09d-b097-4371-afbc-c2532fe02740,Microbiology,0.99609375,0.003814697265625,0.000518798828125,0.0004863739013671875,True,A,0.27345848083496094,medmcqa_2,"['TEXT', 'PBMD', 'TEXT', 'TEXT', 'PBMD']","[468043370482391540, 468043370483100424, 468043370482381185, 468043370482376810, 468043370483256841]","[0.8206745982170105, 0.737337052822113, 0.7174949645996094, 0.7958683967590332, 0.7536669969558716]"
a5b0d222-214a-4d53-9dda-e37cf9f4d3f4,Social & Preventive Medicine,0.216796875,0.1494140625,0.58984375,0.042724609375,False,D,0.3961198329925537,medmcqa_2,"['STAT', 'STAT', 'TEXT', 'STAT', 'STAT']","[468043370482548735, 468043370482959016, 468043370482428618, 468043370482958278, 468043370482816612]","[0.7105917930603027, 0.709878146648407, 0.7007209658622742, 0.7066680192947388, 0.7123399972915649]"
ea95e89d-6de0-424d-968e-b1af4512871f,Social & Preventive Medicine,0.1806640625,0.1328125,0.6328125,0.05517578125,True,C,0.3508486747741699,medmcqa_2,"['PBMD', 'PBMD', 'PBMD', 'PBMD', 'TEXT']","[468043370483118824, 468043370483114205, 468043370483889720, 468043370483760080, 468043370482401023]","[0.7666869759559631, 0.7565182447433472, 0.7489185333251953, 0.7867720127105713, 0.7766807675361633]"
23d97589-5dbe-4c51-b3ff-3d102f13d781,Social & Preventive Medicine,0.171875,0.56640625,0.0673828125,0.1953125,False,D,0.29962897300720215,medmcqa_2,"['PBMD', 'PBMD', 'PBMD', 'PBMD', 'STAT']","[468043370484046770, 468043370483737189, 468043370484098836, 468043370484101689, 468043370482892630]","[0.7041241526603699, 0.6959747076034546, 0.7022730112075806, 0.7003611326217651, 0.6921418905258179]"
22c12f88-d394-4d93-8be6-336a477a51b4,Social & Preventive Medicine,0.1630859375,0.208984375,0.5,0.126953125,True,C,0.18987059593200684,medmcqa_2,"['STAT', 'STAT', 'STAT', 'STAT', 'TEXT']","[468043370482848579, 468043370482938366, 468043370482827549, 468043370482848573, 468043370482488733]","[0.6685054302215576, 0.676210880279541, 0.6829363703727722, 0.6692841053009033, 0.649397611618042]"
fe1ce20a-009c-45a2-8279-bff1d2e4abcf,Social & Preventive Medicine,0.263671875,0.494140625,0.193359375,0.048828125,True,B,0.5551097393035889,medmcqa_2,"['PBMD', 'PBMD', 'TEXT', 'PBMD', 'PBMD']","[468043370483747579, 468043370484025174, 468043370482369465, 468043370483541770, 468043370483917850]","[0.7622547149658203, 0.7616040110588074, 0.7230189442634583, 0.7549341320991516, 0.7517331838607788]"
6a2018d0-b742-44ff-a1df-5d0ce3483984,Social & Preventive Medicine,0.2373046875,0.28515625,0.267578125,0.208984375,False,A,0.38147783279418945,medmcqa_2,"['PBMD', 'PBMD', 'PBMD', 'PBMD', 'STAT']","[468043370483084652, 468043370483251541, 468043370484093920, 468043370483704388, 468043370482861617]","[0.7814968228340149, 0.7883532047271729, 0.7922067642211914, 0.8015660047531128, 0.7644983530044556]"
9dbe9f17-d9ee-46fe-b3d3-8c6c19758be6,Social & Preventive Medicine,0.1494140625,0.07080078125,0.76171875,0.01904296875,True,C,0.2751014232635498,medmcqa_2,"['STAT', 'TEXT', 'PBMD', 'STAT', 'PBMD']","[468043370482907682, 468043370482454331, 468043370484104804, 468043370482907709, 468043370483808737]","[0.7051579356193542, 0.7223199605941772, 0.7608181238174438, 0.7037004828453064, 0.7529793977737427]"
e49551cd-0938-4688-a453-9913cac000db,Social & Preventive Medicine,0.020263671875,0.9765625,0.0029144287109375,0.0016632080078125,True,B,0.24959421157836914,medmcqa_2,"['STAT', 'PBMD', 'PBMD', 'TEXT', 'PBMD']","[468043370483026215, 468043370483482820, 468043370483896927, 468043370482376769, 468043370483323717]","[0.7059341669082642, 0.7320473790168762, 0.7021579742431641, 0.6496483087539673, 0.7101789116859436]"
ef1fe490-ef5b-40a4-8aae-062d5976bd90,Social & Preventive Medicine,0.142578125,0.1611328125,0.63671875,0.059326171875,False,A,0.2523832321166992,medmcqa_2,"['STAT', 'STAT', 'STAT', 'TEXT', 'TEXT']","[468043370482537118, 468043370482890960, 468043370482537082, 468043370482475699, 468043370482422389]","[0.7776402831077576, 0.7616674900054932, 0.7543538808822632, 0.7446340918540955, 0.7667438983917236]"
6aa90491-889d-4f74-802a-a1346c68b5aa,Social & Preventive Medicine,0.353515625,0.353515625,0.07861328125,0.2138671875,True,A,0.5336058139801025,medmcqa_2,"['PBMD', 'PBMD', 'PBMD', 'PBMD', 'PBMD']","[468043370484095765, 468043370483825287, 468043370483694042, 468043370483528947, 468043370484098954]","[0.7819821834564209, 0.7861927151679993, 0.7983071804046631, 0.8131110668182373, 0.7869937419891357]"
f681a332-bcb8-4fdf-98da-ca4e560f00d2,Social & Preventive Medicine,0.013427734375,0.83203125,0.14453125,0.0111083984375,False,C,0.27820301055908203,medmcqa_2,"['PBMD', 'PBMD', 'STAT', 'PBMD', 'STAT']","[468043370483830146, 468043370483408107, 468043370482963093, 468043370483596028, 468043370482963097]","[0.7747155427932739, 0.7952723503112793, 0.7423350811004639, 0.7842545509338379, 0.7673357725143433]"
484de2a0-f89b-4e79-88c3-11cb2da4fcde,Social & Preventive Medicine,0.42578125,0.375,0.177734375,0.021240234375,False,B,0.5487287044525146,medmcqa_2,"['PBMD', 'PBMD', 'PBMD', 'PBMD', 'PBMD']","[468043370483694042, 468043370483825287, 468043370484098954, 468043370483528947, 468043370484046457]","[0.800790548324585, 0.7909529209136963, 0.7925218939781189, 0.8074443340301514, 0.7934613823890686]"
8be0f11a-fb38-4996-95b7-b3fcf36de7c4,Social & Preventive Medicine,0.041015625,0.2216796875,0.6015625,0.134765625,True,C,0.34351348876953125,medmcqa_2,"['PBMD', 'TEXT', 'PBMD', 'PBMD', 'PBMD']","[468043370483685777, 468043370482417323, 468043370483911888, 468043370483280255, 468043370484129227]","[0.7199689149856567, 0.6876554489135742, 0.7327939867973328, 0.7095032930374146, 0.701120913028717]"
91f22318-7737-491a-8096-d504ac9c8aae,Social & Preventive Medicine,0.99609375,0.003173828125,0.00066375732421875,0.00090789794921875,True,A,0.19737887382507324,medmcqa_2,"['STAT', 'STAT', 'PBMD', 'PBMD', 'TEXT']","[468043370483026221, 468043370483026220, 468043370483277783, 468043370483599701, 468043370482433388]","[0.7313836216926575, 0.7704823017120361, 0.6979742050170898, 0.7080416679382324, 0.702643096446991]"
4f50899d-3016-461b-bd81-c1c29fbe6d29,Social & Preventive Medicine,0.546875,0.177734375,0.201171875,0.07421875,True,A,0.23822307586669922,medmcqa_2,"['PBMD', 'PBMD', 'PBMD', 'PBMD', 'PBMD']","[468043370484086133, 468043370483354012, 468043370483302340, 468043370483621768, 468043370483461286]","[0.7079287171363831, 0.7137647867202759, 0.7098953723907471, 0.7410742044448853, 0.7166076898574829]"
5969f19a-3697-4e23-a8de-b63dbe06997e,Social & Preventive Medicine,0.5546875,0.10888671875,0.26171875,0.0751953125,False,C,0.2744312286376953,medmcqa_2,"['PBMD', 'PBMD', 'PBMD', 'STAT', 'TEXT']","[468043370483312349, 468043370483393823, 468043370483324108, 468043370482529258, 468043370482415479]","[0.768885612487793, 0.7506988644599915, 0.7549151182174683, 0.7240800857543945, 0.7236547470092773]"
f5f3cd4b-3180-4f0e-b585-d681407b89d0,Social & Preventive Medicine,0.248046875,0.59375,0.04052734375,0.1171875,False,C,0.3441503047943115,medmcqa_2,"['PBMD', 'PBMD', 'PBMD', 'PBMD', 'PBMD']","[468043370483755136, 468043370483466539, 468043370484046457, 468043370483889238, 468043370484095765]","[0.7935723662376404, 0.8013691306114197, 0.8057557344436646, 0.7914096713066101, 0.7882872819900513]"
bbb8ca0b-54ed-4f08-a87d-8eef087e37f1,Social & Preventive Medicine,0.31640625,0.01019287109375,0.080078125,0.59375,True,D,0.30057549476623535,medmcqa_2,"['TEXT', 'TEXT', 'PBMD', 'PBMD', 'PBMD']","[468043370482438004, 468043370482438005, 468043370483869264, 468043370484064513, 468043370483093194]","[0.690891444683075, 0.694884181022644, 0.7096406817436218, 0.7066472172737122, 0.7236809730529785]"
8f13c7e0-8ca3-4dac-9e30-de740fe777c3,Social & Preventive Medicine,0.12255859375,0.12255859375,0.051025390625,0.703125,True,D,0.49845027923583984,medmcqa_2,"['TEXT', 'TEXT', 'PBMD', 'PBMD', 'PBMD']","[468043370482416359, 468043370482415527, 468043370483849411, 468043370483549003, 468043370483238830]","[0.7197877168655396, 0.7317189574241638, 0.7654221057891846, 0.7699906826019287, 0.7611281275749207]"
6506849d-8885-4adf-88b7-4e010e026d6c,Social & Preventive Medicine,0.59765625,0.2490234375,0.1328125,0.0203857421875,True,A,0.25087642669677734,medmcqa_2,"['TEXT', 'TEXT', 'TEXT', 'STAT', 'TEXT']","[468043370482451454, 468043370482450844, 468043370482445847, 468043370482903926, 468043370482451453]","[0.7533836960792542, 0.718226969242096, 0.7263492345809937, 0.6889181733131409, 0.7451063394546509]"
55cf89e3-a464-43f3-8790-669a47a1be85,Dental,0.208984375,0.1630859375,0.443359375,0.1845703125,True,C,0.3412899971008301,medmcqa_2,"['PBMD', 'PBMD', 'PBMD', 'PBMD', 'PBMD']","[468043370483413116, 468043370483278636, 468043370483210347, 468043370483219719, 468043370483278631]","[0.7895732522010803, 0.8028528690338135, 0.8200734853744507, 0.7833606600761414, 0.7904655933380127]"
e7fa6148-7a14-4133-a1d3-c443b970c349,Dental,0.2080078125,0.341796875,0.267578125,0.18359375,False,C,0.3397061824798584,medmcqa_2,"['STAT', 'PBMD', 'PBMD', 'PBMD', 'STAT']","[468043370483014180, 468043370483259724, 468043370484057379, 468043370483652271, 468043370483020926]","[0.7437031269073486, 0.748113751411438, 0.7868757247924805, 0.767701268196106, 0.7382799386978149]"
7876791e-f9f6-404e-8c3c-32106bc3bffb,Dental,0.99609375,0.0021820068359375,0.0002765655517578125,0.00013065338134765625,True,A,0.3518857955932617,medmcqa_2,"['STAT', 'PBMD', 'PBMD', 'PBMD', 'TEXT']","[468043370482512442, 468043370484020876, 468043370483363329, 468043370483817074, 468043370482394033]","[0.7818921804428101, 0.8125547766685486, 0.7860985994338989, 0.7843701243400574, 0.746744692325592]"
dac44c4d-224b-489e-a7f7-72879f6c4c70,Dental,0.03173828125,0.035888671875,0.92578125,0.00799560546875,True,C,0.26373982429504395,medmcqa_2,"['PBMD', 'PBMD', 'PBMD', 'PBMD', 'PBMD']","[468043370484062555, 468043370483777492, 468043370483235200, 468043370483536118, 468043370483770816]","[0.7671267986297607, 0.7712554335594177, 0.7477751970291138, 0.746280312538147, 0.7432851791381836]"
362a094c-f1d9-4faa-97ab-48242be3dd4b,Dental,0.17578125,0.7890625,0.0135498046875,0.0223388671875,True,B,0.3477342128753662,medmcqa_2,"['PBMD', 'TEXT', 'PBMD', 'PBMD', 'PBMD']","[468043370483408537, 468043370482392603, 468043370483629801, 468043370483814575, 468043370483923551]","[0.7358489632606506, 0.7235579490661621, 0.743851363658905, 0.7497893571853638, 0.7398809194564819]"
163e1bfc-0b55-4bbe-9eb4-e18802ccfd24,Dental,0.20703125,0.1611328125,0.52734375,0.10400390625,False,A,0.2679731845855713,medmcqa_2,"['TEXT', 'STAT', 'PBMD', 'PBMD', 'PBMD']","[468043370482494037, 468043370482949199, 468043370484059753, 468043370483915261, 468043370483213200]","[0.7154185175895691, 0.7322381138801575, 0.7511274814605713, 0.7551792860031128, 0.7488758563995361]"
0d4f60ed-dd1c-4e67-9f18-91f79a392d09,Dental,0.7578125,0.037841796875,0.054931640625,0.1494140625,False,D,0.37587571144104004,medmcqa_2,"['STAT', 'TEXT', 'PBMD', 'TEXT', 'PBMD']","[468043370482998413, 468043370482394026, 468043370483535929, 468043370482394028, 468043370483850643]","[0.7364996671676636, 0.7658350467681885, 0.7611804604530334, 0.7587196826934814, 0.7578220963478088]"
0ac39111-d0b2-4dda-978c-e7faa6640bd4,Dental,0.58203125,0.10107421875,0.006866455078125,0.310546875,False,B,0.2499101161956787,medmcqa_2,"['PBMD', 'PBMD', 'TEXT', 'PBMD', 'PBMD']","[468043370483556792, 468043370484035180, 468043370482400848, 468043370483345586, 468043370483613644]","[0.7903317213058472, 0.7674119472503662, 0.7627285122871399, 0.7866017818450928, 0.7638541460037231]"
769fac02-71ac-4554-bade-5d6a9a5edfb4,Dental,0.04345703125,0.8203125,0.1259765625,0.01031494140625,False,C,0.2469620704650879,medmcqa_2,"['PBMD', 'PBMD', 'PBMD', 'PBMD', 'PBMD']","[468043370483209727, 468043370483538628, 468043370483266802, 468043370483130869, 468043370483829183]","[0.7782621383666992, 0.7593206167221069, 0.765666127204895, 0.784609854221344, 0.7535656094551086]"
4e29b7d3-c58d-41ef-863f-70fddda43bc5,Dental,0.2412109375,0.146484375,0.3984375,0.212890625,False,A,0.3983793258666992,medmcqa_2,"['PBMD', 'TEXT', 'STAT', 'STAT', 'STAT']","[468043370483080678, 468043370482376335, 468043370482502702, 468043370482779455, 468043370482980278]","[0.6782517433166504, 0.6689225435256958, 0.6966133117675781, 0.6717519164085388, 0.690459132194519]"
63be6ad9-c40b-4731-8733-9bbe611387d2,Dental,0.470703125,0.119140625,0.043701171875,0.3671875,False,D,0.36803221702575684,medmcqa_2,"['PBMD', 'PBMD', 'PBMD', 'PBMD', 'PBMD']","[468043370484078322, 468043370484048648, 468043370483826313, 468043370483218212, 468043370483686359]","[0.784213662147522, 0.7510122656822205, 0.7770158052444458, 0.7606592774391174, 0.7715381383895874]"
6d599732-8a50-4969-a176-ce4f99bd4b03,Dental,0.2177734375,0.31640625,0.05859375,0.40625,False,B,0.33338046073913574,medmcqa_2,"['PBMD', 'PBMD', 'STAT', 'STAT', 'PBMD']","[468043370483194530, 468043370483683949, 468043370482943657, 468043370482841170, 468043370483685828]","[0.7659063339233398, 0.7490873336791992, 0.720348596572876, 0.7101201415061951, 0.7439855933189392]"
461c8a4f-a185-459a-879b-c3d15b2a4682,Dental,0.71484375,0.1328125,0.140625,0.0108642578125,True,A,0.2449178695678711,medmcqa_2,"['PBMD', 'PBMD', 'PBMD', 'STAT', 'PBMD']","[468043370483438702, 468043370483684012, 468043370483850682, 468043370482938355, 468043370483125290]","[0.7877247333526611, 0.7908753752708435, 0.764706552028656, 0.7211469411849976, 0.762725830078125]"
55b01624-a67f-4680-b4df-f5f693a5ba90,Dental,0.287109375,0.369140625,0.1982421875,0.14453125,False,D,0.34859776496887207,medmcqa_2,"['PBMD', 'TEXT', 'TEXT', 'TEXT', 'TEXT']","[468043370483223446, 468043370482423540, 468043370482372730, 468043370482471377, 468043370482467398]","[0.6663126349449158, 0.6942577362060547, 0.6942577362060547, 0.6942577362060547, 0.6942576766014099]"
5502e908-10f1-4588-afd2-6bfd63d1b1f3,Dental,0.0703125,0.26171875,0.48828125,0.1796875,True,C,0.24837660789489746,medmcqa_2,"['STAT', 'STAT', 'PBMD', 'PBMD', 'PBMD']","[468043370482851172, 468043370482552643, 468043370483718352, 468043370483652120, 468043370484060869]","[0.71664959192276, 0.7206716537475586, 0.7435795068740845, 0.7632268667221069, 0.7453091144561768]"
1470a21a-b226-4cd1-904d-85cd841d5afa,Dental,0.16796875,0.35546875,0.40234375,0.07421875,False,A,0.5025119781494141,medmcqa_2,"['STAT', 'STAT', 'PBMD', 'PBMD', 'PBMD']","[468043370482949199, 468043370482949200, 468043370483537775, 468043370483817939, 468043370484059749]","[0.7092289924621582, 0.6973140835762024, 0.7618856430053711, 0.7221864461898804, 0.7224080562591553]"
4ffc9c91-2230-44f7-826f-91b8d683ab20,Dental,0.12060546875,0.1650390625,0.0196533203125,0.6953125,False,A,0.36542606353759766,medmcqa_2,"['PBMD', 'TEXT', 'TEXT', 'TEXT', 'PBMD']","[468043370483613846, 468043370482445459, 468043370482432458, 468043370482477842, 468043370483529584]","[0.7177377939224243, 0.6838867664337158, 0.6759887337684631, 0.6882315874099731, 0.7052733302116394]"
39b3ec62-cf74-489a-b61c-8615b27e3e48,Dental,0.74609375,0.2431640625,0.005706787109375,0.0034637451171875,True,A,0.20232629776000977,medmcqa_2,"['STAT', 'STAT', 'STAT', 'STAT', 'STAT']","[468043370482890277, 468043370482890281, 468043370482890292, 468043370482565339, 468043370482811814]","[0.680820882320404, 0.67095947265625, 0.6858161687850952, 0.6996413469314575, 0.6760085225105286]"
0ada062a-c400-4012-af5e-31144ba41401,Dental,0.23046875,0.1396484375,0.1396484375,0.48828125,False,C,0.27143383026123047,medmcqa_2,"['PBMD', 'STAT', 'PBMD', 'PBMD', 'PBMD']","[468043370483161604, 468043370482862236, 468043370483461632, 468043370483823285, 468043370483120688]","[0.751797080039978, 0.7357705235481262, 0.775924026966095, 0.7643345594406128, 0.7596950531005859]"
39dea240-7448-438e-a215-545b98c8ef65,Dental,0.189453125,0.74609375,0.021240234375,0.042236328125,True,B,0.1978597640991211,medmcqa_2,"['PBMD', 'PBMD', 'PBMD', 'STAT', 'PBMD']","[468043370483212251, 468043370483540032, 468043370483538489, 468043370483034942, 468043370483540491]","[0.7850167751312256, 0.7932808995246887, 0.7690259218215942, 0.7184598445892334, 0.7772866487503052]"
f9bb7193-94ef-47e5-abf3-095faf372aea,Pathology,0.0240478515625,0.013671875,0.9609375,0.0019683837890625,True,C,0.34971022605895996,medmcqa_2,"['STAT', 'PBMD', 'STAT', 'PBMD', 'PBMD']","[468043370482903901, 468043370484098579, 468043370482524516, 468043370483824574, 468043370484082269]","[0.7657114267349243, 0.7772868871688843, 0.7573726177215576, 0.7751286029815674, 0.7909461259841919]"
71a5084e-36a1-4cc3-bee0-9de613f5fd24,Pathology,0.042236328125,0.84765625,0.10107421875,0.010009765625,True,B,0.26947808265686035,medmcqa_2,"['PBMD', 'PBMD', 'TEXT', 'TEXT', 'TEXT']","[468043370483113320, 468043370483167193, 468043370482394047, 468043370482394059, 468043370482394056]","[0.8039289116859436, 0.8054832220077515, 0.7494246959686279, 0.7255756855010986, 0.7381521463394165]"
b69ced59-82cc-43b7-b3b8-829f8ee8930b,Pathology,0.020263671875,0.0011444091796875,0.00188446044921875,0.9765625,True,D,0.27260589599609375,medmcqa_2,"['STAT', 'PBMD', 'TEXT', 'TEXT', 'PBMD']","[468043370482954373, 468043370483281550, 468043370482426130, 468043370482410081, 468043370484078482]","[0.7429599165916443, 0.7843418121337891, 0.7569321990013123, 0.7429752945899963, 0.7765012383460999]"
d2ca31a3-800c-4bf7-b150-a3981acc7587,Pathology,0.05712890625,0.04443359375,0.005645751953125,0.89453125,True,D,0.24367046356201172,medmcqa_2,"['PBMD', 'PBMD', 'TEXT', 'PBMD', 'PBMD']","[468043370483535984, 468043370483211685, 468043370482462823, 468043370483537924, 468043370483216188]","[0.811562180519104, 0.7925833463668823, 0.7190914154052734, 0.8210127949714661, 0.7970232963562012]"
1fbd609b-f47b-451c-abbd-a33c4e0e96a6,Pathology,0.0133056640625,0.052490234375,0.0031585693359375,0.9296875,True,D,0.24119782447814941,medmcqa_2,"['PBMD', 'STAT', 'PBMD', 'STAT', 'PBMD']","[468043370483648495, 468043370482774972, 468043370483126721, 468043370483049168, 468043370483214109]","[0.7734808325767517, 0.7546389102935791, 0.7605752944946289, 0.7646508812904358, 0.7661957740783691]"
57eb90ac-1025-4763-b6c0-ff5581ef2126,Pathology,0.53125,0.466796875,0.00179290771484375,0.000659942626953125,True,A,0.3956186771392822,medmcqa_2,"['TEXT', 'PBMD', 'TEXT', 'STAT', 'TEXT']","[468043370482459842, 468043370483652276, 468043370482493540, 468043370482952038, 468043370482464219]","[0.8127675652503967, 0.7963263988494873, 0.7931424975395203, 0.8116451501846313, 0.787988007068634]"
727846e5-b373-427f-bf08-541ec8c75262,Pathology,0.228515625,0.138671875,0.62109375,0.0113525390625,False,A,0.27111387252807617,medmcqa_2,"['TEXT', 'PBMD', 'TEXT', 'PBMD', 'PBMD']","[468043370482442877, 468043370483574205, 468043370482438350, 468043370483555377, 468043370483480176]","[0.7295557260513306, 0.7714672088623047, 0.7387378811836243, 0.7439970374107361, 0.7439245581626892]"
059d6968-3cf3-49e4-a30c-c15b1f3b3308,Pathology,0.55078125,0.05810546875,0.294921875,0.095703125,True,A,0.2780797481536865,medmcqa_2,"['STAT', 'PBMD', 'PBMD', 'STAT', 'TEXT']","[468043370482512437, 468043370483117481, 468043370483809432, 468043370482512443, 468043370482394052]","[0.7690837979316711, 0.769287109375, 0.7719443440437317, 0.7549384236335754, 0.7389892339706421]"
d2f3fa53-c024-4179-bf34-169fd7b99fc9,Pathology,0.0279541015625,0.01806640625,0.0279541015625,0.92578125,True,D,0.2746303081512451,medmcqa_2,"['STAT', 'STAT', 'STAT', 'PBMD', 'PBMD']","[468043370482510014, 468043370482785156, 468043370482785150, 468043370483641793, 468043370484093949]","[0.8581362366676331, 0.781124472618103, 0.7660567760467529, 0.7883896827697754, 0.7913450598716736]"
35e5b5ae-82da-4f68-a011-91818a64c684,Pathology,0.01031494140625,0.984375,0.0019073486328125,0.0014801025390625,True,B,0.24959778785705566,medmcqa_2,"['STAT', 'STAT', 'PBMD', 'STAT', 'TEXT']","[468043370482887372, 468043370482496897, 468043370483833517, 468043370482887379, 468043370482393497]","[0.7121750116348267, 0.7344314455986023, 0.7551474571228027, 0.7648215889930725, 0.7185006141662598]"
1c27560a-931b-4594-8d6e-d8038663078d,Pathology,0.0654296875,0.017578125,0.90234375,0.01458740234375,True,C,0.24155640602111816,medmcqa_2,"['PBMD', 'STAT', 'STAT', 'PBMD', 'TEXT']","[468043370483498061, 468043370482939314, 468043370483059744, 468043370483774259, 468043370482458006]","[0.7939096689224243, 0.7991384267807007, 0.8272645473480225, 0.7725851535797119, 0.7829976081848145]"
f3f3ad74-951f-4907-913d-f5c6c6c2dd2a,Pathology,0.029052734375,0.004730224609375,0.003692626953125,0.9609375,True,D,0.3457498550415039,medmcqa_2,"['TEXT', 'TEXT', 'PBMD', 'TEXT', 'STAT']","[468043370482447697, 468043370482447699, 468043370483960188, 468043370482447825, 468043370482863212]","[0.8126155138015747, 0.7991267442703247, 0.7911477088928223, 0.7612919807434082, 0.7493155598640442]"
6f46c045-c710-4abd-ab73-62bc510167b5,Pathology,0.73828125,0.11328125,0.03662109375,0.11328125,True,A,0.24157118797302246,medmcqa_2,"['STAT', 'PBMD', 'PBMD', 'PBMD', 'PBMD']","[468043370482866589, 468043370483444230, 468043370483535903, 468043370483192245, 468043370483214671]","[0.7733069658279419, 0.7766116857528687, 0.7903226017951965, 0.7847757339477539, 0.7809861302375793]"
f90b63af-1880-4eee-9405-bb1ef156af1e,Pathology,0.26953125,0.11279296875,0.11279296875,0.50390625,True,D,0.24788498878479004,medmcqa_2,"['STAT', 'STAT', 'PBMD', 'TEXT', 'STAT']","[468043370483052726, 468043370482951943, 468043370483280944, 468043370482403498, 468043370482860704]","[0.726118803024292, 0.7173381447792053, 0.7070645093917847, 0.7224697470664978, 0.7163306474685669]"
11dce32c-3739-443e-a77c-224198dc55a1,Pathology,0.185546875,0.0284423828125,0.734375,0.05322265625,False,A,0.2722969055175781,medmcqa_2,"['PBMD', 'PBMD', 'STAT', 'PBMD', 'PBMD']","[468043370484048561, 468043370483450993, 468043370482860307, 468043370484007670, 468043370484015379]","[0.7497832775115967, 0.7298489809036255, 0.6918631792068481, 0.7333766222000122, 0.733246386051178]"
00eb7f90-ec76-4b2a-89e8-9f716b070bfa,Pathology,0.09765625,0.076171875,0.8203125,0.007537841796875,True,C,0.20467185974121094,medmcqa_2,"['STAT', 'TEXT', 'PBMD', 'STAT', 'STAT']","[468043370482900304, 468043370482460292, 468043370483536903, 468043370482954649, 468043370483055467]","[0.760830283164978, 0.7377005219459534, 0.7861442565917969, 0.7677892446517944, 0.752993643283844]"
11e91efd-b528-4686-bc2c-3c654cea7a6b,Pathology,1.0,0.00070953369140625,0.000457763671875,0.00016880035400390625,True,A,0.20508456230163574,medmcqa_2,"['STAT', 'STAT', 'STAT', 'STAT', 'STAT']","[468043370483014166, 468043370483014174, 468043370483014177, 468043370482937581, 468043370483014162]","[0.8198504447937012, 0.760784387588501, 0.7877158522605896, 0.7962872385978699, 0.783228874206543]"
9b8ebf6f-3451-401c-838d-f2f50a3e7d8a,Pathology,0.98828125,0.008056640625,0.003570556640625,0.0004825592041015625,True,A,0.23923540115356445,medmcqa_2,"['STAT', 'TEXT', 'STAT', 'STAT', 'TEXT']","[468043370482953120, 468043370482415946, 468043370482953117, 468043370482953119, 468043370482415249]","[0.8108389377593994, 0.8226103186607361, 0.7888959646224976, 0.7920603156089783, 0.8084646463394165]"
b55d9ee8-ae0e-4a10-a2a5-f8553f94abec,Pathology,0.98046875,0.01397705078125,0.0037689208984375,0.000743865966796875,True,A,0.24677705764770508,medmcqa_2,"['STAT', 'PBMD', 'TEXT', 'TEXT', 'STAT']","[468043370482896946, 468043370483805137, 468043370482459279, 468043370482458560, 468043370482497585]","[0.7665198445320129, 0.7654908299446106, 0.7437122464179993, 0.7432880401611328, 0.7920739054679871]"
fa5def89-71cb-4aba-9c23-af07401b10b0,Pathology,0.0164794921875,0.0198974609375,0.95703125,0.007293701171875,True,C,0.2514526844024658,medmcqa_2,"['STAT', 'STAT', 'TEXT', 'PBMD', 'TEXT']","[468043370482882188, 468043370482856827, 468043370482455231, 468043370483890706, 468043370482391976]","[0.763904333114624, 0.762162446975708, 0.7530369758605957, 0.7538812160491943, 0.7414318919181824]"
641f160f-eef0-4b8c-9cb8-3241d2d63173,Pediatrics,0.0478515625,0.0289306640625,0.90234375,0.0225830078125,False,D,0.34773707389831543,medmcqa_2,"['PBMD', 'PBMD', 'STAT', 'STAT', 'PBMD']","[468043370483748221, 468043370483848958, 468043370482832948, 468043370483068734, 468043370483709084]","[0.7733871340751648, 0.7725225687026978, 0.757508397102356, 0.7395341396331787, 0.7722413539886475]"
1a54dc09-051e-419b-879e-6d435f34f711,Pediatrics,0.018310546875,0.77734375,0.0091552734375,0.1962890625,False,A,0.24967265129089355,medmcqa_2,"['STAT', 'STAT', 'STAT', 'TEXT', 'PBMD']","[468043370482517674, 468043370482783287, 468043370482897074, 468043370482401294, 468043370483849366]","[0.7193622589111328, 0.7228907942771912, 0.7255197167396545, 0.7322143912315369, 0.7462267875671387]"
7f2895f8-0a13-45fc-bfd1-a3d5b7fbb121,Pediatrics,0.9609375,0.0225830078125,0.005035400390625,0.01287841796875,True,A,0.27487897872924805,medmcqa_2,"['PBMD', 'PBMD', 'TEXT', 'STAT', 'PBMD']","[468043370483478233, 468043370483771861, 468043370482417247, 468043370482999021, 468043370483245292]","[0.7557089328765869, 0.7599889039993286, 0.7627428770065308, 0.7713090181350708, 0.7613884210586548]"
6918034a-534e-462d-a6d2-68d66fe748cc,Pediatrics,0.008056640625,0.98828125,0.0020294189453125,0.00084686279296875,True,B,0.2769041061401367,medmcqa_2,"['TEXT', 'TEXT', 'STAT', 'STAT', 'TEXT']","[468043370482427279, 468043370482408376, 468043370482991525, 468043370482991543, 468043370482460787]","[0.7622920274734497, 0.7423518896102905, 0.7388983964920044, 0.7376290559768677, 0.7493544220924377]"
a8741f5b-b523-461f-b335-3dbe021ad8de,Pediatrics,0.0198974609375,0.0145263671875,0.95703125,0.006866455078125,True,C,0.2526082992553711,medmcqa_2,"['STAT', 'STAT', 'STAT', 'TEXT', 'STAT']","[468043370482860444, 468043370482563633, 468043370482909711, 468043370482369740, 468043370482563631]","[0.7786837220191956, 0.7940559983253479, 0.7443546652793884, 0.7539249658584595, 0.7526586055755615]"
71aace23-dcbd-489a-b9b7-b3f52adfc9f1,Pediatrics,0.11767578125,0.03369140625,0.76953125,0.0810546875,True,C,0.27236437797546387,medmcqa_2,"['TEXT', 'PBMD', 'STAT', 'TEXT', 'TEXT']","[468043370482403683, 468043370483557668, 468043370482502122, 468043370482419330, 468043370482419335]","[0.8029577136039734, 0.7794909477233887, 0.7474724054336548, 0.7447917461395264, 0.7351019978523254]"
f31cf6f2-74fe-4d49-a8a7-ae85b1359d2b,Pediatrics,0.1025390625,0.625,0.23046875,0.0400390625,False,C,0.2782738208770752,medmcqa_2,"['TEXT', 'TEXT', 'TEXT', 'PBMD', 'PBMD']","[468043370482402364, 468043370482383077, 468043370482417846, 468043370483473998, 468043370483636896]","[0.7838785648345947, 0.7740287780761719, 0.7664010524749756, 0.7936636209487915, 0.8002887964248657]"
26a782ca-42b0-441b-a24f-3a368f66727c,Pediatrics,0.439453125,0.1826171875,0.2353515625,0.142578125,False,B,0.2417888641357422,medmcqa_2,"['STAT', 'STAT', 'STAT', 'STAT', 'STAT']","[468043370482985687, 468043370482829604, 468043370483073537, 468043370483011674, 468043370483011648]","[0.7199348211288452, 0.7463526129722595, 0.7244477868080139, 0.731606125831604, 0.7194164991378784]"
33a697bc-627a-4a24-b381-19c181fcdded,Pediatrics,0.88671875,0.047119140625,0.04150390625,0.023681640625,True,A,0.30132365226745605,medmcqa_2,"['STAT', 'PBMD', 'STAT', 'STAT', 'TEXT']","[468043370483032251, 468043370483946591, 468043370482936963, 468043370482912136, 468043370482463254]","[0.7626328468322754, 0.7688069343566895, 0.7760554552078247, 0.7892075181007385, 0.736647367477417]"
277484ef-0832-433c-ba20-92a56041c894,Pediatrics,0.0859375,0.33984375,0.015869140625,0.55859375,False,B,0.2725520133972168,medmcqa_2,"['PBMD', 'TEXT', 'PBMD', 'PBMD', 'TEXT']","[468043370483951689, 468043370482463940, 468043370483748679, 468043370483599170, 468043370482463938]","[0.7394935488700867, 0.7255173921585083, 0.7737767100334167, 0.7418351769447327, 0.7531782388687134]"
3ed188d6-3605-4419-b71e-118167218468,Pediatrics,0.80078125,0.1474609375,0.042236328125,0.01068115234375,True,A,0.3439981937408447,medmcqa_2,"['STAT', 'PBMD', 'PBMD', 'PBMD', 'PBMD']","[468043370482502122, 468043370484103574, 468043370483900455, 468043370483642603, 468043370483977052]","[0.8122694492340088, 0.7922306060791016, 0.7909715175628662, 0.7742797136306763, 0.7737696170806885]"
8a5481db-d909-4ff3-9f52-52f004f3c6fb,Pediatrics,0.005859375,0.984375,0.0020294189453125,0.005859375,True,B,0.20452523231506348,medmcqa_2,"['STAT', 'STAT', 'PBMD', 'STAT', 'STAT']","[468043370482869774, 468043370483015460, 468043370484008933, 468043370483015438, 468043370483015459]","[0.7664682269096375, 0.7567089200019836, 0.8036872148513794, 0.7819743156433105, 0.7674360275268555]"
f1cbc766-a7ea-44ec-ba8b-997ffc3a028a,Pediatrics,0.0498046875,0.09326171875,0.78125,0.0771484375,True,C,0.451754093170166,medmcqa_2,"['PBMD', 'TEXT', 'TEXT', 'STAT', 'PBMD']","[468043370484075694, 468043370482454695, 468043370482372966, 468043370482886094, 468043370483827462]","[0.7686655521392822, 0.7444826364517212, 0.7730143666267395, 0.7192351222038269, 0.769147515296936]"
b98c9b26-1cf3-4d2f-80e5-ba589c91b94f,Pediatrics,0.059814453125,0.7265625,0.2080078125,0.004058837890625,False,A,0.24777650833129883,medmcqa_2,"['PBMD', 'STAT', 'PBMD', 'PBMD', 'TEXT']","[468043370484010637, 468043370482985677, 468043370483355707, 468043370483655117, 468043370482462292]","[0.774628758430481, 0.7872413992881775, 0.7516733407974243, 0.7704735994338989, 0.7403896450996399]"
238019d8-3c6b-486e-9d00-fda1273d22e7,Pediatrics,0.240234375,0.1455078125,0.44921875,0.1650390625,False,D,0.5133531093597412,medmcqa_2,"['PBMD', 'STAT', 'PBMD', 'PBMD', 'TEXT']","[468043370484061649, 468043370482911443, 468043370483645924, 468043370483860880, 468043370482462871]","[0.763837456703186, 0.7639124393463135, 0.7530063986778259, 0.7486706376075745, 0.7343329191207886]"
87e68531-25dc-4647-a84c-28b40279d8fe,Pediatrics,0.203125,0.0703125,0.70703125,0.0189208984375,False,D,0.38776683807373047,medmcqa_2,"['STAT', 'TEXT', 'STAT', 'STAT', 'TEXT']","[468043370482886331, 468043370482405614, 468043370482886330, 468043370482886335, 468043370482405620]","[0.756769597530365, 0.7583653926849365, 0.7603541016578674, 0.7608753442764282, 0.7741451263427734]"
e16742f8-aa56-4a27-9d8d-b7643e5f27c5,Pediatrics,0.2236328125,0.2236328125,0.5390625,0.01434326171875,True,C,0.20146703720092773,medmcqa_2,"['STAT', 'STAT', 'TEXT', 'TEXT', 'STAT']","[468043370483046492, 468043370482817298, 468043370482442502, 468043370482421978, 468043370483037023]","[0.7169071435928345, 0.7131639122962952, 0.7239503860473633, 0.7349210977554321, 0.7179225087165833]"
14e05154-05a2-4472-a63e-261d765893ae,Pediatrics,0.6171875,0.1376953125,0.04736328125,0.2001953125,True,A,0.24960637092590332,medmcqa_2,"['PBMD', 'STAT', 'PBMD', 'PBMD', 'TEXT']","[468043370483185427, 468043370482503469, 468043370483686806, 468043370483613779, 468043370482420622]","[0.7727714776992798, 0.7383131980895996, 0.7531037926673889, 0.7536302804946899, 0.7482934594154358]"
08773184-d813-48bd-b8ac-fdcaab87d67c,Pediatrics,0.03466796875,0.0419921875,0.027099609375,0.89453125,False,C,0.27687549591064453,medmcqa_2,"['PBMD', 'PBMD', 'TEXT', 'PBMD', 'TEXT']","[468043370483591990, 468043370483951689, 468043370482463936, 468043370483506715, 468043370482457470]","[0.7394083142280579, 0.7199427485466003, 0.6700026392936707, 0.7168676853179932, 0.6795685291290283]"
84fe7359-1ad3-4031-bf62-e4474bb33a86,Pediatrics,0.205078125,0.4609375,0.140625,0.1923828125,False,A,0.38729071617126465,medmcqa_2,"['TEXT', 'TEXT', 'STAT', 'STAT', 'PBMD']","[468043370482485971, 468043370482419147, 468043370482864283, 468043370482564100, 468043370484125144]","[0.7413445711135864, 0.7378387451171875, 0.7972304821014404, 0.7532283067703247, 0.7542778253555298]"
3084edf2-d176-43aa-87f4-412ea4098b47,Medicine,0.023681640625,0.9453125,0.01190185546875,0.0208740234375,True,B,0.28034448623657227,medmcqa_2,"['TEXT', 'STAT', 'STAT', 'STAT', 'STAT']","[468043370482457732, 468043370482513589, 468043370482896930, 468043370482939308, 468043370483017331]","[0.7904723286628723, 0.7959280014038086, 0.7951136231422424, 0.8449835777282715, 0.8189986348152161]"
b934e553-46ba-4692-a9cc-cc1ae26e7d4f,Medicine,0.1298828125,0.51171875,0.2734375,0.08349609375,True,B,0.27896642684936523,medmcqa_2,"['STAT', 'PBMD', 'PBMD', 'STAT', 'STAT']","[468043370482922065, 468043370483840097, 468043370483526888, 468043370482517962, 468043370482929655]","[0.7501307725906372, 0.7312595844268799, 0.7486106157302856, 0.7917671799659729, 0.764310896396637]"
ff7fb7f6-d85e-44f5-af84-9dc2d140b067,Medicine,0.008544921875,0.98828125,0.000659942626953125,0.00115966796875,True,B,0.23680615425109863,medmcqa_2,"['STAT', 'STAT', 'STAT', 'TEXT', 'STAT']","[468043370482527352, 468043370482527359, 468043370482515401, 468043370482442641, 468043370482939012]","[0.790520429611206, 0.8264006972312927, 0.8156816959381104, 0.7951294183731079, 0.7983294725418091]"
d6a8de08-5a4c-404b-8622-217e17e5751b,Medicine,0.1767578125,0.10693359375,0.0185546875,0.69921875,False,B,0.18413162231445312,medmcqa_2,"['STAT', 'STAT', 'STAT', 'STAT', 'STAT']","[468043370482513730, 468043370482796088, 468043370483004122, 468043370482951656, 468043370483000121]","[0.7635335922241211, 0.7602524757385254, 0.7492190599441528, 0.7650201916694641, 0.7514736652374268]"
fcf2426c-5371-4141-b4ba-5a941e305824,Medicine,0.0546875,0.07958984375,0.85546875,0.0101318359375,True,C,0.20467662811279297,medmcqa_2,"['STAT', 'STAT', 'TEXT', 'STAT', 'STAT']","[468043370482812024, 468043370482802166, 468043370482402347, 468043370482948764, 468043370482812034]","[0.7489355206489563, 0.7641288042068481, 0.709754467010498, 0.7405627965927124, 0.7414535284042358]"
c87fcef2-1b7d-44e2-85c0-618b956f675e,Medicine,0.0267333984375,0.0184326171875,0.94140625,0.0118408203125,True,C,0.28638720512390137,medmcqa_2,"['TEXT', 'PBMD', 'STAT', 'STAT', 'TEXT']","[468043370482410024, 468043370484066818, 468043370482524094, 468043370482562325, 468043370482410001]","[0.8082470893859863, 0.8038209676742554, 0.8212901949882507, 0.802239716053009, 0.810877799987793]"
80eccba1-1f33-4548-90bc-885cf7d98961,Medicine,0.08642578125,0.20703125,0.142578125,0.5625,False,C,0.2519526481628418,medmcqa_2,"['STAT', 'STAT', 'STAT', 'STAT', 'STAT']","[468043370483024753, 468043370482519667, 468043370482559733, 468043370482934080, 468043370482900031]","[0.7373399138450623, 0.7716506719589233, 0.7557513117790222, 0.7285088300704956, 0.7355509996414185]"
98cdca63-3ab9-437c-b89a-0466c580fd07,Medicine,0.93359375,0.0181884765625,0.041015625,0.0091552734375,True,A,0.2521524429321289,medmcqa_2,"['STAT', 'STAT', 'TEXT', 'TEXT', 'TEXT']","[468043370482864282, 468043370483069550, 468043370482403685, 468043370482418251, 468043370482403684]","[0.7775582671165466, 0.7842661142349243, 0.770706057548523, 0.8114845752716064, 0.7861514687538147]"
18d0dc33-09df-4256-b62f-51390ede8e4d,Medicine,0.10986328125,0.048828125,0.59375,0.2470703125,False,B,0.2754199504852295,medmcqa_2,"['STAT', 'PBMD', 'TEXT', 'TEXT', 'TEXT']","[468043370483078681, 468043370483300112, 468043370482382768, 468043370482432102, 468043370482445178]","[0.8027986288070679, 0.7941274046897888, 0.7980692386627197, 0.8214705586433411, 0.8039246201515198]"
7c521214-ce91-4932-8158-f97bf43d4aac,Medicine,0.0255126953125,0.84375,0.10107421875,0.0289306640625,True,B,0.27745723724365234,medmcqa_2,"['STAT', 'TEXT', 'TEXT', 'PBMD', 'TEXT']","[468043370482879281, 468043370482476072, 468043370482404451, 468043370483370360, 468043370482404448]","[0.8037720322608948, 0.7966436147689819, 0.8278946876525879, 0.8285034894943237, 0.7992240190505981]"
aa9f6ffb-1c54-4556-b121-b0b5578f33e9,Medicine,0.703125,0.201171875,0.0654296875,0.029052734375,True,A,0.23000478744506836,medmcqa_2,"['PBMD', 'STAT', 'PBMD', 'PBMD', 'STAT']","[468043370483758332, 468043370482520328, 468043370483621671, 468043370483485490, 468043370482784305]","[0.7457700967788696, 0.7321860194206238, 0.7804827094078064, 0.7869486808776855, 0.7215763330459595]"
ae860b65-53a5-4547-b627-494174e15c3c,Medicine,0.58984375,0.0966796875,0.279296875,0.033447265625,True,A,0.2519505023956299,medmcqa_2,"['STAT', 'STAT', 'STAT', 'STAT', 'STAT']","[468043370482504263, 468043370482843365, 468043370482835724, 468043370483055268, 468043370483055267]","[0.7574748992919922, 0.7643550634384155, 0.7461131811141968, 0.7431339025497437, 0.7511882781982422]"
288022ee-c8bd-42e6-8e0a-81838367119a,Medicine,0.83203125,0.14453125,0.0208740234375,0.001708984375,True,A,0.2755930423736572,medmcqa_2,"['TEXT', 'PBMD', 'PBMD', 'PBMD', 'PBMD']","[468043370482468713, 468043370483485802, 468043370483508822, 468043370483349831, 468043370483498213]","[0.7586522698402405, 0.789487898349762, 0.7741780877113342, 0.7713813781738281, 0.7989540696144104]"
7de13c5c-b968-4884-87c7-d2b5c8b1840c,Medicine,0.7578125,0.07470703125,0.1318359375,0.03759765625,False,B,0.2772183418273926,medmcqa_2,"['TEXT', 'TEXT', 'STAT', 'STAT', 'PBMD']","[468043370482439811, 468043370482382723, 468043370482864135, 468043370482546917, 468043370483880746]","[0.7668264508247375, 0.7830111980438232, 0.7968196272850037, 0.7960197329521179, 0.7629144191741943]"
5101251c-4a2d-455e-81ec-547c58511440,Medicine,0.330078125,0.0419921875,0.6171875,0.01129150390625,True,C,0.2486722469329834,medmcqa_2,"['PBMD', 'PBMD', 'TEXT', 'PBMD', 'TEXT']","[468043370483187492, 468043370483807165, 468043370482421106, 468043370483187489, 468043370482369784]","[0.7438105344772339, 0.727342963218689, 0.7405219078063965, 0.7303332686424255, 0.7304180860519409]"
96134923-f73b-48f4-8361-c964c3ab16b2,Medicine,0.8515625,0.057861328125,0.051025390625,0.039794921875,True,A,0.20156025886535645,medmcqa_2,"['STAT', 'PBMD', 'TEXT', 'STAT', 'STAT']","[468043370482933379, 468043370483531499, 468043370482440089, 468043370482547452, 468043370482553079]","[0.7839716076850891, 0.7816409468650818, 0.7766656875610352, 0.7731720805168152, 0.7705211639404297]"
732401b0-673b-4842-baed-ddd00626c561,Medicine,0.91015625,0.035400390625,0.029296875,0.0242919921875,True,A,0.24578428268432617,medmcqa_2,"['STAT', 'TEXT', 'STAT', 'PBMD', 'TEXT']","[468043370483006588, 468043370482403465, 468043370482795782, 468043370483539005, 468043370482452640]","[0.7980724573135376, 0.7667638659477234, 0.7863044738769531, 0.7902507185935974, 0.7844159603118896]"
2c7e29e5-6824-4217-af1e-7c5b40d57ea5,Medicine,0.12255859375,0.427734375,0.29296875,0.1572265625,False,C,0.5533902645111084,medmcqa_2,"['PBMD', 'PBMD', 'TEXT', 'PBMD', 'TEXT']","[468043370484112493, 468043370483981257, 468043370482418030, 468043370483673797, 468043370482466432]","[0.769671618938446, 0.7716028690338135, 0.7507693767547607, 0.7673956155776978, 0.784958004951477]"
d4208506-5d94-4956-8af6-8dd7c471ae8b,Medicine,0.0062255859375,0.007537841796875,0.984375,0.00079345703125,True,C,0.24775433540344238,medmcqa_2,"['STAT', 'PBMD', 'STAT', 'STAT', 'STAT']","[468043370482948746, 468043370484079502, 468043370482948754, 468043370482948748, 468043370482948755]","[0.7760394811630249, 0.7817564010620117, 0.7802562713623047, 0.7959226369857788, 0.7766823172569275]"
8cb5bf8f-4c7e-4bbb-8462-9a2564d0d002,Medicine,0.99609375,0.00150299072265625,0.0010986328125,4.00543212890625e-05,True,A,0.23220419883728027,medmcqa_2,"['STAT', 'TEXT', 'STAT', 'TEXT', 'STAT']","[468043370482530855, 468043370482464057, 468043370482530887, 468043370482409001, 468043370482939313]","[0.7771294116973877, 0.7271888256072998, 0.8213911652565002, 0.8003219366073608, 0.7578258514404297]"
ca0d1703-5a38-474d-bb6b-d6f69f7a7db6,Ophthalmology,0.01153564453125,0.9765625,0.004791259765625,0.00897216796875,True,B,0.23713397979736328,medmcqa_2,"['STAT', 'TEXT', 'PBMD', 'TEXT', 'PBMD']","[468043370483059027, 468043370482403155, 468043370483568593, 468043370482403153, 468043370483494107]","[0.8119162917137146, 0.8023815155029297, 0.8151733875274658, 0.7525237798690796, 0.7666938900947571]"
69b97752-ee1c-4234-b3d1-0402e1235986,Ophthalmology,0.08447265625,0.0274658203125,0.08447265625,0.8046875,True,D,0.3437960147857666,medmcqa_2,"['STAT', 'STAT', 'STAT', 'PBMD', 'STAT']","[468043370482545286, 468043370483043419, 468043370482919153, 468043370483970250, 468043370482984150]","[0.8215488791465759, 0.7909297347068787, 0.8312551975250244, 0.8071501851081848, 0.8319665193557739]"
391dbda5-df38-4a5f-8e4c-f6db24bc164a,Ophthalmology,0.8203125,0.142578125,0.0263671875,0.00860595703125,True,A,0.19332408905029297,medmcqa_2,"['STAT', 'STAT', 'STAT', 'STAT', 'STAT']","[468043370482503855, 468043370482885112, 468043370482992908, 468043370483066577, 468043370483032919]","[0.7970186471939087, 0.7655873894691467, 0.7530650496482849, 0.7481587529182434, 0.7617510557174683]"
93f90d31-148b-45ad-9a6f-42a5807cbf33,Ophthalmology,0.017822265625,0.97265625,0.00543212890625,0.004791259765625,True,B,0.243927001953125,medmcqa_2,"['STAT', 'PBMD', 'PBMD', 'STAT', 'STAT']","[468043370482895364, 468043370483466820, 468043370483910251, 468043370482943244, 468043370483068832]","[0.7500643730163574, 0.754001796245575, 0.7404637336730957, 0.7550040483474731, 0.7671889662742615]"
3aff7082-0082-4114-a47b-d68bf127c263,Ophthalmology,0.005218505859375,0.002044677734375,0.9921875,0.00015735626220703125,True,C,0.24720168113708496,medmcqa_2,"['STAT', 'STAT', 'STAT', 'PBMD', 'STAT']","[468043370482919118, 468043370482919110, 468043370483018187, 468043370484015335, 468043370482545282]","[0.7480964064598083, 0.7826435565948486, 0.7458024024963379, 0.7546338438987732, 0.7410640716552734]"
2ecfb0bc-1db8-4ec2-9b0c-c5825f3b0ed9,Ophthalmology,0.80078125,0.095703125,0.05126953125,0.05126953125,True,A,0.24536967277526855,medmcqa_2,"['STAT', 'STAT', 'PBMD', 'PBMD', 'PBMD']","[468043370482897744, 468043370482546583, 468043370483853573, 468043370484076497, 468043370483273342]","[0.7680059671401978, 0.8302993178367615, 0.7700623273849487, 0.779038667678833, 0.8111672401428223]"
e33fee37-ca36-4d99-887d-2349c1beb5c1,Ophthalmology,0.1416015625,0.71875,0.04052734375,0.09765625,False,D,0.24567365646362305,medmcqa_2,"['PBMD', 'PBMD', 'PBMD', 'PBMD', 'PBMD']","[468043370484011967, 468043370483358408, 468043370483393009, 468043370483600112, 468043370483596845]","[0.7950801253318787, 0.7992498278617859, 0.7978204488754272, 0.7938753962516785, 0.809036135673523]"
4a131164-eb3c-4152-9556-b81ae98e2066,Ophthalmology,0.80859375,0.0260009765625,0.05517578125,0.109375,True,A,0.20119690895080566,medmcqa_2,"['STAT', 'STAT', 'STAT', 'STAT', 'STAT']","[468043370483074517, 468043370482562693, 468043370483045432, 468043370482964525, 468043370482964524]","[0.7668828964233398, 0.7538122534751892, 0.7603747248649597, 0.7238330245018005, 0.7295860648155212]"
794c0e78-516c-44ae-8eba-768371a3ca6c,Ophthalmology,0.08154296875,0.0927734375,0.2216796875,0.60546875,False,C,0.3423304557800293,medmcqa_2,"['TEXT', 'TEXT', 'PBMD', 'TEXT', 'PBMD']","[468043370482435274, 468043370482402995, 468043370483908840, 468043370482435276, 468043370483319257]","[0.762137234210968, 0.716209888458252, 0.7105242013931274, 0.6839426755905151, 0.7020716667175293]"
09657fa4-eeb3-4860-8b8c-f2e25c7eabab,Ophthalmology,0.005523681640625,0.00179290771484375,0.003143310546875,0.98828125,True,D,0.24507737159729004,medmcqa_2,"['STAT', 'STAT', 'PBMD', 'TEXT', 'TEXT']","[468043370482940502, 468043370482512881, 468043370483636014, 468043370482438350, 468043370482435288]","[0.7717334032058716, 0.7938462495803833, 0.7674586772918701, 0.8098907470703125, 0.7445433735847473]"
360f90ec-189e-464a-a60d-ed9d9bda46ef,Ophthalmology,0.2314453125,0.7109375,0.045654296875,0.01019287109375,True,B,0.27471399307250977,medmcqa_2,"['PBMD', 'PBMD', 'PBMD', 'PBMD', 'PBMD']","[468043370483519637, 468043370483462868, 468043370483546165, 468043370484114878, 468043370483596095]","[0.7330883741378784, 0.7627977132797241, 0.7501335144042969, 0.7345658540725708, 0.7281824350357056]"
b01ee962-68d0-4291-aee2-b978c108f65f,Ophthalmology,0.0291748046875,0.8515625,0.1015625,0.0177001953125,True,B,0.25179386138916016,medmcqa_2,"['STAT', 'STAT', 'STAT', 'PBMD', 'PBMD']","[468043370482781771, 468043370483007699, 468043370482915580, 468043370483908846, 468043370483739793]","[0.7306543588638306, 0.7511350512504578, 0.7132257223129272, 0.7501856088638306, 0.7405123710632324]"
3920361c-7b00-4cb2-ad43-d4bd71127f00,Ophthalmology,0.0263671875,0.007568359375,0.0361328125,0.9296875,True,D,0.27616095542907715,medmcqa_2,"['STAT', 'STAT', 'PBMD', 'STAT', 'STAT']","[468043370482800853, 468043370483059045, 468043370483985543, 468043370482911307, 468043370483042441]","[0.7455975413322449, 0.7375926375389099, 0.7357686161994934, 0.7373163104057312, 0.7331348657608032]"
c7f81422-57d3-4a31-ae96-83ca3f999334,Ophthalmology,0.251953125,0.53515625,0.1962890625,0.0172119140625,True,B,0.25196409225463867,medmcqa_2,"['STAT', 'TEXT', 'PBMD', 'STAT', 'STAT']","[468043370483076567, 468043370482435357, 468043370483219642, 468043370482902197, 468043370483059024]","[0.74311363697052, 0.77503502368927, 0.759842038154602, 0.7396169304847717, 0.7486820220947266]"
afa56a9e-0043-49c0-b1e3-36bbdf3c9571,Ophthalmology,0.8515625,0.12255859375,0.01007080078125,0.015625,True,A,0.3498063087463379,medmcqa_2,"['STAT', 'STAT', 'STAT', 'PBMD', 'PBMD']","[468043370482851998, 468043370483051671, 468043370482941819, 468043370484040359, 468043370484095769]","[0.7632044553756714, 0.7703857421875, 0.7703857421875, 0.806764543056488, 0.7984827756881714]"
6c84e800-14f3-4ba3-9324-84247cbae881,Ophthalmology,0.02294921875,0.9765625,0.0006103515625,0.0003490447998046875,False,A,0.20713257789611816,medmcqa_2,"['TEXT', 'TEXT', 'STAT', 'TEXT', 'STAT']","[468043370482372174, 468043370482372173, 468043370482877136, 468043370482435439, 468043370482512852]","[0.7788904905319214, 0.7636834979057312, 0.7485458850860596, 0.7708923816680908, 0.7570973634719849]"
813fa226-a21b-480a-b13e-ce842640ec7a,Ophthalmology,0.8203125,0.028076171875,0.0247802734375,0.1259765625,True,A,0.20441031455993652,medmcqa_2,"['STAT', 'PBMD', 'PBMD', 'STAT', 'TEXT']","[468043370482789350, 468043370483935467, 468043370483358037, 468043370482789309, 468043370482416564]","[0.782361626625061, 0.7420669794082642, 0.7864081859588623, 0.7903223633766174, 0.7382405400276184]"
7c34fcbb-4956-4f1d-a0c6-7b48f83ae02b,Ophthalmology,0.00124359130859375,1.0,0.0003795623779296875,0.00020313262939453125,True,B,0.2296428680419922,medmcqa_2,"['TEXT', 'STAT', 'PBMD', 'PBMD', 'STAT']","[468043370482446273, 468043370482865982, 468043370483225126, 468043370483609696, 468043370482823622]","[0.7795640826225281, 0.739579975605011, 0.7542523145675659, 0.7557148933410645, 0.7275981903076172]"
da529e73-61fe-4b52-81b1-8686b6a62ffd,Ophthalmology,0.66796875,0.10205078125,0.11572265625,0.11572265625,False,C,0.34589099884033203,medmcqa_2,"['PBMD', 'PBMD', 'PBMD', 'PBMD', 'PBMD']","[468043370483542587, 468043370483412201, 468043370483633965, 468043370483513698, 468043370483388123]","[0.7761543989181519, 0.7719172239303589, 0.7827308773994446, 0.7827066779136658, 0.7807143926620483]"
c1ac14de-a0f0-47fa-8451-273abce0150a,Ophthalmology,0.73828125,0.03662109375,0.10595703125,0.1201171875,True,A,0.20453262329101562,medmcqa_2,"['PBMD', 'STAT', 'PBMD', 'STAT', 'PBMD']","[468043370483272365, 468043370482507902, 468043370483542003, 468043370482507903, 468043370483296059]","[0.7703162431716919, 0.8085532188415527, 0.8367303609848022, 0.8133431673049927, 0.7870446443557739]"
1bf69f9a-987c-48fc-9356-d62d2148c3a6,Anaesthesia,0.88671875,0.03662109375,0.06396484375,0.013427734375,True,A,0.27470850944519043,medmcqa_2,"['STAT', 'STAT', 'PBMD', 'STAT', 'STAT']","[468043370483034575, 468043370482511853, 468043370483538914, 468043370483034570, 468043370483040309]","[0.7453533411026001, 0.7649995684623718, 0.7212400436401367, 0.7332386374473572, 0.7882798910140991]"
398ff5ba-cea5-4aff-be5e-b5f0839d0d69,Anaesthesia,0.0400390625,0.51953125,0.31640625,0.12353515625,False,C,0.34580039978027344,medmcqa_2,"['TEXT', 'TEXT', 'STAT', 'STAT', 'STAT']","[468043370482494330, 468043370482494225, 468043370482855614, 468043370482519673, 468043370482780761]","[0.6994019746780396, 0.688873291015625, 0.704515814781189, 0.6989964842796326, 0.6917586326599121]"
c9aa8c5b-b009-4c7e-a8d4-05cf46db9282,Anaesthesia,0.458984375,0.19140625,0.1025390625,0.24609375,False,D,0.25050854682922363,medmcqa_2,"['STAT', 'STAT', 'STAT', 'STAT', 'PBMD']","[468043370483046104, 468043370483027745, 468043370482496214, 468043370482934295, 468043370484092380]","[0.7382291555404663, 0.7536787390708923, 0.7446824312210083, 0.7425306439399719, 0.7688703536987305]"
6ccd8adb-af24-4e58-82a1-9219dfa37057,Anaesthesia,0.71484375,0.205078125,0.07080078125,0.00958251953125,True,A,0.2399444580078125,medmcqa_2,"['TEXT', 'STAT', 'PBMD', 'STAT', 'PBMD']","[468043370482467961, 468043370483012619, 468043370483466163, 468043370482511868, 468043370483361866]","[0.7811884880065918, 0.7836195230484009, 0.742438018321991, 0.7701681852340698, 0.7476144433021545]"
b28a6de3-cbe2-44a2-b75c-607baefacc05,Anaesthesia,0.07568359375,0.1416015625,0.71875,0.06298828125,False,D,0.24997639656066895,medmcqa_2,"['STAT', 'TEXT', 'TEXT', 'STAT', 'STAT']","[468043370482965090, 468043370482449178, 468043370482494234, 468043370482965069, 468043370483050660]","[0.8117998242378235, 0.7816828489303589, 0.7650196552276611, 0.7873907685279846, 0.8110382556915283]"
6ec7c97f-5287-46e6-82ec-75ded2b07a1c,Anaesthesia,0.1025390625,0.24609375,0.24609375,0.40625,True,D,0.43166065216064453,medmcqa_2,"['STAT', 'STAT', 'STAT', 'PBMD', 'STAT']","[468043370483065969, 468043370483065974, 468043370482525031, 468043370483616462, 468043370483065976]","[0.7686443328857422, 0.7590975165367126, 0.7574791312217712, 0.7623398900032043, 0.7628684043884277]"
7374ee60-8858-43ae-9caa-506553cac5f6,Anaesthesia,0.314453125,0.58984375,0.09033203125,0.0069580078125,False,A,0.1835627555847168,medmcqa_2,"['PBMD', 'STAT', 'STAT', 'STAT', 'STAT']","[468043370484110330, 468043370483050670, 468043370482872879, 468043370482872901, 468043370482965085]","[0.7326973676681519, 0.745515763759613, 0.7828307747840881, 0.7828307747840881, 0.743626058101654]"
e0f9e4af-3c3f-49d3-a19a-f8b884951de6,Anaesthesia,0.0400390625,0.10888671875,0.1396484375,0.7109375,True,D,0.20480632781982422,medmcqa_2,"['STAT', 'STAT', 'STAT', 'STAT', 'PBMD']","[468043370482819616, 468043370482964878, 468043370483050867, 468043370482917211, 468043370483386025]","[0.7573801279067993, 0.7514272928237915, 0.7474532723426819, 0.7386127710342407, 0.7404350638389587]"
37e6c503-59f9-4ba2-80b3-a7acb789c118,Anaesthesia,0.89453125,0.04736328125,0.04443359375,0.01446533203125,True,A,0.2424945831298828,medmcqa_2,"['PBMD', 'PBMD', 'TEXT', 'TEXT', 'TEXT']","[468043370483864764, 468043370483588677, 468043370482464664, 468043370482436137, 468043370482467737]","[0.7431306838989258, 0.7468680739402771, 0.732518196105957, 0.7503148913383484, 0.7317103147506714]"
36837ddf-a7e2-4cec-9b52-17a8fca9ae9b,Anaesthesia,0.0654296875,0.057861328125,0.84765625,0.02734375,False,D,0.24961519241333008,medmcqa_2,"['TEXT', 'TEXT', 'STAT', 'TEXT', 'STAT']","[468043370482430408, 468043370482449135, 468043370482852941, 468043370482430410, 468043370482504533]","[0.8041466474533081, 0.8180835247039795, 0.7891825437545776, 0.7840469479560852, 0.8171266913414001]"
bee22c8c-3527-403f-903a-bd535bc3dd68,Anaesthesia,0.0751953125,0.23046875,0.5546875,0.1396484375,False,A,0.24841690063476562,medmcqa_2,"['STAT', 'STAT', 'STAT', 'STAT', 'PBMD']","[468043370483079314, 468043370483079305, 468043370483039381, 468043370483079315, 468043370483209703]","[0.7898908853530884, 0.7774378061294556, 0.7638312578201294, 0.7569594979286194, 0.744251012802124]"
43a48b2d-df1f-42d0-a999-d76df02c8515,Anaesthesia,0.74609375,0.146484375,0.0947265625,0.013671875,True,A,0.27749204635620117,medmcqa_2,"['TEXT', 'TEXT', 'TEXT', 'PBMD', 'TEXT']","[468043370482450932, 468043370482450934, 468043370482449141, 468043370483453132, 468043370482449210]","[0.7935329675674438, 0.7610938549041748, 0.7517071962356567, 0.7570140957832336, 0.7573547959327698]"
9631d6de-2f89-43ce-a707-508f76977a7f,Anaesthesia,0.203125,0.1083984375,0.10205078125,0.5859375,False,A,0.38416004180908203,medmcqa_2,"['TEXT', 'STAT', 'PBMD', 'TEXT', 'PBMD']","[468043370482436315, 468043370482538387, 468043370483232607, 468043370482383287, 468043370483938546]","[0.7587960362434387, 0.7390463948249817, 0.7575703263282776, 0.7423585057258606, 0.7582885026931763]"
3fb75e9e-82c7-424f-b7ff-60e5ddaa24b5,Anaesthesia,0.052001953125,0.921875,0.0245361328125,0.00274658203125,True,B,0.2521555423736572,medmcqa_2,"['STAT', 'PBMD', 'TEXT', 'PBMD', 'PBMD']","[468043370482875201, 468043370484016329, 468043370482467757, 468043370483873551, 468043370483776351]","[0.8360189199447632, 0.7882028818130493, 0.7723427414894104, 0.7930253744125366, 0.8026126623153687]"
6bce210a-7174-4c76-b1f0-9bc3f5c835fc,Pharmacology,0.64453125,0.345703125,0.0067138671875,0.00433349609375,False,B,0.5191240310668945,medmcqa_2,"['TEXT', 'STAT', 'TEXT', 'PBMD', 'STAT']","[468043370482423336, 468043370482830878, 468043370482471971, 468043370483921253, 468043370482869575]","[0.7775498628616333, 0.7399353981018066, 0.7705785632133484, 0.7770715355873108, 0.7425253391265869]"
0ba46472-54a7-4bb9-9802-a0546e24cede,Pharmacology,0.31640625,0.0147705078125,0.66796875,0.000690460205078125,True,C,0.20508170127868652,medmcqa_2,"['STAT', 'STAT', 'STAT', 'STAT', 'STAT']","[468043370483016566, 468043370483016574, 468043370483016572, 468043370483016571, 468043370483016567]","[0.763974130153656, 0.7242481112480164, 0.7218235731124878, 0.7279680967330933, 0.7357379794120789]"
a1a782cf-d0f2-4645-a96d-79ef0cef3516,Pharmacology,0.062255859375,0.04541015625,0.033203125,0.859375,True,D,0.20240020751953125,medmcqa_2,"['STAT', 'STAT', 'STAT', 'STAT', 'TEXT']","[468043370482812518, 468043370483070936, 468043370482812564, 468043370482812522, 468043370482471607]","[0.7492216229438782, 0.7454140186309814, 0.7449182868003845, 0.7772649526596069, 0.7550351619720459]"
80b51e0b-fe1c-429a-9387-3f1c06c496c4,Pharmacology,0.94140625,0.0498046875,0.006744384765625,0.0026397705078125,True,A,0.24997925758361816,medmcqa_2,"['TEXT', 'TEXT', 'STAT', 'TEXT', 'STAT']","[468043370482412250, 468043370482465393, 468043370482904329, 468043370482401098, 468043370482819660]","[0.7620061039924622, 0.7500227689743042, 0.7363131046295166, 0.7491883039474487, 0.731762707233429]"
3ffd5c17-afde-4101-a4a4-8ed3dfc98918,Pharmacology,0.09375,0.047119140625,0.8359375,0.023681640625,True,C,0.2759053707122803,medmcqa_2,"['TEXT', 'TEXT', 'PBMD', 'TEXT', 'PBMD']","[468043370482469650, 468043370482384581, 468043370483838385, 468043370482428417, 468043370483738883]","[0.8095155954360962, 0.7914713025093079, 0.833482563495636, 0.7830040454864502, 0.8093655109405518]"
1b7a2a1c-6321-4541-b649-7db8418c38da,Pharmacology,0.984375,0.0031280517578125,0.0062255859375,0.006622314453125,True,A,0.5098905563354492,medmcqa_2,"['PBMD', 'PBMD', 'PBMD', 'TEXT', 'PBMD']","[468043370483804532, 468043370483256786, 468043370483515025, 468043370482470090, 468043370483295655]","[0.7828426361083984, 0.7846862077713013, 0.7984375953674316, 0.7340641021728516, 0.7899891138076782]"
a30f9a2b-52f0-4880-980d-d56de2a88910,Pharmacology,0.53125,0.11865234375,0.15234375,0.1962890625,False,B,0.27896595001220703,medmcqa_2,"['PBMD', 'PBMD', 'PBMD', 'PBMD', 'PBMD']","[468043370483527737, 468043370483288416, 468043370483476075, 468043370483412096, 468043370483233753]","[0.8014019131660461, 0.8007696270942688, 0.8040084838867188, 0.815515398979187, 0.8086270093917847]"
3e4d2174-1e88-4652-9aed-78e71215ffe8,Pharmacology,0.2490234375,0.09130859375,0.1328125,0.52734375,False,C,0.23828411102294922,medmcqa_2,"['TEXT', 'STAT', 'STAT', 'STAT', 'STAT']","[468043370482429230, 468043370483051905, 468043370483051909, 468043370483003593, 468043370483051906]","[0.7343006730079651, 0.7619522213935852, 0.7470517754554749, 0.7486777901649475, 0.7694437503814697]"
f14171b9-69fe-4e7f-b004-40f2eb8d4b8c,Pharmacology,0.14453125,0.11279296875,0.50390625,0.23828125,True,C,0.3533802032470703,medmcqa_2,"['PBMD', 'PBMD', 'PBMD', 'PBMD', 'TEXT']","[468043370483629771, 468043370484079650, 468043370483694213, 468043370483846629, 468043370482390839]","[0.756304919719696, 0.7427119016647339, 0.7534634470939636, 0.7399439215660095, 0.7566231489181519]"
c1069842-8261-4a97-b1bb-5faeaacc6435,Pharmacology,0.3515625,0.09423828125,0.51171875,0.044677734375,True,C,0.5563981533050537,medmcqa_2,"['TEXT', 'PBMD', 'TEXT', 'STAT', 'PBMD']","[468043370482467538, 468043370483441255, 468043370482436097, 468043370482838316, 468043370483686133]","[0.7903341054916382, 0.7578722238540649, 0.7828860282897949, 0.7617707848548889, 0.7627906799316406]"
65bef933-00cc-4f7b-8ca0-a77f2fe92c57,Pharmacology,0.2314453125,0.109375,0.62890625,0.03125,False,A,0.24769234657287598,medmcqa_2,"['STAT', 'STAT', 'STAT', 'STAT', 'STAT']","[468043370482987082, 468043370482986029, 468043370482967105, 468043370482967085, 468043370482820622]","[0.7365052700042725, 0.7072260975837708, 0.7103954553604126, 0.7040643692016602, 0.7080839276313782]"
1a4b278a-1f53-4306-ba5e-7b5e303120be,Pharmacology,0.057373046875,0.84375,0.09423828125,0.006439208984375,True,B,0.27513909339904785,medmcqa_2,"['PBMD', 'STAT', 'PBMD', 'STAT', 'PBMD']","[468043370483249719, 468043370482502130, 468043370483236157, 468043370482896756, 468043370483939953]","[0.792302668094635, 0.7521138191223145, 0.7777215242385864, 0.7741265892982483, 0.7541663646697998]"
af64e0dd-f66f-496a-8b0d-13daf729cf5f,Pharmacology,0.032470703125,0.017333984375,0.94921875,0.00063323974609375,True,C,0.24201154708862305,medmcqa_2,"['TEXT', 'STAT', 'STAT', 'TEXT', 'STAT']","[468043370482439099, 468043370482899488, 468043370482940505, 468043370482403060, 468043370482515243]","[0.7858603000640869, 0.8049734830856323, 0.8312410116195679, 0.8031154870986938, 0.7760567665100098]"
00a9d0ce-1638-4a3d-98a6-59e99938c5db,Pharmacology,0.04638671875,0.055908203125,0.0233154296875,0.875,False,B,0.24805116653442383,medmcqa_2,"['STAT', 'STAT', 'STAT', 'STAT', 'PBMD']","[468043370482963668, 468043370483004942, 468043370482908957, 468043370483004928, 468043370483510854]","[0.7447185516357422, 0.7647157907485962, 0.7436131834983826, 0.7220922112464905, 0.7395661473274231]"
fc3d5863-8850-4136-8bf9-8f7bb80ca2cb,Pharmacology,0.09619140625,0.0849609375,0.10888671875,0.7109375,True,D,0.3010876178741455,medmcqa_2,"['PBMD', 'TEXT', 'PBMD', 'TEXT', 'TEXT']","[468043370483934109, 468043370482414400, 468043370483671107, 468043370482470375, 468043370482470373]","[0.7637929916381836, 0.7360983490943909, 0.745140552520752, 0.7555392384529114, 0.7322621941566467]"
59110b4f-4074-4293-aa6d-96b1a6b49b82,Pharmacology,0.00116729736328125,1.0,0.0003795623779296875,0.000244140625,True,B,0.20272111892700195,medmcqa_2,"['TEXT', 'PBMD', 'STAT', 'TEXT', 'STAT']","[468043370482467174, 468043370483235034, 468043370482509063, 468043370482452846, 468043370482895776]","[0.7977564930915833, 0.7289897203445435, 0.7123356461524963, 0.723975658416748, 0.7438130378723145]"
e7c84e8c-d3a6-4bb4-bc34-ad35687338b2,Pharmacology,0.006683349609375,0.9921875,0.000904083251953125,0.000354766845703125,True,B,0.2469472885131836,medmcqa_2,"['STAT', 'STAT', 'STAT', 'PBMD', 'PBMD']","[468043370482843417, 468043370482864695, 468043370482858410, 468043370483095998, 468043370483092386]","[0.8096674680709839, 0.7801159620285034, 0.7613765597343445, 0.7627581357955933, 0.7709484696388245]"
fbaace6c-2dbd-458f-a1b6-8e831e7811fa,Pharmacology,0.341796875,0.38671875,0.0634765625,0.20703125,False,C,0.4734916687011719,medmcqa_2,"['PBMD', 'PBMD', 'PBMD', 'STAT', 'PBMD']","[468043370483168158, 468043370483083286, 468043370483202168, 468043370483049957, 468043370483245360]","[0.7549300193786621, 0.7696264982223511, 0.7480373382568359, 0.7098202705383301, 0.7457752227783203]"
dfa174ff-9288-47b3-8768-a17b364ba1d3,Pharmacology,0.1689453125,0.0908203125,0.1494140625,0.58984375,False,A,0.34375762939453125,medmcqa_2,"['PBMD', 'TEXT', 'PBMD', 'STAT', 'PBMD']","[468043370483838515, 468043370482419933, 468043370483771253, 468043370482838117, 468043370483900605]","[0.8182336091995239, 0.7630012035369873, 0.7878676056861877, 0.7583386301994324, 0.7854849100112915]"
26a95f8b-cbdd-4e14-b3fc-fcf2b9efbd20,Pharmacology,0.2216796875,0.08154296875,0.0927734375,0.60546875,False,B,0.2417905330657959,medmcqa_2,"['PBMD', 'PBMD', 'PBMD', 'TEXT', 'TEXT']","[468043370483118511, 468043370483388123, 468043370483126724, 468043370482416029, 468043370482460116]","[0.7821887731552124, 0.770922064781189, 0.7788780927658081, 0.7133688926696777, 0.7152747511863708]"
4719558d-09ca-4c85-9bf8-454e80a138aa,Surgery,0.11767578125,0.006256103515625,0.87109375,0.00518798828125,True,C,0.25055956840515137,medmcqa_2,"['STAT', 'STAT', 'STAT', 'PBMD', 'PBMD']","[468043370482801094, 468043370482801070, 468043370482540578, 468043370483266545, 468043370483434541]","[0.8157058954238892, 0.7848963737487793, 0.7690043449401855, 0.7903658151626587, 0.8183061480522156]"
9f529003-8d44-442b-8dfc-f839e7f96a72,Surgery,0.029296875,0.859375,0.033203125,0.07958984375,False,D,0.25235748291015625,medmcqa_2,"['PBMD', 'PBMD', 'PBMD', 'PBMD', 'PBMD']","[468043370484109167, 468043370483781168, 468043370483558469, 468043370483447083, 468043370484116661]","[0.7815361022949219, 0.7772905826568604, 0.7869318127632141, 0.7750023007392883, 0.7817002534866333]"
fb136952-1310-4610-aff7-95e8b923ffd9,Surgery,0.034912109375,0.90234375,0.03955078125,0.0240478515625,True,B,0.19461822509765625,medmcqa_2,"['STAT', 'PBMD', 'STAT', 'STAT', 'STAT']","[468043370483027485, 468043370483602421, 468043370483065844, 468043370483065843, 468043370483065845]","[0.8266366720199585, 0.8375540375709534, 0.826164722442627, 0.8213370442390442, 0.8190004229545593]"
a943ecaa-7acd-443e-acee-dac2e82d3946,Surgery,0.1923828125,0.671875,0.11669921875,0.0179443359375,True,B,0.19395995140075684,medmcqa_2,"['STAT', 'STAT', 'PBMD', 'PBMD', 'STAT']","[468043370482895427, 468043370482497729, 468043370483907580, 468043370483279227, 468043370482497727]","[0.7391977310180664, 0.730802059173584, 0.7338050603866577, 0.7391569018363953, 0.7511877417564392]"
f9b6bce4-d7b0-4828-8574-8bbabd89fdad,Surgery,0.068359375,0.73828125,0.1064453125,0.087890625,False,D,0.2544097900390625,medmcqa_2,"['STAT', 'STAT', 'STAT', 'STAT', 'STAT']","[468043370482780402, 468043370482555635, 468043370482950962, 468043370483046224, 468043370482848277]","[0.7892813086509705, 0.7986258268356323, 0.8029957413673401, 0.810879647731781, 0.7949702739715576]"
20e32c25-c198-4018-9a87-77990296f2ab,Surgery,0.177734375,0.10107421875,0.62109375,0.10107421875,True,C,0.3458991050720215,medmcqa_2,"['PBMD', 'TEXT', 'PBMD', 'TEXT', 'TEXT']","[468043370483739715, 468043370482491805, 468043370483736605, 468043370482454539, 468043370482491814]","[0.8129011392593384, 0.7958939671516418, 0.8104866743087769, 0.7773582935333252, 0.7877992391586304]"
7c8d588c-567d-4f19-9e67-c4cf90bfd6ab,Surgery,0.337890625,0.0966796875,0.0751953125,0.490234375,False,A,0.4096653461456299,medmcqa_2,"['TEXT', 'PBMD', 'STAT', 'STAT', 'PBMD']","[468043370482431556, 468043370483540370, 468043370483030028, 468043370483016597, 468043370483316023]","[0.7247200608253479, 0.7468158602714539, 0.7353034019470215, 0.7311426401138306, 0.7499586343765259]"
0c1957b7-636d-4450-9a54-46f34f086cf5,Surgery,0.1865234375,0.57421875,0.1865234375,0.05029296875,False,A,0.20363306999206543,medmcqa_2,"['STAT', 'STAT', 'PBMD', 'STAT', 'PBMD']","[468043370482863944, 468043370482863942, 468043370483538959, 468043370482863943, 468043370483209684]","[0.7701307535171509, 0.699802041053772, 0.779578447341919, 0.7677961587905884, 0.706888735294342]"
836b4e61-8568-4d55-9acf-3a1695081981,Surgery,0.1064453125,0.328125,0.54296875,0.0238037109375,False,B,0.2587432861328125,medmcqa_2,"['TEXT', 'STAT', 'STAT', 'TEXT', 'TEXT']","[468043370482382443, 468043370482811740, 468043370482998775, 468043370482488528, 468043370482423091]","[0.7737936973571777, 0.7749853730201721, 0.7828550934791565, 0.8034296035766602, 0.7845671772956848]"
228da52b-1c04-49cc-bfd8-05701a0fdb11,Surgery,0.8515625,0.06982421875,0.042236328125,0.037353515625,True,A,0.27677130699157715,medmcqa_2,"['STAT', 'STAT', 'STAT', 'PBMD', 'STAT']","[468043370483070466, 468043370483070355, 468043370483070351, 468043370484115860, 468043370483002789]","[0.7919459342956543, 0.7407154440879822, 0.7511426210403442, 0.7673673629760742, 0.7478753328323364]"
b2fbf8f3-4379-40fe-83ac-c1deb1b5c045,Surgery,0.025146484375,0.0208740234375,0.01116943359375,0.94140625,True,D,0.24013495445251465,medmcqa_2,"['STAT', 'STAT', 'TEXT', 'TEXT', 'STAT']","[468043370482894626, 468043370482887872, 468043370482426932, 468043370482369290, 468043370482860739]","[0.71053147315979, 0.7023301720619202, 0.6950171589851379, 0.6971586346626282, 0.7049603462219238]"
358a3866-8fc2-405e-b7e6-383904748d15,Surgery,0.059814453125,0.56640625,0.0283203125,0.34375,True,B,0.3480663299560547,medmcqa_2,"['PBMD', 'PBMD', 'TEXT', 'TEXT', 'STAT']","[468043370483824528, 468043370483352596, 468043370482432008, 468043370482427063, 468043370483037673]","[0.7456563115119934, 0.752545952796936, 0.7498282790184021, 0.7523717880249023, 0.7836160659790039]"
287ee601-bba2-4926-a230-388f13cfa28d,Surgery,0.70703125,0.1787109375,0.06591796875,0.048095703125,True,A,0.254500150680542,medmcqa_2,"['STAT', 'TEXT', 'STAT', 'TEXT', 'STAT']","[468043370483024665, 468043370482481927, 468043370482887396, 468043370482481727, 468043370482846300]","[0.6890464425086975, 0.7140591144561768, 0.683401346206665, 0.6833864450454712, 0.6842809319496155]"
ca191087-1d29-41a5-bf8b-0bae2acebae3,Surgery,0.158203125,0.75390625,0.0546875,0.03125,False,A,0.19529032707214355,medmcqa_2,"['STAT', 'STAT', 'STAT', 'PBMD', 'STAT']","[468043370482774983, 468043370483039614, 468043370483039615, 468043370483831485, 468043370483039612]","[0.8151724338531494, 0.8055714964866638, 0.7693681716918945, 0.8100449442863464, 0.773178219795227]"
8c2a3258-e79f-4872-9de3-a0abc701f711,Surgery,0.1435546875,0.828125,0.01611328125,0.0111083984375,True,B,0.37407493591308594,medmcqa_2,"['STAT', 'STAT', 'STAT', 'TEXT', 'STAT']","[468043370482774964, 468043370483075537, 468043370482917373, 468043370482482369, 468043370482917367]","[0.7665979862213135, 0.7575463056564331, 0.7537394165992737, 0.7115095853805542, 0.7585738897323608]"
30cf8c11-4a20-47e4-bb0e-1113d5ae34a2,Surgery,0.06640625,0.71484375,0.1806640625,0.040283203125,False,C,0.19817399978637695,medmcqa_2,"['STAT', 'STAT', 'TEXT', 'TEXT', 'STAT']","[468043370482937234, 468043370482949417, 468043370482466506, 468043370482467935, 468043370483036837]","[0.8037125468254089, 0.7821475863456726, 0.7434632778167725, 0.7695285081863403, 0.7513136863708496]"
dda876e4-c6ba-4136-bf0c-cc5dac90a7a4,Surgery,0.98828125,0.008544921875,0.0020294189453125,0.0003528594970703125,True,A,0.20113849639892578,medmcqa_2,"['STAT', 'STAT', 'STAT', 'PBMD', 'PBMD']","[468043370482930106, 468043370483052279, 468043370482962155, 468043370483797854, 468043370483559378]","[0.7575618028640747, 0.7490655779838562, 0.7690141797065735, 0.7407843470573425, 0.7608543634414673]"
97028381-fe2a-4c81-9f67-b3125061d7ae,Surgery,0.390625,0.390625,0.1435546875,0.07666015625,False,B,0.33550262451171875,medmcqa_2,"['PBMD', 'PBMD', 'PBMD', 'STAT', 'PBMD']","[468043370483537341, 468043370483865285, 468043370483125631, 468043370483055927, 468043370484058744]","[0.7990184426307678, 0.7885255813598633, 0.8121666312217712, 0.7528494596481323, 0.7889034748077393]"
ce3daa75-37fc-41ba-b0ea-80182c3f9e5b,Surgery,1.0,0.0002460479736328125,0.00021648406982421875,7.486343383789062e-05,True,A,0.20287370681762695,medmcqa_2,"['STAT', 'STAT', 'STAT', 'STAT', 'STAT']","[468043370482812668, 468043370482993729, 468043370482562156, 468043370482872211, 468043370482538311]","[0.7857366800308228, 0.767509937286377, 0.7815238237380981, 0.7904772758483887, 0.7832207679748535]"
baba5fba-6965-463e-af76-ad1192248260,Surgery,0.0517578125,0.02294921875,0.0074462890625,0.91796875,True,D,0.1571948528289795,medmcqa_2,"['STAT', 'STAT', 'PBMD', 'PBMD', 'STAT']","[468043370482895529, 468043370483055919, 468043370483217757, 468043370483842462, 468043370483075510]","[0.8150067925453186, 0.80912184715271, 0.7951775193214417, 0.7719889879226685, 0.7611567378044128]"
49929359-b1a1-436e-9df2-31b0b129f0d7,Anatomy,0.00897216796875,0.0147705078125,0.00188446044921875,0.97265625,True,D,0.2747220993041992,medmcqa_2,"['STAT', 'STAT', 'STAT', 'STAT', 'STAT']","[468043370482498993, 468043370482911870, 468043370483026469, 468043370483038048, 468043370482786417]","[0.8239009380340576, 0.8387616276741028, 0.8286041021347046, 0.7989400029182434, 0.840979814529419]"
c0bb09db-0721-44e8-85a9-9adefcf98f25,Anatomy,0.99609375,0.003173828125,0.000705718994140625,0.0003337860107421875,True,A,0.23175811767578125,medmcqa_2,"['STAT', 'STAT', 'TEXT', 'STAT', 'TEXT']","[468043370482981348, 468043370482496456, 468043370482371392, 468043370482958437, 468043370482371391]","[0.7740459442138672, 0.7503876686096191, 0.7024011015892029, 0.7484822869300842, 0.7006601095199585]"
37383322-4c63-4a27-bc22-f63dcd5763db,Anatomy,0.333984375,0.203125,0.203125,0.259765625,False,D,0.38863492012023926,medmcqa_2,"['STAT', 'STAT', 'TEXT', 'TEXT', 'STAT']","[468043370482811411, 468043370482517989, 468043370482393934, 468043370482380363, 468043370482845831]","[0.7906517386436462, 0.762520968914032, 0.7697421312332153, 0.7740696668624878, 0.784598708152771]"
c33df06b-8aff-47ea-ae1a-0109cfceec53,Anatomy,0.8828125,0.0302734375,0.056640625,0.0284423828125,True,A,0.25426220893859863,medmcqa_2,"['TEXT', 'STAT', 'STAT', 'PBMD', 'STAT']","[468043370482437610, 468043370483036215, 468043370482873942, 468043370483962652, 468043370482518588]","[0.7851763367652893, 0.7574819326400757, 0.770300030708313, 0.804368257522583, 0.7656274437904358]"
fc64fd3a-e114-404f-af63-dfaada2cdbf6,Anatomy,0.0230712890625,0.91796875,0.0517578125,0.005828857421875,True,B,0.2491166591644287,medmcqa_2,"['STAT', 'TEXT', 'STAT', 'TEXT', 'TEXT']","[468043370482801774, 468043370482394009, 468043370482792001, 468043370482394013, 468043370482371346]","[0.8157572150230408, 0.7992771863937378, 0.8031685948371887, 0.7724604606628418, 0.759248673915863]"
2ede6af0-7501-44aa-aa19-39afbe3cf71f,Anatomy,0.037109375,0.953125,0.006439208984375,0.00173187255859375,True,B,0.2467517852783203,medmcqa_2,"['STAT', 'TEXT', 'STAT', 'STAT', 'STAT']","[468043370482993718, 468043370482371734, 468043370482856156, 468043370483048324, 468043370482532470]","[0.8377730250358582, 0.7789491415023804, 0.8058366775512695, 0.8018940091133118, 0.8002824187278748]"
e2883c94-00e1-42ef-b2c6-c1e3e9011038,Anatomy,0.01068115234375,0.018798828125,0.9609375,0.0078125,False,D,0.25200629234313965,medmcqa_2,"['STAT', 'TEXT', 'STAT', 'STAT', 'STAT']","[468043370482864789, 468043370482371451, 468043370482857787, 468043370482857788, 468043370482864804]","[0.7575639486312866, 0.7627140283584595, 0.7535822987556458, 0.760346531867981, 0.7644489407539368]"
7d07e718-099e-466f-912a-d1f7240f482b,Anatomy,0.03955078125,0.03955078125,0.8984375,0.0224609375,True,C,0.2526693344116211,medmcqa_2,"['STAT', 'STAT', 'STAT', 'STAT', 'TEXT']","[468043370482849265, 468043370483015191, 468043370482533245, 468043370482517274, 468043370482487732]","[0.822577714920044, 0.8468819856643677, 0.8332245349884033, 0.7840338945388794, 0.8131132125854492]"
958ac8f0-f87c-4307-a15f-f32b840fd737,Anatomy,0.03271484375,0.010009765625,0.95703125,0.0004119873046875,True,C,0.2324962615966797,medmcqa_2,"['TEXT', 'STAT', 'STAT', 'STAT', 'STAT']","[468043370482371331, 468043370482912188, 468043370482927702, 468043370482959109, 468043370482827347]","[0.8195855617523193, 0.7931678891181946, 0.7980204820632935, 0.798438310623169, 0.7913231253623962]"
d13f2a21-04e2-4c68-9f60-d02262a7ab55,Anatomy,0.1796875,0.01385498046875,0.8046875,0.00145721435546875,False,A,0.25169825553894043,medmcqa_2,"['STAT', 'STAT', 'STAT', 'STAT', 'STAT']","[468043370482778516, 468043370482802646, 468043370482848177, 468043370482807750, 468043370483031748]","[0.8411102890968323, 0.8289944529533386, 0.7764716744422913, 0.7880297303199768, 0.7886132001876831]"
e9be346c-4d68-4290-9ca4-5ea76f8d2280,Anatomy,0.03515625,0.90234375,0.0030670166015625,0.057861328125,True,B,0.27652597427368164,medmcqa_2,"['STAT', 'STAT', 'TEXT', 'STAT', 'TEXT']","[468043370483076058, 468043370482777843, 468043370482371618, 468043370482885099, 468043370482371617]","[0.7924542427062988, 0.7835184931755066, 0.7476161122322083, 0.7815150022506714, 0.7529168128967285]"
34c40855-d9e8-48a6-aedd-c214e19de1fd,Anatomy,0.007659912109375,0.046875,0.94140625,0.0031890869140625,True,C,0.2697014808654785,medmcqa_2,"['TEXT', 'TEXT', 'TEXT', 'TEXT', 'STAT']","[468043370482371083, 468043370482371085, 468043370482371082, 468043370482370709, 468043370482975449]","[0.75091952085495, 0.7095462083816528, 0.7116574048995972, 0.71198970079422, 0.72841876745224]"
1cb974a5-a714-4590-8ba8-9989c6620e23,Anatomy,0.04638671875,0.01409912109375,0.01031494140625,0.9296875,True,D,0.2413311004638672,medmcqa_2,"['STAT', 'STAT', 'STAT', 'STAT', 'STAT']","[468043370483030555, 468043370482866567, 468043370482866568, 468043370483040874, 468043370483030556]","[0.8334231376647949, 0.8345090746879578, 0.7804974317550659, 0.8191561698913574, 0.7665411829948425]"
77bc7a7f-2138-438d-a372-089c4f806090,Anatomy,0.7109375,0.12353515625,0.1396484375,0.02587890625,False,C,0.3481731414794922,medmcqa_2,"['PBMD', 'TEXT', 'PBMD', 'STAT', 'PBMD']","[468043370483645972, 468043370482392049, 468043370483318443, 468043370482906091, 468043370483143556]","[0.7259570360183716, 0.721361517906189, 0.738222062587738, 0.7089376449584961, 0.7223261594772339]"
8e5ce21c-74ea-4b0d-b929-c03ee9d54765,Anatomy,0.73828125,0.0126953125,0.240234375,0.007720947265625,True,A,0.27706265449523926,medmcqa_2,"['STAT', 'TEXT', 'STAT', 'TEXT', 'STAT']","[468043370483004715, 468043370482383813, 468043370482893898, 468043370482383816, 468043370482924523]","[0.819612979888916, 0.8200882077217102, 0.8097809553146362, 0.7966898679733276, 0.8209381103515625]"
f1f62761-750a-4d61-ae39-13f4c4e131d5,Anatomy,0.027587890625,0.04541015625,0.9140625,0.0147705078125,True,C,0.23923420906066895,medmcqa_2,"['STAT', 'STAT', 'PBMD', 'TEXT', 'TEXT']","[468043370483012200, 468043370482837675, 468043370483492644, 468043370482369655, 468043370482369533]","[0.7876900434494019, 0.8199581503868103, 0.7740799784660339, 0.7702471613883972, 0.7782347202301025]"
fd2aca85-4353-4ac2-9eac-0a043f681685,Anatomy,0.014404296875,0.94921875,0.032470703125,0.0032196044921875,False,C,0.2483997344970703,medmcqa_2,"['STAT', 'STAT', 'STAT', 'STAT', 'TEXT']","[468043370482941490, 468043370482540201, 468043370482840478, 468043370482773848, 468043370482440396]","[0.7864229083061218, 0.789225697517395, 0.8092318773269653, 0.7725808620452881, 0.7792497277259827]"
aa240af7-9a6c-44dd-ab9a-ecb2c4cb5c28,Anatomy,0.04931640625,0.008056640625,0.00970458984375,0.93359375,True,D,0.19315743446350098,medmcqa_2,"['TEXT', 'PBMD', 'TEXT', 'PBMD', 'PBMD']","[468043370482395598, 468043370483480290, 468043370482446452, 468043370483505091, 468043370483262933]","[0.6971827149391174, 0.7365481853485107, 0.7050588130950928, 0.7196378707885742, 0.7540509700775146]"
06cab4ad-fb49-4daa-92db-5ee3529af02f,Anatomy,0.017333984375,0.94921875,0.016357421875,0.017333984375,True,B,0.2755260467529297,medmcqa_2,"['TEXT', 'STAT', 'STAT', 'TEXT', 'STAT']","[468043370482371526, 468043370483078606, 468043370483004635, 468043370482371525, 468043370482993713]","[0.7585094571113586, 0.7379646897315979, 0.7401196956634521, 0.7332269549369812, 0.7606509923934937]"
ceaefd37-4bad-48ef-a750-ff288990c99d,Anatomy,0.408203125,0.4609375,0.0908203125,0.040283203125,False,C,0.38153696060180664,medmcqa_2,"['TEXT', 'STAT', 'STAT', 'STAT', 'STAT']","[468043370482430853, 468043370483065828, 468043370483002395, 468043370483002392, 468043370482800693]","[0.8178225755691528, 0.8016316890716553, 0.8094455599784851, 0.804378867149353, 0.812979519367218]"
006fea5f-8d1c-489b-9ea6-1028a64484ab,Forensic Medicine,0.205078125,0.1806640625,0.43359375,0.1806640625,True,C,0.27121448516845703,medmcqa_2,"['PBMD', 'PBMD', 'TEXT', 'PBMD', 'PBMD']","[468043370483882724, 468043370483948056, 468043370482376492, 468043370483554269, 468043370483628689]","[0.6950014233589172, 0.688014805316925, 0.6639108061790466, 0.7357696890830994, 0.6956339478492737]"
c348e60a-061c-4b3d-9192-f54aebed9f8c,Forensic Medicine,0.041259765625,0.10546875,0.83203125,0.0220947265625,True,C,0.34862208366394043,medmcqa_2,"['TEXT', 'TEXT', 'TEXT', 'PBMD', 'TEXT']","[468043370482404438, 468043370482404439, 468043370482442985, 468043370483297578, 468043370482481550]","[0.7932186126708984, 0.7616541385650635, 0.75559401512146, 0.7895147800445557, 0.7539971470832825]"
c8353fc5-db77-40d7-970a-64309e53ba93,Forensic Medicine,0.248046875,0.318359375,0.28125,0.150390625,False,C,0.44512081146240234,medmcqa_2,"['PBMD', 'STAT', 'PBMD', 'TEXT', 'STAT']","[468043370483297346, 468043370483026563, 468043370483845571, 468043370482447050, 468043370482842286]","[0.7489631772041321, 0.7178610563278198, 0.7440010905265808, 0.716690182685852, 0.7163174152374268]"
297808a8-9996-44f3-9753-1b0eec066d41,Forensic Medicine,0.443359375,0.3671875,0.1630859375,0.0250244140625,False,C,0.3921196460723877,medmcqa_2,"['PBMD', 'STAT', 'TEXT', 'PBMD', 'PBMD']","[468043370483950921, 468043370483016929, 468043370482433062, 468043370483303372, 468043370483205983]","[0.7658289670944214, 0.7699571251869202, 0.7674996256828308, 0.772113561630249, 0.7830797433853149]"
0c240f5f-b2d4-4229-8a70-5c2bd42f2144,Forensic Medicine,0.24609375,0.058349609375,0.027587890625,0.66796875,True,D,0.2478036880493164,medmcqa_2,"['STAT', 'STAT', 'TEXT', 'TEXT', 'PBMD']","[468043370482538437, 468043370482993245, 468043370482436265, 468043370482436266, 468043370484078909]","[0.7320067286491394, 0.7589192986488342, 0.7499348521232605, 0.7400670051574707, 0.7485775947570801]"
4c0b406e-5d78-4f1d-99ca-c51f8d240e4f,Forensic Medicine,0.302734375,0.18359375,0.07177734375,0.44140625,False,A,0.4817185401916504,medmcqa_2,"['PBMD', 'STAT', 'PBMD', 'TEXT', 'PBMD']","[468043370483759628, 468043370482786310, 468043370483942039, 468043370482482557, 468043370483723137]","[0.7377030849456787, 0.7295675873756409, 0.7345297932624817, 0.7370227575302124, 0.7585694789886475]"
6f1fdbc9-920f-4bff-b2eb-ba300fd9cc59,Forensic Medicine,0.57421875,0.06884765625,0.30859375,0.04736328125,False,D,0.261075496673584,medmcqa_2,"['STAT', 'STAT', 'STAT', 'STAT', 'PBMD']","[468043370482824398, 468043370482824422, 468043370482824420, 468043370482824423, 468043370483772314]","[0.7230897545814514, 0.7271100282669067, 0.7396295070648193, 0.7355340719223022, 0.7728725075721741]"
5d03f6ea-52a4-4358-94b1-ab24840e0f77,Forensic Medicine,0.1689453125,0.40625,0.357421875,0.06640625,False,C,0.4063842296600342,medmcqa_2,"['PBMD', 'PBMD', 'PBMD', 'PBMD', 'PBMD']","[468043370483531896, 468043370483652608, 468043370483813305, 468043370483571003, 468043370483347489]","[0.7412577867507935, 0.7236432433128357, 0.7250706553459167, 0.7283943295478821, 0.7469873428344727]"
236b5f58-36f4-4644-b7ee-8f90903dba8f,Forensic Medicine,0.69140625,0.2890625,0.01116943359375,0.00927734375,True,A,0.19606423377990723,medmcqa_2,"['STAT', 'STAT', 'TEXT', 'STAT', 'STAT']","[468043370482924226, 468043370482536842, 468043370482461304, 468043370482887672, 468043370482931534]","[0.7596268653869629, 0.7613895535469055, 0.7321265935897827, 0.7580980658531189, 0.7580980658531189]"
08261677-c2d9-467e-9b36-2860dd82c98c,Forensic Medicine,0.6171875,0.2265625,0.12109375,0.036865234375,False,B,0.20514225959777832,medmcqa_2,"['STAT', 'PBMD', 'STAT', 'TEXT', 'PBMD']","[468043370482867877, 468043370484062134, 468043370482949347, 468043370482400100, 468043370483767707]","[0.7448275089263916, 0.7213564515113831, 0.7069206833839417, 0.689895749092102, 0.7233943939208984]"
eaa8c755-dc9b-4a75-ac66-4664ee83567a,Forensic Medicine,0.236328125,0.5,0.119140625,0.1435546875,True,B,0.3990015983581543,medmcqa_2,"['TEXT', 'STAT', 'STAT', 'STAT', 'STAT']","[468043370482462096, 468043370482812338, 468043370483069450, 468043370482910049, 468043370482957971]","[0.7355852127075195, 0.7219862341880798, 0.7240123748779297, 0.7220349907875061, 0.737324595451355]"
16a341b0-9b1c-4a94-94a6-8f8aaa931295,Forensic Medicine,0.2578125,0.15625,0.2578125,0.330078125,False,C,0.3724477291107178,medmcqa_2,"['PBMD', 'TEXT', 'PBMD', 'STAT', 'TEXT']","[468043370483211203, 468043370482495274, 468043370483413386, 468043370482931612, 468043370482383619]","[0.7498536109924316, 0.7211006879806519, 0.745532214641571, 0.7210524082183838, 0.7286431789398193]"
070ff387-f612-43ac-a23e-ab3e8ed192b4,Forensic Medicine,0.291015625,0.1376953125,0.54296875,0.02880859375,True,C,0.27451395988464355,medmcqa_2,"['PBMD', 'TEXT', 'PBMD', 'TEXT', 'TEXT']","[468043370483293261, 468043370482463747, 468043370483241776, 468043370482448092, 468043370482461705]","[0.7263978719711304, 0.7511545419692993, 0.7283453941345215, 0.7048877477645874, 0.7093995809555054]"
a221ada6-01e5-47bb-9aaf-5277ea353f1c,Forensic Medicine,0.71875,0.1171875,0.1171875,0.0458984375,False,C,0.27683043479919434,medmcqa_2,"['STAT', 'TEXT', 'PBMD', 'PBMD', 'STAT']","[468043370482929188, 468043370482431981, 468043370483404411, 468043370483182047, 468043370482903655]","[0.7387367486953735, 0.7371905446052551, 0.7642030715942383, 0.7710345983505249, 0.7365533113479614]"
c54f6d65-4afa-4778-8c98-b32ff9a9782d,Forensic Medicine,0.080078125,0.0517578125,0.4609375,0.40625,False,A,0.5386526584625244,medmcqa_2,"['TEXT', 'STAT', 'PBMD', 'STAT', 'PBMD']","[468043370482466013, 468043370482924582, 468043370484103078, 468043370482878350, 468043370483729299]","[0.7390062808990479, 0.7318655848503113, 0.7751794457435608, 0.7304546236991882, 0.756240963935852]"
2caaca13-e6d7-451f-b63e-4eb2eefea736,Forensic Medicine,0.87890625,0.059814453125,0.01104736328125,0.049560546875,True,A,0.27486634254455566,medmcqa_2,"['TEXT', 'TEXT', 'STAT', 'STAT', 'TEXT']","[468043370482467523, 468043370482442988, 468043370482899498, 468043370482961726, 468043370482404443]","[0.8171681761741638, 0.8061656355857849, 0.796654224395752, 0.795994222164154, 0.8019037842750549]"
1a32e105-4c5b-4116-a635-c2eb48d8c25e,Forensic Medicine,0.23046875,0.1318359375,0.5546875,0.0849609375,False,A,0.2046506404876709,medmcqa_2,"['STAT', 'PBMD', 'STAT', 'STAT', 'STAT']","[468043370482830085, 468043370483644382, 468043370482505638, 468043370482964731, 468043370482505641]","[0.7443283796310425, 0.7414488792419434, 0.7207028269767761, 0.7217301726341248, 0.719322681427002]"
731b980a-f36b-45bd-b1cf-538fd90541fc,Forensic Medicine,0.041748046875,0.0050048828125,0.953125,0.0008697509765625,True,C,0.2823789119720459,medmcqa_2,"['TEXT', 'TEXT', 'TEXT', 'TEXT', 'PBMD']","[468043370482433290, 468043370482456961, 468043370482433329, 468043370482483820, 468043370483411222]","[0.7698390483856201, 0.7381963729858398, 0.7046775221824646, 0.7026480436325073, 0.7326020002365112]"
ae166e0e-586c-42ab-9438-dd02125e35c0,Forensic Medicine,0.27734375,0.2158203125,0.04833984375,0.45703125,True,D,0.31473875045776367,medmcqa_2,"['STAT', 'PBMD', 'STAT', 'STAT', 'PBMD']","[468043370482962521, 468043370483681231, 468043370483043848, 468043370482996659, 468043370483507979]","[0.6679146885871887, 0.7028488516807556, 0.6986765265464783, 0.6686476469039917, 0.701005756855011]"
86155521-ea6f-485e-b258-14c51d44578e,Forensic Medicine,0.94140625,0.0322265625,0.01519775390625,0.0111083984375,True,A,0.2748885154724121,medmcqa_2,"['PBMD', 'PBMD', 'TEXT', 'PBMD', 'PBMD']","[468043370483309086, 468043370483655039, 468043370482388680, 468043370483096554, 468043370483598122]","[0.8162148594856262, 0.8133203983306885, 0.777865469455719, 0.8338152170181274, 0.8179386854171753]"
7e567a6e-46f6-4f48-bd14-21e53726f1ff,Biochemistry,0.138671875,0.427734375,0.1015625,0.33203125,False,A,0.37935376167297363,medmcqa_2,"['TEXT', 'PBMD', 'STAT', 'TEXT', 'TEXT']","[468043370482373824, 468043370483942878, 468043370482942978, 468043370482373149, 468043370482374812]","[0.7478227615356445, 0.7618550062179565, 0.7285529971122742, 0.7375258207321167, 0.735317051410675]"
335e8fc5-5039-4876-a07e-42364a9c8cfb,Biochemistry,0.0033721923828125,0.99609375,0.00109100341796875,0.00066375732421875,True,B,0.25893688201904297,medmcqa_2,"['PBMD', 'TEXT', 'TEXT', 'STAT', 'STAT']","[468043370483200469, 468043370482372672, 468043370482372671, 468043370482935080, 468043370482935087]","[0.8104123473167419, 0.807863175868988, 0.8289316296577454, 0.825595498085022, 0.8152930736541748]"
36535f13-db82-4771-afd8-3f210207b234,Biochemistry,0.79296875,0.07373046875,0.083984375,0.047607421875,True,A,0.27877235412597656,medmcqa_2,"['TEXT', 'STAT', 'PBMD', 'TEXT', 'STAT']","[468043370482373383, 468043370482836253, 468043370483093918, 468043370482372637, 468043370482806667]","[0.8189290761947632, 0.773054301738739, 0.8251657485961914, 0.7833671569824219, 0.7395707964897156]"
d68d6158-666d-424d-9f9b-26cf0fe6acf5,Biochemistry,0.0361328125,0.08154296875,0.875,0.00592041015625,True,C,0.24917101860046387,medmcqa_2,"['TEXT', 'STAT', 'TEXT', 'STAT', 'STAT']","[468043370482441060, 468043370482989783, 468043370482372901, 468043370482789828, 468043370482505843]","[0.7724523544311523, 0.7271097302436829, 0.7644984126091003, 0.7261317372322083, 0.7237733602523804]"
de58aa91-9cd1-419b-b56b-978ced5335f9,Biochemistry,0.04931640625,0.1337890625,0.09228515625,0.72265625,True,D,0.46338653564453125,medmcqa_2,"['PBMD', 'PBMD', 'PBMD', 'STAT', 'PBMD']","[468043370483347999, 468043370483830131, 468043370483433560, 468043370482505383, 468043370483309444]","[0.7906397581100464, 0.7800664305686951, 0.7816070318222046, 0.7661698460578918, 0.7794432044029236]"
8dd9b27b-3aa1-425b-8db6-e935a38d4c5f,Biochemistry,0.03466796875,0.00994873046875,0.953125,0.000560760498046875,True,C,0.27138233184814453,medmcqa_2,"['STAT', 'STAT', 'PBMD', 'STAT', 'STAT']","[468043370483058405, 468043370482869329, 468043370483266807, 468043370483076819, 468043370482953448]","[0.8052300214767456, 0.8231227397918701, 0.8071690201759338, 0.7975497841835022, 0.7851834893226624]"
7f8086d8-e91b-40fc-8d8c-55cc74f84d6c,Biochemistry,0.1396484375,0.10888671875,0.0400390625,0.7109375,True,D,0.3484976291656494,medmcqa_2,"['PBMD', 'PBMD', 'PBMD', 'STAT', 'PBMD']","[468043370483717217, 468043370483217590, 468043370483723406, 468043370482510616, 468043370483869820]","[0.8360381126403809, 0.8149080276489258, 0.8120100498199463, 0.7814041376113892, 0.8106085062026978]"
da9ed7ba-2935-4d4c-a9f5-2f4205c1eb00,Biochemistry,0.01031494140625,0.98828125,0.0004253387451171875,0.0007476806640625,True,B,0.3461017608642578,medmcqa_2,"['STAT', 'PBMD', 'STAT', 'TEXT', 'STAT']","[468043370483053691, 468043370483920553, 468043370482951789, 468043370482372711, 468043370483030300]","[0.7821465134620667, 0.8365436792373657, 0.8104050159454346, 0.8137229084968567, 0.7755258679389954]"
f8268ff0-f341-40ac-9dd7-e639781e9914,Biochemistry,0.99609375,0.0016937255859375,0.0016937255859375,0.0003147125244140625,True,A,0.2397472858428955,medmcqa_2,"['TEXT', 'TEXT', 'TEXT', 'STAT', 'STAT']","[468043370482404194, 468043370482432342, 468043370482442625, 468043370482909667, 468043370482529157]","[0.8189945220947266, 0.849425196647644, 0.8357034921646118, 0.8900743722915649, 0.8594765663146973]"
64fb619d-cfcf-450f-a317-cb760dca53e3,Biochemistry,0.0252685546875,0.019775390625,0.94921875,0.004669189453125,True,C,0.3016626834869385,medmcqa_2,"['TEXT', 'PBMD', 'TEXT', 'STAT', 'STAT']","[468043370482372517, 468043370483683264, 468043370482373489, 468043370482959023, 468043370482794915]","[0.7641628384590149, 0.7537014484405518, 0.747882068157196, 0.8099682927131653, 0.7209665775299072]"
3728d7be-8279-4b79-a826-e568441ff21a,Biochemistry,0.1611328125,0.2197265625,0.52734375,0.091796875,False,B,0.2767810821533203,medmcqa_2,"['STAT', 'TEXT', 'TEXT', 'STAT', 'STAT']","[468043370482835859, 468043370482373172, 468043370482372618, 468043370482535682, 468043370482910548]","[0.7477940917015076, 0.7891837954521179, 0.7616461515426636, 0.7579178214073181, 0.7667484283447266]"
68d6b9df-1044-405b-9fe4-4f0b37dfd0f0,Biochemistry,0.0108642578125,0.00958251953125,0.9765625,0.0024261474609375,True,C,0.2743978500366211,medmcqa_2,"['TEXT', 'TEXT', 'STAT', 'TEXT', 'TEXT']","[468043370482372234, 468043370482372233, 468043370483007259, 468043370482372222, 468043370482397386]","[0.7444089651107788, 0.7738690376281738, 0.7546520233154297, 0.7837375402450562, 0.7412799596786499]"
f87f02ae-e248-473d-9a03-5a866b0dfbee,Biochemistry,0.259765625,0.0177001953125,0.0166015625,0.70703125,True,D,0.2748744487762451,medmcqa_2,"['STAT', 'TEXT', 'STAT', 'PBMD', 'TEXT']","[468043370483030501, 468043370482373012, 468043370482832403, 468043370484063515, 468043370482373007]","[0.8291220664978027, 0.8018684387207031, 0.8150126934051514, 0.8208131790161133, 0.7720214128494263]"
1ff979ad-8930-4ea2-9176-9975e626b233,Biochemistry,0.7734375,0.1728515625,0.0206298828125,0.033935546875,True,A,0.3877983093261719,medmcqa_2,"['TEXT', 'TEXT', 'STAT', 'STAT', 'TEXT']","[468043370482468749, 468043370482457030, 468043370483022796, 468043370482875429, 468043370482373546]","[0.750505805015564, 0.7334970831871033, 0.7503661513328552, 0.7528036236763, 0.7499901056289673]"
1f536213-3abd-44b5-9011-773e21fe138f,Biochemistry,0.018798828125,0.228515625,0.003936767578125,0.75,True,D,0.34572291374206543,medmcqa_2,"['PBMD', 'STAT', 'PBMD', 'TEXT', 'PBMD']","[468043370483765380, 468043370483001605, 468043370484077465, 468043370482473865, 468043370483870780]","[0.8199673891067505, 0.7942682504653931, 0.8019182682037354, 0.7643172144889832, 0.8182336091995239]"
42f5106c-e964-4e2c-b39d-b95f6246efae,Biochemistry,0.365234375,0.1962890625,0.15234375,0.28515625,False,B,0.3954198360443115,medmcqa_2,"['TEXT', 'TEXT', 'TEXT', 'STAT', 'STAT']","[468043370482456809, 468043370482456814, 468043370482456478, 468043370482810107, 468043370482940966]","[0.7737551331520081, 0.7438085675239563, 0.7803822159767151, 0.7451722621917725, 0.73736971616745]"
00b68a41-476c-4506-9961-35e03dd44243,Biochemistry,0.0947265625,0.84375,0.027099609375,0.034912109375,False,D,0.27827978134155273,medmcqa_2,"['TEXT', 'TEXT', 'TEXT', 'STAT', 'TEXT']","[468043370482372661, 468043370482372662, 468043370482372656, 468043370482935085, 468043370482372676]","[0.7924086451530457, 0.7544477581977844, 0.776014506816864, 0.7558258771896362, 0.7482736110687256]"
52f7f99f-7b39-4c16-97c3-df2c2229c041,Biochemistry,0.0299072265625,0.033935546875,0.00665283203125,0.9296875,True,D,0.24567031860351562,medmcqa_2,"['TEXT', 'TEXT', 'TEXT', 'PBMD', 'TEXT']","[468043370482429731, 468043370482372364, 468043370482372244, 468043370483556691, 468043370482373151]","[0.7166716456413269, 0.7158254981040955, 0.7469395995140076, 0.737973690032959, 0.7163774371147156]"
638938c5-4c5d-4ce0-8742-150395cce724,Biochemistry,0.07275390625,0.88671875,0.0152587890625,0.025146484375,True,B,0.2772514820098877,medmcqa_2,"['PBMD', 'PBMD', 'PBMD', 'PBMD', 'TEXT']","[468043370483332566, 468043370483869550, 468043370483938918, 468043370483513137, 468043370482430025]","[0.7854949831962585, 0.7742882370948792, 0.7724665403366089, 0.7627525329589844, 0.7497409582138062]"
615cc399-cebf-4f14-bf98-bf7f8177ee91,Biochemistry,0.0908203125,0.029541015625,0.015869140625,0.86328125,True,D,0.3477640151977539,medmcqa_2,"['TEXT', 'TEXT', 'PBMD', 'STAT', 'STAT']","[468043370482468954, 468043370482372999, 468043370483196100, 468043370483035421, 468043370482927778]","[0.8109197020530701, 0.8111598491668701, 0.8078891634941101, 0.7871040105819702, 0.7771091461181641]"
32911eb7-ec0f-4745-b62c-ce3ed4897eea,Physiology,0.07080078125,0.193359375,0.0625,0.671875,True,D,0.27446556091308594,medmcqa_2,"['PBMD', 'TEXT', 'PBMD', 'TEXT', 'TEXT']","[468043370483956557, 468043370482391805, 468043370483257348, 468043370482378917, 468043370482455081]","[0.7481990456581116, 0.7493826746940613, 0.7487097382545471, 0.7302870154380798, 0.7307270169258118]"
c5065606-5cbb-4adc-85a7-f7e14bf4a75e,Physiology,0.039306640625,0.057373046875,0.006439208984375,0.8984375,False,A,0.3035464286804199,medmcqa_2,"['TEXT', 'STAT', 'STAT', 'PBMD', 'TEXT']","[468043370482377919, 468043370482500131, 468043370482856822, 468043370483432933, 468043370482391619]","[0.7539471387863159, 0.6912148594856262, 0.7139129042625427, 0.7288229465484619, 0.7221461534500122]"
01c2e93f-70e6-417c-b779-c037ee975bff,Physiology,0.01904296875,0.0260009765625,0.91796875,0.037841796875,True,C,0.29968714714050293,medmcqa_2,"['PBMD', 'STAT', 'TEXT', 'STAT', 'TEXT']","[468043370483409828, 468043370482995965, 468043370482467295, 468043370482911468, 468043370482377286]","[0.7909871935844421, 0.7757371664047241, 0.8112757205963135, 0.7674630880355835, 0.8129574656486511]"
4f393b71-3955-4db3-a376-99af5015b825,Physiology,0.34375,0.0595703125,0.031982421875,0.56640625,False,A,0.37731504440307617,medmcqa_2,"['STAT', 'PBMD', 'PBMD', 'STAT', 'PBMD']","[468043370482871558, 468043370483385982, 468043370483851877, 468043370482871557, 468043370484023051]","[0.7893272638320923, 0.7868203520774841, 0.7951821088790894, 0.7833547592163086, 0.803130030632019]"
f3d65283-cf60-4fd3-a23a-804ca33bc8e9,Physiology,0.1796875,0.26171875,0.26171875,0.296875,True,D,0.5579752922058105,medmcqa_2,"['PBMD', 'PBMD', 'PBMD', 'PBMD', 'STAT']","[468043370483597655, 468043370483494486, 468043370483822516, 468043370483251079, 468043370482959770]","[0.7824124693870544, 0.7800263166427612, 0.7750343084335327, 0.775740385055542, 0.7708271145820618]"
58d9be9a-04f6-4c5a-b454-65f2683e3669,Physiology,1.0,0.0006256103515625,7.963180541992188e-05,2.6702880859375e-05,True,A,0.2487773895263672,medmcqa_2,"['TEXT', 'TEXT', 'STAT', 'STAT', 'STAT']","[468043370482423526, 468043370482423527, 468043370482802594, 468043370482526813, 468043370483050534]","[0.7609425187110901, 0.767085075378418, 0.7846556305885315, 0.8000410795211792, 0.8070285320281982]"
78e21dd0-aff4-4cce-b4b0-a275703f99c5,Physiology,0.091796875,0.076171875,0.6796875,0.1513671875,False,D,0.347381591796875,medmcqa_2,"['STAT', 'PBMD', 'STAT', 'PBMD', 'TEXT']","[468043370482522158, 468043370483459415, 468043370482555977, 468043370483751986, 468043370482474103]","[0.7545469999313354, 0.7287217378616333, 0.7241207361221313, 0.7239887118339539, 0.7177910208702087]"
46f87e87-5b3e-465d-ae94-bd65b5f333c2,Physiology,0.025634765625,0.010009765625,0.003936767578125,0.9609375,True,D,0.24912500381469727,medmcqa_2,"['STAT', 'PBMD', 'TEXT', 'PBMD', 'STAT']","[468043370482519224, 468043370483291189, 468043370482468840, 468043370483450663, 468043370482782111]","[0.7188202142715454, 0.743750274181366, 0.7096837759017944, 0.7470578551292419, 0.7616626024246216]"
04d3c89a-f5aa-4cb2-8b65-870d81f04d56,Physiology,0.004608154296875,0.0004024505615234375,0.000621795654296875,0.99609375,True,D,0.2389216423034668,medmcqa_2,"['STAT', 'STAT', 'STAT', 'TEXT', 'STAT']","[468043370482842830, 468043370483066814, 468043370483010542, 468043370482432092, 468043370482842832]","[0.7856683731079102, 0.788107693195343, 0.7952920198440552, 0.8032804727554321, 0.7928075790405273]"
9a3ac2a9-6d0f-4448-865c-e5bac449c1ec,Physiology,0.10888671875,0.48828125,0.1396484375,0.26171875,False,A,0.3493838310241699,medmcqa_2,"['PBMD', 'PBMD', 'PBMD', 'PBMD', 'PBMD']","[468043370483931010, 468043370483590219, 468043370483367897, 468043370483491280, 468043370484121230]","[0.7725008130073547, 0.7636111974716187, 0.7739126682281494, 0.7701666355133057, 0.7921874523162842]"
4a406504-84b2-4e13-8bd3-c149c1c0e0eb,Physiology,0.00909423828125,0.001312255859375,0.00109100341796875,0.98828125,True,D,0.24094867706298828,medmcqa_2,"['TEXT', 'TEXT', 'TEXT', 'TEXT', 'TEXT']","[468043370482474973, 468043370482420742, 468043370482474972, 468043370482474970, 468043370482420774]","[0.809442400932312, 0.7764871120452881, 0.782712459564209, 0.751692533493042, 0.7489233613014221]"
ebc97f5c-aba4-4d9b-9051-b6177ee1a94d,Physiology,0.62109375,0.0654296875,0.228515625,0.083984375,False,D,0.3437619209289551,medmcqa_2,"['STAT', 'TEXT', 'PBMD', 'STAT', 'PBMD']","[468043370482779010, 468043370482418989, 468043370483231149, 468043370482984998, 468043370483879190]","[0.8090972304344177, 0.7390258312225342, 0.7513762712478638, 0.7275093793869019, 0.7403991222381592]"
3b566437-e44a-4c6a-a0e1-973042e5819c,Physiology,0.005218505859375,0.9921875,0.0012359619140625,0.00042724609375,True,B,0.27483654022216797,medmcqa_2,"['PBMD', 'TEXT', 'TEXT', 'STAT', 'STAT']","[468043370483317544, 468043370482434249, 468043370482435688, 468043370483072106, 468043370483051011]","[0.7829580307006836, 0.7757384777069092, 0.770422637462616, 0.7738211750984192, 0.7433449029922485]"
12cd753a-42ac-4773-a89b-7869b1185af1,Physiology,0.01025390625,0.0031280517578125,0.984375,0.0020294189453125,True,C,0.25243616104125977,medmcqa_2,"['TEXT', 'TEXT', 'TEXT', 'STAT', 'TEXT']","[468043370482473757, 468043370482437618, 468043370482437622, 468043370483022954, 468043370482473727]","[0.740282416343689, 0.7594430446624756, 0.7643004059791565, 0.7635912895202637, 0.8026648759841919]"
e737ad44-e48a-4f53-8077-79b181818e5f,Physiology,0.00518798828125,0.0020294189453125,0.00665283203125,0.984375,True,D,0.2490382194519043,medmcqa_2,"['PBMD', 'STAT', 'PBMD', 'STAT', 'PBMD']","[468043370483471102, 468043370483025624, 468043370483464576, 468043370483050437, 468043370483271701]","[0.7318140268325806, 0.740021288394928, 0.7617983818054199, 0.6913424730300903, 0.7225695252418518]"
63b5933b-8cd7-4320-b430-0cbf82644ec8,Physiology,0.1015625,0.8515625,0.031005859375,0.0166015625,True,B,0.34581422805786133,medmcqa_2,"['PBMD', 'PBMD', 'PBMD', 'STAT', 'PBMD']","[468043370483363611, 468043370483402923, 468043370483284690, 468043370482808048, 468043370483547873]","[0.7860682606697083, 0.8011282682418823, 0.7900848388671875, 0.7636826038360596, 0.7948377132415771]"
3bd6c1d7-7d78-4279-8347-7fd70f37a262,Physiology,0.078125,0.0106201171875,0.84375,0.0693359375,True,C,0.25616025924682617,medmcqa_2,"['TEXT', 'STAT', 'TEXT', 'TEXT', 'TEXT']","[468043370482381774, 468043370482847048, 468043370482473827, 468043370482393104, 468043370482378767]","[0.8190178871154785, 0.824700117111206, 0.8075469732284546, 0.8177607655525208, 0.8034931421279907]"
b1918d90-61c1-47d3-894e-63bd85822d98,Physiology,0.1591796875,0.02294921875,0.80859375,0.00897216796875,True,C,0.25445556640625,medmcqa_2,"['STAT', 'TEXT', 'PBMD', 'STAT', 'TEXT']","[468043370483065732, 468043370482378884, 468043370483716388, 468043370483023053, 468043370482472757]","[0.753569483757019, 0.7482663989067078, 0.7867125272750854, 0.7789960503578186, 0.7682614922523499]"
5641b32f-91e7-4a52-bd8a-a1db071d0d45,Physiology,0.89453125,0.0174560546875,0.05712890625,0.0306396484375,False,B,0.2545440196990967,medmcqa_2,"['STAT', 'PBMD', 'TEXT', 'TEXT', 'STAT']","[468043370483057253, 468043370483346090, 468043370482455597, 468043370482481500, 468043370482975857]","[0.7611219882965088, 0.7471415996551514, 0.7532123923301697, 0.7722506523132324, 0.7799608707427979]"
97d223c0-93ff-48c6-8cd4-3492c596b22b,Physiology,0.1552734375,0.30859375,0.396484375,0.1376953125,False,A,0.37768054008483887,medmcqa_2,"['STAT', 'TEXT', 'STAT', 'STAT', 'STAT']","[468043370483018421, 468043370482474958, 468043370482801709, 468043370482511839, 468043370482541373]","[0.7690895199775696, 0.7548313736915588, 0.7926931977272034, 0.7721238136291504, 0.7844624519348145]"
80373cf9-5322-408c-ae6b-bff7f9fb2d88,Gynaecology & Obstetrics,0.03759765625,0.8046875,0.0201416015625,0.1396484375,True,B,0.24956655502319336,medmcqa_2,"['TEXT', 'STAT', 'TEXT', 'TEXT', 'TEXT']","[468043370482447870, 468043370482942859, 468043370482447867, 468043370482446928, 468043370482447871]","[0.7927268743515015, 0.7673557996749878, 0.7540460824966431, 0.7292274832725525, 0.7725067734718323]"
89e4fd81-0a6a-4702-8229-b393fcf8bf91,Gynaecology & Obstetrics,0.00909423828125,0.984375,0.001678466796875,0.0040283203125,True,B,0.24573993682861328,medmcqa_2,"['STAT', 'PBMD', 'STAT', 'STAT', 'STAT']","[468043370483055854, 468043370483813286, 468043370482791090, 468043370482801937, 468043370482823294]","[0.7904764413833618, 0.7972186803817749, 0.7867604494094849, 0.8035189509391785, 0.8189995884895325]"
ff15f943-5815-44a6-a8cf-5513f692fde6,Gynaecology & Obstetrics,0.220703125,0.1337890625,0.36328125,0.283203125,False,D,0.5407145023345947,medmcqa_2,"['TEXT', 'TEXT', 'PBMD', 'TEXT', 'PBMD']","[468043370482384806, 468043370482448328, 468043370483219991, 468043370482448305, 468043370483619551]","[0.7406049966812134, 0.7372838258743286, 0.7618637084960938, 0.7512120604515076, 0.7612642049789429]"
16f0079a-a1c9-4a10-a9c7-2fa11f8bddba,Gynaecology & Obstetrics,0.037109375,0.95703125,0.005340576171875,0.0018463134765625,False,A,0.24724125862121582,medmcqa_2,"['PBMD', 'PBMD', 'PBMD', 'PBMD', 'PBMD']","[468043370483645496, 468043370483475648, 468043370483989259, 468043370483457724, 468043370483255289]","[0.7470893859863281, 0.7222083806991577, 0.7141704559326172, 0.713279664516449, 0.7349132895469666]"
6db0be4d-9458-4e57-98f2-1755ea19876b,Gynaecology & Obstetrics,0.024169921875,0.033203125,0.35546875,0.5859375,False,C,0.2047898769378662,medmcqa_2,"['STAT', 'TEXT', 'TEXT', 'STAT', 'STAT']","[468043370482906431, 468043370482449401, 468043370482451104, 468043370482935845, 468043370482917328]","[0.7719578146934509, 0.7453671097755432, 0.7557383179664612, 0.7593276500701904, 0.7588764429092407]"
476fc39f-b59d-4878-839c-006da1da3f70,Gynaecology & Obstetrics,0.053466796875,0.61328125,0.005645751953125,0.328125,True,B,0.39421939849853516,medmcqa_2,"['TEXT', 'TEXT', 'PBMD', 'TEXT', 'TEXT']","[468043370482451740, 468043370482451869, 468043370484021499, 468043370482451705, 468043370482451741]","[0.7441686391830444, 0.7321466207504272, 0.736854076385498, 0.7427114248275757, 0.7381824254989624]"
4b912603-51df-4c8b-89de-6d845f666cb1,Gynaecology & Obstetrics,0.0218505859375,0.0673828125,0.76953125,0.142578125,False,D,0.2546811103820801,medmcqa_2,"['STAT', 'TEXT', 'STAT', 'PBMD', 'PBMD']","[468043370483015423, 468043370482456690, 468043370483015456, 468043370483600656, 468043370483911880]","[0.7702121734619141, 0.8007415533065796, 0.7612221837043762, 0.8003471493721008, 0.8056867718696594]"
f3f48369-3b19-470a-bdaa-a5d8fa4d8afa,Gynaecology & Obstetrics,0.00518798828125,0.9921875,0.00139617919921875,0.0023040771484375,True,B,0.2521672248840332,medmcqa_2,"['STAT', 'PBMD', 'TEXT', 'PBMD', 'STAT']","[468043370482906597, 468043370483654923, 468043370482446955, 468043370483868926, 468043370482553032]","[0.7911505103111267, 0.8470181226730347, 0.8176381587982178, 0.8213553428649902, 0.7907700538635254]"
838f8aa6-e9c7-4e24-ae4b-d430371f9e27,Gynaecology & Obstetrics,0.1201171875,0.05322265625,0.044189453125,0.78125,True,D,0.27478623390197754,medmcqa_2,"['TEXT', 'PBMD', 'TEXT', 'TEXT', 'PBMD']","[468043370482388657, 468043370483468749, 468043370482388629, 468043370482462381, 468043370483619240]","[0.752285361289978, 0.7673787474632263, 0.7483744621276855, 0.741680383682251, 0.7660841941833496]"
82f5a7e9-467b-471b-bf1f-0d66f964408e,Gynaecology & Obstetrics,0.66796875,0.1025390625,0.080078125,0.1494140625,False,D,0.29610776901245117,medmcqa_2,"['PBMD', 'PBMD', 'PBMD', 'PBMD', 'PBMD']","[468043370483276594, 468043370483114317, 468043370483086598, 468043370483613651, 468043370483307935]","[0.8126670122146606, 0.8143075704574585, 0.8107121586799622, 0.8106594085693359, 0.8197752237319946]"
ab01afe5-53fa-43eb-8419-c92653ed2b1f,Gynaecology & Obstetrics,0.1044921875,0.0634765625,0.46875,0.365234375,False,A,0.555811882019043,medmcqa_2,"['PBMD', 'PBMD', 'PBMD', 'PBMD', 'STAT']","[468043370483874963, 468043370483841469, 468043370483696935, 468043370484122076, 468043370482961769]","[0.7844512462615967, 0.7842795252799988, 0.7829468250274658, 0.7832773923873901, 0.7457571029663086]"
b92d77c7-0eeb-411f-952f-ffb56e8f11fe,Gynaecology & Obstetrics,0.050048828125,0.005279541015625,0.94140625,0.0020599365234375,True,C,0.2014162540435791,medmcqa_2,"['TEXT', 'STAT', 'STAT', 'TEXT', 'PBMD']","[468043370482448965, 468043370482838735, 468043370483030985, 468043370482448955, 468043370483527022]","[0.7996072769165039, 0.7862155437469482, 0.8180540800094604, 0.8450025916099548, 0.8111863136291504]"
e0120b3c-b9c7-4167-a9e7-b07b767d14d3,Gynaecology & Obstetrics,0.2890625,0.1982421875,0.09375,0.419921875,False,B,0.4514491558074951,medmcqa_2,"['PBMD', 'PBMD', 'PBMD', 'TEXT', 'STAT']","[468043370483751942, 468043370483284032, 468043370483833116, 468043370482462031, 468043370483015442]","[0.767886757850647, 0.7737300992012024, 0.7947957515716553, 0.7637668251991272, 0.7581740021705627]"
e5e8e766-7a60-497c-80f9-842c60f4e1a4,Gynaecology & Obstetrics,0.99609375,0.00170135498046875,0.00102996826171875,0.0002956390380859375,True,A,0.1980900764465332,medmcqa_2,"['TEXT', 'STAT', 'STAT', 'PBMD', 'PBMD']","[468043370482391189, 468043370482547941, 468043370483079446, 468043370483188416, 468043370483676327]","[0.7136462926864624, 0.7385962009429932, 0.7896969318389893, 0.7847693562507629, 0.7833787798881531]"
8b8596c2-33bc-48dd-b6b3-bd7fdbf34669,Gynaecology & Obstetrics,0.0140380859375,0.984375,0.00244140625,0.00101470947265625,True,B,0.27471327781677246,medmcqa_2,"['STAT', 'STAT', 'TEXT', 'TEXT', 'TEXT']","[468043370482857197, 468043370483038253, 468043370482445995, 468043370482448849, 468043370482449036]","[0.8302028775215149, 0.8126187324523926, 0.8129198551177979, 0.7870858907699585, 0.7836979627609253]"
8870f48b-468f-484c-8070-3b135b2c7ada,Gynaecology & Obstetrics,0.041015625,0.0181884765625,0.93359375,0.008056640625,True,C,0.3456258773803711,medmcqa_2,"['STAT', 'PBMD', 'STAT', 'STAT', 'STAT']","[468043370482954878, 468043370483503384, 468043370482954882, 468043370482895189, 468043370482895149]","[0.7540867328643799, 0.7588340044021606, 0.7086412906646729, 0.7156904935836792, 0.7391154766082764]"
1fd04b32-9f12-4f3a-9df0-425c967704af,Gynaecology & Obstetrics,0.1328125,0.10302734375,0.59375,0.169921875,False,B,0.5771174430847168,medmcqa_2,"['PBMD', 'STAT', 'PBMD', 'STAT', 'PBMD']","[468043370483557796, 468043370482884504, 468043370483622325, 468043370482961819, 468043370483745646]","[0.7971243262290955, 0.7830169796943665, 0.7956644296646118, 0.7815950512886047, 0.7971987724304199]"
c0a989ca-6fdf-4c72-9407-44ef61bfceee,Gynaecology & Obstetrics,0.50390625,0.052978515625,0.390625,0.052978515625,False,C,0.3982105255126953,medmcqa_2,"['TEXT', 'STAT', 'STAT', 'PBMD', 'TEXT']","[468043370482401307, 468043370482823276, 468043370482983796, 468043370484105159, 468043370482401305]","[0.7886031270027161, 0.7798899412155151, 0.7563185691833496, 0.7758698463439941, 0.7824479341506958]"
f9be858f-ef2f-475e-9c82-ced530a1a623,Gynaecology & Obstetrics,0.00787353515625,0.96875,0.005767822265625,0.0189208984375,True,B,0.25017666816711426,medmcqa_2,"['PBMD', 'TEXT', 'TEXT', 'PBMD', 'PBMD']","[468043370483936752, 468043370482463246, 468043370482453425, 468043370484045585, 468043370483337995]","[0.8137301206588745, 0.8102452158927917, 0.7891680598258972, 0.8224605321884155, 0.8186814785003662]"
ab34e961-f641-4c92-9324-06da16cc52ef,Gynaecology & Obstetrics,0.251953125,0.2373046875,0.32421875,0.1845703125,False,B,0.37560296058654785,medmcqa_2,"['STAT', 'STAT', 'TEXT', 'STAT', 'TEXT']","[468043370482931247, 468043370482934711, 468043370482450879, 468043370482536732, 468043370482450892]","[0.7480936646461487, 0.7534259557723999, 0.7406021356582642, 0.742554247379303, 0.7284715175628662]"
e15bd12a-6b91-40be-a531-eef51948125d,Radiology,0.83984375,0.1376953125,0.015380859375,0.0068359375,True,A,0.3947932720184326,medmcqa_2,"['TEXT', 'PBMD', 'STAT', 'STAT', 'PBMD']","[468043370482456973, 468043370483517711, 468043370482523782, 468043370483016527, 468043370483875069]","[0.74974524974823, 0.7718737125396729, 0.7379379272460938, 0.7446198463439941, 0.787803053855896]"
ef9a0bee-7dbf-44e3-bc03-908430db2007,Radiology,0.8984375,0.08349609375,0.01361083984375,0.00604248046875,True,A,0.2800757884979248,medmcqa_2,"['PBMD', 'PBMD', 'PBMD', 'PBMD', 'STAT']","[468043370483373520, 468043370483891789, 468043370484057985, 468043370483853239, 468043370482799834]","[0.7516498565673828, 0.7563074827194214, 0.7768422365188599, 0.7613933086395264, 0.7389022707939148]"
b59153cb-ea66-4755-aec9-b66fe42f55f7,Radiology,0.1435546875,0.26953125,0.1435546875,0.443359375,True,D,0.38468170166015625,medmcqa_2,"['STAT', 'STAT', 'PBMD', 'TEXT', 'PBMD']","[468043370482820998, 468043370482901989, 468043370483538116, 468043370482391528, 468043370483540568]","[0.6788048148155212, 0.6826235055923462, 0.7234725952148438, 0.6364965438842773, 0.7253382802009583]"
c196913e-1147-43ad-a9f5-69199b85b03e,Radiology,0.09033203125,0.042724609375,0.85546875,0.009521484375,True,C,0.19808673858642578,medmcqa_2,"['PBMD', 'PBMD', 'PBMD', 'PBMD', 'PBMD']","[468043370483619263, 468043370483540509, 468043370483730560, 468043370483265660, 468043370483217883]","[0.8057611584663391, 0.7950660586357117, 0.7853063344955444, 0.7534505128860474, 0.7466303706169128]"
1dfe7f56-a602-4f8a-8ba7-50c3b60fa991,Radiology,0.263671875,0.4921875,0.232421875,0.01312255859375,False,C,0.25217509269714355,medmcqa_2,"['PBMD', 'TEXT', 'STAT', 'STAT', 'PBMD']","[468043370483441017, 468043370482394048, 468043370482497735, 468043370483036187, 468043370484035864]","[0.7567679286003113, 0.6678541302680969, 0.7091730833053589, 0.721040666103363, 0.72850501537323]"
104140eb-9ea9-4d91-8fa2-82aebb82e8ae,Radiology,0.142578125,0.059326171875,0.63671875,0.1611328125,False,A,0.2436997890472412,medmcqa_2,"['PBMD', 'STAT', 'PBMD', 'PBMD', 'PBMD']","[468043370483721873, 468043370482930083, 468043370483211250, 468043370483390523, 468043370483872585]","[0.782434344291687, 0.7596598863601685, 0.7492354512214661, 0.7731583714485168, 0.7752963304519653]"
7f20e2a3-7048-4782-8dbe-c53dd6ccabc1,Radiology,0.15625,0.050537109375,0.0947265625,0.69921875,False,B,0.20721435546875,medmcqa_2,"['STAT', 'STAT', 'PBMD', 'PBMD', 'STAT']","[468043370482535328, 468043370482804250, 468043370483826308, 468043370484000463, 468043370482930134]","[0.7484540939331055, 0.7334389090538025, 0.7402651906013489, 0.7350670695304871, 0.7326816916465759]"
ec6114a9-5426-4d90-bdde-2511889a20ec,Radiology,0.056640625,0.044189453125,0.88671875,0.01263427734375,True,C,0.34670543670654297,medmcqa_2,"['PBMD', 'PBMD', 'PBMD', 'PBMD', 'PBMD']","[468043370483690816, 468043370483700682, 468043370483650673, 468043370483882815, 468043370483520986]","[0.7980453968048096, 0.8112297058105469, 0.796649694442749, 0.7918095588684082, 0.7913892269134521]"
3d1306f4-a5d6-47ef-9cda-f607ffa78c6e,Radiology,0.208984375,0.73046875,0.041259765625,0.0206298828125,True,B,0.2728872299194336,medmcqa_2,"['PBMD', 'PBMD', 'PBMD', 'PBMD', 'PBMD']","[468043370483245802, 468043370483211015, 468043370484057985, 468043370483217818, 468043370484108106]","[0.7704845666885376, 0.7716833353042603, 0.7821869850158691, 0.7861045598983765, 0.7658371329307556]"
41de4a10-ea29-4f5d-817c-570c5e537bc9,Radiology,0.046875,0.00921630859375,0.00384521484375,0.94140625,False,A,0.353532075881958,medmcqa_2,"['PBMD', 'PBMD', 'PBMD', 'PBMD', 'PBMD']","[468043370483978128, 468043370483978127, 468043370484105272, 468043370483715648, 468043370483960218]","[0.7651191353797913, 0.7657976150512695, 0.7811760306358337, 0.7707564234733582, 0.7747793197631836]"
ab0d7b68-3f9b-4879-b13f-09f33ede7424,Radiology,0.4609375,0.10302734375,0.2177734375,0.2177734375,False,D,0.20429396629333496,medmcqa_2,"['PBMD', 'STAT', 'PBMD', 'STAT', 'STAT']","[468043370483538802, 468043370482542545, 468043370483651939, 468043370482901989, 468043370482864338]","[0.7509320974349976, 0.6885570287704468, 0.742611825466156, 0.698156476020813, 0.6970714926719666]"
b973cb7b-da19-43d1-a05c-7fa5ec994cdc,Radiology,0.69140625,0.154296875,0.068359375,0.087890625,True,A,0.24441170692443848,medmcqa_2,"['PBMD', 'PBMD', 'STAT', 'PBMD', 'PBMD']","[468043370483102934, 468043370483219788, 468043370482937589, 468043370483619711, 468043370483964760]","[0.7164152264595032, 0.7222655415534973, 0.6857958436012268, 0.7117196917533875, 0.7338179349899292]"
c08067b4-7695-49f9-8c51-efbca491078a,Radiology,0.69921875,0.10693359375,0.1552734375,0.039306640625,True,A,0.28104186058044434,medmcqa_2,"['STAT', 'PBMD', 'STAT', 'STAT', 'PBMD']","[468043370482778046, 468043370483774423, 468043370482778043, 468043370483012437, 468043370484013481]","[0.8059155941009521, 0.8043314218521118, 0.7453740835189819, 0.7441020011901855, 0.7733957767486572]"
f841125e-342d-4ad5-9138-4acd357f08c6,Radiology,0.07568359375,0.86328125,0.033447265625,0.026123046875,True,B,0.23826074600219727,medmcqa_2,"['PBMD', 'PBMD', 'PBMD', 'PBMD', 'STAT']","[468043370483212666, 468043370483211977, 468043370484106976, 468043370483559344, 468043370483051308]","[0.7704260349273682, 0.792077898979187, 0.7390357255935669, 0.7567282915115356, 0.7609337568283081]"
1a005431-798b-4360-83a1-01d29c494ca4,Radiology,0.150390625,0.5234375,0.28125,0.043212890625,False,C,0.19783425331115723,medmcqa_2,"['STAT', 'STAT', 'PBMD', 'PBMD', 'PBMD']","[468043370483020912, 468043370483020917, 468043370484066254, 468043370483860129, 468043370483764665]","[0.7624796628952026, 0.7645226716995239, 0.7528563737869263, 0.7552065849304199, 0.7474865317344666]"
f6bd6944-8c47-4037-8871-10855371a4c2,Radiology,0.1455078125,0.2890625,0.54296875,0.0238037109375,False,D,0.3998258113861084,medmcqa_2,"['STAT', 'PBMD', 'PBMD', 'STAT', 'STAT']","[468043370482901989, 468043370484008597, 468043370483879130, 468043370482542547, 468043370482908698]","[0.7150659561157227, 0.748496413230896, 0.7398789525032043, 0.7511441111564636, 0.7384257316589355]"
73bd4537-a8bc-420a-a85e-93d08adc318b,Radiology,0.050048828125,0.326171875,0.01190185546875,0.609375,False,A,0.24903607368469238,medmcqa_2,"['PBMD', 'PBMD', 'PBMD', 'PBMD', 'TEXT']","[468043370483771254, 468043370483877657, 468043370483426723, 468043370483553643, 468043370482443678]","[0.7986100912094116, 0.7823694348335266, 0.8032920956611633, 0.8122283816337585, 0.74488765001297]"
ca34b209-b2de-4643-b1a6-a2e8b7c3e356,Radiology,0.1650390625,0.5078125,0.30859375,0.0185546875,True,B,0.3615298271179199,medmcqa_2,"['STAT', 'STAT', 'STAT', 'STAT', 'PBMD']","[468043370482798058, 468043370482951226, 468043370483063949, 468043370482951232, 468043370483539288]","[0.7876308560371399, 0.7606899738311768, 0.7399688363075256, 0.7397444248199463, 0.7745174765586853]"
fa913906-e910-4289-9d58-446c23e08c33,Radiology,0.02001953125,0.96484375,0.00445556640625,0.01141357421875,True,B,0.1998589038848877,medmcqa_2,"['STAT', 'TEXT', 'PBMD', 'STAT', 'TEXT']","[468043370483078550, 468043370482487444, 468043370483163632, 468043370482848281, 468043370482487445]","[0.7298250794410706, 0.7282527685165405, 0.756491482257843, 0.7364528775215149, 0.7135512232780457]"
479e5139-f840-4d95-b13b-d1a95e2ff3e4,Radiology,0.1796875,0.62890625,0.09619140625,0.09619140625,False,A,0.3459010124206543,medmcqa_2,"['PBMD', 'PBMD', 'PBMD', 'TEXT', 'TEXT']","[468043370483261072, 468043370483125515, 468043370484092289, 468043370482390210, 468043370482492919]","[0.7741127014160156, 0.7656389474868774, 0.7601066827774048, 0.7390643358230591, 0.7374948859214783]"
357eebd0-e51d-46c8-8cc4-0fff4a79387b,ENT,0.5546875,0.0751953125,0.1396484375,0.23046875,True,A,0.19498276710510254,medmcqa_2,"['PBMD', 'PBMD', 'PBMD', 'PBMD', 'STAT']","[468043370483298611, 468043370483485295, 468043370483564685, 468043370483365862, 468043370482518249]","[0.8221213817596436, 0.8129830956459045, 0.7996348142623901, 0.8089559078216553, 0.8033593893051147]"
c4c72573-bba7-4544-8e80-7bf4fe8d0f2d,ENT,0.328125,0.09423828125,0.036865234375,0.54296875,False,C,0.2391986846923828,medmcqa_2,"['STAT', 'STAT', 'TEXT', 'PBMD', 'STAT']","[468043370482914344, 468043370483027488, 468043370482387762, 468043370483328602, 468043370482980252]","[0.8128124475479126, 0.7872372269630432, 0.7113608717918396, 0.7220331430435181, 0.7683845162391663]"
09b9375c-41ee-4295-ad27-2a11074d4434,ENT,0.021484375,0.91015625,0.0274658203125,0.0400390625,False,A,0.25184011459350586,medmcqa_2,"['STAT', 'STAT', 'PBMD', 'PBMD', 'PBMD']","[468043370483077737, 468043370483077740, 468043370483917118, 468043370483190160, 468043370483368250]","[0.7406788468360901, 0.7781726717948914, 0.7382359504699707, 0.7433587312698364, 0.7453980445861816]"
8f57df40-4509-4083-a86d-d53e7bcaf328,ENT,0.5546875,0.10302734375,0.296875,0.04296875,False,C,0.3398137092590332,medmcqa_2,"['STAT', 'STAT', 'TEXT', 'TEXT', 'STAT']","[468043370482878190, 468043370482878208, 468043370482445088, 468043370482459982, 468043370482878194]","[0.7267240285873413, 0.7164211869239807, 0.7072665095329285, 0.7072832584381104, 0.7190792560577393]"
3b38f235-0a3f-4781-ae19-a7858523b39f,ENT,0.042236328125,0.1884765625,0.74609375,0.0225830078125,True,C,0.1952657699584961,medmcqa_2,"['PBMD', 'STAT', 'PBMD', 'PBMD', 'PBMD']","[468043370483386192, 468043370482941197, 468043370483137246, 468043370484045784, 468043370483365039]","[0.8139470815658569, 0.8243688941001892, 0.8044545650482178, 0.7727044224739075, 0.7688224911689758]"
825a499b-6eac-41df-b015-85662bfe6aa9,ENT,0.373046875,0.1767578125,0.12109375,0.330078125,True,A,0.5230815410614014,medmcqa_2,"['STAT', 'TEXT', 'STAT', 'TEXT', 'TEXT']","[468043370482801782, 468043370482485227, 468043370482975943, 468043370482485239, 468043370482458569]","[0.7772886753082275, 0.7847107648849487, 0.7551116943359375, 0.757377028465271, 0.7675127983093262]"
1fc80d00-8929-4d18-9f07-25d005ceec59,ENT,0.028076171875,0.9296875,0.028076171875,0.0159912109375,False,A,0.20447206497192383,medmcqa_2,"['STAT', 'PBMD', 'PBMD', 'STAT', 'STAT']","[468043370482801998, 468043370483251607, 468043370483221889, 468043370483032733, 468043370483078340]","[0.7455609440803528, 0.7880555391311646, 0.803182065486908, 0.7662003040313721, 0.7735652923583984]"
04f192d7-760b-468b-a895-658b0efeb566,ENT,0.1826171875,0.439453125,0.2353515625,0.142578125,False,A,0.25226330757141113,medmcqa_2,"['STAT', 'TEXT', 'TEXT', 'STAT', 'TEXT']","[468043370482900822, 468043370482473273, 468043370482372182, 468043370482774769, 468043370482403235]","[0.7646251320838928, 0.7355088591575623, 0.7628873586654663, 0.7494903206825256, 0.7495563626289368]"
16ce8442-864b-43f1-b815-f9096e55fa54,ENT,0.345703125,0.64453125,0.004913330078125,0.00592041015625,False,A,0.2747337818145752,medmcqa_2,"['PBMD', 'TEXT', 'PBMD', 'PBMD', 'STAT']","[468043370483642964, 468043370482371745, 468043370483821232, 468043370483738064, 468043370483015406]","[0.7623656392097473, 0.7377278804779053, 0.7700897455215454, 0.7270522117614746, 0.7463864088058472]"
ac97880a-0862-45cf-bed5-a2000a93343c,ENT,0.05615234375,0.005218505859375,0.93359375,0.00433349609375,True,C,0.2721104621887207,medmcqa_2,"['STAT', 'STAT', 'PBMD', 'PBMD', 'TEXT']","[468043370482801094, 468043370482801070, 468043370483266545, 468043370483434541, 468043370482485279]","[0.8095930218696594, 0.7775831818580627, 0.7804341316223145, 0.8098047375679016, 0.7540149092674255]"
8b538660-2509-4f93-a358-104099bb3cb8,ENT,0.984375,0.01318359375,0.0037689208984375,0.0002918243408203125,True,A,0.2514305114746094,medmcqa_2,"['STAT', 'STAT', 'STAT', 'STAT', 'TEXT']","[468043370483059809, 468043370482922544, 468043370483043258, 468043370482978334, 468043370482403235]","[0.7529089450836182, 0.7224127054214478, 0.7577594518661499, 0.7568978667259216, 0.7347592115402222]"
751d9564-7804-41b2-a03d-210ffdcba7d6,ENT,0.0027923583984375,0.99609375,0.000457763671875,0.000179290771484375,True,B,0.2526402473449707,medmcqa_2,"['STAT', 'STAT', 'STAT', 'PBMD', 'TEXT']","[468043370483007671, 468043370482535064, 468043370482535077, 468043370484071665, 468043370482412690]","[0.7403571009635925, 0.752422034740448, 0.7445897459983826, 0.7412552833557129, 0.7391570210456848]"
9bad2095-2dd9-4485-946a-4ef51d16e8a4,ENT,0.04296875,0.08544921875,0.86328125,0.00848388671875,True,C,0.2746422290802002,medmcqa_2,"['TEXT', 'TEXT', 'STAT', 'TEXT', 'PBMD']","[468043370482460258, 468043370482460257, 468043370482891005, 468043370482405161, 468043370483232644]","[0.7390308380126953, 0.7377276420593262, 0.7683984041213989, 0.7396958470344543, 0.7685281038284302]"
99f0588d-fd2b-405a-ac4e-5615d0533fff,ENT,0.259765625,0.228515625,0.427734375,0.083984375,False,D,0.39557456970214844,medmcqa_2,"['PBMD', 'PBMD', 'PBMD', 'TEXT', 'STAT']","[468043370483640753, 468043370483746139, 468043370484097006, 468043370482436793, 468043370482882521]","[0.7233667373657227, 0.7276172041893005, 0.7260312438011169, 0.6998942494392395, 0.6999977827072144]"
693c8309-0775-4b3a-899a-5fd7064993f3,ENT,0.224609375,0.14453125,0.5390625,0.09326171875,False,D,0.4498772621154785,medmcqa_2,"['TEXT', 'STAT', 'PBMD', 'PBMD', 'PBMD']","[468043370482403362, 468043370483037745, 468043370483504068, 468043370483732550, 468043370483802260]","[0.7594519853591919, 0.7459609508514404, 0.7734625935554504, 0.7741876840591431, 0.7740378975868225]"
ec1866a1-00c2-425a-8886-ff7321defbd9,ENT,0.2255859375,0.578125,0.12890625,0.06884765625,True,B,0.24611210823059082,medmcqa_2,"['STAT', 'PBMD', 'TEXT', 'STAT', 'STAT']","[468043370482997823, 468043370483618069, 468043370482376800, 468043370482997796, 468043370482980018]","[0.7639253735542297, 0.713237464427948, 0.7244936227798462, 0.6914077997207642, 0.6949561834335327]"
aedc1587-ff44-45d7-ac9c-abf3f90c6a1a,ENT,0.006683349609375,0.98828125,0.0010223388671875,0.002166748046875,True,B,0.2429642677307129,medmcqa_2,"['STAT', 'TEXT', 'STAT', 'STAT', 'STAT']","[468043370482780952, 468043370482403247, 468043370482802011, 468043370482780937, 468043370482780948]","[0.762962281703949, 0.7358871698379517, 0.7898923754692078, 0.7462556958198547, 0.8039449453353882]"
97ed634a-a034-41a1-b92d-3781331b6f5a,ENT,0.1298828125,0.0791015625,0.515625,0.275390625,True,C,0.2711598873138428,medmcqa_2,"['STAT', 'STAT', 'STAT', 'PBMD', 'PBMD']","[468043370482961248, 468043370482959110, 468043370483005209, 468043370483642964, 468043370483821232]","[0.7684656381607056, 0.7912775278091431, 0.7800906300544739, 0.7844675779342651, 0.7867231369018555]"
671eebea-f741-4ed8-bf68-36e36c8de1eb,ENT,0.00909423828125,0.98828125,0.000797271728515625,0.00024318695068359375,True,B,0.2620666027069092,medmcqa_2,"['STAT', 'STAT', 'STAT', 'STAT', 'PBMD']","[468043370483002296, 468043370482538723, 468043370482525526, 468043370483002226, 468043370483775157]","[0.7666618824005127, 0.751541793346405, 0.7297948598861694, 0.7433437705039978, 0.7988868951797485]"
d05667f6-6469-49d1-b8c5-0cacd49cc623,ENT,0.1884765625,0.51171875,0.275390625,0.0225830078125,True,B,0.24190878868103027,medmcqa_2,"['STAT', 'STAT', 'STAT', 'STAT', 'PBMD']","[468043370482778582, 468043370482808686, 468043370482778600, 468043370482778580, 468043370483300299]","[0.7890678644180298, 0.7597627639770508, 0.772324800491333, 0.7433221340179443, 0.7590943574905396]"
