id,subject,probA,probB,probC,probD,result,answer,time,split,sources,ids,similarity
bc4f5387-b4e2-4c9f-9372-d2578aa9848d,Microbiology,0.049560546875,0.03857421875,0.134765625,0.77734375,True,D,0.5376765727996826,medmcqa_3,"['TEXT', 'PBMD', 'PBMD', 'PBMD', 'PBMD']","[468043370482414974, 468043370483122470, 468043370483164307, 468043370483267066, 468043370483256072]","[0.7151207327842712, 0.7475943565368652, 0.7559636235237122, 0.7537238001823425, 0.7421055436134338]"
cb22bfd6-e7d0-4944-8677-45b1a3d35c21,Microbiology,0.1640625,0.326171875,0.34765625,0.1640625,False,B,0.38539695739746094,medmcqa_3,"['TEXT', 'PBMD', 'TEXT', 'TEXT', 'STAT']","[468043370482417677, 468043370483617296, 468043370482470904, 468043370482417580, 468043370483012953]","[0.7473514676094055, 0.7499945759773254, 0.7379609942436218, 0.7352080345153809, 0.7438139915466309]"
c56d4b66-8192-4b25-9d20-7312a5f5d4cb,Microbiology,0.037109375,0.578125,0.3515625,0.03271484375,False,C,0.2718210220336914,medmcqa_3,"['PBMD', 'STAT', 'PBMD', 'STAT', 'PBMD']","[468043370483926095, 468043370482836632, 468043370483278853, 468043370482991287, 468043370483617648]","[0.8172186613082886, 0.7704645395278931, 0.8208693861961365, 0.7667684555053711, 0.8301213979721069]"
a5fcd994-859d-49cc-b3c2-5fa501e726e6,Microbiology,0.765625,0.091796875,0.1328125,0.008544921875,False,B,0.28037571907043457,medmcqa_3,"['TEXT', 'STAT', 'STAT', 'PBMD', 'PBMD']","[468043370482470108, 468043370482781438, 468043370482876902, 468043370483803403, 468043370483706355]","[0.7281643152236938, 0.6783568263053894, 0.6891076564788818, 0.7170499563217163, 0.7247475981712341]"
a1bea2c7-217e-4240-a208-541618437eec,Microbiology,0.0301513671875,0.0235595703125,0.9375,0.007171630859375,False,D,0.27480173110961914,medmcqa_3,"['STAT', 'STAT', 'STAT', 'STAT', 'PBMD']","[468043370483025916, 468043370483074490, 468043370483061739, 468043370482805647, 468043370483730685]","[0.8266799449920654, 0.8125226497650146, 0.783136248588562, 0.7922734618186951, 0.8052406311035156]"
9b9120e8-6675-4e3d-8dc1-4c7b261957f1,Microbiology,0.07666015625,0.1953125,0.68359375,0.04638671875,True,C,0.20459866523742676,medmcqa_3,"['STAT', 'STAT', 'TEXT', 'STAT', 'STAT']","[468043370483025435, 468043370482551686, 468043370482399116, 468043370482993920, 468043370482847314]","[0.7004274129867554, 0.6942639350891113, 0.6820807456970215, 0.7191329598426819, 0.7116886973381042]"
78396a0e-60b7-4aa4-9586-8d38825f08ab,Microbiology,0.9921875,0.00592041015625,0.0004024505615234375,5.435943603515625e-05,True,A,0.24536943435668945,medmcqa_3,"['PBMD', 'PBMD', 'PBMD', 'PBMD', 'PBMD']","[468043370483885140, 468043370483091994, 468043370483704932, 468043370483118852, 468043370483183145]","[0.7188991904258728, 0.724674642086029, 0.7272159457206726, 0.733575701713562, 0.7231442928314209]"
15417774-021b-4c2c-8d47-6d80322fe687,Microbiology,0.0189208984375,0.97265625,0.004241943359375,0.004791259765625,True,B,0.24637651443481445,medmcqa_3,"['STAT', 'TEXT', 'PBMD', 'TEXT', 'STAT']","[468043370482782543, 468043370482404812, 468043370483273229, 468043370482460827, 468043370482885946]","[0.7334271669387817, 0.7292742729187012, 0.7390169501304626, 0.7341998815536499, 0.7326608300209045]"
2388aeb7-4920-452f-9acb-28be49c72966,Microbiology,0.283203125,0.0712890625,0.11767578125,0.52734375,True,D,0.24579215049743652,medmcqa_3,"['TEXT', 'STAT', 'TEXT', 'STAT', 'STAT']","[468043370482417597, 468043370483012945, 468043370482410847, 468043370482966662, 468043370483012952]","[0.7566661238670349, 0.7288457751274109, 0.7723042964935303, 0.7798431515693665, 0.7341838479042053]"
e8de9b5f-8d91-4770-b700-0a4ac5dd29e2,Microbiology,0.87109375,0.076171875,0.03173828125,0.0218505859375,True,A,0.2396385669708252,medmcqa_3,"['TEXT', 'STAT', 'TEXT', 'STAT', 'STAT']","[468043370482410359, 468043370483060156, 468043370482432117, 468043370482523877, 468043370483078685]","[0.8024380207061768, 0.7801726460456848, 0.7668919563293457, 0.7556780576705933, 0.7553236484527588]"
3aab1eeb-6cbe-4fc3-b2de-5b459ab610f6,Microbiology,0.111328125,0.6015625,0.1259765625,0.162109375,True,B,0.24754571914672852,medmcqa_3,"['PBMD', 'STAT', 'PBMD', 'STAT', 'TEXT']","[468043370483270176, 468043370482948738, 468043370483100130, 468043370482948743, 468043370482416565]","[0.7783900499343872, 0.7633222937583923, 0.7835134267807007, 0.771230161190033, 0.7713627815246582]"
2610a5af-a6cb-488f-98df-4341a3a9c7f9,Microbiology,0.09423828125,0.0732421875,0.7890625,0.04443359375,True,C,0.34819746017456055,medmcqa_3,"['STAT', 'STAT', 'PBMD', 'PBMD', 'PBMD']","[468043370483010872, 468043370483010873, 468043370483428759, 468043370483892449, 468043370483549653]","[0.7655483484268188, 0.757412314414978, 0.773077130317688, 0.7617748975753784, 0.7552138566970825]"
44483815-3319-493d-b156-d3663a4d61a1,Microbiology,0.16796875,0.515625,0.1015625,0.21484375,False,D,0.2734065055847168,medmcqa_3,"['TEXT', 'STAT', 'STAT', 'PBMD', 'STAT']","[468043370482410925, 468043370482552695, 468043370482985327, 468043370483098329, 468043370482512138]","[0.7708171606063843, 0.7841969728469849, 0.7945939302444458, 0.8033257126808167, 0.7865498661994934]"
9c1caee2-628f-4a80-b55e-8480760cb634,Microbiology,0.17578125,0.12109375,0.00640869140625,0.6953125,True,D,0.28460073471069336,medmcqa_3,"['PBMD', 'PBMD', 'PBMD', 'PBMD', 'PBMD']","[468043370483859628, 468043370483427759, 468043370483548561, 468043370483555446, 468043370483243012]","[0.7460675239562988, 0.763920783996582, 0.7470672130584717, 0.7455721497535706, 0.7456549406051636]"
ced0e6e7-048a-467e-aa7e-e10def9ebb5e,Microbiology,0.279296875,0.1923828125,0.169921875,0.359375,False,B,0.3900878429412842,medmcqa_3,"['PBMD', 'STAT', 'STAT', 'STAT', 'PBMD']","[468043370483684614, 468043370483040567, 468043370483040564, 468043370482989190, 468043370483237560]","[0.7550287842750549, 0.7132469415664673, 0.7458468675613403, 0.7762839198112488, 0.7244575023651123]"
e14c42e1-754e-40a6-9b50-5d27b40e5a7d,Microbiology,0.96875,0.0257568359375,0.00186920166015625,0.00372314453125,True,A,0.3458373546600342,medmcqa_3,"['PBMD', 'PBMD', 'PBMD', 'PBMD', 'STAT']","[468043370483115977, 468043370483428318, 468043370483132394, 468043370483261233, 468043370482514122]","[0.8724669218063354, 0.8446441888809204, 0.8723544478416443, 0.8598159551620483, 0.8066383004188538]"
ee9f14bb-4e5e-4e39-99aa-ba63533bf4b2,Microbiology,0.00311279296875,0.98046875,0.00213623046875,0.015869140625,True,B,0.25400829315185547,medmcqa_3,"['STAT', 'STAT', 'STAT', 'STAT', 'STAT']","[468043370482918127, 468043370482805647, 468043370483074490, 468043370482822140, 468043370482782235]","[0.7802121043205261, 0.7943335771560669, 0.8221129179000854, 0.8156259059906006, 0.7880162000656128]"
2fb9aa7b-5106-4856-943d-f6554959feab,Microbiology,0.66015625,0.138671875,0.06982421875,0.1298828125,True,A,0.2701420783996582,medmcqa_3,"['TEXT', 'TEXT', 'STAT', 'STAT', 'PBMD']","[468043370482412003, 468043370482462924, 468043370483045065, 468043370483017306, 468043370483725853]","[0.7389594316482544, 0.7131718397140503, 0.7030907869338989, 0.7092247009277344, 0.7381481528282166]"
9859d4a2-274f-47eb-b20f-ca5309440793,Microbiology,0.054443359375,0.90625,0.0107421875,0.02734375,True,B,0.24790120124816895,medmcqa_3,"['TEXT', 'TEXT', 'STAT', 'STAT', 'TEXT']","[468043370482412483, 468043370482412439, 468043370482544854, 468043370482830911, 468043370482412455]","[0.8152135014533997, 0.8093088865280151, 0.7968436479568481, 0.7728340029716492, 0.793721079826355]"
6b874c35-3e1a-4158-b37c-34fd4c6350a7,Microbiology,0.318359375,0.279296875,0.169921875,0.232421875,False,D,0.41074323654174805,medmcqa_3,"['PBMD', 'PBMD', 'PBMD', 'TEXT', 'PBMD']","[468043370483843536, 468043370483453520, 468043370483767031, 468043370482417615, 468043370483892559]","[0.7778358459472656, 0.7881759405136108, 0.782374382019043, 0.7489857077598572, 0.7838279604911804]"
05984a75-d9af-4a87-8ac5-824576bf0d9f,Social & Preventive Medicine,0.267578125,0.5703125,0.126953125,0.036376953125,False,A,0.20449542999267578,medmcqa_3,"['PBMD', 'STAT', 'STAT', 'PBMD', 'STAT']","[468043370483486935, 468043370482509001, 468043370483028061, 468043370483643408, 468043370482806020]","[0.7126852869987488, 0.6969717144966125, 0.7001538276672363, 0.7278962731361389, 0.7109583020210266]"
2dbbf01a-5a68-40c9-a24f-fd4af9d314e8,Social & Preventive Medicine,0.00982666015625,0.046875,0.94140625,0.0014190673828125,True,C,0.24930715560913086,medmcqa_3,"['STAT', 'STAT', 'TEXT', 'STAT', 'STAT']","[468043370483060641, 468043370482861603, 468043370482410502, 468043370482827497, 468043370482554476]","[0.7847419381141663, 0.7344678640365601, 0.7475202679634094, 0.7207562327384949, 0.7261321544647217]"
0c9337fa-55ba-4441-8da7-99d451749ccf,Social & Preventive Medicine,0.2490234375,0.46484375,0.2060546875,0.08056640625,False,C,0.2378678321838379,medmcqa_3,"['PBMD', 'PBMD', 'PBMD', 'TEXT', 'TEXT']","[468043370483593490, 468043370483227062, 468043370483109678, 468043370482467398, 468043370482467917]","[0.6504427790641785, 0.6447952389717102, 0.6477780938148499, 0.6943299174308777, 0.6943299174308777]"
5d7ae586-3ecd-41a4-a172-d32ab3dc4f6a,Social & Preventive Medicine,0.0048828125,0.9921875,0.000751495361328125,0.001800537109375,False,D,0.2565889358520508,medmcqa_3,"['STAT', 'TEXT', 'STAT', 'STAT', 'STAT']","[468043370482989593, 468043370482417646, 468043370482859773, 468043370482976749, 468043370482776890]","[0.761482834815979, 0.7300584316253662, 0.7354701161384583, 0.7585721015930176, 0.7531424164772034]"
157101aa-f928-4f25-8b8a-51e712b3e7ff,Social & Preventive Medicine,0.015869140625,0.0035400390625,0.98046875,0.000652313232421875,True,C,0.2679731845855713,medmcqa_3,"['TEXT', 'TEXT', 'TEXT', 'TEXT', 'TEXT']","[468043370482400989, 468043370482406729, 468043370482406728, 468043370482400986, 468043370482400984]","[0.802519679069519, 0.7887011170387268, 0.7820749878883362, 0.7936162948608398, 0.8085775375366211]"
0113aaf1-61d3-4d61-a9c7-b5b46e51e7e8,Social & Preventive Medicine,0.01312255859375,0.98046875,0.0042724609375,0.0033111572265625,True,B,0.2629272937774658,medmcqa_3,"['TEXT', 'TEXT', 'TEXT', 'PBMD', 'TEXT']","[468043370482383787, 468043370482382358, 468043370482494972, 468043370483842857, 468043370482494969]","[0.709160327911377, 0.7094979882240295, 0.7105714082717896, 0.7495925426483154, 0.698582112789154]"
f0f91922-12fd-4213-871c-19e47532a6d6,Social & Preventive Medicine,0.0908203125,0.296875,0.5234375,0.0908203125,True,C,0.3019375801086426,medmcqa_3,"['TEXT', 'TEXT', 'PBMD', 'STAT', 'PBMD']","[468043370482463747, 468043370482401631, 468043370483616048, 468043370482805043, 468043370483209258]","[0.69972163438797, 0.7119013667106628, 0.7748842835426331, 0.718141496181488, 0.7611433267593384]"
658ebcea-6f61-4281-a426-848ad0dcf8bf,Social & Preventive Medicine,0.0986328125,0.267578125,0.1630859375,0.470703125,False,B,0.3808133602142334,medmcqa_3,"['STAT', 'PBMD', 'TEXT', 'TEXT', 'PBMD']","[468043370482532935, 468043370483626734, 468043370482383022, 468043370482461448, 468043370483305140]","[0.7361034154891968, 0.7961450219154358, 0.725610077381134, 0.719123899936676, 0.8071286082267761]"
7754fac4-e0d5-4ae7-9df8-9fd6bef4e4db,Social & Preventive Medicine,0.4453125,0.126953125,0.345703125,0.08203125,False,C,0.38166069984436035,medmcqa_3,"['STAT', 'STAT', 'STAT', 'STAT', 'TEXT']","[468043370482981854, 468043370482814401, 468043370482814397, 468043370482814398, 468043370482410563]","[0.7197331190109253, 0.666530966758728, 0.7206920981407166, 0.6853046417236328, 0.6837872862815857]"
f4a4fc55-bc04-42eb-8f8d-d6d48a5b1c5a,Social & Preventive Medicine,0.04052734375,0.0262451171875,0.92578125,0.008544921875,True,C,0.3433098793029785,medmcqa_3,"['TEXT', 'STAT', 'PBMD', 'PBMD', 'PBMD']","[468043370482415530, 468043370483018814, 468043370483427338, 468043370483849411, 468043370483529702]","[0.7946494817733765, 0.8201581239700317, 0.7793871164321899, 0.7910799980163574, 0.824682354927063]"
da131385-8cb4-4fbe-8f90-8ae12467eadd,Social & Preventive Medicine,0.5546875,0.10888671875,0.1796875,0.158203125,True,A,0.34626078605651855,medmcqa_3,"['PBMD', 'PBMD', 'PBMD', 'PBMD', 'STAT']","[468043370483732868, 468043370484047819, 468043370483285317, 468043370483751468, 468043370482551365]","[0.7232087254524231, 0.7111297845840454, 0.7195045948028564, 0.713442325592041, 0.691839337348938]"
0ce2a16b-40f9-4f27-b5e0-24b1f906e4ba,Social & Preventive Medicine,0.10986328125,0.43359375,0.048583984375,0.408203125,True,B,0.33519577980041504,medmcqa_3,"['STAT', 'STAT', 'STAT', 'PBMD', 'PBMD']","[468043370483031515, 468043370482525701, 468043370482913601, 468043370483093633, 468043370483142158]","[0.6100795269012451, 0.6111879944801331, 0.6111879348754883, 0.6745349764823914, 0.6724115610122681]"
a0f9a92a-4321-4213-aa23-7b60a5f06864,Social & Preventive Medicine,0.72265625,0.0218505859375,0.0205078125,0.234375,True,A,0.25236082077026367,medmcqa_3,"['STAT', 'STAT', 'STAT', 'TEXT', 'TEXT']","[468043370483008572, 468043370483008584, 468043370483008573, 468043370482494906, 468043370482401029]","[0.8209517002105713, 0.7981864809989929, 0.8433423042297363, 0.7963495850563049, 0.8197802901268005]"
60485d84-b6cd-4796-984a-9432906a4585,Social & Preventive Medicine,0.1552734375,0.0211181640625,0.7890625,0.03271484375,True,C,0.2546215057373047,medmcqa_3,"['PBMD', 'PBMD', 'STAT', 'TEXT', 'TEXT']","[468043370484055761, 468043370483800411, 468043370482895848, 468043370482400905, 468043370482400918]","[0.7616822719573975, 0.7215896248817444, 0.7207590937614441, 0.7393474578857422, 0.7255692481994629]"
bed477a6-5416-4f65-9859-e454fa02adbc,Social & Preventive Medicine,0.953125,0.006439208984375,0.02880859375,0.00994873046875,True,A,0.29090261459350586,medmcqa_3,"['TEXT', 'PBMD', 'PBMD', 'PBMD', 'STAT']","[468043370482414561, 468043370483850691, 468043370483254745, 468043370483683105, 468043370483051618]","[0.7284106016159058, 0.765874445438385, 0.7375622987747192, 0.7387464046478271, 0.7085586786270142]"
11271a83-0b83-4fb4-b809-05e352546743,Social & Preventive Medicine,0.10302734375,0.0216064453125,0.86328125,0.013916015625,True,C,0.3436093330383301,medmcqa_3,"['PBMD', 'STAT', 'PBMD', 'PBMD', 'PBMD']","[468043370484046625, 468043370482963083, 468043370483406055, 468043370483752583, 468043370484039283]","[0.7731337547302246, 0.7187299728393555, 0.7487900853157043, 0.778778612613678, 0.7558731436729431]"
f8a5b0e2-b529-4ad4-b55d-f6e5fc4708e1,Social & Preventive Medicine,0.453125,0.375,0.1298828125,0.042236328125,False,B,0.38759803771972656,medmcqa_3,"['TEXT', 'TEXT', 'STAT', 'PBMD', 'TEXT']","[468043370482383779, 468043370482400998, 468043370482981859, 468043370483866691, 468043370482382343]","[0.8042597770690918, 0.759583055973053, 0.7714619636535645, 0.8041329383850098, 0.7473862171173096]"
fc83df2a-e58c-4bb9-b4e8-d20541d3f9c4,Social & Preventive Medicine,0.1806640625,0.380859375,0.296875,0.140625,False,D,0.33403992652893066,medmcqa_3,"['STAT', 'STAT', 'PBMD', 'TEXT', 'PBMD']","[468043370482981859, 468043370483001768, 468043370483405817, 468043370482382338, 468043370483866691]","[0.7072933912277222, 0.6975054144859314, 0.7513338327407837, 0.694767415523529, 0.7471529841423035]"
60522ee9-d25d-4890-a184-59a47df07377,Social & Preventive Medicine,0.0712890625,0.87109375,0.049072265625,0.01025390625,True,B,0.2679421901702881,medmcqa_3,"['PBMD', 'TEXT', 'PBMD', 'PBMD', 'TEXT']","[468043370483819857, 468043370482400852, 468043370483268479, 468043370483854611, 468043370482401722]","[0.7008308172225952, 0.704220175743103, 0.7000979781150818, 0.7025412321090698, 0.7000508904457092]"
2cc7bf03-5a41-4a8c-a8c9-9f969afac49f,Social & Preventive Medicine,0.0400390625,0.9140625,0.0101318359375,0.03759765625,True,B,0.30474233627319336,medmcqa_3,"['STAT', 'PBMD', 'PBMD', 'PBMD', 'PBMD']","[468043370482979697, 468043370484079174, 468043370483742102, 468043370483659929, 468043370484024014]","[0.7414405941963196, 0.782135546207428, 0.771183967590332, 0.7694149613380432, 0.7705895900726318]"
cb8ea9a3-b993-4d69-a1e2-aa031b0bdb11,Dental,0.04443359375,0.89453125,0.04736328125,0.01446533203125,False,A,0.279247522354126,medmcqa_3,"['STAT', 'STAT', 'PBMD', 'PBMD', 'TEXT']","[468043370482984982, 468043370482984983, 468043370483729168, 468043370483538788, 468043370482494037]","[0.8021590113639832, 0.7491049766540527, 0.7400487065315247, 0.7396073341369629, 0.6774408221244812]"
bc74b992-2aef-440e-81a2-17958caecbee,Dental,0.28515625,0.2080078125,0.142578125,0.365234375,False,A,0.38495850563049316,medmcqa_3,"['STAT', 'TEXT', 'PBMD', 'STAT', 'PBMD']","[468043370482984977, 468043370482394045, 468043370483538902, 468043370482966120, 468043370484060834]","[0.7399199604988098, 0.7394987940788269, 0.7518285512924194, 0.761724054813385, 0.7439600825309753]"
be69c330-1008-4f75-bca3-3e1658c02f39,Dental,0.455078125,0.138671875,0.3125,0.09521484375,False,C,0.44591569900512695,medmcqa_3,"['STAT', 'PBMD', 'STAT', 'PBMD', 'PBMD']","[468043370482540776, 468043370483840145, 468043370482949220, 468043370483537191, 468043370484059390]","[0.7080167531967163, 0.7371655702590942, 0.6962461471557617, 0.7452632188796997, 0.7430534362792969]"
938a6fd0-f60a-4d86-91c0-0cb8786028ae,Dental,0.1875,0.146484375,0.578125,0.08837890625,False,B,0.4620094299316406,medmcqa_3,"['PBMD', 'PBMD', 'PBMD', 'PBMD', 'PBMD']","[468043370483641270, 468043370484055696, 468043370483755611, 468043370484053435, 468043370483652141]","[0.7418895959854126, 0.7347292304039001, 0.7732675075531006, 0.7474600076675415, 0.7370136380195618]"
f282ac31-8ff6-4a2b-b1d3-f2ce16552888,Dental,0.26171875,0.1240234375,0.43359375,0.1806640625,False,A,0.5578010082244873,medmcqa_3,"['PBMD', 'STAT', 'PBMD', 'PBMD', 'PBMD']","[468043370483215054, 468043370483030009, 468043370483741864, 468043370483209860, 468043370483538990]","[0.7484782934188843, 0.6991928219795227, 0.7430195212364197, 0.7541208863258362, 0.7459059953689575]"
3b5e1975-f74b-426e-8869-43b353f8a100,Dental,0.0230712890625,0.921875,0.0296630859375,0.026123046875,True,B,0.2071232795715332,medmcqa_3,"['PBMD', 'PBMD', 'PBMD', 'STAT', 'PBMD']","[468043370483219719, 468043370484058452, 468043370484056060, 468043370482518373, 468043370484055161]","[0.7489527463912964, 0.7388542294502258, 0.7514137625694275, 0.7023020386695862, 0.7376561760902405]"
069b7516-54c4-4e5d-acf7-a7c92fdd2a01,Dental,0.052734375,0.052734375,0.87890625,0.01513671875,True,C,0.24771666526794434,medmcqa_3,"['STAT', 'TEXT', 'TEXT', 'STAT', 'STAT']","[468043370483006871, 468043370482371266, 468043370482371271, 468043370482995550, 468043370483065936]","[0.7439899444580078, 0.7337332963943481, 0.7479594349861145, 0.7374481558799744, 0.7332125902175903]"
25a152c6-7c2b-4da4-b89d-cf75e2b780aa,Dental,0.07373046875,0.58203125,0.034912109375,0.310546875,True,B,0.1640470027923584,medmcqa_3,"['STAT', 'STAT', 'TEXT', 'TEXT', 'STAT']","[468043370482937560, 468043370483004623, 468043370482394016, 468043370482394020, 468043370482794021]","[0.7137395739555359, 0.7014321684837341, 0.6961374282836914, 0.6893353462219238, 0.6951200366020203]"
3d2b968e-f973-423f-a0e9-1aab41489e9f,Dental,0.1884765625,0.212890625,0.146484375,0.451171875,False,A,0.2463541030883789,medmcqa_3,"['STAT', 'PBMD', 'PBMD', 'STAT', 'PBMD']","[468043370482984985, 468043370483758340, 468043370483539576, 468043370482807738, 468043370483211211]","[0.6997314691543579, 0.7327028512954712, 0.7323659062385559, 0.7104230523109436, 0.7320832014083862]"
3aed5296-d2c0-4347-8804-d85234302675,Dental,0.13671875,0.65234375,0.099609375,0.11328125,True,B,0.3464212417602539,medmcqa_3,"['PBMD', 'PBMD', 'TEXT', 'PBMD', 'TEXT']","[468043370483315284, 468043370483730254, 468043370482437541, 468043370483311527, 468043370482480009]","[0.7312280535697937, 0.7305434346199036, 0.6898260116577148, 0.7338004112243652, 0.6817989945411682]"
8ecd446d-adb7-4e91-aca4-b1f3d3a63447,Dental,0.298828125,0.5234375,0.10302734375,0.0751953125,False,A,0.3784210681915283,medmcqa_3,"['STAT', 'PBMD', 'STAT', 'STAT', 'STAT']","[468043370482984986, 468043370483866016, 468043370482984982, 468043370482774974, 468043370482984987]","[0.7289888858795166, 0.7246661186218262, 0.715307891368866, 0.7132858037948608, 0.7123318314552307]"
e342fc89-9875-4188-9009-b9065fdf5b9c,Dental,0.1025390625,0.05859375,0.7578125,0.080078125,False,B,0.2501406669616699,medmcqa_3,"['PBMD', 'PBMD', 'STAT', 'PBMD', 'PBMD']","[468043370483541136, 468043370483539395, 468043370482898621, 468043370483536588, 468043370483540828]","[0.7316224575042725, 0.707892894744873, 0.6361033320426941, 0.6940159797668457, 0.6992227435112]"
28c87a35-b6b1-4b1f-bfd5-d94b4fc0be1d,Dental,0.99609375,0.001800537109375,0.0033721923828125,0.0001392364501953125,True,A,0.23920226097106934,medmcqa_3,"['STAT', 'TEXT', 'PBMD', 'PBMD', 'STAT']","[468043370482945260, 468043370482383785, 468043370484044119, 468043370483294034, 468043370482522402]","[0.7071738839149475, 0.7202873826026917, 0.7626354098320007, 0.7556701898574829, 0.7376224398612976]"
8a91d036-5cc2-49a1-8ce0-d92b771ed10d,Dental,0.07373046875,0.07373046875,0.2734375,0.578125,False,C,0.3482518196105957,medmcqa_3,"['PBMD', 'STAT', 'STAT', 'PBMD', 'STAT']","[468043370483817090, 468043370482771883, 468043370482966136, 468043370483817091, 468043370482998431]","[0.8103207945823669, 0.7992056012153625, 0.804834246635437, 0.7946513891220093, 0.7606136798858643]"
bbc11393-3dfe-49f8-a57d-2ab6e0e8e46f,Dental,0.6875,0.1533203125,0.10498046875,0.056396484375,False,C,0.34548354148864746,medmcqa_3,"['PBMD', 'STAT', 'PBMD', 'PBMD', 'PBMD']","[468043370483213449, 468043370482908701, 468043370484008598, 468043370483775940, 468043370483219000]","[0.7604420185089111, 0.7471034526824951, 0.7593681812286377, 0.7485883831977844, 0.7673085927963257]"
2dc96b3f-39a1-4d38-8177-c3710ed7e586,Dental,0.58203125,0.189453125,0.1474609375,0.0791015625,True,A,0.18630599975585938,medmcqa_3,"['PBMD', 'PBMD', 'PBMD', 'PBMD', 'STAT']","[468043370483655611, 468043370483235200, 468043370484046872, 468043370483251454, 468043370482821005]","[0.7360464930534363, 0.7536762952804565, 0.7494059801101685, 0.7439664602279663, 0.6826845407485962]"
8ad9acc0-4de3-4d82-86a4-7d8ccfdb8c68,Dental,0.056640625,0.050048828125,0.83203125,0.060302734375,True,C,0.3461124897003174,medmcqa_3,"['PBMD', 'PBMD', 'PBMD', 'STAT', 'PBMD']","[468043370484054890, 468043370483817083, 468043370483844770, 468043370482875974, 468043370483134397]","[0.8208029270172119, 0.8463646173477173, 0.841650128364563, 0.7524834275245667, 0.7911387085914612]"
73818dbb-2bd3-4c46-a06a-b18b6ddb5450,Dental,0.29296875,0.29296875,0.1884765625,0.2275390625,False,D,0.44138002395629883,medmcqa_3,"['PBMD', 'STAT', 'PBMD', 'TEXT', 'PBMD']","[468043370484038804, 468043370482961228, 468043370483970630, 468043370482485133, 468043370483540769]","[0.7688837647438049, 0.7024148106575012, 0.7404474020004272, 0.7087860107421875, 0.75543612241745]"
c2b29a6c-e501-4532-97ad-62934778db2a,Dental,0.09765625,0.0205078125,0.1611328125,0.72265625,False,C,0.19937396049499512,medmcqa_3,"['PBMD', 'PBMD', 'PBMD', 'PBMD', 'STAT']","[468043370483540828, 468043370483541616, 468043370483537561, 468043370483859640, 468043370482960126]","[0.7655745148658752, 0.7774850130081177, 0.7566368579864502, 0.7477905750274658, 0.6600150465965271]"
f6c4ff25-9770-4650-88f6-82b6b83d7e31,Dental,0.09716796875,0.494140625,0.298828125,0.10986328125,False,C,0.4036140441894531,medmcqa_3,"['PBMD', 'PBMD', 'PBMD', 'PBMD', 'PBMD']","[468043370483214663, 468043370483094785, 468043370484115283, 468043370483241160, 468043370483242441]","[0.7354696393013, 0.749042272567749, 0.7342905402183533, 0.732521653175354, 0.7407146692276001]"
0c897b21-e2f5-4b70-ac40-edc59745a66c,Pathology,0.671875,0.31640625,0.007476806640625,0.0035247802734375,True,A,0.2733123302459717,medmcqa_3,"['PBMD', 'STAT', 'TEXT', 'STAT', 'TEXT']","[468043370483488910, 468043370483046709, 468043370482441430, 468043370482932475, 468043370482493998]","[0.7730461359024048, 0.7774360775947571, 0.7542529702186584, 0.7632132172584534, 0.7481967210769653]"
e0d6862e-e62f-4aa6-a4b1-f42c042e46c6,Pathology,0.09521484375,0.90234375,0.000682830810546875,0.00023651123046875,True,B,0.18184304237365723,medmcqa_3,"['STAT', 'STAT', 'STAT', 'PBMD', 'PBMD']","[468043370483014248, 468043370482846933, 468043370482772345, 468043370483470290, 468043370483762974]","[0.7994746565818787, 0.7613397240638733, 0.8037307262420654, 0.7910585999488831, 0.7865985631942749]"
a6466fc3-93c7-4de7-931f-3d98a8353ee9,Pathology,0.017822265625,0.006561279296875,0.97265625,0.0025634765625,True,C,0.28378725051879883,medmcqa_3,"['TEXT', 'TEXT', 'PBMD', 'STAT', 'PBMD']","[468043370482464224, 468043370482485796, 468043370483681840, 468043370483029081, 468043370483750281]","[0.7758334875106812, 0.7655229568481445, 0.790140688419342, 0.7889795899391174, 0.8320102691650391]"
ee31cc18-91fd-4582-a3e8-5311e85521b3,Pathology,0.01397705078125,0.00177764892578125,0.005126953125,0.98046875,True,D,0.20690298080444336,medmcqa_3,"['STAT', 'TEXT', 'STAT', 'STAT', 'TEXT']","[468043370482854440, 468043370482435210, 468043370482948356, 468043370483038154, 468043370482435249]","[0.7571172714233398, 0.8081750273704529, 0.7626950740814209, 0.758778989315033, 0.8135736584663391]"
7e01c8f0-9b7e-4884-ad40-0c2487a4f5cb,Pathology,0.1630859375,0.0986328125,0.2373046875,0.5,True,D,0.24553728103637695,medmcqa_3,"['STAT', 'STAT', 'STAT', 'PBMD', 'PBMD']","[468043370482906821, 468043370482782491, 468043370483052610, 468043370483420954, 468043370483606890]","[0.7912101745605469, 0.7840924263000488, 0.7949138879776001, 0.800204336643219, 0.7750720381736755]"
4873ac63-79fe-4fdb-a63b-1c4064b80d15,Pathology,0.01031494140625,0.98828125,0.0010833740234375,0.000331878662109375,True,B,0.27459073066711426,medmcqa_3,"['STAT', 'TEXT', 'TEXT', 'TEXT', 'STAT']","[468043370482980196, 468043370482429821, 468043370482457761, 468043370482408721, 468043370483030259]","[0.802100658416748, 0.808600127696991, 0.8086576461791992, 0.7971157431602478, 0.7525196075439453]"
c848ac2e-6165-47e9-82ac-a59fb2ac705b,Pathology,0.08056640625,0.8671875,0.0140380859375,0.0380859375,True,B,0.3870656490325928,medmcqa_3,"['PBMD', 'TEXT', 'PBMD', 'STAT', 'PBMD']","[468043370484060846, 468043370482434948, 468043370483169251, 468043370482873697, 468043370483540498]","[0.7576854228973389, 0.7616891264915466, 0.7768710255622864, 0.7641603946685791, 0.7548850178718567]"
6380bf46-988e-4ed8-8add-f57fa7bb61fc,Pathology,0.32421875,0.119140625,0.470703125,0.0869140625,False,A,0.3072643280029297,medmcqa_3,"['STAT', 'STAT', 'PBMD', 'STAT', 'TEXT']","[468043370482517144, 468043370482517136, 468043370483685833, 468043370482517141, 468043370482458588]","[0.7368281483650208, 0.7470909953117371, 0.753842830657959, 0.7439988851547241, 0.7063263058662415]"
b32d6655-6939-4b8d-b7da-e7274a017cfd,Pathology,0.9453125,0.023681640625,0.0019378662109375,0.0303955078125,True,A,0.34572315216064453,medmcqa_3,"['TEXT', 'PBMD', 'STAT', 'STAT', 'PBMD']","[468043370482392201, 468043370483948189, 468043370482786656, 468043370482511615, 468043370483960054]","[0.7875955104827881, 0.7942235469818115, 0.7830528616905212, 0.7961099147796631, 0.7832154631614685]"
62b4984a-2bd0-47b0-ab7c-8cc7027c8303,Pathology,0.12890625,0.7890625,0.04443359375,0.039306640625,False,D,0.29979777336120605,medmcqa_3,"['TEXT', 'STAT', 'STAT', 'STAT', 'PBMD']","[468043370482409340, 468043370482547432, 468043370483057138, 468043370482564504, 468043370484086915]","[0.802449107170105, 0.8668729066848755, 0.7896645069122314, 0.8450092673301697, 0.783670961856842]"
ba705377-5543-4350-8483-bf984e4ccf15,Pathology,0.0240478515625,0.95703125,0.0155029296875,0.001739501953125,True,B,0.34629273414611816,medmcqa_3,"['PBMD', 'PBMD', 'TEXT', 'STAT', 'PBMD']","[468043370484060144, 468043370483822879, 468043370482458572, 468043370483012433, 468043370483153919]","[0.8018481135368347, 0.7692599892616272, 0.7210600972175598, 0.734200656414032, 0.7623007297515869]"
3fa4b9e1-0992-4f0f-b2c5-c3b620d91bd2,Pathology,0.98828125,0.00909423828125,0.00109100341796875,0.00109100341796875,True,A,0.23921442031860352,medmcqa_3,"['PBMD', 'PBMD', 'STAT', 'STAT', 'STAT']","[468043370483726021, 468043370483961775, 468043370483041686, 468043370483041690, 468043370483041696]","[0.8272072672843933, 0.7991616129875183, 0.7757352590560913, 0.7681005001068115, 0.7688385844230652]"
68dc3363-c18b-47c7-b20d-c538cc7febc8,Pathology,0.6953125,0.0830078125,0.19921875,0.0223388671875,True,A,0.3707256317138672,medmcqa_3,"['PBMD', 'PBMD', 'PBMD', 'PBMD', 'STAT']","[468043370483536107, 468043370483217812, 468043370483815866, 468043370483213718, 468043370482524487]","[0.7778764367103577, 0.8174459934234619, 0.7845157980918884, 0.7577618956565857, 0.719036340713501]"
46fe2094-87db-4117-b06f-7a7bebb94646,Pathology,0.0546875,0.625,0.0257568359375,0.294921875,False,D,0.19462370872497559,medmcqa_3,"['STAT', 'PBMD', 'STAT', 'PBMD', 'PBMD']","[468043370483017103, 468043370483387663, 468043370482883105, 468043370483247393, 468043370484076781]","[0.8250714540481567, 0.8318195343017578, 0.7718175053596497, 0.8410710692405701, 0.8169743418693542]"
d6f5cf46-9b31-4489-8989-beff9c456484,Pathology,0.005889892578125,0.9921875,0.00131988525390625,0.00054931640625,True,B,0.27666282653808594,medmcqa_3,"['PBMD', 'STAT', 'TEXT', 'STAT', 'PBMD']","[468043370483887132, 468043370483062209, 468043370482485796, 468043370482952042, 468043370483750281]","[0.8137334585189819, 0.7933491468429565, 0.7643740773200989, 0.793594479560852, 0.8361798524856567]"
592dc3ce-d34f-4426-91b5-01556d31b89f,Pathology,0.09716796875,0.67578125,0.150390625,0.07568359375,True,B,0.3463757038116455,medmcqa_3,"['PBMD', 'PBMD', 'PBMD', 'PBMD', 'TEXT']","[468043370483718628, 468043370483688086, 468043370484039054, 468043370483961667, 468043370482393741]","[0.7970072031021118, 0.7996797561645508, 0.7942507863044739, 0.7870811820030212, 0.7763959169387817]"
783aaf31-fd64-4f4e-aa67-93c00cb407ad,Pathology,0.024169921875,0.006500244140625,0.96484375,0.0025482177734375,True,C,0.24735641479492188,medmcqa_3,"['TEXT', 'TEXT', 'TEXT', 'PBMD', 'TEXT']","[468043370482414579, 468043370482462265, 468043370482455614, 468043370483086861, 468043370482463982]","[0.7144257426261902, 0.7022472620010376, 0.7361320853233337, 0.7105761766433716, 0.724565327167511]"
bd0ed5fa-d212-4dfc-bba3-9706fe6a228d,Pathology,0.98046875,0.00311279296875,0.016845703125,0.0004787445068359375,True,A,0.24578499794006348,medmcqa_3,"['STAT', 'STAT', 'TEXT', 'TEXT', 'STAT']","[468043370482530250, 468043370482937498, 468043370482411870, 468043370482417756, 468043370482557741]","[0.664350688457489, 0.6954576969146729, 0.7202574610710144, 0.7367628216743469, 0.6829338669776917]"
e03a6d53-0c8b-4bf7-9710-c19083bcb018,Pathology,0.83203125,0.07275390625,0.08740234375,0.00982666015625,True,A,0.2671048641204834,medmcqa_3,"['PBMD', 'PBMD', 'PBMD', 'TEXT', 'TEXT']","[468043370483539327, 468043370483248787, 468043370483510480, 468043370482404966, 468043370482404858]","[0.7949005365371704, 0.7577587366104126, 0.7573911547660828, 0.733092725276947, 0.733055591583252]"
752e362f-7162-4590-bb2f-fc6dc270a065,Pathology,0.52734375,0.1513671875,0.1513671875,0.1708984375,False,C,0.25188136100769043,medmcqa_3,"['PBMD', 'PBMD', 'PBMD', 'PBMD', 'STAT']","[468043370483522712, 468043370483394410, 468043370483192763, 468043370483697397, 468043370482775586]","[0.7839066386222839, 0.7918604612350464, 0.7944660186767578, 0.7937222719192505, 0.7633654475212097]"
605726f9-65ea-400a-987f-c07d48525120,Pediatrics,0.90234375,0.05419921875,0.0289306640625,0.0164794921875,True,A,0.28667783737182617,medmcqa_3,"['PBMD', 'TEXT', 'TEXT', 'STAT', 'PBMD']","[468043370483089306, 468043370482426500, 468043370482457352, 468043370482872554, 468043370483969141]","[0.8084031939506531, 0.8068714141845703, 0.8163591027259827, 0.7614060640335083, 0.8224056363105774]"
77a4b51b-b0d3-44fc-bed3-2ecccad80de0,Pediatrics,0.07666015625,0.059814453125,0.82421875,0.03857421875,False,B,0.3480043411254883,medmcqa_3,"['PBMD', 'TEXT', 'PBMD', 'PBMD', 'PBMD']","[468043370483196452, 468043370482461508, 468043370483194231, 468043370483333403, 468043370483464561]","[0.840434193611145, 0.8306348323822021, 0.8590086698532104, 0.836090624332428, 0.8298530578613281]"
82f0f5d7-996b-49cc-8c8c-b9ff7cb35ecc,Pediatrics,0.0096435546875,0.0014801025390625,0.0035552978515625,0.984375,True,D,0.24931550025939941,medmcqa_3,"['PBMD', 'STAT', 'TEXT', 'TEXT', 'STAT']","[468043370483483087, 468043370482829095, 468043370482430119, 468043370482430116, 468043370482996487]","[0.8114826679229736, 0.773471474647522, 0.8006611466407776, 0.8029727935791016, 0.7695374488830566]"
dc020962-d8a1-4790-b268-c6dadb000137,Pediatrics,0.26953125,0.47265625,0.06005859375,0.197265625,True,B,0.2790195941925049,medmcqa_3,"['STAT', 'STAT', 'TEXT', 'TEXT', 'TEXT']","[468043370482975775, 468043370483065365, 468043370482383080, 468043370482462244, 468043370482450078]","[0.8501947522163391, 0.8399206399917603, 0.8047084212303162, 0.8066691160202026, 0.7997915744781494]"
56a4d5b8-c2e7-4534-9511-a30ff0769814,Pediatrics,0.07470703125,0.625,0.259765625,0.0400390625,True,B,0.2547605037689209,medmcqa_3,"['PBMD', 'STAT', 'STAT', 'PBMD', 'STAT']","[468043370483256078, 468043370482908976, 468043370482879062, 468043370483233928, 468043370482945060]","[0.7577617168426514, 0.7301965951919556, 0.7381414771080017, 0.7519998550415039, 0.7287487983703613]"
66092ccf-9a06-466a-a08f-8964f3091a9c,Pediatrics,0.734375,0.14453125,0.0771484375,0.044189453125,True,A,0.28090405464172363,medmcqa_3,"['STAT', 'TEXT', 'PBMD', 'TEXT', 'STAT']","[468043370482839372, 468043370482462943, 468043370483656214, 468043370482403406, 468043370482852506]","[0.738928496837616, 0.7657887935638428, 0.7747126817703247, 0.7402374148368835, 0.751194953918457]"
a9eb877d-bc11-4923-88b2-97193a8d52eb,Pediatrics,0.2578125,0.15625,0.10693359375,0.48046875,False,C,0.2049567699432373,medmcqa_3,"['STAT', 'PBMD', 'STAT', 'PBMD', 'TEXT']","[468043370483071854, 468043370483351376, 468043370482901132, 468043370483143268, 468043370482433873]","[0.7134763598442078, 0.720201849937439, 0.7081350684165955, 0.7484627962112427, 0.7247522473335266]"
ca5cb321-54b4-4b5f-a507-0493c19af96f,Pediatrics,0.0272216796875,0.9609375,0.0078125,0.005035400390625,True,B,0.2713146209716797,medmcqa_3,"['STAT', 'STAT', 'STAT', 'TEXT', 'TEXT']","[468043370482991631, 468043370482779152, 468043370482829999, 468043370482394683, 468043370482463824]","[0.762665867805481, 0.7541874647140503, 0.7690287828445435, 0.7571948766708374, 0.7484297752380371]"
7697c864-514c-4a73-8ce4-ea6cf0d0b651,Pediatrics,0.177734375,0.138671875,0.42578125,0.2578125,False,D,0.34171175956726074,medmcqa_3,"['STAT', 'PBMD', 'PBMD', 'STAT', 'PBMD']","[468043370483015444, 468043370483532209, 468043370483342971, 468043370482858550, 468043370483608491]","[0.714601993560791, 0.736910879611969, 0.7368478178977966, 0.7173569798469543, 0.7776102423667908]"
41fac382-483b-4573-99c4-555b80dff3bc,Pediatrics,0.0147705078125,0.0025634765625,0.97265625,0.0084228515625,True,C,0.2712876796722412,medmcqa_3,"['PBMD', 'TEXT', 'TEXT', 'TEXT', 'STAT']","[468043370483288383, 468043370482463965, 468043370482457579, 468043370482457580, 468043370482502121]","[0.8139573931694031, 0.8313618898391724, 0.788570761680603, 0.7660328149795532, 0.7886204719543457]"
cd26e28e-1b7b-4873-8031-d69f1b75a277,Pediatrics,0.5859375,0.16796875,0.1904296875,0.0546875,True,A,0.39487671852111816,medmcqa_3,"['PBMD', 'PBMD', 'STAT', 'STAT', 'STAT']","[468043370484070516, 468043370483808723, 468043370482819339, 468043370482524960, 468043370482524961]","[0.8022681474685669, 0.8024371266365051, 0.817681074142456, 0.7899029850959778, 0.7990772128105164]"
5fa2e23f-c19c-4828-b240-59b7a0a84834,Pediatrics,0.16015625,0.6328125,0.181640625,0.0230712890625,False,A,0.24882149696350098,medmcqa_3,"['STAT', 'TEXT', 'STAT', 'PBMD', 'TEXT']","[468043370482501963, 468043370482449953, 468043370482532899, 468043370483815116, 468043370482462116]","[0.7724992036819458, 0.7697449922561646, 0.7793746590614319, 0.7555307149887085, 0.8062963485717773]"
867140e4-9b9f-4784-b252-9720f89a385e,Pediatrics,0.022705078125,0.01068115234375,0.96484375,0.003265380859375,True,C,0.27826666831970215,medmcqa_3,"['PBMD', 'STAT', 'TEXT', 'PBMD', 'STAT']","[468043370484039029, 468043370482791799, 468043370482461551, 468043370483963143, 468043370483000585]","[0.7673540711402893, 0.7527023553848267, 0.7519033551216125, 0.7499851584434509, 0.7484965920448303]"
3101996f-b393-4e05-9cb4-542df72f1b5c,Pediatrics,0.177734375,0.42578125,0.33203125,0.0654296875,False,A,0.44269514083862305,medmcqa_3,"['PBMD', 'TEXT', 'TEXT', 'TEXT', 'TEXT']","[468043370483264207, 468043370482463943, 468043370482460512, 468043370482486166, 468043370482369733]","[0.7732883095741272, 0.7551912069320679, 0.7698681950569153, 0.779029905796051, 0.7627326250076294]"
822d5c68-39fe-40e8-97ef-f50d7af91ebb,Pediatrics,0.138671875,0.796875,0.051025390625,0.01373291015625,True,B,0.25441837310791016,medmcqa_3,"['STAT', 'PBMD', 'PBMD', 'TEXT', 'TEXT']","[468043370482512546, 468043370483962846, 468043370483181630, 468043370482439344, 468043370482438994]","[0.7676310539245605, 0.7732725739479065, 0.7766377925872803, 0.75818932056427, 0.7487773299217224]"
bd279945-7401-4ea3-9f54-bcda518ecc9c,Pediatrics,0.353515625,0.33203125,0.2138671875,0.10107421875,False,C,0.5590133666992188,medmcqa_3,"['PBMD', 'PBMD', 'PBMD', 'TEXT', 'TEXT']","[468043370483827902, 468043370483967702, 468043370483985958, 468043370482413586, 468043370482415165]","[0.7837903499603271, 0.7482648491859436, 0.7455819845199585, 0.7268022894859314, 0.7236945033073425]"
605c9835-95d4-4a5e-b400-09bf38e75e4c,Pediatrics,0.92578125,0.035888671875,0.01165771484375,0.0247802734375,True,A,0.3503701686859131,medmcqa_3,"['PBMD', 'TEXT', 'TEXT', 'STAT', 'PBMD']","[468043370483864058, 468043370482464654, 468043370482435896, 468043370482978657, 468043370483309011]","[0.7685031294822693, 0.7570961117744446, 0.7767380475997925, 0.7524167895317078, 0.8042522072792053]"
a1546ddd-5e66-42f2-897f-90fce5601b72,Pediatrics,0.00677490234375,0.03662109375,0.78125,0.1748046875,True,C,0.27589917182922363,medmcqa_3,"['STAT', 'PBMD', 'STAT', 'STAT', 'PBMD']","[468043370482989783, 468043370483531609, 468043370482991870, 468043370482512050, 468043370483245486]","[0.750141441822052, 0.7938708066940308, 0.7681138515472412, 0.7587230205535889, 0.768355667591095]"
8d0b854f-93fb-43ae-a1b9-d489ea68103b,Pediatrics,0.376953125,0.08935546875,0.33203125,0.201171875,False,C,0.4036293029785156,medmcqa_3,"['STAT', 'PBMD', 'STAT', 'PBMD', 'PBMD']","[468043370482848513, 468043370483371326, 468043370482514379, 468043370483356996, 468043370483205302]","[0.8090841174125671, 0.832321047782898, 0.7922589778900146, 0.8289235830307007, 0.827926754951477]"
9572a3f9-b8a0-4fc4-96a1-cc0409721155,Pediatrics,0.028076171875,0.0810546875,0.87109375,0.01806640625,True,C,0.27706360816955566,medmcqa_3,"['PBMD', 'PBMD', 'PBMD', 'TEXT', 'STAT']","[468043370483644665, 468043370484059772, 468043370483687837, 468043370482400081, 468043370483073494]","[0.7898470163345337, 0.7801371812820435, 0.7677702903747559, 0.7375971674919128, 0.7513953447341919]"
a79f09ab-a292-4a46-ac30-dbf9daadc72a,Medicine,0.39453125,0.224609375,0.2890625,0.09375,False,D,0.5189356803894043,medmcqa_3,"['PBMD', 'PBMD', 'PBMD', 'TEXT', 'PBMD']","[468043370483569662, 468043370483717217, 468043370483518973, 468043370482374085, 468043370483538588]","[0.8036585450172424, 0.7987587451934814, 0.7964163422584534, 0.809410572052002, 0.7989000082015991]"
a35fecfa-0c54-497b-957c-58da96b3716a,Medicine,0.03466796875,0.10009765625,0.078125,0.7890625,False,B,0.20671820640563965,medmcqa_3,"['STAT', 'STAT', 'STAT', 'STAT', 'STAT']","[468043370482944750, 468043370482946968, 468043370482908100, 468043370482849096, 468043370482849095]","[0.7577860951423645, 0.7765198349952698, 0.7869830131530762, 0.7708192467689514, 0.7647042870521545]"
68589d4c-ad15-4989-a235-a242d226503a,Medicine,0.06640625,0.0908203125,0.169921875,0.671875,True,D,0.2759130001068115,medmcqa_3,"['TEXT', 'TEXT', 'PBMD', 'PBMD', 'TEXT']","[468043370482404112, 468043370482460633, 468043370483602097, 468043370483399979, 468043370482422833]","[0.759257435798645, 0.7569220066070557, 0.7938143014907837, 0.8063526153564453, 0.7694871425628662]"
059b7c1c-bc8d-499d-ba18-42f173fc6501,Medicine,0.004852294921875,0.01092529296875,0.98046875,0.0024261474609375,False,D,0.27110981941223145,medmcqa_3,"['PBMD', 'TEXT', 'PBMD', 'PBMD', 'PBMD']","[468043370483254786, 468043370482410517, 468043370483227343, 468043370484059245, 468043370483464877]","[0.7723080515861511, 0.7552181482315063, 0.7482823729515076, 0.773524820804596, 0.7659624218940735]"
3b6a211f-c575-44fd-b0c4-77bf1152bcb6,Medicine,0.058349609375,0.8046875,0.09619140625,0.0400390625,True,B,0.20270228385925293,medmcqa_3,"['STAT', 'TEXT', 'STAT', 'TEXT', 'STAT']","[468043370483073162, 468043370482426040, 468043370482873428, 468043370482412191, 468043370482839548]","[0.7732713222503662, 0.7661011219024658, 0.7773910760879517, 0.7598059773445129, 0.7633761167526245]"
9c7e163e-d22f-43d9-8c77-fb036bc0b064,Medicine,0.4609375,0.2314453125,0.19140625,0.1162109375,False,D,0.3682682514190674,medmcqa_3,"['TEXT', 'TEXT', 'PBMD', 'PBMD', 'PBMD']","[468043370482468948, 468043370482466105, 468043370484007452, 468043370483980796, 468043370483822615]","[0.8044516444206238, 0.761141300201416, 0.7895371913909912, 0.781050443649292, 0.7809048295021057]"
7f88c1d5-fa5c-4502-aa06-9bb265fda88e,Medicine,0.01226806640625,0.01153564453125,0.97265625,0.0030975341796875,False,A,0.25099968910217285,medmcqa_3,"['STAT', 'STAT', 'TEXT', 'TEXT', 'TEXT']","[468043370482830325, 468043370482989221, 468043370482450112, 468043370482448887, 468043370482462112]","[0.7688413262367249, 0.7507786154747009, 0.8338618278503418, 0.7329673171043396, 0.7291902303695679]"
7d6455c7-5b76-4e75-84e6-0e37f920fa5a,Medicine,0.01007080078125,0.96484375,0.0166015625,0.00787353515625,True,B,0.27258825302124023,medmcqa_3,"['PBMD', 'TEXT', 'PBMD', 'TEXT', 'TEXT']","[468043370484120496, 468043370482470048, 468043370483434256, 468043370482414575, 468043370482438995]","[0.780817985534668, 0.7433542609214783, 0.755013108253479, 0.7391777038574219, 0.7429035902023315]"
be284b52-a2f5-4b28-8d48-f1101176661f,Medicine,0.0341796875,0.1630859375,0.026611328125,0.77734375,True,D,0.2753183841705322,medmcqa_3,"['TEXT', 'PBMD', 'STAT', 'STAT', 'PBMD']","[468043370482411308, 468043370483326532, 468043370482881837, 468043370482921799, 468043370483231124]","[0.8315796256065369, 0.8333243131637573, 0.8039132356643677, 0.8102861046791077, 0.8394372463226318]"
5cd9cad4-7480-47d8-8266-b3a4fc04a9e7,Medicine,0.88671875,0.03662109375,0.018310546875,0.060302734375,True,A,0.28034067153930664,medmcqa_3,"['STAT', 'TEXT', 'TEXT', 'STAT', 'TEXT']","[468043370482533174, 468043370482418578, 468043370482419656, 468043370482932566, 468043370482418204]","[0.7996976375579834, 0.7631986141204834, 0.8081261515617371, 0.797768771648407, 0.7469366788864136]"
bbc08675-2e06-4229-aecc-74dbf064a4bd,Medicine,0.01019287109375,0.9765625,0.01226806640625,0.00069427490234375,True,B,0.3463246822357178,medmcqa_3,"['STAT', 'TEXT', 'PBMD', 'STAT', 'PBMD']","[468043370482887078, 468043370482419922, 468043370483263363, 468043370482944133, 468043370483535857]","[0.7571230530738831, 0.7935916781425476, 0.7791873812675476, 0.8151974081993103, 0.7629439830780029]"
94cfe1dc-7810-4c50-af95-87a3c560f6bb,Medicine,0.01318359375,0.984375,0.00201416015625,0.00115203857421875,True,B,0.28067803382873535,medmcqa_3,"['TEXT', 'STAT', 'PBMD', 'TEXT', 'PBMD']","[468043370482382654, 468043370482865084, 468043370484129653, 468043370482412477, 468043370483373107]","[0.742769718170166, 0.7282187938690186, 0.7611030340194702, 0.7593832612037659, 0.807121217250824]"
e7173db8-8f12-46b3-a2e8-86eaa2574855,Medicine,0.17578125,0.2255859375,0.2255859375,0.373046875,False,B,0.41005778312683105,medmcqa_3,"['PBMD', 'STAT', 'STAT', 'TEXT', 'PBMD']","[468043370484002377, 468043370482867520, 468043370483051923, 468043370482418647, 468043370483369891]","[0.7827427387237549, 0.7477135062217712, 0.753463864326477, 0.7348787784576416, 0.7732541561126709]"
9d63d4fc-1da3-43f5-ba51-411f790407f9,Medicine,0.0228271484375,0.00396728515625,0.00372314453125,0.96875,True,D,0.24381494522094727,medmcqa_3,"['STAT', 'TEXT', 'STAT', 'TEXT', 'STAT']","[468043370483051547, 468043370482382321, 468043370482814030, 468043370482460719, 468043370482875676]","[0.8350284099578857, 0.7932587265968323, 0.7813851833343506, 0.7732296586036682, 0.7827937602996826]"
2dfa15d3-3d8e-49ee-841d-4e3a6fbde317,Medicine,0.5078125,0.022216796875,0.023681640625,0.447265625,True,A,0.39012980461120605,medmcqa_3,"['STAT', 'STAT', 'TEXT', 'TEXT', 'TEXT']","[468043370482816672, 468043370482898336, 468043370482466233, 468043370482402066, 468043370482460503]","[0.8097925782203674, 0.7915675044059753, 0.7792953252792358, 0.8328098058700562, 0.7811504602432251]"
c5033993-1bb5-4691-98c5-757d134b572f,Medicine,0.11865234375,0.82421875,0.03857421875,0.0181884765625,True,B,0.39281129837036133,medmcqa_3,"['PBMD', 'PBMD', 'TEXT', 'STAT', 'PBMD']","[468043370483538900, 468043370483956502, 468043370482426236, 468043370483012445, 468043370483399714]","[0.8269453048706055, 0.8119223713874817, 0.7563246488571167, 0.7795817255973816, 0.8205662965774536]"
ad195e5d-7f52-42cc-a183-b05e3181d0ab,Medicine,0.0654296875,0.6171875,0.2578125,0.0576171875,True,B,0.30240321159362793,medmcqa_3,"['PBMD', 'TEXT', 'TEXT', 'PBMD', 'PBMD']","[468043370483815592, 468043370482369756, 468043370482420231, 468043370483564745, 468043370484117769]","[0.7815122604370117, 0.7599853873252869, 0.7562896609306335, 0.777553141117096, 0.779853880405426]"
b674d02e-af50-4f16-9f81-e3983a854b6a,Medicine,0.08642578125,0.142578125,0.5625,0.20703125,True,C,0.3721463680267334,medmcqa_3,"['TEXT', 'PBMD', 'TEXT', 'PBMD', 'STAT']","[468043370482383364, 468043370483477809, 468043370482457769, 468043370483541219, 468043370482867558]","[0.7756718993186951, 0.7778443098068237, 0.7456614375114441, 0.760108232498169, 0.7660298943519592]"
faf1c5f2-3ab2-492c-b58b-1dd81fd5a6d7,Medicine,0.0869140625,0.56640625,0.251953125,0.0927734375,False,D,0.34843993186950684,medmcqa_3,"['TEXT', 'PBMD', 'PBMD', 'TEXT', 'STAT']","[468043370482469791, 468043370483777687, 468043370483795206, 468043370482428671, 468043370482821707]","[0.7653099894523621, 0.7606974244117737, 0.7695105671882629, 0.7543217539787292, 0.725134551525116]"
07de25a2-48ee-4f13-883f-78f9f34656fc,Medicine,0.02978515625,0.234375,0.72265625,0.01409912109375,True,C,0.42052149772644043,medmcqa_3,"['PBMD', 'PBMD', 'STAT', 'STAT', 'TEXT']","[468043370484038973, 468043370483465375, 468043370482852094, 468043370483038955, 468043370482439047]","[0.7676668167114258, 0.7662642598152161, 0.7784469127655029, 0.7517186999320984, 0.7377532720565796]"
673a0bbe-b4d8-46bb-83b0-e01658f9f22f,Ophthalmology,0.984375,0.006622314453125,0.009033203125,0.000545501708984375,True,A,0.27672791481018066,medmcqa_3,"['STAT', 'STAT', 'STAT', 'STAT', 'STAT']","[468043370482902505, 468043370482902503, 468043370483075567, 468043370482902537, 468043370482902535]","[0.7181558012962341, 0.7202239632606506, 0.7420699000358582, 0.7201116681098938, 0.7225320935249329]"
2d88e018-637e-47c4-bb63-dd7216c204ae,Ophthalmology,0.9765625,0.021484375,0.00213623046875,0.00121307373046875,True,A,0.19605565071105957,medmcqa_3,"['PBMD', 'PBMD', 'STAT', 'PBMD', 'STAT']","[468043370483327769, 468043370483741117, 468043370483007696, 468043370483356278, 468043370482855408]","[0.7523570656776428, 0.7579597234725952, 0.72027987241745, 0.7547756433486938, 0.7161335945129395]"
abed431b-5d40-4df7-9f7b-4088185b5728,Ophthalmology,0.84765625,0.0791015625,0.0654296875,0.0078125,False,B,0.27618956565856934,medmcqa_3,"['PBMD', 'PBMD', 'STAT', 'STAT', 'PBMD']","[468043370483747876, 468043370484029811, 468043370482516407, 468043370482902516, 468043370483978422]","[0.8022991418838501, 0.7679688930511475, 0.7609228491783142, 0.7407759428024292, 0.7653737664222717]"
475b9dc7-c23d-4e3f-a3c7-5dc5893a34b1,Ophthalmology,0.01397705078125,0.0042724609375,0.98046875,0.0003509521484375,True,C,0.23920607566833496,medmcqa_3,"['STAT', 'STAT', 'STAT', 'STAT', 'STAT']","[468043370482538840, 468043370483075567, 468043370482902503, 468043370482902526, 468043370482902537]","[0.76865154504776, 0.7667700052261353, 0.7813476920127869, 0.7734204530715942, 0.7516379356384277]"
71803632-1b88-4332-88f5-be3ac2515b85,Ophthalmology,0.65625,0.0269775390625,0.00933837890625,0.30859375,False,B,0.24578118324279785,medmcqa_3,"['STAT', 'STAT', 'STAT', 'PBMD', 'PBMD']","[468043370482847944, 468043370482847918, 468043370482847946, 468043370484031158, 468043370483843442]","[0.7812721133232117, 0.7980247735977173, 0.8160361051559448, 0.7845406532287598, 0.76871258020401]"
845fbff7-6332-49ce-8ecb-d62616e2ae9a,Ophthalmology,0.13671875,0.61328125,0.17578125,0.0732421875,False,C,0.34758877754211426,medmcqa_3,"['STAT', 'PBMD', 'PBMD', 'TEXT', 'PBMD']","[468043370482857784, 468043370483339212, 468043370483341756, 468043370482435281, 468043370483298558]","[0.792166531085968, 0.7913051247596741, 0.7759759426116943, 0.7797569036483765, 0.7913209795951843]"
d58a8e4e-0f5e-42bb-8b24-75a882eacfa2,Ophthalmology,0.08447265625,0.484375,0.2021484375,0.228515625,False,A,0.24092483520507812,medmcqa_3,"['STAT', 'STAT', 'STAT', 'STAT', 'STAT']","[468043370483007758, 468043370482540669, 468043370482847920, 468043370482848003, 468043370482928915]","[0.7759361267089844, 0.745809018611908, 0.7470422387123108, 0.747200071811676, 0.747973620891571]"
c02f03a6-ff92-4236-9883-f9e7bf1e02df,Ophthalmology,0.05810546875,0.8515625,0.061767578125,0.0274658203125,True,B,0.3783559799194336,medmcqa_3,"['STAT', 'STAT', 'STAT', 'TEXT', 'TEXT']","[468043370482559966, 468043370482938588, 468043370482503791, 468043370482381900, 468043370482381899]","[0.7742552757263184, 0.7550068497657776, 0.7545939683914185, 0.7210108041763306, 0.726308286190033]"
1230c97d-c9b4-4b1d-8ced-986a8031ac45,Ophthalmology,0.08984375,0.515625,0.314453125,0.0791015625,True,B,0.23962783813476562,medmcqa_3,"['PBMD', 'PBMD', 'STAT', 'PBMD', 'STAT']","[468043370484061012, 468043370483555957, 468043370482958151, 468043370483825705, 468043370483011160]","[0.7209470272064209, 0.7588609457015991, 0.7237591743469238, 0.744515597820282, 0.715732216835022]"
3f6665ca-6b69-4345-88c2-72c2befd4d18,Ophthalmology,0.78515625,0.060546875,0.053466796875,0.10009765625,True,A,0.24677252769470215,medmcqa_3,"['STAT', 'TEXT', 'STAT', 'TEXT', 'TEXT']","[468043370482562118, 468043370482371430, 468043370482512869, 468043370482371432, 468043370482435506]","[0.7389134168624878, 0.7264165878295898, 0.7468876838684082, 0.7228096127510071, 0.7162005305290222]"
8bc0a153-89f2-4bef-869e-ae471503d279,Ophthalmology,0.33984375,0.38671875,0.091796875,0.1826171875,False,C,0.37958550453186035,medmcqa_3,"['PBMD', 'STAT', 'PBMD', 'TEXT', 'TEXT']","[468043370484055854, 468043370482528579, 468043370483279375, 468043370482401538, 468043370482372051]","[0.7322709560394287, 0.7266807556152344, 0.7482887506484985, 0.7118437886238098, 0.7487137913703918]"
aadafd4c-cb37-460b-8e6f-28f42d01dd60,Ophthalmology,0.025390625,0.019775390625,0.953125,0.00049591064453125,True,C,0.24700284004211426,medmcqa_3,"['STAT', 'PBMD', 'STAT', 'TEXT', 'TEXT']","[468043370482908933, 468043370483497318, 468043370482908959, 468043370482435653, 468043370482403003]","[0.7480690479278564, 0.7613320350646973, 0.7813980579376221, 0.7583474516868591, 0.7920194268226624]"
b9cbbe45-fa4a-4a54-b4f3-143039171071,Ophthalmology,0.035888671875,0.283203125,0.003143310546875,0.6796875,True,D,0.34921884536743164,medmcqa_3,"['STAT', 'PBMD', 'PBMD', 'PBMD', 'PBMD']","[468043370483050124, 468043370483985528, 468043370483951902, 468043370483955451, 468043370483970950]","[0.7953409552574158, 0.8231306076049805, 0.7874884605407715, 0.7987387180328369, 0.7919987440109253]"
bee78f93-a09e-491f-856e-846b81e4aa5c,Ophthalmology,0.016845703125,0.98046875,0.0015716552734375,0.00095367431640625,True,B,0.2999591827392578,medmcqa_3,"['STAT', 'STAT', 'STAT', 'STAT', 'PBMD']","[468043370483025628, 468043370482520885, 468043370482897606, 468043370482497205, 468043370483733853]","[0.7171888947486877, 0.713344931602478, 0.7363151907920837, 0.7215051651000977, 0.7490476369857788]"
eaa33fd8-64a3-47a0-b13c-2b49a1f0e37f,Ophthalmology,0.9921875,0.005889892578125,0.002960205078125,0.000659942626953125,True,A,0.2715640068054199,medmcqa_3,"['STAT', 'STAT', 'STAT', 'PBMD', 'PBMD']","[468043370482781016, 468043370482999209, 468043370482962323, 468043370484031326, 468043370484055826]","[0.7999851703643799, 0.7693061828613281, 0.7734358310699463, 0.751878559589386, 0.7555100917816162]"
a1f7c34e-e009-4447-b459-3fe798b4bbc1,Ophthalmology,0.10107421875,0.1884765625,0.58203125,0.1298828125,False,B,0.24634861946105957,medmcqa_3,"['STAT', 'TEXT', 'STAT', 'STAT', 'TEXT']","[468043370483037979, 468043370482435523, 468043370483037999, 468043370483003299, 468043370482435525]","[0.7723110914230347, 0.7763969898223877, 0.8226478099822998, 0.7988432049751282, 0.7873991131782532]"
292a6244-9c88-4a6a-9c32-ab38524e588f,Ophthalmology,0.1376953125,0.15625,0.65625,0.047607421875,True,C,0.379300594329834,medmcqa_3,"['STAT', 'TEXT', 'TEXT', 'PBMD', 'TEXT']","[468043370482958150, 468043370482464598, 468043370482435280, 468043370483568790, 468043370482403146]","[0.7399441003799438, 0.718846321105957, 0.7317854166030884, 0.7628267407417297, 0.7163128852844238]"
cc0d09f8-564d-4fe5-8b22-4b7d3e4ed586,Ophthalmology,0.38671875,0.38671875,0.1103515625,0.11767578125,False,D,0.3454709053039551,medmcqa_3,"['PBMD', 'STAT', 'STAT', 'STAT', 'PBMD']","[468043370483154802, 468043370482513496, 468043370482513491, 468043370483062119, 468043370483936638]","[0.7604948878288269, 0.7618499994277954, 0.7646080255508423, 0.7598960399627686, 0.7593425512313843]"
97ea4638-c71a-428b-b839-7638bdd467ab,Pharmacology,0.41015625,0.05908203125,0.52734375,0.0040283203125,False,A,0.39969587326049805,medmcqa_3,"['PBMD', 'PBMD', 'PBMD', 'PBMD', 'PBMD']","[468043370483314587, 468043370483719409, 468043370483098316, 468043370483620092, 468043370483620674]","[0.7202988862991333, 0.7194598317146301, 0.7236018180847168, 0.7162693738937378, 0.7180970907211304]"
9013e6c6-35da-4df1-a83a-a907ae206135,Pharmacology,0.9375,0.046875,0.0118408203125,0.0023345947265625,True,A,0.23105168342590332,medmcqa_3,"['TEXT', 'STAT', 'PBMD', 'STAT', 'STAT']","[468043370482410123, 468043370482881996, 468043370483431188, 468043370482548825, 468043370483060581]","[0.7226852774620056, 0.7055420279502869, 0.7459943294525146, 0.7245609760284424, 0.7061609625816345]"
28b7a6ea-c657-4da7-81dc-88457a064655,Pharmacology,0.91796875,0.048583984375,0.0244140625,0.00958251953125,True,A,0.2493762969970703,medmcqa_3,"['STAT', 'TEXT', 'TEXT', 'STAT', 'STAT']","[468043370483052347, 468043370482429405, 468043370482470018, 468043370482913362, 468043370482514582]","[0.7709697484970093, 0.7461488246917725, 0.7410575747489929, 0.7468867897987366, 0.7527055144309998]"
6d426ea7-e119-4b5f-be99-1e36084c332c,Pharmacology,0.68359375,0.08154296875,0.08154296875,0.15234375,False,D,0.38369107246398926,medmcqa_3,"['STAT', 'PBMD', 'PBMD', 'STAT', 'PBMD']","[468043370482778145, 468043370483333977, 468043370483353719, 468043370482778146, 468043370483953501]","[0.7404181361198425, 0.7519542574882507, 0.7331452965736389, 0.717992901802063, 0.7079325318336487]"
5ec6e275-1772-4d73-8776-77b38eb82ef2,Pharmacology,0.98046875,0.014892578125,0.00167083740234375,0.00189208984375,True,A,0.2724134922027588,medmcqa_3,"['TEXT', 'TEXT', 'STAT', 'PBMD', 'PBMD']","[468043370482417037, 468043370482417089, 468043370482776797, 468043370483940255, 468043370483740203]","[0.7524582147598267, 0.750856339931488, 0.7338817119598389, 0.7646570205688477, 0.779351532459259]"
eb2cf703-b3b6-492b-b8db-9ed90e16beea,Pharmacology,0.014892578125,0.00482177734375,0.98046875,0.001220703125,True,C,0.2782328128814697,medmcqa_3,"['TEXT', 'TEXT', 'STAT', 'PBMD', 'PBMD']","[468043370482469876, 468043370482384406, 468043370482869769, 468043370483429751, 468043370483734563]","[0.74049973487854, 0.7704323530197144, 0.7383442521095276, 0.807307243347168, 0.7594919800758362]"
9a901f04-8eb8-4e4f-a332-14cf2a3c70a3,Pharmacology,0.1875,0.7421875,0.0537109375,0.0185546875,True,B,0.38816118240356445,medmcqa_3,"['PBMD', 'PBMD', 'PBMD', 'PBMD', 'TEXT']","[468043370483126731, 468043370483225783, 468043370483255992, 468043370483136539, 468043370482470079]","[0.8174622058868408, 0.8233163356781006, 0.8371908664703369, 0.8319878578186035, 0.7728940844535828]"
7a3a771f-2b56-4af8-b967-3c991b394bc6,Pharmacology,0.1845703125,0.5,0.208984375,0.10498046875,True,B,0.4342234134674072,medmcqa_3,"['TEXT', 'TEXT', 'STAT', 'TEXT', 'TEXT']","[468043370482387165, 468043370482389869, 468043370483046383, 468043370482410145, 468043370482468856]","[0.8619005680084229, 0.8448173999786377, 0.8287267088890076, 0.8485175967216492, 0.8178085088729858]"
928c6efd-d481-4323-83f0-721dae436451,Pharmacology,0.95703125,0.017578125,0.013671875,0.0113525390625,True,A,0.2747960090637207,medmcqa_3,"['STAT', 'STAT', 'TEXT', 'STAT', 'PBMD']","[468043370482813013, 468043370482813001, 468043370482445218, 468043370482926181, 468043370483388527]","[0.7236904501914978, 0.7269387245178223, 0.741080641746521, 0.7196436524391174, 0.7239962816238403]"
1869d0ec-8ec2-4de2-8a71-f30ed89f6c8e,Pharmacology,1.0,0.00012302398681640625,0.0001583099365234375,1.2218952178955078e-05,True,A,0.15994977951049805,medmcqa_3,"['STAT', 'STAT', 'STAT', 'STAT', 'TEXT']","[468043370482552205, 468043370482552201, 468043370482546316, 468043370482546320, 468043370482467414]","[0.7571865916252136, 0.8074513673782349, 0.7700369954109192, 0.7612436413764954, 0.7921342253684998]"
14c74c4d-d6c1-4ced-98b5-4fe778d28836,Pharmacology,0.027099609375,0.953125,0.00823974609375,0.01129150390625,True,B,0.25124573707580566,medmcqa_3,"['TEXT', 'STAT', 'TEXT', 'PBMD', 'TEXT']","[468043370482374144, 468043370483063920, 468043370482442589, 468043370483263091, 468043370482461960]","[0.7606348395347595, 0.7489633560180664, 0.7417135238647461, 0.7550817728042603, 0.7484341859817505]"
e1e575e9-3c85-4c16-86ad-29f6ea41c627,Pharmacology,0.5859375,0.1484375,0.16796875,0.095703125,False,C,0.27458906173706055,medmcqa_3,"['STAT', 'STAT', 'PBMD', 'TEXT', 'PBMD']","[468043370482522789, 468043370482544348, 468043370483751184, 468043370482414299, 468043370483889604]","[0.7234827280044556, 0.7459894418716431, 0.7493031024932861, 0.7483531832695007, 0.7572956681251526]"
17ca6005-346f-4f14-b1a3-430d3667d7f0,Pharmacology,0.1337890625,0.0712890625,0.67578125,0.11767578125,True,C,0.34757137298583984,medmcqa_3,"['PBMD', 'PBMD', 'PBMD', 'STAT', 'TEXT']","[468043370483943299, 468043370483970250, 468043370484116363, 468043370483014563, 468043370482466080]","[0.7987090349197388, 0.7762964367866516, 0.7710946798324585, 0.769587516784668, 0.7349945902824402]"
f94eef30-d8f9-4d40-866e-a89c7fbb7c7f,Pharmacology,0.003173828125,0.99609375,0.00116729736328125,0.00080108642578125,False,C,0.20031952857971191,medmcqa_3,"['TEXT', 'STAT', 'TEXT', 'STAT', 'STAT']","[468043370482470744, 468043370482857580, 468043370482422483, 468043370482800425, 468043370482832257]","[0.7935963869094849, 0.7727749347686768, 0.8076627850532532, 0.7973724603652954, 0.784424364566803]"
2880abd7-1ec6-4456-823e-e5d00159dfec,Pharmacology,0.98046875,0.0115966796875,0.007476806640625,0.000576019287109375,True,A,0.2319657802581787,medmcqa_3,"['STAT', 'STAT', 'STAT', 'STAT', 'PBMD']","[468043370482495406, 468043370482878775, 468043370483078511, 468043370482775844, 468043370483686047]","[0.8042387366294861, 0.77210932970047, 0.7666274905204773, 0.7921653985977173, 0.7777852416038513]"
5891372b-60e8-4a7c-b773-48598b2712e3,Pharmacology,0.040283203125,0.59375,0.006591796875,0.359375,False,D,0.24678587913513184,medmcqa_3,"['STAT', 'STAT', 'TEXT', 'STAT', 'STAT']","[468043370482949806, 468043370483055361, 468043370482427587, 468043370482869845, 468043370483014680]","[0.854010820388794, 0.8143868446350098, 0.7879911065101624, 0.7921477556228638, 0.8111857771873474]"
b1cb5022-7ebd-41b5-808c-c969958bfb62,Pharmacology,0.1787109375,0.0546875,0.75390625,0.01220703125,False,A,0.20159173011779785,medmcqa_3,"['STAT', 'PBMD', 'STAT', 'STAT', 'TEXT']","[468043370482987082, 468043370483319675, 468043370482986029, 468043370482967105, 468043370482472130]","[0.737135648727417, 0.715422511100769, 0.7191709280014038, 0.708476722240448, 0.6917533874511719]"
82356aae-5bd4-4503-acab-5f70c0db6bee,Pharmacology,0.046630859375,0.68359375,0.0181884765625,0.251953125,False,D,0.3999135494232178,medmcqa_3,"['STAT', 'STAT', 'TEXT', 'STAT', 'TEXT']","[468043370483042664, 468043370483042674, 468043370482436108, 468043370483035761, 468043370482436092]","[0.8191313743591309, 0.848945140838623, 0.7384171485900879, 0.7841679453849792, 0.7598082423210144]"
72df8357-4e51-45f7-ae9d-669a9bfe9efc,Pharmacology,0.0169677734375,0.9296875,0.02978515625,0.0247802734375,True,B,0.34969282150268555,medmcqa_3,"['PBMD', 'PBMD', 'PBMD', 'TEXT', 'PBMD']","[468043370483354846, 468043370483976510, 468043370483283447, 468043370482466506, 468043370483668818]","[0.8186221718788147, 0.8427673578262329, 0.8262403607368469, 0.7735167145729065, 0.8121823668479919]"
f588af9c-fc27-43ff-a9f6-2cd26f075654,Pharmacology,0.038818359375,0.020751953125,0.9375,0.0021820068359375,True,C,0.2785189151763916,medmcqa_3,"['PBMD', 'STAT', 'STAT', 'PBMD', 'STAT']","[468043370483831547, 468043370482780561, 468043370482780565, 468043370483943335, 468043370482499078]","[0.7985209226608276, 0.7717264890670776, 0.7542681694030762, 0.7846707701683044, 0.7393112778663635]"
6a906cd3-6215-401c-80c5-c239ce10f06e,Surgery,0.0264892578125,0.031982421875,0.93359375,0.0067138671875,True,C,0.24174284934997559,medmcqa_3,"['TEXT', 'TEXT', 'STAT', 'STAT', 'TEXT']","[468043370482384424, 468043370482427566, 468043370482949788, 468043370483014689, 468043370482459520]","[0.7824867963790894, 0.7798205614089966, 0.790810227394104, 0.7814876437187195, 0.7613616585731506]"
16380c80-a853-44da-b7a8-e9a8e8aaab67,Surgery,0.04443359375,0.002838134765625,0.0026702880859375,0.94921875,True,D,0.24678802490234375,medmcqa_3,"['STAT', 'STAT', 'STAT', 'PBMD', 'TEXT']","[468043370482824594, 468043370482824623, 468043370482824605, 468043370484117511, 468043370482440529]","[0.759705662727356, 0.7532187700271606, 0.7420706748962402, 0.7409794926643372, 0.7451024651527405]"
f860085a-f00e-4031-9d00-0bb4879c3023,Surgery,0.0927734375,0.09912109375,0.73046875,0.0771484375,False,B,0.23947620391845703,medmcqa_3,"['STAT', 'STAT', 'PBMD', 'STAT', 'PBMD']","[468043370482812648, 468043370482835950, 468043370483611447, 468043370482500489, 468043370483466857]","[0.7604131102561951, 0.7579706311225891, 0.7697507739067078, 0.7706908583641052, 0.7742621898651123]"
69bd9d80-fa4f-45f8-963d-aaef80a18d46,Surgery,0.08349609375,0.06494140625,0.06103515625,0.7890625,True,D,0.24297666549682617,medmcqa_3,"['TEXT', 'STAT', 'STAT', 'TEXT', 'STAT']","[468043370482449600, 468043370482830325, 468043370482830324, 468043370482449598, 468043370482830327]","[0.7997701168060303, 0.7781023979187012, 0.7910841703414917, 0.753410816192627, 0.7348432540893555]"
4720c165-03b3-4a1a-9e51-1f36c0bcd1be,Surgery,0.0252685546875,0.01434326171875,0.9453125,0.01434326171875,True,C,0.3456418514251709,medmcqa_3,"['STAT', 'TEXT', 'TEXT', 'PBMD', 'TEXT']","[468043370482552903, 468043370482424829, 468043370482453457, 468043370483697392, 468043370482423107]","[0.7799087762832642, 0.8036895990371704, 0.8004875183105469, 0.7750099301338196, 0.7730739116668701]"
fab914c7-2813-4300-bddb-e6815e4e6597,Surgery,0.0164794921875,0.0224609375,0.95703125,0.00567626953125,True,C,0.34563636779785156,medmcqa_3,"['STAT', 'TEXT', 'STAT', 'STAT', 'PBMD']","[468043370482930833, 468043370482431599, 468043370482825002, 468043370483036895, 468043370484108993]","[0.7536109089851379, 0.7505269646644592, 0.7467607259750366, 0.7926510572433472, 0.7878317832946777]"
60646c53-a9be-48d4-a895-551f31fd3faa,Surgery,0.984375,0.0040283203125,0.002593994140625,0.008544921875,True,A,0.20352673530578613,medmcqa_3,"['STAT', 'STAT', 'TEXT', 'PBMD', 'TEXT']","[468043370482827541, 468043370483024823, 468043370482464961, 468043370484077211, 468043370482464962]","[0.7510360479354858, 0.7235192060470581, 0.7212510704994202, 0.7523271441459656, 0.7017595171928406]"
3cf1de31-2703-4ff6-8091-3992a27a7987,Surgery,0.1884765625,0.166015625,0.58203125,0.06494140625,False,B,0.1599564552307129,medmcqa_3,"['TEXT', 'STAT', 'PBMD', 'PBMD', 'STAT']","[468043370482387544, 468043370482863914, 468043370483485701, 468043370483209994, 468043370482937269]","[0.6517655849456787, 0.6543775200843811, 0.7005898952484131, 0.6930112838745117, 0.6420716643333435]"
28709e53-cbb8-48d9-aa3e-44aaa7037257,Surgery,0.09423828125,0.08837890625,0.30859375,0.5078125,False,C,0.47233104705810547,medmcqa_3,"['PBMD', 'PBMD', 'PBMD', 'PBMD', 'PBMD']","[468043370483952545, 468043370483354358, 468043370483520498, 468043370484053852, 468043370483638282]","[0.731097936630249, 0.7677952647209167, 0.7390316128730774, 0.7442345023155212, 0.7314251065254211]"
1f9b0ca2-f75c-4189-884c-ac150dafc155,Surgery,0.018798828125,0.96484375,0.003692626953125,0.01373291015625,True,B,0.22959613800048828,medmcqa_3,"['STAT', 'STAT', 'STAT', 'STAT', 'STAT']","[468043370482533226, 468043370482895435, 468043370482964119, 468043370482533230, 468043370482895437]","[0.8227043747901917, 0.7929408550262451, 0.7534193992614746, 0.7422810792922974, 0.7421885132789612]"
b9ad0558-8257-4446-bcae-f264097ab0a5,Surgery,0.220703125,0.52734375,0.0299072265625,0.220703125,False,D,0.4032142162322998,medmcqa_3,"['PBMD', 'PBMD', 'PBMD', 'PBMD', 'STAT']","[468043370483862585, 468043370483388349, 468043370483739365, 468043370484013309, 468043370483037444]","[0.7670159339904785, 0.7553234696388245, 0.7500841021537781, 0.7496835589408875, 0.753868818283081]"
c6a12e46-d354-43bf-9230-6fe2fb96feab,Surgery,0.058837890625,0.015869140625,0.921875,0.0035400390625,True,C,0.2826218605041504,medmcqa_3,"['TEXT', 'PBMD', 'STAT', 'PBMD', 'STAT']","[468043370482467889, 468043370483759900, 468043370483036843, 468043370483372040, 468043370483014203]","[0.7557663321495056, 0.7934343814849854, 0.7398034930229187, 0.7616912126541138, 0.7529440522193909]"
7ac6c505-a563-4d72-a4c7-8c9681df35b0,Surgery,0.6875,0.197265625,0.060302734375,0.05322265625,True,A,0.24916601181030273,medmcqa_3,"['STAT', 'TEXT', 'TEXT', 'TEXT', 'STAT']","[468043370483047649, 468043370482393928, 468043370482393924, 468043370482461730, 468043370482979548]","[0.7310599088668823, 0.7300146222114563, 0.7083817720413208, 0.7026735544204712, 0.7177929282188416]"
a3912f88-1e01-46ed-9f13-544c1a36fbb5,Surgery,0.09375,0.004119873046875,0.01348876953125,0.890625,True,D,0.1931593418121338,medmcqa_3,"['TEXT', 'PBMD', 'PBMD', 'STAT', 'STAT']","[468043370482386146, 468043370483210868, 468043370483219796, 468043370482517157, 468043370482517106]","[0.6835445165634155, 0.7640185952186584, 0.768113374710083, 0.7607404589653015, 0.7518482208251953]"
ebf3275d-4106-4b36-8d92-7d28f52f3576,Surgery,0.921875,0.0380859375,0.03564453125,0.005828857421875,True,A,0.20452642440795898,medmcqa_3,"['STAT', 'TEXT', 'PBMD', 'STAT', 'STAT']","[468043370483012447, 468043370482463552, 468043370484067137, 468043370482857655, 468043370482892972]","[0.7511870265007019, 0.7506171464920044, 0.7707852125167847, 0.7486497163772583, 0.740853488445282]"
825c94ac-5f3a-4ea3-a8dd-02f5ae83f7a3,Surgery,0.0732421875,0.255859375,0.61328125,0.05712890625,True,C,0.2509307861328125,medmcqa_3,"['PBMD', 'PBMD', 'PBMD', 'PBMD', 'PBMD']","[468043370483476069, 468043370483617905, 468043370483539743, 468043370483802459, 468043370483572479]","[0.8222300410270691, 0.7766897678375244, 0.7665483951568604, 0.7664223313331604, 0.7748740911483765]"
5dd3fc6a-7e12-4899-a250-102f79d9a7fd,Surgery,0.00592041015625,0.9921875,0.000583648681640625,0.00015735626220703125,True,B,0.18544626235961914,medmcqa_3,"['STAT', 'TEXT', 'TEXT', 'STAT', 'STAT']","[468043370482808854, 468043370482407948, 468043370482459747, 468043370482518451, 468043370482808844]","[0.8352193832397461, 0.7985869646072388, 0.7976748943328857, 0.8329360485076904, 0.8205201625823975]"
2bbccb20-80ef-4575-9a4f-ff88b33d34ff,Surgery,0.0986328125,0.049560546875,0.828125,0.02490234375,False,A,0.26780271530151367,medmcqa_3,"['STAT', 'TEXT', 'STAT', 'STAT', 'TEXT']","[468043370482997509, 468043370482492198, 468043370482997517, 468043370482772344, 468043370482491656]","[0.7872540950775146, 0.8066970705986023, 0.7804744839668274, 0.7795042991638184, 0.7976008653640747]"
4cd9cf13-3bf7-438a-ae19-02288af1e943,Surgery,0.291015625,0.330078125,0.12158203125,0.2578125,False,A,0.45386815071105957,medmcqa_3,"['STAT', 'TEXT', 'TEXT', 'TEXT', 'TEXT']","[468043370483049461, 468043370482481925, 468043370482481722, 468043370482421658, 468043370482492179]","[0.7619002461433411, 0.7587342858314514, 0.7466501593589783, 0.7625922560691833, 0.7498198747634888]"
40fa7aa0-6036-426b-b694-5ff4a82b6dc7,Surgery,0.96875,0.0101318359375,0.01470947265625,0.005767822265625,False,C,0.23551058769226074,medmcqa_3,"['PBMD', 'STAT', 'TEXT', 'PBMD', 'STAT']","[468043370483485083, 468043370483075525, 468043370482485198, 468043370483487160, 468043370482917401]","[0.739898681640625, 0.7185621857643127, 0.7348776459693909, 0.7416418790817261, 0.7296313047409058]"
b90144a7-74cd-40fc-9634-b3a00530cb0c,Anatomy,0.055908203125,0.010986328125,0.9296875,0.0037994384765625,True,C,0.24906134605407715,medmcqa_3,"['TEXT', 'TEXT', 'TEXT', 'STAT', 'TEXT']","[468043370482393706, 468043370482393701, 468043370482393687, 468043370482904960, 468043370482393773]","[0.7556519508361816, 0.7990554571151733, 0.7449103593826294, 0.763468861579895, 0.7665036916732788]"
067ce5ef-1dae-4f0a-8a61-bcd7750dd379,Anatomy,0.10302734375,0.07568359375,0.00958251953125,0.8125,True,D,0.2429511547088623,medmcqa_3,"['PBMD', 'STAT', 'STAT', 'STAT', 'STAT']","[468043370484007397, 468043370482891467, 468043370483025164, 468043370482935750, 468043370482898401]","[0.7577027082443237, 0.7300792932510376, 0.7297248840332031, 0.7042316794395447, 0.7229524850845337]"
dd531b88-f112-40c4-beef-e736469cdd91,Anatomy,0.05908203125,0.06689453125,0.81640625,0.05908203125,True,C,0.24809694290161133,medmcqa_3,"['STAT', 'STAT', 'TEXT', 'STAT', 'STAT']","[468043370483049008, 468043370483049021, 468043370482369277, 468043370483049007, 468043370483049009]","[0.762613832950592, 0.7706154584884644, 0.7366026639938354, 0.7374162673950195, 0.7360252737998962]"
4f5ef465-6d08-454f-aa5c-53fc1eecb0ae,Anatomy,0.038818359375,0.88671875,0.025146484375,0.050048828125,True,B,0.20664548873901367,medmcqa_3,"['STAT', 'STAT', 'STAT', 'STAT', 'STAT']","[468043370483030187, 468043370482950268, 468043370482993717, 468043370482856155, 468043370482887938]","[0.8039901256561279, 0.8110953569412231, 0.7928823232650757, 0.7921462655067444, 0.7897851467132568]"
69b175c2-2d26-406c-bba9-54a26eeb2cbd,Anatomy,0.142578125,0.08154296875,0.00457763671875,0.76953125,True,D,0.37390756607055664,medmcqa_3,"['STAT', 'TEXT', 'STAT', 'TEXT', 'TEXT']","[468043370482831058, 468043370482392679, 468043370482831057, 468043370482392434, 468043370482369240]","[0.720471978187561, 0.723578929901123, 0.7617205381393433, 0.7468414306640625, 0.7374287843704224]"
292be6a1-f5da-4d67-8ae1-ae4d05a5f4a4,Anatomy,0.0693359375,0.05419921875,0.74609375,0.1298828125,False,D,0.24899744987487793,medmcqa_3,"['PBMD', 'TEXT', 'STAT', 'STAT', 'STAT']","[468043370483200731, 468043370482394109, 468043370482983424, 468043370482942047, 468043370482802628]","[0.7673767805099487, 0.7026654481887817, 0.7353888154029846, 0.7567075490951538, 0.7348230481147766]"
ae005492-038e-49ae-a154-609fc852b6f0,Anatomy,0.74609375,0.146484375,0.07373046875,0.03271484375,True,A,0.3979458808898926,medmcqa_3,"['STAT', 'STAT', 'STAT', 'TEXT', 'STAT']","[468043370483003161, 468043370482797816, 468043370483063939, 468043370482371821, 468043370482946992]","[0.7926672697067261, 0.8135284185409546, 0.7883698344230652, 0.76686692237854, 0.7806398272514343]"
2b050ce8-53bf-4a3b-a4bd-fe1991b726c9,Anatomy,0.333984375,0.4296875,0.1396484375,0.095703125,True,B,0.380861759185791,medmcqa_3,"['TEXT', 'TEXT', 'PBMD', 'PBMD', 'PBMD']","[468043370482371741, 468043370482371401, 468043370483812101, 468043370484116373, 468043370483603214]","[0.6677080392837524, 0.6631134152412415, 0.6954599022865295, 0.6948404908180237, 0.7165219783782959]"
ab70624e-01f3-42b9-b918-1fa3d2c7f3ce,Anatomy,0.66796875,0.314453125,0.01300048828125,0.005767822265625,True,A,0.40535974502563477,medmcqa_3,"['STAT', 'STAT', 'STAT', 'STAT', 'STAT']","[468043370482901449, 468043370482539467, 468043370483045313, 468043370482867016, 468043370483043983]","[0.7856858372688293, 0.7776439785957336, 0.8106159567832947, 0.8170859217643738, 0.788258969783783]"
42db9931-1f80-46a1-8c80-4e7f3d76051c,Anatomy,0.640625,0.302734375,0.041015625,0.0133056640625,True,A,0.24782848358154297,medmcqa_3,"['STAT', 'STAT', 'STAT', 'TEXT', 'PBMD']","[468043370482951033, 468043370482819795, 468043370482800690, 468043370482381640, 468043370483795811]","[0.7905552387237549, 0.8167020082473755, 0.7599392533302307, 0.7489566802978516, 0.7874153852462769]"
c6f28135-76b7-4762-bd13-839b1592e3d3,Anatomy,0.80078125,0.02001953125,0.02001953125,0.158203125,False,D,0.2497389316558838,medmcqa_3,"['STAT', 'PBMD', 'PBMD', 'STAT', 'STAT']","[468043370482871454, 468043370484033127, 468043370483891051, 468043370482518737, 468043370483003308]","[0.7583632469177246, 0.7641627192497253, 0.7793611288070679, 0.78045654296875, 0.7508515119552612]"
d3a7afa0-b887-4c0b-a244-6c41e2f62ee4,Anatomy,0.004058837890625,0.9921875,0.0026092529296875,0.00191497802734375,True,B,0.24343037605285645,medmcqa_3,"['TEXT', 'TEXT', 'STAT', 'TEXT', 'STAT']","[468043370482369349, 468043370482369345, 468043370483060501, 468043370482369344, 468043370482869708]","[0.7440705895423889, 0.7684875130653381, 0.7691150903701782, 0.7774494290351868, 0.7880905270576477]"
294f261f-83db-483c-ab08-7ada6462f72b,Anatomy,0.0233154296875,0.6796875,0.283203125,0.012451171875,True,B,0.24623608589172363,medmcqa_3,"['STAT', 'STAT', 'STAT', 'STAT', 'STAT']","[468043370482539467, 468043370483045313, 468043370482901449, 468043370482867016, 468043370482910161]","[0.7536233067512512, 0.7844306230545044, 0.7675351500511169, 0.7997833490371704, 0.7822225689888]"
9c1d56d9-5f46-4d3f-87e6-894a31c98f27,Anatomy,0.07666015625,0.043701171875,0.05615234375,0.82421875,True,D,0.2734184265136719,medmcqa_3,"['STAT', 'TEXT', 'STAT', 'STAT', 'STAT']","[468043370483078606, 468043370482371526, 468043370482893517, 468043370483004635, 468043370482838533]","[0.7409235835075378, 0.7526558041572571, 0.7265312075614929, 0.7235872149467468, 0.7256531119346619]"
dc918d5f-2451-47cb-9b33-25b5eb96cab0,Anatomy,0.1708984375,0.03564453125,0.765625,0.0296630859375,False,A,0.24814796447753906,medmcqa_3,"['TEXT', 'STAT', 'TEXT', 'TEXT', 'STAT']","[468043370482402067, 468043370482952466, 468043370482434731, 468043370482403437, 468043370482949752]","[0.7343282103538513, 0.7220588326454163, 0.7525345087051392, 0.7440052628517151, 0.7219772934913635]"
d239a8a4-bc54-453e-805f-068d00381a1b,Anatomy,0.85546875,0.0137939453125,0.048095703125,0.08447265625,False,D,0.24760770797729492,medmcqa_3,"['STAT', 'TEXT', 'PBMD', 'TEXT', 'TEXT']","[468043370482899455, 468043370482473100, 468043370483148605, 468043370482434604, 468043370482473087]","[0.7540913820266724, 0.7666401863098145, 0.7933926582336426, 0.7518079280853271, 0.7485589385032654]"
464d6db1-cbf6-44c5-89b0-1599071e3a72,Anatomy,0.028564453125,0.017333984375,0.00927734375,0.9453125,True,D,0.25006604194641113,medmcqa_3,"['STAT', 'TEXT', 'STAT', 'STAT', 'STAT']","[468043370482978286, 468043370482371551, 468043370482537651, 468043370482778515, 468043370482937887]","[0.7299712896347046, 0.7030930519104004, 0.7314531803131104, 0.7374362945556641, 0.7344365119934082]"
5f2e0649-aabe-48ad-9063-2c4554d053a2,Anatomy,0.030029296875,0.82421875,0.0033721923828125,0.1435546875,False,D,0.20156550407409668,medmcqa_3,"['STAT', 'STAT', 'STAT', 'STAT', 'TEXT']","[468043370483024588, 468043370483024593, 468043370482995705, 468043370483024585, 468043370482371636]","[0.7823154926300049, 0.7486022114753723, 0.7734635472297668, 0.7719255089759827, 0.7715162634849548]"
47f8f5d9-4611-4a68-9e8f-2993951ccc95,Anatomy,0.37890625,0.203125,0.158203125,0.259765625,False,C,0.3440229892730713,medmcqa_3,"['TEXT', 'TEXT', 'STAT', 'STAT', 'TEXT']","[468043370482444480, 468043370482435505, 468043370482779814, 468043370482537648, 468043370482435552]","[0.7656073570251465, 0.8243415355682373, 0.7780004739761353, 0.7826919555664062, 0.7728762030601501]"
ef116da3-e330-4439-a183-1f19a7ea3fcd,Anatomy,0.57421875,0.064453125,0.053466796875,0.306640625,True,A,0.2752060890197754,medmcqa_3,"['STAT', 'STAT', 'STAT', 'TEXT', 'TEXT']","[468043370482817372, 468043370482817370, 468043370483009571, 468043370482371831, 468043370482371829]","[0.8285540342330933, 0.7566200494766235, 0.7677714824676514, 0.8103565573692322, 0.7998475432395935]"
0fd8b1cf-309f-4bcd-b1d6-d6a1f07d440f,Forensic Medicine,0.361328125,0.41015625,0.2060546875,0.021728515625,False,C,0.3335225582122803,medmcqa_3,"['STAT', 'STAT', 'STAT', 'STAT', 'TEXT']","[468043370482951481, 468043370482951475, 468043370482951428, 468043370483056073, 468043370482423540]","[0.7380716800689697, 0.7076748013496399, 0.6967820525169373, 0.6978532075881958, 0.6907779574394226]"
7801e0bc-129a-47f5-a8f2-5c78981b28d8,Forensic Medicine,0.234375,0.63671875,0.03173828125,0.09765625,True,B,0.2509186267852783,medmcqa_3,"['PBMD', 'PBMD', 'TEXT', 'STAT', 'PBMD']","[468043370484054307, 468043370483503376, 468043370482402299, 468043370482887779, 468043370483857419]","[0.7439547777175903, 0.724334716796875, 0.7016553282737732, 0.7445886135101318, 0.7257494926452637]"
a0bc9d51-9ac3-4847-bd92-9f29d7216e8d,Forensic Medicine,0.0263671875,0.875,0.04931640625,0.04931640625,True,B,0.2524545192718506,medmcqa_3,"['PBMD', 'PBMD', 'STAT', 'PBMD', 'STAT']","[468043370484004459, 468043370483336614, 468043370482564626, 468043370483654430, 468043370483067645]","[0.7599977850914001, 0.7596577405929565, 0.7551714777946472, 0.7582951188087463, 0.7503257989883423]"
29cec3ae-1d3f-4966-b791-d9eed37c3d1f,Forensic Medicine,0.9296875,0.04345703125,0.0206298828125,0.004302978515625,True,A,0.2517082691192627,medmcqa_3,"['PBMD', 'TEXT', 'PBMD', 'PBMD', 'PBMD']","[468043370483523444, 468043370482462422, 468043370483360279, 468043370483508874, 468043370483443175]","[0.7198296785354614, 0.6866663098335266, 0.7273008823394775, 0.7236782312393188, 0.7423877716064453]"
12bfacf6-a27e-41dc-85ee-64e1b8955000,Forensic Medicine,0.6640625,0.1484375,0.11572265625,0.0703125,False,C,0.24260258674621582,medmcqa_3,"['PBMD', 'PBMD', 'PBMD', 'PBMD', 'PBMD']","[468043370483803561, 468043370483451407, 468043370483453819, 468043370483327569, 468043370484088253]","[0.7435052394866943, 0.7527045011520386, 0.7395821213722229, 0.774652361869812, 0.7451149225234985]"
c3330937-9414-435c-91f3-38e7197f7ba1,Forensic Medicine,0.251953125,0.1728515625,0.53125,0.043701171875,True,C,0.2434077262878418,medmcqa_3,"['PBMD', 'PBMD', 'PBMD', 'TEXT', 'TEXT']","[468043370483270155, 468043370483479505, 468043370483738191, 468043370482374079, 468043370482433472]","[0.6976155638694763, 0.7164901494979858, 0.7072582840919495, 0.693183183670044, 0.7059004306793213]"
044e8f11-ca21-4220-9ddc-0fca648ed401,Forensic Medicine,0.02783203125,0.8671875,0.103515625,0.00189971923828125,True,B,0.2767210006713867,medmcqa_3,"['PBMD', 'PBMD', 'STAT', 'PBMD', 'TEXT']","[468043370483335239, 468043370484045356, 468043370482897648, 468043370483498550, 468043370482442919]","[0.7094107270240784, 0.7033153176307678, 0.6749311685562134, 0.7002660632133484, 0.6585980653762817]"
f91736e8-259c-4655-a68c-453dd490a7b7,Forensic Medicine,0.5859375,0.1015625,0.275390625,0.037353515625,True,A,0.2745180130004883,medmcqa_3,"['STAT', 'PBMD', 'PBMD', 'PBMD', 'PBMD']","[468043370482501504, 468043370483632819, 468043370484086434, 468043370483119722, 468043370483783393]","[0.772179126739502, 0.7253903150558472, 0.7121912240982056, 0.7273601293563843, 0.7189396023750305]"
67f63ad4-0c9a-46fb-8689-c79b7a7224da,Forensic Medicine,0.82421875,0.0159912109375,0.134765625,0.0264892578125,True,A,0.2998669147491455,medmcqa_3,"['TEXT', 'PBMD', 'STAT', 'TEXT', 'TEXT']","[468043370482388657, 468043370483408807, 468043370482932897, 468043370482456645, 468043370482404652]","[0.7893071174621582, 0.8153696060180664, 0.7998032569885254, 0.8053740859031677, 0.7828134298324585]"
5b062fde-455e-4ab5-aa3b-a661c3643f42,Forensic Medicine,0.0966796875,0.1318359375,0.71484375,0.05859375,True,C,0.20299482345581055,medmcqa_3,"['PBMD', 'PBMD', 'STAT', 'STAT', 'PBMD']","[468043370483389488, 468043370483464745, 468043370482867803, 468043370482849580, 468043370483612214]","[0.7131055593490601, 0.7191675305366516, 0.6958827376365662, 0.7132334113121033, 0.7187733054161072]"
efbacdd9-1c25-4697-8ad9-377c7a8105b8,Forensic Medicine,0.232421875,0.263671875,0.298828125,0.205078125,False,A,0.39406561851501465,medmcqa_3,"['PBMD', 'STAT', 'STAT', 'PBMD', 'STAT']","[468043370483910790, 468043370482986778, 468043370482889038, 468043370483767800, 468043370482986815]","[0.7623299956321716, 0.7048152685165405, 0.7171674370765686, 0.7617513537406921, 0.7105872631072998]"
38c0c9e6-009c-4ef1-a3ae-2e3aacd715e7,Forensic Medicine,0.625,0.294921875,0.06591796875,0.01220703125,True,A,0.2652006149291992,medmcqa_3,"['PBMD', 'STAT', 'STAT', 'STAT', 'STAT']","[468043370483860463, 468043370482524001, 468043370482903657, 468043370482838930, 468043370483036063]","[0.7380492091178894, 0.7219972014427185, 0.712813138961792, 0.738320529460907, 0.7414342164993286]"
5c578aa4-a6fd-4de5-b0f6-adb926564122,Forensic Medicine,0.330078125,0.54296875,0.0537109375,0.07373046875,False,A,0.24786138534545898,medmcqa_3,"['PBMD', 'STAT', 'PBMD', 'STAT', 'PBMD']","[468043370484003616, 468043370482526671, 468043370483851335, 468043370482898303, 468043370483511926]","[0.7389970421791077, 0.712430477142334, 0.7218360900878906, 0.7230695486068726, 0.7199411392211914]"
46ad7b87-21e1-41da-bc30-50e96b3acd45,Forensic Medicine,0.96875,0.011474609375,0.00396728515625,0.01470947265625,True,A,0.2780904769897461,medmcqa_3,"['STAT', 'TEXT', 'TEXT', 'STAT', 'PBMD']","[468043370482846219, 468043370482471600, 468043370482421935, 468043370483076764, 468043370484089315]","[0.742650032043457, 0.7235991954803467, 0.7132008075714111, 0.7460386753082275, 0.7319989800453186]"
c27e7c0b-7d26-4ca7-b537-c44b71114d55,Forensic Medicine,0.0299072265625,0.033935546875,0.9296875,0.006256103515625,True,C,0.4828510284423828,medmcqa_3,"['STAT', 'STAT', 'PBMD', 'TEXT', 'TEXT']","[468043370482879290, 468043370482873598, 468043370483431789, 468043370482373633, 468043370482432881]","[0.6946220397949219, 0.7098023891448975, 0.7478598952293396, 0.7013434171676636, 0.6937179565429688]"
5e39f6db-6d90-49fa-a2a6-f9e0c9d1b821,Forensic Medicine,0.5703125,0.173828125,0.1533203125,0.10498046875,False,D,0.25110840797424316,medmcqa_3,"['PBMD', 'PBMD', 'PBMD', 'STAT', 'PBMD']","[468043370483248523, 468043370483604955, 468043370484051424, 468043370483067095, 468043370483773788]","[0.7629920244216919, 0.7483269572257996, 0.7330910563468933, 0.7232436537742615, 0.7574310302734375]"
4414e290-9d6a-410d-9506-72555add17d7,Forensic Medicine,0.99609375,0.001922607421875,0.00180816650390625,7.677078247070312e-05,True,A,0.1776416301727295,medmcqa_3,"['TEXT', 'TEXT', 'STAT', 'PBMD', 'TEXT']","[468043370482466826, 468043370482432860, 468043370483036063, 468043370484045766, 468043370482470179]","[0.7230075597763062, 0.7363920211791992, 0.6790757179260254, 0.7389868497848511, 0.6826198101043701]"
004aab8b-a6e3-408f-a255-6824b132d97c,Forensic Medicine,0.0625,0.462890625,0.408203125,0.06640625,True,B,0.3881511688232422,medmcqa_3,"['PBMD', 'PBMD', 'PBMD', 'STAT', 'PBMD']","[468043370483460614, 468043370483779752, 468043370483399961, 468043370482514179, 468043370483759548]","[0.6744287014007568, 0.6747509837150574, 0.6760571002960205, 0.6395787596702576, 0.6652132868766785]"
745734e9-afe6-4098-bd64-66ee49c64dc0,Forensic Medicine,0.412109375,0.2197265625,0.283203125,0.08642578125,True,A,0.3880279064178467,medmcqa_3,"['PBMD', 'PBMD', 'STAT', 'PBMD', 'PBMD']","[468043370484055306, 468043370483303222, 468043370482928959, 468043370483627694, 468043370483385858]","[0.6875507831573486, 0.6922397613525391, 0.6488249897956848, 0.6929399371147156, 0.7062911987304688]"
8a045017-cef4-4ca8-ad9b-52bf5a0bed63,Forensic Medicine,0.267578125,0.640625,0.0595703125,0.033935546875,False,A,0.24233126640319824,medmcqa_3,"['TEXT', 'PBMD', 'PBMD', 'PBMD', 'PBMD']","[468043370482436225, 468043370483390649, 468043370483403619, 468043370483439784, 468043370483312037]","[0.6965223550796509, 0.7218106389045715, 0.7345110177993774, 0.7226384878158569, 0.734782874584198]"
5b2aada9-1d44-4499-b96f-89b063d9927c,Biochemistry,0.099609375,0.087890625,0.2392578125,0.57421875,True,D,0.2478621006011963,medmcqa_3,"['STAT', 'STAT', 'STAT', 'PBMD', 'PBMD']","[468043370483009688, 468043370482526827, 468043370482909052, 468043370483341578, 468043370484123476]","[0.7523959875106812, 0.7480959296226501, 0.7791098356246948, 0.7939885854721069, 0.7830401659011841]"
7627eb54-4499-45d0-ba1f-1c8dbc6f2342,Biochemistry,0.01483154296875,0.00274658203125,0.004241943359375,0.9765625,True,D,0.2674548625946045,medmcqa_3,"['TEXT', 'TEXT', 'TEXT', 'STAT', 'TEXT']","[468043370482457758, 468043370482373617, 468043370482408708, 468043370482983220, 468043370482461518]","[0.758405864238739, 0.770683765411377, 0.7811307907104492, 0.7395541071891785, 0.746673583984375]"
29f210a1-e9b8-41d8-913a-9f1c4f894106,Biochemistry,0.007537841796875,0.0040283203125,0.98828125,0.0004253387451171875,True,C,0.24736690521240234,medmcqa_3,"['TEXT', 'STAT', 'STAT', 'PBMD', 'TEXT']","[468043370482457023, 468043370482892441, 468043370483027635, 468043370483389602, 468043370482373594]","[0.7682114839553833, 0.7722259163856506, 0.82340407371521, 0.7982080578804016, 0.753176212310791]"
678018c2-3154-4411-937e-0e5d4116739f,Biochemistry,0.35546875,0.27734375,0.244140625,0.123046875,True,A,0.37921738624572754,medmcqa_3,"['TEXT', 'TEXT', 'TEXT', 'STAT', 'STAT']","[468043370482373871, 468043370482406895, 468043370482373889, 468043370482806971, 468043370482836601]","[0.7458246946334839, 0.7377141118049622, 0.794934868812561, 0.7117060422897339, 0.7200398445129395]"
587ef917-abf4-4b32-985c-e2020bd397cb,Biochemistry,0.3515625,0.2412109375,0.166015625,0.2412109375,False,D,0.3814506530761719,medmcqa_3,"['STAT', 'TEXT', 'STAT', 'STAT', 'TEXT']","[468043370482533665, 468043370482372570, 468043370483053689, 468043370483001588, 468043370482374531]","[0.7866566777229309, 0.7817927598953247, 0.8128239512443542, 0.7758340835571289, 0.7704616785049438]"
8b3e79da-c35a-4d0c-8bb1-ba5bb9f20949,Biochemistry,0.002593994140625,0.0108642578125,0.006195068359375,0.98046875,True,D,0.3457198143005371,medmcqa_3,"['PBMD', 'PBMD', 'PBMD', 'PBMD', 'PBMD']","[468043370484061548, 468043370483508777, 468043370483759778, 468043370483133061, 468043370483366262]","[0.7374078035354614, 0.729610025882721, 0.7369217872619629, 0.7309724688529968, 0.7271887063980103]"
2e79e459-d4f0-4293-8e05-eb282fa25772,Biochemistry,0.98828125,0.008056640625,0.0015869140625,0.00054931640625,True,A,0.2745022773742676,medmcqa_3,"['STAT', 'TEXT', 'TEXT', 'STAT', 'TEXT']","[468043370482982690, 468043370482376964, 468043370482376968, 468043370482995678, 468043370482377019]","[0.7659751176834106, 0.7704800367355347, 0.7840829491615295, 0.7844687700271606, 0.7755365371704102]"
535bf03d-8714-46a8-84a0-13bf499129f7,Biochemistry,0.314453125,0.216796875,0.19140625,0.27734375,True,A,0.44793224334716797,medmcqa_3,"['PBMD', 'TEXT', 'STAT', 'PBMD', 'STAT']","[468043370483289059, 468043370482373751, 468043370482869048, 468043370483501722, 468043370483027822]","[0.7659293413162231, 0.7547167539596558, 0.7308070063591003, 0.7831413745880127, 0.7218711972236633]"
fb493e7d-519b-4534-940f-cc3fb93f4b6b,Biochemistry,0.049560546875,0.007598876953125,0.9375,0.006317138671875,True,C,0.27448296546936035,medmcqa_3,"['PBMD', 'TEXT', 'TEXT', 'TEXT', 'STAT']","[468043370483159308, 468043370482476389, 468043370482372722, 468043370482373579, 468043370483006546]","[0.8368813395500183, 0.8135921955108643, 0.8679295778274536, 0.8248789310455322, 0.7987927198410034]"
ff410d96-12d4-43ba-8b24-7bfbd8ad360c,Biochemistry,0.9921875,0.004913330078125,0.00080108642578125,0.000293731689453125,True,A,0.24947237968444824,medmcqa_3,"['TEXT', 'TEXT', 'STAT', 'STAT', 'TEXT']","[468043370482372435, 468043370482374468, 468043370482807183, 468043370482807194, 468043370482374799]","[0.7558565139770508, 0.7802364826202393, 0.7241970896720886, 0.7643596529960632, 0.7509878277778625]"
1f473717-d2b8-489e-969e-be0de6c30e86,Biochemistry,0.734375,0.0184326171875,0.0081787109375,0.23828125,True,A,0.19191861152648926,medmcqa_3,"['PBMD', 'PBMD', 'PBMD', 'PBMD', 'PBMD']","[468043370483825442, 468043370483634209, 468043370483331666, 468043370483355894, 468043370483107388]","[0.8142654299736023, 0.8112010955810547, 0.801400363445282, 0.7988269925117493, 0.8056979179382324]"
7a4da866-2f41-4510-aa28-0dabdf6d0d38,Biochemistry,0.03271484375,0.953125,0.0068359375,0.00567626953125,True,B,0.28037571907043457,medmcqa_3,"['PBMD', 'TEXT', 'PBMD', 'PBMD', 'PBMD']","[468043370483332854, 468043370482457266, 468043370483521049, 468043370483200371, 468043370483432586]","[0.7939907312393188, 0.7509670257568359, 0.7996012568473816, 0.78838050365448, 0.7887132167816162]"
cf3f103b-e4d8-4f34-86aa-b69f3b31fe55,Biochemistry,0.07373046875,0.0106201171875,0.8984375,0.0186767578125,True,C,0.347975492477417,medmcqa_3,"['PBMD', 'PBMD', 'TEXT', 'PBMD', 'TEXT']","[468043370483198412, 468043370483166953, 468043370482428987, 468043370483829482, 468043370482429043]","[0.7884648442268372, 0.7907607555389404, 0.77860027551651, 0.80277019739151, 0.772328794002533]"
2075da99-9c63-4a88-944a-b1abd40f6720,Biochemistry,0.9765625,0.01153564453125,0.0074462890625,0.00482177734375,True,A,0.2497565746307373,medmcqa_3,"['TEXT', 'TEXT', 'TEXT', 'STAT', 'TEXT']","[468043370482373587, 468043370482407862, 468043370482410168, 468043370483022790, 468043370482406473]","[0.7602571845054626, 0.760794460773468, 0.7505320310592651, 0.7678756713867188, 0.7543351054191589]"
d5f7c86d-3441-4fdd-8618-8510dbead871,Biochemistry,0.3828125,0.3828125,0.0751953125,0.1591796875,False,D,0.3957948684692383,medmcqa_3,"['TEXT', 'STAT', 'TEXT', 'TEXT', 'PBMD']","[468043370482396455, 468043370482544227, 468043370482484237, 468043370482426264, 468043370484080136]","[0.7584834098815918, 0.7094237208366394, 0.7543649673461914, 0.7437888383865356, 0.7718119621276855]"
f4431627-6919-4c67-b3fa-eebf37335434,Biochemistry,0.00555419921875,0.9921875,0.000904083251953125,0.00148773193359375,True,B,0.24923181533813477,medmcqa_3,"['STAT', 'STAT', 'STAT', 'STAT', 'TEXT']","[468043370482944986, 468043370483009375, 468043370483009370, 468043370483009368, 468043370482374155]","[0.7625877261161804, 0.7660330533981323, 0.7571796178817749, 0.7568783760070801, 0.7471491694450378]"
67face05-23f1-43cc-8acc-61af6d1e6285,Biochemistry,0.79296875,0.1376953125,0.05419921875,0.01287841796875,True,A,0.23353242874145508,medmcqa_3,"['PBMD', 'TEXT', 'STAT', 'STAT', 'STAT']","[468043370483885267, 468043370482429905, 468043370482845711, 468043370482803580, 468043370482803576]","[0.7568996548652649, 0.727027952671051, 0.7197146415710449, 0.7613000869750977, 0.7426692247390747]"
d32f0f04-48eb-4a63-bae0-705aed8793a3,Biochemistry,0.92578125,0.040771484375,0.01806640625,0.01409912109375,True,A,0.2780897617340088,medmcqa_3,"['TEXT', 'TEXT', 'TEXT', 'TEXT', 'PBMD']","[468043370482373799, 468043370482373830, 468043370482376211, 468043370482373819, 468043370483706031]","[0.8084813952445984, 0.8050306439399719, 0.8043210506439209, 0.8081939816474915, 0.7929491400718689]"
3ea8bac5-2e0f-4f6f-8f5e-c9c1ef405a76,Biochemistry,0.00909423828125,0.000843048095703125,0.005859375,0.984375,True,D,0.3016664981842041,medmcqa_3,"['TEXT', 'TEXT', 'TEXT', 'TEXT', 'PBMD']","[468043370482373109, 468043370482442584, 468043370482373120, 468043370482373117, 468043370483097688]","[0.7583742141723633, 0.7766503691673279, 0.7341150045394897, 0.7480644583702087, 0.802459716796875]"
3a0f1fe5-a2b8-49a5-b032-13e2e508e682,Biochemistry,0.1044921875,0.322265625,0.1044921875,0.46875,False,C,0.37596559524536133,medmcqa_3,"['TEXT', 'STAT', 'TEXT', 'STAT', 'STAT']","[468043370482372519, 468043370482910149, 468043370482373419, 468043370482887908, 468043370482862479]","[0.7712382078170776, 0.7414419054985046, 0.7648202776908875, 0.7466139793395996, 0.7693129777908325]"
9d2bff20-7d45-402d-af8f-3eb0c1e1e404,Physiology,0.7734375,0.0263671875,0.1953125,0.006683349609375,True,A,0.276883602142334,medmcqa_3,"['TEXT', 'TEXT', 'TEXT', 'STAT', 'STAT']","[468043370482476507, 468043370482389149, 468043370482469333, 468043370482864874, 468043370482928340]","[0.742804229259491, 0.7439608573913574, 0.7407548427581787, 0.7055022120475769, 0.704643189907074]"
a36b6f9e-f19b-48b1-9d33-4845fffe975f,Physiology,0.0096435546875,0.00189208984375,0.007049560546875,0.98046875,True,D,0.308488130569458,medmcqa_3,"['PBMD', 'TEXT', 'PBMD', 'TEXT', 'TEXT']","[468043370483630488, 468043370482381724, 468043370483273418, 468043370482462259, 468043370482409995]","[0.7780218124389648, 0.7364726066589355, 0.7352341413497925, 0.7502000331878662, 0.7458276748657227]"
f6c37d84-4658-45dd-b75d-741f6f1bcff2,Physiology,0.01611328125,0.00592041015625,0.041259765625,0.9375,True,D,0.2507469654083252,medmcqa_3,"['STAT', 'TEXT', 'TEXT', 'STAT', 'TEXT']","[468043370482935982, 468043370482473382, 468043370482473861, 468043370482828967, 468043370482433787]","[0.7906447649002075, 0.7751639485359192, 0.7981204986572266, 0.781157374382019, 0.787625253200531]"
aafbe728-ff78-47ec-8edc-e47e320fc1ba,Physiology,0.58203125,0.0576171875,0.353515625,0.005706787109375,True,A,0.2488877773284912,medmcqa_3,"['STAT', 'TEXT', 'TEXT', 'STAT', 'STAT']","[468043370482987745, 468043370482466441, 468043370482377226, 468043370482987748, 468043370482987746]","[0.7646676301956177, 0.7680973410606384, 0.7594597935676575, 0.7539170980453491, 0.7434369921684265]"
4e3061f9-0a14-4878-9abd-6a0459b268b8,Physiology,0.0033721923828125,0.99609375,0.00090789794921875,0.000965118408203125,True,B,0.3459279537200928,medmcqa_3,"['PBMD', 'PBMD', 'TEXT', 'PBMD', 'PBMD']","[468043370483543305, 468043370483242467, 468043370482393654, 468043370483220335, 468043370483102832]","[0.793824315071106, 0.7794850468635559, 0.7742758989334106, 0.7815577983856201, 0.7747313380241394]"
bc474c2e-6cf4-4df9-b484-3ecada4dd30d,Physiology,0.12060546875,0.65234375,0.014404296875,0.2119140625,True,B,0.20299363136291504,medmcqa_3,"['TEXT', 'STAT', 'TEXT', 'TEXT', 'STAT']","[468043370482393049, 468043370482879944, 468043370482393048, 468043370482473577, 468043370482785227]","[0.8216811418533325, 0.8021281361579895, 0.8154569864273071, 0.8009591698646545, 0.8018962144851685]"
514f2979-8893-455e-9b88-5979370081c4,Physiology,0.99609375,0.004058837890625,0.00090789794921875,0.00022983551025390625,True,A,0.20467281341552734,medmcqa_3,"['STAT', 'STAT', 'PBMD', 'STAT', 'STAT']","[468043370482895198, 468043370482528144, 468043370483196526, 468043370482534845, 468043370483061185]","[0.7690393924713135, 0.750637948513031, 0.7504537105560303, 0.7750072479248047, 0.7502591013908386]"
d04e9217-abaf-4e62-89ed-5d443c9aa4f2,Physiology,0.380859375,0.23046875,0.23046875,0.158203125,False,B,0.5149178504943848,medmcqa_3,"['TEXT', 'STAT', 'STAT', 'PBMD', 'PBMD']","[468043370482473861, 468043370482938786, 468043370482795114, 468043370483425243, 468043370483346927]","[0.7613045573234558, 0.7073619365692139, 0.7037690877914429, 0.7270615696907043, 0.7267950177192688]"
45258d3d-b974-44dd-a161-c3fccbdadd88,Physiology,0.91796875,0.01483154296875,0.01019287109375,0.05859375,True,A,0.34791111946105957,medmcqa_3,"['TEXT', 'STAT', 'TEXT', 'PBMD', 'STAT']","[468043370482393276, 468043370483068860, 468043370482431720, 468043370483734018, 468043370482794075]","[0.8003623485565186, 0.7927951812744141, 0.8361623287200928, 0.7793405652046204, 0.8123422861099243]"
13781885-cf02-490f-ba56-152d97ccb152,Physiology,0.98828125,0.00909423828125,0.002166748046875,0.0003757476806640625,True,A,0.24958467483520508,medmcqa_3,"['STAT', 'STAT', 'TEXT', 'PBMD', 'STAT']","[468043370482541161, 468043370482902411, 468043370482405375, 468043370483252508, 468043370482810394]","[0.7255561947822571, 0.7560293674468994, 0.7486214637756348, 0.7358932495117188, 0.7425622344017029]"
60e4c703-caf9-4e1c-a6d8-fcbaeae819d4,Physiology,0.02099609375,0.01055908203125,0.953125,0.015380859375,True,C,0.2747349739074707,medmcqa_3,"['STAT', 'STAT', 'STAT', 'TEXT', 'TEXT']","[468043370482808715, 468043370482498086, 468043370482964068, 468043370482393077, 468043370482466348]","[0.8021952509880066, 0.7952032089233398, 0.8144886493682861, 0.8067159056663513, 0.7899271249771118]"
539291d5-becc-4ccc-8862-9d9ff4fcc121,Physiology,0.0021820068359375,0.00131988525390625,0.001800537109375,0.99609375,True,D,0.2457418441772461,medmcqa_3,"['STAT', 'PBMD', 'TEXT', 'TEXT', 'TEXT']","[468043370482511771, 468043370483979784, 468043370482392886, 468043370482464077, 468043370482410063]","[0.7953873872756958, 0.7804335951805115, 0.767661452293396, 0.7858729362487793, 0.7770839929580688]"
8cdda5f3-545c-4323-b1a5-6ed9f66ea02f,Physiology,0.12890625,0.73828125,0.032470703125,0.10009765625,True,B,0.3436434268951416,medmcqa_3,"['PBMD', 'STAT', 'STAT', 'PBMD', 'PBMD']","[468043370483486354, 468043370483068857, 468043370482987750, 468043370483576380, 468043370483089456]","[0.7719658613204956, 0.7115093469619751, 0.7082880735397339, 0.7830668091773987, 0.763684093952179]"
212c1720-9f09-49d2-9a44-47bd914b35c9,Physiology,0.06689453125,0.076171875,0.04052734375,0.81640625,True,D,0.3439750671386719,medmcqa_3,"['PBMD', 'PBMD', 'PBMD', 'PBMD', 'PBMD']","[468043370483624663, 468043370483292705, 468043370483553819, 468043370483537795, 468043370483536607]","[0.7891204357147217, 0.7764360904693604, 0.7688151597976685, 0.7644287347793579, 0.8046625852584839]"
ef51fbf9-549d-456a-9286-181a7f6143cd,Physiology,0.8125,0.07568359375,0.06689453125,0.0458984375,True,A,0.20505118370056152,medmcqa_3,"['STAT', 'PBMD', 'STAT', 'TEXT', 'STAT']","[468043370482562191, 468043370483374305, 468043370482541370, 468043370482421258, 468043370482826248]","[0.778754711151123, 0.8335264325141907, 0.7775619626045227, 0.8011911511421204, 0.7728992700576782]"
4f5ca2d2-0f0b-4304-87ef-fbdc6d883659,Physiology,0.396484375,0.271484375,0.12060546875,0.2119140625,True,A,0.4099910259246826,medmcqa_3,"['STAT', 'TEXT', 'TEXT', 'TEXT', 'STAT']","[468043370482521487, 468043370482474422, 468043370482402481, 468043370482474424, 468043370482793834]","[0.7544947266578674, 0.7511520981788635, 0.7505829334259033, 0.7474824786186218, 0.7409284114837646]"
0dd771c5-9284-4e46-abf0-da8618b12985,Physiology,0.0035858154296875,0.99609375,0.000705718994140625,0.0004024505615234375,True,B,0.23117375373840332,medmcqa_3,"['TEXT', 'TEXT', 'TEXT', 'STAT', 'TEXT']","[468043370482428092, 468043370482388619, 468043370482428091, 468043370482963394, 468043370482388617]","[0.7277324795722961, 0.7405732274055481, 0.7400058507919312, 0.7156656384468079, 0.7208802103996277]"
c4bcd30a-daa7-4da1-9316-83c2cbb64532,Physiology,0.00958251953125,0.01019287109375,0.98046875,0.00069427490234375,True,C,0.24966692924499512,medmcqa_3,"['TEXT', 'TEXT', 'STAT', 'STAT', 'TEXT']","[468043370482378769, 468043370482473911, 468043370482928104, 468043370483020577, 468043370482392993]","[0.7653002738952637, 0.7960175275802612, 0.7982548475265503, 0.7823525667190552, 0.7724714875221252]"
4034587c-3452-4465-9e2e-9b2ad5f643cd,Physiology,0.66796875,0.1689453125,0.11572265625,0.04833984375,True,A,0.5576887130737305,medmcqa_3,"['PBMD', 'PBMD', 'PBMD', 'PBMD', 'PBMD']","[468043370484117777, 468043370483797989, 468043370483739182, 468043370483314450, 468043370483968068]","[0.7937297821044922, 0.8294392824172974, 0.762937605381012, 0.7682632207870483, 0.7664238214492798]"
6b5b69d0-83bf-4cd0-bb15-8f99cc9ea3d7,Physiology,0.00909423828125,0.0033416748046875,0.98828125,0.0003757476806640625,True,C,0.25386786460876465,medmcqa_3,"['PBMD', 'PBMD', 'PBMD', 'STAT', 'STAT']","[468043370483410271, 468043370483938821, 468043370483169198, 468043370483056470, 468043370482535628]","[0.7856593132019043, 0.7760353684425354, 0.7802327871322632, 0.7599108219146729, 0.7315852642059326]"
4506e30a-65c0-48a5-86db-595e5084787c,Gynaecology & Obstetrics,0.291015625,0.007720947265625,0.005645751953125,0.6953125,True,D,0.2488861083984375,medmcqa_3,"['TEXT', 'PBMD', 'STAT', 'TEXT', 'PBMD']","[468043370482411568, 468043370483757195, 468043370482793651, 468043370482411569, 468043370483868936]","[0.7639558911323547, 0.7778085470199585, 0.7614051103591919, 0.7462347149848938, 0.7868000864982605]"
641fe4d1-8fc4-4393-ada9-0f1fc1c25462,Gynaecology & Obstetrics,0.99609375,0.0006256103515625,0.00141143798828125,0.0002613067626953125,True,A,0.24905657768249512,medmcqa_3,"['STAT', 'STAT', 'STAT', 'TEXT', 'STAT']","[468043370482859684, 468043370482520736, 468043370482852983, 468043370482464466, 468043370482497863]","[0.7407708764076233, 0.723605751991272, 0.7357353568077087, 0.7072983980178833, 0.7442395687103271]"
a9593a3b-34bf-4de3-b53b-f9e957a0dad5,Gynaecology & Obstetrics,0.302734375,0.341796875,0.01324462890625,0.341796875,False,D,0.4104921817779541,medmcqa_3,"['PBMD', 'PBMD', 'STAT', 'PBMD', 'TEXT']","[468043370483135423, 468043370483726297, 468043370482942859, 468043370483442263, 468043370482447870]","[0.7541682720184326, 0.754584014415741, 0.7640782594680786, 0.7644219398498535, 0.7693225145339966]"
b0f5d8eb-eda4-48a2-ad59-d158d8132c16,Gynaecology & Obstetrics,0.2001953125,0.09423828125,0.478515625,0.2265625,False,A,0.24654507637023926,medmcqa_3,"['STAT', 'PBMD', 'STAT', 'STAT', 'PBMD']","[468043370482831173, 468043370483517384, 468043370482814760, 468043370482866400, 468043370483401669]","[0.7724967002868652, 0.7951650619506836, 0.7784801721572876, 0.7732133865356445, 0.7768279314041138]"
fa304b14-4fa8-415b-8fba-3e670529cc8a,Gynaecology & Obstetrics,0.92578125,0.03369140625,0.02978515625,0.00909423828125,True,A,0.252152681350708,medmcqa_3,"['TEXT', 'PBMD', 'PBMD', 'TEXT', 'PBMD']","[468043370482374146, 468043370483677130, 468043370483846986, 468043370482374145, 468043370483812860]","[0.7755911946296692, 0.796547532081604, 0.7677582502365112, 0.7563906311988831, 0.7714550495147705]"
5bca2ed8-85d7-4ec5-8c3a-96ce2c3ca045,Gynaecology & Obstetrics,0.005523681640625,0.000583648681640625,0.0031585693359375,0.9921875,True,D,0.24845433235168457,medmcqa_3,"['STAT', 'STAT', 'PBMD', 'PBMD', 'TEXT']","[468043370482539078, 468043370482520120, 468043370483684770, 468043370483645669, 468043370482383869]","[0.7836835384368896, 0.8002545237541199, 0.7876118421554565, 0.8023377060890198, 0.7803577184677124]"
ec8aaefa-2e2d-4d4a-a84e-8f9d95918c25,Gynaecology & Obstetrics,0.01239013671875,0.984375,0.003326416015625,0.0017852783203125,True,B,0.2402665615081787,medmcqa_3,"['STAT', 'STAT', 'STAT', 'STAT', 'STAT']","[468043370483076847, 468043370482886110, 468043370482546458, 468043370482516479, 468043370482922023]","[0.7826324105262756, 0.7749562859535217, 0.7621679306030273, 0.79380202293396, 0.7643925547599792]"
aa23e05a-7e73-494b-bc8d-6331b060a964,Gynaecology & Obstetrics,0.00909423828125,0.10400390625,0.01409912109375,0.87109375,True,D,0.2044973373413086,medmcqa_3,"['STAT', 'PBMD', 'STAT', 'STAT', 'STAT']","[468043370483020489, 468043370483234451, 468043370482531810, 468043370482510938, 468043370482962025]","[0.7393201589584351, 0.754808247089386, 0.7346320152282715, 0.7416200637817383, 0.7365882396697998]"
4c193618-d7aa-41b5-a04c-0ff57cabbb3a,Gynaecology & Obstetrics,0.193359375,0.150390625,0.193359375,0.462890625,False,C,0.3734714984893799,medmcqa_3,"['STAT', 'TEXT', 'PBMD', 'STAT', 'PBMD']","[468043370482784391, 468043370482462021, 468043370483414712, 468043370482852468, 468043370483244271]","[0.7452664375305176, 0.7516206502914429, 0.7877505421638489, 0.754726231098175, 0.7876526117324829]"
5bb0839c-7c3d-4f5e-a955-6f67ad0db7d9,Gynaecology & Obstetrics,0.10546875,0.06005859375,0.77734375,0.056396484375,True,C,0.29819512367248535,medmcqa_3,"['PBMD', 'TEXT', 'STAT', 'TEXT', 'TEXT']","[468043370483391745, 468043370482451347, 468043370483075302, 468043370482451212, 468043370482451403]","[0.7304825186729431, 0.7188202738761902, 0.6989843845367432, 0.737820565700531, 0.7117928266525269]"
876a5607-e467-4745-b315-13812c405904,Gynaecology & Obstetrics,0.2490234375,0.59765625,0.06298828125,0.09130859375,True,B,0.3494381904602051,medmcqa_3,"['PBMD', 'PBMD', 'PBMD', 'STAT', 'STAT']","[468043370483841469, 468043370483141360, 468043370484065426, 468043370482976643, 468043370483048110]","[0.7588708400726318, 0.7608054280281067, 0.7602652907371521, 0.7652105689048767, 0.764575719833374]"
b7899c5a-8bd2-4a87-8082-0ad7980f3886,Gynaecology & Obstetrics,0.98046875,0.01025390625,0.00311279296875,0.006591796875,False,B,0.2993350028991699,medmcqa_3,"['TEXT', 'PBMD', 'TEXT', 'TEXT', 'TEXT']","[468043370482451246, 468043370484103576, 468043370482451249, 468043370482451355, 468043370482449758]","[0.7255371809005737, 0.7334235906600952, 0.7472447752952576, 0.724055826663971, 0.7253599166870117]"
ba4a3d15-f1cf-4072-b836-ecf2785657e3,Gynaecology & Obstetrics,0.94140625,0.01953125,0.0322265625,0.007659912109375,True,A,0.2763686180114746,medmcqa_3,"['TEXT', 'PBMD', 'PBMD', 'TEXT', 'PBMD']","[468043370482471664, 468043370483697659, 468043370483281183, 468043370482453031, 468043370483680785]","[0.7587241530418396, 0.7208831906318665, 0.7651852369308472, 0.7163849472999573, 0.739872932434082]"
599296cf-99e1-4a99-8322-cc24fef094a7,Gynaecology & Obstetrics,0.1708984375,0.09130859375,0.67578125,0.06298828125,False,A,0.3461265563964844,medmcqa_3,"['PBMD', 'STAT', 'PBMD', 'PBMD', 'TEXT']","[468043370483439889, 468043370482822890, 468043370483442855, 468043370483437628, 468043370482400229]","[0.8240737318992615, 0.7939375638961792, 0.8098345398902893, 0.8204255104064941, 0.7710561156272888]"
6e6be6aa-cd4c-4101-9146-29577f634f9a,Gynaecology & Obstetrics,0.1357421875,0.2236328125,0.2236328125,0.41796875,True,D,0.5447053909301758,medmcqa_3,"['PBMD', 'PBMD', 'PBMD', 'PBMD', 'PBMD']","[468043370483666462, 468043370483945997, 468043370483858514, 468043370483659767, 468043370483804734]","[0.7751966118812561, 0.7663947343826294, 0.7740256786346436, 0.7762724757194519, 0.7862970232963562]"
9abacba9-f159-401a-b974-9040f9efdd8a,Gynaecology & Obstetrics,0.06396484375,0.68359375,0.0283203125,0.22265625,True,B,0.2070784568786621,medmcqa_3,"['STAT', 'TEXT', 'TEXT', 'STAT', 'TEXT']","[468043370482906431, 468043370482451104, 468043370482449401, 468043370482958297, 468043370482384701]","[0.7824015617370605, 0.7637951374053955, 0.7615405321121216, 0.7549480199813843, 0.7624616026878357]"
a13b245e-56b4-43cd-84fe-1c83ac2badeb,Gynaecology & Obstetrics,0.546875,0.21484375,0.1220703125,0.11474609375,True,A,0.2783076763153076,medmcqa_3,"['TEXT', 'PBMD', 'PBMD', 'TEXT', 'TEXT']","[468043370482452090, 468043370483474240, 468043370483328917, 468043370482449283, 468043370482449285]","[0.7972604632377625, 0.7760840654373169, 0.7666476964950562, 0.7645949125289917, 0.7713552713394165]"
c97369ec-b7b9-405c-ba9c-35cfdae8ce24,Gynaecology & Obstetrics,0.251953125,0.3671875,0.32421875,0.056396484375,False,C,0.502281665802002,medmcqa_3,"['STAT', 'PBMD', 'PBMD', 'PBMD', 'PBMD']","[468043370482800496, 468043370483566918, 468043370483736897, 468043370483921100, 468043370483875763]","[0.7463622689247131, 0.7272248268127441, 0.7191745638847351, 0.7150201201438904, 0.7179247736930847]"
8ec544be-913f-4b14-9858-8026a462af96,Gynaecology & Obstetrics,0.1533203125,0.10546875,0.60546875,0.134765625,False,D,0.3436906337738037,medmcqa_3,"['PBMD', 'PBMD', 'PBMD', 'PBMD', 'TEXT']","[468043370483909225, 468043370483759035, 468043370483123591, 468043370483631441, 468043370482460526]","[0.7608789205551147, 0.7761287689208984, 0.7567806839942932, 0.7645002007484436, 0.7387616038322449]"
eb49deaf-5611-4a19-8ad5-0cca73608043,Gynaecology & Obstetrics,0.1943359375,0.765625,0.021728515625,0.0169677734375,True,B,0.24713754653930664,medmcqa_3,"['STAT', 'PBMD', 'TEXT', 'PBMD', 'TEXT']","[468043370482556017, 468043370483244653, 468043370482410011, 468043370483215412, 468043370482410012]","[0.7600414752960205, 0.7228342890739441, 0.7104849815368652, 0.7213118672370911, 0.7052951455116272]"
36b0d7c6-f5d7-4d5d-a312-c48ec39107e5,Radiology,0.043701171875,0.0194091796875,0.93359375,0.004058837890625,True,C,0.27248501777648926,medmcqa_3,"['STAT', 'TEXT', 'STAT', 'TEXT', 'TEXT']","[468043370482549471, 468043370482489147, 468043370482535321, 468043370482407016, 468043370482417960]","[0.7415642142295837, 0.7310118675231934, 0.7838312387466431, 0.7889472246170044, 0.8010252714157104]"
477dea37-f0b6-4a6d-b77a-766ded28f2b6,Radiology,0.890625,0.060546875,0.032470703125,0.0184326171875,True,A,0.2443981170654297,medmcqa_3,"['STAT', 'PBMD', 'PBMD', 'STAT', 'STAT']","[468043370482506310, 468043370483622100, 468043370483517778, 468043370482928255, 468043370483035954]","[0.7491098046302795, 0.7685041427612305, 0.7708795070648193, 0.7462882399559021, 0.746976912021637]"
3588f845-135e-4167-8455-ecc975821b3a,Radiology,0.421875,0.2255859375,0.17578125,0.17578125,False,C,0.3558363914489746,medmcqa_3,"['PBMD', 'STAT', 'STAT', 'PBMD', 'STAT']","[468043370483439562, 468043370482949225, 468043370482795839, 468043370483748122, 468043370482495638]","[0.7612133026123047, 0.7464632391929626, 0.7297527194023132, 0.7670891284942627, 0.743108332157135]"
e536d0d8-52e5-4881-b33e-23907a9a3034,Radiology,0.060302734375,0.06396484375,0.83203125,0.044189453125,True,C,0.252671480178833,medmcqa_3,"['STAT', 'PBMD', 'STAT', 'PBMD', 'STAT']","[468043370482933642, 468043370484046347, 468043370482947829, 468043370483212921, 468043370482560330]","[0.8411802053451538, 0.8138434886932373, 0.7631922960281372, 0.8138250112533569, 0.7653218507766724]"
07549da1-d7ff-4fc2-85a0-a27023bbb810,Radiology,0.1015625,0.0478515625,0.84765625,0.00238037109375,True,C,0.2469778060913086,medmcqa_3,"['STAT', 'STAT', 'TEXT', 'TEXT', 'STAT']","[468043370483066022, 468043370483066008, 468043370482465069, 468043370482402246, 468043370483066028]","[0.7283615469932556, 0.7565964460372925, 0.7651454210281372, 0.7056922912597656, 0.7259261608123779]"
c04418b3-8abb-4cb3-bd56-d5c2fd9adc70,Radiology,0.08251953125,0.69140625,0.050048828125,0.1748046875,True,B,0.24663376808166504,medmcqa_3,"['PBMD', 'PBMD', 'STAT', 'PBMD', 'STAT']","[468043370483213710, 468043370483643837, 468043370482778060, 468043370483209947, 468043370482958627]","[0.7739197015762329, 0.767591118812561, 0.7593563199043274, 0.7804144024848938, 0.7701495885848999]"
71a97018-2620-4ead-8abe-20863683353d,Radiology,0.9921875,0.007568359375,0.000705718994140625,0.000453948974609375,True,A,0.27449941635131836,medmcqa_3,"['STAT', 'STAT', 'STAT', 'PBMD', 'PBMD']","[468043370482507048, 468043370482869260, 468043370482869258, 468043370483202502, 468043370483513125]","[0.7230015397071838, 0.6879913806915283, 0.6762483716011047, 0.722162663936615, 0.7202253341674805]"
b333f3d2-f0c1-4af8-add4-2f13f2a99643,Radiology,0.10888671875,0.1796875,0.158203125,0.5546875,False,C,0.2981686592102051,medmcqa_3,"['PBMD', 'PBMD', 'PBMD', 'PBMD', 'TEXT']","[468043370483872167, 468043370483540968, 468043370483541468, 468043370483317963, 468043370482371909]","[0.7651105523109436, 0.7948428392410278, 0.7769927382469177, 0.7755942344665527, 0.729485273361206]"
e0d4d5a9-71e4-4f84-b750-3894f8c7eaad,Radiology,0.28125,0.1826171875,0.125,0.41015625,False,B,0.3753347396850586,medmcqa_3,"['STAT', 'STAT', 'PBMD', 'STAT', 'PBMD']","[468043370482930083, 468043370483037925, 468043370483390523, 468043370482918684, 468043370483721873]","[0.7301990389823914, 0.735352635383606, 0.7635782361030579, 0.7091099619865417, 0.7650288343429565]"
fce10983-aee8-42db-b4a3-793db4d49faf,Radiology,0.271484375,0.271484375,0.060546875,0.396484375,False,A,0.3897228240966797,medmcqa_3,"['PBMD', 'PBMD', 'STAT', 'PBMD', 'PBMD']","[468043370483735570, 468043370483398885, 468043370482885395, 468043370483137524, 468043370483610901]","[0.7023612260818481, 0.7196627855300903, 0.6748893857002258, 0.695134699344635, 0.6861517429351807]"
48f3a95b-0f17-4c55-a104-7ae269bfcc0d,Radiology,0.1826171875,0.72265625,0.040771484375,0.0556640625,False,A,0.20300960540771484,medmcqa_3,"['PBMD', 'PBMD', 'PBMD', 'TEXT', 'PBMD']","[468043370483208794, 468043370483124374, 468043370483222419, 468043370482440471, 468043370483415823]","[0.7685911655426025, 0.7581260204315186, 0.7682117223739624, 0.7340595126152039, 0.7569025754928589]"
f7c7aa89-a69c-495e-8db6-f39c604165d8,Radiology,0.1494140625,0.58984375,0.0908203125,0.1689453125,True,B,0.25560665130615234,medmcqa_3,"['STAT', 'PBMD', 'STAT', 'PBMD', 'STAT']","[468043370483041690, 468043370483442721, 468043370482999710, 468043370483910436, 468043370483014166]","[0.7222844958305359, 0.7440000772476196, 0.7098293900489807, 0.7390464544296265, 0.7082756757736206]"
a66c89b4-55c2-4708-acfd-07987a4f5347,Radiology,0.640625,0.1181640625,0.0595703125,0.18359375,True,A,0.24631261825561523,medmcqa_3,"['TEXT', 'PBMD', 'TEXT', 'STAT', 'STAT']","[468043370482407027, 468043370483219734, 468043370482456983, 468043370482542544, 468043370482545109]","[0.6862219572067261, 0.7194355726242065, 0.6626513004302979, 0.7054102420806885, 0.6652329564094543]"
50ca6bfb-4e53-40a0-a3a6-14cb2e92d6ab,Radiology,0.059326171875,0.8203125,0.040771484375,0.0810546875,False,C,0.2396254539489746,medmcqa_3,"['STAT', 'PBMD', 'PBMD', 'STAT', 'STAT']","[468043370482825656, 468043370483459698, 468043370483214454, 468043370482873522, 468043370483037918]","[0.7195371985435486, 0.7375407218933105, 0.7075784802436829, 0.7066977024078369, 0.7196692824363708]"
ff386ce5-4735-41fe-8e0a-bc3be1999107,Radiology,0.1943359375,0.36328125,0.0810546875,0.36328125,True,B,0.38641905784606934,medmcqa_3,"['STAT', 'PBMD', 'STAT', 'PBMD', 'PBMD']","[468043370482542546, 468043370483823691, 468043370482901990, 468043370483850989, 468043370483541472]","[0.7281848192214966, 0.7509777545928955, 0.7319778800010681, 0.7559051513671875, 0.7680784463882446]"
70c721b1-9c86-4a0a-8734-cfe46d206f5a,Radiology,0.318359375,0.671875,0.0035247802734375,0.005462646484375,True,B,0.3741340637207031,medmcqa_3,"['STAT', 'STAT', 'PBMD', 'PBMD', 'PBMD']","[468043370483005046, 468043370483037924, 468043370483896315, 468043370484055125, 468043370483317702]","[0.7631819844245911, 0.7754908204078674, 0.7425683736801147, 0.7346153855323792, 0.7671794295310974]"
1730e3d6-7a73-4485-bc27-65e8ad61c9bb,Radiology,0.90234375,0.083984375,0.00885009765625,0.0028839111328125,True,A,0.23608779907226562,medmcqa_3,"['PBMD', 'PBMD', 'PBMD', 'PBMD', 'PBMD']","[468043370483811441, 468043370483367932, 468043370483477350, 468043370483217818, 468043370483826308]","[0.7812544703483582, 0.8031130433082581, 0.7788761854171753, 0.7725890874862671, 0.7739708423614502]"
e96fadd5-fac8-4cde-9957-d69ed40b3364,Radiology,0.83203125,0.14453125,0.01519775390625,0.01043701171875,True,A,0.2606375217437744,medmcqa_3,"['TEXT', 'TEXT', 'TEXT', 'TEXT', 'TEXT']","[468043370482421876, 468043370482436747, 468043370482445769, 468043370482436748, 468043370482477471]","[0.7250563502311707, 0.7363395094871521, 0.7626298069953918, 0.7183790802955627, 0.7325862646102905]"
427b1e29-9386-4ca4-af88-7c3fe4b37e15,Radiology,0.71484375,0.232421875,0.040283203125,0.0123291015625,True,A,0.24467849731445312,medmcqa_3,"['PBMD', 'PBMD', 'STAT', 'PBMD', 'PBMD']","[468043370484088421, 468043370484004125, 468043370482902004, 468043370483987409, 468043370483643649]","[0.8002643585205078, 0.8203164339065552, 0.802924633026123, 0.8139058351516724, 0.8010526895523071]"
e3782486-d6bf-4ef2-8830-5cdfdcacb020,Radiology,0.0048828125,0.000705718994140625,0.9921875,0.0023040771484375,True,C,0.1999204158782959,medmcqa_3,"['PBMD', 'STAT', 'STAT', 'TEXT', 'STAT']","[468043370483217072, 468043370483020847, 468043370483020904, 468043370482407195, 468043370482795831]","[0.7569372653961182, 0.7677168846130371, 0.7601233720779419, 0.7769169807434082, 0.7790203094482422]"
ccb55b07-8a29-4e45-a38c-8f0db374c703,ENT,0.06396484375,0.87890625,0.00592041015625,0.049560546875,True,B,0.34000563621520996,medmcqa_3,"['PBMD', 'PBMD', 'PBMD', 'PBMD', 'PBMD']","[468043370483875750, 468043370484110477, 468043370483671140, 468043370483266548, 468043370483985189]","[0.7895562052726746, 0.7901991009712219, 0.7833172082901001, 0.7879301309585571, 0.7832633852958679]"
b3554a03-5d0e-42ef-8033-6b3062193ae1,ENT,0.06591796875,0.9140625,0.01300048828125,0.0084228515625,True,B,0.27347326278686523,medmcqa_3,"['PBMD', 'PBMD', 'PBMD', 'TEXT', 'PBMD']","[468043370483398021, 468043370483955274, 468043370483294441, 468043370482485369, 468043370483384595]","[0.7783257961273193, 0.7935320138931274, 0.7909567356109619, 0.7673928737640381, 0.815842866897583]"
762824c1-92d7-4a9e-9fcb-3a7fb3adfe69,ENT,0.86328125,0.0908203125,0.04296875,0.0025787353515625,True,A,0.24551606178283691,medmcqa_3,"['TEXT', 'PBMD', 'TEXT', 'PBMD', 'STAT']","[468043370482394619, 468043370483732562, 468043370482394618, 468043370483429794, 468043370482786408]","[0.7229372262954712, 0.7372929453849792, 0.7306606769561768, 0.7454612255096436, 0.7251388430595398]"
e584f190-0cb1-4ef7-9e2a-e4f0ccc8e01b,ENT,0.08740234375,0.07275390625,0.5703125,0.26953125,True,C,0.23977875709533691,medmcqa_3,"['STAT', 'TEXT', 'TEXT', 'STAT', 'STAT']","[468043370483022000, 468043370482444531, 468043370482444465, 468043370482991135, 468043370482800662]","[0.7483212947845459, 0.730868935585022, 0.7164130210876465, 0.7745211124420166, 0.7342504262924194]"
d1ef23c9-e756-4ae2-a91c-992fa658c4c3,ENT,0.8984375,0.06103515625,0.02880859375,0.01202392578125,True,A,0.24215221405029297,medmcqa_3,"['STAT', 'PBMD', 'STAT', 'PBMD', 'TEXT']","[468043370483022185, 468043370483814508, 468043370482880744, 468043370483760871, 468043370482440432]","[0.7373294234275818, 0.7648704051971436, 0.7378953695297241, 0.7622308731079102, 0.7702404260635376]"
6b13b5d1-10ab-414c-bfd4-76b9463300f2,ENT,0.2734375,0.1875,0.1875,0.3515625,False,B,0.3104219436645508,medmcqa_3,"['TEXT', 'STAT', 'STAT', 'STAT', 'PBMD']","[468043370482440529, 468043370483000298, 468043370482793381, 468043370482886227, 468043370483759378]","[0.7283369898796082, 0.7261078357696533, 0.7239250540733337, 0.7255204916000366, 0.7241553068161011]"
4bab5fce-dd4d-4196-906d-11354ffa1c8d,ENT,0.025634765625,0.00689697265625,0.0078125,0.9609375,True,D,0.25435900688171387,medmcqa_3,"['PBMD', 'TEXT', 'STAT', 'STAT', 'TEXT']","[468043370484073581, 468043370482372041, 468043370482813119, 468043370482821247, 468043370482485378]","[0.7711524963378906, 0.743552565574646, 0.743860125541687, 0.7375029921531677, 0.7596108913421631]"
a86db080-2d2a-4eb2-abb0-11de110167f8,ENT,0.11376953125,0.1650390625,0.10693359375,0.61328125,False,B,0.34562182426452637,medmcqa_3,"['PBMD', 'PBMD', 'TEXT', 'PBMD', 'TEXT']","[468043370483771015, 468043370483434541, 468043370482485279, 468043370483771022, 468043370482485280]","[0.782381534576416, 0.7940453290939331, 0.7429920434951782, 0.7934354543685913, 0.7462117075920105]"
be68160f-1668-4576-abcc-882aa211beb3,ENT,0.9140625,0.05859375,0.0157470703125,0.01080322265625,True,A,0.24840998649597168,medmcqa_3,"['TEXT', 'PBMD', 'STAT', 'STAT', 'PBMD']","[468043370482403265, 468043370483578096, 468043370482555857, 468043370482814297, 468043370483468478]","[0.7960507273674011, 0.7833314538002014, 0.7634487748146057, 0.7620581388473511, 0.7843161821365356]"
38810794-2735-4239-b36f-d9a509a2997f,ENT,0.0091552734375,0.052734375,0.93359375,0.0048828125,False,B,0.22325634956359863,medmcqa_3,"['STAT', 'STAT', 'STAT', 'STAT', 'PBMD']","[468043370482992325, 468043370482850510, 468043370482553826, 468043370482825980, 468043370483272003]","[0.804185152053833, 0.7782821655273438, 0.7602259516716003, 0.759478747844696, 0.7715539932250977]"
5e7cb3e3-57f6-4748-96dd-0b8f6e2fa902,ENT,0.96484375,0.0028839111328125,0.005401611328125,0.02734375,True,A,0.2520308494567871,medmcqa_3,"['PBMD', 'STAT', 'PBMD', 'STAT', 'PBMD']","[468043370483851702, 468043370482514998, 468043370484005697, 468043370482914366, 468043370484059629]","[0.7738859057426453, 0.7619858980178833, 0.7752330899238586, 0.7741036415100098, 0.7950107455253601]"
da2078b0-6ce5-4ba3-82f2-7b145665be2b,ENT,0.765625,0.052001953125,0.1416015625,0.04052734375,True,A,0.19443511962890625,medmcqa_3,"['STAT', 'STAT', 'STAT', 'STAT', 'STAT']","[468043370482777615, 468043370482980485, 468043370482986636, 468043370483023269, 468043370482979794]","[0.7563475370407104, 0.7475559115409851, 0.72837233543396, 0.7246425151824951, 0.7283152937889099]"
2267ecd3-7b7f-4416-86f8-5ef2312e643e,ENT,0.09619140625,0.05859375,0.037841796875,0.80859375,False,A,0.27840471267700195,medmcqa_3,"['TEXT', 'TEXT', 'TEXT', 'STAT', 'PBMD']","[468043370482403398, 468043370482383067, 468043370482383068, 468043370482933590, 468043370483240561]","[0.743481457233429, 0.7514597177505493, 0.7906402349472046, 0.7567481994628906, 0.7913395166397095]"
