id,subject,probA,probB,probC,probD,result,answer,time,split,sources,ids,similarity
e4927cf9-d5c2-4d7e-ab5b-7429e206275e,Microbiology,0.0225830078125,0.3125,0.66015625,0.003692626953125,True,C,0.2172844409942627,medmcqa_1,"['PBMD', 'STAT', 'PBMD', 'PBMD', 'PBMD']","[468043370483263301, 468043370482966847, 468043370483135623, 468043370483939717, 468043370483263476]","[0.8481689691543579, 0.7828078866004944, 0.7894520163536072, 0.7971533536911011, 0.7853772640228271]"
a31fa037-1f22-44a4-8d07-6457c439b685,Microbiology,0.00124359130859375,0.99609375,0.00070953369140625,0.0004863739013671875,True,B,0.12397623062133789,medmcqa_1,"['PBMD', 'STAT', 'STAT', 'PBMD', 'STAT']","[468043370484092143, 468043370482906875, 468043370482544851, 468043370483797658, 468043370482920327]","[0.7832307815551758, 0.7699752449989319, 0.75937819480896, 0.7828468680381775, 0.7813955545425415]"
93751803-0e12-444d-a80a-f15784cc6a86,Microbiology,0.00518798828125,0.00191497802734375,0.00148773193359375,0.9921875,True,D,0.11659908294677734,medmcqa_1,"['STAT', 'STAT', 'TEXT', 'TEXT', 'STAT']","[468043370483069466, 468043370482883627, 468043370482412127, 468043370482415311, 468043370482524491]","[0.7950815558433533, 0.779646635055542, 0.7808482646942139, 0.7750444412231445, 0.7676652669906616]"
7ddb4b66-7d59-42e8-9714-04fdb5741670,Microbiology,0.06494140625,0.7890625,0.039306640625,0.10693359375,False,C,0.12167906761169434,medmcqa_1,"['TEXT', 'STAT', 'PBMD', 'TEXT', 'PBMD']","[468043370482400096, 468043370482949666, 468043370483619657, 468043370482414020, 468043370483268121]","[0.6862304210662842, 0.6904379725456238, 0.7217474579811096, 0.6815676689147949, 0.7257786393165588]"
8fe12f62-9e59-408b-899d-72def6e9e16e,Microbiology,0.140625,0.037841796875,0.55859375,0.263671875,True,C,0.12056469917297363,medmcqa_1,"['STAT', 'PBMD', 'STAT', 'PBMD', 'PBMD']","[468043370482497080, 468043370483509607, 468043370482993908, 468043370483609353, 468043370483225827]","[0.6944860219955444, 0.7559693455696106, 0.7041445970535278, 0.7379840612411499, 0.7465094923973083]"
dec39d56-fcb3-4cf1-8e83-e09a09a8ce6e,Microbiology,0.60546875,0.1533203125,0.11962890625,0.11962890625,True,A,0.12218785285949707,medmcqa_1,"['STAT', 'STAT', 'PBMD', 'STAT', 'PBMD']","[468043370482933983, 468043370483010872, 468043370483246815, 468043370483010875, 468043370483550221]","[0.7262405753135681, 0.7565245628356934, 0.7514233589172363, 0.6968439221382141, 0.7607317566871643]"
de1065e8-37ba-4b6b-a05d-f967fdf76f58,Microbiology,0.9921875,0.001800537109375,0.005218505859375,0.00011491775512695312,True,A,0.12593603134155273,medmcqa_1,"['TEXT', 'TEXT', 'TEXT', 'TEXT', 'TEXT']","[468043370482380964, 468043370482396811, 468043370482455767, 468043370482397095, 468043370482380908]","[0.7888919115066528, 0.7797299027442932, 0.806734561920166, 0.7919330596923828, 0.799986720085144]"
5a2facfc-eefa-4828-b96a-c319e1c71745,Microbiology,1.0,0.0008544921875,0.0006256103515625,3.7670135498046875e-05,True,A,0.08750152587890625,medmcqa_1,"['STAT', 'STAT', 'STAT', 'STAT', 'STAT']","[468043370482547522, 468043370482823546, 468043370483034713, 468043370482772698, 468043370482875747]","[0.7652563452720642, 0.7142167091369629, 0.7338458299636841, 0.7259588837623596, 0.7359870076179504]"
8919343b-cb06-4265-8e82-209b335117b3,Microbiology,0.04150390625,0.006378173828125,0.0059814453125,0.9453125,True,D,0.12362909317016602,medmcqa_1,"['STAT', 'TEXT', 'STAT', 'PBMD', 'PBMD']","[468043370482821252, 468043370482407396, 468043370482549846, 468043370483681461, 468043370483919532]","[0.8140648007392883, 0.8088175058364868, 0.7859781980514526, 0.8112236261367798, 0.8064703345298767]"
02f27add-bf4d-4155-81aa-8f537546ceda,Microbiology,0.01312255859375,0.9765625,0.0045166015625,0.003997802734375,False,C,0.14005708694458008,medmcqa_1,"['PBMD', 'STAT', 'PBMD', 'PBMD', 'PBMD']","[468043370483554615, 468043370482953437, 468043370483524316, 468043370483905615, 468043370483443663]","[0.7300713062286377, 0.7009589076042175, 0.7415968775749207, 0.7404079437255859, 0.7434561848640442]"
7cacd6ea-ee7d-481d-bc66-467c47dc315c,Microbiology,0.328125,0.08837890625,0.328125,0.255859375,False,B,0.10160994529724121,medmcqa_1,"['TEXT', 'STAT', 'STAT', 'STAT', 'STAT']","[468043370482416358, 468043370482827610, 468043370482953554, 468043370482800151, 468043370482794797]","[0.7440659403800964, 0.7603182792663574, 0.7450386881828308, 0.7821434736251831, 0.7603642344474792]"
47d11c3e-1090-4157-be00-405e9a23961e,Microbiology,0.5546875,0.0517578125,0.01153564453125,0.380859375,True,A,0.10261845588684082,medmcqa_1,"['TEXT', 'STAT', 'STAT', 'STAT', 'TEXT']","[468043370482417554, 468043370483069292, 468043370483069294, 468043370482922571, 468043370482417600]","[0.7593618035316467, 0.7787652015686035, 0.7996289134025574, 0.7861821055412292, 0.7666438221931458]"
bf1695d4-b341-49a2-9144-aa52d346c645,Microbiology,0.78515625,0.10009765625,0.0252685546875,0.08837890625,False,B,0.13800597190856934,medmcqa_1,"['PBMD', 'TEXT', 'TEXT', 'PBMD', 'PBMD']","[468043370483963438, 468043370482399199, 468043370482456067, 468043370484127278, 468043370483751114]","[0.7881224155426025, 0.7849848866462708, 0.7879010438919067, 0.796743631362915, 0.7967836260795593]"
ca49d5c3-9678-4b4f-b10d-4021802c636d,Microbiology,0.99609375,0.004608154296875,0.000705718994140625,0.0001678466796875,True,A,0.11413359642028809,medmcqa_1,"['TEXT', 'TEXT', 'STAT', 'TEXT', 'PBMD']","[468043370482399455, 468043370482399454, 468043370482833777, 468043370482470080, 468043370483401124]","[0.790411651134491, 0.7561009526252747, 0.7508865594863892, 0.7445023059844971, 0.7902093529701233]"
84edf98d-5d16-4377-95fc-2bb67058e7d4,Microbiology,0.0252685546875,0.022216796875,0.9453125,0.006378173828125,True,C,0.09389257431030273,medmcqa_1,"['PBMD', 'TEXT', 'PBMD', 'PBMD', 'PBMD']","[468043370483305699, 468043370482399501, 468043370483547233, 468043370483575863, 468043370483323574]","[0.7635598182678223, 0.7515531182289124, 0.7664142847061157, 0.7594131827354431, 0.7535682320594788]"
a18a805c-102a-4493-9a14-9fef1f17862f,Microbiology,0.04833984375,0.7578125,0.07958984375,0.11572265625,True,B,0.11373662948608398,medmcqa_1,"['STAT', 'PBMD', 'PBMD', 'STAT', 'PBMD']","[468043370482511162, 468043370484059251, 468043370483611034, 468043370482812027, 468043370483467434]","[0.7913719415664673, 0.8137354850769043, 0.7694989442825317, 0.8033795952796936, 0.8038231134414673]"
87d25aef-12d5-478d-b126-e98a1a76e9f0,Microbiology,0.0016937255859375,0.99609375,0.00159454345703125,0.00102996826171875,True,B,0.12303495407104492,medmcqa_1,"['TEXT', 'PBMD', 'STAT', 'PBMD', 'STAT']","[468043370482470775, 468043370483949727, 468043370482794632, 468043370483323275, 468043370482980524]","[0.7471201419830322, 0.7526456117630005, 0.7315759062767029, 0.7627719044685364, 0.7212497591972351]"
bd2d1f59-a803-4311-b0b5-65dff935f85c,Microbiology,0.0299072265625,0.6796875,0.0048828125,0.283203125,True,B,0.13571739196777344,medmcqa_1,"['PBMD', 'STAT', 'STAT', 'PBMD', 'PBMD']","[468043370483429345, 468043370483025911, 468043370482495900, 468043370484048573, 468043370484093898]","[0.7510458827018738, 0.7599640488624573, 0.7466623783111572, 0.7473940849304199, 0.7752130627632141]"
4cbe210a-0779-4ba7-b599-e9b89fa5a0b1,Microbiology,0.00897216796875,0.9765625,0.0079345703125,0.0079345703125,True,B,0.13701653480529785,medmcqa_1,"['PBMD', 'TEXT', 'TEXT', 'PBMD', 'PBMD']","[468043370483555163, 468043370482412351, 468043370482412727, 468043370483427550, 468043370483238391]","[0.804857611656189, 0.7624732255935669, 0.7303066253662109, 0.798373818397522, 0.7949414253234863]"
0d8286b5-43b3-4ea2-9af4-d39822a11972,Microbiology,0.08447265625,0.09619140625,0.015625,0.8046875,False,B,0.10417771339416504,medmcqa_1,"['PBMD', 'STAT', 'PBMD', 'STAT', 'TEXT']","[468043370483127138, 468043370482822381, 468043370483285542, 468043370482863941, 468043370482470672]","[0.7775001525878906, 0.7472894787788391, 0.7855914235115051, 0.6752903461456299, 0.7179111838340759]"
5515fbdd-b28a-4493-914c-b8cefe901334,Social & Preventive Medicine,0.0294189453125,0.020263671875,0.0908203125,0.859375,False,B,0.10459184646606445,medmcqa_1,"['PBMD', 'TEXT', 'PBMD', 'TEXT', 'PBMD']","[468043370483904577, 468043370482445839, 468043370483219652, 468043370482452096, 468043370483280746]","[0.7500109672546387, 0.730089008808136, 0.7644440531730652, 0.7543526887893677, 0.7429735064506531]"
9ed9358f-cdc1-48d6-8147-45ab98516fb0,Social & Preventive Medicine,0.061767578125,0.90625,0.0213623046875,0.0089111328125,True,B,0.09094357490539551,medmcqa_1,"['TEXT', 'PBMD', 'PBMD', 'PBMD', 'TEXT']","[468043370482381535, 468043370483634351, 468043370483599701, 468043370484023018, 468043370482376768]","[0.675487756729126, 0.7525817155838013, 0.7718113660812378, 0.7234461307525635, 0.7062690854072571]"
5266b717-91e2-4c9f-94aa-2be119379a81,Social & Preventive Medicine,0.10986328125,0.3828125,0.3828125,0.12451171875,False,D,0.09244871139526367,medmcqa_1,"['PBMD', 'STAT', 'STAT', 'PBMD', 'PBMD']","[468043370484090210, 468043370482526543, 468043370482526538, 468043370483768010, 468043370483432452]","[0.7432754039764404, 0.6989715695381165, 0.7162092924118042, 0.7536910772323608, 0.7413937449455261]"
5dd40005-ebc1-4136-9b9b-70705d09e384,Social & Preventive Medicine,0.1494140625,0.337890625,0.43359375,0.080078125,False,B,0.11821413040161133,medmcqa_1,"['PBMD', 'STAT', 'STAT', 'TEXT', 'STAT']","[468043370483408425, 468043370482952434, 468043370482794742, 468043370482416336, 468043370482952427]","[0.7758383750915527, 0.779710054397583, 0.7964492440223694, 0.7624247670173645, 0.7618259191513062]"
85377a0a-3388-46b2-b2ba-43b90a2b7955,Social & Preventive Medicine,0.1279296875,0.11279296875,0.73828125,0.022216796875,True,C,0.11717081069946289,medmcqa_1,"['STAT', 'PBMD', 'TEXT', 'TEXT', 'PBMD']","[468043370482909070, 468043370483426386, 468043370482411393, 468043370482396072, 468043370483953703]","[0.7135091423988342, 0.7382858991622925, 0.7020183205604553, 0.707605242729187, 0.7415800094604492]"
2166e021-8b96-47ad-9e4d-fa55a623938b,Social & Preventive Medicine,0.37890625,0.203125,0.294921875,0.123046875,True,A,0.11975836753845215,medmcqa_1,"['PBMD', 'STAT', 'STAT', 'PBMD', 'TEXT']","[468043370483262728, 468043370482852692, 468043370483073125, 468043370484113485, 468043370482439088]","[0.7654960751533508, 0.7894552946090698, 0.7483919858932495, 0.7667132019996643, 0.7323571443557739]"
3149d45d-d152-4d8a-a992-430c0d1bed57,Social & Preventive Medicine,0.470703125,0.056396484375,0.3671875,0.10498046875,True,A,0.1181783676147461,medmcqa_1,"['PBMD', 'PBMD', 'PBMD', 'TEXT', 'TEXT']","[468043370483241366, 468043370483392930, 468043370483666193, 468043370482421751, 468043370482494961]","[0.7528437376022339, 0.7425836324691772, 0.7424818277359009, 0.7207812666893005, 0.7287279963493347]"
2a74f19e-1c3b-4318-ba5b-0812f80d895e,Social & Preventive Medicine,0.005218505859375,0.000797271728515625,0.002044677734375,0.9921875,True,D,0.09628415107727051,medmcqa_1,"['PBMD', 'STAT', 'STAT', 'TEXT', 'STAT']","[468043370484028936, 468043370483013560, 468043370483043201, 468043370482401019, 468043370483008580]","[0.7706426382064819, 0.759503960609436, 0.7425915002822876, 0.7663682699203491, 0.7536098957061768]"
eea47061-62d2-40bd-a772-8b8d8dfb431d,Social & Preventive Medicine,0.35546875,0.259765625,0.27734375,0.1083984375,False,B,0.09202146530151367,medmcqa_1,"['STAT', 'TEXT', 'PBMD', 'PBMD', 'PBMD']","[468043370483048844, 468043370482406729, 468043370484001613, 468043370483866691, 468043370483620176]","[0.7509030103683472, 0.7370851039886475, 0.7443552613258362, 0.7624902129173279, 0.7404526472091675]"
b3c00c97-b6ca-4475-95e2-42343c8959cc,Social & Preventive Medicine,0.2119140625,0.240234375,0.17578125,0.37109375,False,A,0.11343264579772949,medmcqa_1,"['PBMD', 'STAT', 'STAT', 'TEXT', 'STAT']","[468043370483850691, 468043370483058346, 468043370483058338, 468043370482439375, 468043370483068632]","[0.7754255533218384, 0.7017167210578918, 0.7212956547737122, 0.6980463266372681, 0.7119414806365967]"
4b376e03-6fe0-40fd-b3be-aea6048bf7fa,Social & Preventive Medicine,0.66796875,0.10888671875,0.1484375,0.07470703125,True,A,0.1094369888305664,medmcqa_1,"['STAT', 'PBMD', 'PBMD', 'STAT', 'STAT']","[468043370483070912, 468043370483887862, 468043370483111462, 468043370482498443, 468043370482846231]","[0.6709665060043335, 0.7244842648506165, 0.7183950543403625, 0.654308021068573, 0.6522248983383179]"
82a21b84-e5d6-46d5-98bc-46fc75641f7b,Social & Preventive Medicine,0.055908203125,0.322265625,0.6015625,0.0218505859375,True,C,0.10463571548461914,medmcqa_1,"['PBMD', 'STAT', 'STAT', 'TEXT', 'STAT']","[468043370483901221, 468043370482822008, 468043370482966190, 468043370482414140, 468043370482534474]","[0.7806764245033264, 0.823830246925354, 0.7714062929153442, 0.7608065605163574, 0.7728453278541565]"
ba54a2e5-0beb-4a2b-a1ec-f34e58a5e679,Social & Preventive Medicine,0.0703125,0.1484375,0.11572265625,0.6640625,False,B,0.10337710380554199,medmcqa_1,"['PBMD', 'TEXT', 'TEXT', 'PBMD', 'TEXT']","[468043370483125437, 468043370482438979, 468043370482413041, 468043370483554711, 468043370482412926]","[0.723000168800354, 0.7342738509178162, 0.7102460265159607, 0.7180124521255493, 0.7074956297874451]"
7c6fe266-845b-4f4b-8ddb-ca5d016e0396,Social & Preventive Medicine,0.033447265625,0.109375,0.0966796875,0.76171875,True,D,0.14259934425354004,medmcqa_1,"['STAT', 'PBMD', 'PBMD', 'STAT', 'PBMD']","[468043370482911452, 468043370483636581, 468043370483827111, 468043370482911408, 468043370483774831]","[0.7658296823501587, 0.7747535705566406, 0.7721604704856873, 0.6789736747741699, 0.7176494598388672]"
257b6434-4c38-4b6a-8207-23c436906b0c,Social & Preventive Medicine,0.9140625,0.021484375,0.01080322265625,0.0517578125,True,A,0.10277128219604492,medmcqa_1,"['PBMD', 'PBMD', 'PBMD', 'TEXT', 'PBMD']","[468043370483774066, 468043370483693626, 468043370483285171, 468043370482383776, 468043370483302966]","[0.7917781472206116, 0.7702426314353943, 0.7570862770080566, 0.7675215005874634, 0.7537248134613037]"
bcc3680a-8167-4c75-ba0c-b7c94cb440b6,Social & Preventive Medicine,0.2216796875,0.0986328125,0.07666015625,0.6015625,False,B,0.11473846435546875,medmcqa_1,"['TEXT', 'PBMD', 'PBMD', 'PBMD', 'TEXT']","[468043370482494949, 468043370483464725, 468043370483231303, 468043370484028936, 468043370482494955]","[0.7143829464912415, 0.7509268522262573, 0.7423065304756165, 0.7471385598182678, 0.7379119992256165]"
c06d48a3-baba-4dfd-8144-39234497be00,Social & Preventive Medicine,0.046875,0.94140625,0.00811767578125,0.0036163330078125,True,B,0.09358501434326172,medmcqa_1,"['PBMD', 'PBMD', 'TEXT', 'PBMD', 'PBMD']","[468043370483447676, 468043370483591596, 468043370482381535, 468043370483334281, 468043370483686031]","[0.7283412218093872, 0.7284891605377197, 0.6744406223297119, 0.7340714335441589, 0.7335320711135864]"
fab688a9-c8b9-49de-9fd1-596e226477e6,Social & Preventive Medicine,0.0152587890625,0.2890625,0.69140625,0.004974365234375,True,C,0.10035085678100586,medmcqa_1,"['PBMD', 'PBMD', 'PBMD', 'STAT', 'TEXT']","[468043370484105238, 468043370483808578, 468043370483264796, 468043370482992403, 468043370482401751]","[0.6874820590019226, 0.6867098808288574, 0.6902076005935669, 0.6574631333351135, 0.6866879463195801]"
ae3aa91a-4bfb-42a5-b8f6-7f8217e18fb0,Social & Preventive Medicine,0.255859375,0.4765625,0.1552734375,0.11328125,True,B,0.11963295936584473,medmcqa_1,"['PBMD', 'PBMD', 'PBMD', 'TEXT', 'TEXT']","[468043370484112135, 468043370483740085, 468043370483818781, 468043370482467917, 468043370482467398]","[0.6948854327201843, 0.6905612945556641, 0.6928679347038269, 0.701481282711029, 0.701481282711029]"
9e897983-8674-4556-9457-457acfa15d9e,Social & Preventive Medicine,0.369140625,0.41796875,0.11962890625,0.09326171875,False,C,0.12059259414672852,medmcqa_1,"['PBMD', 'PBMD', 'PBMD', 'PBMD', 'PBMD']","[468043370483342958, 468043370484047285, 468043370483517496, 468043370483567083, 468043370484079189]","[0.7731564044952393, 0.7881034016609192, 0.7718631029129028, 0.7712674736976624, 0.7815147638320923]"
3c51b6f8-0c1e-4f6f-9f2b-9b2463364ff2,Dental,0.047607421875,0.84375,0.053955078125,0.053955078125,False,C,0.09491968154907227,medmcqa_1,"['PBMD', 'TEXT', 'PBMD', 'STAT', 'TEXT']","[468043370484058900, 468043370482376841, 468043370483360822, 468043370482989941, 468043370482391548]","[0.7092573046684265, 0.6612733006477356, 0.7265359163284302, 0.6743919849395752, 0.6645312905311584]"
a21105e6-e66d-4ae5-ab2d-cee0c3b6bd4d,Dental,0.1494140625,0.31640625,0.431640625,0.1025390625,False,B,0.07812166213989258,medmcqa_1,"['TEXT', 'TEXT', 'TEXT', 'TEXT', 'TEXT']","[468043370482372730, 468043370482471377, 468043370482423540, 468043370482467398, 468043370482467917]","[0.7162819504737854, 0.7162819504737854, 0.7162818908691406, 0.7162818908691406, 0.7162818908691406]"
8a04c842-70a5-4ba5-9645-c5ef4a5acd66,Dental,0.2158203125,0.314453125,0.115234375,0.35546875,False,A,0.14678192138671875,medmcqa_1,"['STAT', 'PBMD', 'PBMD', 'PBMD', 'PBMD']","[468043370482874123, 468043370483254477, 468043370483536877, 468043370483644812, 468043370483539960]","[0.7501794695854187, 0.8016054630279541, 0.7738574147224426, 0.769841194152832, 0.7806732058525085]"
2bd4a99b-c158-4dac-8632-ae800f490a9e,Dental,0.90234375,0.0576171875,0.004730224609375,0.034912109375,False,B,0.09856653213500977,medmcqa_1,"['TEXT', 'STAT', 'STAT', 'STAT', 'PBMD']","[468043370482453529, 468043370482870464, 468043370482502693, 468043370482796529, 468043370483300028]","[0.7065545320510864, 0.7190235257148743, 0.7103927135467529, 0.7141851186752319, 0.7443119883537292]"
a4e71725-0ed0-4088-bec3-6cfc37490df4,Dental,0.09228515625,0.322265625,0.052734375,0.53125,True,D,0.10118627548217773,medmcqa_1,"['PBMD', 'STAT', 'PBMD', 'STAT', 'PBMD']","[468043370483476634, 468043370482982156, 468043370483720714, 468043370482909753, 468043370483775444]","[0.7775306105613708, 0.7679378986358643, 0.7436754703521729, 0.739878237247467, 0.7482965588569641]"
8de6d7b3-c5f9-4c22-b93e-41cf119212f1,Dental,0.01483154296875,0.0277099609375,0.040283203125,0.91796875,False,C,0.10355687141418457,medmcqa_1,"['PBMD', 'PBMD', 'PBMD', 'PBMD', 'STAT']","[468043370483752388, 468043370483254470, 468043370484086949, 468043370483725995, 468043370482898627]","[0.7642644643783569, 0.7829684615135193, 0.7540549635887146, 0.7562294006347656, 0.730070948600769]"
9baf46e0-b16f-48a5-b761-334765784402,Dental,0.3203125,0.412109375,0.1826171875,0.08642578125,False,A,0.1440587043762207,medmcqa_1,"['PBMD', 'STAT', 'PBMD', 'STAT', 'PBMD']","[468043370483456283, 468043370482984979, 468043370483822182, 468043370482937566, 468043370484057033]","[0.7118352055549622, 0.6949321031570435, 0.7108232975006104, 0.6866306066513062, 0.7117793560028076]"
815a13ca-72f8-4964-8732-04f03b313aa4,Dental,0.255859375,0.37109375,0.1748046875,0.1982421875,True,B,0.1011662483215332,medmcqa_1,"['STAT', 'STAT', 'TEXT', 'TEXT', 'PBMD']","[468043370482799800, 468043370482946833, 468043370482473244, 468043370482473243, 468043370483614936]","[0.7391945123672485, 0.7308505773544312, 0.7210370898246765, 0.733216404914856, 0.726230263710022]"
76ba3417-012e-4bf8-840c-13bb7bc60dcc,Dental,0.8984375,0.07373046875,0.01361083984375,0.01544189453125,True,A,0.09182524681091309,medmcqa_1,"['STAT', 'PBMD', 'PBMD', 'PBMD', 'PBMD']","[468043370482980834, 468043370484039913, 468043370484128218, 468043370483871864, 468043370483782837]","[0.7638236880302429, 0.7698264718055725, 0.7668736577033997, 0.7601973414421082, 0.7624975442886353]"
242d1a23-0032-4565-99cc-ebf7d8fc54aa,Dental,0.73046875,0.020751953125,0.00921630859375,0.2373046875,True,A,0.14390969276428223,medmcqa_1,"['PBMD', 'PBMD', 'PBMD', 'PBMD', 'TEXT']","[468043370483817083, 468043370483844770, 468043370484054890, 468043370483643783, 468043370482399106]","[0.7923600673675537, 0.8362405300140381, 0.8308389186859131, 0.7992299795150757, 0.7092018723487854]"
9ca1d8a1-131f-4ed9-9ba6-e2fd8ed9e09d,Dental,0.140625,0.2041015625,0.027587890625,0.62890625,False,B,0.11978363990783691,medmcqa_1,"['PBMD', 'PBMD', 'PBMD', 'PBMD', 'STAT']","[468043370483217425, 468043370483726001, 468043370483255265, 468043370483839486, 468043370482552016]","[0.7361655235290527, 0.731552004814148, 0.778076171875, 0.751210629940033, 0.6862328052520752]"
4f0750e5-1479-453d-85f2-5b532aa130a9,Dental,0.1806640625,0.3828125,0.232421875,0.205078125,False,D,0.10266304016113281,medmcqa_1,"['PBMD', 'PBMD', 'PBMD', 'PBMD', 'PBMD']","[468043370484051074, 468043370484092748, 468043370483675470, 468043370483389771, 468043370483731169]","[0.712030291557312, 0.7086732387542725, 0.7159150838851929, 0.7352011799812317, 0.7227297425270081]"
53d58d7a-d546-4b1a-88a7-fa7348ff08a5,Dental,0.46484375,0.2490234375,0.1943359375,0.091796875,True,A,0.14621543884277344,medmcqa_1,"['STAT', 'STAT', 'PBMD', 'PBMD', 'PBMD']","[468043370483040924, 468043370483040923, 468043370483664295, 468043370483444809, 468043370483548522]","[0.7474583387374878, 0.7271740436553955, 0.7598101496696472, 0.7579907178878784, 0.7564261555671692]"
9a664b49-9962-466f-a160-3ae2036dd720,Dental,0.330078125,0.15625,0.2578125,0.2578125,True,A,0.12381362915039062,medmcqa_1,"['PBMD', 'PBMD', 'PBMD', 'PBMD', 'PBMD']","[468043370483473822, 468043370483224690, 468043370483210516, 468043370483864808, 468043370483215389]","[0.7421878576278687, 0.7546623349189758, 0.7615835070610046, 0.7404465675354004, 0.7421861290931702]"
ec39111c-8207-4aed-8e4c-e81e104c3f79,Dental,0.1865234375,0.1279296875,0.65234375,0.034423828125,True,C,0.10962700843811035,medmcqa_1,"['STAT', 'STAT', 'STAT', 'TEXT', 'STAT']","[468043370483004624, 468043370482998419, 468043370482998420, 468043370482394033, 468043370482949195]","[0.7858316898345947, 0.7984117269515991, 0.7576942443847656, 0.7831476330757141, 0.7545890212059021]"
bdb5ddab-b229-4775-a698-62d03c559af1,Dental,0.7734375,0.08154296875,0.0595703125,0.08642578125,False,B,0.0877828598022461,medmcqa_1,"['STAT', 'STAT', 'STAT', 'PBMD', 'STAT']","[468043370482519403, 468043370482938396, 468043370482795895, 468043370484115267, 468043370482938398]","[0.7721413373947144, 0.7347189784049988, 0.7554484009742737, 0.7242375612258911, 0.7422837615013123]"
76e1d3a2-90b6-4735-be99-004263456619,Dental,0.1279296875,0.50390625,0.060302734375,0.306640625,False,A,0.09990477561950684,medmcqa_1,"['PBMD', 'PBMD', 'PBMD', 'STAT', 'PBMD']","[468043370484049894, 468043370483730048, 468043370483648938, 468043370482820999, 468043370483249013]","[0.7502145767211914, 0.7585858106613159, 0.7447708249092102, 0.7078784108161926, 0.7431648969650269]"
51250c61-30fe-47d0-b5cf-e9ce5abcac6e,Dental,0.142578125,0.44140625,0.2080078125,0.2080078125,False,D,0.10977768898010254,medmcqa_1,"['PBMD', 'PBMD', 'TEXT', 'TEXT', 'PBMD']","[468043370484076454, 468043370483864574, 468043370482494914, 468043370482494925, 468043370483467569]","[0.7509897351264954, 0.7557879090309143, 0.7055293321609497, 0.7082326412200928, 0.7408875226974487]"
d0bb44e4-6d29-4b19-8046-c47c28b48bc5,Dental,0.9609375,0.0240478515625,0.013671875,0.0032501220703125,True,A,0.12162613868713379,medmcqa_1,"['STAT', 'PBMD', 'TEXT', 'STAT', 'STAT']","[468043370482879032, 468043370483730043, 468043370482394045, 468043370482998414, 468043370482514526]","[0.7641029953956604, 0.7924697399139404, 0.7304936647415161, 0.7337281703948975, 0.726880669593811]"
762c8e46-a58b-4a23-b03d-f5d2055a3fac,Dental,0.1708984375,0.1708984375,0.46484375,0.193359375,True,C,0.10125374794006348,medmcqa_1,"['PBMD', 'PBMD', 'STAT', 'PBMD', 'STAT']","[468043370483214665, 468043370483254462, 468043370482552040, 468043370483540454, 468043370482981522]","[0.8206467032432556, 0.7917362451553345, 0.7486847639083862, 0.7993067502975464, 0.7689186334609985]"
3bb33f16-ca92-481f-bb39-b5278156c63d,Pathology,0.0140380859375,0.1513671875,0.76953125,0.06689453125,False,D,0.12410163879394531,medmcqa_1,"['TEXT', 'STAT', 'TEXT', 'PBMD', 'TEXT']","[468043370482410024, 468043370482524094, 468043370482410001, 468043370483274272, 468043370482374028]","[0.8116213083267212, 0.7598776817321777, 0.7646737098693848, 0.7612259387969971, 0.767004132270813]"
d6094ebe-a5b0-49fe-8443-6d9eeabff0fb,Pathology,0.0264892578125,0.0927734375,0.87890625,0.00159454345703125,True,C,0.08698034286499023,medmcqa_1,"['STAT', 'STAT', 'PBMD', 'TEXT', 'STAT']","[468043370482808701, 468043370483047291, 468043370483564039, 468043370482428479, 468043370482525492]","[0.7382187247276306, 0.7348156571388245, 0.7450864315032959, 0.73008131980896, 0.729602575302124]"
f7aaa747-4b20-4034-b4dd-3aa8b964327a,Pathology,0.89453125,0.025390625,0.03466796875,0.044677734375,True,A,0.12364912033081055,medmcqa_1,"['PBMD', 'TEXT', 'TEXT', 'PBMD', 'TEXT']","[468043370483234902, 468043370482381509, 468043370482460297, 468043370483878623, 468043370482412192]","[0.7363119721412659, 0.7244817614555359, 0.7301830053329468, 0.731907069683075, 0.739229679107666]"
cd385d3e-f948-4dbf-bccb-3e67436a580b,Pathology,0.5859375,0.08984375,0.244140625,0.07958984375,False,B,0.1045224666595459,medmcqa_1,"['STAT', 'PBMD', 'PBMD', 'TEXT', 'TEXT']","[468043370482880504, 468043370483594748, 468043370483211761, 468043370482426528, 468043370482414464]","[0.7407868504524231, 0.7485873103141785, 0.7345512509346008, 0.7387818098068237, 0.7188359498977661]"
775ae087-72e3-45fb-9b1d-e4a74bddc1c1,Pathology,0.43359375,0.5546875,0.0084228515625,0.0016632080078125,False,A,0.10127115249633789,medmcqa_1,"['TEXT', 'TEXT', 'PBMD', 'TEXT', 'STAT']","[468043370482405286, 468043370482409959, 468043370483543911, 468043370482457967, 468043370482772538]","[0.7330847382545471, 0.7169526815414429, 0.7585372924804688, 0.7282736897468567, 0.7170703411102295]"
cd3ee63d-d3f2-44ea-a18c-dbf9bf1c57cf,Pathology,0.12109375,0.13671875,0.19921875,0.54296875,True,D,0.11836695671081543,medmcqa_1,"['TEXT', 'PBMD', 'PBMD', 'PBMD', 'PBMD']","[468043370482394075, 468043370483635904, 468043370483904532, 468043370483727141, 468043370484058316]","[0.7369459271430969, 0.7735862135887146, 0.758673906326294, 0.7578597068786621, 0.7817596197128296]"
f6f50542-f6b4-4fa8-b073-d12597eb52f9,Pathology,0.01025390625,0.98046875,0.00147247314453125,0.00799560546875,True,B,0.1443464756011963,medmcqa_1,"['PBMD', 'PBMD', 'PBMD', 'PBMD', 'PBMD']","[468043370483872767, 468043370483936717, 468043370483883333, 468043370483974014, 468043370483857706]","[0.8095099925994873, 0.8092824816703796, 0.8465396165847778, 0.8205916881561279, 0.8139872550964355]"
6b86f0c4-8038-4e49-8789-2a288d123aa7,Pathology,0.99609375,0.0021820068359375,0.000965118408203125,0.001922607421875,True,A,0.10609316825866699,medmcqa_1,"['PBMD', 'PBMD', 'STAT', 'STAT', 'STAT']","[468043370483235589, 468043370483247728, 468043370482876865, 468043370482495975, 468043370482876878]","[0.833873987197876, 0.8394304513931274, 0.8078248500823975, 0.7834319472312927, 0.7700881958007812]"
4fec3e84-b821-4da3-b300-dc0ad6c32608,Pathology,0.283203125,0.0169677734375,0.171875,0.52734375,True,D,0.11651873588562012,medmcqa_1,"['STAT', 'STAT', 'STAT', 'STAT', 'STAT']","[468043370482981439, 468043370482981437, 468043370483003489, 468043370483077377, 468043370483003487]","[0.7952518463134766, 0.7957806587219238, 0.7661911845207214, 0.7637685537338257, 0.7703838348388672]"
82e0c97f-b421-4836-a0ec-602fb1045910,Pathology,0.004608154296875,0.99609375,0.0004024505615234375,0.00012302398681640625,True,B,0.12235665321350098,medmcqa_1,"['PBMD', 'TEXT', 'PBMD', 'PBMD', 'STAT']","[468043370483912008, 468043370482459798, 468043370484109749, 468043370484107272, 468043370482947128]","[0.7485716342926025, 0.7547816038131714, 0.7558378577232361, 0.7521950006484985, 0.7518621683120728]"
3645e915-e8a7-44fe-8cad-734ce6b71063,Pathology,1.0,0.00040435791015625,0.0013275146484375,8.487701416015625e-05,True,A,0.1006612777709961,medmcqa_1,"['PBMD', 'STAT', 'PBMD', 'PBMD', 'STAT']","[468043370483437782, 468043370482958369, 468043370484128143, 468043370483801526, 468043370482800993]","[0.7857702970504761, 0.7490949034690857, 0.7795263528823853, 0.7852075099945068, 0.7537131905555725]"
53f00275-55bc-497b-872f-d223d5021601,Pathology,0.84765625,0.083984375,0.037353515625,0.0308837890625,True,A,0.10578298568725586,medmcqa_1,"['STAT', 'PBMD', 'STAT', 'PBMD', 'PBMD']","[468043370482864617, 468043370483512962, 468043370483044459, 468043370483369081, 468043370483384902]","[0.8111066818237305, 0.7674736976623535, 0.7881053686141968, 0.7962918281555176, 0.793596625328064]"
ced932ec-06de-41fd-96f4-4efd3746eb21,Pathology,0.1572265625,0.024169921875,0.06591796875,0.75390625,True,D,0.0980672836303711,medmcqa_1,"['PBMD', 'STAT', 'STAT', 'PBMD', 'TEXT']","[468043370483145417, 468043370482772504, 468043370482772507, 468043370483225020, 468043370482409958]","[0.7476774454116821, 0.7490680813789368, 0.7413760423660278, 0.7762543559074402, 0.7381671667098999]"
dabfee93-2e1b-4e6c-bff6-03c025bd986f,Pathology,0.0096435546875,0.00750732421875,0.00130462646484375,0.98046875,True,D,0.11983418464660645,medmcqa_1,"['PBMD', 'PBMD', 'PBMD', 'STAT', 'PBMD']","[468043370483894151, 468043370483987158, 468043370483561679, 468043370482831687, 468043370483147586]","[0.7736684083938599, 0.7737557888031006, 0.7816630005836487, 0.7595040202140808, 0.7667587399482727]"
0681bb5e-c1f0-4077-8294-93e36efcc83f,Pathology,0.0033721923828125,0.0029754638671875,0.9921875,0.00013065338134765625,True,C,0.13602089881896973,medmcqa_1,"['STAT', 'PBMD', 'PBMD', 'PBMD', 'PBMD']","[468043370482986361, 468043370483469591, 468043370483252369, 468043370483517008, 468043370483266893]","[0.724780797958374, 0.7115134000778198, 0.7215187549591064, 0.7182210683822632, 0.7141624689102173]"
797c13b3-6566-46d8-9dbf-d6bb1e17ed5d,Pathology,0.11279296875,0.5390625,0.022216796875,0.326171875,True,B,0.09454178810119629,medmcqa_1,"['PBMD', 'PBMD', 'STAT', 'STAT', 'STAT']","[468043370483217768, 468043370483210153, 468043370482947810, 468043370482558401, 468043370482775606]","[0.770053505897522, 0.7813485264778137, 0.7516672611236572, 0.7466294765472412, 0.7537965774536133]"
a5d204a1-2ae9-428a-bf12-1419fa344668,Pathology,0.494140625,0.33984375,0.1416015625,0.023193359375,False,B,0.10964202880859375,medmcqa_1,"['TEXT', 'PBMD', 'STAT', 'TEXT', 'STAT']","[468043370482459825, 468043370483887131, 468043370482933605, 468043370482408433, 468043370482952038]","[0.7648810148239136, 0.7606111764907837, 0.7828670144081116, 0.7736972570419312, 0.8063164949417114]"
ddf9fb8c-9f79-4897-b012-bb419f270aa0,Pathology,0.00909423828125,0.00139617919921875,0.98828125,0.002777099609375,True,C,0.10333633422851562,medmcqa_1,"['TEXT', 'PBMD', 'PBMD', 'TEXT', 'PBMD']","[468043370482424893, 468043370483122033, 468043370484128750, 468043370482419593, 468043370483118061]","[0.7736533880233765, 0.7932270169258118, 0.8003085255622864, 0.7359894514083862, 0.7882492542266846]"
a3bc5be5-72a7-45a8-81a2-4c492249c14f,Pathology,0.06689453125,0.11767578125,0.765625,0.049072265625,True,C,0.13792657852172852,medmcqa_1,"['STAT', 'TEXT', 'PBMD', 'STAT', 'PBMD']","[468043370482835599, 468043370482455345, 468043370483808841, 468043370482849557, 468043370483679793]","[0.7541838884353638, 0.7693378925323486, 0.7331055402755737, 0.7492253184318542, 0.7357892394065857]"
ec54fbf2-f596-4d2a-a9cd-1cf104d7893a,Pathology,0.0096435546875,0.004852294921875,0.984375,0.0006561279296875,True,C,0.09827065467834473,medmcqa_1,"['STAT', 'STAT', 'PBMD', 'TEXT', 'STAT']","[468043370482896969, 468043370482896951, 468043370483772645, 468043370482458560, 468043370482896949]","[0.7247597575187683, 0.7347307205200195, 0.750149130821228, 0.7123753428459167, 0.7193225026130676]"
2cde59aa-666b-4fa6-802b-74ecdd525bfb,Pediatrics,0.0306396484375,0.89453125,0.05712890625,0.0174560546875,True,B,0.12629175186157227,medmcqa_1,"['PBMD', 'TEXT', 'TEXT', 'TEXT', 'STAT']","[468043370483494034, 468043370482458415, 468043370482404133, 468043370482460641, 468043370482550155]","[0.7897398471832275, 0.739760160446167, 0.7504444122314453, 0.7404688596725464, 0.7426079511642456]"
cfd037d5-868e-49d9-89e8-a084e84ce0dc,Pediatrics,0.050537109375,0.15625,0.0947265625,0.69921875,False,B,0.14638495445251465,medmcqa_1,"['TEXT', 'PBMD', 'PBMD', 'PBMD', 'TEXT']","[468043370482461656, 468043370483739365, 468043370484016668, 468043370484002356, 468043370482461696]","[0.7423070073127747, 0.7436336278915405, 0.7477155923843384, 0.7531549334526062, 0.7429797649383545]"
593bd593-3060-493d-bb10-ff9e10e36f17,Pediatrics,0.06982421875,0.138671875,0.625,0.16796875,False,D,0.1032862663269043,medmcqa_1,"['STAT', 'STAT', 'STAT', 'STAT', 'STAT']","[468043370482799738, 468043370482901690, 468043370483042813, 468043370482511808, 468043370483042772]","[0.7715935111045837, 0.7811829447746277, 0.7701139450073242, 0.7637926340103149, 0.7620814442634583]"
e8b34af9-6a4b-42cf-90ce-fb46a23db79d,Pediatrics,0.006988525390625,0.0751953125,0.91796875,0.0004482269287109375,True,C,0.09787869453430176,medmcqa_1,"['STAT', 'TEXT', 'STAT', 'STAT', 'TEXT']","[468043370482535762, 468043370482462192, 468043370482524755, 468043370482524758, 468043370482383089]","[0.7764561176300049, 0.7999788522720337, 0.7531787157058716, 0.7449124455451965, 0.7247692346572876]"
d3b541c9-d300-4ced-9a2c-c64eaa672ff0,Pediatrics,0.0830078125,0.447265625,0.447265625,0.02099609375,True,B,0.12663531303405762,medmcqa_1,"['PBMD', 'PBMD', 'STAT', 'PBMD', 'STAT']","[468043370483313174, 468043370483303678, 468043370482848513, 468043370483985961, 468043370482848522]","[0.8518599271774292, 0.8343249559402466, 0.8106865286827087, 0.8498457670211792, 0.8029083013534546]"
21ee5793-fb33-407c-81ba-7f01f5eefe47,Pediatrics,0.189453125,0.703125,0.0576171875,0.05078125,True,B,0.11299920082092285,medmcqa_1,"['TEXT', 'STAT', 'TEXT', 'STAT', 'STAT']","[468043370482452599, 468043370482564092, 468043370482419156, 468043370482564091, 468043370482564086]","[0.7972226142883301, 0.8079065084457397, 0.7943758368492126, 0.7643772959709167, 0.7598126530647278]"
3b184f01-db13-4379-ab0b-7709853e0326,Pediatrics,0.984375,0.0096435546875,0.005157470703125,0.002593994140625,True,A,0.12412500381469727,medmcqa_1,"['PBMD', 'PBMD', 'STAT', 'TEXT', 'PBMD']","[468043370483621706, 468043370483615316, 468043370482989909, 468043370482403989, 468043370483839947]","[0.8120400905609131, 0.8084343671798706, 0.794768214225769, 0.7839526534080505, 0.8347110748291016]"
406dfa1b-f27b-4db0-8c21-7c300498f63d,Pediatrics,0.024658203125,0.5625,0.20703125,0.20703125,True,B,0.11227822303771973,medmcqa_1,"['STAT', 'STAT', 'STAT', 'STAT', 'PBMD']","[468043370482894608, 468043370482546672, 468043370482988740, 468043370482859546, 468043370484062836]","[0.7647948265075684, 0.7950052618980408, 0.7843985557556152, 0.7612195014953613, 0.781146228313446]"
bf8d5b76-bda5-4221-95ef-d536c00c24ee,Pediatrics,0.01025390625,0.984375,0.00244140625,0.002593994140625,True,B,0.13681721687316895,medmcqa_1,"['PBMD', 'PBMD', 'PBMD', 'TEXT', 'PBMD']","[468043370484047278, 468043370483929583, 468043370484093907, 468043370482416247, 468043370484049035]","[0.804216742515564, 0.8012299537658691, 0.7974944114685059, 0.7586249113082886, 0.7944681644439697]"
cfff846f-f37f-4866-9a45-7f903b5e80fe,Pediatrics,0.51171875,0.12890625,0.212890625,0.146484375,True,A,0.12386655807495117,medmcqa_1,"['TEXT', 'PBMD', 'TEXT', 'TEXT', 'PBMD']","[468043370482464591, 468043370483168415, 468043370482492043, 468043370482427760, 468043370483454251]","[0.7711883783340454, 0.7780930995941162, 0.7849532961845398, 0.7713801264762878, 0.8054503798484802]"
73cbdaba-1321-4765-a9f4-ec0b0dbc9994,Pediatrics,0.09521484375,0.58203125,0.21484375,0.10791015625,False,D,0.11959433555603027,medmcqa_1,"['PBMD', 'TEXT', 'TEXT', 'PBMD', 'PBMD']","[468043370483877163, 468043370482441622, 468043370482462284, 468043370483423916, 468043370483722268]","[0.7623384594917297, 0.7182050943374634, 0.7323264479637146, 0.7601946592330933, 0.7497112154960632]"
e621e03f-d935-427f-a7a7-14f6f9a0efab,Pediatrics,0.15234375,0.82421875,0.01251220703125,0.01171875,True,B,0.1263744831085205,medmcqa_1,"['TEXT', 'PBMD', 'STAT', 'STAT', 'PBMD']","[468043370482372702, 468043370483369494, 468043370482986743, 468043370482984258, 468043370483317642]","[0.8408639430999756, 0.7935563325881958, 0.7515718936920166, 0.7600815892219543, 0.7909420132637024]"
16b0d12a-6521-4f27-a70f-2726a7a3f6a3,Pediatrics,0.11474609375,0.03271484375,0.400390625,0.453125,False,C,0.10647773742675781,medmcqa_1,"['STAT', 'PBMD', 'TEXT', 'PBMD', 'TEXT']","[468043370483014685, 468043370483115202, 468043370482427660, 468043370483104572, 468043370482427594]","[0.8175796270370483, 0.816365122795105, 0.753399670124054, 0.7951450347900391, 0.7471193671226501]"
23cdcc3c-aabd-403a-b2f7-59ecfab6ed23,Pediatrics,0.044921875,0.083984375,0.84765625,0.021240234375,True,C,0.11628270149230957,medmcqa_1,"['TEXT', 'TEXT', 'PBMD', 'STAT', 'PBMD']","[468043370482404927, 468043370482404937, 468043370483397912, 468043370482786527, 468043370483832636]","[0.7575682997703552, 0.7914758324623108, 0.7660816311836243, 0.7745081186294556, 0.7669287919998169]"
c7d3b43e-bcf6-4d61-bca9-552c07da0d6f,Pediatrics,0.009033203125,0.003997802734375,0.0054931640625,0.98046875,True,D,0.10788655281066895,medmcqa_1,"['STAT', 'STAT', 'STAT', 'TEXT', 'STAT']","[468043370482806937, 468043370483015460, 468043370482806938, 468043370482401324, 468043370482806940]","[0.8069078326225281, 0.7884900569915771, 0.7773180603981018, 0.7631555795669556, 0.7801056504249573]"
176b116a-244a-4bb5-a162-f43d5a340a0e,Pediatrics,0.53515625,0.0302734375,0.41796875,0.0162353515625,False,C,0.11745333671569824,medmcqa_1,"['PBMD', 'STAT', 'TEXT', 'TEXT', 'PBMD']","[468043370483356116, 468043370482933657, 468043370482464203, 468043370482464202, 468043370483197796]","[0.7913805246353149, 0.7846686244010925, 0.7581870555877686, 0.7496553659439087, 0.7985327243804932]"
2e78ce60-b4af-41c4-b2bd-595a6e728c1d,Pediatrics,0.05224609375,0.71875,0.0458984375,0.181640625,True,B,0.14450621604919434,medmcqa_1,"['PBMD', 'PBMD', 'TEXT', 'PBMD', 'STAT']","[468043370483392226, 468043370483826632, 468043370482463930, 468043370483824026, 468043370483005465]","[0.7479239106178284, 0.7516499757766724, 0.7233898639678955, 0.7509528994560242, 0.7422890067100525]"
ca2561d2-80a5-439b-949c-98d7c9dfb448,Pediatrics,0.1630859375,0.00384521484375,0.003387451171875,0.828125,True,D,0.12786483764648438,medmcqa_1,"['TEXT', 'TEXT', 'TEXT', 'PBMD', 'TEXT']","[468043370482426089, 468043370482463966, 468043370482426081, 468043370483598731, 468043370482457589]","[0.7727953791618347, 0.7779893279075623, 0.7702959775924683, 0.788273811340332, 0.7583338022232056]"
d95f1158-fa4b-4229-98c5-40f4dc2bacec,Pediatrics,0.65234375,0.08837890625,0.060546875,0.19921875,True,A,0.12047791481018066,medmcqa_1,"['PBMD', 'STAT', 'TEXT', 'TEXT', 'PBMD']","[468043370484075694, 468043370482886094, 468043370482450025, 468043370482372966, 468043370483593850]","[0.779517412185669, 0.7483591437339783, 0.7545203566551208, 0.7768698930740356, 0.7961623072624207]"
c86f02db-18ea-4ef1-a03a-1bee6d661c7b,Pediatrics,0.02587890625,0.027587890625,0.58984375,0.357421875,False,D,0.1480722427368164,medmcqa_1,"['PBMD', 'PBMD', 'TEXT', 'TEXT', 'PBMD']","[468043370483815023, 468043370483695082, 468043370482447595, 468043370482456673, 468043370483681739]","[0.7599563598632812, 0.7927387952804565, 0.7547165751457214, 0.7503814697265625, 0.774093508720398]"
6fe48790-f8f0-4c37-8dae-a76ddbac8a7a,Medicine,0.376953125,0.1787109375,0.0654296875,0.376953125,False,D,0.10444498062133789,medmcqa_1,"['TEXT', 'STAT', 'STAT', 'TEXT', 'STAT']","[468043370482387058, 468043370482526561, 468043370482799015, 468043370482461628, 468043370482540497]","[0.8134661316871643, 0.7906872034072876, 0.7876603007316589, 0.7872758507728577, 0.7933568954467773]"
148f5ca1-0e61-4e4a-a19a-47df89cb1689,Medicine,0.054443359375,0.90625,0.031005859375,0.00836181640625,True,B,0.10919713973999023,medmcqa_1,"['STAT', 'TEXT', 'STAT', 'STAT', 'STAT']","[468043370482936607, 468043370482402063, 468043370482829005, 468043370483043895, 468043370483043913]","[0.8117611408233643, 0.77009516954422, 0.7878803610801697, 0.795868992805481, 0.7867828607559204]"
5603de35-adb1-4612-a9ea-1e719e1aa879,Medicine,0.0033721923828125,0.99609375,0.0016937255859375,0.0004291534423828125,True,B,0.12220072746276855,medmcqa_1,"['PBMD', 'PBMD', 'TEXT', 'PBMD', 'PBMD']","[468043370483092020, 468043370483568050, 468043370482440464, 468043370483360574, 468043370483361219]","[0.7802947759628296, 0.7988409996032715, 0.7770234942436218, 0.7672680616378784, 0.76629638671875]"
6345cacc-9150-4410-8add-3153eaed701c,Medicine,0.99609375,0.0023193359375,0.00116729736328125,0.00159454345703125,True,A,0.12042093276977539,medmcqa_1,"['TEXT', 'STAT', 'TEXT', 'TEXT', 'TEXT']","[468043370482403113, 468043370482864804, 468043370482403107, 468043370482435617, 468043370482435523]","[0.7780964374542236, 0.7547202110290527, 0.7698448300361633, 0.7478342056274414, 0.7506101727485657]"
5db315ce-ffe3-4f63-9071-d9168619ce60,Medicine,0.00628662109375,0.00109100341796875,0.000904083251953125,0.9921875,True,D,0.12416315078735352,medmcqa_1,"['PBMD', 'PBMD', 'PBMD', 'TEXT', 'STAT']","[468043370483103311, 468043370483101408, 468043370483080681, 468043370482492174, 468043370482892028]","[0.7740650773048401, 0.8200446367263794, 0.8183625936508179, 0.7522265315055847, 0.7807499170303345]"
d7a840fd-00b4-4980-a01a-4de04a73d18f,Medicine,0.96875,0.01220703125,0.0177001953125,0.0012054443359375,True,A,0.1464686393737793,medmcqa_1,"['PBMD', 'PBMD', 'PBMD', 'PBMD', 'PBMD']","[468043370483946323, 468043370484069184, 468043370483781768, 468043370484060592, 468043370483926678]","[0.8026010990142822, 0.8164365291595459, 0.8165748715400696, 0.798369288444519, 0.7987343072891235]"
36e20a28-fe52-4272-8027-043e6f66ab54,Medicine,0.09814453125,0.44140625,0.388671875,0.07177734375,False,C,0.13570189476013184,medmcqa_1,"['STAT', 'STAT', 'PBMD', 'STAT', 'PBMD']","[468043370482832415, 468043370482832452, 468043370483810528, 468043370482948684, 468043370484074169]","[0.6915294528007507, 0.7011532187461853, 0.722084641456604, 0.6997446417808533, 0.752698540687561]"
86222cd5-174b-4f22-b54c-280039bb8322,Medicine,0.9453125,0.0322265625,0.0208740234375,0.0020599365234375,True,A,0.11282992362976074,medmcqa_1,"['STAT', 'TEXT', 'STAT', 'PBMD', 'TEXT']","[468043370482905378, 468043370482402174, 468043370482933372, 468043370483727530, 468043370482434877]","[0.7354723215103149, 0.7387616634368896, 0.7771943211555481, 0.7261807322502136, 0.7166252732276917]"
ebefed46-d39d-42b5-8406-b16c9fb32ba7,Medicine,0.193359375,0.1328125,0.5234375,0.150390625,True,C,0.09952831268310547,medmcqa_1,"['STAT', 'TEXT', 'TEXT', 'TEXT', 'STAT']","[468043370482786133, 468043370482443511, 468043370482443513, 468043370482443623, 468043370482515267]","[0.7640517354011536, 0.7643068432807922, 0.7726922631263733, 0.7900573015213013, 0.7548156976699829]"
0a96136a-d645-4ad6-9f31-53192793e1d0,Medicine,0.0115966796875,0.0021514892578125,0.0031280517578125,0.984375,True,D,0.10124397277832031,medmcqa_1,"['PBMD', 'PBMD', 'TEXT', 'STAT', 'STAT']","[468043370483168717, 468043370484055554, 468043370482432299, 468043370482834937, 468043370482554201]","[0.8178106546401978, 0.8121210932731628, 0.7981405258178711, 0.8063427209854126, 0.7987763285636902]"
b3f181b1-dcd4-44d6-a008-628ed7b39cdc,Medicine,0.455078125,0.1669921875,0.353515625,0.0240478515625,True,A,0.1240384578704834,medmcqa_1,"['PBMD', 'PBMD', 'PBMD', 'PBMD', 'PBMD']","[468043370484025926, 468043370483325873, 468043370483489776, 468043370483453745, 468043370484113995]","[0.7494687438011169, 0.7356672286987305, 0.7439692616462708, 0.7371687293052673, 0.7357281446456909]"
36dd849c-4867-4ca6-8f5e-c8419e4634bb,Medicine,0.50390625,0.1640625,0.14453125,0.185546875,True,A,0.1449277400970459,medmcqa_1,"['PBMD', 'PBMD', 'PBMD', 'PBMD', 'PBMD']","[468043370483724329, 468043370483777589, 468043370483638526, 468043370483753484, 468043370483924599]","[0.8035836219787598, 0.8064031600952148, 0.7911741137504578, 0.7865674495697021, 0.8036333918571472]"
a60894bd-585a-4a93-bf8e-cdee04292df6,Medicine,0.9453125,0.03662109375,0.01434326171875,0.00494384765625,True,A,0.1053304672241211,medmcqa_1,"['STAT', 'TEXT', 'STAT', 'STAT', 'PBMD']","[468043370482796768, 468043370482372432, 468043370482891098, 468043370482947458, 468043370483199788]","[0.7872953414916992, 0.7912402153015137, 0.7987903952598572, 0.7772117257118225, 0.7988114356994629]"
80066b5e-d621-4912-b7fd-f1e867a9c8d4,Medicine,0.265625,0.38671875,0.20703125,0.1416015625,False,C,0.1240696907043457,medmcqa_1,"['STAT', 'STAT', 'TEXT', 'TEXT', 'TEXT']","[468043370482870898, 468043370482894492, 468043370482481393, 468043370482422403, 468043370482422455]","[0.7663107514381409, 0.7559322118759155, 0.7637243270874023, 0.7446879148483276, 0.7575246691703796]"
d181cc7f-0491-4d80-9e53-81c1a87619eb,Medicine,0.0908203125,0.80859375,0.06640625,0.033447265625,False,A,0.14862322807312012,medmcqa_1,"['PBMD', 'TEXT', 'STAT', 'STAT', 'PBMD']","[468043370483646835, 468043370482422713, 468043370482537099, 468043370482893942, 468043370484103989]","[0.8365956544876099, 0.8431715369224548, 0.8309818506240845, 0.8224340081214905, 0.8389242887496948]"
92ee38b6-68d0-4626-8c03-053db30d77dc,Medicine,0.006683349609375,0.0015869140625,0.00148773193359375,0.9921875,True,D,0.10662555694580078,medmcqa_1,"['STAT', 'PBMD', 'PBMD', 'PBMD', 'PBMD']","[468043370483079526, 468043370483970259, 468043370483595774, 468043370483566965, 468043370483447644]","[0.773337721824646, 0.7915822863578796, 0.7882559299468994, 0.8004977703094482, 0.78846275806427]"
74340a21-07b9-4e61-92a5-d4e4fb270de6,Medicine,0.2578125,0.2578125,0.2275390625,0.2578125,False,C,0.10663962364196777,medmcqa_1,"['STAT', 'PBMD', 'TEXT', 'PBMD', 'TEXT']","[468043370483076237, 468043370483346139, 468043370482418277, 468043370483411341, 468043370482418335]","[0.7286559343338013, 0.7533206343650818, 0.7157799005508423, 0.7443669438362122, 0.7285071611404419]"
31579687-1448-4606-9db6-52f9d0cc8a7f,Medicine,0.111328125,0.34375,0.5,0.04638671875,False,D,0.10299563407897949,medmcqa_1,"['STAT', 'PBMD', 'PBMD', 'PBMD', 'STAT']","[468043370482948817, 468043370484009750, 468043370483860871, 468043370483967690, 468043370482948813]","[0.7373944520950317, 0.7427789568901062, 0.7547698020935059, 0.7552560567855835, 0.7590333819389343]"
e93ff140-f550-4b5d-a589-aec6b7392142,Medicine,0.01458740234375,0.9609375,0.00732421875,0.017578125,True,B,0.1067664623260498,medmcqa_1,"['TEXT', 'TEXT', 'TEXT', 'PBMD', 'STAT']","[468043370482399154, 468043370482415593, 468043370482415849, 468043370483684764, 468043370482506406]","[0.7021363973617554, 0.7477531433105469, 0.7156664133071899, 0.7540690898895264, 0.694642186164856]"
0489f20c-a0ce-4251-9eec-e8d5e691a49e,Medicine,0.005859375,0.984375,0.002288818359375,0.005859375,True,B,0.10465025901794434,medmcqa_1,"['TEXT', 'PBMD', 'PBMD', 'PBMD', 'PBMD']","[468043370482466539, 468043370483270924, 468043370483577677, 468043370483287069, 468043370483343659]","[0.756078839302063, 0.8006252646446228, 0.7853021621704102, 0.7978008389472961, 0.7928214073181152]"
1e8c037d-b7d9-48c9-8aba-39b01a178619,Ophthalmology,0.040771484375,0.076171875,0.012451171875,0.87109375,True,D,0.08963584899902344,medmcqa_1,"['STAT', 'STAT', 'PBMD', 'STAT', 'TEXT']","[468043370483066935, 468043370482899683, 468043370483543300, 468043370483066904, 468043370482435375]","[0.7915529012680054, 0.784066915512085, 0.7783335447311401, 0.773367166519165, 0.7404203414916992]"
b0060b73-4e6b-4537-a556-c1fb94a65c4a,Ophthalmology,0.341796875,0.0810546875,0.01409912109375,0.5625,True,D,0.1071157455444336,medmcqa_1,"['STAT', 'PBMD', 'STAT', 'STAT', 'PBMD']","[468043370482915257, 468043370483482150, 468043370482915254, 468043370482515209, 468043370483872375]","[0.776851236820221, 0.7980971336364746, 0.7845430970191956, 0.7749404907226562, 0.797858476638794]"
51203235-22e6-43fb-a51f-a2fcceb5f042,Ophthalmology,0.0167236328125,0.96875,0.0089111328125,0.005096435546875,True,B,0.12173628807067871,medmcqa_1,"['STAT', 'TEXT', 'TEXT', 'STAT', 'PBMD']","[468043370482873876, 468043370482435346, 468043370482484495, 468043370482873904, 468043370483667231]","[0.7546828389167786, 0.7392304539680481, 0.721384584903717, 0.7334047555923462, 0.7544412612915039]"
d4c4bf0d-08ef-47e6-b8e2-e530082fa63a,Ophthalmology,0.0478515625,0.03955078125,0.01068115234375,0.90234375,True,D,0.09283709526062012,medmcqa_1,"['STAT', 'STAT', 'TEXT', 'PBMD', 'PBMD']","[468043370482814499, 468043370482867913, 468043370482465890, 468043370483151413, 468043370483231184]","[0.7395775318145752, 0.7541143298149109, 0.7140899896621704, 0.754031777381897, 0.7551581263542175]"
18c1a5f9-d998-414e-bb9c-991191c10710,Ophthalmology,0.75390625,0.130859375,0.0242919921875,0.09033203125,True,A,0.1044318675994873,medmcqa_1,"['TEXT', 'STAT', 'STAT', 'STAT', 'PBMD']","[468043370482428631, 468043370483059082, 468043370482897640, 468043370482562713, 468043370483798599]","[0.797150194644928, 0.8107010126113892, 0.7754672765731812, 0.7974241971969604, 0.7849953770637512]"
20929b62-1d50-4e64-9370-8d4966ccb2ae,Ophthalmology,0.07666015625,0.07666015625,0.0206298828125,0.82421875,True,D,0.12404942512512207,medmcqa_1,"['STAT', 'PBMD', 'STAT', 'PBMD', 'PBMD']","[468043370482855006, 468043370483413310, 468043370483022068, 468043370483482150, 468043370483862293]","[0.7891879081726074, 0.7807945609092712, 0.7891427874565125, 0.8015643358230591, 0.7977042198181152]"
ed92d804-ac83-440a-b908-df404df935ad,Ophthalmology,0.0673828125,0.04345703125,0.875,0.01416015625,True,C,0.1405336856842041,medmcqa_1,"['PBMD', 'PBMD', 'PBMD', 'TEXT', 'TEXT']","[468043370483798877, 468043370483397545, 468043370484019598, 468043370482460328, 468043370482457024]","[0.7838989496231079, 0.794838547706604, 0.7614607810974121, 0.7735955119132996, 0.7810441851615906]"
731b8834-5904-47e0-a208-d46bcf1c6c9b,Ophthalmology,0.03125,0.0294189453125,0.9140625,0.0244140625,False,A,0.11626005172729492,medmcqa_1,"['TEXT', 'STAT', 'STAT', 'TEXT', 'STAT']","[468043370482435521, 468043370482908931, 468043370482521003, 468043370482403113, 468043370482908955]","[0.803248941898346, 0.7869987487792969, 0.8086495399475098, 0.7928674221038818, 0.7860915064811707]"
d12e4d46-e1d9-4320-860c-184a735d9027,Ophthalmology,0.9921875,0.005218505859375,0.00080108642578125,4.792213439941406e-05,True,A,0.126021146774292,medmcqa_1,"['STAT', 'STAT', 'TEXT', 'STAT', 'TEXT']","[468043370482911858, 468043370482512877, 468043370482435438, 468043370482918591, 468043370482372070]","[0.7824526429176331, 0.7839077115058899, 0.7857080698013306, 0.7831680178642273, 0.7822321653366089]"
f80230e3-6a41-4a2d-81a0-86cacead9dcf,Ophthalmology,0.828125,0.056396484375,0.08203125,0.0322265625,True,A,0.09599876403808594,medmcqa_1,"['PBMD', 'STAT', 'TEXT', 'PBMD', 'TEXT']","[468043370483854511, 468043370482810692, 468043370482402412, 468043370483203216, 468043370482463324]","[0.7856562733650208, 0.7821152210235596, 0.7156617045402527, 0.7922734022140503, 0.7353183627128601]"
756277e4-4420-466e-adee-3aee112a7b69,Ophthalmology,0.1630859375,0.64453125,0.046875,0.14453125,True,B,0.141831636428833,medmcqa_1,"['STAT', 'PBMD', 'PBMD', 'STAT', 'PBMD']","[468043370482847974, 468043370483780430, 468043370483561733, 468043370482507948, 468043370484112208]","[0.7604589462280273, 0.7661871314048767, 0.752841591835022, 0.76894611120224, 0.755988359451294]"
eaa184bf-53c5-4755-bee8-a9153e587ff0,Ophthalmology,0.98046875,0.014892578125,0.003326416015625,0.000698089599609375,False,D,0.09949851036071777,medmcqa_1,"['PBMD', 'STAT', 'STAT', 'PBMD', 'STAT']","[468043370483803254, 468043370482938336, 468043370482871474, 468043370483388489, 468043370482938411]","[0.7566777467727661, 0.7091111540794373, 0.7057915925979614, 0.7404273748397827, 0.7017512917518616]"
17360c6c-2c98-4fe2-aa85-487dcf4678df,Ophthalmology,0.126953125,0.5,0.208984375,0.1630859375,False,A,0.12394976615905762,medmcqa_1,"['PBMD', 'PBMD', 'PBMD', 'PBMD', 'TEXT']","[468043370483640491, 468043370483080648, 468043370483501922, 468043370483475701, 468043370482465411]","[0.7234340906143188, 0.7251890897750854, 0.7220195531845093, 0.726355254650116, 0.7136098742485046]"
8cce7868-0429-4f98-9e6a-4baa045dffcc,Ophthalmology,0.06298828125,0.87109375,0.04931640625,0.0150146484375,True,B,0.10266923904418945,medmcqa_1,"['PBMD', 'PBMD', 'PBMD', 'STAT', 'STAT']","[468043370483804133, 468043370483455021, 468043370483493870, 468043370483049329, 468043370482807573]","[0.7693116068840027, 0.7697932124137878, 0.7490594387054443, 0.7427295446395874, 0.732682466506958]"
681b886d-1d27-41d3-8fa5-6d9fb4b0c4c5,Ophthalmology,0.234375,0.040771484375,0.72265625,0.003143310546875,True,C,0.0892784595489502,medmcqa_1,"['STAT', 'STAT', 'STAT', 'STAT', 'STAT']","[468043370482892734, 468043370482892733, 468043370482892735, 468043370482892756, 468043370482892728]","[0.7810783386230469, 0.7538582682609558, 0.7820466756820679, 0.7684582471847534, 0.751897931098938]"
362c70ed-9bc0-4266-8462-4c8302d7ef52,Ophthalmology,0.01068115234375,0.96484375,0.0028839111328125,0.022705078125,False,D,0.12241077423095703,medmcqa_1,"['PBMD', 'STAT', 'PBMD', 'PBMD', 'PBMD']","[468043370483542362, 468043370482992835, 468043370483220270, 468043370483543916, 468043370483220681]","[0.7911654710769653, 0.7738988995552063, 0.7714608907699585, 0.757077693939209, 0.7892152667045593]"
8f57f95a-a12e-49e9-87b8-eb58ffa6cb9c,Ophthalmology,0.51171875,0.453125,0.0155029296875,0.0198974609375,False,C,0.10106492042541504,medmcqa_1,"['TEXT', 'PBMD', 'STAT', 'STAT', 'STAT']","[468043370482402994, 468043370483349966, 468043370482961393, 468043370483011459, 468043370482922140]","[0.7363954782485962, 0.7616627812385559, 0.7469107508659363, 0.7542070150375366, 0.7355138659477234]"
796d7b5d-f79d-4c6a-860c-198e9404ea07,Ophthalmology,0.240234375,0.30859375,0.240234375,0.2119140625,False,D,0.12378478050231934,medmcqa_1,"['PBMD', 'PBMD', 'PBMD', 'PBMD', 'STAT']","[468043370483130129, 468043370483251770, 468043370483214217, 468043370483307799, 468043370482919120]","[0.8299791216850281, 0.836281955242157, 0.8393807411193848, 0.8206703066825867, 0.795688271522522]"
065971a5-7b85-4a6d-a657-8d152956f946,Ophthalmology,0.7421875,0.06103515625,0.1875,0.00933837890625,False,C,0.1081397533416748,medmcqa_1,"['PBMD', 'STAT', 'STAT', 'PBMD', 'PBMD']","[468043370483474106, 468043370483022075, 468043370482554668, 468043370483296955, 468043370483226002]","[0.7685820460319519, 0.7885793447494507, 0.7999875545501709, 0.7637834548950195, 0.786096453666687]"
2aacf8d1-b36e-49be-8333-af91aa2a49c9,Ophthalmology,0.008056640625,0.0026092529296875,0.98828125,0.00021457672119140625,True,C,0.10601067543029785,medmcqa_1,"['STAT', 'STAT', 'STAT', 'STAT', 'PBMD']","[468043370482956088, 468043370482919110, 468043370483043380, 468043370482545282, 468043370483544451]","[0.7729483842849731, 0.80763840675354, 0.7539533972740173, 0.754531979560852, 0.7765907049179077]"
5444cae2-aeab-4a04-8501-e91fe8ce794a,Anaesthesia,0.1025390625,0.7578125,0.1162109375,0.02294921875,False,A,0.11957216262817383,medmcqa_1,"['PBMD', 'STAT', 'PBMD', 'PBMD', 'TEXT']","[468043370483545714, 468043370482564194, 468043370483877246, 468043370483387901, 468043370482467883]","[0.7211363911628723, 0.6930985450744629, 0.7251704335212708, 0.7133932709693909, 0.6983461380004883]"
73944fde-aa45-4a1f-a140-e56d201ed4b0,Anaesthesia,0.294921875,0.259765625,0.244140625,0.2021484375,True,A,0.11452555656433105,medmcqa_1,"['STAT', 'STAT', 'PBMD', 'STAT', 'TEXT']","[468043370482946968, 468043370482908100, 468043370483688992, 468043370482849095, 468043370482421850]","[0.7778992056846619, 0.800014078617096, 0.7712749242782593, 0.7929225564002991, 0.7197149991989136]"
9138af01-4f96-4301-9817-8662fc2a0012,Anaesthesia,0.0576171875,0.0225830078125,0.0198974609375,0.8984375,True,D,0.11068558692932129,medmcqa_1,"['PBMD', 'TEXT', 'STAT', 'TEXT', 'TEXT']","[468043370483976855, 468043370482494212, 468043370482540439, 468043370482430231, 468043370482455826]","[0.8204317688941956, 0.7411236763000488, 0.7413094639778137, 0.7090165615081787, 0.7079540491104126]"
872eb991-48a8-486f-8dd8-c19b8f3cd096,Anaesthesia,0.048095703125,0.91015625,0.0311279296875,0.011474609375,True,B,0.10668444633483887,medmcqa_1,"['TEXT', 'TEXT', 'STAT', 'PBMD', 'TEXT']","[468043370482494191, 468043370482467858, 468043370482911958, 468043370483241240, 468043370482467857]","[0.6871953010559082, 0.6882614493370056, 0.7193487286567688, 0.7221159338951111, 0.6953442692756653]"
93b42b71-45b2-4314-9bb5-b71c362c50cf,Anaesthesia,0.0859375,0.16015625,0.71875,0.03564453125,True,C,0.1117558479309082,medmcqa_1,"['STAT', 'TEXT', 'PBMD', 'PBMD', 'TEXT']","[468043370483017388, 468043370482467792, 468043370483620122, 468043370484069476, 468043370482449179]","[0.7033522129058838, 0.6861022710800171, 0.7141584753990173, 0.7186572551727295, 0.6868247985839844]"
406b5b4f-9ad4-42c0-9669-12d038df4ac8,Anaesthesia,0.03564453125,0.671875,0.04296875,0.248046875,False,C,0.1060481071472168,medmcqa_1,"['STAT', 'STAT', 'STAT', 'PBMD', 'STAT']","[468043370482858561, 468043370482858984, 468043370482825849, 468043370483736672, 468043370482858985]","[0.7423686385154724, 0.7311183214187622, 0.7469450831413269, 0.7490072250366211, 0.7366987466812134]"
dea9021b-e874-4096-9195-ac758f2de19d,Anaesthesia,0.10986328125,0.0216064453125,0.80859375,0.05859375,True,C,0.10896730422973633,medmcqa_1,"['TEXT', 'STAT', 'STAT', 'TEXT', 'PBMD']","[468043370482421856, 468043370483031043, 468043370482876291, 468043370482443906, 468043370483362624]","[0.7543948292732239, 0.7616358995437622, 0.7713350057601929, 0.7392017841339111, 0.751868486404419]"
522522f6-47cd-4dbc-843d-8dbd3768bff7,Anaesthesia,0.0947265625,0.423828125,0.375,0.107421875,False,D,0.10104632377624512,medmcqa_1,"['PBMD', 'STAT', 'STAT', 'STAT', 'PBMD']","[468043370484106756, 468043370483052264, 468043370482964988, 468043370482564194, 468043370483337461]","[0.7697666883468628, 0.7022436261177063, 0.7176446914672852, 0.7118206024169922, 0.7171679139137268]"
8466f417-6a8e-4f07-87f8-556fb5fac62a,Anaesthesia,0.240234375,0.08837890625,0.65234375,0.0185546875,False,A,0.10938191413879395,medmcqa_1,"['TEXT', 'PBMD', 'PBMD', 'TEXT', 'STAT']","[468043370482387292, 468043370483883483, 468043370484048406, 468043370482401381, 468043370482935063]","[0.7710671424865723, 0.8249085545539856, 0.831122875213623, 0.7826420068740845, 0.7646653652191162]"
41bea7f1-6fe1-4441-81ba-579c07008ea6,Anaesthesia,0.271484375,0.047119140625,0.0303955078125,0.65234375,True,D,0.1077735424041748,medmcqa_1,"['TEXT', 'PBMD', 'STAT', 'STAT', 'PBMD']","[468043370482387639, 468043370484058847, 468043370482780788, 468043370482983788, 468043370483685054]","[0.7298773527145386, 0.7746906280517578, 0.7459012269973755, 0.7549387216567993, 0.7826616168022156]"
69a34f1e-09bd-4364-b763-f28c6ddf772a,Anaesthesia,0.7109375,0.109375,0.0751953125,0.1025390625,True,A,0.12386584281921387,medmcqa_1,"['STAT', 'STAT', 'STAT', 'STAT', 'TEXT']","[468043370482843440, 468043370482867024, 468043370482799874, 468043370482504532, 468043370482436385]","[0.8026750087738037, 0.7994394302368164, 0.791237473487854, 0.7908812761306763, 0.774532675743103]"
930d4945-04ef-4c32-9c9d-279e8226f852,Anaesthesia,0.310546875,0.053955078125,0.58203125,0.053955078125,False,A,0.10922431945800781,medmcqa_1,"['PBMD', 'PBMD', 'PBMD', 'TEXT', 'PBMD']","[468043370484014127, 468043370483362623, 468043370484011016, 468043370482433533, 468043370483964098]","[0.7770282030105591, 0.7809933423995972, 0.7801289558410645, 0.7738683819770813, 0.7922419309616089]"
820b79a8-3eef-494b-a007-995db6b5258c,Anaesthesia,0.045654296875,0.2314453125,0.2314453125,0.490234375,False,B,0.12186455726623535,medmcqa_1,"['STAT', 'TEXT', 'STAT', 'STAT', 'PBMD']","[468043370482803128, 468043370482467898, 468043370483008089, 468043370482793341, 468043370483926209]","[0.7338317036628723, 0.7615196108818054, 0.7323943376541138, 0.7396296262741089, 0.7344226837158203]"
92f4374d-b087-41de-a4d7-288565d77c38,Anaesthesia,0.9609375,0.0019683837890625,0.037109375,0.000823974609375,True,A,0.09928417205810547,medmcqa_1,"['STAT', 'STAT', 'STAT', 'STAT', 'STAT']","[468043370482521447, 468043370482772855, 468043370482772874, 468043370482772852, 468043370482772858]","[0.7498565912246704, 0.7703689932823181, 0.7931017875671387, 0.7798973321914673, 0.7617638111114502]"
fb79561d-8beb-4a31-aaa5-9350e20b0caa,Anaesthesia,0.34375,0.1953125,0.34375,0.11865234375,True,A,0.12059426307678223,medmcqa_1,"['STAT', 'STAT', 'TEXT', 'STAT', 'PBMD']","[468043370483058533, 468043370483050668, 468043370482494236, 468043370483049740, 468043370483719906]","[0.7447745203971863, 0.7449893951416016, 0.7243365049362183, 0.7511633634567261, 0.7317614555358887]"
d2198d20-fa7b-4abd-a3f6-d849ee0973fb,Anaesthesia,0.0074462890625,0.0108642578125,0.9765625,0.00579833984375,True,C,0.13622403144836426,medmcqa_1,"['PBMD', 'PBMD', 'PBMD', 'STAT', 'STAT']","[468043370483914697, 468043370483840745, 468043370484036218, 468043370482553792, 468043370483020749]","[0.7615085244178772, 0.7661811113357544, 0.7640340328216553, 0.749577522277832, 0.7436031103134155]"
7690c75b-9e17-4af8-844a-6c638db1240a,Anaesthesia,0.029541015625,0.80859375,0.1591796875,0.0011444091796875,False,D,0.1236121654510498,medmcqa_1,"['STAT', 'STAT', 'STAT', 'PBMD', 'PBMD']","[468043370482917142, 468043370482988114, 468043370483041489, 468043370483909737, 468043370483140751]","[0.7510736584663391, 0.775642991065979, 0.7512120008468628, 0.798495352268219, 0.7554051876068115]"
7e38cd45-2858-4483-b448-d461bde268ee,Anaesthesia,0.625,0.095703125,0.05126953125,0.2294921875,False,C,0.12171459197998047,medmcqa_1,"['STAT', 'PBMD', 'PBMD', 'STAT', 'PBMD']","[468043370482965086, 468043370483873551, 468043370483880540, 468043370482875201, 468043370483848555]","[0.731266975402832, 0.7492389678955078, 0.7448841333389282, 0.7542638182640076, 0.7419798374176025]"
65639a35-9603-40ce-9584-aaf1f53c71d4,Anaesthesia,0.11865234375,0.134765625,0.68359375,0.0634765625,False,D,0.1402449607849121,medmcqa_1,"['TEXT', 'PBMD', 'PBMD', 'PBMD', 'PBMD']","[468043370482387237, 468043370483860687, 468043370483227315, 468043370483448029, 468043370483526889]","[0.7139298915863037, 0.7851612567901611, 0.7671210765838623, 0.7760025262832642, 0.7732834815979004]"
52e0bdf3-57a4-4dd6-ba5c-e9facb82e61f,Anaesthesia,0.0810546875,0.6796875,0.04345703125,0.1953125,False,D,0.12371993064880371,medmcqa_1,"['STAT', 'PBMD', 'STAT', 'PBMD', 'STAT']","[468043370482521446, 468043370483246231, 468043370482772857, 468043370483856448, 468043370482891323]","[0.7313181757926941, 0.752349853515625, 0.7647531628608704, 0.739931583404541, 0.7087347507476807]"
dc3b4878-5fcb-4cd0-b31d-594a5320655a,Pharmacology,0.048095703125,0.8515625,0.037353515625,0.061767578125,True,B,0.14406704902648926,medmcqa_1,"['STAT', 'TEXT', 'PBMD', 'STAT', 'PBMD']","[468043370482823945, 468043370482419040, 468043370483966899, 468043370482830548, 468043370484096406]","[0.7097408771514893, 0.7211854457855225, 0.7310347557067871, 0.7081294655799866, 0.724961519241333]"
a8683027-bf0c-459a-99d6-7b4676278072,Pharmacology,0.2490234375,0.28125,0.05908203125,0.41015625,True,D,0.11409139633178711,medmcqa_1,"['PBMD', 'PBMD', 'STAT', 'STAT', 'STAT']","[468043370483443487, 468043370484032063, 468043370483049934, 468043370482543761, 468043370482976507]","[0.7418520450592041, 0.7484979629516602, 0.7192584276199341, 0.715546190738678, 0.7208349108695984]"
f8420128-0bd2-4a3e-b54f-d99fd7eb7070,Pharmacology,0.1748046875,0.0252685546875,0.01531982421875,0.78515625,False,A,0.10474038124084473,medmcqa_1,"['TEXT', 'TEXT', 'TEXT', 'TEXT', 'TEXT']","[468043370482466253, 468043370482466260, 468043370482466254, 468043370482466250, 468043370482466244]","[0.7811304330825806, 0.7776158452033997, 0.8037540316581726, 0.7575675249099731, 0.7732961773872375]"
c4256578-82f3-4cb8-891a-be9864c80547,Pharmacology,1.0,0.000667572021484375,0.000278472900390625,0.0003147125244140625,True,A,0.11979913711547852,medmcqa_1,"['STAT', 'TEXT', 'TEXT', 'STAT', 'PBMD']","[468043370482882001, 468043370482387163, 468043370482487353, 468043370483060609, 468043370483311602]","[0.7740932106971741, 0.7876878380775452, 0.7674713730812073, 0.7537039518356323, 0.791673481464386]"
889673c1-cf2a-44a3-a0db-7e4f0a5a52de,Pharmacology,0.060791015625,0.271484375,0.65234375,0.0135498046875,True,C,0.10671806335449219,medmcqa_1,"['TEXT', 'STAT', 'PBMD', 'TEXT', 'STAT']","[468043370482447419, 468043370482938307, 468043370483370639, 468043370482468307, 468043370482938304]","[0.7430456876754761, 0.7499645948410034, 0.734717607498169, 0.7551209330558777, 0.6976107954978943]"
cb022556-5a47-402a-b52c-725b6c314e83,Pharmacology,0.013916015625,0.00897216796875,0.9765625,0.000888824462890625,True,C,0.1262190341949463,medmcqa_1,"['PBMD', 'STAT', 'STAT', 'TEXT', 'STAT']","[468043370483831547, 468043370482780565, 468043370482780561, 468043370482466181, 468043370482499078]","[0.7959734201431274, 0.7455991506576538, 0.7653397917747498, 0.7408074736595154, 0.7359411716461182]"
d9801e88-03ce-46a5-87fe-fa3d8b61fadf,Pharmacology,0.22265625,0.173828125,0.53515625,0.06787109375,True,C,0.12436437606811523,medmcqa_1,"['STAT', 'TEXT', 'TEXT', 'TEXT', 'TEXT']","[468043370482941826, 468043370482469895, 468043370482469871, 468043370482469738, 468043370482469864]","[0.7591145038604736, 0.7885032892227173, 0.791320264339447, 0.7733192443847656, 0.7696290612220764]"
a5d733b4-18d3-468c-8aaa-bbcb66cbb07e,Pharmacology,0.01025390625,0.0037841796875,0.984375,0.00189971923828125,True,C,0.09441828727722168,medmcqa_1,"['STAT', 'STAT', 'STAT', 'PBMD', 'PBMD']","[468043370482895316, 468043370483023669, 468043370482892477, 468043370483689249, 468043370483348279]","[0.7641549110412598, 0.7557371258735657, 0.7850555181503296, 0.8008678555488586, 0.7669689059257507]"
c70d078e-2a95-4779-b8d5-6050a5b58394,Pharmacology,0.07470703125,0.294921875,0.427734375,0.2021484375,True,C,0.11732721328735352,medmcqa_1,"['STAT', 'PBMD', 'TEXT', 'PBMD', 'TEXT']","[468043370482555592, 468043370484052665, 468043370482387065, 468043370483895561, 468043370482463732]","[0.7300998568534851, 0.7438689470291138, 0.7008752822875977, 0.7516002655029297, 0.7069494128227234]"
8654832a-f650-4836-82ba-cc59f14e1bb9,Pharmacology,0.138671875,0.083984375,0.62109375,0.1572265625,False,A,0.11121630668640137,medmcqa_1,"['STAT', 'STAT', 'STAT', 'STAT', 'PBMD']","[468043370483070004, 468043370482501166, 468043370482934774, 468043370482920538, 468043370483292996]","[0.7464860081672668, 0.7654597163200378, 0.749033510684967, 0.7626000046730042, 0.7919977307319641]"
41a7eb65-1e8e-46ee-8d9a-8544101fe4db,Pharmacology,0.0201416015625,0.97265625,0.0027313232421875,0.006134033203125,True,B,0.12268877029418945,medmcqa_1,"['TEXT', 'PBMD', 'PBMD', 'PBMD', 'PBMD']","[468043370482466539, 468043370483577677, 468043370483291843, 468043370483287069, 468043370483626517]","[0.7732037305831909, 0.8045977354049683, 0.7997522950172424, 0.8092066049575806, 0.7940797805786133]"
860f5673-7e87-4a35-ba17-628c738929fa,Pharmacology,0.8828125,0.0250244140625,0.0771484375,0.013427734375,True,A,0.1220705509185791,medmcqa_1,"['STAT', 'STAT', 'STAT', 'STAT', 'STAT']","[468043370482561763, 468043370482561780, 468043370482849435, 468043370482529778, 468043370482514967]","[0.8206688165664673, 0.7871866822242737, 0.7887992262840271, 0.7880444526672363, 0.7967166900634766]"
89108206-90cd-4886-bb7f-758f8fec9152,Pharmacology,0.98046875,0.00848388671875,0.0115966796875,0.000255584716796875,True,A,0.1201181411743164,medmcqa_1,"['PBMD', 'PBMD', 'PBMD', 'PBMD', 'PBMD']","[468043370483099881, 468043370483247860, 468043370483325179, 468043370483214568, 468043370483336254]","[0.7758520245552063, 0.7861289978027344, 0.7980446219444275, 0.7886867523193359, 0.7751361131668091]"
39aa0685-41e4-4701-acb9-88abe226e574,Pharmacology,0.302734375,0.388671875,0.208984375,0.0986328125,False,A,0.11505389213562012,medmcqa_1,"['STAT', 'STAT', 'PBMD', 'PBMD', 'PBMD']","[468043370482889496, 468043370482944121, 468043370483878760, 468043370483809287, 468043370483780415]","[0.7385979890823364, 0.7722721099853516, 0.7890698909759521, 0.7762881517410278, 0.7875469326972961]"
559675a7-0767-47f2-bd6e-fc2279032447,Pharmacology,0.18359375,0.265625,0.439453125,0.11083984375,False,D,0.12419557571411133,medmcqa_1,"['PBMD', 'PBMD', 'PBMD', 'TEXT', 'STAT']","[468043370483207978, 468043370483607489, 468043370483563307, 468043370482410914, 468043370482906867]","[0.8180544972419739, 0.7936431765556335, 0.7894188165664673, 0.7609752416610718, 0.7538385987281799]"
c8c58b43-3a44-4e38-a6b3-245af1dcf2ab,Pharmacology,0.0235595703125,0.94140625,0.020751953125,0.01519775390625,True,B,0.10591387748718262,medmcqa_1,"['TEXT', 'PBMD', 'TEXT', 'STAT', 'TEXT']","[468043370482401085, 468043370483339274, 468043370482465413, 468043370482931222, 468043370482401089]","[0.8024169206619263, 0.8236842155456543, 0.7894478440284729, 0.785398006439209, 0.7927454710006714]"
1a3ceadc-b414-43e2-a674-bf52546b7d89,Pharmacology,0.44921875,0.01446533203125,0.025390625,0.51171875,False,A,0.10381674766540527,medmcqa_1,"['STAT', 'PBMD', 'STAT', 'PBMD', 'TEXT']","[468043370482784088, 468043370483438054, 468043370483069354, 468043370483106771, 468043370482471066]","[0.7674731016159058, 0.7653624415397644, 0.7546089887619019, 0.7686211466789246, 0.7504944205284119]"
1b18ac4d-8101-48f1-bcc9-b53391c550ab,Pharmacology,0.412109375,0.1337890625,0.111328125,0.341796875,True,A,0.11322927474975586,medmcqa_1,"['STAT', 'STAT', 'STAT', 'PBMD', 'STAT']","[468043370482919153, 468043370483014552, 468043370482994056, 468043370483130748, 468043370483014553]","[0.7633010149002075, 0.7571429014205933, 0.7676841616630554, 0.797228991985321, 0.7770341634750366]"
407d4eec-cf0b-460c-bcdb-cf0081ec8c5d,Pharmacology,0.1005859375,0.1767578125,0.69921875,0.0224609375,False,B,0.1460258960723877,medmcqa_1,"['PBMD', 'STAT', 'STAT', 'PBMD', 'STAT']","[468043370483909708, 468043370482977236, 468043370482983551, 468043370483902369, 468043370483016906]","[0.7672672867774963, 0.7539249658584595, 0.7129901051521301, 0.7639865875244141, 0.7116122841835022]"
4127528f-2cc3-44bc-b07e-446577f5018c,Pharmacology,0.68359375,0.07666015625,0.22265625,0.01611328125,True,A,0.11820173263549805,medmcqa_1,"['STAT', 'TEXT', 'PBMD', 'PBMD', 'TEXT']","[468043370483008686, 468043370482465996, 468043370483774191, 468043370483085490, 468043370482425699]","[0.8177709579467773, 0.7386800050735474, 0.7366894483566284, 0.7476698160171509, 0.721922755241394]"
44ff9d66-1271-48ec-80e0-51f38a47c976,Surgery,0.404296875,0.404296875,0.130859375,0.061767578125,True,A,0.14409232139587402,medmcqa_1,"['PBMD', 'TEXT', 'STAT', 'STAT', 'TEXT']","[468043370483985912, 468043370482431709, 468043370482496075, 468043370482846121, 468043370482439826]","[0.778533935546875, 0.752308189868927, 0.7626155614852905, 0.7652468085289001, 0.7487283945083618]"
959f8a7b-ea3c-40f9-a6a3-f90248f7e8d2,Surgery,0.498046875,0.142578125,0.234375,0.1259765625,False,C,0.1032721996307373,medmcqa_1,"['STAT', 'TEXT', 'TEXT', 'TEXT', 'TEXT']","[468043370483024871, 468043370482481901, 468043370482421649, 468043370482405196, 468043370482455731]","[0.7715979814529419, 0.7548596858978271, 0.7361512184143066, 0.7559540271759033, 0.7364116311073303]"
83190d93-147b-4abc-a5fc-500371388fd5,Surgery,0.1591796875,0.2041015625,0.431640625,0.2041015625,False,D,0.12029147148132324,medmcqa_1,"['TEXT', 'STAT', 'PBMD', 'TEXT', 'PBMD']","[468043370482461668, 468043370482854915, 468043370483366087, 468043370482403498, 468043370483653072]","[0.7579010725021362, 0.7777156233787537, 0.7668558359146118, 0.7619374990463257, 0.7648544311523438]"
ff42704e-3996-4abe-a5b6-574344e7aaf0,Surgery,0.022705078125,0.01068115234375,0.96484375,0.0023956298828125,True,C,0.10937809944152832,medmcqa_1,"['STAT', 'PBMD', 'PBMD', 'STAT', 'TEXT']","[468043370482789215, 468043370483322029, 468043370483605993, 468043370482916182, 468043370482490520]","[0.780647337436676, 0.7873666286468506, 0.8002407550811768, 0.7848541736602783, 0.8065853118896484]"
890982b8-3906-44be-aff1-437a7c6c373d,Surgery,0.265625,0.0169677734375,0.038330078125,0.6796875,True,D,0.12436294555664062,medmcqa_1,"['STAT', 'PBMD', 'STAT', 'TEXT', 'TEXT']","[468043370482871540, 468043370483869477, 468043370482557912, 468043370482389352, 468043370482389380]","[0.7926210761070251, 0.7940866947174072, 0.7603517174720764, 0.743677020072937, 0.7418522834777832]"
131f5cb9-45ff-4698-992a-dfb143a3c237,Surgery,0.4453125,0.50390625,0.034423828125,0.0162353515625,False,A,0.08554387092590332,medmcqa_1,"['STAT', 'STAT', 'STAT', 'STAT', 'TEXT']","[468043370482561787, 468043370482936302, 468043370482927638, 468043370482956675, 468043370482487640]","[0.7709914445877075, 0.7724400162696838, 0.7476648092269897, 0.729806125164032, 0.7312998175621033]"
11b93c69-b9e9-47ec-821c-779598f139c1,Surgery,0.08837890625,0.578125,0.1875,0.146484375,True,B,0.10121703147888184,medmcqa_1,"['STAT', 'PBMD', 'STAT', 'PBMD', 'STAT']","[468043370482875995, 468043370483550621, 468043370483042209, 468043370483333150, 468043370482979497]","[0.7828587293624878, 0.7933134436607361, 0.7650189399719238, 0.7857658863067627, 0.7813782691955566]"
b70b70d6-0d72-41b3-bc8b-405f0e83fa03,Surgery,0.9765625,0.01483154296875,0.00579833984375,0.0022735595703125,True,A,0.10958552360534668,medmcqa_1,"['PBMD', 'TEXT', 'STAT', 'STAT', 'STAT']","[468043370483488983, 468043370482467777, 468043370482794943, 468043370482938765, 468043370482959277]","[0.7559844255447388, 0.7077943682670593, 0.6942507028579712, 0.7054664492607117, 0.6965959072113037]"
71e11d65-2238-4a3f-9b41-bfb7218c66e5,Surgery,0.181640625,0.361328125,0.361328125,0.09716796875,False,C,0.10744428634643555,medmcqa_1,"['PBMD', 'STAT', 'TEXT', 'STAT', 'STAT']","[468043370483779558, 468043370483075515, 468043370482485196, 468043370483065947, 468043370483075501]","[0.7537186145782471, 0.7618080377578735, 0.7116503715515137, 0.7449978590011597, 0.7566831111907959]"
2066f9f0-3eb8-4f40-8ca3-39406b885674,Surgery,0.63671875,0.2060546875,0.0712890625,0.0859375,True,A,0.11862540245056152,medmcqa_1,"['TEXT', 'PBMD', 'STAT', 'STAT', 'TEXT']","[468043370482403404, 468043370483911450, 468043370482792014, 468043370482495613, 468043370482485258]","[0.7477609515190125, 0.7646260857582092, 0.7557570934295654, 0.7563494443893433, 0.7483470439910889]"
eee44fc5-ad97-4eaa-9720-02f6096eece5,Surgery,0.275390625,0.515625,0.1298828125,0.0791015625,False,D,0.12384295463562012,medmcqa_1,"['PBMD', 'PBMD', 'PBMD', 'STAT', 'PBMD']","[468043370484004464, 468043370483841785, 468043370483685541, 468043370482533223, 468043370483844327]","[0.7749698758125305, 0.7816857099533081, 0.7847995162010193, 0.786237359046936, 0.7992437481880188]"
b0710c52-911e-4db7-9f74-5f92160b0eb3,Surgery,0.373046875,0.6171875,0.00775146484375,0.0028533935546875,False,A,0.09452128410339355,medmcqa_1,"['STAT', 'PBMD', 'TEXT', 'STAT', 'PBMD']","[468043370482533641, 468043370483729865, 468043370482372044, 468043370482946780, 468043370483755794]","[0.7703042030334473, 0.8016079664230347, 0.7577390670776367, 0.7644737958908081, 0.759141743183136]"
76dc78f2-39b2-47c0-97d1-3206032a777f,Surgery,0.0045166015625,0.97265625,0.01019287109375,0.01080322265625,True,B,0.10435843467712402,medmcqa_1,"['TEXT', 'PBMD', 'PBMD', 'STAT', 'PBMD']","[468043370482409783, 468043370483543538, 468043370483493078, 468043370482852388, 468043370483267973]","[0.7838672399520874, 0.7949046492576599, 0.7525514364242554, 0.7703362703323364, 0.7572115659713745]"
5a236a74-118f-49b5-adde-21dba36a8bee,Surgery,0.96875,0.027587890625,0.00113677978515625,0.000690460205078125,True,A,0.1357121467590332,medmcqa_1,"['STAT', 'PBMD', 'STAT', 'PBMD', 'PBMD']","[468043370483016653, 468043370483646744, 468043370483045953, 468043370483426987, 468043370484056487]","[0.7879230976104736, 0.7526253461837769, 0.719979465007782, 0.7656447887420654, 0.7867269515991211]"
b304b0be-c800-43e4-be04-739bd0cc47fd,Surgery,0.62890625,0.263671875,0.0966796875,0.01019287109375,True,A,0.09060454368591309,medmcqa_1,"['STAT', 'STAT', 'STAT', 'STAT', 'STAT']","[468043370482895401, 468043370482895400, 468043370482533224, 468043370482533231, 468043370482895402]","[0.7219333052635193, 0.7547025680541992, 0.7803875803947449, 0.7573263645172119, 0.7245911955833435]"
a176a27c-5514-46e8-8fe4-3871c7982706,Surgery,0.007080078125,0.98828125,0.00139617919921875,0.0037994384765625,True,B,0.10246515274047852,medmcqa_1,"['PBMD', 'TEXT', 'STAT', 'STAT', 'STAT']","[468043370483535944, 468043370482403413, 468043370482870234, 468043370482795775, 468043370483020969]","[0.7994037866592407, 0.7754898071289062, 0.7690221667289734, 0.7718009352684021, 0.7687008380889893]"
dcb2ad3a-cefa-4fde-9b24-b694b287f9d7,Surgery,0.1259765625,0.265625,0.341796875,0.265625,False,D,0.10948634147644043,medmcqa_1,"['PBMD', 'STAT', 'PBMD', 'PBMD', 'STAT']","[468043370483211447, 468043370482917403, 468043370483355005, 468043370483212290, 468043370482774980]","[0.8001172542572021, 0.7678731679916382, 0.7952184677124023, 0.7794201374053955, 0.754023015499115]"
2f41338e-aea5-444f-9745-5208a6d9fb9a,Surgery,0.008544921875,0.9921875,0.000514984130859375,8.96453857421875e-05,True,B,0.08862781524658203,medmcqa_1,"['PBMD', 'STAT', 'PBMD', 'PBMD', 'STAT']","[468043370483729801, 468043370482809231, 468043370483510686, 468043370484009531, 468043370482501878]","[0.750787615776062, 0.7879070043563843, 0.7700124979019165, 0.7482476234436035, 0.7811052799224854]"
c25d4907-49a0-4104-83d2-df515cdcf676,Surgery,0.004608154296875,0.99609375,0.00090789794921875,0.0002288818359375,True,B,0.12247252464294434,medmcqa_1,"['PBMD', 'PBMD', 'STAT', 'PBMD', 'PBMD']","[468043370484098363, 468043370484110817, 468043370483046055, 468043370483895589, 468043370484085068]","[0.7731724977493286, 0.787006139755249, 0.8018389344215393, 0.7783810496330261, 0.7602036595344543]"
bf67324d-93dd-41a4-919b-313088e3a495,Surgery,0.15234375,0.46875,0.322265625,0.05615234375,False,C,0.09699416160583496,medmcqa_1,"['STAT', 'STAT', 'TEXT', 'STAT', 'STAT']","[468043370482949418, 468043370482937234, 468043370482466506, 468043370482949417, 468043370482937233]","[0.7412134408950806, 0.8242902159690857, 0.7542814612388611, 0.7853190898895264, 0.7436256408691406]"
e3b365b5-231a-4439-900a-c2cd741266a1,Anatomy,0.9375,0.046630859375,0.00762939453125,0.00860595703125,True,A,0.1247563362121582,medmcqa_1,"['STAT', 'STAT', 'PBMD', 'STAT', 'PBMD']","[468043370482829218, 468043370482975564, 468043370483360165, 468043370483065426, 468043370483406100]","[0.8079689741134644, 0.7958223819732666, 0.8182284832000732, 0.7926923036575317, 0.8133244514465332]"
d0aaea50-8928-4b40-ad20-7161f679bbc0,Anatomy,0.2060546875,0.384765625,0.298828125,0.1103515625,False,A,0.10592865943908691,medmcqa_1,"['STAT', 'STAT', 'PBMD', 'PBMD', 'TEXT']","[468043370482838516, 468043370482807752, 468043370484078335, 468043370483218774, 468043370482371513]","[0.7626336812973022, 0.7109286189079285, 0.7393720149993896, 0.7437758445739746, 0.69062340259552]"
22ab08db-3408-4b27-8a6c-3da3985f71b9,Anatomy,0.0693359375,0.546875,0.330078125,0.053955078125,True,B,0.12204408645629883,medmcqa_1,"['TEXT', 'TEXT', 'STAT', 'TEXT', 'TEXT']","[468043370482395190, 468043370482389341, 468043370482845741, 468043370482395197, 468043370482476646]","[0.8047663569450378, 0.8009881973266602, 0.8014774322509766, 0.7655987739562988, 0.7913292050361633]"
04b5defc-1a24-4b6f-b647-4f87f2f82fe0,Anatomy,0.486328125,0.333984375,0.158203125,0.0201416015625,False,B,0.09972333908081055,medmcqa_1,"['STAT', 'STAT', 'STAT', 'STAT', 'STAT']","[468043370482798434, 468043370482811253, 468043370482867987, 468043370482983696, 468043370482532087]","[0.7575480341911316, 0.7483185529708862, 0.7834176421165466, 0.7404946684837341, 0.7851523160934448]"
13088525-20c1-4b21-8fba-f48097969211,Anatomy,0.365234375,0.322265625,0.1845703125,0.126953125,False,B,0.13047361373901367,medmcqa_1,"['STAT', 'TEXT', 'STAT', 'TEXT', 'STAT']","[468043370482939782, 468043370482444466, 468043370482899456, 468043370482431516, 468043370482939548]","[0.7543668150901794, 0.7612712383270264, 0.7589389681816101, 0.7575703263282776, 0.7511370778083801]"
27a55dd4-2931-4c86-ba40-7f3b341c9b34,Anatomy,0.2021484375,0.12255859375,0.08984375,0.5859375,True,D,0.12356829643249512,medmcqa_1,"['STAT', 'STAT', 'STAT', 'TEXT', 'STAT']","[468043370483035742, 468043370482918528, 468043370482831756, 468043370482431518, 468043370482942756]","[0.7680404782295227, 0.7644118666648865, 0.7676520347595215, 0.7577140927314758, 0.7671653628349304]"
808e56de-bf9d-4a6d-acbe-e27ef3880361,Anatomy,0.042724609375,0.91015625,0.04541015625,0.000942230224609375,True,B,0.1417100429534912,medmcqa_1,"['TEXT', 'STAT', 'STAT', 'STAT', 'TEXT']","[468043370482371518, 468043370483016499, 468043370482944685, 468043370482802640, 468043370482371911]","[0.7416166663169861, 0.7463960647583008, 0.7633727788925171, 0.7762306928634644, 0.8110424280166626]"
47ef5a0a-7625-49dd-bda3-819f6df9799e,Anatomy,0.06591796875,0.2294921875,0.625,0.07958984375,True,C,0.09827303886413574,medmcqa_1,"['STAT', 'STAT', 'STAT', 'TEXT', 'STAT']","[468043370482884347, 468043370483028096, 468043370483030377, 468043370482383940, 468043370482884359]","[0.8000690937042236, 0.7730945944786072, 0.7527816295623779, 0.758994996547699, 0.7555271983146667]"
42c3b6ae-45e3-405f-b8bd-fa6a17924c6b,Anatomy,0.00170135498046875,0.99609375,0.0003566741943359375,0.00075531005859375,True,B,0.1441032886505127,medmcqa_1,"['PBMD', 'TEXT', 'PBMD', 'TEXT', 'PBMD']","[468043370483734412, 468043370482375583, 468043370483850891, 468043370482375582, 468043370483816559]","[0.8209565281867981, 0.799576997756958, 0.7700422406196594, 0.762736976146698, 0.7760162949562073]"
498c56bd-94f3-48de-b981-5c6400ee5700,Anatomy,0.020263671875,0.00078582763671875,0.0037384033203125,0.9765625,True,D,0.12406277656555176,medmcqa_1,"['STAT', 'TEXT', 'STAT', 'TEXT', 'STAT']","[468043370482817363, 468043370482371784, 468043370482937205, 468043370482371277, 468043370482935750]","[0.7425051331520081, 0.7432945966720581, 0.7624756097793579, 0.748610258102417, 0.7515201568603516]"
4a073cec-41b0-49ef-aa57-a010c2bfe5d9,Anatomy,0.09521484375,0.0009918212890625,0.0009918212890625,0.90234375,True,D,0.09971499443054199,medmcqa_1,"['STAT', 'TEXT', 'STAT', 'STAT', 'STAT']","[468043370482909587, 468043370482434605, 468043370483042415, 468043370482902331, 468043370483042409]","[0.7649471759796143, 0.766452431678772, 0.7934616804122925, 0.7615914344787598, 0.7866491079330444]"
f1457bfc-13d3-40bb-9ad9-c6ec7f6c00dd,Anatomy,0.0035858154296875,0.99609375,0.000705718994140625,0.00116729736328125,True,B,0.12053585052490234,medmcqa_1,"['STAT', 'TEXT', 'STAT', 'STAT', 'TEXT']","[468043370482802623, 468043370482371553, 468043370482839288, 468043370482945484, 468043370482371371]","[0.8270307183265686, 0.7972043752670288, 0.8034356832504272, 0.8190584778785706, 0.7824629545211792]"
f955fff3-f4ec-41be-a119-a43e2024120e,Anatomy,0.078125,0.039306640625,0.83984375,0.04443359375,True,C,0.1218876838684082,medmcqa_1,"['TEXT', 'TEXT', 'STAT', 'STAT', 'STAT']","[468043370482371371, 468043370482371775, 468043370483003175, 468043370482802623, 468043370482839292]","[0.7763961553573608, 0.7734146118164062, 0.8305783271789551, 0.8124478459358215, 0.8294805288314819]"
eb5d2e40-c7b7-4de2-a394-26b3ce685746,Anatomy,0.8359375,0.0184326171875,0.0390625,0.1064453125,True,A,0.13346242904663086,medmcqa_1,"['STAT', 'STAT', 'PBMD', 'STAT', 'STAT']","[468043370482560562, 468043370482560597, 468043370484061236, 468043370482846975, 468043370482560576]","[0.7522073984146118, 0.7504594326019287, 0.759018063545227, 0.7429131269454956, 0.7469415664672852]"
a28512ef-dd2c-48f1-9033-95c1d84daf47,Anatomy,0.328125,0.1748046875,0.0208740234375,0.4765625,False,B,0.1214301586151123,medmcqa_1,"['TEXT', 'TEXT', 'TEXT', 'TEXT', 'TEXT']","[468043370482435782, 468043370482434329, 468043370482434326, 468043370482434345, 468043370482434313]","[0.7659273743629456, 0.7531186938285828, 0.7724192142486572, 0.7751888036727905, 0.7786769866943359]"
433889ad-6b7a-4b52-b45d-2e2379f81d5e,Anatomy,0.0198974609375,0.09521484375,0.84765625,0.037353515625,True,C,0.09905338287353516,medmcqa_1,"['TEXT', 'TEXT', 'TEXT', 'STAT', 'STAT']","[468043370482371083, 468043370482371085, 468043370482370709, 468043370482975449, 468043370482826545]","[0.7521235942840576, 0.6978824138641357, 0.7164279818534851, 0.7260245084762573, 0.7283633947372437]"
82d43b40-d7e9-427f-8870-81445cc14391,Anatomy,0.236328125,0.111328125,0.0869140625,0.56640625,False,A,0.10237860679626465,medmcqa_1,"['TEXT', 'STAT', 'STAT', 'STAT', 'TEXT']","[468043370482371284, 468043370482496023, 468043370482496021, 468043370482866477, 468043370482371275]","[0.7527463436126709, 0.7396023273468018, 0.7399551868438721, 0.7365578413009644, 0.7277714014053345]"
2dc17e8f-306a-433c-995c-9903dcaf4ccc,Anatomy,0.06396484375,0.734375,0.038818359375,0.1640625,False,D,0.10542082786560059,medmcqa_1,"['STAT', 'STAT', 'STAT', 'TEXT', 'TEXT']","[468043370482807743, 468043370483003308, 468043370482850960, 468043370482371272, 468043370482371520]","[0.79463791847229, 0.7767691016197205, 0.7981647253036499, 0.7579824924468994, 0.751248300075531]"
8cc0f461-86ab-4fdf-97f4-194da3dc5e26,Anatomy,0.024169921875,0.054443359375,0.012939453125,0.91015625,True,D,0.11013627052307129,medmcqa_1,"['STAT', 'STAT', 'STAT', 'STAT', 'TEXT']","[468043370482785225, 468043370482532341, 468043370482785493, 468043370482532340, 468043370482393877]","[0.7820042967796326, 0.7699040770530701, 0.7767999172210693, 0.7749606966972351, 0.7806591391563416]"
8ba2ca7c-9ae4-4771-9e9c-0e44250ca6b5,Anatomy,0.0849609375,0.458984375,0.431640625,0.0242919921875,True,B,0.11172890663146973,medmcqa_1,"['STAT', 'STAT', 'STAT', 'STAT', 'TEXT']","[468043370482933097, 468043370482864778, 468043370482819053, 468043370482800659, 468043370482381983]","[0.7454679608345032, 0.7359862923622131, 0.7416908144950867, 0.7655974626541138, 0.7116490006446838]"
81a24a92-4459-4999-9c49-6ee91a6182a3,Forensic Medicine,0.03271484375,0.65625,0.146484375,0.166015625,False,C,0.07799339294433594,medmcqa_1,"['STAT', 'STAT', 'STAT', 'STAT', 'STAT']","[468043370482872639, 468043370483002095, 468043370482872637, 468043370482887727, 468043370482847698]","[0.7708556652069092, 0.771155834197998, 0.7465605139732361, 0.7834118604660034, 0.76341313123703]"
5ba07589-bec7-4600-b1a2-93beb50dbc17,Forensic Medicine,0.1494140625,0.24609375,0.24609375,0.357421875,False,B,0.09934759140014648,medmcqa_1,"['STAT', 'PBMD', 'TEXT', 'PBMD', 'STAT']","[468043370482903107, 468043370483492522, 468043370482471646, 468043370483646736, 468043370482812522]","[0.7305434346199036, 0.7547469139099121, 0.7078166007995605, 0.736731231212616, 0.7318447828292847]"
9323af0c-ce73-4fcd-9646-88c87ea5d0f7,Forensic Medicine,0.11181640625,0.031982421875,0.7734375,0.08154296875,False,A,0.10330820083618164,medmcqa_1,"['TEXT', 'PBMD', 'PBMD', 'PBMD', 'PBMD']","[468043370482423689, 468043370483462112, 468043370483281637, 468043370483276528, 468043370483863275]","[0.7486220002174377, 0.7524225115776062, 0.7564680576324463, 0.7508220076560974, 0.7607307434082031]"
cfa28a58-dd1f-4852-b34f-d150a9fd9011,Forensic Medicine,0.296875,0.06640625,0.5546875,0.080078125,False,D,0.13272666931152344,medmcqa_1,"['PBMD', 'STAT', 'PBMD', 'PBMD', 'TEXT']","[468043370483684300, 468043370482855233, 468043370483137499, 468043370484006643, 468043370482432989]","[0.7354835867881775, 0.7071186900138855, 0.7513216733932495, 0.7288162708282471, 0.731599748134613]"
34d20a1d-da67-4205-b8c7-981dc313289f,Forensic Medicine,0.8671875,0.0859375,0.0380859375,0.009033203125,True,A,0.11475682258605957,medmcqa_1,"['STAT', 'STAT', 'STAT', 'STAT', 'STAT']","[468043370482807736, 468043370482984974, 468043370482937560, 468043370483004618, 468043370482998411]","[0.724388599395752, 0.7166606187820435, 0.7289373278617859, 0.6899897456169128, 0.6983239650726318]"
2ab8b27b-1646-4886-8378-f2f11f84a79e,Forensic Medicine,0.03271484375,0.00994873046875,0.95703125,0.00152587890625,True,C,0.08839225769042969,medmcqa_1,"['STAT', 'STAT', 'STAT', 'STAT', 'STAT']","[468043370482788918, 468043370483067649, 468043370482555712, 468043370482555713, 468043370482834590]","[0.7042583227157593, 0.730438232421875, 0.727706789970398, 0.6931366920471191, 0.7362004518508911]"
78fc72f1-b950-427c-aa07-fe36d04d8c42,Forensic Medicine,0.97265625,0.0157470703125,0.00579833984375,0.00543212890625,True,A,0.10611462593078613,medmcqa_1,"['PBMD', 'TEXT', 'STAT', 'STAT', 'STAT']","[468043370483549430, 468043370482461756, 468043370482815647, 468043370482497370, 468043370482939975]","[0.7894420623779297, 0.7103339433670044, 0.7166546583175659, 0.6993964314460754, 0.6887420415878296]"
2cc86d26-ec8a-43f8-8fa8-bd56054db9f2,Forensic Medicine,0.283203125,0.1708984375,0.38671875,0.1611328125,False,B,0.12260961532592773,medmcqa_1,"['PBMD', 'TEXT', 'PBMD', 'PBMD', 'PBMD']","[468043370483468741, 468043370482384981, 468043370483391573, 468043370483523444, 468043370483877247]","[0.7492989301681519, 0.7280950546264648, 0.7510871887207031, 0.7686044573783875, 0.7560466527938843]"
b7d8bd74-0651-43ca-9284-f29321e22628,Forensic Medicine,0.76953125,0.08642578125,0.08642578125,0.059326171875,True,A,0.12388777732849121,medmcqa_1,"['TEXT', 'PBMD', 'PBMD', 'PBMD', 'TEXT']","[468043370482385163, 468043370483457838, 468043370483081311, 468043370483817576, 468043370482381542]","[0.746625542640686, 0.7724195122718811, 0.7726529836654663, 0.7641461491584778, 0.7683733105659485]"
132fec12-271f-4778-93af-042d6ec32a22,Forensic Medicine,0.4140625,0.251953125,0.2080078125,0.1259765625,True,A,0.10724329948425293,medmcqa_1,"['STAT', 'STAT', 'TEXT', 'STAT', 'PBMD']","[468043370482804318, 468043370482869069, 468043370482384975, 468043370482869060, 468043370484088236]","[0.722630500793457, 0.721287727355957, 0.7052661180496216, 0.7344435453414917, 0.7716771364212036]"
27eecec7-69c5-40bd-9d90-c19e43acc9a3,Forensic Medicine,0.04541015625,0.70703125,0.123046875,0.123046875,False,A,0.0936729907989502,medmcqa_1,"['TEXT', 'TEXT', 'TEXT', 'PBMD', 'PBMD']","[468043370482443067, 468043370482471606, 468043370482471607, 468043370483894519, 468043370483101144]","[0.7275058031082153, 0.7247321605682373, 0.7197679281234741, 0.7459142208099365, 0.7354241013526917]"
b317f77b-62b2-4ad9-a520-3bdbe0c37f47,Forensic Medicine,0.10107421875,0.375,0.453125,0.0693359375,False,B,0.12381982803344727,medmcqa_1,"['PBMD', 'STAT', 'STAT', 'STAT', 'TEXT']","[468043370483799753, 468043370483011016, 468043370483079820, 468043370482857249, 468043370482384954]","[0.7415286302566528, 0.7203719615936279, 0.697989284992218, 0.7623416185379028, 0.7147376537322998]"
2ae293df-8147-46d5-bd46-b913a95c2593,Forensic Medicine,0.036865234375,0.7890625,0.13671875,0.039306640625,True,B,0.12435650825500488,medmcqa_1,"['TEXT', 'STAT', 'PBMD', 'STAT', 'PBMD']","[468043370482404383, 468043370483048754, 468043370483842564, 468043370482928247, 468043370484103078]","[0.7254726886749268, 0.7446765303611755, 0.7748013138771057, 0.7333816885948181, 0.7732865810394287]"
3a99eeb5-973d-4468-bf41-4111c70ec9ff,Forensic Medicine,0.2060546875,0.2333984375,0.435546875,0.125,False,A,0.10114383697509766,medmcqa_1,"['PBMD', 'STAT', 'TEXT', 'TEXT', 'STAT']","[468043370483941231, 468043370483047310, 468043370482484913, 468043370482392788, 468043370482982399]","[0.726435124874115, 0.7088283896446228, 0.6460794806480408, 0.6422195434570312, 0.7253408432006836]"
15f7993b-1b86-400a-83c1-a91417ab640c,Forensic Medicine,0.9609375,0.029052734375,0.010009765625,0.000682830810546875,True,A,0.14211058616638184,medmcqa_1,"['PBMD', 'PBMD', 'PBMD', 'STAT', 'PBMD']","[468043370483398323, 468043370483289239, 468043370483604271, 468043370482951374, 468043370483685588]","[0.7509676814079285, 0.7155753374099731, 0.7137758731842041, 0.6837076544761658, 0.7259363532066345]"
e48eccc3-3935-4cdc-90a7-4aebfaa3e76e,Forensic Medicine,0.1767578125,0.15625,0.546875,0.12158203125,False,A,0.12390971183776855,medmcqa_1,"['STAT', 'PBMD', 'STAT', 'STAT', 'PBMD']","[468043370483011016, 468043370484128655, 468043370483079820, 468043370482857249, 468043370483799753]","[0.7271843552589417, 0.7164313197135925, 0.6777663230895996, 0.7347412705421448, 0.7150652408599854]"
519a4ff4-7e05-455a-b8dd-edd85636dccf,Forensic Medicine,0.1474609375,0.75,0.03515625,0.0654296875,False,C,0.10477471351623535,medmcqa_1,"['PBMD', 'STAT', 'PBMD', 'STAT', 'STAT']","[468043370484036340, 468043370482872623, 468043370483540571, 468043370482998437, 468043370482984983]","[0.7930017709732056, 0.8143099546432495, 0.7817560434341431, 0.7097713351249695, 0.7109866142272949]"
864ebcb5-85f5-45eb-a209-5d14ef53e787,Forensic Medicine,0.5625,0.07568359375,0.023193359375,0.33984375,False,B,0.12241172790527344,medmcqa_1,"['PBMD', 'STAT', 'PBMD', 'STAT', 'PBMD']","[468043370483358413, 468043370482825093, 468043370483897355, 468043370482829822, 468043370483594601]","[0.7221124768257141, 0.6504908800125122, 0.7379714250564575, 0.6679544448852539, 0.7087047100067139]"
7654b57a-4955-4f89-a828-a8c82995f619,Forensic Medicine,0.2412109375,0.3984375,0.146484375,0.212890625,True,B,0.10922980308532715,medmcqa_1,"['PBMD', 'STAT', 'STAT', 'STAT', 'STAT']","[468043370483901014, 468043370482989231, 468043370482909114, 468043370482808363, 468043370482839399]","[0.7302233576774597, 0.7054941654205322, 0.7019045948982239, 0.7064629197120667, 0.7040050029754639]"
8a63cb8d-20f8-40ea-ba34-12b9583c9224,Forensic Medicine,0.005523681640625,0.98828125,0.003143310546875,0.00179290771484375,True,B,0.10484790802001953,medmcqa_1,"['PBMD', 'STAT', 'TEXT', 'STAT', 'STAT']","[468043370483139026, 468043370482846214, 468043370482445218, 468043370482558379, 468043370482558102]","[0.7858563661575317, 0.7713170051574707, 0.7585048675537109, 0.7423002123832703, 0.7673415541648865]"
3171c368-25b8-4025-b7ae-ef22cc2f3f8c,Biochemistry,0.004608154296875,0.000904083251953125,0.00102996826171875,0.9921875,True,D,0.10120582580566406,medmcqa_1,"['STAT', 'PBMD', 'TEXT', 'PBMD', 'TEXT']","[468043370482869048, 468043370483288704, 468043370482375683, 468043370483253663, 468043370482375734]","[0.772020697593689, 0.7563974261283875, 0.757485032081604, 0.7582052946090698, 0.7500238418579102]"
1f5885bd-7146-46de-87b8-f32ae199ce7c,Biochemistry,0.56640625,0.388671875,0.02490234375,0.0206298828125,True,A,0.10444307327270508,medmcqa_1,"['PBMD', 'STAT', 'PBMD', 'STAT', 'TEXT']","[468043370483184990, 468043370482879915, 468043370483920429, 468043370482814075, 468043370482394425]","[0.79991614818573, 0.7721170783042908, 0.7677714824676514, 0.7747764587402344, 0.7442471385002136]"
b941a672-c231-45ad-a086-11c1726a8d09,Biochemistry,0.000518798828125,1.0,0.0001087188720703125,0.00021648406982421875,True,B,0.10964417457580566,medmcqa_1,"['TEXT', 'TEXT', 'TEXT', 'TEXT', 'PBMD']","[468043370482431086, 468043370482442819, 468043370482442824, 468043370482442821, 468043370483466419]","[0.8129760026931763, 0.7599356174468994, 0.7762800455093384, 0.7725399732589722, 0.7643222212791443]"
54054782-8948-4be1-861f-dd67a24a5b9c,Biochemistry,0.5,0.34375,0.052734375,0.1044921875,False,B,0.12766766548156738,medmcqa_1,"['PBMD', 'TEXT', 'PBMD', 'PBMD', 'PBMD']","[468043370483816975, 468043370482373715, 468043370483861499, 468043370483967302, 468043370483931456]","[0.7812878489494324, 0.7588396072387695, 0.7856444120407104, 0.7798590064048767, 0.783497154712677]"
bd5b9ca9-7065-4c91-8a54-26c8d3a34501,Biochemistry,0.38671875,0.265625,0.30078125,0.046142578125,False,C,0.12643790245056152,medmcqa_1,"['PBMD', 'PBMD', 'TEXT', 'TEXT', 'TEXT']","[468043370484078391, 468043370483569662, 468043370482372518, 468043370482374085, 468043370482372685]","[0.7962511777877808, 0.7956177592277527, 0.7709734439849854, 0.7991695404052734, 0.7581547498703003]"
20445700-6fe0-4e44-b27c-561d580c5ea9,Biochemistry,0.15234375,0.220703125,0.6015625,0.0263671875,False,B,0.10746145248413086,medmcqa_1,"['TEXT', 'STAT', 'TEXT', 'TEXT', 'PBMD']","[468043370482476115, 468043370482999971, 468043370482372228, 468043370482476162, 468043370483658410]","[0.7831119298934937, 0.8058038949966431, 0.7689369916915894, 0.7512717247009277, 0.7708169221878052]"
d0de8433-05e9-4391-ad03-5b228436ccd5,Biochemistry,0.02783203125,0.03369140625,0.921875,0.015869140625,True,C,0.13778162002563477,medmcqa_1,"['PBMD', 'TEXT', 'TEXT', 'TEXT', 'TEXT']","[468043370483885076, 468043370482373172, 468043370482373178, 468043370482372633, 468043370482372617]","[0.751487135887146, 0.7488704919815063, 0.7462995648384094, 0.7456602454185486, 0.7305021286010742]"
ad5ec8c2-dd73-4a3e-8904-8675c689bca2,Biochemistry,0.12255859375,0.057861328125,0.80078125,0.02001953125,True,C,0.10537576675415039,medmcqa_1,"['STAT', 'PBMD', 'PBMD', 'PBMD', 'STAT']","[468043370483079693, 468043370483362478, 468043370483265376, 468043370483404068, 468043370483079690]","[0.8310436010360718, 0.8006696105003357, 0.7978661060333252, 0.8186469674110413, 0.7966191172599792]"
2c0bfd6d-2451-4961-8155-6c0a739e7f1c,Biochemistry,0.031005859375,0.032958984375,0.08447265625,0.8515625,True,D,0.1071784496307373,medmcqa_1,"['TEXT', 'TEXT', 'TEXT', 'TEXT', 'TEXT']","[468043370482381000, 468043370482375795, 468043370482375792, 468043370482375799, 468043370482375798]","[0.8059239387512207, 0.7807247042655945, 0.8071066737174988, 0.791956901550293, 0.7984846830368042]"
c36f9d0a-bcf4-44c2-93ef-0f83d3387664,Biochemistry,0.1611328125,0.01409912109375,0.00665283203125,0.81640625,True,D,0.12401247024536133,medmcqa_1,"['TEXT', 'STAT', 'PBMD', 'TEXT', 'TEXT']","[468043370482373001, 468043370483030500, 468043370483230141, 468043370482394423, 468043370482428930]","[0.809973955154419, 0.7537314295768738, 0.7798815965652466, 0.737852931022644, 0.7662481069564819]"
9ca33423-8e19-4c59-9f3b-c4240d97ee3e,Biochemistry,0.8046875,0.0242919921875,0.01300048828125,0.158203125,True,A,0.12070322036743164,medmcqa_1,"['STAT', 'STAT', 'STAT', 'TEXT', 'TEXT']","[468043370482561407, 468043370482561401, 468043370482824745, 468043370482373173, 468043370482373172]","[0.8489784598350525, 0.8276326656341553, 0.8559126853942871, 0.7474905848503113, 0.7496365308761597]"
3624dceb-9318-4aa7-add1-b4c2fbac3065,Biochemistry,0.984375,0.015869140625,0.00122833251953125,0.0003299713134765625,True,A,0.1441037654876709,medmcqa_1,"['TEXT', 'STAT', 'PBMD', 'TEXT', 'PBMD']","[468043370482373599, 468043370482935092, 468043370483652849, 468043370482372652, 468043370484021882]","[0.773417592048645, 0.7587245106697083, 0.757458508014679, 0.7356360554695129, 0.7754179835319519]"
6167ceda-f896-4511-a570-ae19f725e1e7,Biochemistry,0.001800537109375,0.99609375,0.00140380859375,0.0023193359375,True,B,0.13785266876220703,medmcqa_1,"['PBMD', 'PBMD', 'STAT', 'STAT', 'PBMD']","[468043370483563223, 468043370483252053, 468043370483075183, 468043370482941870, 468043370483451331]","[0.7677345871925354, 0.7660175561904907, 0.719017505645752, 0.7283437252044678, 0.7639466524124146]"
c2b92bd3-f89c-429e-be8d-25d2d6c5806e,Biochemistry,0.00141143798828125,1.0,0.00040435791015625,0.00010204315185546875,True,B,0.12399935722351074,medmcqa_1,"['STAT', 'STAT', 'STAT', 'STAT', 'PBMD']","[468043370483017557, 468043370483017545, 468043370483017520, 468043370483017548, 468043370483114754]","[0.8098407983779907, 0.8328828811645508, 0.7961525917053223, 0.7746530771255493, 0.7925799489021301]"
4bfec2de-e6e7-41c6-bbe9-3dc864f9d719,Biochemistry,0.0089111328125,0.024169921875,0.96484375,0.000606536865234375,True,C,0.10526514053344727,medmcqa_1,"['STAT', 'TEXT', 'TEXT', 'STAT', 'TEXT']","[468043370483007275, 468043370482373934, 468043370482374151, 468043370483031321, 468043370482468720]","[0.7664869427680969, 0.7549682259559631, 0.7812015414237976, 0.7815283536911011, 0.7507746815681458]"
31b780dc-dc96-470b-a6be-55d4b668ba51,Biochemistry,0.98046875,0.01397705078125,0.0037689208984375,0.000614166259765625,True,A,0.1060025691986084,medmcqa_1,"['STAT', 'STAT', 'STAT', 'STAT', 'STAT']","[468043370482987176, 468043370482987159, 468043370482987165, 468043370482987168, 468043370482987170]","[0.7544598579406738, 0.7423056960105896, 0.7449957132339478, 0.738808274269104, 0.731852114200592]"
f1b944e7-35c7-4ae3-aea7-3cd1d32e5249,Biochemistry,0.0213623046875,0.0107421875,0.96875,0.000644683837890625,True,C,0.11029672622680664,medmcqa_1,"['TEXT', 'STAT', 'PBMD', 'STAT', 'STAT']","[468043370482460380, 468043370483036794, 468043370483443232, 468043370483036807, 468043370483036792]","[0.7512238621711731, 0.7730254530906677, 0.7454396486282349, 0.7411712408065796, 0.7434049248695374]"
399563b2-ad18-41a9-82bc-3d49e1642fd9,Biochemistry,0.1171875,0.55859375,0.2060546875,0.1171875,False,C,0.10166287422180176,medmcqa_1,"['STAT', 'STAT', 'PBMD', 'PBMD', 'STAT']","[468043370482504056, 468043370482497350, 468043370484010384, 468043370483470174, 468043370482777551]","[0.7481207847595215, 0.7544378638267517, 0.7643657326698303, 0.7852558493614197, 0.7480577826499939]"
0ae79405-095f-47c3-8fa6-e61495e66324,Biochemistry,0.15234375,0.2353515625,0.0103759765625,0.6015625,True,D,0.14622235298156738,medmcqa_1,"['TEXT', 'STAT', 'TEXT', 'PBMD', 'STAT']","[468043370482373125, 468043370482910549, 468043370482372602, 468043370483082297, 468043370482779592]","[0.7117541432380676, 0.7240710854530334, 0.7392041087150574, 0.7128740549087524, 0.709614098072052]"
9bf68fe9-789d-4021-aaf4-d39fa49b302c,Biochemistry,0.99609375,0.00150299072265625,0.000335693359375,0.00016880035400390625,True,A,0.09372091293334961,medmcqa_1,"['STAT', 'STAT', 'STAT', 'STAT', 'STAT']","[468043370483058406, 468043370483022793, 468043370482983227, 468043370482918271, 468043370482948148]","[0.7634292244911194, 0.7757315635681152, 0.7607446312904358, 0.7929113507270813, 0.7912241816520691]"
e1cf9f3f-2fd8-40e3-96c3-1a6ecb016b22,Physiology,0.365234375,0.322265625,0.059814453125,0.251953125,True,A,0.11870718002319336,medmcqa_1,"['STAT', 'TEXT', 'TEXT', 'TEXT', 'STAT']","[468043370482938456, 468043370482427381, 468043370482437922, 468043370482437906, 468043370482963971]","[0.7339236736297607, 0.73590487241745, 0.7488129734992981, 0.7330508828163147, 0.7393218874931335]"
5a4d6226-a00e-45c0-bc74-5b1c718b1620,Physiology,0.9921875,0.004058837890625,0.0012359619140625,0.000583648681640625,True,A,0.10960912704467773,medmcqa_1,"['STAT', 'STAT', 'STAT', 'PBMD', 'TEXT']","[468043370482561056, 468043370482785499, 468043370482935271, 468043370483915373, 468043370482474852]","[0.7558091878890991, 0.7533254623413086, 0.7233412861824036, 0.7585543990135193, 0.7595248222351074]"
0b1e3ca7-b56b-4c9c-a660-2ff1a12393b1,Physiology,0.0157470703125,0.97265625,0.0084228515625,0.0022735595703125,True,B,0.13585638999938965,medmcqa_1,"['PBMD', 'PBMD', 'PBMD', 'PBMD', 'PBMD']","[468043370483550968, 468043370483752701, 468043370484026668, 468043370483560313, 468043370483160299]","[0.7424747347831726, 0.7220050692558289, 0.7177157402038574, 0.7251129150390625, 0.7207905650138855]"
6bfb7ced-ef9e-4df7-ae35-ce5699bbc7a5,Physiology,0.1044921875,0.1728515625,0.640625,0.08154296875,True,C,0.14605355262756348,medmcqa_1,"['PBMD', 'TEXT', 'PBMD', 'PBMD', 'TEXT']","[468043370483956557, 468043370482391805, 468043370483257348, 468043370483959849, 468043370482378917]","[0.7595069408416748, 0.7567241787910461, 0.7577168941497803, 0.7802469730377197, 0.735310971736908]"
7c8d5c20-9868-406d-a987-2d8027acffa1,Physiology,0.0177001953125,0.8515625,0.1083984375,0.022705078125,True,B,0.10671114921569824,medmcqa_1,"['STAT', 'STAT', 'TEXT', 'STAT', 'STAT']","[468043370482827170, 468043370482786295, 468043370482421192, 468043370482838483, 468043370482839058]","[0.8189001083374023, 0.7595100998878479, 0.7287030816078186, 0.75357985496521, 0.7478154301643372]"
c5641329-23a5-4f95-a7c9-3be2882bcbcf,Physiology,0.04345703125,0.0634765625,0.875,0.0181884765625,True,C,0.10119390487670898,medmcqa_1,"['STAT', 'STAT', 'STAT', 'PBMD', 'STAT']","[468043370483033529, 468043370483078107, 468043370482928517, 468043370483841680, 468043370483046364]","[0.7509654760360718, 0.7677772641181946, 0.7764867544174194, 0.7353713512420654, 0.7405827641487122]"
261c602e-7e6f-4cf8-9231-13182b2db849,Physiology,0.345703125,0.208984375,0.2373046875,0.208984375,False,B,0.1198272705078125,medmcqa_1,"['STAT', 'STAT', 'TEXT', 'TEXT', 'STAT']","[468043370483068860, 468043370482785231, 468043370482467889, 468043370482472824, 468043370482561570]","[0.7554599046707153, 0.7436717748641968, 0.7342585921287537, 0.7527241706848145, 0.7589311599731445]"
64400a13-aab9-46fd-8609-ac725bb8e72e,Physiology,0.041015625,0.5,0.390625,0.06787109375,False,C,0.12616419792175293,medmcqa_1,"['STAT', 'TEXT', 'TEXT', 'PBMD', 'TEXT']","[468043370483015713, 468043370482475982, 468043370482475737, 468043370483469859, 468043370482475988]","[0.8008593320846558, 0.789911150932312, 0.7636187076568604, 0.747753381729126, 0.7476150393486023]"
ef7dd5a4-386f-45e2-aa47-b2e9835f7169,Physiology,0.1826171875,0.091796875,0.049072265625,0.67578125,True,D,0.10680198669433594,medmcqa_1,"['TEXT', 'TEXT', 'STAT', 'STAT', 'STAT']","[468043370482473363, 468043370482473578, 468043370482785883, 468043370482914952, 468043370482828966]","[0.7115182876586914, 0.740478515625, 0.7275975942611694, 0.7545781135559082, 0.7180800437927246]"
7bc79566-0465-4612-a072-878afe214190,Physiology,0.0040283203125,0.004852294921875,0.984375,0.005859375,True,C,0.10678720474243164,medmcqa_1,"['STAT', 'TEXT', 'TEXT', 'STAT', 'STAT']","[468043370482933806, 468043370482473131, 468043370482473113, 468043370482888973, 468043370482792932]","[0.7632201313972473, 0.7967809438705444, 0.7731118202209473, 0.7907022833824158, 0.778805673122406]"
7d9967cf-83ed-4796-be25-4c0637193d4c,Physiology,0.04150390625,0.9453125,0.00677490234375,0.0072021484375,True,B,0.11379098892211914,medmcqa_1,"['TEXT', 'TEXT', 'TEXT', 'STAT', 'TEXT']","[468043370482472850, 468043370482472897, 468043370482377256, 468043370482865963, 468043370482377259]","[0.7772921919822693, 0.7734389305114746, 0.7685741186141968, 0.7691060304641724, 0.7754098773002625]"
75037cd8-82e0-4544-b8b4-39b0c3c894e8,Physiology,0.1748046875,0.025146484375,0.0162353515625,0.78515625,True,D,0.11742877960205078,medmcqa_1,"['PBMD', 'PBMD', 'STAT', 'PBMD', 'STAT']","[468043370483536607, 468043370483624663, 468043370482999435, 468043370483292705, 468043370482999440]","[0.8013014197349548, 0.7884282469749451, 0.7843300700187683, 0.7640753984451294, 0.7626074552536011]"
4eb2c660-2893-450f-957c-536b6a6f9b3d,Physiology,0.119140625,0.3671875,0.470703125,0.043701171875,True,C,0.11756753921508789,medmcqa_1,"['PBMD', 'PBMD', 'PBMD', 'PBMD', 'STAT']","[468043370484093761, 468043370483700268, 468043370483502794, 468043370483620727, 468043370482773015]","[0.7647708654403687, 0.7665752172470093, 0.767577052116394, 0.7734403610229492, 0.7344195246696472]"
6f4e74ac-0e46-463b-9a42-f9439b6f7851,Physiology,0.28515625,0.15234375,0.365234375,0.1962890625,True,C,0.1239321231842041,medmcqa_1,"['STAT', 'STAT', 'STAT', 'STAT', 'PBMD']","[468043370482774066, 468043370482870879, 468043370482516330, 468043370482516278, 468043370483549252]","[0.839017927646637, 0.8117927312850952, 0.8182287812232971, 0.8060301542282104, 0.8157272338867188]"
17d49a43-a8cf-43c9-9c9e-70a42e741af1,Physiology,0.07080078125,0.7578125,0.080078125,0.0908203125,False,A,0.09152746200561523,medmcqa_1,"['PBMD', 'PBMD', 'PBMD', 'PBMD', 'STAT']","[468043370483765479, 468043370483842819, 468043370484076963, 468043370483482210, 468043370483007045]","[0.7342140078544617, 0.7553112506866455, 0.7357501983642578, 0.7442581653594971, 0.7338098287582397]"
108d98b3-bf9a-4d0b-92f0-3736950e4c20,Physiology,0.8046875,0.1689453125,0.0017547607421875,0.02587890625,False,B,0.10325026512145996,medmcqa_1,"['STAT', 'STAT', 'STAT', 'STAT', 'PBMD']","[468043370483006074, 468043370483000758, 468043370482505141, 468043370483034844, 468043370483816026]","[0.8418697714805603, 0.8325980305671692, 0.8161846399307251, 0.8223603963851929, 0.7719824314117432]"
31d2fae2-b491-4feb-b871-d889d9ac4efe,Physiology,0.0703125,0.91015625,0.01300048828125,0.0069580078125,False,A,0.10316777229309082,medmcqa_1,"['PBMD', 'STAT', 'TEXT', 'STAT', 'STAT']","[468043370483544702, 468043370482938804, 468043370482473579, 468043370482791854, 468043370482791862]","[0.74210125207901, 0.7592587471008301, 0.7281216979026794, 0.7374905943870544, 0.7399702072143555]"
c6365cce-507c-40f6-90a2-46b867f47b6e,Physiology,0.0400390625,0.03515625,0.85546875,0.0703125,True,C,0.1094810962677002,medmcqa_1,"['STAT', 'STAT', 'TEXT', 'PBMD', 'TEXT']","[468043370483065733, 468043370483065744, 468043370482393228, 468043370483965677, 468043370482393229]","[0.7581781148910522, 0.7239254713058472, 0.7430133819580078, 0.7612979412078857, 0.7413004636764526]"
833ba236-ccb4-44d5-ba31-865de41488a5,Physiology,0.458984375,0.19140625,0.1318359375,0.216796875,False,D,0.09955263137817383,medmcqa_1,"['STAT', 'STAT', 'STAT', 'PBMD', 'STAT']","[468043370482850234, 468043370482872935, 468043370482881305, 468043370483225840, 468043370483018561]","[0.787627637386322, 0.7385686635971069, 0.7747333645820618, 0.7594060301780701, 0.7407747507095337]"
37c2d828-130c-4ebd-ae35-03c852064141,Physiology,0.019775390625,0.94921875,0.01055908203125,0.0185546875,True,B,0.14367032051086426,medmcqa_1,"['PBMD', 'TEXT', 'STAT', 'TEXT', 'TEXT']","[468043370483360032, 468043370482372322, 468043370482809393, 468043370482408838, 468043370482372350]","[0.7537543177604675, 0.7296187877655029, 0.7415461540222168, 0.730613648891449, 0.7500678300857544]"
a05c8cf2-b0bc-496e-b5fd-51467952e2ca,Gynaecology & Obstetrics,0.07080078125,0.1806640625,0.6328125,0.11669921875,False,D,0.0993351936340332,medmcqa_1,"['STAT', 'STAT', 'PBMD', 'TEXT', 'TEXT']","[468043370482990650, 468043370482558143, 468043370483677860, 468043370482415228, 468043370482415229]","[0.7851095795631409, 0.7625734806060791, 0.7772698402404785, 0.7535801529884338, 0.7753000259399414]"
2fad53ed-ad7b-4194-8316-7fd39b1089a4,Gynaecology & Obstetrics,0.078125,0.1005859375,0.7421875,0.078125,True,C,0.12152791023254395,medmcqa_1,"['TEXT', 'TEXT', 'TEXT', 'STAT', 'STAT']","[468043370482415275, 468043370482454630, 468043370482462337, 468043370482524900, 468043370482817473]","[0.7659198641777039, 0.8396690487861633, 0.7828155755996704, 0.7849130630493164, 0.7885578870773315]"
6004baf5-e4da-4d48-915d-e1bd251c936e,Gynaecology & Obstetrics,0.265625,0.33984375,0.234375,0.1611328125,False,A,0.10241460800170898,medmcqa_1,"['STAT', 'TEXT', 'STAT', 'STAT', 'STAT']","[468043370482862428, 468043370482449763, 468043370482870264, 468043370482871133, 468043370482822908]","[0.7412427067756653, 0.7216843962669373, 0.7080954909324646, 0.7119525074958801, 0.7119398713111877]"
5682860b-5ef4-4c1d-88b4-eb81546548ba,Gynaecology & Obstetrics,0.09228515625,0.322265625,0.171875,0.4140625,False,A,0.10962295532226562,medmcqa_1,"['TEXT', 'STAT', 'PBMD', 'STAT', 'PBMD']","[468043370482405733, 468043370482563447, 468043370483138710, 468043370482563445, 468043370483152561]","[0.7947421669960022, 0.7354802489280701, 0.8399584293365479, 0.741394579410553, 0.8240243196487427]"
e5e1f694-5bce-4ea7-8d47-b629076533e1,Gynaecology & Obstetrics,0.03125,0.080078125,0.80859375,0.080078125,True,C,0.10683608055114746,medmcqa_1,"['STAT', 'STAT', 'TEXT', 'PBMD', 'STAT']","[468043370482842289, 468043370483009626, 468043370482462143, 468043370484097480, 468043370482852473]","[0.7216464877128601, 0.728995680809021, 0.7342323064804077, 0.7870774269104004, 0.7144187688827515]"
c839b148-d464-4420-9f5d-d66be78d0fd5,Gynaecology & Obstetrics,0.01007080078125,0.0146484375,0.90625,0.06982421875,True,C,0.1439495086669922,medmcqa_1,"['STAT', 'STAT', 'PBMD', 'PBMD', 'TEXT']","[468043370482992712, 468043370482863647, 468043370483928352, 468043370483674500, 468043370482407770]","[0.8060716986656189, 0.8071964383125305, 0.7784391641616821, 0.7603186964988708, 0.7491302490234375]"
6e74627b-cb5d-44f2-8200-d62bfa69ec85,Gynaecology & Obstetrics,0.06787109375,0.036376953125,0.8828125,0.0125732421875,True,C,0.1096334457397461,medmcqa_1,"['PBMD', 'TEXT', 'TEXT', 'PBMD', 'TEXT']","[468043370483724399, 468043370482370457, 468043370482385427, 468043370483509086, 468043370482370458]","[0.7870581150054932, 0.7477433085441589, 0.7471440434455872, 0.7726287841796875, 0.7668925523757935]"
ade05b67-b4f5-433b-8433-d74e009763cd,Gynaecology & Obstetrics,0.0196533203125,0.9453125,0.010498046875,0.023681640625,False,A,0.1441028118133545,medmcqa_1,"['STAT', 'PBMD', 'STAT', 'STAT', 'TEXT']","[468043370482820276, 468043370483898653, 468043370482904369, 468043370482904365, 468043370482451603]","[0.7447651624679565, 0.7857094407081604, 0.7437527179718018, 0.7295661568641663, 0.801586925983429]"
641830d8-81c8-4a90-abaf-1d0fc4de838d,Gynaecology & Obstetrics,0.30078125,0.2353515625,0.076171875,0.38671875,True,D,0.1219632625579834,medmcqa_1,"['PBMD', 'TEXT', 'PBMD', 'STAT', 'PBMD']","[468043370483895587, 468043370482385567, 468043370483859723, 468043370482561218, 468043370483817192]","[0.7835036516189575, 0.7697513103485107, 0.7849185466766357, 0.7777360081672668, 0.7895997166633606]"
24ee7b54-bd3e-4152-9a09-3fe73f3cfcfe,Gynaecology & Obstetrics,0.0306396484375,0.005645751953125,0.011962890625,0.953125,False,A,0.1443636417388916,medmcqa_1,"['PBMD', 'STAT', 'PBMD', 'PBMD', 'STAT']","[468043370483514598, 468043370482526203, 468043370483684630, 468043370484003536, 468043370483005007]","[0.7512192726135254, 0.7684551477432251, 0.7515460252761841, 0.7607102394104004, 0.7773573398590088]"
adfb47b8-d96c-4e96-8ada-389755a65d4e,Gynaecology & Obstetrics,0.1416015625,0.8125,0.026123046875,0.0191650390625,False,D,0.11969494819641113,medmcqa_1,"['STAT', 'TEXT', 'STAT', 'STAT', 'PBMD']","[468043370482899028, 468043370482401292, 468043370482983777, 468043370483015704, 468043370483744681]","[0.8031756281852722, 0.7934898734092712, 0.7897253036499023, 0.8217047452926636, 0.7913525104522705]"
89e0b62e-fa1d-4964-8870-d57cb8b871f4,Gynaecology & Obstetrics,0.2109375,0.65234375,0.060546875,0.07763671875,True,B,0.09780359268188477,medmcqa_1,"['STAT', 'STAT', 'TEXT', 'STAT', 'TEXT']","[468043370483002149, 468043370483002150, 468043370482446174, 468043370482513566, 468043370482453529]","[0.7954133749008179, 0.7569931745529175, 0.7802467346191406, 0.7901337742805481, 0.784631073474884]"
77997eca-fce9-4840-916d-b373c61c411d,Gynaecology & Obstetrics,0.306640625,0.39453125,0.1865234375,0.11279296875,False,C,0.12007761001586914,medmcqa_1,"['STAT', 'TEXT', 'PBMD', 'PBMD', 'STAT']","[468043370483020485, 468043370482450879, 468043370483833122, 468043370483741051, 468043370482510458]","[0.740689754486084, 0.8077249526977539, 0.7578409910202026, 0.7559619545936584, 0.7486071586608887]"
6a0892ca-db19-4c27-9057-2bf9171e9469,Gynaecology & Obstetrics,0.0128173828125,0.95703125,0.00238037109375,0.0272216796875,True,B,0.09616661071777344,medmcqa_1,"['STAT', 'TEXT', 'STAT', 'STAT', 'STAT']","[468043370482906431, 468043370482449401, 468043370482865613, 468043370482814801, 468043370482820273]","[0.8141027688980103, 0.7836928963661194, 0.7753047347068787, 0.7769606113433838, 0.7986870408058167]"
3e736802-2e0b-405c-b429-eac535efb755,Gynaecology & Obstetrics,0.375,0.15625,0.291015625,0.1767578125,False,D,0.12149429321289062,medmcqa_1,"['TEXT', 'PBMD', 'PBMD', 'PBMD', 'TEXT']","[468043370482447867, 468043370483125337, 468043370483667953, 468043370483726297, 468043370482447870]","[0.7694181799888611, 0.776971161365509, 0.7929094433784485, 0.759849488735199, 0.756698727607727]"
b7b14d8f-2501-431e-afcd-e8b43dfb39f1,Gynaecology & Obstetrics,0.51171875,0.10693359375,0.03271484375,0.349609375,True,A,0.10122036933898926,medmcqa_1,"['TEXT', 'STAT', 'TEXT', 'PBMD', 'TEXT']","[468043370482462417, 468043370483014708, 468043370482462416, 468043370483099346, 468043370482384470]","[0.7752244472503662, 0.7625937461853027, 0.7434012293815613, 0.7751652598381042, 0.7404103875160217]"
c18807a9-ccf8-40f5-8b11-9e2c8b789c3e,Gynaecology & Obstetrics,0.1796875,0.26171875,0.296875,0.26171875,False,B,0.14669299125671387,medmcqa_1,"['TEXT', 'TEXT', 'PBMD', 'PBMD', 'TEXT']","[468043370482389573, 468043370482451968, 468043370484049824, 468043370483747443, 468043370482452155]","[0.7275761961936951, 0.7144782543182373, 0.737679660320282, 0.7383385300636292, 0.7218438982963562]"
9ccd0247-2723-4707-b569-ca0402842cd9,Gynaecology & Obstetrics,0.236328125,0.5,0.236328125,0.0281982421875,True,B,0.10731244087219238,medmcqa_1,"['STAT', 'STAT', 'TEXT', 'STAT', 'TEXT']","[468043370482509397, 468043370482787455, 468043370482428423, 468043370482787465, 468043370482462397]","[0.7262936234474182, 0.7363494634628296, 0.7347576022148132, 0.7275159358978271, 0.7293312549591064]"
aa32b0f3-dd63-455c-8de0-9fd429edfd20,Gynaecology & Obstetrics,0.62890625,0.045654296875,0.26171875,0.062255859375,True,A,0.09766316413879395,medmcqa_1,"['PBMD', 'PBMD', 'PBMD', 'PBMD', 'PBMD']","[468043370483449815, 468043370483855804, 468043370483468749, 468043370484076444, 468043370483403335]","[0.8264455795288086, 0.8090367317199707, 0.8205041289329529, 0.8220449090003967, 0.8117003440856934]"
41b7f0c0-744e-41fd-ae2b-13fc6a741347,Gynaecology & Obstetrics,0.416015625,0.134765625,0.1962890625,0.251953125,True,A,0.1130366325378418,medmcqa_1,"['STAT', 'STAT', 'STAT', 'STAT', 'STAT']","[468043370482998971, 468043370482998953, 468043370482888835, 468043370483046539, 468043370482532890]","[0.7525138854980469, 0.7362996339797974, 0.7576586008071899, 0.7298124432563782, 0.726714015007019]"
6b76c9ea-e2bf-48c6-8d3b-053f0f101ecb,Radiology,0.0361328125,0.012451171875,0.0205078125,0.9296875,True,D,0.10298490524291992,medmcqa_1,"['PBMD', 'PBMD', 'PBMD', 'PBMD', 'PBMD']","[468043370483869203, 468043370483212101, 468043370483539872, 468043370483631676, 468043370483214109]","[0.7939714193344116, 0.7926210761070251, 0.7905301451683044, 0.7863872051239014, 0.7861728668212891]"
74a4b01c-7f65-4cdf-a9c8-5b0d6989171e,Radiology,0.77734375,0.173828125,0.0322265625,0.01519775390625,True,A,0.11629343032836914,medmcqa_1,"['PBMD', 'STAT', 'PBMD', 'STAT', 'TEXT']","[468043370483266976, 468043370482777008, 468043370483720107, 468043370482808571, 468043370482414215]","[0.76048344373703, 0.7410414218902588, 0.7668499946594238, 0.7550870180130005, 0.7100387811660767]"
e750cd52-447e-4ae7-9948-156375e177bb,Radiology,0.07421875,0.045166015625,0.130859375,0.75,False,A,0.10677599906921387,medmcqa_1,"['PBMD', 'STAT', 'STAT', 'PBMD', 'STAT']","[468043370483766011, 468043370482544678, 468043370482547498, 468043370483148017, 468043370482827291]","[0.7703245878219604, 0.7687939405441284, 0.7615364193916321, 0.7744163870811462, 0.7567114233970642]"
9a21d76c-9104-4bd2-be55-a37c3b71c0f5,Radiology,0.26171875,0.71484375,0.0079345703125,0.0167236328125,False,A,0.09617877006530762,medmcqa_1,"['STAT', 'TEXT', 'STAT', 'PBMD', 'TEXT']","[468043370482802463, 468043370482456411, 468043370482775691, 468043370483717113, 468043370482427673]","[0.7438758611679077, 0.7605318427085876, 0.7744048237800598, 0.8027238249778748, 0.7749382853507996]"
63c52b21-f814-4a6d-ac11-a719fffebfd3,Radiology,0.107421875,0.146484375,0.65625,0.0888671875,False,B,0.10179352760314941,medmcqa_1,"['STAT', 'STAT', 'STAT', 'STAT', 'STAT']","[468043370482952603, 468043370483054538, 468043370482523159, 468043370483048812, 468043370482858783]","[0.759227454662323, 0.7457440495491028, 0.7635827660560608, 0.7754368185997009, 0.7414330244064331]"
c03c5c4d-5433-4515-a343-12c7f0ea1e07,Radiology,0.203125,0.333984375,0.259765625,0.203125,False,D,0.1440744400024414,medmcqa_1,"['STAT', 'PBMD', 'TEXT', 'PBMD', 'PBMD']","[468043370482997824, 468043370483212505, 468043370482369221, 468043370483727150, 468043370483518198]","[0.7001753449440002, 0.7384653091430664, 0.7374773025512695, 0.7742152214050293, 0.7483773231506348]"
27172e24-cd06-4dc8-b00b-0a378fcc9a36,Radiology,0.1962890625,0.01953125,0.77734375,0.005584716796875,True,C,0.11678719520568848,medmcqa_1,"['PBMD', 'PBMD', 'STAT', 'PBMD', 'STAT']","[468043370483459698, 468043370483214454, 468043370482507048, 468043370483510286, 468043370482873522]","[0.7939105033874512, 0.7861953973770142, 0.7291460037231445, 0.7697234749794006, 0.7230830192565918]"
dd0e6433-1998-4d01-bd39-8c64bfa0dd4f,Radiology,0.396484375,0.166015625,0.291015625,0.146484375,True,A,0.10684037208557129,medmcqa_1,"['PBMD', 'TEXT', 'PBMD', 'PBMD', 'STAT']","[468043370483963650, 468043370482463176, 468043370483449343, 468043370484022758, 468043370482977447]","[0.7665050625801086, 0.7311524748802185, 0.7514594793319702, 0.7527360916137695, 0.751728892326355]"
9078aaca-bbfd-41cd-ad69-03057fca84ba,Radiology,0.34765625,0.2392578125,0.064453125,0.34765625,True,A,0.12383651733398438,medmcqa_1,"['PBMD', 'TEXT', 'PBMD', 'PBMD', 'STAT']","[468043370483867168, 468043370482487557, 468043370484116654, 468043370483869452, 468043370482884134]","[0.7538902163505554, 0.7394555807113647, 0.7762137055397034, 0.7871617674827576, 0.794806718826294]"
dbd24ee5-8032-4316-9330-fe831f819c40,Radiology,0.2041015625,0.12353515625,0.62890625,0.04541015625,False,A,0.10819721221923828,medmcqa_1,"['PBMD', 'PBMD', 'PBMD', 'PBMD', 'PBMD']","[468043370483539872, 468043370483869203, 468043370483540447, 468043370483214109, 468043370483631676]","[0.788459062576294, 0.7894830703735352, 0.7636768221855164, 0.7826751470565796, 0.7981059551239014]"
dde225f7-adf4-41e8-afe5-f12ab7801578,Radiology,0.0224609375,0.002685546875,0.953125,0.019775390625,True,C,0.11697578430175781,medmcqa_1,"['PBMD', 'STAT', 'STAT', 'STAT', 'PBMD']","[468043370483765346, 468043370482930082, 468043370483016519, 468043370483005046, 468043370484111069]","[0.7629690766334534, 0.807204008102417, 0.7831085920333862, 0.7417759299278259, 0.7626335620880127]"
ef35d544-203c-4f85-bfe7-a04f8bae3e96,Radiology,0.062255859375,0.020263671875,0.71484375,0.2041015625,True,C,0.09815359115600586,medmcqa_1,"['PBMD', 'STAT', 'STAT', 'TEXT', 'PBMD']","[468043370484002598, 468043370483069514, 468043370482903859, 468043370482403287, 468043370483597736]","[0.7618740200996399, 0.7702457308769226, 0.7724487781524658, 0.7919957637786865, 0.793801486492157]"
9e52adfd-3abb-43d2-9fd8-718351feed62,Radiology,0.01507568359375,0.09814453125,0.875,0.0103759765625,True,C,0.1065053939819336,medmcqa_1,"['STAT', 'TEXT', 'PBMD', 'STAT', 'TEXT']","[468043370483021355, 468043370482417957, 468043370483433572, 468043370482534991, 468043370482417955]","[0.6763795614242554, 0.705177903175354, 0.7352210879325867, 0.6882879137992859, 0.697309672832489]"
a456bf4d-1f3e-42a4-8976-b1b81ff466ee,Radiology,0.263671875,0.298828125,0.205078125,0.232421875,False,C,0.12030172348022461,medmcqa_1,"['PBMD', 'PBMD', 'PBMD', 'PBMD', 'STAT']","[468043370483783379, 468043370483643928, 468043370483764665, 468043370483751461, 468043370482949210]","[0.7437363266944885, 0.7464994192123413, 0.7438157796859741, 0.738830029964447, 0.7090899348258972]"
679512f7-f5af-4b3a-b7a1-851938dec9c5,Radiology,0.0908203125,0.026123046875,0.01904296875,0.86328125,True,D,0.12434101104736328,medmcqa_1,"['PBMD', 'PBMD', 'PBMD', 'PBMD', 'PBMD']","[468043370483093070, 468043370483742728, 468043370483507982, 468043370483128474, 468043370483124256]","[0.8041105270385742, 0.7593296766281128, 0.7689321041107178, 0.766987144947052, 0.7641037702560425]"
5c97e587-2436-40b2-9f70-6f08a903d543,Radiology,0.05712890625,0.04443359375,0.89453125,0.003662109375,False,D,0.09617161750793457,medmcqa_1,"['PBMD', 'PBMD', 'STAT', 'PBMD', 'PBMD']","[468043370483826308, 468043370483217818, 468043370482507050, 468043370483537395, 468043370483216235]","[0.818228006362915, 0.7921249866485596, 0.763324499130249, 0.8050626516342163, 0.7738286852836609]"
94f81251-43c1-4ba0-a67c-4f6412742774,Radiology,0.94921875,0.05029296875,0.00142669677734375,0.0003833770751953125,True,A,0.1189107894897461,medmcqa_1,"['STAT', 'STAT', 'STAT', 'STAT', 'STAT']","[468043370483063536, 468043370483063535, 468043370483063537, 468043370483031216, 468043370482873516]","[0.7347670197486877, 0.7493464946746826, 0.7219719886779785, 0.7203955054283142, 0.6951776742935181]"
fad11cf2-c2ab-487b-b8bf-ad6d3b2b1713,Radiology,0.07177734375,0.0133056640625,0.03857421875,0.875,True,D,0.10474634170532227,medmcqa_1,"['PBMD', 'STAT', 'STAT', 'PBMD', 'STAT']","[468043370483539333, 468043370482895427, 468043370482870216, 468043370483764665, 468043370482497729]","[0.7990236282348633, 0.7828670740127563, 0.756418764591217, 0.7772929668426514, 0.7839353084564209]"
e22b0ef5-df61-4475-b22b-30f2932f90fe,Radiology,0.1484375,0.458984375,0.035400390625,0.357421875,True,B,0.12404966354370117,medmcqa_1,"['PBMD', 'PBMD', 'STAT', 'STAT', 'PBMD']","[468043370483507982, 468043370484046593, 468043370482953426, 468043370482953440, 468043370484054441]","[0.7496129870414734, 0.7585851550102234, 0.7467806339263916, 0.7411087155342102, 0.7634515762329102]"
ce05eb3a-dc89-4e3c-bc3d-859a9922e9f0,Radiology,0.037109375,0.00323486328125,0.95703125,0.003448486328125,True,C,0.10757660865783691,medmcqa_1,"['STAT', 'STAT', 'STAT', 'TEXT', 'STAT']","[468043370482560319, 468043370482560342, 468043370482947799, 468043370482459822, 468043370482947805]","[0.8093760013580322, 0.7281924486160278, 0.7563062906265259, 0.7641519904136658, 0.7582110166549683]"
b22457e3-c620-4a3d-bde1-0aa6e6c185a7,Psychiatry,0.0228271484375,0.06201171875,0.91015625,0.0032958984375,True,C,0.10471200942993164,medmcqa_1,"['TEXT', 'TEXT', 'TEXT', 'TEXT', 'PBMD']","[468043370482432552, 468043370482432553, 468043370482480051, 468043370482479934, 468043370483465524]","[0.6980809569358826, 0.6878253817558289, 0.7182541489601135, 0.6917446255683899, 0.7061851024627686]"
1338302d-2d9f-4d48-ac86-48f3c680594c,Psychiatry,0.08642578125,0.1826171875,0.72265625,0.0096435546875,True,C,0.12263154983520508,medmcqa_1,"['PBMD', 'PBMD', 'PBMD', 'PBMD', 'TEXT']","[468043370483765133, 468043370483653874, 468043370483619025, 468043370483275776, 468043370482401398]","[0.703456461429596, 0.6914631128311157, 0.6949865818023682, 0.7073507308959961, 0.6826553344726562]"
36eda6ec-6654-41ba-937b-60a3052e6c49,Psychiatry,0.21484375,0.031005859375,0.625,0.130859375,False,D,0.13624095916748047,medmcqa_1,"['TEXT', 'STAT', 'TEXT', 'TEXT', 'TEXT']","[468043370482445793, 468043370482934331, 468043370482436770, 468043370482445797, 468043370482437496]","[0.7689655423164368, 0.7390343546867371, 0.7436050772666931, 0.7263206839561462, 0.7341207265853882]"
c757d1c6-e17b-4b88-baa3-38720c1dd5eb,Psychiatry,0.07861328125,0.353515625,0.515625,0.05419921875,False,B,0.09850120544433594,medmcqa_1,"['PBMD', 'TEXT', 'TEXT', 'PBMD', 'STAT']","[468043370483489352, 468043370482480569, 468043370482385097, 468043370483340763, 468043370482819464]","[0.7000264525413513, 0.6792561411857605, 0.6681429743766785, 0.6912522315979004, 0.7046380043029785]"
97648c60-2ed9-4c8e-9142-48806639731a,Psychiatry,0.54296875,0.330078125,0.12158203125,0.0030364990234375,False,B,0.09187674522399902,medmcqa_1,"['PBMD', 'STAT', 'PBMD', 'PBMD', 'PBMD']","[468043370483234856, 468043370482873118, 468043370483245125, 468043370483803760, 468043370483478544]","[0.7451125383377075, 0.7950459718704224, 0.7482152581214905, 0.7814942598342896, 0.7981764674186707]"
2d98e8a0-829a-47ef-87e1-c6bbd54473a1,Psychiatry,0.02294921875,0.337890625,0.00958251953125,0.62890625,True,D,0.10151791572570801,medmcqa_1,"['STAT', 'STAT', 'STAT', 'STAT', 'TEXT']","[468043370483016566, 468043370483016571, 468043370483016567, 468043370483016572, 468043370482432509]","[0.8081074953079224, 0.7422211766242981, 0.7478834986686707, 0.7283875942230225, 0.7029439210891724]"
8729556c-a513-42d6-abc1-ed7f6c9ca397,Psychiatry,0.39453125,0.2392578125,0.306640625,0.060302734375,True,A,0.11177778244018555,medmcqa_1,"['STAT', 'STAT', 'PBMD', 'TEXT', 'TEXT']","[468043370482512265, 468043370482884894, 468043370483547865, 468043370482441966, 468043370482383155]","[0.711650550365448, 0.7203772068023682, 0.7360672950744629, 0.7105043530464172, 0.7070527672767639]"
85d37c8a-2bcc-48d9-bc5c-b63495f25ab3,Psychiatry,0.98828125,0.002166748046875,0.007537841796875,0.003143310546875,True,A,0.11966919898986816,medmcqa_1,"['TEXT', 'TEXT', 'STAT', 'PBMD', 'PBMD']","[468043370482436879, 468043370482436881, 468043370482797697, 468043370483872613, 468043370484046805]","[0.7890327572822571, 0.7925297021865845, 0.7614494562149048, 0.7556053400039673, 0.7519614696502686]"
7c9b4d7b-6290-430f-a097-96d88c65ecd8,Psychiatry,0.0140380859375,0.984375,0.0031280517578125,0.000396728515625,False,A,0.09666252136230469,medmcqa_1,"['PBMD', 'PBMD', 'PBMD', 'TEXT', 'TEXT']","[468043370483914069, 468043370483939257, 468043370483628846, 468043370482436628, 468043370482468329]","[0.7228657603263855, 0.7130310535430908, 0.715123176574707, 0.6813512444496155, 0.6701440215110779]"
5a2f9e25-3acb-4830-9f18-009480595be1,Psychiatry,0.01348876953125,0.14453125,0.0076904296875,0.83203125,True,D,0.09970879554748535,medmcqa_1,"['STAT', 'STAT', 'STAT', 'STAT', 'TEXT']","[468043370483016566, 468043370483023707, 468043370483016571, 468043370483016567, 468043370482432507]","[0.79192054271698, 0.7190536856651306, 0.7629023194313049, 0.757090151309967, 0.7415154576301575]"
937dd47d-2d03-4bb7-a36d-d82a58f565d5,Psychiatry,0.11474609375,0.74609375,0.0225830078125,0.11474609375,True,B,0.12215328216552734,medmcqa_1,"['PBMD', 'PBMD', 'PBMD', 'TEXT', 'PBMD']","[468043370483537149, 468043370483406127, 468043370484110595, 468043370482388669, 468043370484034336]","[0.8006917238235474, 0.8251259326934814, 0.7858440279960632, 0.7668687105178833, 0.7976828217506409]"
f361defb-1a36-496f-b195-9dcb6bb31ea5,Psychiatry,0.5625,0.30078125,0.07568359375,0.06298828125,True,A,0.12394285202026367,medmcqa_1,"['PBMD', 'PBMD', 'TEXT', 'STAT', 'PBMD']","[468043370484100024, 468043370483081311, 468043370482401417, 468043370483073073, 468043370483878051]","[0.769262969493866, 0.7803469896316528, 0.768094539642334, 0.7497334480285645, 0.7721369862556458]"
af75fc76-911b-48da-9ca0-75a8c912c18b,Psychiatry,0.00180816650390625,0.99609375,0.00140380859375,0.0002593994140625,True,B,0.10269284248352051,medmcqa_1,"['TEXT', 'STAT', 'PBMD', 'PBMD', 'STAT']","[468043370482401402, 468043370482531678, 468043370483303935, 468043370483276930, 468043370482834341]","[0.761228084564209, 0.6973867416381836, 0.7207857370376587, 0.7105093002319336, 0.689699113368988]"
f19f48e2-8706-4f8b-bca5-66c3000f7b27,Psychiatry,0.038818359375,0.0125732421875,0.0086669921875,0.94140625,True,D,0.11017584800720215,medmcqa_1,"['PBMD', 'PBMD', 'TEXT', 'TEXT', 'TEXT']","[468043370483463266, 468043370484045582, 468043370482478375, 468043370482478312, 468043370482478379]","[0.7316707372665405, 0.7618541717529297, 0.735310971736908, 0.7069829702377319, 0.7209026217460632]"
e99aa66e-4f63-4a4a-afc7-49c96eb9540c,Psychiatry,0.08203125,0.60546875,0.26953125,0.041259765625,True,B,0.0899055004119873,medmcqa_1,"['PBMD', 'STAT', 'STAT', 'STAT', 'STAT']","[468043370483507993, 468043370482922819, 468043370482886232, 468043370482931370, 468043370482931372]","[0.7497233152389526, 0.734268069267273, 0.734268069267273, 0.7342679500579834, 0.7609533071517944]"
bdc34663-b39a-47bb-b034-7f804e437c09,Psychiatry,0.95703125,0.027099609375,0.01544189453125,0.0010528564453125,True,A,0.10961341857910156,medmcqa_1,"['PBMD', 'PBMD', 'STAT', 'PBMD', 'PBMD']","[468043370483514534, 468043370483890438, 468043370483050974, 468043370484097057, 468043370483559841]","[0.7933641672134399, 0.7771770358085632, 0.7781150341033936, 0.7760976552963257, 0.7936393022537231]"
5ccc26af-b2fb-4d7e-b117-e622359b75a2,Orthopaedics,0.038330078125,0.01708984375,0.9296875,0.01409912109375,True,C,0.10022449493408203,medmcqa_1,"['STAT', 'STAT', 'STAT', 'STAT', 'STAT']","[468043370482921187, 468043370483055961, 468043370483052318, 468043370482989315, 468043370482910711]","[0.7987650632858276, 0.7965219020843506, 0.7624058723449707, 0.8008791208267212, 0.7834810018539429]"
6ca26608-cafb-46c8-80a1-39bc0e70d5ff,Orthopaedics,0.203125,0.203125,0.1083984375,0.486328125,True,D,0.12392044067382812,medmcqa_1,"['PBMD', 'TEXT', 'PBMD', 'TEXT', 'TEXT']","[468043370483487069, 468043370482426997, 468043370483859391, 468043370482370865, 468043370482427043]","[0.7539992332458496, 0.7490040063858032, 0.76359623670578, 0.7381953001022339, 0.7391743063926697]"
7983c1d8-d7ec-4426-82d8-c0bdc1568aa9,Orthopaedics,0.48828125,0.158203125,0.294921875,0.058349609375,True,A,0.1070706844329834,medmcqa_1,"['PBMD', 'PBMD', 'TEXT', 'PBMD', 'PBMD']","[468043370483508922, 468043370483501859, 468043370482493552, 468043370483729926, 468043370483545706]","[0.8068681359291077, 0.8028322458267212, 0.8041293621063232, 0.8062312006950378, 0.8060672283172607]"
dac67e00-7708-4533-a6da-38c259fe8403,Orthopaedics,0.00518798828125,0.00518798828125,0.00139617919921875,0.98828125,True,D,0.10594344139099121,medmcqa_1,"['STAT', 'STAT', 'STAT', 'STAT', 'STAT']","[468043370482892776, 468043370483065759, 468043370482940103, 468043370482814439, 468043370482885344]","[0.7693430781364441, 0.758785605430603, 0.7481691241264343, 0.753983199596405, 0.7510210275650024]"
3d3d18de-8e78-4d58-90f4-2c9257c76a5e,Orthopaedics,0.796875,0.1572265625,0.032958984375,0.0120849609375,True,A,0.09735679626464844,medmcqa_1,"['STAT', 'TEXT', 'STAT', 'STAT', 'PBMD']","[468043370482893788, 468043370482371189, 468043370482893769, 468043370482937106, 468043370483467717]","[0.7456859350204468, 0.7053695321083069, 0.7594777345657349, 0.7323101758956909, 0.7414771318435669]"
7b9b3255-7a24-4c61-bc2f-cadcb051e294,Orthopaedics,0.2392578125,0.087890625,0.57421875,0.099609375,True,C,0.11327338218688965,medmcqa_1,"['STAT', 'STAT', 'STAT', 'STAT', 'STAT']","[468043370483001879, 468043370483001882, 468043370483001877, 468043370482889758, 468043370482889761]","[0.795333743095398, 0.7780404686927795, 0.7787716388702393, 0.7893968224525452, 0.7746773958206177]"
f822dfed-f142-4583-b7c2-779cf63ccad6,Orthopaedics,0.0054931640625,0.01092529296875,0.984375,0.0002002716064453125,True,C,0.11158061027526855,medmcqa_1,"['PBMD', 'STAT', 'TEXT', 'STAT', 'STAT']","[468043370483126744, 468043370482937141, 468043370482464968, 468043370483073939, 468043370483008633]","[0.7397985458374023, 0.7342720031738281, 0.7131360173225403, 0.7405760288238525, 0.7332897186279297]"
7879facb-4a0b-424e-9997-25aae47a52aa,Orthopaedics,0.158203125,0.07470703125,0.625,0.1396484375,False,B,0.11143827438354492,medmcqa_1,"['STAT', 'PBMD', 'STAT', 'STAT', 'PBMD']","[468043370483035621, 468043370484091120, 468043370482933665, 468043370483035619, 468043370483424231]","[0.7433700561523438, 0.7396133542060852, 0.7349086403846741, 0.7302501201629639, 0.7464166283607483]"
31cb149e-7c0f-489f-b2c6-10985226e2ff,Orthopaedics,0.4921875,0.3828125,0.07568359375,0.048828125,False,B,0.09200668334960938,medmcqa_1,"['PBMD', 'STAT', 'PBMD', 'PBMD', 'STAT']","[468043370483146604, 468043370483017530, 468043370483319438, 468043370483350286, 468043370482986493]","[0.7896286249160767, 0.7763773202896118, 0.8066583871841431, 0.811410129070282, 0.748501181602478]"
f3fac8a7-d3e8-4d02-b4eb-4ac18da8e7c0,Orthopaedics,0.515625,0.455078125,0.00885009765625,0.02001953125,True,A,0.08136558532714844,medmcqa_1,"['PBMD', 'PBMD', 'PBMD', 'PBMD', 'PBMD']","[468043370483350075, 468043370483412922, 468043370483091602, 468043370484067119, 468043370483323295]","[0.7076455354690552, 0.7238330841064453, 0.7232884764671326, 0.7024295330047607, 0.7087413668632507]"
d75dc767-c74f-4b3d-a2bd-f5e6c082e497,Orthopaedics,0.11962890625,0.038818359375,0.83203125,0.01043701171875,True,C,0.10947108268737793,medmcqa_1,"['STAT', 'STAT', 'STAT', 'PBMD', 'STAT']","[468043370482556103, 468043370483001952, 468043370482556074, 468043370484126238, 468043370482940378]","[0.8021376729011536, 0.7957679629325867, 0.7747534513473511, 0.748176634311676, 0.7632281184196472]"
5c621759-a7f6-4cb9-851b-11da1704d76e,Orthopaedics,0.03759765625,0.2451171875,0.05126953125,0.66796875,True,D,0.09824991226196289,medmcqa_1,"['PBMD', 'STAT', 'TEXT', 'STAT', 'PBMD']","[468043370483391511, 468043370482556100, 468043370482371189, 468043370482956696, 468043370483686785]","[0.7928231954574585, 0.7810817956924438, 0.7773218750953674, 0.820774257183075, 0.8052273988723755]"
c6f6754f-21ac-49d0-b8cd-8bf25049d813,Orthopaedics,0.059326171875,0.06298828125,0.059326171875,0.81640625,False,B,0.11993050575256348,medmcqa_1,"['PBMD', 'TEXT', 'PBMD', 'PBMD', 'PBMD']","[468043370483612580, 468043370482429602, 468043370483674672, 468043370483364963, 468043370483874675]","[0.7548664212226868, 0.7366195917129517, 0.7590111494064331, 0.7557059526443481, 0.756472110748291]"
dccadcab-84e0-4aec-b33a-7509f61f07fe,Orthopaedics,0.0167236328125,0.004791259765625,0.0045166015625,0.97265625,True,D,0.10752463340759277,medmcqa_1,"['STAT', 'STAT', 'STAT', 'STAT', 'STAT']","[468043370482958250, 468043370483065776, 468043370482516626, 468043370482937111, 468043370482862140]","[0.7804421782493591, 0.7597330808639526, 0.8045240044593811, 0.7583418488502502, 0.7861847877502441]"
baacab5b-7e28-4b0d-b78e-73253e5c7dde,Orthopaedics,0.004119873046875,0.041748046875,0.94921875,0.00439453125,True,C,0.10469913482666016,medmcqa_1,"['PBMD', 'PBMD', 'TEXT', 'PBMD', 'STAT']","[468043370483806559, 468043370483720286, 468043370482370869, 468043370483727916, 468043370482827740]","[0.7578867673873901, 0.7757800817489624, 0.7608410120010376, 0.762672483921051, 0.7472381591796875]"
c8313319-bed0-4c8b-8fa4-83f40e3c8af0,Orthopaedics,0.1328125,0.031494140625,0.8125,0.0230712890625,False,A,0.1142432689666748,medmcqa_1,"['STAT', 'PBMD', 'TEXT', 'STAT', 'PBMD']","[468043370482937111, 468043370484017437, 468043370482371199, 468043370482894625, 468043370483410160]","[0.7325210571289062, 0.729913592338562, 0.7177848219871521, 0.7400373220443726, 0.7437668442726135]"
ccca9015-2ce5-40cf-bed4-187f9428d984,Orthopaedics,0.0947265625,0.08935546875,0.74609375,0.0693359375,True,C,0.14671754837036133,medmcqa_1,"['PBMD', 'TEXT', 'PBMD', 'TEXT', 'TEXT']","[468043370483863486, 468043370482469897, 468043370483674672, 468043370482426975, 468043370482444192]","[0.7865352630615234, 0.774569034576416, 0.7922724485397339, 0.7769534587860107, 0.7567017674446106]"
44cc205e-7682-4501-aed2-4896371856c2,Orthopaedics,0.038818359375,0.94140625,0.0184326171875,0.000217437744140625,True,B,0.09355545043945312,medmcqa_1,"['STAT', 'STAT', 'STAT', 'PBMD', 'TEXT']","[468043370483033557, 468043370482816008, 468043370482859095, 468043370483609745, 468043370482493481]","[0.7725893259048462, 0.7755434513092041, 0.7702767252922058, 0.7963248491287231, 0.7631563544273376]"
b6b91d49-7a30-4a9a-91e6-b2f20341470c,Orthopaedics,0.97265625,0.0228271484375,0.0029144287109375,0.00113677978515625,True,A,0.09734845161437988,medmcqa_1,"['TEXT', 'STAT', 'STAT', 'STAT', 'STAT']","[468043370482434996, 468043370482851397, 468043370482891728, 468043370482929573, 468043370482929571]","[0.7797901630401611, 0.7949701547622681, 0.7559292316436768, 0.780929446220398, 0.7513580918312073]"
cef58dc3-f340-4f76-909d-8f9fb4866e29,Orthopaedics,0.005889892578125,0.9921875,0.00115966796875,0.0002765655517578125,True,B,0.10817599296569824,medmcqa_1,"['PBMD', 'STAT', 'STAT', 'PBMD', 'STAT']","[468043370483810308, 468043370483074721, 468043370482826449, 468043370483841093, 468043370482784778]","[0.8070353269577026, 0.7921010255813599, 0.7755225896835327, 0.7846177220344543, 0.779489278793335]"
1482f619-ffc5-4773-b48e-995421bcab06,ENT,0.0771484375,0.23828125,0.6484375,0.03662109375,False,A,0.13618969917297363,medmcqa_1,"['PBMD', 'PBMD', 'PBMD', 'PBMD', 'PBMD']","[468043370483286285, 468043370483396220, 468043370483338306, 468043370483275225, 468043370483507758]","[0.8082022666931152, 0.8054187893867493, 0.8050038814544678, 0.795110821723938, 0.8083935976028442]"
fd03f7de-6c4a-4244-97c6-12829919c1ed,ENT,0.060791015625,0.8359375,0.036865234375,0.064453125,True,B,0.12192130088806152,medmcqa_1,"['PBMD', 'PBMD', 'STAT', 'STAT', 'PBMD']","[468043370483361653, 468043370483138844, 468043370483008747, 468043370482805388, 468043370483318503]","[0.7803936004638672, 0.7730344533920288, 0.8248713612556458, 0.804809033870697, 0.7836548089981079]"
a43a0fc3-9d61-45a2-8ebd-f90bb31af019,ENT,0.96875,0.0201416015625,0.005401611328125,0.005401611328125,True,A,0.11455798149108887,medmcqa_1,"['STAT', 'STAT', 'STAT', 'STAT', 'STAT']","[468043370482918801, 468043370483025169, 468043370482986641, 468043370483046697, 468043370482980485]","[0.7355477809906006, 0.7446755766868591, 0.7314116358757019, 0.7251123189926147, 0.7182552814483643]"
b9e53e10-851b-41bd-b2e3-0ddc302ffd99,ENT,0.16796875,0.515625,0.03759765625,0.27734375,True,B,0.1219935417175293,medmcqa_1,"['PBMD', 'STAT', 'STAT', 'PBMD', 'STAT']","[468043370484127709, 468043370482832797, 468043370482927575, 468043370483593210, 468043370483007349]","[0.767235279083252, 0.8059685826301575, 0.7789980173110962, 0.7688074707984924, 0.7908427715301514]"
86e26dc5-2f48-45b1-82df-b14ffbc11fcb,ENT,0.46875,0.134765625,0.365234375,0.031982421875,True,A,0.10650873184204102,medmcqa_1,"['STAT', 'PBMD', 'PBMD', 'PBMD', 'STAT']","[468043370482892602, 468043370483223752, 468043370484114646, 468043370483283803, 468043370482873083]","[0.744174599647522, 0.7739373445510864, 0.7541052103042603, 0.7622490525245667, 0.7252687811851501]"
99f08890-7505-4062-9293-1f135de62e5c,ENT,0.474609375,0.392578125,0.068359375,0.06396484375,False,B,0.1263566017150879,medmcqa_1,"['PBMD', 'TEXT', 'PBMD', 'PBMD', 'STAT']","[468043370483880694, 468043370482407403, 468043370483515620, 468043370483182606, 468043370483077704]","[0.7780675292015076, 0.7480664253234863, 0.797231912612915, 0.7738824486732483, 0.7928439378738403]"
1a8b0cf7-f674-4339-ba6f-a664cb96178d,ENT,0.255859375,0.0732421875,0.396484375,0.2734375,False,D,0.14674997329711914,medmcqa_1,"['PBMD', 'PBMD', 'PBMD', 'PBMD', 'PBMD']","[468043370483396220, 468043370484039901, 468043370483650982, 468043370484020445, 468043370483286285]","[0.8192441463470459, 0.8383301496505737, 0.7923855781555176, 0.791189968585968, 0.7970713376998901]"
d8b1befc-377a-4e40-aef2-3bca58710670,ENT,0.0751953125,0.205078125,0.3828125,0.337890625,False,B,0.12394571304321289,medmcqa_1,"['STAT', 'STAT', 'STAT', 'STAT', 'TEXT']","[468043370482805383, 468043370482805375, 468043370482521798, 468043370483008747, 468043370482403271]","[0.820639967918396, 0.8468208312988281, 0.8301599621772766, 0.8525211215019226, 0.8214979767799377]"
514ac65d-87cb-47b7-b8b0-ffc36253753f,ENT,0.7578125,0.169921875,0.05859375,0.01226806640625,True,A,0.1114351749420166,medmcqa_1,"['STAT', 'TEXT', 'TEXT', 'PBMD', 'PBMD']","[468043370482543191, 468043370482461655, 468043370482383287, 468043370483540604, 468043370483536208]","[0.7629905939102173, 0.734490692615509, 0.7244611978530884, 0.7487802505493164, 0.7596948146820068]"
6beed60d-08f5-4efa-bd22-4a6901e451a2,ENT,0.96484375,0.003265380859375,0.0291748046875,0.001983642578125,True,A,0.09069013595581055,medmcqa_1,"['STAT', 'STAT', 'STAT', 'STAT', 'PBMD']","[468043370482776631, 468043370482776640, 468043370482933474, 468043370482835935, 468043370483142194]","[0.7816932201385498, 0.7990332841873169, 0.7785964012145996, 0.7731746435165405, 0.7678638696670532]"
afd502ff-b700-4ecf-acec-f849331dd1ed,ENT,0.28125,0.248046875,0.361328125,0.10986328125,True,C,0.11962389945983887,medmcqa_1,"['STAT', 'STAT', 'STAT', 'TEXT', 'TEXT']","[468043370482785209, 468043370482814150, 468043370482785200, 468043370482395808, 468043370482473287]","[0.7596634030342102, 0.738076388835907, 0.7087332606315613, 0.7050511837005615, 0.7403475642204285]"
56a82596-5a2c-461b-b6a4-00019b3e4eaf,ENT,0.3671875,0.046630859375,0.53515625,0.052734375,True,C,0.1080930233001709,medmcqa_1,"['PBMD', 'STAT', 'STAT', 'PBMD', 'STAT']","[468043370483414080, 468043370482880829, 468043370482880830, 468043370483418998, 468043370482841634]","[0.7902664542198181, 0.7995816469192505, 0.7841367721557617, 0.7655532956123352, 0.787884533405304]"
624cf635-1421-416e-978a-996781f350c0,ENT,0.93359375,0.0595703125,0.00592041015625,0.00102996826171875,True,A,0.11099815368652344,medmcqa_1,"['PBMD', 'PBMD', 'STAT', 'TEXT', 'STAT']","[468043370483131476, 468043370483271303, 468043370482988849, 468043370482463012, 468043370482838872]","[0.7669463157653809, 0.773293137550354, 0.7606357932090759, 0.7576295137405396, 0.7379182577133179]"
69f1a181-5580-4146-ba87-bbd3980f948c,ENT,0.00787353515625,0.02001953125,0.96875,0.0047607421875,True,C,0.1085820198059082,medmcqa_1,"['PBMD', 'PBMD', 'PBMD', 'PBMD', 'PBMD']","[468043370484018599, 468043370483831627, 468043370483609533, 468043370483850940, 468043370483557043]","[0.7459982633590698, 0.7727830410003662, 0.7594599723815918, 0.7566668391227722, 0.7873588800430298]"
6ace03e9-b26c-455d-a158-71cbf9a0854b,ENT,0.0177001953125,0.015625,0.96484375,0.0015411376953125,True,C,0.1080772876739502,medmcqa_1,"['PBMD', 'PBMD', 'PBMD', 'PBMD', 'PBMD']","[468043370483160880, 468043370483164420, 468043370483533405, 468043370483190160, 468043370483187973]","[0.7963801622390747, 0.7786399722099304, 0.7734616994857788, 0.7929022312164307, 0.7870379686355591]"
7a42db5f-21a1-41f2-a436-17f685bbea63,ENT,0.61328125,0.255859375,0.05712890625,0.0732421875,True,A,0.12241077423095703,medmcqa_1,"['STAT', 'STAT', 'TEXT', 'STAT', 'PBMD']","[468043370483018170, 468043370482525954, 468043370482371436, 468043370482863135, 468043370484103554]","[0.7232740521430969, 0.7134166955947876, 0.722536563873291, 0.7333086133003235, 0.7373826503753662]"
50c890ad-538a-4ca0-9900-4736b795af01,ENT,0.26953125,0.09912109375,0.126953125,0.50390625,False,B,0.12263989448547363,medmcqa_1,"['STAT', 'PBMD', 'PBMD', 'STAT', 'STAT']","[468043370482518741, 468043370483318119, 468043370483302914, 468043370482871464, 468043370482814283]","[0.7641183733940125, 0.7783474326133728, 0.7579890489578247, 0.7247999906539917, 0.7330669164657593]"
b192b045-d178-4bbf-8796-3c26dae548f3,ENT,0.0225830078125,0.9609375,0.00445556640625,0.01287841796875,True,B,0.12603020668029785,medmcqa_1,"['STAT', 'STAT', 'STAT', 'PBMD', 'STAT']","[468043370482819410, 468043370482964187, 468043370483038059, 468043370484091646, 468043370482558683]","[0.788959264755249, 0.7957807183265686, 0.73871910572052, 0.7574492692947388, 0.7412996888160706]"
8616b528-3a38-4bc5-b002-2e5133f56496,ENT,0.005523681640625,0.9921875,0.00191497802734375,0.00148773193359375,True,B,0.14386582374572754,medmcqa_1,"['TEXT', 'PBMD', 'PBMD', 'TEXT', 'PBMD']","[468043370482435586, 468043370483386193, 468043370483760078, 468043370482435759, 468043370483288952]","[0.7624514102935791, 0.7848184108734131, 0.7872485518455505, 0.7740806937217712, 0.7779762744903564]"
4d1e7661-fffc-42d0-8bed-1e4ecc040fe8,ENT,0.1181640625,0.25,0.220703125,0.412109375,False,C,0.10905742645263672,medmcqa_1,"['STAT', 'STAT', 'STAT', 'PBMD', 'STAT']","[468043370482934829, 468043370483019718, 468043370482805388, 468043370483280984, 468043370482808377]","[0.7997334003448486, 0.8087728023529053, 0.8084945678710938, 0.7733448147773743, 0.8078530430793762]"
f6bb3faa-6ccb-4838-a2d9-1ae2f2d63e7d,Skin,0.6796875,0.055908203125,0.220703125,0.04345703125,True,A,0.09877657890319824,medmcqa_1,"['STAT', 'STAT', 'STAT', 'STAT', 'STAT']","[468043370483017094, 468043370483017083, 468043370482896965, 468043370482865458, 468043370482977179]","[0.8076583743095398, 0.808034360408783, 0.8110976219177246, 0.7918765544891357, 0.7634333968162537]"
0c970c10-c97d-4025-b24d-e70245231e41,Skin,0.00750732421875,0.984375,0.0062255859375,0.0029449462890625,False,C,0.11531233787536621,medmcqa_1,"['STAT', 'STAT', 'PBMD', 'PBMD', 'PBMD']","[468043370482943909, 468043370483044963, 468043370483842455, 468043370483468532, 468043370484017193]","[0.7410681247711182, 0.7351623177528381, 0.7478283047676086, 0.768670916557312, 0.7418457269668579]"
ce4876e4-6a17-465e-a1c4-6353dad02e85,Skin,0.57421875,0.05322265625,0.23828125,0.1357421875,False,C,0.15329241752624512,medmcqa_1,"['PBMD', 'PBMD', 'TEXT', 'PBMD', 'TEXT']","[468043370483827415, 468043370483968242, 468043370482431937, 468043370483862101, 468043370482414301]","[0.7618546485900879, 0.7651563286781311, 0.7335065007209778, 0.7549740076065063, 0.7410911321640015]"
cc65668e-675f-4422-a28f-96df292dc630,Skin,0.07470703125,0.04833984375,0.0201416015625,0.85546875,True,D,0.10680556297302246,medmcqa_1,"['PBMD', 'PBMD', 'PBMD', 'TEXT', 'PBMD']","[468043370483154470, 468043370483418376, 468043370484074090, 468043370482464875, 468043370483575870]","[0.7826308608055115, 0.7927483916282654, 0.7911396026611328, 0.7283167243003845, 0.791486382484436]"
be07e8f6-e306-4b6c-b36e-6ec18e0043e5,Skin,0.0732421875,0.7890625,0.0830078125,0.0537109375,True,B,0.1043236255645752,medmcqa_1,"['PBMD', 'PBMD', 'PBMD', 'PBMD', 'PBMD']","[468043370483596144, 468043370483740083, 468043370483354456, 468043370483743754, 468043370483152396]","[0.8095828294754028, 0.8213359117507935, 0.8169163465499878, 0.8196397423744202, 0.8126661777496338]"
725d9973-1082-4c9b-b4fb-9c63a4615e63,Skin,0.146484375,0.3984375,0.2412109375,0.212890625,False,D,0.09828448295593262,medmcqa_1,"['PBMD', 'TEXT', 'STAT', 'TEXT', 'STAT']","[468043370484101844, 468043370482462991, 468043370482964331, 468043370482434929, 468043370483075681]","[0.7984675168991089, 0.7406188249588013, 0.7787899374961853, 0.779184103012085, 0.750566840171814]"
aa677f5e-3b2c-4ec8-8b77-78610a8a38cf,Skin,0.99609375,0.0035858154296875,0.001495361328125,0.000484466552734375,True,A,0.09487724304199219,medmcqa_1,"['PBMD', 'TEXT', 'TEXT', 'TEXT', 'PBMD']","[468043370483765758, 468043370482464909, 468043370482404745, 468043370482426355, 468043370483498507]","[0.779803991317749, 0.7710084319114685, 0.7686547636985779, 0.7478533983230591, 0.7778902053833008]"
0f49668c-7988-48a6-ba11-ad49aa561259,Skin,0.482421875,0.10107421875,0.1220703125,0.29296875,False,D,0.14458465576171875,medmcqa_1,"['TEXT', 'STAT', 'STAT', 'STAT', 'TEXT']","[468043370482441449, 468043370482799121, 468043370483068220, 468043370482926139, 468043370482441550]","[0.7433213591575623, 0.7487475275993347, 0.7477790117263794, 0.7347927689552307, 0.7381892204284668]"
ce7d3beb-17f5-416a-9584-6fdf807f4d99,Skin,0.87109375,0.0218505859375,0.0262451171875,0.0810546875,False,D,0.12213349342346191,medmcqa_1,"['PBMD', 'PBMD', 'PBMD', 'PBMD', 'TEXT']","[468043370483815188, 468043370483393145, 468043370483945001, 468043370483743755, 468043370482404806]","[0.8014721870422363, 0.833655595779419, 0.7989682555198669, 0.8017982244491577, 0.7798057794570923]"
6f78cdec-b48a-497c-bf8d-6b5b9b083ecf,Skin,0.396484375,0.5078125,0.04443359375,0.05029296875,False,A,0.1401960849761963,medmcqa_1,"['TEXT', 'PBMD', 'PBMD', 'PBMD', 'PBMD']","[468043370482444675, 468043370483589114, 468043370483567066, 468043370484088653, 468043370483644326]","[0.7215954065322876, 0.7720106244087219, 0.7787138819694519, 0.7689762711524963, 0.7781926989555359]"
53cc935b-3123-4b83-ad62-307b2b736c9e,Skin,0.0303955078125,0.01348876953125,0.00927734375,0.9453125,False,C,0.12445902824401855,medmcqa_1,"['TEXT', 'STAT', 'TEXT', 'TEXT', 'TEXT']","[468043370482404855, 468043370482830268, 468043370482404966, 468043370482460269, 468043370482460274]","[0.7538803815841675, 0.7590270638465881, 0.7321633100509644, 0.7305199503898621, 0.736206591129303]"
c8d2885b-1529-4575-abcd-b8afdfb64512,Skin,0.076171875,0.1181640625,0.76953125,0.035888671875,True,C,0.1260066032409668,medmcqa_1,"['PBMD', 'STAT', 'TEXT', 'STAT', 'TEXT']","[468043370483253229, 468043370483078742, 468043370482463263, 468043370482817980, 468043370482470159]","[0.7560825347900391, 0.7550684213638306, 0.736723780632019, 0.7369993925094604, 0.7308052778244019]"
105be08b-3a40-4e47-831d-f8cae8b90240,Skin,0.014892578125,0.98046875,0.0013885498046875,0.0029296875,True,B,0.11958694458007812,medmcqa_1,"['TEXT', 'STAT', 'STAT', 'TEXT', 'TEXT']","[468043370482464941, 468043370483018347, 468043370483040720, 468043370482381448, 468043370482433077]","[0.7829214930534363, 0.783769428730011, 0.745650053024292, 0.7256596684455872, 0.7474661469459534]"
02b5fc8b-8dd7-4de9-84b8-ea71c32aac57,Skin,0.8203125,0.08642578125,0.076171875,0.019287109375,False,D,0.12613892555236816,medmcqa_1,"['PBMD', 'PBMD', 'PBMD', 'PBMD', 'STAT']","[468043370483828416, 468043370483279760, 468043370484000382, 468043370483666142, 468043370482562783]","[0.7475441098213196, 0.7431646585464478, 0.7531840801239014, 0.7432996034622192, 0.7119826674461365]"
344d849d-fe32-41d8-853f-b02b41028d71,Skin,0.95703125,0.0419921875,0.00162506103515625,0.0010528564453125,False,B,0.1112668514251709,medmcqa_1,"['PBMD', 'PBMD', 'STAT', 'STAT', 'PBMD']","[468043370483597732, 468043370484005782, 468043370483005767, 468043370482918389, 468043370483487294]","[0.7758955955505371, 0.7903707027435303, 0.7943695783615112, 0.775722324848175, 0.7869588732719421]"
26124571-60c3-4509-9c33-981bc3b40054,Skin,0.33203125,0.03515625,0.01068115234375,0.62109375,True,D,0.1115107536315918,medmcqa_1,"['STAT', 'STAT', 'STAT', 'TEXT', 'STAT']","[468043370482817102, 468043370482861627, 468043370483028022, 468043370482410500, 468043370482901430]","[0.7298783659934998, 0.7750914692878723, 0.753788948059082, 0.732052743434906, 0.7163619995117188]"
8e12446e-b9b5-4152-8cc5-9ef959931a31,Skin,0.03369140625,0.28125,0.67578125,0.01092529296875,True,C,0.11071968078613281,medmcqa_1,"['STAT', 'STAT', 'PBMD', 'STAT', 'PBMD']","[468043370483064152, 468043370483064155, 468043370483861274, 468043370483064147, 468043370483470705]","[0.752705454826355, 0.7744246125221252, 0.7967506647109985, 0.766457200050354, 0.8086674213409424]"
