id,subject,probA,probB,probC,probD,result,answer,time,split,sources,ids,similarity
bc4f5387-b4e2-4c9f-9372-d2578aa9848d,Microbiology,0.037109375,0.019775390625,0.1005859375,0.84375,True,D,0.11055374145507812,medmcqa_3,"['PBMD', 'PBMD', 'PBMD', 'PBMD', 'PBMD']","[467572377852972670, 467572377853164605, 467572377853171187, 467572377854443391, 467572377854456266]","[0.7284132242202759, 0.7224903106689453, 0.7194356918334961, 0.7176399230957031, 0.7157833576202393]"
cb22bfd6-e7d0-4944-8677-45b1a3d35c21,Microbiology,0.2119140625,0.240234375,0.44921875,0.10009765625,False,B,0.09967374801635742,medmcqa_3,"['PBMD', 'TEXT', 'PBMD', 'PBMD', 'PBMD']","[467572377854101789, 467523489549972774, 467572377856326960, 467572377856860154, 467572377855926520]","[0.7674365639686584, 0.7449847459793091, 0.7432482838630676, 0.7427372336387634, 0.7418212294578552]"
c56d4b66-8192-4b25-9d20-7312a5f5d4cb,Microbiology,0.043212890625,0.41015625,0.46484375,0.0810546875,True,C,0.06783485412597656,medmcqa_3,"['PBMD', 'PBMD', 'PBMD', 'PBMD', 'PBMD']","[467572377854706346, 467572377852184767, 467572377854962124, 467572377856266844, 467572377852322027]","[0.7881346344947815, 0.7812619805335999, 0.7802174091339111, 0.7724692821502686, 0.769578754901886]"
a5fcd994-859d-49cc-b3c2-5fa501e726e6,Microbiology,0.9140625,0.062255859375,0.017822265625,0.006561279296875,False,B,0.11266565322875977,medmcqa_3,"['PBMD', 'PBMD', 'PBMD', 'PBMD', 'PBMD']","[467572377853192537, 467572377853815383, 467572377856835529, 467572377855100582, 467572377854343830]","[0.7288556694984436, 0.7192321419715881, 0.7183789014816284, 0.7080826163291931, 0.7055702805519104]"
a1bea2c7-217e-4240-a208-541618437eec,Microbiology,0.017822265625,0.0037384033203125,0.97265625,0.00396728515625,False,D,0.11376547813415527,medmcqa_3,"['PBMD', 'PBMD', 'PBMD', 'PBMD', 'STAT']","[467572377856240720, 467572377855579198, 467572377855769706, 467572377856077186, 467572377850341299]","[0.7933011651039124, 0.7861678004264832, 0.7853211760520935, 0.78326416015625, 0.7813883423805237]"
9b9120e8-6675-4e3d-8dc1-4c7b261957f1,Microbiology,0.1787109375,0.203125,0.55078125,0.06591796875,True,C,0.06632494926452637,medmcqa_3,"['TEXT', 'PBMD', 'PBMD', 'PBMD', 'PBMD']","[467523489549685660, 467572377855078047, 467572377853040959, 467572377856250347, 467572377850933035]","[0.7150439023971558, 0.7133455276489258, 0.7082846164703369, 0.7050458788871765, 0.6962965726852417]"
78396a0e-60b7-4aa4-9586-8d38825f08ab,Microbiology,0.984375,0.01239013671875,0.0014801025390625,0.000156402587890625,True,A,0.07404804229736328,medmcqa_3,"['PBMD', 'PBMD', 'PBMD', 'PBMD', 'PBMD']","[467572377854992007, 467572377855428167, 467572377854300437, 467572377852853465, 467572377850837347]","[0.7164391279220581, 0.7139094471931458, 0.7081381678581238, 0.7025018930435181, 0.7019270658493042]"
15417774-021b-4c2c-8d47-6d80322fe687,Microbiology,0.00799560546875,0.984375,0.0040283203125,0.0027618408203125,True,B,0.055382728576660156,medmcqa_3,"['PBMD', 'PBMD', 'TEXT', 'PBMD', 'PBMD']","[467572377852324214, 467572377854100028, 467523489549976486, 467572377852097831, 467572377856663248]","[0.7178958654403687, 0.7140567898750305, 0.7126210927963257, 0.712482750415802, 0.7105616331100464]"
2388aeb7-4920-452f-9acb-28be49c72966,Microbiology,0.171875,0.07177734375,0.076171875,0.6796875,True,D,0.06728410720825195,medmcqa_3,"['PBMD', 'TEXT', 'STAT', 'PBMD', 'PBMD']","[467572377854564304, 467523489549926566, 467572377850686140, 467572377852160001, 467572377855199360]","[0.7535609006881714, 0.7482292056083679, 0.7448379993438721, 0.7399844527244568, 0.7368360161781311]"
e8de9b5f-8d91-4770-b700-0a4ac5dd29e2,Microbiology,0.98828125,0.01031494140625,0.0007476806640625,0.0002422332763671875,True,A,0.10220193862915039,medmcqa_3,"['TEXT', 'STAT', 'PBMD', 'PBMD', 'PBMD']","[467523489549926078, 467572377850684969, 467572377854203625, 467572377854392735, 467572377850969048]","[0.769132673740387, 0.7593263387680054, 0.7514110803604126, 0.751271665096283, 0.7506166100502014]"
3aab1eeb-6cbe-4fc3-b2de-5b459ab610f6,Microbiology,0.134765625,0.53125,0.08154296875,0.251953125,True,B,0.09360504150390625,medmcqa_3,"['PBMD', 'STAT', 'PBMD', 'PBMD', 'PBMD']","[467572377856813445, 467572377850668583, 467572377853306992, 467572377855380257, 467572377851008716]","[0.7974884510040283, 0.7890118360519409, 0.7803770303726196, 0.7751555442810059, 0.7744807600975037]"
2610a5af-a6cb-488f-98df-4341a3a9c7f9,Microbiology,0.0380859375,0.02783203125,0.921875,0.01397705078125,True,C,0.08482027053833008,medmcqa_3,"['STAT', 'PBMD', 'PBMD', 'PBMD', 'PBMD']","[467572377850721910, 467572377854517862, 467572377852594125, 467572377852135847, 467572377854925447]","[0.7817601561546326, 0.781080961227417, 0.7743740081787109, 0.7685059309005737, 0.7635965943336487]"
44483815-3319-493d-b156-d3663a4d61a1,Microbiology,0.146484375,0.310546875,0.3984375,0.146484375,False,D,0.10091018676757812,medmcqa_3,"['PBMD', 'PBMD', 'PBMD', 'PBMD', 'PBMD']","[467572377850810074, 467572377856406263, 467572377854188449, 467572377854646706, 467572377855270067]","[0.8046218156814575, 0.785186767578125, 0.7844820022583008, 0.7744525671005249, 0.7737503051757812]"
9c1caee2-628f-4a80-b55e-8480760cb634,Microbiology,0.0096435546875,0.00848388671875,0.000698089599609375,0.98046875,True,D,0.08390235900878906,medmcqa_3,"['PBMD', 'PBMD', 'STAT', 'PBMD', 'PBMD']","[467572377855503220, 467572377855519946, 467572377850276197, 467572377854952613, 467572377852748304]","[0.7536926865577698, 0.7517005205154419, 0.7422817945480347, 0.741021990776062, 0.740532636642456]"
ced0e6e7-048a-467e-aa7e-e10def9ebb5e,Microbiology,0.1630859375,0.443359375,0.208984375,0.1845703125,True,B,0.0652463436126709,medmcqa_3,"['PBMD', 'STAT', 'STAT', 'PBMD', 'PBMD']","[467572377855326052, 467572377850369419, 467572377850700685, 467572377856115514, 467572377855152738]","[0.7594460844993591, 0.753983199596405, 0.7417659759521484, 0.7372726202011108, 0.7370749115943909]"
e14c42e1-754e-40a6-9b50-5d27b40e5a7d,Microbiology,0.69140625,0.224609375,0.047119140625,0.034423828125,True,A,0.10508108139038086,medmcqa_3,"['PBMD', 'PBMD', 'PBMD', 'PBMD', 'PBMD']","[467572377850834472, 467572377850850871, 467572377855067625, 467572377854323313, 467572377850970402]","[0.837815523147583, 0.8317280411720276, 0.8305890560150146, 0.8247174024581909, 0.8200335502624512]"
ee9f14bb-4e5e-4e39-99aa-ba63533bf4b2,Microbiology,0.00885009765625,0.025634765625,0.002105712890625,0.96484375,False,B,0.11980724334716797,medmcqa_3,"['PBMD', 'PBMD', 'PBMD', 'PBMD', 'PBMD']","[467572377856240720, 467572377856077186, 467572377856465971, 467572377855579198, 467572377855769706]","[0.8136010766029358, 0.8063957691192627, 0.8036874532699585, 0.8023732304573059, 0.801242470741272]"
2fb9aa7b-5106-4856-943d-f6554959feab,Microbiology,0.61328125,0.2255859375,0.039306640625,0.12109375,True,A,0.07918882369995117,medmcqa_3,"['PBMD', 'PBMD', 'PBMD', 'PBMD', 'PBMD']","[467572377856465134, 467572377856733521, 467572377855400755, 467572377855386832, 467572377850990877]","[0.7526902556419373, 0.7451357841491699, 0.7443728446960449, 0.7411699891090393, 0.7388732433319092]"
9859d4a2-274f-47eb-b20f-ca5309440793,Microbiology,0.0361328125,0.93359375,0.004608154296875,0.02490234375,True,B,0.088287353515625,medmcqa_3,"['PBMD', 'PBMD', 'TEXT', 'TEXT', 'PBMD']","[467572377853180719, 467572377855286522, 467523489549928202, 467523489549928174, 467572377854783141]","[0.7838906645774841, 0.7805846929550171, 0.779846727848053, 0.7797216176986694, 0.7769713401794434]"
6b874c35-3e1a-4158-b37c-34fd4c6350a7,Microbiology,0.296875,0.26171875,0.26171875,0.1796875,False,D,0.0752267837524414,medmcqa_3,"['PBMD', 'PBMD', 'PBMD', 'PBMD', 'PBMD']","[467572377852914260, 467572377855749918, 467572377854342530, 467572377853862393, 467572377855926520]","[0.7804127335548401, 0.7766255140304565, 0.7678942084312439, 0.7669987082481384, 0.7666969299316406]"
05984a75-d9af-4a87-8ac5-824576bf0d9f,Social & Preventive Medicine,0.068359375,0.890625,0.028564453125,0.01348876953125,False,A,0.10459661483764648,medmcqa_3,"['PBMD', 'PBMD', 'PBMD', 'PBMD', 'PBMD']","[467572377856687437, 467572377853346213, 467572377856175536, 467572377854057044, 467572377855995204]","[0.7343759536743164, 0.7202271223068237, 0.7182955741882324, 0.718291163444519, 0.7174052000045776]"
2dbbf01a-5a68-40c9-a24f-fd4af9d314e8,Social & Preventive Medicine,0.00848388671875,0.06689453125,0.921875,0.000743865966796875,True,C,0.07360434532165527,medmcqa_3,"['STAT', 'STAT', 'PBMD', 'PBMD', 'PBMD']","[467572377850770779, 467572377850688909, 467572377853477258, 467572377855960021, 467572377856653544]","[0.7791792154312134, 0.7379546165466309, 0.7368394136428833, 0.733946681022644, 0.733825147151947]"
0c9337fa-55ba-4441-8da7-99d451749ccf,Social & Preventive Medicine,0.232421875,0.384765625,0.232421875,0.150390625,False,C,0.096649169921875,medmcqa_3,"['PBMD', 'PBMD', 'PBMD', 'PBMD', 'PBMD']","[467572377853040313, 467572377854847234, 467572377852607731, 467572377853340758, 467572377854001630]","[0.6987751722335815, 0.6675097942352295, 0.6649309992790222, 0.661034107208252, 0.6568355560302734]"
5d7ae586-3ecd-41a4-a172-d32ab3dc4f6a,Social & Preventive Medicine,0.018798828125,0.90625,0.01141357421875,0.061767578125,False,D,0.10053896903991699,medmcqa_3,"['PBMD', 'PBMD', 'PBMD', 'PBMD', 'PBMD']","[467572377855428167, 467572377856466664, 467572377853340758, 467572377854997571, 467572377853804031]","[0.7181722521781921, 0.7161569595336914, 0.712943434715271, 0.7076694369316101, 0.7067798376083374]"
157101aa-f928-4f25-8b8a-51e712b3e7ff,Social & Preventive Medicine,0.01092529296875,0.006622314453125,0.98046875,0.000579833984375,True,C,0.08455276489257812,medmcqa_3,"['PBMD', 'PBMD', 'PBMD', 'PBMD', 'PBMD']","[467572377854665205, 467572377855516186, 467572377852211835, 467572377852175505, 467572377853865116]","[0.7823195457458496, 0.7802335023880005, 0.7800833582878113, 0.7730824947357178, 0.7687078714370728]"
0113aaf1-61d3-4d61-a9c7-b5b46e51e7e8,Social & Preventive Medicine,0.0031585693359375,0.9921875,0.0031585693359375,0.0016937255859375,True,B,0.08141779899597168,medmcqa_3,"['PBMD', 'PBMD', 'PBMD', 'PBMD', 'PBMD']","[467572377854276615, 467572377855814031, 467572377855350966, 467572377854266302, 467572377852265817]","[0.7510029077529907, 0.7435600161552429, 0.7431709170341492, 0.7423930764198303, 0.7340407371520996]"
f0f91922-12fd-4213-871c-19e47532a6d6,Social & Preventive Medicine,0.275390625,0.1015625,0.5859375,0.037353515625,True,C,0.06744074821472168,medmcqa_3,"['PBMD', 'PBMD', 'PBMD', 'PBMD', 'PBMD']","[467572377854698164, 467572377854276615, 467572377852496137, 467572377854267783, 467572377853430372]","[0.7704694271087646, 0.7593179941177368, 0.7590540647506714, 0.7582247257232666, 0.7509351968765259]"
658ebcea-6f61-4281-a426-848ad0dcf8bf,Social & Preventive Medicine,0.07568359375,0.4921875,0.048828125,0.3828125,True,B,0.08545303344726562,medmcqa_3,"['PBMD', 'PBMD', 'PBMD', 'PBMD', 'PBMD']","[467572377851014255, 467572377853158543, 467572377852331101, 467572377852745384, 467572377853434433]","[0.7942622900009155, 0.7920991778373718, 0.7790734767913818, 0.7735081911087036, 0.7709776759147644]"
7754fac4-e0d5-4ae7-9df8-9fd6bef4e4db,Social & Preventive Medicine,0.265625,0.2080078125,0.439453125,0.08642578125,True,C,0.10197901725769043,medmcqa_3,"['PBMD', 'PBMD', 'PBMD', 'PBMD', 'PBMD']","[467572377852077521, 467572377856556717, 467572377854143103, 467572377855342342, 467572377855427158]","[0.7537319660186768, 0.7333066463470459, 0.7250549793243408, 0.7216919660568237, 0.719536542892456]"
f4a4fc55-bc04-42eb-8f8d-d6d48a5b1c5a,Social & Preventive Medicine,0.025146484375,0.023681640625,0.9453125,0.007659912109375,True,C,0.08937549591064453,medmcqa_3,"['PBMD', 'PBMD', 'PBMD', 'PBMD', 'PBMD']","[467572377852243376, 467572377855619735, 467572377855337737, 467572377855792753, 467572377854735904]","[0.8130262494087219, 0.8023018836975098, 0.7950515747070312, 0.7897305488586426, 0.7892171144485474]"
da131385-8cb4-4fbe-8f90-8ae12467eadd,Social & Preventive Medicine,0.32421875,0.173828125,0.47265625,0.0301513671875,False,A,0.07143831253051758,medmcqa_3,"['PBMD', 'PBMD', 'PBMD', 'PBMD', 'PBMD']","[467572377855070318, 467572377855428167, 467572377852092994, 467572377854997571, 467572377852444853]","[0.7205487489700317, 0.7201576828956604, 0.7091100215911865, 0.7062469124794006, 0.7057676911354065]"
0ce2a16b-40f9-4f27-b5e0-24b1f906e4ba,Social & Preventive Medicine,0.053466796875,0.57421875,0.023681640625,0.34765625,True,B,0.07316136360168457,medmcqa_3,"['PBMD', 'PBMD', 'PBMD', 'PBMD', 'PBMD']","[467572377855369628, 467572377853510861, 467572377855671846, 467572377856953825, 467572377856409337]","[0.7029569745063782, 0.7025452852249146, 0.7021834850311279, 0.6964597702026367, 0.6842695474624634]"
a0f9a92a-4321-4213-aa23-7b60a5f06864,Social & Preventive Medicine,0.703125,0.051025390625,0.044921875,0.201171875,True,A,0.06553030014038086,medmcqa_3,"['PBMD', 'PBMD', 'PBMD', 'STAT', 'PBMD']","[467572377856974607, 467572377856941511, 467572377855913701, 467572377850719603, 467572377856588397]","[0.8485735058784485, 0.8475456237792969, 0.8333392143249512, 0.8332968950271606, 0.8133476972579956]"
60485d84-b6cd-4796-984a-9432906a4585,Social & Preventive Medicine,0.1376953125,0.0289306640625,0.79296875,0.03955078125,True,C,0.09396624565124512,medmcqa_3,"['PBMD', 'PBMD', 'PBMD', 'PBMD', 'TEXT']","[467572377852754745, 467572377853452450, 467572377855499645, 467572377853971967, 467523489549705881]","[0.7732837200164795, 0.7598654627799988, 0.7540073394775391, 0.7486746311187744, 0.7459434270858765]"
bed477a6-5416-4f65-9859-e454fa02adbc,Social & Preventive Medicine,0.94140625,0.00982666015625,0.0341796875,0.01611328125,True,A,0.07754063606262207,medmcqa_3,"['PBMD', 'PBMD', 'PBMD', 'PBMD', 'PBMD']","[467572377852821820, 467572377852552415, 467572377852069388, 467572377854562703, 467572377854926936]","[0.7616188526153564, 0.7499347925186157, 0.7401852607727051, 0.7395929098129272, 0.7377198338508606]"
11271a83-0b83-4fb4-b809-05e352546743,Social & Preventive Medicine,0.0306396484375,0.0068359375,0.953125,0.00933837890625,True,C,0.11075425148010254,medmcqa_3,"['PBMD', 'PBMD', 'PBMD', 'PBMD', 'PBMD']","[467572377852852727, 467572377852745621, 467572377852464757, 467572377855428167, 467572377854497024]","[0.7696177959442139, 0.750468373298645, 0.7476619482040405, 0.7454081177711487, 0.7406665682792664]"
f8a5b0e2-b529-4ad4-b55d-f6e5fc4708e1,Social & Preventive Medicine,0.37890625,0.48828125,0.11572265625,0.0167236328125,True,B,0.08925533294677734,medmcqa_3,"['PBMD', 'PBMD', 'PBMD', 'TEXT', 'PBMD']","[467572377854952930, 467572377852568397, 467572377853174277, 467523489549711699, 467572377854665205]","[0.7759548425674438, 0.7744820713996887, 0.7721977829933167, 0.7708257436752319, 0.7694150805473328]"
fc83df2a-e58c-4bb9-b4e8-d20541d3f9c4,Social & Preventive Medicine,0.1533203125,0.470703125,0.22265625,0.1533203125,False,D,0.07368063926696777,medmcqa_3,"['PBMD', 'PBMD', 'PBMD', 'PBMD', 'PBMD']","[467572377856166562, 467572377853465912, 467572377856344485, 467572377855207746, 467572377852852727]","[0.7947171926498413, 0.7769908905029297, 0.7615463733673096, 0.7530955672264099, 0.7484084367752075]"
60522ee9-d25d-4890-a184-59a47df07377,Social & Preventive Medicine,0.25390625,0.47265625,0.2236328125,0.0498046875,True,B,0.1074209213256836,medmcqa_3,"['PBMD', 'PBMD', 'PBMD', 'PBMD', 'PBMD']","[467572377856844085, 467572377852803428, 467572377856332754, 467572377853900501, 467572377852141989]","[0.7155446410179138, 0.7146981358528137, 0.711546778678894, 0.7076734304428101, 0.7064220309257507]"
2cc7bf03-5a41-4a8c-a8c9-9f969afac49f,Social & Preventive Medicine,0.0654296875,0.62109375,0.0225830078125,0.29296875,True,B,0.09534430503845215,medmcqa_3,"['PBMD', 'PBMD', 'PBMD', 'PBMD', 'PBMD']","[467572377856965430, 467572377855428167, 467572377856534759, 467572377855853221, 467572377856191327]","[0.7575310468673706, 0.7502760887145996, 0.7427693009376526, 0.7339719533920288, 0.7264916300773621]"
cb8ea9a3-b993-4d69-a1e2-aa031b0bdb11,Dental,0.0211181640625,0.953125,0.01275634765625,0.01275634765625,False,A,0.10485649108886719,medmcqa_3,"['STAT', 'STAT', 'STAT', 'PBMD', 'PBMD']","[467572377850696551, 467572377850696547, 467572377850294901, 467572377852252528, 467572377852735348]","[0.772403359413147, 0.7685205340385437, 0.7501147985458374, 0.7490021586418152, 0.7435000538825989]"
bc74b992-2aef-440e-81a2-17958caecbee,Dental,0.134765625,0.06396484375,0.0234375,0.77734375,False,A,0.08710265159606934,medmcqa_3,"['TEXT', 'PBMD', 'STAT', 'TEXT', 'PBMD']","[467523489549699050, 467572377854739718, 467572377850731778, 467523489549699047, 467572377853903256]","[0.7606809139251709, 0.7532219290733337, 0.7411498427391052, 0.7395936846733093, 0.7377526760101318]"
be69c330-1008-4f75-bca3-3e1658c02f39,Dental,0.44921875,0.1650390625,0.271484375,0.11328125,False,C,0.06661581993103027,medmcqa_3,"['PBMD', 'PBMD', 'PBMD', 'PBMD', 'PBMD']","[467572377853771640, 467572377856310562, 467572377852134871, 467572377853752354, 467572377853055884]","[0.7349767088890076, 0.7322530746459961, 0.7318106889724731, 0.7261422276496887, 0.7251507043838501]"
938a6fd0-f60a-4d86-91c0-0cb8786028ae,Dental,0.1708984375,0.2490234375,0.41015625,0.1708984375,False,B,0.11410999298095703,medmcqa_3,"['PBMD', 'PBMD', 'PBMD', 'PBMD', 'PBMD']","[467572377856757098, 467572377855812200, 467572377853454453, 467572377852467779, 467572377854512363]","[0.7518080472946167, 0.7455182671546936, 0.7442443370819092, 0.7380077838897705, 0.7351750135421753]"
f282ac31-8ff6-4a2b-b1d3-f2ce16552888,Dental,0.37109375,0.12060546875,0.37109375,0.13671875,True,A,0.09518074989318848,medmcqa_3,"['PBMD', 'PBMD', 'PBMD', 'PBMD', 'PBMD']","[467572377856527525, 467572377853145659, 467572377854818514, 467572377850919089, 467572377856630147]","[0.7527018785476685, 0.7504725456237793, 0.7403242588043213, 0.7397220134735107, 0.7396036982536316]"
3b5e1975-f74b-426e-8869-43b353f8a100,Dental,0.041748046875,0.8359375,0.060546875,0.060546875,True,B,0.08227705955505371,medmcqa_3,"['PBMD', 'PBMD', 'PBMD', 'PBMD', 'PBMD']","[467572377854826253, 467572377854825539, 467572377852755044, 467572377856303477, 467572377854816128]","[0.772693395614624, 0.7648065686225891, 0.7578327059745789, 0.755131721496582, 0.7543104887008667]"
069b7516-54c4-4e5d-acf7-a7c92fdd2a01,Dental,0.03076171875,0.0419921875,0.8984375,0.0289306640625,True,C,0.0668797492980957,medmcqa_3,"['PBMD', 'PBMD', 'PBMD', 'TEXT', 'PBMD']","[467572377854927630, 467572377852089315, 467572377854068691, 467523489549676283, 467572377855563278]","[0.7649503946304321, 0.7577769756317139, 0.7506600618362427, 0.740709125995636, 0.7377321124076843]"
25a152c6-7c2b-4da4-b89d-cf75e2b780aa,Dental,0.0184326171875,0.9453125,0.0059814453125,0.028564453125,True,B,0.08564281463623047,medmcqa_3,"['PBMD', 'PBMD', 'PBMD', 'PBMD', 'PBMD']","[467572377856144583, 467572377856406194, 467572377855282013, 467572377854822601, 467572377855288809]","[0.7449179887771606, 0.741317868232727, 0.74052494764328, 0.7390127182006836, 0.7351826429367065]"
3d2b968e-f973-423f-a0e9-1aab41489e9f,Dental,0.1884765625,0.212890625,0.146484375,0.451171875,False,A,0.08379602432250977,medmcqa_3,"['PBMD', 'PBMD', 'PBMD', 'PBMD', 'PBMD']","[467572377856291105, 467572377854819800, 467572377855977113, 467572377852255040, 467572377855505310]","[0.7434048652648926, 0.7332139015197754, 0.7317800521850586, 0.7314774394035339, 0.7307853698730469]"
3aed5296-d2c0-4347-8804-d85234302675,Dental,0.09521484375,0.353515625,0.515625,0.03515625,False,B,0.09963846206665039,medmcqa_3,"['PBMD', 'STAT', 'PBMD', 'PBMD', 'PBMD']","[467572377853476717, 467572377850239213, 467572377856432897, 467572377852115526, 467572377853853588]","[0.7420084476470947, 0.7371546626091003, 0.7302981019020081, 0.72318035364151, 0.722089409828186]"
8ecd446d-adb7-4e91-aca4-b1f3d3a63447,Dental,0.1396484375,0.8046875,0.0201416015625,0.03759765625,False,A,0.11397814750671387,medmcqa_3,"['PBMD', 'PBMD', 'PBMD', 'PBMD', 'PBMD']","[467572377855519223, 467572377856755516, 467572377852249654, 467572377856720604, 467572377852992302]","[0.7442197203636169, 0.7332463264465332, 0.7303136587142944, 0.7281141877174377, 0.7254418134689331]"
e342fc89-9875-4188-9009-b9065fdf5b9c,Dental,0.076171875,0.1259765625,0.5625,0.234375,False,B,0.10865497589111328,medmcqa_3,"['PBMD', 'PBMD', 'PBMD', 'PBMD', 'PBMD']","[467572377855619950, 467572377854022751, 467572377852892938, 467572377852673761, 467572377856934375]","[0.703008234500885, 0.701130747795105, 0.6922039985656738, 0.691931426525116, 0.6907411217689514]"
28c87a35-b6b1-4b1f-bfd5-d94b4fc0be1d,Dental,0.99609375,0.00131988525390625,0.00141143798828125,5.817413330078125e-05,True,A,0.0814664363861084,medmcqa_3,"['PBMD', 'PBMD', 'PBMD', 'PBMD', 'PBMD']","[467572377854665205, 467572377854513912, 467572377852606032, 467572377856123381, 467572377853391172]","[0.7572755813598633, 0.7559311389923096, 0.7530654668807983, 0.7519572377204895, 0.7499086260795593]"
8a91d036-5cc2-49a1-8ce0-d92b771ed10d,Dental,0.04052734375,0.055419921875,0.8125,0.09130859375,True,C,0.10492348670959473,medmcqa_3,"['STAT', 'STAT', 'PBMD', 'PBMD', 'PBMD']","[467572377850685610, 467572377850291858, 467572377856028541, 467572377853453428, 467572377852518856]","[0.7982311248779297, 0.7952505946159363, 0.7871932983398438, 0.778114914894104, 0.7779591679573059]"
bbc11393-3dfe-49f8-a57d-2ab6e0e8e46f,Dental,0.216796875,0.19140625,0.458984375,0.1318359375,True,C,0.09033918380737305,medmcqa_3,"['PBMD', 'PBMD', 'PBMD', 'PBMD', 'PBMD']","[467572377854827117, 467572377853055889, 467572377855871674, 467572377854631573, 467572377853758840]","[0.7915858030319214, 0.7842919826507568, 0.7779636979103088, 0.7735524773597717, 0.7689619064331055]"
2dc96b3f-39a1-4d38-8177-c3710ed7e586,Dental,0.053955078125,0.84375,0.0693359375,0.03271484375,False,A,0.0417330265045166,medmcqa_3,"['PBMD', 'PBMD', 'PBMD', 'PBMD', 'PBMD']","[467572377854136275, 467572377855983818, 467572377856654310, 467572377853413625, 467572377856667759]","[0.8022169470787048, 0.7806134819984436, 0.7775198221206665, 0.7707043886184692, 0.7629039883613586]"
8ad9acc0-4de3-4d82-86a4-7d8ccfdb8c68,Dental,0.322265625,0.041015625,0.60546875,0.031982421875,True,C,0.09868168830871582,medmcqa_3,"['PBMD', 'PBMD', 'PBMD', 'PBMD', 'PBMD']","[467572377852855188, 467572377855889659, 467572377852518849, 467572377853110747, 467572377852546500]","[0.7750341892242432, 0.7736585140228271, 0.7708474397659302, 0.7707304358482361, 0.7685786485671997]"
73818dbb-2bd3-4c46-a06a-b18b6ddb5450,Dental,0.353515625,0.2431640625,0.189453125,0.21484375,False,D,0.09812760353088379,medmcqa_3,"['PBMD', 'PBMD', 'PBMD', 'PBMD', 'PBMD']","[467572377852737812, 467572377854934504, 467572377855650056, 467572377855921632, 467572377853098295]","[0.7568807601928711, 0.7517797946929932, 0.7375890016555786, 0.7324649691581726, 0.731658935546875]"
c2b29a6c-e501-4532-97ad-62934778db2a,Dental,0.03466796875,0.1455078125,0.7421875,0.078125,True,C,0.08193635940551758,medmcqa_3,"['PBMD', 'PBMD', 'PBMD', 'PBMD', 'PBMD']","[467572377854519200, 467572377854509763, 467572377856885166, 467572377855636016, 467572377856131780]","[0.7407373189926147, 0.7209198474884033, 0.7172292470932007, 0.7162964344024658, 0.7151587605476379]"
f6c4ff25-9770-4650-88f6-82b6b83d7e31,Dental,0.1328125,0.765625,0.0712890625,0.031494140625,False,C,0.09891796112060547,medmcqa_3,"['PBMD', 'PBMD', 'PBMD', 'PBMD', 'PBMD']","[467572377856036543, 467572377854633434, 467572377850928454, 467572377854824273, 467572377856603259]","[0.7325165271759033, 0.7257029414176941, 0.7240200638771057, 0.7225808501243591, 0.7225472331047058]"
0c897b21-e2f5-4b70-ac40-edc59745a66c,Pathology,0.84375,0.146484375,0.0087890625,0.001434326171875,True,A,0.0843510627746582,medmcqa_3,"['PBMD', 'PBMD', 'PBMD', 'PBMD', 'PBMD']","[467572377856355515, 467572377855700064, 467572377850982588, 467572377852188582, 467572377855363770]","[0.7724016308784485, 0.7677469849586487, 0.7667384743690491, 0.7661264538764954, 0.7642698884010315]"
e0d6862e-e62f-4aa6-a4b1-f42c042e46c6,Pathology,0.008544921875,0.98828125,0.0009613037109375,0.00031280517578125,True,B,0.0483856201171875,medmcqa_3,"['PBMD', 'STAT', 'PBMD', 'PBMD', 'PBMD']","[467572377855076206, 467572377850292310, 467572377852177324, 467572377852475136, 467572377854546083]","[0.7934339046478271, 0.7890848517417908, 0.7770314812660217, 0.7762066721916199, 0.7760579586029053]"
a6466fc3-93c7-4de7-931f-3d98a8353ee9,Pathology,0.09130859375,0.0115966796875,0.08544921875,0.8125,False,C,0.10367846488952637,medmcqa_3,"['PBMD', 'PBMD', 'PBMD', 'PBMD', 'PBMD']","[467572377855223120, 467572377855900591, 467572377855542665, 467572377856392658, 467572377855714998]","[0.8441116809844971, 0.8381292819976807, 0.8365931510925293, 0.8314025402069092, 0.8288623094558716]"
ee31cc18-91fd-4582-a3e8-5311e85521b3,Pathology,0.01312255859375,0.0015716552734375,0.00482177734375,0.98046875,True,D,0.0625009536743164,medmcqa_3,"['TEXT', 'PBMD', 'PBMD', 'STAT', 'PBMD']","[467523489549950899, 467572377853972293, 467572377854660402, 467572377850650640, 467572377853961490]","[0.7776689529418945, 0.7715145349502563, 0.7653810977935791, 0.7619848251342773, 0.7608213424682617]"
7e01c8f0-9b7e-4884-ad40-0c2487a4f5cb,Pathology,0.1611328125,0.09814453125,0.439453125,0.30078125,False,D,0.06598639488220215,medmcqa_3,"['PBMD', 'PBMD', 'STAT', 'PBMD', 'PBMD']","[467572377853402358, 467572377852868602, 467572377850290956, 467572377852954319, 467572377852235852]","[0.7906771302223206, 0.7897912859916687, 0.7826486825942993, 0.7813214063644409, 0.7791746258735657]"
4873ac63-79fe-4fdb-a63b-1c4064b80d15,Pathology,0.01165771484375,0.984375,0.0021514892578125,0.00037384033203125,True,B,0.09119558334350586,medmcqa_3,"['STAT', 'TEXT', 'TEXT', 'TEXT', 'PBMD']","[467572377850692136, 467523489549973426, 467523489549678630, 467523489549945516, 467572377851010015]","[0.7886191606521606, 0.7857421040534973, 0.7725588083267212, 0.7723802924156189, 0.7698205709457397]"
c848ac2e-6165-47e9-82ac-a59fb2ac705b,Pathology,0.033935546875,0.8203125,0.0181884765625,0.1259765625,True,B,0.06514406204223633,medmcqa_3,"['STAT', 'PBMD', 'STAT', 'PBMD', 'STAT']","[467572377850657305, 467572377853072219, 467572377850375063, 467572377853662204, 467572377850315357]","[0.7775368690490723, 0.775316596031189, 0.7674294710159302, 0.7667042016983032, 0.7646772265434265]"
6380bf46-988e-4ed8-8add-f57fa7bb61fc,Pathology,0.12890625,0.06884765625,0.7421875,0.060791015625,False,A,0.050443410873413086,medmcqa_3,"['PBMD', 'PBMD', 'PBMD', 'PBMD', 'PBMD']","[467572377850923748, 467572377853803371, 467572377852249905, 467572377853118626, 467572377856237672]","[0.746871292591095, 0.7459602355957031, 0.7451663613319397, 0.7434284090995789, 0.7417066693305969]"
b32d6655-6939-4b8d-b7da-e7274a017cfd,Pathology,0.953125,0.019775390625,0.0038909912109375,0.0224609375,True,A,0.08013343811035156,medmcqa_3,"['TEXT', 'TEXT', 'STAT', 'PBMD', 'PBMD']","[467523489549699757, 467523489549991315, 467572377850238769, 467572377854267392, 467572377856599857]","[0.8121245503425598, 0.8074203729629517, 0.8004042506217957, 0.7938170433044434, 0.7927225232124329]"
62b4984a-2bd0-47b0-ab7c-8cc7027c8303,Pathology,0.0849609375,0.625,0.027587890625,0.26171875,False,D,0.07834148406982422,medmcqa_3,"['STAT', 'STAT', 'STAT', 'PBMD', 'STAT']","[467572377850290960, 467572377850290934, 467572377850274191, 467572377856252606, 467572377850274190]","[0.8576207756996155, 0.8289121389389038, 0.8005276322364807, 0.7991836071014404, 0.7988708019256592]"
ba705377-5543-4350-8483-bf984e4ccf15,Pathology,0.01544189453125,0.95703125,0.0255126953125,0.002685546875,True,B,0.0941157341003418,medmcqa_3,"['PBMD', 'PBMD', 'PBMD', 'PBMD', 'PBMD']","[467572377855566072, 467572377853048932, 467572377852759128, 467572377852927610, 467572377850794636]","[0.7777332067489624, 0.7766918540000916, 0.7753352522850037, 0.7695416808128357, 0.7617264986038208]"
3fa4b9e1-0992-4f0f-b2c5-c3b620d91bd2,Pathology,0.26171875,0.7109375,0.009521484375,0.0167236328125,False,A,0.07996416091918945,medmcqa_3,"['PBMD', 'PBMD', 'PBMD', 'PBMD', 'PBMD']","[467572377855318041, 467572377852438225, 467572377853581866, 467572377850920923, 467572377854141078]","[0.8105510473251343, 0.8071291446685791, 0.8029949069023132, 0.8009616136550903, 0.800782322883606]"
68dc3363-c18b-47c7-b20d-c538cc7febc8,Pathology,0.12890625,0.02880859375,0.83984375,0.0017242431640625,False,A,0.07402276992797852,medmcqa_3,"['PBMD', 'PBMD', 'PBMD', 'PBMD', 'PBMD']","[467572377853920069, 467572377853920083, 467572377850927035, 467572377852517632, 467572377852249775]","[0.8053029179573059, 0.8031486868858337, 0.7968630194664001, 0.7801339626312256, 0.7761921882629395]"
46fe2094-87db-4117-b06f-7a7bebb94646,Pathology,0.0234375,0.93359375,0.00555419921875,0.0361328125,False,D,0.045004844665527344,medmcqa_3,"['PBMD', 'PBMD', 'PBMD', 'PBMD', 'PBMD']","[467572377853700523, 467572377850924849, 467572377852094799, 467572377850956580, 467572377853920054]","[0.820965588092804, 0.8175862431526184, 0.8160651326179504, 0.7995827198028564, 0.7936806678771973]"
d6f5cf46-9b31-4489-8989-beff9c456484,Pathology,0.003814697265625,0.99609375,0.000850677490234375,0.0004558563232421875,True,B,0.08893465995788574,medmcqa_3,"['PBMD', 'PBMD', 'PBMD', 'PBMD', 'PBMD']","[467572377855108647, 467572377853476745, 467572377853747264, 467572377854550242, 467572377854711265]","[0.8004222512245178, 0.7962608337402344, 0.7960732579231262, 0.7952904105186462, 0.7950112819671631]"
592dc3ce-d34f-4426-91b5-01556d31b89f,Pathology,0.0673828125,0.875,0.030029296875,0.0264892578125,True,B,0.10373592376708984,medmcqa_3,"['PBMD', 'PBMD', 'PBMD', 'PBMD', 'PBMD']","[467572377853935004, 467572377856122270, 467572377854837085, 467572377852908432, 467572377853249765]","[0.7605844140052795, 0.7600464224815369, 0.7590164542198181, 0.7583590149879456, 0.758131742477417]"
783aaf31-fd64-4f4e-aa67-93c00cb407ad,Pathology,0.041748046875,0.060546875,0.890625,0.0076904296875,True,C,0.07427787780761719,medmcqa_3,"['PBMD', 'STAT', 'STAT', 'PBMD', 'STAT']","[467572377855334891, 467572377850752460, 467572377850314453, 467572377854737547, 467572377850229479]","[0.7268680930137634, 0.7262714505195618, 0.7235181331634521, 0.7202103734016418, 0.7102632522583008]"
bd0ed5fa-d212-4dfc-bba3-9706fe6a228d,Pathology,0.9921875,0.00102996826171875,0.005218505859375,0.00017833709716796875,True,A,0.06916594505310059,medmcqa_3,"['PBMD', 'PBMD', 'PBMD', 'PBMD', 'PBMD']","[467572377856620826, 467572377855855493, 467572377855834884, 467572377855408086, 467572377853849150]","[0.7722164988517761, 0.7653430104255676, 0.7565699219703674, 0.753059983253479, 0.7484630346298218]"
e03a6d53-0c8b-4bf7-9710-c19083bcb018,Pathology,0.87109375,0.076171875,0.046142578125,0.008544921875,True,A,0.07892274856567383,medmcqa_3,"['PBMD', 'PBMD', 'PBMD', 'PBMD', 'PBMD']","[467572377852252989, 467572377856154717, 467572377853812520, 467572377853826453, 467572377851000173]","[0.7739826440811157, 0.7541765570640564, 0.7503560781478882, 0.7503163814544678, 0.7502180337905884]"
752e362f-7162-4590-bb2f-fc6dc270a065,Pathology,0.296875,0.26171875,0.1796875,0.26171875,False,C,0.06447362899780273,medmcqa_3,"['STAT', 'PBMD', 'PBMD', 'PBMD', 'PBMD']","[467572377850275922, 467572377852101534, 467572377855380914, 467572377855266467, 467572377850902016]","[0.7601330280303955, 0.7521448135375977, 0.7458494305610657, 0.7451807260513306, 0.7441099882125854]"
605726f9-65ea-400a-987f-c07d48525120,Pediatrics,0.7421875,0.11376953125,0.1064453125,0.039306640625,True,A,0.09320902824401855,medmcqa_3,"['PBMD', 'PBMD', 'PBMD', 'PBMD', 'PBMD']","[467572377852678847, 467572377854089700, 467572377854991726, 467572377855778073, 467572377854117519]","[0.8033878207206726, 0.7980225682258606, 0.7958722114562988, 0.7956236600875854, 0.7953767776489258]"
77a4b51b-b0d3-44fc-bed3-2ecccad80de0,Pediatrics,0.1005859375,0.1875,0.65625,0.05712890625,False,B,0.11693668365478516,medmcqa_3,"['PBMD', 'PBMD', 'PBMD', 'PBMD', 'PBMD']","[467572377855334277, 467572377854502202, 467572377850903484, 467572377855303428, 467572377853621100]","[0.8389589786529541, 0.8372961282730103, 0.8339047431945801, 0.8250857591629028, 0.8243601322174072]"
82f0f5d7-996b-49cc-8c8c-b9ff7cb35ecc,Pediatrics,0.037109375,0.00112152099609375,0.006439208984375,0.95703125,True,D,0.07600784301757812,medmcqa_3,"['PBMD', 'PBMD', 'PBMD', 'PBMD', 'PBMD']","[467572377853779412, 467572377855905869, 467572377854009944, 467572377852190109, 467572377856021061]","[0.7625898122787476, 0.7603219747543335, 0.7574954032897949, 0.7559053897857666, 0.755608320236206]"
dc020962-d8a1-4790-b268-c6dadb000137,Pediatrics,0.09619140625,0.66796875,0.1025390625,0.1318359375,True,B,0.08806586265563965,medmcqa_3,"['PBMD', 'STAT', 'STAT', 'PBMD', 'PBMD']","[467572377853786426, 467572377850775451, 467572377850687720, 467572377855155883, 467572377852901378]","[0.8308925628662109, 0.8252237439155579, 0.821624755859375, 0.8163241744041443, 0.8149101138114929]"
56a4d5b8-c2e7-4534-9511-a30ff0769814,Pediatrics,0.036376953125,0.9375,0.01422119140625,0.01177978515625,True,B,0.11549091339111328,medmcqa_3,"['PBMD', 'TEXT', 'PBMD', 'STAT', 'PBMD']","[467572377854516335, 467523489549929243, 467572377855150701, 467572377850623415, 467572377855467706]","[0.775348961353302, 0.7744500637054443, 0.7733250856399536, 0.7710354328155518, 0.7648815512657166]"
66092ccf-9a06-466a-a08f-8964f3091a9c,Pediatrics,0.91796875,0.040283203125,0.040283203125,0.00078582763671875,True,A,0.10265040397644043,medmcqa_3,"['PBMD', 'PBMD', 'PBMD', 'PBMD', 'PBMD']","[467572377852978703, 467572377854028087, 467572377854839339, 467572377854269812, 467572377850810074]","[0.7540940046310425, 0.7507851719856262, 0.7506390810012817, 0.7492388486862183, 0.749067485332489]"
a9eb877d-bc11-4923-88b2-97193a8d52eb,Pediatrics,0.1708984375,0.41015625,0.1708984375,0.2490234375,False,C,0.08638453483581543,medmcqa_3,"['PBMD', 'PBMD', 'PBMD', 'STAT', 'PBMD']","[467572377855545656, 467572377852686440, 467572377854258610, 467572377850781900, 467572377852421770]","[0.7321869134902954, 0.7320608496665955, 0.7264862656593323, 0.7253218293190002, 0.7232938408851624]"
ca5cb321-54b4-4b5f-a507-0493c19af96f,Pediatrics,0.058837890625,0.921875,0.00750732421875,0.0115966796875,True,B,0.1085052490234375,medmcqa_3,"['PBMD', 'PBMD', 'TEXT', 'PBMD', 'STAT']","[467572377856087458, 467572377855589775, 467523489549678962, 467572377856447561, 467572377850349083]","[0.7622276544570923, 0.7561633586883545, 0.7511262893676758, 0.7504808306694031, 0.7495534420013428]"
7697c864-514c-4a73-8ce4-ea6cf0d0b651,Pediatrics,0.1689453125,0.1484375,0.404296875,0.27734375,False,D,0.06566739082336426,medmcqa_3,"['PBMD', 'PBMD', 'STAT', 'PBMD', 'PBMD']","[467572377854034747, 467572377856261352, 467572377850297772, 467572377856624084, 467572377852649780]","[0.7249875068664551, 0.7186994552612305, 0.7165225744247437, 0.7127717733383179, 0.7068905830383301]"
41fac382-483b-4573-99c4-555b80dff3bc,Pediatrics,0.0284423828125,0.022216796875,0.4453125,0.50390625,False,C,0.10138344764709473,medmcqa_3,"['TEXT', 'PBMD', 'PBMD', 'PBMD', 'PBMD']","[467523489549979624, 467572377856259389, 467572377856863194, 467572377856981362, 467572377850918185]","[0.7971106767654419, 0.7920737266540527, 0.791283369064331, 0.7888574600219727, 0.7885913848876953]"
cd26e28e-1b7b-4873-8031-d69f1b75a277,Pediatrics,0.73828125,0.0830078125,0.1552734375,0.023681640625,True,A,0.09871053695678711,medmcqa_3,"['PBMD', 'STAT', 'PBMD', 'PBMD', 'PBMD']","[467572377854553236, 467572377850338530, 467572377853595649, 467572377854430771, 467572377855687397]","[0.8099433183670044, 0.807462215423584, 0.8073168992996216, 0.7992700338363647, 0.7959693074226379]"
5fa2e23f-c19c-4828-b240-59b7a0a84834,Pediatrics,0.0732421875,0.19921875,0.6953125,0.0306396484375,False,A,0.11113429069519043,medmcqa_3,"['TEXT', 'PBMD', 'PBMD', 'PBMD', 'PBMD']","[467523489549977775, 467572377853449362, 467572377852489344, 467572377856801176, 467572377852516882]","[0.787078857421875, 0.775536835193634, 0.7723100781440735, 0.7689188718795776, 0.7668307423591614]"
867140e4-9b9f-4784-b252-9720f89a385e,Pediatrics,0.0296630859375,0.055419921875,0.8671875,0.048828125,True,C,0.06046605110168457,medmcqa_3,"['STAT', 'TEXT', 'STAT', 'STAT', 'PBMD']","[467572377850311282, 467523489549977213, 467572377850748052, 467572377850748051, 467572377853093114]","[0.8132613301277161, 0.774319589138031, 0.7607963681221008, 0.7587446570396423, 0.7583975195884705]"
3101996f-b393-4e05-9cb4-542df72f1b5c,Pediatrics,0.38671875,0.220703125,0.341796875,0.04931640625,True,A,0.050768375396728516,medmcqa_3,"['PBMD', 'PBMD', 'TEXT', 'PBMD', 'PBMD']","[467572377852453585, 467572377854848118, 467523489549979594, 467572377853780648, 467572377854094946]","[0.7976169586181641, 0.783334493637085, 0.762496829032898, 0.7593963146209717, 0.7593647241592407]"
822d5c68-39fe-40e8-97ef-f50d7af91ebb,Pediatrics,0.5234375,0.462890625,0.0096435546875,0.00201416015625,False,B,0.05626034736633301,medmcqa_3,"['STAT', 'PBMD', 'PBMD', 'PBMD', 'STAT']","[467572377850360239, 467572377854773524, 467572377855216927, 467572377856669507, 467572377850627036]","[0.7603017091751099, 0.7559237480163574, 0.7550278902053833, 0.7538804411888123, 0.7535067796707153]"
bd279945-7401-4ea3-9f54-bcda518ecc9c,Pediatrics,0.57421875,0.11328125,0.17578125,0.13671875,False,C,0.10071158409118652,medmcqa_3,"['PBMD', 'PBMD', 'PBMD', 'STAT', 'PBMD']","[467572377856527857, 467572377852734186, 467572377856890798, 467572377850311282, 467572377855031298]","[0.7905910015106201, 0.7816802263259888, 0.779911994934082, 0.7734471559524536, 0.7698086500167847]"
605c9835-95d4-4a5e-b400-09bf38e75e4c,Pediatrics,0.150390625,0.07080078125,0.015869140625,0.76171875,False,A,0.12114834785461426,medmcqa_3,"['PBMD', 'PBMD', 'PBMD', 'PBMD', 'PBMD']","[467572377854740675, 467572377852523026, 467572377851018126, 467572377852660761, 467572377855855031]","[0.7689833641052246, 0.7647138237953186, 0.7644569873809814, 0.7607302665710449, 0.7602418065071106]"
a1546ddd-5e66-42f2-897f-90fce5601b72,Pediatrics,0.01300048828125,0.07470703125,0.7109375,0.203125,True,C,0.08707976341247559,medmcqa_3,"['PBMD', 'PBMD', 'PBMD', 'PBMD', 'PBMD']","[467572377852245283, 467572377854785546, 467572377854593874, 467572377853551677, 467572377854768527]","[0.7720708847045898, 0.7716838717460632, 0.7659276127815247, 0.7579736113548279, 0.7542193531990051]"
8d0b854f-93fb-43ae-a1b9-d489ea68103b,Pediatrics,0.380859375,0.07958984375,0.380859375,0.1591796875,False,C,0.1076505184173584,medmcqa_3,"['PBMD', 'PBMD', 'PBMD', 'PBMD', 'PBMD']","[467572377856747325, 467572377855842919, 467572377854096213, 467572377852695643, 467572377854915642]","[0.837433397769928, 0.8354364633560181, 0.8350064754486084, 0.8336236476898193, 0.8311920762062073]"
9572a3f9-b8a0-4fc4-96a1-cc0409721155,Pediatrics,0.02880859375,0.1005859375,0.7421875,0.12890625,True,C,0.12484526634216309,medmcqa_3,"['PBMD', 'PBMD', 'PBMD', 'PBMD', 'PBMD']","[467572377854760768, 467572377855179007, 467572377855601209, 467572377855731306, 467572377856109756]","[0.7685738205909729, 0.7623511552810669, 0.7598912715911865, 0.7576889991760254, 0.7554088830947876]"
a79f09ab-a292-4a46-ac30-dbf9daadc72a,Medicine,0.265625,0.38671875,0.2353515625,0.11083984375,False,D,0.1466231346130371,medmcqa_3,"['PBMD', 'PBMD', 'PBMD', 'PBMD', 'PBMD']","[467572377854583422, 467572377854298521, 467572377854299854, 467572377854662122, 467572377856935609]","[0.793043851852417, 0.7867783308029175, 0.7863515019416809, 0.7861273288726807, 0.7841638326644897]"
a35fecfa-0c54-497b-957c-58da96b3716a,Medicine,0.10302734375,0.408203125,0.408203125,0.08056640625,True,B,0.10496401786804199,medmcqa_3,"['PBMD', 'PBMD', 'PBMD', 'PBMD', 'PBMD']","[467572377853022848, 467572377856510456, 467572377854794812, 467572377852432380, 467572377854220784]","[0.7493081092834473, 0.7489991784095764, 0.743212103843689, 0.742283284664154, 0.7405542731285095]"
68589d4c-ad15-4989-a235-a242d226503a,Medicine,0.0498046875,0.038818359375,0.0267333984375,0.8828125,True,D,0.0639958381652832,medmcqa_3,"['PBMD', 'PBMD', 'PBMD', 'PBMD', 'PBMD']","[467572377856748705, 467572377852505086, 467572377852107097, 467572377854012240, 467572377853187187]","[0.7885701060295105, 0.7837278246879578, 0.7748563289642334, 0.7687268853187561, 0.7681670188903809]"
059b7c1c-bc8d-499d-ba18-42f173fc6501,Medicine,0.0272216796875,0.0198974609375,0.90234375,0.05078125,False,D,0.06884074211120605,medmcqa_3,"['STAT', 'STAT', 'PBMD', 'PBMD', 'STAT']","[467572377850668568, 467572377850668567, 467572377855403011, 467572377855140693, 467572377850668561]","[0.7861413955688477, 0.7601233720779419, 0.7563835382461548, 0.7550455331802368, 0.7502225637435913]"
3b6a211f-c575-44fd-b0c4-77bf1152bcb6,Medicine,0.048828125,0.8671875,0.0458984375,0.0380859375,True,B,0.06643939018249512,medmcqa_3,"['STAT', 'PBMD', 'STAT', 'STAT', 'TEXT']","[467572377850391745, 467572377856237842, 467572377850685666, 467572377850783189, 467523489549927910]","[0.7575371265411377, 0.7497380375862122, 0.7450090050697327, 0.7433788776397705, 0.7412745356559753]"
9c7e163e-d22f-43d9-8c77-fb036bc0b064,Medicine,0.412109375,0.171875,0.283203125,0.1337890625,False,D,0.11891031265258789,medmcqa_3,"['PBMD', 'PBMD', 'PBMD', 'PBMD', 'PBMD']","[467572377856516315, 467572377856149672, 467572377853390498, 467572377856910106, 467572377853809186]","[0.8037538528442383, 0.788860559463501, 0.7865960001945496, 0.7829871773719788, 0.782677948474884]"
7f88c1d5-fa5c-4502-aa06-9bb265fda88e,Medicine,0.031982421875,0.018310546875,0.9375,0.01177978515625,False,A,0.08845877647399902,medmcqa_3,"['TEXT', 'STAT', 'PBMD', 'PBMD', 'PBMD']","[467523489549965783, 467572377850278641, 467572377856304504, 467572377856001513, 467572377853117172]","[0.837119996547699, 0.8069666624069214, 0.7901256680488586, 0.7781519293785095, 0.7762415409088135]"
7d6455c7-5b76-4e75-84e6-0e37f920fa5a,Medicine,0.060546875,0.8359375,0.08251953125,0.022216796875,True,B,0.09911036491394043,medmcqa_3,"['PBMD', 'PBMD', 'PBMD', 'PBMD', 'PBMD']","[467572377855619200, 467572377856502165, 467572377852819402, 467572377852267397, 467572377855086340]","[0.7555162310600281, 0.7508640885353088, 0.7456257939338684, 0.7422215938568115, 0.7420946955680847]"
be284b52-a2f5-4b28-8d48-f1101176661f,Medicine,0.034423828125,0.65234375,0.0252685546875,0.2890625,False,D,0.08797502517700195,medmcqa_3,"['TEXT', 'PBMD', 'PBMD', 'PBMD', 'PBMD']","[467523489549927027, 467572377852463230, 467572377850940329, 467572377854824987, 467572377852042886]","[0.8340718746185303, 0.8328747749328613, 0.8320257067680359, 0.8315151929855347, 0.8289526700973511]"
5cd9cad4-7480-47d8-8266-b3a4fc04a9e7,Medicine,0.9453125,0.0196533203125,0.017333984375,0.0162353515625,True,A,0.08248305320739746,medmcqa_3,"['TEXT', 'STAT', 'STAT', 'TEXT', 'STAT']","[467523489549933911, 467572377850260173, 467572377850260174, 467523489549935363, 467572377850784339]","[0.7599465847015381, 0.7519218921661377, 0.7504149675369263, 0.7465955018997192, 0.7451226711273193]"
bbc08675-2e06-4229-aecc-74dbf064a4bd,Medicine,0.0145263671875,0.95703125,0.0255126953125,0.001739501953125,True,B,0.1008603572845459,medmcqa_3,"['PBMD', 'STAT', 'STAT', 'PBMD', 'PBMD']","[467572377854767134, 467572377850242958, 467572377850663973, 467572377856447362, 467572377854169620]","[0.7787941098213196, 0.7783006429672241, 0.7769386768341064, 0.7701721787452698, 0.7689046859741211]"
94cfe1dc-7810-4c50-af95-87a3c560f6bb,Medicine,0.0189208984375,0.96875,0.007415771484375,0.00372314453125,True,B,0.10624051094055176,medmcqa_3,"['PBMD', 'PBMD', 'PBMD', 'PBMD', 'PBMD']","[467572377852089407, 467572377853881939, 467572377856144969, 467572377853981250, 467572377852030054]","[0.7853517532348633, 0.767186164855957, 0.7629732489585876, 0.7616764903068542, 0.7603983879089355]"
e7173db8-8f12-46b3-a2e8-86eaa2574855,Medicine,0.220703125,0.1953125,0.171875,0.412109375,False,B,0.12923550605773926,medmcqa_3,"['PBMD', 'PBMD', 'PBMD', 'PBMD', 'PBMD']","[467572377853785157, 467572377853470051, 467572377850813121, 467572377855812243, 467572377855961574]","[0.7939002513885498, 0.7849453091621399, 0.7724459767341614, 0.7716389894485474, 0.7686203718185425]"
9d63d4fc-1da3-43f5-ba51-411f790407f9,Medicine,0.0166015625,0.006134033203125,0.00946044921875,0.96875,True,D,0.11462783813476562,medmcqa_3,"['PBMD', 'PBMD', 'STAT', 'PBMD', 'PBMD']","[467572377855889473, 467572377854350828, 467572377850761845, 467572377854146006, 467572377855841701]","[0.7811046242713928, 0.7802765965461731, 0.7795566320419312, 0.7790833711624146, 0.777788519859314]"
2dfa15d3-3d8e-49ee-841d-4e3a6fbde317,Medicine,0.48828125,0.035400390625,0.1796875,0.296875,True,A,0.11143302917480469,medmcqa_3,"['PBMD', 'PBMD', 'PBMD', 'TEXT', 'PBMD']","[467572377856088730, 467572377855770876, 467572377856468408, 467523489549707042, 467572377854253734]","[0.813701331615448, 0.8111280202865601, 0.8062646985054016, 0.8061528205871582, 0.8058974146842957]"
c5033993-1bb5-4691-98c5-757d134b572f,Medicine,0.099609375,0.83203125,0.05322265625,0.01434326171875,True,B,0.11036443710327148,medmcqa_3,"['PBMD', 'PBMD', 'PBMD', 'PBMD', 'PBMD']","[467572377854028694, 467572377854414391, 467572377856213985, 467572377856718704, 467572377852252568]","[0.8352982997894287, 0.8288016319274902, 0.8276848793029785, 0.8270902633666992, 0.8164415955543518]"
ad195e5d-7f52-42cc-a183-b05e3181d0ab,Medicine,0.2021484375,0.55078125,0.2021484375,0.045166015625,True,B,0.12200689315795898,medmcqa_3,"['PBMD', 'PBMD', 'PBMD', 'PBMD', 'PBMD']","[467572377855898258, 467572377853291520, 467572377854171931, 467572377855211750, 467572377856553738]","[0.7839113473892212, 0.7732555270195007, 0.7673322558403015, 0.7665455341339111, 0.7657491564750671]"
b674d02e-af50-4f16-9f81-e3983a854b6a,Medicine,0.0751953125,0.3828125,0.337890625,0.205078125,False,C,0.07390141487121582,medmcqa_3,"['PBMD', 'PBMD', 'TEXT', 'PBMD', 'PBMD']","[467572377856592625, 467572377852890853, 467523489549678608, 467572377852607964, 467572377854918583]","[0.7414820790290833, 0.7402345538139343, 0.7379662394523621, 0.7375278472900391, 0.7361884713172913]"
faf1c5f2-3ab2-492c-b58b-1dd81fd5a6d7,Medicine,0.11328125,0.578125,0.1552734375,0.1552734375,False,D,0.09035348892211914,medmcqa_3,"['TEXT', 'PBMD', 'TEXT', 'PBMD', 'PBMD']","[467523489549985439, 467572377856286159, 467523489549985438, 467572377856192743, 467572377852960604]","[0.7720670104026794, 0.7691824436187744, 0.7688687443733215, 0.7677032947540283, 0.7642616033554077]"
07de25a2-48ee-4f13-883f-78f9f34656fc,Medicine,0.0279541015625,0.5625,0.384765625,0.0262451171875,False,C,0.0961005687713623,medmcqa_3,"['PBMD', 'PBMD', 'PBMD', 'TEXT', 'PBMD']","[467572377854479243, 467572377854738387, 467572377853820030, 467523489549927390, 467572377855081894]","[0.7804726362228394, 0.7803473472595215, 0.7657962441444397, 0.7550357580184937, 0.753074049949646]"
673a0bbe-b4d8-46bb-83b0-e01658f9f22f,Ophthalmology,0.99609375,0.00262451171875,0.0029754638671875,0.00013065338134765625,True,A,0.0447235107421875,medmcqa_3,"['STAT', 'STAT', 'STAT', 'STAT', 'STAT']","[467572377850623008, 467572377850622979, 467572377850785628, 467572377850622981, 467572377850623015]","[0.7409371733665466, 0.727576494216919, 0.7211533784866333, 0.7194440364837646, 0.7192790508270264]"
2d88e018-637e-47c4-bb63-dd7216c204ae,Ophthalmology,0.5859375,0.27734375,0.08984375,0.048095703125,True,A,0.06482505798339844,medmcqa_3,"['PBMD', 'PBMD', 'PBMD', 'PBMD', 'PBMD']","[467572377855888952, 467572377852689807, 467572377850997159, 467572377855169533, 467572377854690100]","[0.7674438953399658, 0.7348223924636841, 0.7306724190711975, 0.7285736799240112, 0.7284233570098877]"
abed431b-5d40-4df7-9f7b-4088185b5728,Ophthalmology,0.1767578125,0.375,0.291015625,0.15625,True,B,0.08640384674072266,medmcqa_3,"['PBMD', 'TEXT', 'PBMD', 'STAT', 'PBMD']","[467572377853373144, 467523489549700678, 467572377856349415, 467572377850243553, 467572377855356425]","[0.7593291997909546, 0.759205162525177, 0.7559887170791626, 0.7527132630348206, 0.7490230798721313]"
475b9dc7-c23d-4e3f-a3c7-5dc5893a34b1,Ophthalmology,0.0576171875,0.0289306640625,0.90234375,0.0120849609375,True,C,0.10226225852966309,medmcqa_3,"['PBMD', 'PBMD', 'PBMD', 'PBMD', 'PBMD']","[467572377856043956, 467572377852118986, 467572377852899863, 467572377850934823, 467572377855238406]","[0.7085916996002197, 0.7083786725997925, 0.706999659538269, 0.7054155468940735, 0.704925000667572]"
71803632-1b88-4332-88f5-be3ac2515b85,Ophthalmology,0.25390625,0.474609375,0.07275390625,0.1982421875,True,B,0.0650935173034668,medmcqa_3,"['PBMD', 'PBMD', 'PBMD', 'PBMD', 'PBMD']","[467572377856121265, 467572377855553491, 467572377855160042, 467572377850854672, 467572377853079046]","[0.7553549408912659, 0.7510464191436768, 0.748052716255188, 0.7480319142341614, 0.7475202679634094]"
845fbff7-6332-49ce-8ecb-d62616e2ae9a,Ophthalmology,0.11865234375,0.68359375,0.15234375,0.04638671875,False,C,0.060192108154296875,medmcqa_3,"['STAT', 'PBMD', 'PBMD', 'PBMD', 'PBMD']","[467572377850246675, 467572377853361805, 467572377852101446, 467572377854973841, 467572377851007685]","[0.7799398899078369, 0.7775160074234009, 0.7732424736022949, 0.772345781326294, 0.7721440196037292]"
d58a8e4e-0f5e-42bb-8b24-75a882eacfa2,Ophthalmology,0.4296875,0.259765625,0.2021484375,0.1083984375,True,A,0.09306502342224121,medmcqa_3,"['PBMD', 'PBMD', 'PBMD', 'PBMD', 'PBMD']","[467572377856350507, 467572377856610063, 467572377852123772, 467572377854257536, 467572377855366645]","[0.7871360182762146, 0.7826464772224426, 0.7708513736724854, 0.7642941474914551, 0.7616963982582092]"
c02f03a6-ff92-4236-9883-f9e7bf1e02df,Ophthalmology,0.3203125,0.46484375,0.1513671875,0.06298828125,True,B,0.10357236862182617,medmcqa_3,"['STAT', 'PBMD', 'PBMD', 'PBMD', 'PBMD']","[467572377850286492, 467572377854859672, 467572377856574336, 467572377856597529, 467572377856382634]","[0.7661506533622742, 0.7654703855514526, 0.764568030834198, 0.7607671022415161, 0.7601280212402344]"
1230c97d-c9b4-4b1d-8ced-986a8031ac45,Ophthalmology,0.0693359375,0.74609375,0.1298828125,0.05419921875,True,B,0.09151959419250488,medmcqa_3,"['PBMD', 'PBMD', 'PBMD', 'PBMD', 'PBMD']","[467572377856117532, 467572377850975364, 467572377856049070, 467572377852269601, 467572377854912366]","[0.7588320970535278, 0.7506787776947021, 0.7482995986938477, 0.7465717196464539, 0.7434410452842712]"
3f6665ca-6b69-4345-88c2-72c2befd4d18,Ophthalmology,0.240234375,0.44921875,0.1650390625,0.1455078125,False,A,0.058179616928100586,medmcqa_3,"['PBMD', 'STAT', 'PBMD', 'STAT', 'PBMD']","[467572377855184540, 467572377850240027, 467572377853608995, 467572377850288610, 467572377855477391]","[0.7504537105560303, 0.7352035045623779, 0.7348247170448303, 0.7287899255752563, 0.7248152494430542]"
8bc0a153-89f2-4bef-869e-ae471503d279,Ophthalmology,0.28515625,0.365234375,0.15234375,0.1962890625,False,C,0.0607302188873291,medmcqa_3,"['PBMD', 'PBMD', 'STAT', 'PBMD', 'TEXT']","[467572377855299575, 467572377854541354, 467572377850763137, 467572377853355142, 467523489549677063]","[0.7464039325714111, 0.7319676280021667, 0.7313642501831055, 0.7296333909034729, 0.7270461916923523]"
aadafd4c-cb37-460b-8e6f-28f42d01dd60,Ophthalmology,0.017578125,0.018798828125,0.96484375,0.00060272216796875,True,C,0.07579994201660156,medmcqa_3,"['PBMD', 'STAT', 'TEXT', 'PBMD', 'PBMD']","[467572377852794506, 467572377850675363, 467523489549707979, 467572377853602803, 467572377852217840]","[0.7906431555747986, 0.7892126441001892, 0.7863396406173706, 0.7812033891677856, 0.7769955396652222]"
b9cbbe45-fa4a-4a54-b4f3-143039171071,Ophthalmology,0.05908203125,0.494140625,0.00909423828125,0.4375,False,D,0.10688638687133789,medmcqa_3,"['PBMD', 'PBMD', 'PBMD', 'PBMD', 'PBMD']","[467572377852695210, 467572377853422822, 467572377855854673, 467572377853418292, 467572377853223659]","[0.7813770771026611, 0.7780464887619019, 0.7692248821258545, 0.7691861391067505, 0.7686580419540405]"
bee78f93-a09e-491f-856e-846b81e4aa5c,Ophthalmology,0.00592041015625,0.9921875,0.0003337860107421875,0.00015735626220703125,True,B,0.08414340019226074,medmcqa_3,"['PBMD', 'PBMD', 'PBMD', 'PBMD', 'PBMD']","[467572377855536768, 467572377853708861, 467572377853456289, 467572377852941760, 467572377855293162]","[0.7623751163482666, 0.761468768119812, 0.7533016204833984, 0.7518979907035828, 0.7514662146568298]"
eaa33fd8-64a3-47a0-b13c-2b49a1f0e37f,Ophthalmology,0.94921875,0.028564453125,0.0184326171875,0.004974365234375,True,A,0.08686447143554688,medmcqa_3,"['PBMD', 'STAT', 'PBMD', 'PBMD', 'PBMD']","[467572377855693848, 467572377850300811, 467572377856224507, 467572377853696369, 467572377855685617]","[0.8046993613243103, 0.8045086860656738, 0.7895663380622864, 0.775842010974884, 0.7664570212364197]"
a1f7c34e-e009-4447-b459-3fe798b4bbc1,Ophthalmology,0.09228515625,0.2216796875,0.365234375,0.322265625,False,B,0.0603940486907959,medmcqa_3,"['STAT', 'STAT', 'STAT', 'PBMD', 'STAT']","[467572377850748651, 467572377850748626, 467572377850748625, 467572377856956388, 467572377850759689]","[0.7881461977958679, 0.7784140706062317, 0.7600442171096802, 0.7585065364837646, 0.7557661533355713]"
292a6244-9c88-4a6a-9c32-ab38524e588f,Ophthalmology,0.04248046875,0.0703125,0.85546875,0.033203125,True,C,0.08712935447692871,medmcqa_3,"['STAT', 'PBMD', 'PBMD', 'PBMD', 'PBMD']","[467572377850677790, 467572377855569456, 467572377852118987, 467572377854912366, 467572377853194098]","[0.7570818662643433, 0.7505123615264893, 0.7471182942390442, 0.7452384829521179, 0.7443904280662537]"
cc0d09f8-564d-4fe5-8b22-4b7d3e4ed586,Ophthalmology,0.412109375,0.53125,0.00457763671875,0.052490234375,False,D,0.06849217414855957,medmcqa_3,"['PBMD', 'PBMD', 'PBMD', 'PBMD', 'PBMD']","[467572377854026755, 467572377851010101, 467572377854991194, 467572377856985026, 467572377853818781]","[0.7600890398025513, 0.7506334781646729, 0.7475188374519348, 0.7461712956428528, 0.7444945573806763]"
97ea4638-c71a-428b-b839-7638bdd467ab,Pharmacology,0.578125,0.146484375,0.2734375,0.00323486328125,True,A,0.06592178344726562,medmcqa_3,"['PBMD', 'PBMD', 'PBMD', 'PBMD', 'PBMD']","[467572377853773189, 467572377852100191, 467572377850809344, 467572377850832140, 467572377852184526]","[0.7413990497589111, 0.733647882938385, 0.73227858543396, 0.7299268245697021, 0.7268330454826355]"
9013e6c6-35da-4df1-a83a-a907ae206135,Pharmacology,0.9921875,0.004608154296875,0.002960205078125,0.000331878662109375,True,A,0.08464884757995605,medmcqa_3,"['PBMD', 'PBMD', 'PBMD', 'PBMD', 'PBMD']","[467572377854864674, 467572377852121860, 467572377852375211, 467572377854170878, 467572377853526063]","[0.7460417151451111, 0.7384647727012634, 0.737358570098877, 0.7367607355117798, 0.7360463738441467]"
28b7a6ea-c657-4da7-81dc-88457a064655,Pharmacology,0.890625,0.1064453125,0.0018310546875,0.00125885009765625,True,A,0.08598494529724121,medmcqa_3,"['PBMD', 'PBMD', 'TEXT', 'STAT', 'PBMD']","[467572377855154110, 467572377856689216, 467523489549945256, 467572377850253934, 467572377854202561]","[0.7597612738609314, 0.7563259601593018, 0.7472211122512817, 0.7456076741218567, 0.7455187439918518]"
6d426ea7-e119-4b5f-be99-1e36084c332c,Pharmacology,0.9453125,0.016357421875,0.01123046875,0.0252685546875,False,D,0.08055758476257324,medmcqa_3,"['PBMD', 'TEXT', 'PBMD', 'PBMD', 'PBMD']","[467572377852724990, 467523489549997344, 467572377853811453, 467572377852701393, 467572377852070043]","[0.7417225241661072, 0.7298470139503479, 0.7268553376197815, 0.7175020575523376, 0.71132892370224]"
5ec6e275-1772-4d73-8776-77b38eb82ef2,Pharmacology,0.984375,0.00799560546875,0.0017852783203125,0.006622314453125,True,A,0.08045768737792969,medmcqa_3,"['PBMD', 'PBMD', 'PBMD', 'PBMD', 'STAT']","[467572377854951799, 467572377853407926, 467572377850973345, 467572377852649991, 467572377850296676]","[0.7767922878265381, 0.7669601440429688, 0.7554232478141785, 0.7488154768943787, 0.7469419240951538]"
eb2cf703-b3b6-492b-b8db-9ed90e16beea,Pharmacology,0.01239013671875,0.00189971923828125,0.984375,0.000896453857421875,True,C,0.0647895336151123,medmcqa_3,"['PBMD', 'PBMD', 'PBMD', 'PBMD', 'STAT']","[467572377852318854, 467572377852136833, 467572377852728689, 467572377853820574, 467572377850326488]","[0.772446870803833, 0.7708343267440796, 0.768876850605011, 0.7665568590164185, 0.7644176483154297]"
9a901f04-8eb8-4e4f-a332-14cf2a3c70a3,Pharmacology,0.283203125,0.67578125,0.03173828125,0.00909423828125,True,B,0.07533812522888184,medmcqa_3,"['PBMD', 'PBMD', 'PBMD', 'PBMD', 'PBMD']","[467572377850965167, 467572377853041652, 467572377850855010, 467572377850937619, 467572377854356325]","[0.8150981664657593, 0.8134341239929199, 0.8133159279823303, 0.8110397458076477, 0.8105576038360596]"
7a3a771f-2b56-4af8-b967-3c991b394bc6,Pharmacology,0.00518798828125,0.984375,0.002777099609375,0.005859375,True,B,0.08231925964355469,medmcqa_3,"['PBMD', 'PBMD', 'PBMD', 'STAT', 'PBMD']","[467572377852886052, 467572377856746111, 467572377853318943, 467572377850770719, 467572377856426850]","[0.8688103556632996, 0.8556958436965942, 0.8534953594207764, 0.8524712324142456, 0.8511767983436584]"
928c6efd-d481-4323-83f0-721dae436451,Pharmacology,0.91796875,0.026123046875,0.029541015625,0.0245361328125,True,A,0.06444835662841797,medmcqa_3,"['STAT', 'STAT', 'STAT', 'PBMD', 'PBMD']","[467572377850332204, 467572377850646388, 467572377850692240, 467572377855562781, 467572377854879061]","[0.7493733167648315, 0.7256492972373962, 0.7214367389678955, 0.7197977900505066, 0.7197232246398926]"
1869d0ec-8ec2-4de2-8a71-f30ed89f6c8e,Pharmacology,1.0,0.0010986328125,0.00058746337890625,9.584426879882812e-05,True,A,0.06676506996154785,medmcqa_3,"['PBMD', 'PBMD', 'PBMD', 'STAT', 'STAT']","[467572377852653626, 467572377852883960, 467572377855351856, 467572377850672081, 467572377850623276]","[0.7550534605979919, 0.7519122958183289, 0.7448973655700684, 0.7439800500869751, 0.74278724193573]"
14c74c4d-d6c1-4ced-98b5-4fe778d28836,Pharmacology,0.025634765625,0.9609375,0.00885009765625,0.003692626953125,True,B,0.06536626815795898,medmcqa_3,"['PBMD', 'STAT', 'TEXT', 'STAT', 'PBMD']","[467572377855158759, 467572377850694203, 467523489549945807, 467572377850774029, 467572377854557145]","[0.7501650452613831, 0.7488503456115723, 0.7477537989616394, 0.7441138029098511, 0.7425816655158997]"
e1e575e9-3c85-4c16-86ad-29f6ea41c627,Pharmacology,0.5546875,0.1396484375,0.26171875,0.04541015625,False,C,0.058371543884277344,medmcqa_3,"['PBMD', 'PBMD', 'PBMD', 'PBMD', 'PBMD']","[467572377855830694, 467572377853977274, 467572377853391222, 467572377854624732, 467572377856492336]","[0.7674986720085144, 0.7660024166107178, 0.765538215637207, 0.7645258903503418, 0.7592319846153259]"
17ca6005-346f-4f14-b1a3-430d3667d7f0,Pharmacology,0.08984375,0.0257568359375,0.8515625,0.0311279296875,True,C,0.09717154502868652,medmcqa_3,"['PBMD', 'PBMD', 'PBMD', 'PBMD', 'STAT']","[467572377852653035, 467572377856497795, 467572377852527453, 467572377856267069, 467572377850725608]","[0.7724770307540894, 0.7610465288162231, 0.7533708810806274, 0.7525718212127686, 0.7524831295013428]"
f94eef30-d8f9-4d40-866e-a89c7fbb7c7f,Pharmacology,0.009033203125,0.013916015625,0.91796875,0.05859375,True,C,0.0875997543334961,medmcqa_3,"['PBMD', 'PBMD', 'PBMD', 'PBMD', 'PBMD']","[467572377854860136, 467572377852088444, 467572377856010653, 467572377855093528, 467572377856335336]","[0.7871075868606567, 0.785642147064209, 0.7836058735847473, 0.780156672000885, 0.7790859937667847]"
2880abd7-1ec6-4456-823e-e5d00159dfec,Pharmacology,0.98828125,0.004302978515625,0.005523681640625,0.00020122528076171875,True,A,0.09025907516479492,medmcqa_3,"['STAT', 'STAT', 'PBMD', 'PBMD', 'PBMD']","[467572377850222934, 467572377850295755, 467572377856852647, 467572377855857748, 467572377852819232]","[0.7793179154396057, 0.7784385681152344, 0.7703449130058289, 0.7638176679611206, 0.7582919597625732]"
5891372b-60e8-4a7c-b773-48598b2712e3,Pharmacology,0.01434326171875,0.1455078125,0.005615234375,0.8359375,True,D,0.08465433120727539,medmcqa_3,"['STAT', 'TEXT', 'STAT', 'STAT', 'PBMD']","[467572377850669583, 467523489549985021, 467572377850765593, 467572377850725725, 467572377853293170]","[0.8388875722885132, 0.8199842572212219, 0.8034299612045288, 0.7995940446853638, 0.7968676090240479]"
b1cb5022-7ebd-41b5-808c-c969958bfb62,Pharmacology,0.515625,0.1669921875,0.2431640625,0.07421875,True,A,0.06175875663757324,medmcqa_3,"['PBMD', 'PBMD', 'PBMD', 'PBMD', 'PBMD']","[467572377852289635, 467572377851009175, 467572377853288640, 467572377854334483, 467572377854890123]","[0.7375442385673523, 0.7339411973953247, 0.72712641954422, 0.7235085368156433, 0.7228266000747681]"
82356aae-5bd4-4503-acab-5f70c0db6bee,Pharmacology,0.044921875,0.42578125,0.044921875,0.484375,True,D,0.07026553153991699,medmcqa_3,"['STAT', 'STAT', 'STAT', 'PBMD', 'PBMD']","[467572377850753118, 467572377850371965, 467572377850753108, 467572377852470391, 467572377855401270]","[0.8201108574867249, 0.7938687801361084, 0.7900477647781372, 0.7789639234542847, 0.7778875231742859]"
72df8357-4e51-45f7-ae9d-669a9bfe9efc,Pharmacology,0.0157470703125,0.97265625,0.0079345703125,0.003509521484375,True,B,0.1151590347290039,medmcqa_3,"['PBMD', 'PBMD', 'PBMD', 'PBMD', 'PBMD']","[467572377853210010, 467572377852686204, 467572377853883789, 467572377854462146, 467572377850992592]","[0.8159565329551697, 0.8141910433769226, 0.809998631477356, 0.8002460598945618, 0.7991036176681519]"
f588af9c-fc27-43ff-a9f6-2cd26f075654,Pharmacology,0.0272216796875,0.010009765625,0.9609375,0.00106048583984375,True,C,0.12503528594970703,medmcqa_3,"['PBMD', 'PBMD', 'PBMD', 'PBMD', 'PBMD']","[467572377854127527, 467572377852533295, 467572377852248199, 467572377854824975, 467572377855215935]","[0.7907414436340332, 0.7753950357437134, 0.7711548805236816, 0.7703579664230347, 0.7698074579238892]"
6a906cd3-6215-401c-80c5-c239ce10f06e,Surgery,0.019775390625,0.019775390625,0.953125,0.00775146484375,True,C,0.08099484443664551,medmcqa_3,"['PBMD', 'PBMD', 'PBMD', 'PBMD', 'PBMD']","[467572377856080310, 467572377853148765, 467572377854406703, 467572377854815539, 467572377854601291]","[0.7708055973052979, 0.7670140266418457, 0.7620306015014648, 0.7582519054412842, 0.7541000843048096]"
16380c80-a853-44da-b7a8-e9a8e8aaab67,Surgery,0.2890625,0.014404296875,0.0018310546875,0.6953125,True,D,0.0644083023071289,medmcqa_3,"['PBMD', 'PBMD', 'PBMD', 'PBMD', 'STAT']","[467572377854658184, 467572377856573337, 467572377854436803, 467572377855895396, 467572377850354793]","[0.7877103090286255, 0.7549546360969543, 0.7524087429046631, 0.7484921813011169, 0.7479762434959412]"
f860085a-f00e-4031-9d00-0bb4879c3023,Surgery,0.04736328125,0.17578125,0.6953125,0.0830078125,False,B,0.06878423690795898,medmcqa_3,"['PBMD', 'PBMD', 'STAT', 'STAT', 'PBMD']","[467572377854236686, 467572377854191349, 467572377850331888, 467572377850331887, 467572377852315832]","[0.7892298102378845, 0.7868961095809937, 0.7776974439620972, 0.777512788772583, 0.7768019437789917]"
69bd9d80-fa4f-45f8-963d-aaef80a18d46,Surgery,0.1796875,0.23046875,0.158203125,0.431640625,True,D,0.06108856201171875,medmcqa_3,"['TEXT', 'STAT', 'STAT', 'TEXT', 'PBMD']","[467523489549965271, 467572377850349408, 467572377850349409, 467523489549965270, 467572377852802513]","[0.8013753294944763, 0.7796953916549683, 0.7763303518295288, 0.776222288608551, 0.7754278779029846]"
4720c165-03b3-4a1a-9e51-1f36c0bcd1be,Surgery,0.01080322265625,0.004486083984375,0.97265625,0.01385498046875,True,C,0.06753325462341309,medmcqa_3,"['PBMD', 'TEXT', 'TEXT', 'PBMD', 'PBMD']","[467572377853932345, 467523489549708916, 467523489549969128, 467572377855777412, 467572377856538648]","[0.7920323610305786, 0.7825590968132019, 0.7738929986953735, 0.7735329270362854, 0.7728902101516724]"
fab914c7-2813-4300-bddb-e6815e4e6597,Surgery,0.08349609375,0.201171875,0.69921875,0.0145263671875,True,C,0.10204410552978516,medmcqa_3,"['TEXT', 'PBMD', 'PBMD', 'PBMD', 'PBMD']","[467523489549976443, 467572377853193783, 467572377856638234, 467572377853502486, 467572377850897700]","[0.7514766454696655, 0.742800235748291, 0.7421783208847046, 0.74161696434021, 0.7406836748123169]"
60646c53-a9be-48d4-a895-551f31fd3faa,Surgery,0.75390625,0.03759765625,0.1904296875,0.0177001953125,True,A,0.10882377624511719,medmcqa_3,"['PBMD', 'PBMD', 'PBMD', 'PBMD', 'PBMD']","[467572377853071694, 467572377855210361, 467572377856220466, 467572377853455520, 467572377855160867]","[0.7321189641952515, 0.7276387810707092, 0.7276350855827332, 0.7218437790870667, 0.7187187075614929]"
3cf1de31-2703-4ff6-8091-3992a27a7987,Surgery,0.279296875,0.357421875,0.24609375,0.1162109375,True,B,0.07147622108459473,medmcqa_3,"['PBMD', 'PBMD', 'PBMD', 'PBMD', 'PBMD']","[467572377852990071, 467572377854826247, 467572377855739911, 467572377854673146, 467572377852968482]","[0.7125681638717651, 0.7042340040206909, 0.7006348967552185, 0.6961053013801575, 0.693151593208313]"
28709e53-cbb8-48d9-aa3e-44aaa7037257,Surgery,0.185546875,0.306640625,0.26953125,0.23828125,False,C,0.08165621757507324,medmcqa_3,"['PBMD', 'PBMD', 'PBMD', 'PBMD', 'PBMD']","[467572377852942827, 467572377854530130, 467572377852773532, 467572377854788356, 467572377854022765]","[0.7201931476593018, 0.7198656797409058, 0.7181623578071594, 0.7165024280548096, 0.7140296697616577]"
1f9b0ca2-f75c-4189-884c-ac150dafc155,Surgery,0.01385498046875,0.97265625,0.004791259765625,0.0084228515625,True,B,0.06131386756896973,medmcqa_3,"['STAT', 'STAT', 'PBMD', 'PBMD', 'STAT']","[467572377850260225, 467572377850413258, 467572377855344692, 467572377855397398, 467572377850413256]","[0.8000794649124146, 0.7735389471054077, 0.756699800491333, 0.7518399953842163, 0.7512726187705994]"
b9ad0558-8257-4446-bcae-f264097ab0a5,Surgery,0.1455078125,0.78515625,0.017333984375,0.05029296875,False,D,0.09355998039245605,medmcqa_3,"['PBMD', 'PBMD', 'STAT', 'TEXT', 'PBMD']","[467572377854197292, 467572377850917293, 467572377850225382, 467523489549977364, 467572377852564297]","[0.7882438898086548, 0.765276312828064, 0.7612581253051758, 0.7607816457748413, 0.7594738006591797]"
c6a12e46-d354-43bf-9230-6fe2fb96feab,Surgery,0.10205078125,0.037353515625,0.8515625,0.00787353515625,True,C,0.10355758666992188,medmcqa_3,"['PBMD', 'STAT', 'PBMD', 'TEXT', 'PBMD']","[467572377852472062, 467572377850669205, 467572377855072804, 467523489549983552, 467572377854468021]","[0.7669206857681274, 0.7646893262863159, 0.7605334520339966, 0.757464587688446, 0.7544353008270264]"
7ac6c505-a563-4d72-a4c7-8c9681df35b0,Surgery,0.185546875,0.6484375,0.09326171875,0.07275390625,False,A,0.06621146202087402,medmcqa_3,"['PBMD', 'PBMD', 'PBMD', 'PBMD', 'PBMD']","[467572377856783191, 467572377855886984, 467572377852469680, 467572377856295826, 467572377856859551]","[0.7227787375450134, 0.7156959176063538, 0.7144402265548706, 0.7125105261802673, 0.7123340368270874]"
a3912f88-1e01-46ed-9f13-544c1a36fbb5,Surgery,0.01904296875,0.00107574462890625,0.003753662109375,0.9765625,True,D,0.06213569641113281,medmcqa_3,"['STAT', 'PBMD', 'PBMD', 'STAT', 'PBMD']","[467572377850244246, 467572377853368496, 467572377852926000, 467572377850244306, 467572377853380193]","[0.7958753108978271, 0.7686551213264465, 0.7662715911865234, 0.7629501223564148, 0.7598535418510437]"
ebf3275d-4106-4b36-8d92-7d28f52f3576,Surgery,0.95703125,0.0211181640625,0.0186767578125,0.003448486328125,True,A,0.0967402458190918,medmcqa_3,"['PBMD', 'PBMD', 'PBMD', 'PBMD', 'PBMD']","[467572377853770247, 467572377853065187, 467572377855387216, 467572377856355244, 467572377854871685]","[0.7671593427658081, 0.7635196447372437, 0.7621500492095947, 0.7600791454315186, 0.7592930793762207]"
825c94ac-5f3a-4ea3-a8dd-02f5ae83f7a3,Surgery,0.08544921875,0.232421875,0.62890625,0.0517578125,True,C,0.08108711242675781,medmcqa_3,"['PBMD', 'PBMD', 'PBMD', 'PBMD', 'PBMD']","[467572377852183097, 467572377854562081, 467572377852322284, 467572377853188214, 467572377852286105]","[0.8191417455673218, 0.78663170337677, 0.7759886980056763, 0.7705230116844177, 0.7683203220367432]"
5dd3fc6a-7e12-4899-a250-102f79d9a7fd,Surgery,0.0023193359375,0.99609375,0.000457763671875,7.009506225585938e-05,True,B,0.06184220314025879,medmcqa_3,"['STAT', 'STAT', 'PBMD', 'PBMD', 'PBMD']","[467572377850328123, 467572377850245602, 467572377855354843, 467572377853568437, 467572377853210655]","[0.8072240948677063, 0.7983472943305969, 0.7975550293922424, 0.7851088047027588, 0.7810759544372559]"
2bbccb20-80ef-4575-9a4f-ff88b33d34ff,Surgery,0.2275390625,0.1767578125,0.546875,0.05078125,False,A,0.06493496894836426,medmcqa_3,"['TEXT', 'PBMD', 'PBMD', 'PBMD', 'STAT']","[467523489550007821, 467572377852515094, 467572377852778191, 467572377856513535, 467572377850708822]","[0.7808154225349426, 0.7785502076148987, 0.778261661529541, 0.7774771451950073, 0.7697497010231018]"
4cd9cf13-3bf7-438a-ae19-02288af1e943,Surgery,0.380859375,0.26171875,0.05859375,0.296875,True,A,0.08972668647766113,medmcqa_3,"['PBMD', 'PBMD', 'PBMD', 'PBMD', 'PBMD']","[467572377852080186, 467572377854088980, 467572377850808848, 467572377852171313, 467572377852112813]","[0.8263425827026367, 0.8205749988555908, 0.8178954124450684, 0.8147729635238647, 0.8105171918869019]"
40fa7aa0-6036-426b-b694-5ff4a82b6dc7,Surgery,0.09619140625,0.021484375,0.80859375,0.0751953125,True,C,0.06359267234802246,medmcqa_3,"['PBMD', 'PBMD', 'PBMD', 'PBMD', 'PBMD']","[467572377852887272, 467572377852342638, 467572377852089315, 467572377856628653, 467572377853749023]","[0.7960951328277588, 0.7556102871894836, 0.7531652450561523, 0.7389000058174133, 0.7324880361557007]"
b90144a7-74cd-40fc-9634-b3a00530cb0c,Anatomy,0.0257568359375,0.0034942626953125,0.96875,0.0023956298828125,True,C,0.07552099227905273,medmcqa_3,"['TEXT', 'TEXT', 'TEXT', 'PBMD', 'TEXT']","[467523489549698689, 467523489549698688, 467523489549700984, 467572377855076940, 467523489549698694]","[0.7889561653137207, 0.7813273072242737, 0.7633702158927917, 0.7602042555809021, 0.7590100765228271]"
067ce5ef-1dae-4f0a-8a61-bcd7750dd379,Anatomy,0.0159912109375,0.052490234375,0.00179290771484375,0.9296875,True,D,0.10499382019042969,medmcqa_3,"['PBMD', 'PBMD', 'PBMD', 'PBMD', 'PBMD']","[467572377852706441, 467572377852948647, 467572377856705275, 467572377852252531, 467572377852114305]","[0.7175742983818054, 0.7097395062446594, 0.7078363299369812, 0.6997641324996948, 0.6971814632415771]"
dd531b88-f112-40c4-beef-e736469cdd91,Anatomy,0.054443359375,0.1474609375,0.75,0.0478515625,True,C,0.07118821144104004,medmcqa_3,"['STAT', 'STAT', 'STAT', 'PBMD', 'PBMD']","[467572377850759383, 467572377850759378, 467572377850759365, 467572377852120368, 467572377852100861]","[0.778770387172699, 0.7665125131607056, 0.7621033191680908, 0.7602543830871582, 0.7452824711799622]"
4f5ef465-6d08-454f-aa5c-53fc1eecb0ae,Anatomy,0.032958984375,0.90234375,0.029052734375,0.034912109375,True,B,0.04673957824707031,medmcqa_3,"['STAT', 'STAT', 'STAT', 'STAT', 'STAT']","[467572377850669964, 467572377850295490, 467572377850374653, 467572377850305951, 467572377850741028]","[0.8033214211463928, 0.7926492691040039, 0.7884953618049622, 0.7878378033638, 0.7857846617698669]"
69b175c2-2d26-406c-bba9-54a26eeb2cbd,Anatomy,0.040283203125,0.040283203125,0.004791259765625,0.9140625,True,D,0.06165957450866699,medmcqa_3,"['TEXT', 'STAT', 'TEXT', 'TEXT', 'TEXT']","[467523489549975517, 467572377850350141, 467523489549998417, 467523489549674252, 467523489549674245]","[0.7409164905548096, 0.7359932661056519, 0.7308740019798279, 0.7308501601219177, 0.7304736971855164]"
292be6a1-f5da-4d67-8ae1-ae4d05a5f4a4,Anatomy,0.004302978515625,0.0037841796875,0.004302978515625,0.98828125,True,D,0.07344293594360352,medmcqa_3,"['PBMD', 'PBMD', 'PBMD', 'PBMD', 'PBMD']","[467572377855962226, 467572377852854022, 467572377850909972, 467572377856524033, 467572377853922842]","[0.78232741355896, 0.7562417984008789, 0.7513446807861328, 0.7503906488418579, 0.7443442940711975]"
ae005492-038e-49ae-a154-609fc852b6f0,Anatomy,0.26171875,0.66796875,0.042724609375,0.029296875,False,A,0.09181380271911621,medmcqa_3,"['STAT', 'PBMD', 'STAT', 'STAT', 'STAT']","[467572377850317273, 467572377852956423, 467572377850714272, 467572377850774048, 467572377850666819]","[0.7895531058311462, 0.7843319773674011, 0.7761403322219849, 0.7748540639877319, 0.7726989388465881]"
2b050ce8-53bf-4a3b-a4bd-fe1991b726c9,Anatomy,0.232421875,0.462890625,0.1806640625,0.12451171875,True,B,0.09185004234313965,medmcqa_3,"['PBMD', 'PBMD', 'PBMD', 'PBMD', 'PBMD']","[467572377856120555, 467572377854754406, 467572377856044330, 467572377852514455, 467572377852307611]","[0.6903277039527893, 0.6863969564437866, 0.6857025623321533, 0.6837282180786133, 0.6810234785079956]"
ab70624e-01f3-42b9-b918-1fa3d2c7f3ce,Anatomy,0.93359375,0.052734375,0.009765625,0.0035858154296875,True,A,0.059113264083862305,medmcqa_3,"['PBMD', 'STAT', 'STAT', 'STAT', 'TEXT']","[467572377853447753, 467572377850686883, 467572377850385393, 467572377850755677, 467523489549674415]","[0.8145819902420044, 0.8043906688690186, 0.7954548597335815, 0.7924091815948486, 0.7876216173171997]"
42db9931-1f80-46a1-8c80-4e7f3d76051c,Anatomy,0.64453125,0.345703125,0.0052490234375,0.00360107421875,True,A,0.06505084037780762,medmcqa_3,"['PBMD', 'STAT', 'PBMD', 'PBMD', 'PBMD']","[467572377854028464, 467572377850338988, 467572377854975711, 467572377852522915, 467572377852608608]","[0.7946595549583435, 0.790863037109375, 0.7819809913635254, 0.7806837558746338, 0.7727397680282593]"
c6f28135-76b7-4762-bd13-839b1592e3d3,Anatomy,0.984375,0.0054931640625,0.0031280517578125,0.0062255859375,False,D,0.0811319351196289,medmcqa_3,"['PBMD', 'PBMD', 'PBMD', 'PBMD', 'PBMD']","[467572377856412240, 467572377854637218, 467572377856521164, 467572377855218402, 467572377854660475]","[0.7966727018356323, 0.7746310234069824, 0.7687627077102661, 0.761330246925354, 0.7568439245223999]"
d3a7afa0-b887-4c0b-a244-6c41e2f62ee4,Anatomy,0.0166015625,0.51953125,0.45703125,0.0089111328125,True,B,0.06704020500183105,medmcqa_3,"['STAT', 'STAT', 'STAT', 'STAT', 'STAT']","[467572377850713201, 467572377850388080, 467572377850632414, 467572377850713202, 467572377850397221]","[0.8018770813941956, 0.7865466475486755, 0.7820240259170532, 0.7816188931465149, 0.7815335988998413]"
294f261f-83db-483c-ab08-7ada6462f72b,Anatomy,0.0169677734375,0.8671875,0.10400390625,0.01025390625,True,B,0.0722191333770752,medmcqa_3,"['PBMD', 'STAT', 'STAT', 'STAT', 'STAT']","[467572377853447753, 467572377850686883, 467572377850385393, 467572377850755677, 467572377850630512]","[0.7819840908050537, 0.7693204283714294, 0.7664800882339478, 0.7629982233047485, 0.762536346912384]"
9c1d56d9-5f46-4d3f-87e6-894a31c98f27,Anatomy,0.34765625,0.23828125,0.26953125,0.14453125,False,D,0.07436680793762207,medmcqa_3,"['PBMD', 'PBMD', 'PBMD', 'PBMD', 'PBMD']","[467572377856404644, 467572377853100109, 467572377853349942, 467572377853915406, 467572377852251277]","[0.7407894730567932, 0.7356134057044983, 0.7353780269622803, 0.7331615686416626, 0.7299383878707886]"
dc918d5f-2451-47cb-9b33-25b5eb96cab0,Anatomy,0.2197265625,0.0115966796875,0.765625,0.0035400390625,False,A,0.061508893966674805,medmcqa_3,"['PBMD', 'PBMD', 'STAT', 'TEXT', 'PBMD']","[467572377853922867, 467572377855604792, 467572377850723825, 467523489549707043, 467572377855100921]","[0.743511438369751, 0.7422955632209778, 0.7387487888336182, 0.736404299736023, 0.7334714531898499]"
d239a8a4-bc54-453e-805f-068d00381a1b,Anatomy,0.447265625,0.04443359375,0.39453125,0.11328125,False,D,0.07110071182250977,medmcqa_3,"['PBMD', 'TEXT', 'PBMD', 'TEXT', 'PBMD']","[467572377856956335, 467523489549945883, 467572377852903727, 467523489549988747, 467572377852537052]","[0.753268837928772, 0.7531102895736694, 0.7487313747406006, 0.7485632300376892, 0.7455034255981445]"
464d6db1-cbf6-44c5-89b0-1599071e3a72,Anatomy,0.046142578125,0.008544921875,0.0203857421875,0.92578125,True,D,0.0492861270904541,medmcqa_3,"['PBMD', 'PBMD', 'PBMD', 'PBMD', 'PBMD']","[467572377852026419, 467572377856087360, 467572377856578338, 467572377853896844, 467572377854822013]","[0.7338398694992065, 0.7285955548286438, 0.720522403717041, 0.7189378142356873, 0.7182559967041016]"
5f2e0649-aabe-48ad-9063-2c4554d053a2,Anatomy,0.06591796875,0.51953125,0.0101318359375,0.404296875,False,D,0.08417010307312012,medmcqa_3,"['TEXT', 'TEXT', 'TEXT', 'PBMD', 'TEXT']","[467523489549676936, 467523489549676653, 467523489549676648, 467572377856582514, 467523489549676670]","[0.7722930908203125, 0.7681337594985962, 0.753095269203186, 0.7508325576782227, 0.7474411129951477]"
47f8f5d9-4611-4a68-9e8f-2993951ccc95,Anatomy,0.208984375,0.2373046875,0.208984375,0.345703125,False,C,0.05979776382446289,medmcqa_3,"['PBMD', 'STAT', 'TEXT', 'PBMD', 'STAT']","[467572377850922197, 467572377850346453, 467523489549951194, 467572377852739680, 467572377850678737]","[0.7804169654846191, 0.7789279222488403, 0.7763804793357849, 0.7734031677246094, 0.7666329145431519]"
ef116da3-e330-4439-a183-1f19a7ea3fcd,Anatomy,0.33203125,0.29296875,0.083984375,0.29296875,True,A,0.08677005767822266,medmcqa_3,"['STAT', 'STAT', 'TEXT', 'TEXT', 'STAT']","[467572377850336559, 467572377850720611, 467523489549676841, 467523489549676843, 467572377850727617]","[0.8133618235588074, 0.8068875074386597, 0.8062804937362671, 0.7933609485626221, 0.7867900133132935]"
0fd8b1cf-309f-4bcd-b1d6-d6a1f07d440f,Forensic Medicine,0.2421875,0.66015625,0.08935546875,0.0093994140625,False,C,0.09081363677978516,medmcqa_3,"['PBMD', 'PBMD', 'PBMD', 'PBMD', 'PBMD']","[467572377852575033, 467572377852859617, 467572377852918628, 467572377855766247, 467572377852187601]","[0.748649001121521, 0.7371072769165039, 0.7356211543083191, 0.7355538010597229, 0.7352004647254944]"
7801e0bc-129a-47f5-a8f2-5c78981b28d8,Forensic Medicine,0.33203125,0.484375,0.0272216796875,0.1572265625,True,B,0.049447059631347656,medmcqa_3,"['STAT', 'STAT', 'STAT', 'STAT', 'STAT']","[467572377850273825, 467572377850252359, 467572377850240373, 467572377850651718, 467572377850405931]","[0.7608491778373718, 0.7542166709899902, 0.7517510652542114, 0.7423253059387207, 0.7417237758636475]"
a0bc9d51-9ac3-4847-bd92-9f29d7216e8d,Forensic Medicine,0.054931640625,0.80859375,0.06640625,0.07080078125,True,B,0.06621170043945312,medmcqa_3,"['PBMD', 'PBMD', 'PBMD', 'PBMD', 'PBMD']","[467572377854773205, 467572377851010102, 467572377855711818, 467572377856641232, 467572377853355142]","[0.762477457523346, 0.7556788921356201, 0.7554274797439575, 0.7553093433380127, 0.7552108764648438]"
29cec3ae-1d3f-4966-b791-d9eed37c3d1f,Forensic Medicine,0.9609375,0.0272216796875,0.010009765625,0.0022430419921875,True,A,0.07588505744934082,medmcqa_3,"['PBMD', 'PBMD', 'PBMD', 'PBMD', 'PBMD']","[467572377854878982, 467572377850980322, 467572377852519279, 467572377852092992, 467572377852237130]","[0.764652669429779, 0.7541751861572266, 0.752260148525238, 0.7502621412277222, 0.748602032661438]"
12bfacf6-a27e-41dc-85ee-64e1b8955000,Forensic Medicine,0.7421875,0.11376953125,0.11376953125,0.02880859375,False,C,0.07331728935241699,medmcqa_3,"['PBMD', 'PBMD', 'PBMD', 'PBMD', 'PBMD']","[467572377852043923, 467572377854187267, 467572377853873327, 467572377853457503, 467572377853346490]","[0.7740465402603149, 0.7618793249130249, 0.7576949000358582, 0.7576446533203125, 0.754214882850647]"
c3330937-9414-435c-91f3-38e7197f7ba1,Forensic Medicine,0.2373046875,0.0869140625,0.64453125,0.031982421875,True,C,0.09124946594238281,medmcqa_3,"['PBMD', 'PBMD', 'PBMD', 'PBMD', 'PBMD']","[467572377852186527, 467572377855428167, 467572377854997571, 467572377852450383, 467572377852869977]","[0.7450679540634155, 0.7420770525932312, 0.725456714630127, 0.7232559323310852, 0.7227621078491211]"
044e8f11-ca21-4220-9ddc-0fca648ed401,Forensic Medicine,0.027587890625,0.91015625,0.04833984375,0.01220703125,True,B,0.06639623641967773,medmcqa_3,"['PBMD', 'PBMD', 'PBMD', 'PBMD', 'PBMD']","[467572377856610636, 467572377854943091, 467572377856102667, 467572377855971015, 467572377855143320]","[0.7292333841323853, 0.7263343334197998, 0.7236436605453491, 0.7196357250213623, 0.7159515023231506]"
f91736e8-259c-4655-a68c-453dd490a7b7,Forensic Medicine,0.1416015625,0.2060546875,0.63671875,0.0169677734375,False,A,0.06659102439880371,medmcqa_3,"['PBMD', 'STAT', 'PBMD', 'PBMD', 'PBMD']","[467572377852217234, 467572377850228803, 467572377856458562, 467572377853461674, 467572377852584741]","[0.7035069465637207, 0.7013121247291565, 0.6986710429191589, 0.6984229683876038, 0.6966935396194458]"
67f63ad4-0c9a-46fb-8689-c79b7a7224da,Forensic Medicine,0.546875,0.0615234375,0.259765625,0.1298828125,True,A,0.0743560791015625,medmcqa_3,"['PBMD', 'PBMD', 'PBMD', 'PBMD', 'PBMD']","[467572377854692790, 467572377854570739, 467572377854962147, 467572377850996377, 467572377853560154]","[0.8345544338226318, 0.8152594566345215, 0.814736008644104, 0.8142146468162537, 0.812698483467102]"
5b062fde-455e-4ab5-aa3b-a661c3643f42,Forensic Medicine,0.13671875,0.1064453125,0.69140625,0.064453125,True,C,0.06710219383239746,medmcqa_3,"['PBMD', 'PBMD', 'PBMD', 'PBMD', 'PBMD']","[467572377856385626, 467572377854981940, 467572377855389503, 467572377852237154, 467572377853348386]","[0.740699827671051, 0.7342535257339478, 0.7269920110702515, 0.7230064272880554, 0.7228972911834717]"
efbacdd9-1c25-4697-8ad9-377c7a8105b8,Forensic Medicine,0.86328125,0.0625,0.040283203125,0.03564453125,True,A,0.07462143898010254,medmcqa_3,"['PBMD', 'PBMD', 'PBMD', 'PBMD', 'PBMD']","[467572377854421752, 467572377856445912, 467572377852612442, 467572377853565951, 467572377855876318]","[0.7730820178985596, 0.7426866888999939, 0.7229756712913513, 0.7191476225852966, 0.7190542221069336]"
38c0c9e6-009c-4ef1-a3ae-2e3aacd715e7,Forensic Medicine,0.99609375,0.002044677734375,0.00070953369140625,0.00011539459228515625,True,A,0.08337116241455078,medmcqa_3,"['PBMD', 'PBMD', 'PBMD', 'PBMD', 'PBMD']","[467572377855108236, 467572377856567705, 467572377852562175, 467572377856135685, 467572377856601166]","[0.731525182723999, 0.7282911539077759, 0.7272205352783203, 0.7258127927780151, 0.7198529839515686]"
5c578aa4-a6fd-4de5-b0f6-adb926564122,Forensic Medicine,0.169921875,0.76171875,0.048828125,0.0179443359375,False,A,0.0708472728729248,medmcqa_3,"['PBMD', 'PBMD', 'PBMD', 'PBMD', 'PBMD']","[467572377855766846, 467572377855383518, 467572377856889279, 467572377854001629, 467572377853343968]","[0.7353573441505432, 0.7269764542579651, 0.7213183641433716, 0.7210114598274231, 0.7201593518257141]"
46ad7b87-21e1-41da-bc30-50e96b3acd45,Forensic Medicine,0.9921875,0.0029754638671875,0.0024566650390625,0.001495361328125,True,A,0.08517765998840332,medmcqa_3,"['STAT', 'STAT', 'STAT', 'STAT', 'PBMD']","[467572377850375383, 467572377850307472, 467572377850352434, 467572377850364907, 467572377856786659]","[0.7398890256881714, 0.7340752482414246, 0.7320041060447693, 0.7311091423034668, 0.7303524017333984]"
c27e7c0b-7d26-4ca7-b537-c44b71114d55,Forensic Medicine,0.007049560546875,0.00799560546875,0.984375,0.00115203857421875,True,C,0.10935735702514648,medmcqa_3,"['PBMD', 'PBMD', 'PBMD', 'PBMD', 'PBMD']","[467572377850918186, 467572377853127127, 467572377852641078, 467572377855164416, 467572377853287954]","[0.7268853187561035, 0.7258363962173462, 0.7239705920219421, 0.7215392589569092, 0.7209959030151367]"
5e39f6db-6d90-49fa-a2a6-f9e0c9d1b821,Forensic Medicine,0.55078125,0.294921875,0.1015625,0.054443359375,False,D,0.08586907386779785,medmcqa_3,"['STAT', 'PBMD', 'PBMD', 'STAT', 'PBMD']","[467572377850745232, 467572377854885512, 467572377850957710, 467572377850746191, 467572377854059651]","[0.7875853776931763, 0.7836121320724487, 0.7735176086425781, 0.770055890083313, 0.7699230313301086]"
4414e290-9d6a-410d-9506-72555add17d7,Forensic Medicine,0.953125,0.0185546875,0.027099609375,0.000720977783203125,True,A,0.09628748893737793,medmcqa_3,"['PBMD', 'TEXT', 'TEXT', 'PBMD', 'PBMD']","[467572377852469924, 467523489549998321, 467523489549948555, 467572377856602708, 467572377855594391]","[0.7122006416320801, 0.7068417072296143, 0.7044911980628967, 0.7043167948722839, 0.7005029320716858]"
004aab8b-a6e3-408f-a255-6824b132d97c,Forensic Medicine,0.08837890625,0.65234375,0.2392578125,0.02099609375,True,B,0.06516170501708984,medmcqa_3,"['PBMD', 'PBMD', 'PBMD', 'PBMD', 'PBMD']","[467572377855428167, 467572377852092994, 467572377854975888, 467572377854150624, 467572377855325359]","[0.730167806148529, 0.725958526134491, 0.7255139350891113, 0.7244759798049927, 0.7224237322807312]"
745734e9-afe6-4098-bd64-66ee49c64dc0,Forensic Medicine,0.45703125,0.244140625,0.2294921875,0.06982421875,True,A,0.10957169532775879,medmcqa_3,"['PBMD', 'PBMD', 'PBMD', 'PBMD', 'PBMD']","[467572377852894354, 467572377854792529, 467572377856516202, 467572377853092425, 467572377854823645]","[0.7389382123947144, 0.738655686378479, 0.7293584942817688, 0.7203472256660461, 0.7188200354576111]"
8a045017-cef4-4ca8-ad9b-52bf5a0bed63,Forensic Medicine,0.396484375,0.271484375,0.1455078125,0.1865234375,True,A,0.08639311790466309,medmcqa_3,"['PBMD', 'PBMD', 'PBMD', 'PBMD', 'PBMD']","[467572377855189152, 467572377852232628, 467572377852145409, 467572377854831492, 467572377856819910]","[0.709956169128418, 0.7051779627799988, 0.7048363089561462, 0.6982284784317017, 0.6976051926612854]"
5b2aada9-1d44-4499-b96f-89b063d9927c,Biochemistry,0.1533203125,0.134765625,0.10546875,0.60546875,True,D,0.09849214553833008,medmcqa_3,"['STAT', 'PBMD', 'PBMD', 'PBMD', 'PBMD']","[467572377850720700, 467572377852205507, 467572377852322163, 467572377850854643, 467572377855641018]","[0.7824317216873169, 0.7758368849754333, 0.7724316120147705, 0.769075334072113, 0.7679630517959595]"
7627eb54-4499-45d0-ba1f-1c8dbc6f2342,Biochemistry,0.007049560546875,0.001678466796875,0.00750732421875,0.984375,True,D,0.0747826099395752,medmcqa_3,"['PBMD', 'PBMD', 'PBMD', 'PBMD', 'PBMD']","[467572377854436324, 467572377854709594, 467572377854465867, 467572377854460112, 467572377855523744]","[0.7451386451721191, 0.7420436143875122, 0.7418566942214966, 0.740627646446228, 0.7303898930549622]"
29f210a1-e9b8-41d8-913a-9f1c4f894106,Biochemistry,0.00150299072265625,0.00080108642578125,0.99609375,6.580352783203125e-05,True,C,0.08295559883117676,medmcqa_3,"['STAT', 'TEXT', 'PBMD', 'PBMD', 'PBMD']","[467572377850738491, 467523489549951037, 467572377852936892, 467572377855875684, 467572377853275013]","[0.7985082268714905, 0.7775686979293823, 0.7758303284645081, 0.7686959505081177, 0.7685897350311279]"
678018c2-3154-4411-937e-0e5d4116739f,Biochemistry,0.390625,0.236328125,0.267578125,0.10498046875,True,A,0.09969234466552734,medmcqa_3,"['TEXT', 'PBMD', 'PBMD', 'PBMD', 'PBMD']","[467523489549678901, 467572377854455162, 467572377854407041, 467572377853989661, 467572377854019115]","[0.7636173367500305, 0.7587471604347229, 0.7553743720054626, 0.7550967931747437, 0.7490476965904236]"
587ef917-abf4-4b32-985c-e2020bd397cb,Biochemistry,0.115234375,0.35546875,0.2158203125,0.314453125,False,D,0.06713533401489258,medmcqa_3,"['STAT', 'STAT', 'TEXT', 'STAT', 'STAT']","[467572377850763981, 467572377850231477, 467523489549679542, 467572377850260660, 467572377850257339]","[0.801721453666687, 0.7883669137954712, 0.772672176361084, 0.7698861956596375, 0.7602357864379883]"
8b3e79da-c35a-4d0c-8bb1-ba5bb9f20949,Biochemistry,0.01129150390625,0.060791015625,0.65625,0.2734375,False,D,0.09309029579162598,medmcqa_3,"['PBMD', 'PBMD', 'PBMD', 'PBMD', 'PBMD']","[467572377854229952, 467572377854020576, 467572377853250774, 467572377852669910, 467572377852616441]","[0.7196922302246094, 0.7196473479270935, 0.7155125141143799, 0.7126451134681702, 0.7098190188407898]"
2e79e459-d4f0-4293-8e05-eb282fa25772,Biochemistry,0.99609375,0.004058837890625,0.000705718994140625,0.0001678466796875,True,A,0.08075070381164551,medmcqa_3,"['TEXT', 'TEXT', 'TEXT', 'PBMD', 'TEXT']","[467523489549682026, 467523489549681970, 467523489549681973, 467572377850860064, 467523489549682025]","[0.7530831098556519, 0.7486423254013062, 0.7482548356056213, 0.7465148568153381, 0.744317889213562]"
535bf03d-8714-46a8-84a0-13bf499129f7,Biochemistry,0.369140625,0.2236328125,0.1533203125,0.25390625,True,A,0.07944250106811523,medmcqa_3,"['TEXT', 'PBMD', 'PBMD', 'PBMD', 'TEXT']","[467523489549680696, 467572377852196539, 467572377852208720, 467572377850836528, 467523489549678796]","[0.7342544198036194, 0.7308952808380127, 0.7307301163673401, 0.7281516790390015, 0.7260267734527588]"
fb493e7d-519b-4534-940f-cc3fb93f4b6b,Biochemistry,0.09375,0.01348876953125,0.88671875,0.005615234375,True,C,0.07388734817504883,medmcqa_3,"['TEXT', 'TEXT', 'PBMD', 'PBMD', 'PBMD']","[467523489549677734, 467523489549678591, 467572377852190826, 467572377854298358, 467572377853622273]","[0.8396310806274414, 0.8143956065177917, 0.8046172857284546, 0.8040859699249268, 0.8017264604568481]"
ff410d96-12d4-43ba-8b24-7bfbd8ad360c,Biochemistry,0.99609375,0.00433349609375,0.000965118408203125,0.00031280517578125,True,A,0.06339502334594727,medmcqa_3,"['TEXT', 'STAT', 'TEXT', 'PBMD', 'STAT']","[467523489549679474, 467572377850343893, 467523489549677403, 467572377856922098, 467572377850326479]","[0.7363058924674988, 0.7291927337646484, 0.7265100479125977, 0.7190225720405579, 0.7188255190849304]"
1f473717-d2b8-489e-969e-be0de6c30e86,Biochemistry,0.8359375,0.1552734375,0.003875732421875,0.00341796875,True,A,0.05367398262023926,medmcqa_3,"['STAT', 'PBMD', 'PBMD', 'STAT', 'PBMD']","[467572377850352566, 467572377852072212, 467572377852338564, 467572377850352567, 467572377854742582]","[0.8015211820602417, 0.7833269834518433, 0.7737984657287598, 0.7731401324272156, 0.7682002782821655]"
7a4da866-2f41-4510-aa28-0dabdf6d0d38,Biochemistry,0.05517578125,0.91796875,0.016845703125,0.00848388671875,True,B,0.13053202629089355,medmcqa_3,"['PBMD', 'TEXT', 'PBMD', 'PBMD', 'PBMD']","[467572377856506182, 467523489549678546, 467572377854314819, 467572377853890827, 467572377854825397]","[0.774451494216919, 0.7626352310180664, 0.7626247406005859, 0.7623869776725769, 0.7621189951896667]"
cf3f103b-e4d8-4f34-86aa-b69f3b31fe55,Biochemistry,0.0291748046875,0.003936767578125,0.96484375,0.0014495849609375,True,C,0.09991836547851562,medmcqa_3,"['PBMD', 'PBMD', 'TEXT', 'PBMD', 'PBMD']","[467572377853456752, 467572377854234672, 467523489549944675, 467572377856977814, 467572377855611948]","[0.7972749471664429, 0.7916046380996704, 0.7912081480026245, 0.790630578994751, 0.790539562702179]"
2075da99-9c63-4a88-944a-b1abd40f6720,Biochemistry,0.98046875,0.00848388671875,0.007049560546875,0.0027618408203125,True,A,0.08385467529296875,medmcqa_3,"['PBMD', 'STAT', 'PBMD', 'PBMD', 'PBMD']","[467572377852280465, 467572377850689820, 467572377853972771, 467572377854305003, 467572377855620379]","[0.787318766117096, 0.7721982002258301, 0.7659193277359009, 0.762950599193573, 0.7626373767852783]"
d5f7c86d-3441-4fdd-8618-8510dbead871,Biochemistry,0.205078125,0.06640625,0.013916015625,0.71484375,True,D,0.08481645584106445,medmcqa_3,"['PBMD', 'TEXT', 'PBMD', 'TEXT', 'PBMD']","[467572377852415749, 467523489549701457, 467572377856867269, 467523489549971409, 467572377855514923]","[0.7586009502410889, 0.7472730278968811, 0.7442176938056946, 0.7400646209716797, 0.738610565662384]"
f4431627-6919-4c67-b3fa-eebf37335434,Biochemistry,0.000667572021484375,1.0,0.00020313262939453125,0.0002613067626953125,True,B,0.06412720680236816,medmcqa_3,"['PBMD', 'PBMD', 'PBMD', 'PBMD', 'PBMD']","[467572377853892838, 467572377854026363, 467572377854072761, 467572377853884594, 467572377856573778]","[0.7704498171806335, 0.7681196331977844, 0.7614858150482178, 0.7575829029083252, 0.7575584650039673]"
67face05-23f1-43cc-8acc-61af6d1e6285,Biochemistry,0.77734375,0.134765625,0.06787109375,0.02197265625,True,A,0.09286093711853027,medmcqa_3,"['PBMD', 'PBMD', 'STAT', 'STAT', 'PBMD']","[467572377853969670, 467572377854031072, 467572377850322882, 467572377850322886, 467572377852812909]","[0.7611731290817261, 0.7581882476806641, 0.752661943435669, 0.7492940425872803, 0.7416098713874817]"
d32f0f04-48eb-4a63-bae0-705aed8793a3,Biochemistry,0.484375,0.29296875,0.138671875,0.083984375,True,A,0.08279299736022949,medmcqa_3,"['PBMD', 'PBMD', 'TEXT', 'TEXT', 'PBMD']","[467572377855508939, 467572377855518591, 467523489549680819, 467523489549678842, 467572377850943805]","[0.7831315994262695, 0.7738528251647949, 0.7737194299697876, 0.764592170715332, 0.763542115688324]"
3ea8bac5-2e0f-4f6f-8f5e-c9c1ef405a76,Biochemistry,0.005523681640625,0.002777099609375,0.0015869140625,0.98828125,True,D,0.10065960884094238,medmcqa_3,"['PBMD', 'PBMD', 'PBMD', 'PBMD', 'PBMD']","[467572377850808716, 467572377854504328, 467572377852027543, 467572377852211676, 467572377852964016]","[0.7645331621170044, 0.7640947103500366, 0.7590439915657043, 0.7522574663162231, 0.7517808079719543]"
3a0f1fe5-a2b8-49a5-b032-13e2e508e682,Biochemistry,0.051513671875,0.296875,0.02587890625,0.625,False,C,0.0961771011352539,medmcqa_3,"['PBMD', 'PBMD', 'PBMD', 'PBMD', 'PBMD']","[467572377852193663, 467572377855067595, 467572377856685163, 467572377854951986, 467572377851004304]","[0.7825171947479248, 0.7699570655822754, 0.7648361921310425, 0.7608985900878906, 0.7601849436759949]"
9d2bff20-7d45-402d-af8f-3eb0c1e1e404,Physiology,0.265625,0.234375,0.33984375,0.1611328125,False,A,0.10713958740234375,medmcqa_3,"['PBMD', 'PBMD', 'PBMD', 'PBMD', 'PBMD']","[467572377854299603, 467572377855427732, 467572377854667122, 467572377853660229, 467572377854121365]","[0.7161271572113037, 0.710601270198822, 0.7082851529121399, 0.706361711025238, 0.7051255106925964]"
a36b6f9e-f19b-48b1-9d33-4845fffe975f,Physiology,0.0048828125,0.0010223388671875,0.004058837890625,0.98828125,True,D,0.08291459083557129,medmcqa_3,"['PBMD', 'PBMD', 'PBMD', 'PBMD', 'PBMD']","[467572377854120528, 467572377853001349, 467572377856859788, 467572377854984543, 467572377852334849]","[0.7417142987251282, 0.7390710115432739, 0.7378362417221069, 0.7377806901931763, 0.7341792583465576]"
f6c37d84-4658-45dd-b75d-741f6f1bcff2,Physiology,0.0556640625,0.008544921875,0.06298828125,0.87109375,True,D,0.0993349552154541,medmcqa_3,"['PBMD', 'PBMD', 'STAT', 'TEXT', 'TEXT']","[467572377852327370, 467572377852297335, 467572377850656020, 467523489549989024, 467523489549989508]","[0.8072901368141174, 0.8011411428451538, 0.7977555990219116, 0.7954949736595154, 0.7939872145652771]"
aafbe728-ff78-47ec-8edc-e47e320fc1ba,Physiology,0.1748046875,0.0390625,0.78125,0.004119873046875,False,A,0.08905792236328125,medmcqa_3,"['PBMD', 'STAT', 'PBMD', 'PBMD', 'PBMD']","[467572377853403408, 467572377850699327, 467572377853242719, 467572377852675653, 467572377854333257]","[0.798569917678833, 0.7830145359039307, 0.781062126159668, 0.7779800295829773, 0.7778781056404114]"
4e3061f9-0a14-4878-9abd-6a0459b268b8,Physiology,0.0033721923828125,0.99609375,0.00109100341796875,0.00054931640625,True,B,0.06956315040588379,medmcqa_3,"['PBMD', 'PBMD', 'TEXT', 'TEXT', 'PBMD']","[467572377853833898, 467572377850825595, 467523489549971470, 467523489549704632, 467572377854165732]","[0.7936220169067383, 0.784031093120575, 0.7794398069381714, 0.7708261609077454, 0.7691218256950378]"
bc474c2e-6cf4-4df9-b484-3ecada4dd30d,Physiology,0.08837890625,0.5078125,0.00872802734375,0.39453125,True,B,0.06367945671081543,medmcqa_3,"['TEXT', 'PBMD', 'STAT', 'TEXT', 'PBMD']","[467523489549698037, 467572377854574316, 467572377850658810, 467523489549698036, 467572377854993609]","[0.8173957467079163, 0.8122250437736511, 0.8103886842727661, 0.8059563636779785, 0.7959058880805969]"
514f2979-8893-455e-9b88-5979370081c4,Physiology,0.5859375,0.35546875,0.031005859375,0.0291748046875,True,A,0.0680854320526123,medmcqa_3,"['PBMD', 'PBMD', 'TEXT', 'STAT', 'STAT']","[467572377854861642, 467572377853343565, 467523489549699968, 467572377850413021, 467572377850402773]","[0.7480828762054443, 0.7464078664779663, 0.7461919188499451, 0.7453542947769165, 0.741807758808136]"
d04e9217-abaf-4e62-89ed-5d443c9aa4f2,Physiology,0.25,0.1943359375,0.4375,0.11767578125,False,B,0.08820033073425293,medmcqa_3,"['TEXT', 'TEXT', 'PBMD', 'TEXT', 'TEXT']","[467523489549989508, 467523489550008655, 467572377853999310, 467523489549988771, 467523489549953304]","[0.7436150908470154, 0.7329027056694031, 0.7283827662467957, 0.722061812877655, 0.7190465331077576]"
45258d3d-b974-44dd-a161-c3fccbdadd88,Physiology,0.8984375,0.019775390625,0.00994873046875,0.07373046875,True,A,0.055359601974487305,medmcqa_3,"['TEXT', 'STAT', 'STAT', 'TEXT', 'TEXT']","[467523489549947415, 467572377850346235, 467572377850313561, 467523489549698264, 467523489549988514]","[0.833389163017273, 0.8311126232147217, 0.8203796148300171, 0.8125771284103394, 0.8046726584434509]"
13781885-cf02-490f-ba56-152d97ccb152,Physiology,0.9921875,0.004608154296875,0.002960205078125,0.0001392364501953125,True,A,0.0659787654876709,medmcqa_3,"['TEXT', 'PBMD', 'PBMD', 'PBMD', 'PBMD']","[467523489549710345, 467572377852731199, 467572377854952372, 467572377854738479, 467572377852101963]","[0.7475261092185974, 0.7398725748062134, 0.7387602925300598, 0.7385576963424683, 0.7378097176551819]"
60e4c703-caf9-4e1c-a6d8-fcbaeae819d4,Physiology,0.005523681640625,0.00457763671875,0.984375,0.0037841796875,True,C,0.06751632690429688,medmcqa_3,"['STAT', 'PBMD', 'PBMD', 'STAT', 'TEXT']","[467572377850301676, 467572377852168850, 467572377856123573, 467572377850398677, 467523489549683796]","[0.8247073888778687, 0.8115767240524292, 0.8057079315185547, 0.8034758567810059, 0.8024898767471313]"
539291d5-becc-4ccc-8862-9d9ff4fcc121,Physiology,0.00180816650390625,0.00096893310546875,0.000751495361328125,0.99609375,True,D,0.08263134956359863,medmcqa_3,"['PBMD', 'PBMD', 'STAT', 'PBMD', 'TEXT']","[467572377854425340, 467572377853292246, 467572377850246344, 467572377854568647, 467523489549979736]","[0.7907485961914062, 0.7827898263931274, 0.7822521924972534, 0.7797158360481262, 0.7763192057609558]"
8cdda5f3-545c-4323-b1a5-6ed9f66ea02f,Physiology,0.1220703125,0.62109375,0.0576171875,0.201171875,True,B,0.11581015586853027,medmcqa_3,"['PBMD', 'PBMD', 'PBMD', 'PBMD', 'PBMD']","[467572377854438189, 467572377854305897, 467572377852193370, 467572377852277138, 467572377853935284]","[0.7639672756195068, 0.7626817226409912, 0.7583999633789062, 0.7555603981018066, 0.7550457119941711]"
212c1720-9f09-49d2-9a44-47bd914b35c9,Physiology,0.578125,0.12890625,0.240234375,0.0537109375,False,D,0.09357810020446777,medmcqa_3,"['PBMD', 'PBMD', 'PBMD', 'PBMD', 'PBMD']","[467572377852253080, 467572377852250275, 467572377854749317, 467572377856480271, 467572377855029617]","[0.7515453696250916, 0.7426576018333435, 0.7366722822189331, 0.7364261150360107, 0.736067533493042]"
ef51fbf9-549d-456a-9286-181a7f6143cd,Physiology,0.421875,0.2255859375,0.17578125,0.17578125,True,A,0.08512353897094727,medmcqa_3,"['PBMD', 'PBMD', 'PBMD', 'PBMD', 'PBMD']","[467572377856001231, 467572377854959965, 467572377852090605, 467572377856451545, 467572377855591725]","[0.804021954536438, 0.795009195804596, 0.7949749231338501, 0.7948812246322632, 0.7939733266830444]"
4f5ca2d2-0f0b-4304-87ef-fbdc6d883659,Physiology,0.248046875,0.1708984375,0.2197265625,0.361328125,False,A,0.10209202766418457,medmcqa_3,"['PBMD', 'PBMD', 'PBMD', 'PBMD', 'PBMD']","[467572377852906012, 467572377854017185, 467572377853716939, 467572377854127057, 467572377852219848]","[0.7817334532737732, 0.7774664759635925, 0.7748982310295105, 0.7722764015197754, 0.7717427015304565]"
0dd771c5-9284-4e46-abf0-da8618b12985,Physiology,0.001922607421875,0.99609375,0.00116729736328125,0.0003337860107421875,True,B,0.11738419532775879,medmcqa_3,"['PBMD', 'PBMD', 'TEXT', 'PBMD', 'PBMD']","[467572377856061307, 467572377852825794, 467523489549943792, 467572377855528930, 467572377852544347]","[0.742304801940918, 0.7415636777877808, 0.7399889826774597, 0.7372143864631653, 0.7371402382850647]"
c4bcd30a-daa7-4da1-9316-83c2cbb64532,Physiology,0.0037994384765625,0.0048828125,0.9921875,0.0002593994140625,True,C,0.07874178886413574,medmcqa_3,"['PBMD', 'PBMD', 'STAT', 'STAT', 'STAT']","[467572377852913504, 467572377853685965, 467572377850240897, 467572377850648291, 467572377850408895]","[0.7608329653739929, 0.7586314082145691, 0.757917046546936, 0.7573593854904175, 0.7567000389099121]"
4034587c-3452-4465-9e2e-9b2ad5f643cd,Physiology,0.7578125,0.1494140625,0.07958984375,0.0147705078125,True,A,0.12005972862243652,medmcqa_3,"['PBMD', 'PBMD', 'PBMD', 'PBMD', 'PBMD']","[467572377855468197, 467572377854376863, 467572377856931995, 467572377852499779, 467572377855926956]","[0.8056226968765259, 0.791861891746521, 0.783689022064209, 0.7830440998077393, 0.7793856859207153]"
6b5b69d0-83bf-4cd0-bb15-8f99cc9ea3d7,Physiology,0.040283203125,0.0277099609375,0.91796875,0.01312255859375,True,C,0.14795899391174316,medmcqa_3,"['PBMD', 'STAT', 'PBMD', 'PBMD', 'PBMD']","[467572377853664397, 467572377850766680, 467572377856056501, 467572377853304517, 467572377856822534]","[0.7853888273239136, 0.7697891592979431, 0.7647066116333008, 0.7616026997566223, 0.7611077427864075]"
4506e30a-65c0-48a5-86db-595e5084787c,Gynaecology & Obstetrics,0.010986328125,0.00051116943359375,0.001678466796875,0.98828125,True,D,0.1042029857635498,medmcqa_3,"['PBMD', 'PBMD', 'PBMD', 'PBMD', 'PBMD']","[467572377856976283, 467572377855523407, 467572377855335650, 467572377856666014, 467572377856054613]","[0.7994541525840759, 0.7532897591590881, 0.7508042454719543, 0.7423565983772278, 0.7421108484268188]"
641fe4d1-8fc4-4393-ada9-0f1fc1c25462,Gynaecology & Obstetrics,0.984375,0.005157470703125,0.01025390625,0.00115203857421875,True,A,0.07315850257873535,medmcqa_3,"['PBMD', 'PBMD', 'STAT', 'PBMD', 'PBMD']","[467572377856160326, 467572377854577005, 467572377850405446, 467572377852436555, 467572377852855054]","[0.7484687566757202, 0.7397536039352417, 0.7345078587532043, 0.7343589663505554, 0.7251494526863098]"
a9593a3b-34bf-4de3-b53b-f9e957a0dad5,Gynaecology & Obstetrics,0.2216796875,0.365234375,0.04931640625,0.365234375,False,D,0.062232255935668945,medmcqa_3,"['PBMD', 'STAT', 'PBMD', 'PBMD', 'TEXT']","[467572377854763695, 467572377850758156, 467572377853219665, 467572377855315002, 467523489549963547]","[0.7854956388473511, 0.7821014523506165, 0.7702680230140686, 0.7675783634185791, 0.7662048935890198]"
b0f5d8eb-eda4-48a2-ad59-d158d8132c16,Gynaecology & Obstetrics,0.228515625,0.0308837890625,0.703125,0.037353515625,False,A,0.12238049507141113,medmcqa_3,"['PBMD', 'PBMD', 'PBMD', 'PBMD', 'PBMD']","[467572377852857163, 467572377856153077, 467572377855691635, 467572377855893259, 467572377853675630]","[0.795048713684082, 0.7934937477111816, 0.7893142700195312, 0.7824885845184326, 0.7823148369789124]"
fa304b14-4fa8-415b-8fba-3e670529cc8a,Gynaecology & Obstetrics,0.9453125,0.022216796875,0.028564453125,0.0038604736328125,True,A,0.06444573402404785,medmcqa_3,"['PBMD', 'TEXT', 'PBMD', 'PBMD', 'PBMD']","[467572377852521130, 467523489549679158, 467572377854625310, 467572377852381437, 467572377852505630]","[0.7671845555305481, 0.7647238373756409, 0.761479377746582, 0.7611150145530701, 0.7610362768173218]"
5bca2ed8-85d7-4ec5-8c3a-96ce2c3ca045,Gynaecology & Obstetrics,0.009033203125,0.0013885498046875,0.00799560546875,0.98046875,True,D,0.09805512428283691,medmcqa_3,"['PBMD', 'PBMD', 'PBMD', 'PBMD', 'PBMD']","[467572377852350012, 467572377852043730, 467572377855392143, 467572377854799217, 467572377854226238]","[0.7835772037506104, 0.7795122861862183, 0.773847758769989, 0.7667016983032227, 0.7660209536552429]"
ec8aaefa-2e2d-4d4a-a84e-8f9d95918c25,Gynaecology & Obstetrics,0.154296875,0.154296875,0.5390625,0.154296875,False,B,0.10337042808532715,medmcqa_3,"['STAT', 'TEXT', 'PBMD', 'TEXT', 'PBMD']","[467572377850704188, 467523489549966647, 467572377856219420, 467523489549966634, 467572377856519324]","[0.7420874834060669, 0.7375507950782776, 0.7361081838607788, 0.7324689626693726, 0.7323920130729675]"
aa23e05a-7e73-494b-bc8d-6331b060a964,Gynaecology & Obstetrics,0.002716064453125,0.022705078125,0.00836181640625,0.96484375,True,D,0.09577393531799316,medmcqa_3,"['PBMD', 'STAT', 'PBMD', 'PBMD', 'PBMD']","[467572377852532901, 467572377850279826, 467572377854158001, 467572377856628245, 467572377853757954]","[0.7619273662567139, 0.7579551339149475, 0.7514208555221558, 0.7513688802719116, 0.7512933015823364]"
4c193618-d7aa-41b5-a04c-0ff57cabbb3a,Gynaecology & Obstetrics,0.240234375,0.2119140625,0.30859375,0.240234375,True,C,0.11087846755981445,medmcqa_3,"['PBMD', 'PBMD', 'PBMD', 'PBMD', 'PBMD']","[467572377852467390, 467572377852442156, 467572377852669135, 467572377856302872, 467572377856031474]","[0.7828232645988464, 0.7797912359237671, 0.7773926258087158, 0.7737526297569275, 0.7735709547996521]"
5bb0839c-7c3d-4f5e-a955-6f67ad0db7d9,Gynaecology & Obstetrics,0.158203125,0.1796875,0.5546875,0.10888671875,True,C,0.06567072868347168,medmcqa_3,"['PBMD', 'PBMD', 'PBMD', 'STAT', 'PBMD']","[467572377852566490, 467572377856287038, 467572377856526041, 467572377850624823, 467572377855521079]","[0.7305331230163574, 0.7285598516464233, 0.7264872193336487, 0.7263970375061035, 0.7245602011680603]"
876a5607-e467-4745-b315-13812c405904,Gynaecology & Obstetrics,0.1787109375,0.70703125,0.0546875,0.05810546875,True,B,0.07366394996643066,medmcqa_3,"['STAT', 'PBMD', 'PBMD', 'TEXT', 'PBMD']","[467572377850732333, 467572377853967113, 467572377855477864, 467523489549709637, 467572377852537218]","[0.7850760221481323, 0.77427077293396, 0.7741574048995972, 0.7738786339759827, 0.7697616815567017]"
b7899c5a-8bd2-4a87-8082-0ad7980f3886,Gynaecology & Obstetrics,0.88671875,0.056884765625,0.032470703125,0.022216796875,False,B,0.08237957954406738,medmcqa_3,"['PBMD', 'PBMD', 'PBMD', 'PBMD', 'PBMD']","[467572377855327641, 467572377853099816, 467572377856035058, 467572377852785118, 467572377853946995]","[0.7470859885215759, 0.7389297485351562, 0.7377620935440063, 0.7332829236984253, 0.7317495942115784]"
ba4a3d15-f1cf-4072-b836-ecf2785657e3,Gynaecology & Obstetrics,0.87109375,0.035888671875,0.0712890625,0.023193359375,True,A,0.10707759857177734,medmcqa_3,"['TEXT', 'PBMD', 'PBMD', 'PBMD', 'PBMD']","[467523489549987311, 467572377850990328, 467572377854204915, 467572377854160962, 467572377853311778]","[0.7556553483009338, 0.7460412383079529, 0.7413462996482849, 0.7347857356071472, 0.7333425879478455]"
599296cf-99e1-4a99-8322-cc24fef094a7,Gynaecology & Obstetrics,0.2373046875,0.11962890625,0.5703125,0.072265625,False,A,0.08756732940673828,medmcqa_3,"['PBMD', 'STAT', 'PBMD', 'PBMD', 'PBMD']","[467572377852146959, 467572377850713398, 467572377854320985, 467572377852149333, 467572377850972051]","[0.8198709487915039, 0.8133569359779358, 0.8123893141746521, 0.8121253252029419, 0.8118090629577637]"
6e6be6aa-cd4c-4101-9146-29577f634f9a,Gynaecology & Obstetrics,0.1396484375,0.07958984375,0.486328125,0.294921875,False,D,0.11601448059082031,medmcqa_3,"['PBMD', 'PBMD', 'STAT', 'PBMD', 'PBMD']","[467572377855323391, 467572377854033905, 467572377850702118, 467572377853522274, 467572377855203782]","[0.831271767616272, 0.8212990760803223, 0.8165152668952942, 0.8126775622367859, 0.8055232167243958]"
9abacba9-f159-401a-b974-9040f9efdd8a,Gynaecology & Obstetrics,0.028076171875,0.1259765625,0.0263671875,0.8203125,False,B,0.07469344139099121,medmcqa_3,"['PBMD', 'PBMD', 'STAT', 'STAT', 'TEXT']","[467572377853716803, 467572377856403192, 467572377850626845, 467572377850626838, 467523489549689709]","[0.7857856750488281, 0.7828292846679688, 0.7772708535194397, 0.7767568230628967, 0.7689614295959473]"
a13b245e-56b4-43cd-84fe-1c83ac2badeb,Gynaecology & Obstetrics,0.443359375,0.345703125,0.119140625,0.0927734375,True,A,0.0981142520904541,medmcqa_3,"['PBMD', 'STAT', 'PBMD', 'STAT', 'PBMD']","[467572377852475608, 467572377850684437, 467572377853824827, 467572377850734803, 467572377853911910]","[0.7991890907287598, 0.7991411685943604, 0.7976691722869873, 0.7910109758377075, 0.7900043725967407]"
c97369ec-b7b9-405c-ba9c-35cfdae8ce24,Gynaecology & Obstetrics,0.00726318359375,0.09423828125,0.89453125,0.005645751953125,True,C,0.06499147415161133,medmcqa_3,"['TEXT', 'TEXT', 'STAT', 'STAT', 'PBMD']","[467523489549966780, 467523489549966781, 467572377850402451, 467572377850416884, 467572377854419715]","[0.7354644536972046, 0.7155824899673462, 0.7153878808021545, 0.7107718586921692, 0.7062761187553406]"
8ec544be-913f-4b14-9858-8026a462af96,Gynaecology & Obstetrics,0.306640625,0.0252685546875,0.016357421875,0.65234375,True,D,0.0854027271270752,medmcqa_3,"['PBMD', 'PBMD', 'PBMD', 'PBMD', 'PBMD']","[467572377856699578, 467572377852857538, 467572377853082326, 467572377852471197, 467572377853762708]","[0.7408615946769714, 0.734408974647522, 0.729130744934082, 0.7282664179801941, 0.7268991470336914]"
eb49deaf-5611-4a19-8ad5-0cca73608043,Gynaecology & Obstetrics,0.130859375,0.8515625,0.01214599609375,0.006103515625,True,B,0.10981869697570801,medmcqa_3,"['STAT', 'STAT', 'PBMD', 'PBMD', 'PBMD']","[467572377850282608, 467572377850727766, 467572377855165897, 467572377856948625, 467572377856168988]","[0.7420223951339722, 0.7270844578742981, 0.7155920267105103, 0.710172176361084, 0.7088624238967896]"
36b0d7c6-f5d7-4d5d-a312-c48ec39107e5,Radiology,0.0157470703125,0.005462646484375,0.9765625,0.00074005126953125,True,C,0.0695643424987793,medmcqa_3,"['PBMD', 'PBMD', 'PBMD', 'PBMD', 'TEXT']","[467572377855092373, 467572377856731874, 467572377855156968, 467572377853823600, 467523489549711986]","[0.8106448650360107, 0.7816019058227539, 0.7731125950813293, 0.7725853323936462, 0.7712370753288269]"
477dea37-f0b6-4a6d-b77a-766ded28f2b6,Radiology,0.8046875,0.123046875,0.015625,0.05810546875,True,A,0.07757925987243652,medmcqa_3,"['PBMD', 'STAT', 'PBMD', 'PBMD', 'PBMD']","[467572377853395856, 467572377850313429, 467572377852499289, 467572377853418412, 467572377852750216]","[0.761401355266571, 0.7553743720054626, 0.7520039081573486, 0.7516373991966248, 0.746793270111084]"
3588f845-135e-4167-8455-ecc975821b3a,Radiology,0.52734375,0.3203125,0.0810546875,0.0712890625,False,C,0.07035183906555176,medmcqa_3,"['PBMD', 'PBMD', 'PBMD', 'PBMD', 'PBMD']","[467572377853158797, 467572377853917696, 467572377855606453, 467572377853918238, 467572377852893615]","[0.7793022394180298, 0.7615019083023071, 0.7561922073364258, 0.7554416656494141, 0.7532444000244141]"
e536d0d8-52e5-4881-b33e-23907a9a3034,Radiology,0.04833984375,0.03759765625,0.85546875,0.058349609375,True,C,0.07612824440002441,medmcqa_3,"['PBMD', 'STAT', 'STAT', 'PBMD', 'PBMD']","[467572377855159650, 467572377850653679, 467572377850671744, 467572377853798552, 467572377850998718]","[0.8232543468475342, 0.8112668395042419, 0.792805552482605, 0.7908118963241577, 0.7863638401031494]"
07549da1-d7ff-4fc2-85a0-a27023bbb810,Radiology,0.1572265625,0.044921875,0.796875,0.002105712890625,True,C,0.06975054740905762,medmcqa_3,"['STAT', 'STAT', 'STAT', 'STAT', 'STAT']","[467572377850323964, 467572377850776098, 467572377850758793, 467572377850323997, 467572377850765780]","[0.7396671175956726, 0.7274377942085266, 0.7214085459709167, 0.7212923169136047, 0.7209740877151489]"
c04418b3-8abb-4cb3-bd56-d5c2fd9adc70,Radiology,0.1953125,0.412109375,0.171875,0.220703125,True,B,0.06229281425476074,medmcqa_3,"['PBMD', 'PBMD', 'STAT', 'PBMD', 'PBMD']","[467572377856222567, 467572377856217725, 467572377850678254, 467572377852254432, 467572377855535273]","[0.7910972833633423, 0.7791424989700317, 0.7763617634773254, 0.7746356725692749, 0.7745897769927979]"
71a97018-2620-4ead-8abe-20863683353d,Radiology,0.73828125,0.2392578125,0.0196533203125,0.004669189453125,True,A,0.06805610656738281,medmcqa_3,"['PBMD', 'PBMD', 'STAT', 'PBMD', 'PBMD']","[467572377852431422, 467572377855777143, 467572377850234273, 467572377852297356, 467572377854022751]","[0.7471393346786499, 0.7364650368690491, 0.7161602973937988, 0.7157309651374817, 0.7152283191680908]"
b333f3d2-f0c1-4af8-add4-2f13f2a99643,Radiology,0.041015625,0.01611328125,0.0067138671875,0.9375,False,C,0.06295323371887207,medmcqa_3,"['PBMD', 'PBMD', 'PBMD', 'PBMD', 'STAT']","[467572377852734876, 467572377852254630, 467572377856808614, 467572377854820544, 467572377850357351]","[0.7934252619743347, 0.788394033908844, 0.7740980982780457, 0.7704797387123108, 0.7688925862312317]"
e0d4d5a9-71e4-4f84-b750-3894f8c7eaad,Radiology,0.365234375,0.46875,0.0634765625,0.1044921875,True,B,0.0891427993774414,medmcqa_3,"['PBMD', 'PBMD', 'PBMD', 'PBMD', 'STAT']","[467572377856168390, 467572377852211297, 467572377855723742, 467572377856736539, 467572377850391845]","[0.763113796710968, 0.7545281648635864, 0.7476292848587036, 0.7452032566070557, 0.7416597008705139]"
fce10983-aee8-42db-b4a3-793db4d49faf,Radiology,0.349609375,0.349609375,0.11328125,0.1875,True,A,0.11462664604187012,medmcqa_3,"['PBMD', 'PBMD', 'PBMD', 'PBMD', 'PBMD']","[467572377855033606, 467572377852960239, 467572377854790070, 467572377852794743, 467572377854559678]","[0.740111768245697, 0.7326391935348511, 0.7249894142150879, 0.710220456123352, 0.7098891139030457]"
48f3a95b-0f17-4c55-a104-7ae269bfcc0d,Radiology,0.0546875,0.91015625,0.0157470703125,0.017822265625,False,A,0.06807518005371094,medmcqa_3,"['PBMD', 'STAT', 'PBMD', 'PBMD', 'STAT']","[467572377855024660, 467572377850691423, 467572377854594372, 467572377850931636, 467572377850281044]","[0.7477267980575562, 0.747121274471283, 0.7469261884689331, 0.7465710639953613, 0.7400454878807068]"
f7c7aa89-a69c-495e-8db6-f39c604165d8,Radiology,0.39453125,0.57421875,0.0162353515625,0.0162353515625,True,B,0.10884356498718262,medmcqa_3,"['PBMD', 'PBMD', 'PBMD', 'PBMD', 'PBMD']","[467572377852961821, 467572377856944581, 467572377855824564, 467572377853716273, 467572377852249617]","[0.737515389919281, 0.7351162433624268, 0.7342486381530762, 0.7300287485122681, 0.7262403964996338]"
a66c89b4-55c2-4708-acfd-07987a4f5347,Radiology,0.4765625,0.25390625,0.044189453125,0.224609375,True,A,0.09128928184509277,medmcqa_3,"['PBMD', 'PBMD', 'PBMD', 'PBMD', 'PBMD']","[467572377853380111, 467572377852992943, 467572377850928951, 467572377854129697, 467572377855266778]","[0.7157962322235107, 0.7004621028900146, 0.699216365814209, 0.6972995400428772, 0.6948837637901306]"
50ca6bfb-4e53-40a0-a3a6-14cb2e92d6ab,Radiology,0.150390625,0.408203125,0.193359375,0.248046875,False,C,0.07839632034301758,medmcqa_3,"['STAT', 'PBMD', 'PBMD', 'PBMD', 'PBMD']","[467572377850296866, 467572377852166744, 467572377855428167, 467572377855707060, 467572377853754285]","[0.7117530107498169, 0.7083125710487366, 0.7052331566810608, 0.7040100693702698, 0.6997278332710266]"
ff386ce5-4735-41fe-8e0a-bc3be1999107,Radiology,0.005950927734375,0.94140625,0.0052490234375,0.046875,True,B,0.06772923469543457,medmcqa_3,"['PBMD', 'PBMD', 'PBMD', 'PBMD', 'PBMD']","[467572377854816022, 467572377852993918, 467572377853916861, 467572377854819156, 467572377854096710]","[0.7928465604782104, 0.780924916267395, 0.7766535878181458, 0.768143355846405, 0.7639036774635315]"
70c721b1-9c86-4a0a-8734-cfe46d206f5a,Radiology,0.67578125,0.3203125,0.0020294189453125,0.0010833740234375,False,B,0.0817422866821289,medmcqa_3,"['PBMD', 'PBMD', 'PBMD', 'PBMD', 'PBMD']","[467572377852034068, 467572377852610886, 467572377854815949, 467572377855471727, 467572377856335708]","[0.7504510283470154, 0.737782895565033, 0.7367339134216309, 0.7335596680641174, 0.7323125600814819]"
1730e3d6-7a73-4485-bc27-65e8ad61c9bb,Radiology,0.90625,0.0791015625,0.0089111328125,0.003936767578125,True,A,0.09692215919494629,medmcqa_3,"['PBMD', 'PBMD', 'PBMD', 'PBMD', 'PBMD']","[467572377852084238, 467572377852973114, 467572377852077448, 467572377856524059, 467572377856600065]","[0.7672145366668701, 0.7529786825180054, 0.7499685883522034, 0.7499592304229736, 0.7496362924575806]"
e96fadd5-fac8-4cde-9957-d69ed40b3364,Radiology,0.88671875,0.09375,0.01348876953125,0.004974365234375,True,A,0.05933666229248047,medmcqa_3,"['PBMD', 'PBMD', 'PBMD', 'PBMD', 'PBMD']","[467572377854732829, 467572377853195752, 467572377855048856, 467572377856577408, 467572377854775008]","[0.7268293499946594, 0.725692093372345, 0.725629985332489, 0.7223654389381409, 0.7219459414482117]"
427b1e29-9386-4ca4-af88-7c3fe4b37e15,Radiology,0.0888671875,0.84375,0.044677734375,0.0224609375,False,A,0.05477333068847656,medmcqa_3,"['PBMD', 'PBMD', 'STAT', 'PBMD', 'PBMD']","[467572377855890936, 467572377853432159, 467572377850357351, 467572377853196015, 467572377852703175]","[0.7992452383041382, 0.7941471934318542, 0.7923617362976074, 0.792352020740509, 0.7919254302978516]"
e3782486-d6bf-4ef2-8830-5cdfdcacb020,Radiology,0.00799560546875,0.0020294189453125,0.984375,0.0040283203125,True,C,0.08170795440673828,medmcqa_3,"['PBMD', 'PBMD', 'PBMD', 'TEXT', 'PBMD']","[467572377855499660, 467572377852493810, 467572377854021030, 467523489549712165, 467572377853293773]","[0.7597764730453491, 0.759189784526825, 0.7515169382095337, 0.7513324618339539, 0.7500606775283813]"
ccb55b07-8a29-4e45-a38c-8f0db374c703,ENT,0.06884765625,0.7890625,0.00640869140625,0.13671875,True,B,0.11789369583129883,medmcqa_3,"['PBMD', 'PBMD', 'PBMD', 'PBMD', 'PBMD']","[467572377854732682, 467572377854957528, 467572377855850462, 467572377855738104, 467572377855767130]","[0.7564826607704163, 0.7552724480628967, 0.7529527544975281, 0.7518500089645386, 0.7517509460449219]"
b3554a03-5d0e-42ef-8033-6b3062193ae1,ENT,0.12451171875,0.6328125,0.1806640625,0.0625,True,B,0.07149863243103027,medmcqa_3,"['PBMD', 'PBMD', 'PBMD', 'PBMD', 'PBMD']","[467572377856740685, 467572377852091731, 467572377855048861, 467572377851003574, 467572377853142763]","[0.7756996154785156, 0.7658798694610596, 0.7634763121604919, 0.7591460347175598, 0.7581998109817505]"
762824c1-92d7-4a9e-9fcb-3a7fb3adfe69,ENT,0.859375,0.04833984375,0.09033203125,0.00213623046875,True,A,0.08976197242736816,medmcqa_3,"['PBMD', 'PBMD', 'PBMD', 'PBMD', 'STAT']","[467572377854118188, 467572377854372091, 467572377855837380, 467572377852444760, 467572377850305942]","[0.7533955574035645, 0.7357879281044006, 0.7336199283599854, 0.7279939651489258, 0.7268962860107422]"
e584f190-0cb1-4ef7-9e2a-e4f0ccc8e01b,ENT,0.07666015625,0.043701171875,0.828125,0.052734375,True,C,0.07857990264892578,medmcqa_3,"['TEXT', 'TEXT', 'PBMD', 'PBMD', 'PBMD']","[467523489549945878, 467523489549708166, 467572377854227691, 467572377852301898, 467572377854937014]","[0.760696530342102, 0.7404854893684387, 0.7313447594642639, 0.7253206372261047, 0.7246317863464355]"
d1ef23c9-e756-4ae2-a91c-992fa658c4c3,ENT,0.56640625,0.11181640625,0.208984375,0.11181640625,True,A,0.06899118423461914,medmcqa_3,"['PBMD', 'PBMD', 'PBMD', 'PBMD', 'PBMD']","[467572377854902825, 467572377853386631, 467572377853783984, 467572377854658184, 467572377852601908]","[0.7934555411338806, 0.7711323499679565, 0.7689164876937866, 0.7677378058433533, 0.7555738687515259]"
6b13b5d1-10ab-414c-bfd4-76b9463300f2,ENT,0.25390625,0.326171875,0.2236328125,0.197265625,True,B,0.1086421012878418,medmcqa_3,"['PBMD', 'PBMD', 'PBMD', 'PBMD', 'PBMD']","[467572377854658184, 467572377853810216, 467572377852601908, 467572377855940604, 467572377850947608]","[0.7249021530151367, 0.7124713659286499, 0.7084515690803528, 0.7028200626373291, 0.7026075720787048]"
4bab5fce-dd4d-4196-906d-11354ffa1c8d,ENT,0.291015625,0.00775146484375,0.00323486328125,0.69921875,True,D,0.09281134605407715,medmcqa_3,"['PBMD', 'TEXT', 'PBMD', 'TEXT', 'PBMD']","[467572377856651642, 467523489549712367, 467572377852586962, 467523489549974231, 467572377852511343]","[0.7747926115989685, 0.7684889435768127, 0.7630300521850586, 0.7628488540649414, 0.7620456218719482]"
a86db080-2d2a-4eb2-abb0-11de110167f8,ENT,0.216796875,0.66796875,0.058349609375,0.058349609375,True,B,0.0873727798461914,medmcqa_3,"['PBMD', 'STAT', 'PBMD', 'STAT', 'STAT']","[467572377856171488, 467572377850340440, 467572377852921805, 467572377850320471, 467572377850340439]","[0.7883731126785278, 0.786618173122406, 0.7839275598526001, 0.7803068161010742, 0.7780970931053162]"
be68160f-1668-4576-abcc-882aa211beb3,ENT,0.85546875,0.1318359375,0.0069580078125,0.00421142578125,True,A,0.07453274726867676,medmcqa_3,"['PBMD', 'PBMD', 'PBMD', 'PBMD', 'TEXT']","[467572377852733539, 467572377854325298, 467572377852175518, 467572377855880954, 467523489549708241]","[0.7682663798332214, 0.7579922676086426, 0.7552813291549683, 0.7543146014213562, 0.753317654132843]"
38810794-2735-4239-b36f-d9a509a2997f,ENT,0.0218505859375,0.09228515625,0.875,0.010986328125,False,B,0.07210063934326172,medmcqa_3,"['PBMD', 'STAT', 'PBMD', 'PBMD', 'PBMD']","[467572377853782158, 467572377850703808, 467572377856490608, 467572377856859052, 467572377854194519]","[0.7954741716384888, 0.771418035030365, 0.7661163210868835, 0.7611414194107056, 0.7590988874435425]"
5e7cb3e3-57f6-4748-96dd-0b8f6e2fa902,ENT,0.97265625,0.00396728515625,0.007415771484375,0.0167236328125,True,A,0.10900092124938965,medmcqa_3,"['PBMD', 'PBMD', 'PBMD', 'PBMD', 'PBMD']","[467572377856245930, 467572377851017418, 467572377852693927, 467572377852758613, 467572377855474044]","[0.8057342767715454, 0.7900790572166443, 0.7887803912162781, 0.7877683639526367, 0.7876087427139282]"
da2078b0-6ce5-4ba3-82f2-7b145665be2b,ENT,0.2421875,0.0947265625,0.310546875,0.3515625,False,A,0.07133340835571289,medmcqa_3,"['PBMD', 'PBMD', 'PBMD', 'PBMD', 'PBMD']","[467572377856519561, 467572377855160949, 467572377854729450, 467572377852818960, 467572377852263134]","[0.7254557609558105, 0.7208790183067322, 0.7128967046737671, 0.710608184337616, 0.7090263366699219]"
2267ecd3-7b7f-4416-86f8-5ef2312e643e,ENT,0.03515625,0.5859375,0.024169921875,0.35546875,False,A,0.11426591873168945,medmcqa_3,"['STAT', 'PBMD', 'PBMD', 'PBMD', 'PBMD']","[467572377850260423, 467572377853872770, 467572377852412130, 467572377855447227, 467572377855751495]","[0.8008875250816345, 0.7811908721923828, 0.7789632081985474, 0.7759964466094971, 0.7741668820381165]"
