id,subject,probA,probB,probC,probD,result,answer,time,split,sources,ids,similarity
e4927cf9-d5c2-4d7e-ab5b-7429e206275e,Microbiology,0.0208740234375,0.034423828125,0.9453125,0.000591278076171875,True,C,0.2980802059173584,medmcqa_1,"['PBMD', 'PBMD', 'PBMD', 'PBMD', 'PBMD']","[467572377850972470, 467572377853545782, 467572377852957746, 467572377856394362, 467572377853330959]","[0.8122944831848145, 0.7890517711639404, 0.7762682437896729, 0.7732832431793213, 0.7723356485366821]"
a31fa037-1f22-44a4-8d07-6457c439b685,Microbiology,0.00433349609375,0.9921875,0.000904083251953125,0.00140380859375,True,B,0.11315131187438965,medmcqa_1,"['PBMD', 'PBMD', 'PBMD', 'PBMD', 'PBMD']","[467572377854025031, 467572377855898186, 467572377854135665, 467572377854214042, 467572377853837156]","[0.7937390804290771, 0.7819644212722778, 0.7793926000595093, 0.7783559560775757, 0.7759612798690796]"
93751803-0e12-444d-a80a-f15784cc6a86,Microbiology,0.007080078125,0.003143310546875,0.0037841796875,0.984375,True,D,0.12122130393981934,medmcqa_1,"['PBMD', 'PBMD', 'PBMD', 'PBMD', 'PBMD']","[467572377856962396, 467572377856888010, 467572377856923042, 467572377856946850, 467572377855965648]","[0.7625266909599304, 0.7564371824264526, 0.7552546262741089, 0.7530770897865295, 0.7519690990447998]"
7ddb4b66-7d59-42e8-9714-04fdb5741670,Microbiology,0.59765625,0.1337890625,0.1708984375,0.09765625,False,C,0.12137937545776367,medmcqa_1,"['PBMD', 'TEXT', 'PBMD', 'PBMD', 'TEXT']","[467572377853042911, 467523489549701063, 467572377852818989, 467572377856589647, 467523489549705107]","[0.721034586429596, 0.7177826166152954, 0.71482914686203, 0.7139227986335754, 0.7135316729545593]"
8fe12f62-9e59-408b-899d-72def6e9e16e,Microbiology,0.103515625,0.0296630859375,0.765625,0.103515625,True,C,0.08838987350463867,medmcqa_1,"['PBMD', 'PBMD', 'PBMD', 'PBMD', 'PBMD']","[467572377852365923, 467572377853894193, 467572377854666221, 467572377852325016, 467572377852133583]","[0.7263869047164917, 0.7244889140129089, 0.7198092341423035, 0.7193878889083862, 0.7189738154411316]"
dec39d56-fcb3-4cf1-8e83-e09a09a8ce6e,Microbiology,0.546875,0.1572265625,0.138671875,0.1572265625,True,A,0.10205650329589844,medmcqa_1,"['PBMD', 'PBMD', 'PBMD', 'PBMD', 'PBMD']","[467572377854517862, 467572377852439127, 467572377854562656, 467572377854889298, 467572377852441196]","[0.7764619588851929, 0.7720579504966736, 0.7593270540237427, 0.7503930330276489, 0.7489029169082642]"
de1065e8-37ba-4b6b-a05d-f967fdf76f58,Microbiology,0.984375,0.0029449462890625,0.01318359375,0.0003986358642578125,True,A,0.08709192276000977,medmcqa_1,"['TEXT', 'TEXT', 'PBMD', 'TEXT', 'PBMD']","[467523489549971432, 467523489549701790, 467572377856208239, 467523489549941179, 467572377853151274]","[0.8147854804992676, 0.8042190074920654, 0.790376603603363, 0.7897871732711792, 0.7870643734931946]"
5a2facfc-eefa-4828-b96a-c319e1c71745,Microbiology,0.99609375,0.0010986328125,0.00124359130859375,7.963180541992188e-05,True,A,0.06421709060668945,medmcqa_1,"['PBMD', 'PBMD', 'PBMD', 'PBMD', 'PBMD']","[467572377855553743, 467572377856698373, 467572377853406386, 467572377856496316, 467572377852850875]","[0.7508835196495056, 0.7410088181495667, 0.7381770014762878, 0.7376918792724609, 0.7372845411300659]"
8919343b-cb06-4265-8e82-209b335117b3,Microbiology,0.01385498046875,0.0069580078125,0.0084228515625,0.97265625,True,D,0.10055065155029297,medmcqa_1,"['PBMD', 'PBMD', 'PBMD', 'PBMD', 'STAT']","[467572377856145138, 467572377853306267, 467572377856773580, 467572377856026747, 467572377850255232]","[0.792747974395752, 0.7861596941947937, 0.7812994718551636, 0.7774008512496948, 0.7768662571907043]"
02f27add-bf4d-4155-81aa-8f537546ceda,Microbiology,0.0810546875,0.87109375,0.0247802734375,0.0218505859375,False,C,0.08045244216918945,medmcqa_1,"['PBMD', 'PBMD', 'TEXT', 'PBMD', 'PBMD']","[467572377855399190, 467572377852607273, 467523489549948549, 467572377854183568, 467572377853328533]","[0.7026233077049255, 0.7025739550590515, 0.7008947134017944, 0.699507474899292, 0.6984615921974182]"
7cacd6ea-ee7d-481d-bc66-467c47dc315c,Microbiology,0.06640625,0.80859375,0.0966796875,0.0294189453125,True,B,0.10018754005432129,medmcqa_1,"['STAT', 'PBMD', 'PBMD', 'PBMD', 'PBMD']","[467572377850319566, 467572377855551535, 467572377850795788, 467572377852470527, 467572377853316870]","[0.7697256803512573, 0.7616002559661865, 0.7612415552139282, 0.7551961541175842, 0.7539404630661011]"
47d11c3e-1090-4157-be00-405e9a23961e,Microbiology,0.44921875,0.5078125,0.003021240234375,0.039306640625,False,A,0.06269431114196777,medmcqa_1,"['STAT', 'STAT', 'STAT', 'PBMD', 'STAT']","[467572377850285467, 467572377850779347, 467572377850285483, 467572377856413861, 467572377850779346]","[0.8037971258163452, 0.7791166305541992, 0.7678269147872925, 0.767520546913147, 0.7673940658569336]"
bf1695d4-b341-49a2-9144-aa52d346c645,Microbiology,0.78515625,0.0732421875,0.047119140625,0.09375,False,B,0.1156158447265625,medmcqa_1,"['TEXT', 'PBMD', 'PBMD', 'PBMD', 'PBMD']","[467523489549704203, 467572377856297300, 467572377855100886, 467572377855339919, 467572377855423992]","[0.7957123517990112, 0.7931199073791504, 0.7887789011001587, 0.7865209579467773, 0.7838958501815796]"
ca49d5c3-9678-4b4f-b10d-4021802c636d,Microbiology,0.99609375,0.0035858154296875,0.0002765655517578125,3.528594970703125e-05,True,A,0.08902096748352051,medmcqa_1,"['PBMD', 'PBMD', 'PBMD', 'PBMD', 'PBMD']","[467572377852571681, 467572377856847861, 467572377856647034, 467572377852329383, 467572377850841624]","[0.768064558506012, 0.7651072144508362, 0.7622871994972229, 0.7621657848358154, 0.7603753209114075]"
84edf98d-5d16-4377-95fc-2bb67058e7d4,Microbiology,0.06396484375,0.0267333984375,0.8828125,0.0250244140625,True,C,0.09682035446166992,medmcqa_1,"['PBMD', 'PBMD', 'TEXT', 'PBMD', 'PBMD']","[467572377855167149, 467572377854240006, 467523489549704476, 467572377854843568, 467572377851014814]","[0.752716600894928, 0.7508876919746399, 0.7498401403427124, 0.7399145364761353, 0.7379693984985352]"
a18a805c-102a-4493-9a14-9fef1f17862f,Microbiology,0.043212890625,0.76953125,0.1337890625,0.0556640625,True,B,0.06359410285949707,medmcqa_1,"['STAT', 'PBMD', 'PBMD', 'PBMD', 'PBMD']","[467572377850331254, 467572377856312949, 467572377854776440, 467572377852758235, 467572377852437604]","[0.790810227394104, 0.7879996299743652, 0.7863556146621704, 0.7857160568237305, 0.783440113067627]"
87d25aef-12d5-478d-b126-e98a1a76e9f0,Microbiology,0.003570556640625,0.9921875,0.002166748046875,0.0023040771484375,True,B,0.09254956245422363,medmcqa_1,"['PBMD', 'PBMD', 'PBMD', 'PBMD', 'PBMD']","[467572377856081041, 467572377856369918, 467572377853813436, 467572377852555471, 467572377856338137]","[0.7385610938072205, 0.7274608016014099, 0.7238139510154724, 0.7213440537452698, 0.7200988531112671]"
bd2d1f59-a803-4311-b0b5-65dff935f85c,Microbiology,0.039306640625,0.15625,0.0128173828125,0.79296875,False,B,0.1026465892791748,medmcqa_1,"['PBMD', 'PBMD', 'PBMD', 'PBMD', 'PBMD']","[467572377856104459, 467572377852792840, 467572377853085963, 467572377856343779, 467572377853958159]","[0.7464416027069092, 0.7421066164970398, 0.739896297454834, 0.7398525476455688, 0.738129198551178]"
4cbe210a-0779-4ba7-b599-e9b89fa5a0b1,Microbiology,0.004302978515625,0.98828125,0.0023040771484375,0.00335693359375,True,B,0.1304638385772705,medmcqa_1,"['PBMD', 'PBMD', 'PBMD', 'PBMD', 'PBMD']","[467572377854875109, 467572377856588090, 467572377850965249, 467572377852134593, 467572377854525694]","[0.7818967700004578, 0.7761783003807068, 0.7728273868560791, 0.7715137004852295, 0.7698106169700623]"
0d8286b5-43b3-4ea2-9af4-d39822a11972,Microbiology,0.146484375,0.166015625,0.03271484375,0.65625,False,B,0.10316038131713867,medmcqa_1,"['PBMD', 'PBMD', 'PBMD', 'PBMD', 'PBMD']","[467572377850845621, 467572377854318161, 467572377852986665, 467572377854737127, 467572377852881972]","[0.7378371953964233, 0.7347813844680786, 0.7293755412101746, 0.7290036082267761, 0.7289602756500244]"
5515fbdd-b28a-4493-914c-b8cefe901334,Social & Preventive Medicine,0.0634765625,0.031982421875,0.68359375,0.2216796875,False,B,0.11116909980773926,medmcqa_1,"['PBMD', 'PBMD', 'PBMD', 'PBMD', 'PBMD']","[467572377854683285, 467572377854083449, 467572377853809808, 467572377852294685, 467572377854141312]","[0.7502293586730957, 0.7439079284667969, 0.7423840761184692, 0.7404670119285583, 0.7395817637443542]"
9ed9358f-cdc1-48d6-8147-45ab98516fb0,Social & Preventive Medicine,0.205078125,0.6328125,0.140625,0.0216064453125,True,B,0.0709688663482666,medmcqa_1,"['PBMD', 'PBMD', 'PBMD', 'PBMD', 'PBMD']","[467572377854267783, 467572377854912238, 467572377855428167, 467572377853979461, 467572377852265817]","[0.7600586414337158, 0.7372543811798096, 0.7358995079994202, 0.7351745367050171, 0.7319530248641968]"
5266b717-91e2-4c9f-94aa-2be119379a81,Social & Preventive Medicine,0.1162109375,0.51953125,0.24609375,0.1162109375,False,D,0.06336164474487305,medmcqa_1,"['PBMD', 'PBMD', 'PBMD', 'STAT', 'PBMD']","[467572377853170334, 467572377854784854, 467572377852122989, 467572377850648805, 467572377852927301]","[0.7324200868606567, 0.7283987998962402, 0.7274803519248962, 0.7251824140548706, 0.7150324583053589]"
5dd40005-ebc1-4136-9b9b-70705d09e384,Social & Preventive Medicine,0.076171875,0.46875,0.283203125,0.171875,True,B,0.11442685127258301,medmcqa_1,"['STAT', 'TEXT', 'PBMD', 'PBMD', 'PBMD']","[467572377850314217, 467523489549932066, 467572377854198042, 467572377856254707, 467572377852937192]","[0.7781835198402405, 0.7676531076431274, 0.7650270462036133, 0.763111412525177, 0.7610306143760681]"
85377a0a-3388-46b2-b2ba-43b90a2b7955,Social & Preventive Medicine,0.4296875,0.10888671875,0.4296875,0.0311279296875,False,C,0.09724664688110352,medmcqa_1,"['PBMD', 'TEXT', 'PBMD', 'PBMD', 'PBMD']","[467572377853879572, 467523489549701063, 467572377854318969, 467572377854339710, 467572377852875043]","[0.7404359579086304, 0.7382047176361084, 0.735776960849762, 0.7350281476974487, 0.7346206307411194]"
2166e021-8b96-47ad-9e4d-fa55a623938b,Social & Preventive Medicine,0.70703125,0.1787109375,0.057861328125,0.057861328125,True,A,0.0717625617980957,medmcqa_1,"['STAT', 'PBMD', 'PBMD', 'STAT', 'PBMD']","[467572377850685666, 467572377856721675, 467572377856078282, 467572377850371205, 467572377852082639]","[0.7763847708702087, 0.7689944505691528, 0.7683220505714417, 0.764776885509491, 0.7644060254096985]"
3149d45d-d152-4d8a-a992-430c0d1bed57,Social & Preventive Medicine,0.08349609375,0.03955078125,0.79296875,0.08349609375,False,A,0.06147909164428711,medmcqa_1,"['PBMD', 'PBMD', 'PBMD', 'STAT', 'PBMD']","[467572377855428167, 467572377854673339, 467572377854102327, 467572377850719618, 467572377855015012]","[0.760367751121521, 0.7509180307388306, 0.7491424083709717, 0.7459120154380798, 0.7455599904060364]"
2a74f19e-1c3b-4318-ba5b-0812f80d895e,Social & Preventive Medicine,0.00518798828125,0.0037841796875,0.00518798828125,0.984375,True,D,0.07445979118347168,medmcqa_1,"['PBMD', 'PBMD', 'PBMD', 'PBMD', 'PBMD']","[467572377854003264, 467572377853154508, 467572377856160377, 467572377853447599, 467572377850968639]","[0.7605921030044556, 0.7557815313339233, 0.7520240545272827, 0.751670777797699, 0.7514708042144775]"
eea47061-62d2-40bd-a772-8b8d8dfb431d,Social & Preventive Medicine,0.30078125,0.30078125,0.30078125,0.09765625,False,B,0.08606123924255371,medmcqa_1,"['PBMD', 'PBMD', 'PBMD', 'PBMD', 'PBMD']","[467572377854665205, 467572377850844716, 467572377855428167, 467572377853690991, 467572377854134180]","[0.7565432786941528, 0.7544221878051758, 0.7451009154319763, 0.7401764392852783, 0.7372477054595947]"
b3c00c97-b6ca-4475-95e2-42343c8959cc,Social & Preventive Medicine,0.056884765625,0.2109375,0.08251953125,0.6484375,False,A,0.09028744697570801,medmcqa_1,"['PBMD', 'TEXT', 'PBMD', 'PBMD', 'PBMD']","[467572377852552415, 467523489549701063, 467572377854701641, 467572377855860072, 467572377853087529]","[0.7471656799316406, 0.7344189286231995, 0.723068118095398, 0.7226526141166687, 0.7216930985450745]"
4b376e03-6fe0-40fd-b3be-aea6048bf7fa,Social & Preventive Medicine,0.34375,0.251953125,0.322265625,0.08154296875,True,A,0.09318041801452637,medmcqa_1,"['PBMD', 'PBMD', 'PBMD', 'PBMD', 'PBMD']","[467572377854169203, 467572377853457071, 467572377850829963, 467572377856584842, 467572377855070620]","[0.7098222374916077, 0.7076469659805298, 0.6895118355751038, 0.6871289610862732, 0.685305655002594]"
82a21b84-e5d6-46d5-98bc-46fc75641f7b,Social & Preventive Medicine,0.0966796875,0.337890625,0.490234375,0.0751953125,True,C,0.0973198413848877,medmcqa_1,"['STAT', 'PBMD', 'PBMD', 'PBMD', 'TEXT']","[467572377850341167, 467572377856936846, 467572377856617576, 467572377856548960, 467523489549929894]","[0.7990150451660156, 0.7782901525497437, 0.7686834335327148, 0.7676682472229004, 0.7627462148666382]"
ba54a2e5-0beb-4a2b-a1ec-f34e58a5e679,Social & Preventive Medicine,0.0927734375,0.345703125,0.06005859375,0.50390625,False,B,0.05856776237487793,medmcqa_1,"['PBMD', 'PBMD', 'PBMD', 'STAT', 'TEXT']","[467572377856896740, 467572377850854641, 467572377856307887, 467572377850282116, 467523489549954668]","[0.7355877757072449, 0.7310030460357666, 0.7309992909431458, 0.7279068827629089, 0.7260550260543823]"
7c6fe266-845b-4f4b-8ddb-ca5d016e0396,Social & Preventive Medicine,0.036376953125,0.3046875,0.01611328125,0.64453125,True,D,0.11411237716674805,medmcqa_1,"['PBMD', 'PBMD', 'PBMD', 'PBMD', 'STAT']","[467572377856423792, 467572377852528865, 467572377852340936, 467572377855458456, 467572377850631814]","[0.7932171821594238, 0.7478734850883484, 0.7469815015792847, 0.7410051822662354, 0.7398366332054138]"
257b6434-4c38-4b6a-8207-23c436906b0c,Social & Preventive Medicine,0.88671875,0.0303955078125,0.0126953125,0.068359375,True,A,0.08234429359436035,medmcqa_1,"['PBMD', 'PBMD', 'PBMD', 'TEXT', 'PBMD']","[467572377852486210, 467572377852397909, 467572377854200781, 467523489549687345, 467572377852040064]","[0.7598300576210022, 0.7512266039848328, 0.7499907612800598, 0.7499451637268066, 0.7491058707237244]"
bcc3680a-8167-4c75-ba0c-b7c94cb440b6,Social & Preventive Medicine,0.1513671875,0.412109375,0.283203125,0.1513671875,True,B,0.06269049644470215,medmcqa_1,"['PBMD', 'PBMD', 'PBMD', 'PBMD', 'PBMD']","[467572377855428167, 467572377855350966, 467572377853340758, 467572377854997571, 467572377854003264]","[0.7557833790779114, 0.7492066621780396, 0.7290207147598267, 0.7280784249305725, 0.7200985550880432]"
c06d48a3-baba-4dfd-8144-39234497be00,Social & Preventive Medicine,0.05322265625,0.9453125,0.001708984375,0.000759124755859375,True,B,0.060538291931152344,medmcqa_1,"['PBMD', 'PBMD', 'PBMD', 'PBMD', 'PBMD']","[467572377852265817, 467572377853073235, 467572377853582639, 467572377852852727, 467572377852245777]","[0.7502021789550781, 0.7495116591453552, 0.736966073513031, 0.7343469858169556, 0.7334317564964294]"
fab688a9-c8b9-49de-9fd1-596e226477e6,Social & Preventive Medicine,0.0166015625,0.3125,0.6640625,0.006500244140625,True,C,0.08306050300598145,medmcqa_1,"['PBMD', 'PBMD', 'PBMD', 'PBMD', 'PBMD']","[467572377853433730, 467572377853340758, 467572377854666329, 467572377855231530, 467572377853081435]","[0.7145628333091736, 0.7069858312606812, 0.7050166130065918, 0.7012820243835449, 0.6943334341049194]"
ae3aa91a-4bfb-42a5-b8f6-7f8217e18fb0,Social & Preventive Medicine,0.26953125,0.50390625,0.126953125,0.09912109375,True,B,0.06725597381591797,medmcqa_1,"['PBMD', 'PBMD', 'PBMD', 'PBMD', 'PBMD']","[467572377855428167, 467572377853062387, 467572377853340758, 467572377852489460, 467572377854997571]","[0.7352526187896729, 0.7245681881904602, 0.7216542959213257, 0.7203719019889832, 0.7201111316680908]"
9e897983-8674-4556-9457-457acfa15d9e,Social & Preventive Medicine,0.306640625,0.447265625,0.099609375,0.1455078125,False,C,0.08503365516662598,medmcqa_1,"['PBMD', 'PBMD', 'PBMD', 'PBMD', 'PBMD']","[467572377855010759, 467572377852067128, 467572377855962335, 467572377853233088, 467572377854225573]","[0.7980856895446777, 0.7951393723487854, 0.7943305969238281, 0.7833386063575745, 0.7821731567382812]"
3c51b6f8-0c1e-4f6f-9f2b-9b2463364ff2,Dental,0.17578125,0.328125,0.0732421875,0.421875,False,C,0.06668376922607422,medmcqa_1,"['PBMD', 'PBMD', 'PBMD', 'PBMD', 'PBMD']","[467572377854766839, 467572377852077134, 467572377854600689, 467572377853281065, 467572377854256568]","[0.7103867530822754, 0.7080010175704956, 0.7061595320701599, 0.7023873329162598, 0.6986955404281616]"
a21105e6-e66d-4ae5-ab2d-cee0c3b6bd4d,Dental,0.1669921875,0.2431640625,0.400390625,0.189453125,False,B,0.07583975791931152,medmcqa_1,"['PBMD', 'PBMD', 'PBMD', 'STAT', 'PBMD']","[467572377855428167, 467572377855272795, 467572377853340758, 467572377850721780, 467572377854997571]","[0.6865487694740295, 0.679599404335022, 0.6792637705802917, 0.674751341342926, 0.6723867654800415]"
8a04c842-70a5-4ba5-9645-c5ef4a5acd66,Dental,0.173828125,0.134765625,0.32421875,0.3671875,False,A,0.10172295570373535,medmcqa_1,"['PBMD', 'PBMD', 'STAT', 'PBMD', 'PBMD']","[467572377850963652, 467572377855957715, 467572377850327009, 467572377856809636, 467572377856790484]","[0.7950253486633301, 0.7922106981277466, 0.784446120262146, 0.7795402407646179, 0.7763086557388306]"
2bd4a99b-c158-4dac-8632-ae800f490a9e,Dental,0.93359375,0.052490234375,0.005218505859375,0.00970458984375,False,B,0.09059524536132812,medmcqa_1,"['PBMD', 'PBMD', 'PBMD', 'PBMD', 'PBMD']","[467572377855278167, 467572377853738992, 467572377854267783, 467572377854276615, 467572377853051703]","[0.7617700099945068, 0.7610592842102051, 0.7593168020248413, 0.7548372149467468, 0.753686785697937]"
a4e71725-0ed0-4088-bec3-6cfc37490df4,Dental,0.044921875,0.03955078125,0.013671875,0.90234375,True,D,0.06619548797607422,medmcqa_1,"['PBMD', 'PBMD', 'PBMD', 'PBMD', 'PBMD']","[467572377852954745, 467572377854599138, 467572377853690312, 467572377852183662, 467572377856689741]","[0.7612594366073608, 0.7348254323005676, 0.7345696091651917, 0.7332903742790222, 0.7291627526283264]"
8de6d7b3-c5f9-4c22-b93e-41cf119212f1,Dental,0.005096435546875,0.005096435546875,0.017822265625,0.97265625,False,C,0.07124853134155273,medmcqa_1,"['PBMD', 'PBMD', 'PBMD', 'PBMD', 'PBMD']","[467572377850963645, 467572377855514707, 467572377856523160, 467572377852266107, 467572377854849175]","[0.8145174384117126, 0.803608238697052, 0.802341103553772, 0.8000333309173584, 0.7993510961532593]"
9baf46e0-b16f-48a5-b761-334765784402,Dental,0.5078125,0.271484375,0.1865234375,0.03662109375,True,A,0.05751991271972656,medmcqa_1,"['PBMD', 'PBMD', 'PBMD', 'PBMD', 'PBMD']","[467572377853803810, 467572377852975832, 467572377855479237, 467572377852563340, 467572377852253223]","[0.7225222587585449, 0.7202713489532471, 0.7196509838104248, 0.7169292569160461, 0.7156278491020203]"
815a13ca-72f8-4964-8732-04f03b313aa4,Dental,0.2353515625,0.2353515625,0.38671875,0.142578125,False,B,0.09078693389892578,medmcqa_1,"['STAT', 'PBMD', 'PBMD', 'PBMD', 'STAT']","[467572377850625332, 467572377852201145, 467572377856028654, 467572377854993262, 467572377850280112]","[0.7591943740844727, 0.7353214621543884, 0.7334063649177551, 0.7301110029220581, 0.7295880913734436]"
76ba3417-012e-4bf8-840c-13bb7bc60dcc,Dental,0.8515625,0.08984375,0.037353515625,0.02001953125,True,A,0.06238245964050293,medmcqa_1,"['PBMD', 'STAT', 'PBMD', 'PBMD', 'PBMD']","[467572377856422062, 467572377850657570, 467572377855697696, 467572377856913018, 467572377855575042]","[0.7665053009986877, 0.7459959387779236, 0.7453156113624573, 0.7432554960250854, 0.7425224184989929]"
242d1a23-0032-4565-99cc-ebf7d8fc54aa,Dental,0.6171875,0.1767578125,0.08349609375,0.12158203125,True,A,0.12183427810668945,medmcqa_1,"['PBMD', 'PBMD', 'PBMD', 'PBMD', 'PBMD']","[467572377856982552, 467572377855492407, 467572377856904629, 467572377856217480, 467572377852753880]","[0.7958660125732422, 0.7933521866798401, 0.7875070571899414, 0.7844572067260742, 0.7837374210357666]"
9ca1d8a1-131f-4ed9-9ba6-e2fd8ed9e09d,Dental,0.28515625,0.470703125,0.15234375,0.0927734375,True,B,0.10158658027648926,medmcqa_1,"['PBMD', 'PBMD', 'PBMD', 'PBMD', 'PBMD']","[467572377855489138, 467572377854859419, 467572377856861531, 467572377853174903, 467572377856870807]","[0.7653257250785828, 0.7583074569702148, 0.755624532699585, 0.7552433013916016, 0.7512378692626953]"
4f0750e5-1479-453d-85f2-5b532aa130a9,Dental,0.1650390625,0.2119140625,0.349609375,0.2734375,False,D,0.09222626686096191,medmcqa_1,"['PBMD', 'PBMD', 'PBMD', 'PBMD', 'PBMD']","[467572377855848003, 467572377853002371, 467572377856798794, 467572377853451096, 467572377855534291]","[0.7288410663604736, 0.7198443412780762, 0.7191662192344666, 0.7180898189544678, 0.7168286442756653]"
53d58d7a-d546-4b1a-88a7-fa7348ff08a5,Dental,0.3359375,0.23046875,0.203125,0.23046875,True,A,0.08107948303222656,medmcqa_1,"['PBMD', 'PBMD', 'PBMD', 'PBMD', 'TEXT']","[467572377853692778, 467572377850924406, 467572377854685772, 467572377853960065, 467523489549703706]","[0.7175900340080261, 0.7125191688537598, 0.7108923196792603, 0.7079017758369446, 0.7057701945304871]"
9a664b49-9962-466f-a160-3ae2036dd720,Dental,0.3828125,0.2314453125,0.26171875,0.1240234375,True,A,0.09918975830078125,medmcqa_1,"['PBMD', 'PBMD', 'PBMD', 'PBMD', 'PBMD']","[467572377856288411, 467572377850933901, 467572377855348821, 467572377850924612, 467572377850919745]","[0.751997709274292, 0.7441484928131104, 0.7391758561134338, 0.7346623539924622, 0.7287473082542419]"
ec39111c-8207-4aed-8e4c-e81e104c3f79,Dental,0.041259765625,0.018310546875,0.9375,0.00360107421875,True,C,0.12446117401123047,medmcqa_1,"['PBMD', 'PBMD', 'PBMD', 'PBMD', 'PBMD']","[467572377852757342, 467572377853351118, 467572377853792605, 467572377853922186, 467572377854681512]","[0.8037974238395691, 0.7899634838104248, 0.7851608991622925, 0.7814844846725464, 0.7722649574279785]"
bdb5ddab-b229-4775-a698-62d03c559af1,Dental,0.6328125,0.12451171875,0.12451171875,0.1171875,False,B,0.08219289779663086,medmcqa_1,"['PBMD', 'STAT', 'STAT', 'STAT', 'PBMD']","[467572377853072211, 467572377850315370, 467572377850351544, 467572377850246520, 467572377854140171]","[0.7494146227836609, 0.7460120320320129, 0.7358191013336182, 0.7352002263069153, 0.7347455620765686]"
76e1d3a2-90b6-4735-be99-004263456619,Dental,0.0693359375,0.2734375,0.51171875,0.146484375,False,A,0.08929324150085449,medmcqa_1,"['PBMD', 'PBMD', 'PBMD', 'PBMD', 'PBMD']","[467572377856874559, 467572377856870795, 467572377852748890, 467572377852757306, 467572377852729549]","[0.799491286277771, 0.7780845165252686, 0.7639843225479126, 0.758174479007721, 0.7554243206977844]"
51250c61-30fe-47d0-b5cf-e9ce5abcac6e,Dental,0.173828125,0.3671875,0.134765625,0.32421875,False,D,0.07879161834716797,medmcqa_1,"['PBMD', 'PBMD', 'PBMD', 'PBMD', 'PBMD']","[467572377852566280, 467572377854267783, 467572377853370635, 467572377852775414, 467572377854276615]","[0.7613997459411621, 0.7583329677581787, 0.7572735548019409, 0.7513747811317444, 0.7428598403930664]"
d0bb44e4-6d29-4b19-8046-c47c28b48bc5,Dental,0.921875,0.05517578125,0.0203857421875,0.0037689208984375,True,A,0.1021275520324707,medmcqa_1,"['PBMD', 'PBMD', 'PBMD', 'PBMD', 'STAT']","[467572377850876831, 467572377854136763, 467572377855737091, 467572377856727745, 467572377850397365]","[0.7800348997116089, 0.7676541209220886, 0.7635160684585571, 0.7598912715911865, 0.759739100933075]"
762c8e46-a58b-4a23-b03d-f5d2055a3fac,Dental,0.1376953125,0.15625,0.330078125,0.375,False,C,0.12097668647766113,medmcqa_1,"['PBMD', 'PBMD', 'PBMD', 'PBMD', 'PBMD']","[467572377850923888, 467572377854824787, 467572377853918641, 467572377850918989, 467572377855287777]","[0.7996530532836914, 0.7926551103591919, 0.7900640368461609, 0.7898103594779968, 0.7880496382713318]"
3bb33f16-ca92-481f-bb39-b5278156c63d,Pathology,0.0235595703125,0.0771484375,0.25390625,0.64453125,True,D,0.06688928604125977,medmcqa_1,"['STAT', 'TEXT', 'STAT', 'PBMD', 'STAT']","[467572377850717537, 467523489549925743, 467572377850255636, 467572377855035584, 467572377850376842]","[0.7708773612976074, 0.7692011594772339, 0.7599647045135498, 0.7575280666351318, 0.7554601430892944]"
d6094ebe-a5b0-49fe-8443-6d9eeabff0fb,Pathology,0.0390625,0.65234375,0.306640625,0.002655029296875,False,C,0.0698552131652832,medmcqa_1,"['PBMD', 'PBMD', 'PBMD', 'PBMD', 'PBMD']","[467572377854324845, 467572377853403558, 467572377853480548, 467572377856731906, 467572377854510648]","[0.7307369709014893, 0.7234962582588196, 0.7234430909156799, 0.7234326601028442, 0.7185831665992737]"
f7aaa747-4b20-4034-b4dd-3aa8b964327a,Pathology,0.921875,0.031494140625,0.03564453125,0.01092529296875,True,A,0.09645509719848633,medmcqa_1,"['PBMD', 'PBMD', 'PBMD', 'PBMD', 'PBMD']","[467572377853373222, 467572377854643454, 467572377853684056, 467572377855827185, 467572377856082008]","[0.7405233979225159, 0.7356750965118408, 0.7353247404098511, 0.7346664667129517, 0.7338255047798157]"
cd385d3e-f948-4dbf-bccb-3e67436a580b,Pathology,0.326171875,0.2236328125,0.369140625,0.08203125,False,B,0.09199118614196777,medmcqa_1,"['PBMD', 'PBMD', 'TEXT', 'PBMD', 'PBMD']","[467572377856519047, 467572377854997571, 467523489549691412, 467572377852590563, 467572377852344579]","[0.7226825952529907, 0.7081231474876404, 0.7020641565322876, 0.6966627240180969, 0.6957975029945374]"
775ae087-72e3-45fb-9b1d-e4a74bddc1c1,Pathology,0.94921875,0.047119140625,0.00439453125,0.000919342041015625,True,A,0.08272504806518555,medmcqa_1,"['PBMD', 'PBMD', 'PBMD', 'PBMD', 'PBMD']","[467572377852252181, 467572377856858561, 467572377855699829, 467572377850918003, 467572377855403048]","[0.7342092394828796, 0.7310093641281128, 0.7292896509170532, 0.7289962768554688, 0.7285717129707336]"
cd3ee63d-d3f2-44ea-a18c-dbf9bf1c57cf,Pathology,0.1396484375,0.07958984375,0.0703125,0.7109375,True,D,0.08959650993347168,medmcqa_1,"['PBMD', 'PBMD', 'PBMD', 'PBMD', 'PBMD']","[467572377855681853, 467572377852757300, 467572377853747794, 467572377855376661, 467572377855889655]","[0.7762839794158936, 0.7711358070373535, 0.7710949778556824, 0.762755274772644, 0.7591713666915894]"
f6f50542-f6b4-4fa8-b073-d12597eb52f9,Pathology,0.0157470703125,0.9765625,0.00138092041015625,0.006195068359375,True,B,0.08937239646911621,medmcqa_1,"['PBMD', 'PBMD', 'PBMD', 'PBMD', 'PBMD']","[467572377855111139, 467572377855348989, 467572377852585021, 467572377853964279, 467572377853498689]","[0.8320245146751404, 0.8232159614562988, 0.813403844833374, 0.8096315860748291, 0.8059737086296082]"
6b86f0c4-8038-4e49-8789-2a288d123aa7,Pathology,0.9921875,0.0023040771484375,0.000850677490234375,0.004608154296875,True,A,0.07459521293640137,medmcqa_1,"['PBMD', 'STAT', 'PBMD', 'PBMD', 'PBMD']","[467572377852284032, 467572377850696855, 467572377850944788, 467572377850956915, 467572377853210732]","[0.8155008554458618, 0.8132193684577942, 0.8095380663871765, 0.8088624477386475, 0.8077603578567505]"
4fec3e84-b821-4da3-b300-dc0ad6c32608,Pathology,0.06298828125,0.010986328125,0.0556640625,0.87109375,True,D,0.14011931419372559,medmcqa_1,"['PBMD', 'PBMD', 'PBMD', 'PBMD', 'PBMD']","[467572377856828680, 467572377856408022, 467572377855194592, 467572377856455455, 467572377856424683]","[0.7415578365325928, 0.739138126373291, 0.7337024211883545, 0.731796383857727, 0.7303730249404907]"
82e0c97f-b421-4836-a0ec-602fb1045910,Pathology,0.55078125,0.376953125,0.039794921875,0.032958984375,False,B,0.0779726505279541,medmcqa_1,"['PBMD', 'PBMD', 'PBMD', 'PBMD', 'PBMD']","[467572377855003091, 467572377853779026, 467572377856016748, 467572377855159650, 467572377850865594]","[0.7659632563591003, 0.7612541913986206, 0.7563746571540833, 0.73830246925354, 0.7372930645942688]"
3645e915-e8a7-44fe-8cad-734ce6b71063,Pathology,0.5859375,0.03759765625,0.35546875,0.02001953125,True,A,0.05182671546936035,medmcqa_1,"['PBMD', 'PBMD', 'PBMD', 'PBMD', 'PBMD']","[467572377856517554, 467572377853412403, 467572377852936952, 467572377856154717, 467572377854156609]","[0.7729571461677551, 0.7688212990760803, 0.767054557800293, 0.765159010887146, 0.7646467685699463]"
53f00275-55bc-497b-872f-d223d5021601,Pathology,0.82421875,0.0869140625,0.04638671875,0.043701171875,True,A,0.07204985618591309,medmcqa_1,"['STAT', 'PBMD', 'PBMD', 'PBMD', 'PBMD']","[467572377850383039, 467572377855082489, 467572377852085387, 467572377853859554, 467572377855880269]","[0.7963631749153137, 0.7863314151763916, 0.781080961227417, 0.7805829644203186, 0.7788874506950378]"
ced932ec-06de-41fd-96f4-4efd3746eb21,Pathology,0.71875,0.03564453125,0.16015625,0.0859375,False,D,0.05579519271850586,medmcqa_1,"['PBMD', 'PBMD', 'PBMD', 'PBMD', 'PBMD']","[467572377854742757, 467572377852262134, 467572377854395559, 467572377850934231, 467572377853262791]","[0.7635412216186523, 0.7483046054840088, 0.7467715740203857, 0.745280921459198, 0.7426327466964722]"
dabfee93-2e1b-4e6c-bff6-03c025bd986f,Pathology,0.00799560546875,0.00750732421875,0.002288818359375,0.98046875,True,D,0.0737004280090332,medmcqa_1,"['PBMD', 'PBMD', 'PBMD', 'PBMD', 'PBMD']","[467572377853186891, 467572377855725468, 467572377852275317, 467572377851003050, 467572377856292037]","[0.7623781561851501, 0.76121985912323, 0.7598961591720581, 0.7594140768051147, 0.7550750970840454]"
0681bb5e-c1f0-4077-8294-93e36efcc83f,Pathology,0.002471923828125,0.0021820068359375,0.99609375,4.8160552978515625e-05,True,C,0.05179452896118164,medmcqa_1,"['PBMD', 'PBMD', 'PBMD', 'PBMD', 'PBMD']","[467572377852135013, 467572377854289295, 467572377852368042, 467572377854546976, 467572377854462922]","[0.7823851704597473, 0.7815816402435303, 0.7614367008209229, 0.7524000406265259, 0.7471073269844055]"
797c13b3-6566-46d8-9dbf-d6bb1e17ed5d,Pathology,0.0101318359375,0.96875,0.0027313232421875,0.0167236328125,True,B,0.06467413902282715,medmcqa_1,"['PBMD', 'PBMD', 'PBMD', 'PBMD', 'PBMD']","[467572377853802913, 467572377854720084, 467572377854734415, 467572377856639314, 467572377855619989]","[0.8140213489532471, 0.7961212396621704, 0.7889445424079895, 0.7689575552940369, 0.7681183218955994]"
a5d204a1-2ae9-428a-bf12-1419fa344668,Pathology,0.333984375,0.625,0.0257568359375,0.0177001953125,True,B,0.08515691757202148,medmcqa_1,"['PBMD', 'TEXT', 'PBMD', 'STAT', 'STAT']","[467572377853394908, 467523489549713416, 467572377853989192, 467572377850671724, 467572377850671727]","[0.7645447850227356, 0.759627103805542, 0.753240168094635, 0.7526403069496155, 0.7504589557647705]"
ddf9fb8c-9f79-4897-b012-bb419f270aa0,Pathology,0.00909423828125,0.000514984130859375,0.98828125,0.0023040771484375,True,C,0.06204724311828613,medmcqa_1,"['PBMD', 'PBMD', 'PBMD', 'STAT', 'STAT']","[467572377853981868, 467572377853853387, 467572377852827650, 467572377850226869, 467572377850661300]","[0.7980696558952332, 0.7849258780479431, 0.7841957807540894, 0.7832942008972168, 0.7791054248809814]"
a3bc5be5-72a7-45a8-81a2-4c492249c14f,Pathology,0.05908203125,0.1328125,0.52734375,0.28125,True,C,0.0740821361541748,medmcqa_1,"['PBMD', 'TEXT', 'TEXT', 'TEXT', 'TEXT']","[467572377854268159, 467523489549997511, 467523489549972862, 467523489549926088, 467523489549971008]","[0.7639246582984924, 0.7499890327453613, 0.7479003071784973, 0.7475925087928772, 0.7458421587944031]"
ec54fbf2-f596-4d2a-a9cd-1cf104d7893a,Pathology,0.06884765625,0.078125,0.83984375,0.01531982421875,True,C,0.07936549186706543,medmcqa_1,"['PBMD', 'PBMD', 'PBMD', 'PBMD', 'PBMD']","[467572377852794547, 467572377856910095, 467572377854456077, 467572377853107459, 467572377854819095]","[0.7279942035675049, 0.7238057255744934, 0.7218986749649048, 0.721439778804779, 0.7184737920761108]"
2cde59aa-666b-4fa6-802b-74ecdd525bfb,Pediatrics,0.13671875,0.61328125,0.1552734375,0.09423828125,True,B,0.09716606140136719,medmcqa_1,"['PBMD', 'PBMD', 'PBMD', 'TEXT', 'TEXT']","[467572377852201038, 467572377852893424, 467572377854986052, 467523489549709109, 467523489549937839]","[0.7607690095901489, 0.7334208488464355, 0.7302208542823792, 0.7284694314002991, 0.7279521822929382]"
cfd037d5-868e-49d9-89e8-a084e84ce0dc,Pediatrics,0.045166015625,0.486328125,0.08984375,0.37890625,True,B,0.11222982406616211,medmcqa_1,"['PBMD', 'TEXT', 'PBMD', 'PBMD', 'PBMD']","[467572377855894277, 467523489549977315, 467572377852581852, 467572377852701406, 467572377856108186]","[0.780457615852356, 0.7637695074081421, 0.7635759711265564, 0.7590233087539673, 0.756236732006073]"
593bd593-3060-493d-bb10-ff9e10e36f17,Pediatrics,0.349609375,0.13671875,0.2734375,0.240234375,False,D,0.08600068092346191,medmcqa_1,"['PBMD', 'TEXT', 'PBMD', 'PBMD', 'PBMD']","[467572377855713005, 467523489549977910, 467572377855612996, 467572377854468211, 467572377852295282]","[0.7727999091148376, 0.7698414325714111, 0.7692062258720398, 0.7644451260566711, 0.7624548077583313]"
e8b34af9-6a4b-42cf-90ce-fb46a23db79d,Pediatrics,0.07958984375,0.06201171875,0.85546875,0.002899169921875,True,C,0.06806612014770508,medmcqa_1,"['PBMD', 'TEXT', 'PBMD', 'STAT', 'PBMD']","[467572377854994070, 467523489549977851, 467572377854644637, 467572377850251846, 467572377853589553]","[0.797065794467926, 0.763317346572876, 0.7612516283988953, 0.7590345144271851, 0.7551288604736328]"
d3b541c9-d300-4ced-9a2c-c64eaa672ff0,Pediatrics,0.166015625,0.330078125,0.482421875,0.0211181640625,False,B,0.1177833080291748,medmcqa_1,"['PBMD', 'PBMD', 'PBMD', 'PBMD', 'PBMD']","[467572377855842919, 467572377856756705, 467572377850900588, 467572377853401530, 467572377853741232]","[0.8307338356971741, 0.8254390954971313, 0.8206607699394226, 0.8199748992919922, 0.819015622138977]"
21ee5793-fb33-407c-81ba-7f01f5eefe47,Pediatrics,0.181640625,0.6328125,0.103515625,0.08056640625,True,B,0.08640718460083008,medmcqa_1,"['PBMD', 'TEXT', 'PBMD', 'TEXT', 'PBMD']","[467572377855689280, 467523489549934870, 467572377853143997, 467523489549934869, 467572377854229068]","[0.7731521129608154, 0.7656895518302917, 0.75788813829422, 0.7578112483024597, 0.7544254064559937]"
3b184f01-db13-4379-ab0b-7709853e0326,Pediatrics,0.55078125,0.123046875,0.06591796875,0.259765625,True,A,0.1087503433227539,medmcqa_1,"['PBMD', 'PBMD', 'PBMD', 'PBMD', 'PBMD']","[467572377854186194, 467572377854917035, 467572377850829799, 467572377853472452, 467572377853173500]","[0.7821000814437866, 0.7722142934799194, 0.7721747756004333, 0.7711910605430603, 0.7701581716537476]"
406dfa1b-f27b-4db0-8c21-7c300498f63d,Pediatrics,0.054443359375,0.515625,0.115234375,0.3125,True,B,0.09116053581237793,medmcqa_1,"['PBMD', 'PBMD', 'STAT', 'PBMD', 'PBMD']","[467572377855655468, 467572377855974522, 467572377850273431, 467572377855444058, 467572377856289057]","[0.7944509983062744, 0.7879021167755127, 0.7802906632423401, 0.7779710292816162, 0.7777975797653198]"
bf8d5b76-bda5-4221-95ef-d536c00c24ee,Pediatrics,0.024169921875,0.96484375,0.006500244140625,0.0047607421875,True,B,0.11377644538879395,medmcqa_1,"['PBMD', 'PBMD', 'PBMD', 'PBMD', 'PBMD']","[467572377855553407, 467572377856015911, 467572377853660623, 467572377854480901, 467572377856267389]","[0.7850737571716309, 0.783990740776062, 0.7830371856689453, 0.778365969657898, 0.776684582233429]"
cfff846f-f37f-4866-9a45-7f903b5e80fe,Pediatrics,0.55078125,0.123046875,0.203125,0.123046875,True,A,0.10070443153381348,medmcqa_1,"['PBMD', 'PBMD', 'PBMD', 'PBMD', 'PBMD']","[467572377856674093, 467572377854196493, 467572377853772564, 467572377853655479, 467572377852161303]","[0.7948864698410034, 0.7940963506698608, 0.7834458351135254, 0.7821005582809448, 0.779991626739502]"
73cbdaba-1321-4765-a9f4-ec0b0dbc9994,Pediatrics,0.1767578125,0.373046875,0.330078125,0.12109375,False,D,0.10719823837280273,medmcqa_1,"['PBMD', 'PBMD', 'PBMD', 'PBMD', 'PBMD']","[467572377855471326, 467572377853224599, 467572377852941058, 467572377852994513, 467572377854615089]","[0.7534017562866211, 0.744594156742096, 0.7386913299560547, 0.738396167755127, 0.7372947335243225]"
e621e03f-d935-427f-a7a7-14f6f9a0efab,Pediatrics,0.189453125,0.62109375,0.1669921875,0.0240478515625,True,B,0.09411787986755371,medmcqa_1,"['TEXT', 'PBMD', 'TEXT', 'PBMD', 'PBMD']","[467523489549677714, 467572377854298521, 467523489549677717, 467572377852065980, 467572377853653478]","[0.8383074998855591, 0.8094198703765869, 0.8094139099121094, 0.8074761629104614, 0.8061850070953369]"
16b0d12a-6521-4f27-a70f-2726a7a3f6a3,Pediatrics,0.07470703125,0.01220703125,0.7109375,0.203125,True,C,0.11109447479248047,medmcqa_1,"['PBMD', 'PBMD', 'PBMD', 'PBMD', 'PBMD']","[467572377854407464, 467572377854103910, 467572377854623644, 467572377853389083, 467572377855650247]","[0.7895318865776062, 0.775073230266571, 0.7658538222312927, 0.7655606865882874, 0.764102578163147]"
23cdcc3c-aabd-403a-b2f7-59ecfab6ed23,Pediatrics,0.015869140625,0.055419921875,0.92578125,0.0037841796875,True,C,0.08052611351013184,medmcqa_1,"['TEXT', 'PBMD', 'PBMD', 'PBMD', 'PBMD']","[467523489549709907, 467572377855159672, 467572377855280688, 467572377853381454, 467572377853489226]","[0.7699273824691772, 0.7683034539222717, 0.7622286081314087, 0.7564048767089844, 0.7513747215270996]"
c7d3b43e-bcf6-4d61-bca9-552c07da0d6f,Pediatrics,0.00848388671875,0.0054931640625,0.004547119140625,0.98046875,True,D,0.12338018417358398,medmcqa_1,"['PBMD', 'PBMD', 'PBMD', 'PBMD', 'PBMD']","[467572377854595149, 467572377852287833, 467572377852580430, 467572377855703321, 467572377852199295]","[0.7958817481994629, 0.784492015838623, 0.7807513475418091, 0.7798739671707153, 0.7794539332389832]"
176b116a-244a-4bb5-a162-f43d5a340a0e,Pediatrics,0.609375,0.0172119140625,0.369140625,0.00494384765625,False,C,0.0529787540435791,medmcqa_1,"['PBMD', 'PBMD', 'PBMD', 'PBMD', 'PBMD']","[467572377854284044, 467572377854725881, 467572377854550462, 467572377850874112, 467572377854666820]","[0.7789191007614136, 0.7768824100494385, 0.7750007510185242, 0.7711356282234192, 0.7703021764755249]"
2e78ce60-b4af-41c4-b2bd-595a6e728c1d,Pediatrics,0.2197265625,0.59765625,0.049072265625,0.1337890625,True,B,0.09605240821838379,medmcqa_1,"['PBMD', 'PBMD', 'PBMD', 'PBMD', 'PBMD']","[467572377855752164, 467572377854245629, 467572377852775942, 467572377852407454, 467572377856734423]","[0.760271430015564, 0.7524451017379761, 0.7437877058982849, 0.7413200736045837, 0.7412402629852295]"
ca2561d2-80a5-439b-949c-98d7c9dfb448,Pediatrics,0.0233154296875,0.010986328125,0.09228515625,0.875,True,D,0.059015750885009766,medmcqa_1,"['STAT', 'PBMD', 'PBMD', 'PBMD', 'PBMD']","[467572377850347899, 467572377854822226, 467572377854112932, 467572377853054100, 467572377853602413]","[0.7838000059127808, 0.7553851008415222, 0.7535760402679443, 0.7511603832244873, 0.7449011206626892]"
d95f1158-fa4b-4229-98c5-40f4dc2bacec,Pediatrics,0.8515625,0.04248046875,0.054443359375,0.05126953125,True,A,0.12339615821838379,medmcqa_1,"['PBMD', 'PBMD', 'PBMD', 'PBMD', 'PBMD']","[467572377852899613, 467572377852748998, 467572377856397576, 467572377852509846, 467572377854896234]","[0.7901478409767151, 0.7886041402816772, 0.7862927913665771, 0.7820885181427002, 0.7805274724960327]"
c86f02db-18ea-4ef1-a03a-1bee6d661c7b,Pediatrics,0.00124359130859375,0.000518798828125,0.0023193359375,0.99609375,True,D,0.10224628448486328,medmcqa_1,"['PBMD', 'PBMD', 'PBMD', 'PBMD', 'PBMD']","[467572377856479619, 467572377856377684, 467572377855206429, 467572377855594485, 467572377855906327]","[0.7779914736747742, 0.7672594785690308, 0.7630133628845215, 0.7623018026351929, 0.7587898969650269]"
6fe48790-f8f0-4c37-8dae-a76ddbac8a7a,Medicine,0.224609375,0.1201171875,0.044189453125,0.609375,True,D,0.08038973808288574,medmcqa_1,"['PBMD', 'PBMD', 'PBMD', 'TEXT', 'PBMD']","[467572377850970104, 467572377854202534, 467572377854563616, 467523489549709449, 467572377855967674]","[0.8133277893066406, 0.8100057244300842, 0.8077691793441772, 0.8066852688789368, 0.8058552145957947]"
148f5ca1-0e61-4e4a-a19a-47df89cb1689,Medicine,0.07568359375,0.0859375,0.81640625,0.0230712890625,False,B,0.1042928695678711,medmcqa_1,"['PBMD', 'PBMD', 'PBMD', 'PBMD', 'PBMD']","[467572377856237133, 467572377853124893, 467572377852140860, 467572377853114505, 467572377853364624]","[0.8037853837013245, 0.7993937134742737, 0.7911084890365601, 0.7902687788009644, 0.7901551723480225]"
5603de35-adb1-4612-a9ea-1e719e1aa879,Medicine,0.0419921875,0.8984375,0.047607421875,0.010009765625,True,B,0.11199235916137695,medmcqa_1,"['PBMD', 'PBMD', 'PBMD', 'PBMD', 'PBMD']","[467572377852281682, 467572377854254454, 467572377854903818, 467572377855018466, 467572377855563262]","[0.7830252051353455, 0.7754030227661133, 0.7744848728179932, 0.7656165361404419, 0.7649426460266113]"
6345cacc-9150-4410-8add-3153eaed701c,Medicine,0.9921875,0.007110595703125,0.00115966796875,0.00115966796875,True,A,0.060964345932006836,medmcqa_1,"['PBMD', 'PBMD', 'PBMD', 'TEXT', 'STAT']","[467572377854860638, 467572377856570369, 467572377853317280, 467523489549708089, 467572377850342777]","[0.7821444272994995, 0.7520743012428284, 0.7464672923088074, 0.7454507350921631, 0.7451329231262207]"
5db315ce-ffe3-4f63-9071-d9168619ce60,Medicine,0.30859375,0.1279296875,0.056884765625,0.5078125,True,D,0.08017182350158691,medmcqa_1,"['PBMD', 'PBMD', 'PBMD', 'PBMD', 'PBMD']","[467572377856816735, 467572377853313323, 467572377850812430, 467572377853539865, 467572377853009763]","[0.8203837871551514, 0.8106451034545898, 0.8091784715652466, 0.808020830154419, 0.8027981519699097]"
d7a840fd-00b4-4980-a01a-4de04a73d18f,Medicine,0.9453125,0.022216796875,0.028564453125,0.00194549560546875,True,A,0.12179422378540039,medmcqa_1,"['PBMD', 'PBMD', 'PBMD', 'PBMD', 'PBMD']","[467572377853292259, 467572377855559363, 467572377855751585, 467572377852493906, 467572377852768156]","[0.7975826859474182, 0.7972401976585388, 0.7952064275741577, 0.7950552105903625, 0.7944698333740234]"
36e20a28-fe52-4272-8027-043e6f66ab54,Medicine,0.263671875,0.16015625,0.435546875,0.1416015625,True,C,0.1015160083770752,medmcqa_1,"['PBMD', 'PBMD', 'PBMD', 'PBMD', 'PBMD']","[467572377855213434, 467572377852803424, 467572377854062856, 467572377856157151, 467572377855823795]","[0.7512973546981812, 0.7371678352355957, 0.734993577003479, 0.7339113354682922, 0.729964554309845]"
86222cd5-174b-4f22-b54c-280039bb8322,Medicine,0.71484375,0.1806640625,0.05859375,0.045654296875,True,A,0.06186246871948242,medmcqa_1,"['STAT', 'PBMD', 'PBMD', 'PBMD', 'STAT']","[467572377850653409, 467572377856686421, 467572377853550337, 467572377854764862, 467572377850653401]","[0.7596080303192139, 0.7504202723503113, 0.749946653842926, 0.7498060464859009, 0.7492060661315918]"
ebefed46-d39d-42b5-8406-b16c9fb32ba7,Medicine,0.390625,0.07666015625,0.390625,0.1435546875,False,C,0.09447026252746582,medmcqa_1,"['PBMD', 'PBMD', 'PBMD', 'PBMD', 'PBMD']","[467572377853978750, 467572377853512886, 467572377853171995, 467572377855444244, 467572377856787962]","[0.7846641540527344, 0.7782972455024719, 0.7744550704956055, 0.7737565040588379, 0.7734381556510925]"
0a96136a-d645-4ad6-9f31-53192793e1d0,Medicine,0.1826171875,0.142578125,0.11083984375,0.5625,True,D,0.1271984577178955,medmcqa_1,"['PBMD', 'PBMD', 'PBMD', 'PBMD', 'PBMD']","[467572377854993792, 467572377853953876, 467572377856009989, 467572377854224965, 467572377852071771]","[0.8132963180541992, 0.8042031526565552, 0.7984176874160767, 0.7970309257507324, 0.7942261695861816]"
b3f181b1-dcd4-44d6-a008-628ed7b39cdc,Medicine,0.1494140625,0.140625,0.671875,0.037841796875,False,A,0.10691046714782715,medmcqa_1,"['TEXT', 'STAT', 'PBMD', 'PBMD', 'TEXT']","[467523489549707886, 467572377850640008, 467572377855377183, 467572377856855311, 467523489549952199]","[0.7572007179260254, 0.7552628517150879, 0.7497846484184265, 0.7492223978042603, 0.7487677931785583]"
36dd849c-4867-4ca6-8f5e-c8419e4634bb,Medicine,0.6015625,0.2080078125,0.08642578125,0.1044921875,True,A,0.12246394157409668,medmcqa_1,"['PBMD', 'PBMD', 'PBMD', 'PBMD', 'TEXT']","[467572377855813907, 467572377856254096, 467572377855179010, 467572377853909984, 467523489549986042]","[0.7813220024108887, 0.7807013392448425, 0.7800144553184509, 0.7790699005126953, 0.7786272168159485]"
a60894bd-585a-4a93-bf8e-cdee04292df6,Medicine,0.96875,0.02587890625,0.00176239013671875,0.0019989013671875,True,A,0.09291791915893555,medmcqa_1,"['PBMD', 'PBMD', 'PBMD', 'PBMD', 'PBMD']","[467572377854023677, 467572377852994215, 467572377856957708, 467572377856874419, 467572377854398745]","[0.7814040780067444, 0.7751654386520386, 0.7718260884284973, 0.771425187587738, 0.7696534395217896]"
80066b5e-d621-4912-b7fd-f1e867a9c8d4,Medicine,0.298828125,0.384765625,0.1103515625,0.2060546875,False,C,0.09433364868164062,medmcqa_1,"['PBMD', 'PBMD', 'PBMD', 'PBMD', 'PBMD']","[467572377855807963, 467572377856571781, 467572377853154055, 467572377856566547, 467572377855034412]","[0.7586479187011719, 0.7580642700195312, 0.755469799041748, 0.7543407678604126, 0.7531633377075195]"
d181cc7f-0491-4d80-9e53-81c1a87619eb,Medicine,0.0830078125,0.373046875,0.478515625,0.06494140625,False,A,0.10765409469604492,medmcqa_1,"['PBMD', 'PBMD', 'PBMD', 'PBMD', 'PBMD']","[467572377854696299, 467572377855267128, 467572377852867931, 467572377855482488, 467572377853382906]","[0.8465178608894348, 0.8444067239761353, 0.8355231285095215, 0.8350335359573364, 0.8348009586334229]"
92ee38b6-68d0-4626-8c03-053db30d77dc,Medicine,0.0225830078125,0.004730224609375,0.01068115234375,0.9609375,True,D,0.10238313674926758,medmcqa_1,"['PBMD', 'PBMD', 'PBMD', 'PBMD', 'PBMD']","[467572377853364624, 467572377856029563, 467572377853769169, 467572377855955859, 467572377852173548]","[0.7838123440742493, 0.7764410972595215, 0.7761994004249573, 0.7758216261863708, 0.7701418399810791]"
74340a21-07b9-4e61-92a5-d4e4fb270de6,Medicine,0.1845703125,0.11181640625,0.64453125,0.059814453125,True,C,0.08705615997314453,medmcqa_1,"['PBMD', 'PBMD', 'PBMD', 'PBMD', 'STAT']","[467572377852188603, 467572377850862723, 467572377854434701, 467572377852062469, 467572377850663997]","[0.7512510418891907, 0.7498453855514526, 0.7490414977073669, 0.7454168796539307, 0.7451169490814209]"
31579687-1448-4606-9db6-52f9d0cc8a7f,Medicine,0.0517578125,0.86328125,0.045654296875,0.040283203125,False,D,0.10758638381958008,medmcqa_1,"['STAT', 'PBMD', 'PBMD', 'PBMD', 'PBMD']","[467572377850668533, 467572377855758358, 467572377855140693, 467572377855403034, 467572377855329252]","[0.7593264579772949, 0.7527160048484802, 0.7499369382858276, 0.7497972846031189, 0.7443541288375854]"
e93ff140-f550-4b5d-a589-aec6b7392142,Medicine,0.040771484375,0.9296875,0.0233154296875,0.005889892578125,True,B,0.10107851028442383,medmcqa_1,"['PBMD', 'PBMD', 'PBMD', 'PBMD', 'PBMD']","[467572377853511383, 467572377855683231, 467572377855190815, 467572377853865661, 467572377855101832]","[0.7546453475952148, 0.7425134181976318, 0.7392059564590454, 0.7370157837867737, 0.7344871759414673]"
0489f20c-a0ce-4251-9eec-e8d5e691a49e,Medicine,0.005889892578125,0.9921875,0.000797271728515625,0.0020294189453125,True,B,0.06326651573181152,medmcqa_1,"['PBMD', 'PBMD', 'PBMD', 'PBMD', 'PBMD']","[467572377853681145, 467572377855328907, 467572377853990763, 467572377854598653, 467572377854617839]","[0.7958648204803467, 0.7932589054107666, 0.7916117310523987, 0.7827118635177612, 0.7806491851806641]"
1e8c037d-b7d9-48c9-8aba-39b01a178619,Ophthalmology,0.0361328125,0.0263671875,0.006683349609375,0.9296875,True,D,0.05099201202392578,medmcqa_1,"['STAT', 'STAT', 'STAT', 'STAT', 'STAT']","[467572377850776990, 467572377850777014, 467572377850776985, 467572377850777010, 467572377850359297]","[0.7714484930038452, 0.7675117254257202, 0.7666701078414917, 0.7653647661209106, 0.7626508474349976]"
b0060b73-4e6b-4537-a556-c1fb94a65c4a,Ophthalmology,0.1728515625,0.119140625,0.0220947265625,0.68359375,True,D,0.08763456344604492,medmcqa_1,"['PBMD', 'PBMD', 'PBMD', 'PBMD', 'PBMD']","[467572377855301898, 467572377855358943, 467572377855500219, 467572377855207717, 467572377854433574]","[0.7963622808456421, 0.7957838773727417, 0.7895822525024414, 0.7877184152603149, 0.7876599431037903]"
51203235-22e6-43fb-a51f-a2fcceb5f042,Ophthalmology,0.0439453125,0.53515625,0.416015625,0.004913330078125,True,B,0.09797954559326172,medmcqa_1,"['PBMD', 'PBMD', 'PBMD', 'PBMD', 'PBMD']","[467572377854144267, 467572377856432810, 467572377856918356, 467572377854836678, 467572377855330330]","[0.7537343502044678, 0.7486317753791809, 0.7471171617507935, 0.7453312873840332, 0.7449597120285034]"
d4c4bf0d-08ef-47e6-b8e2-e530082fa63a,Ophthalmology,0.34375,0.2080078125,0.0595703125,0.388671875,True,D,0.09352254867553711,medmcqa_1,"['PBMD', 'PBMD', 'PBMD', 'PBMD', 'PBMD']","[467572377856574336, 467572377850805675, 467572377850869866, 467572377853978203, 467572377852956701]","[0.7539981603622437, 0.7488486766815186, 0.7462714314460754, 0.745492160320282, 0.7452566623687744]"
18c1a5f9-d998-414e-bb9c-991191c10710,Ophthalmology,0.984375,0.0096435546875,0.002777099609375,0.00139617919921875,True,A,0.09056663513183594,medmcqa_1,"['PBMD', 'PBMD', 'PBMD', 'PBMD', 'PBMD']","[467572377853461515, 467572377853601864, 467572377856502614, 467572377852743572, 467572377852500382]","[0.7939932346343994, 0.7928180694580078, 0.7924507856369019, 0.7912018299102783, 0.7905304431915283]"
20929b62-1d50-4e64-9370-8d4966ccb2ae,Ophthalmology,0.0284423828125,0.0250244140625,0.005584716796875,0.94140625,True,D,0.07306575775146484,medmcqa_1,"['PBMD', 'PBMD', 'PBMD', 'PBMD', 'PBMD']","[467572377856641232, 467572377855843197, 467572377854021434, 467572377855808437, 467572377854825838]","[0.7960091829299927, 0.7904697060585022, 0.7875348329544067, 0.7871805429458618, 0.7863454222679138]"
ed92d804-ac83-440a-b908-df404df935ad,Ophthalmology,0.083984375,0.15625,0.703125,0.0576171875,True,C,0.09699416160583496,medmcqa_1,"['PBMD', 'PBMD', 'PBMD', 'PBMD', 'PBMD']","[467572377854897022, 467572377852500667, 467572377856438187, 467572377852458212, 467572377856872367]","[0.7820536494255066, 0.7601172924041748, 0.7576409578323364, 0.7564032673835754, 0.7539859414100647]"
731b8834-5904-47e0-a208-d46bcf1c6c9b,Ophthalmology,0.054443359375,0.054443359375,0.8515625,0.03759765625,False,A,0.06932783126831055,medmcqa_1,"['STAT', 'STAT', 'PBMD', 'TEXT', 'PBMD']","[467572377850759689, 467572377850248119, 467572377856437000, 467523489549951210, 467572377855719547]","[0.786829948425293, 0.781954288482666, 0.7815793752670288, 0.7772589921951294, 0.7733590006828308]"
d12e4d46-e1d9-4320-860c-184a735d9027,Ophthalmology,0.9921875,0.00433349609375,0.00191497802734375,2.7418136596679688e-05,True,A,0.04751753807067871,medmcqa_1,"['PBMD', 'PBMD', 'PBMD', 'PBMD', 'PBMD']","[467572377856649330, 467572377855065140, 467572377854660646, 467572377852129220, 467572377852917984]","[0.807349681854248, 0.7752789258956909, 0.7733566761016846, 0.7644393444061279, 0.7640853524208069]"
f80230e3-6a41-4a2d-81a0-86cacead9dcf,Ophthalmology,0.86328125,0.037841796875,0.080078125,0.020263671875,True,A,0.10007643699645996,medmcqa_1,"['PBMD', 'PBMD', 'PBMD', 'PBMD', 'PBMD']","[467572377856646698, 467572377852927164, 467572377855034539, 467572377852887481, 467572377855711824]","[0.7838585376739502, 0.7819885015487671, 0.780803918838501, 0.7782065272331238, 0.7776784300804138]"
756277e4-4420-466e-adee-3aee112a7b69,Ophthalmology,0.1806640625,0.6328125,0.0458984375,0.140625,True,B,0.09061932563781738,medmcqa_1,"['PBMD', 'PBMD', 'STAT', 'PBMD', 'PBMD']","[467572377852040554, 467572377852112942, 467572377850235160, 467572377854811918, 467572377852275371]","[0.7554287910461426, 0.754730224609375, 0.7528523802757263, 0.7495853900909424, 0.745550811290741]"
eaa184bf-53c5-4755-bee8-a9153e587ff0,Ophthalmology,0.462890625,0.361328125,0.043212890625,0.1328125,False,D,0.09343218803405762,medmcqa_1,"['PBMD', 'PBMD', 'PBMD', 'PBMD', 'PBMD']","[467572377854873242, 467572377855911472, 467572377855929920, 467572377855305117, 467572377853389591]","[0.7407217621803284, 0.7338108420372009, 0.7326715588569641, 0.7324169874191284, 0.7284452319145203]"
17360c6c-2c98-4fe2-aa85-487dcf4678df,Ophthalmology,0.220703125,0.466796875,0.1943359375,0.1181640625,False,A,0.09167647361755371,medmcqa_1,"['PBMD', 'PBMD', 'PBMD', 'PBMD', 'PBMD']","[467572377854188443, 467572377854780801, 467572377854022584, 467572377852322121, 467572377855613118]","[0.7007030844688416, 0.6973267793655396, 0.6951074600219727, 0.6913388967514038, 0.6911477446556091]"
8cce7868-0429-4f98-9e6a-4baa045dffcc,Ophthalmology,0.037353515625,0.8515625,0.06982421875,0.039794921875,True,B,0.0714256763458252,medmcqa_1,"['PBMD', 'PBMD', 'PBMD', 'STAT', 'PBMD']","[467572377852174384, 467572377853081010, 467572377854185636, 467572377850759682, 467572377856232188]","[0.747686505317688, 0.7462700605392456, 0.7447549104690552, 0.7381472587585449, 0.7369701862335205]"
681b886d-1d27-41d3-8fa5-6d9fb4b0c4c5,Ophthalmology,0.28125,0.04296875,0.671875,0.0035247802734375,True,C,0.05388188362121582,medmcqa_1,"['STAT', 'STAT', 'STAT', 'STAT', 'STAT']","[467572377850410571, 467572377850410572, 467572377850410593, 467572377850410562, 467572377850410570]","[0.7669201493263245, 0.7620905041694641, 0.7549815773963928, 0.7481824159622192, 0.7471210360527039]"
362c70ed-9bc0-4266-8462-4c8302d7ef52,Ophthalmology,0.05908203125,0.67578125,0.015869140625,0.2490234375,False,D,0.07691025733947754,medmcqa_1,"['PBMD', 'PBMD', 'PBMD', 'STAT', 'PBMD']","[467572377856565326, 467572377853189927, 467572377852256024, 467572377850704318, 467572377850929898]","[0.7832510471343994, 0.7736069560050964, 0.7646135091781616, 0.7639570236206055, 0.7634338736534119]"
8f57f95a-a12e-49e9-87b8-eb58ffa6cb9c,Ophthalmology,0.1826171875,0.72265625,0.024658203125,0.0712890625,False,C,0.062409400939941406,medmcqa_1,"['PBMD', 'PBMD', 'PBMD', 'STAT', 'STAT']","[467572377854957451, 467572377852306566, 467572377856813601, 467572377850275011, 467572377850375362]","[0.7723580598831177, 0.7682163119316101, 0.7631046772003174, 0.7593424320220947, 0.7560333013534546]"
796d7b5d-f79d-4c6a-860c-198e9404ea07,Ophthalmology,0.205078125,0.263671875,0.232421875,0.298828125,True,D,0.08749508857727051,medmcqa_1,"['PBMD', 'PBMD', 'PBMD', 'PBMD', 'PBMD']","[467572377853759688, 467572377854731286, 467572377853451677, 467572377855939324, 467572377854662633]","[0.810644268989563, 0.8097659349441528, 0.8078874349594116, 0.7813177108764648, 0.7804102301597595]"
065971a5-7b85-4a6d-a657-8d152956f946,Ophthalmology,0.77734375,0.041015625,0.1728515625,0.009765625,False,C,0.08483624458312988,medmcqa_1,"['STAT', 'STAT', 'STAT', 'PBMD', 'PBMD']","[467572377850281363, 467572377850732986, 467572377850695720, 467572377850935213, 467572377856025970]","[0.7700467109680176, 0.7685965299606323, 0.7674686908721924, 0.7532509565353394, 0.752830445766449]"
2aacf8d1-b36e-49be-8333-af91aa2a49c9,Ophthalmology,0.01031494140625,0.0023040771484375,0.98828125,0.0001888275146484375,True,C,0.0845944881439209,medmcqa_1,"['STAT', 'PBMD', 'PBMD', 'PBMD', 'PBMD']","[467572377850639417, 467572377852736058, 467572377854597488, 467572377856962061, 467572377852583931]","[0.7840397357940674, 0.7757129073143005, 0.7692933082580566, 0.7686129212379456, 0.7685095071792603]"
5444cae2-aeab-4a04-8501-e91fe8ce794a,Anaesthesia,0.1279296875,0.6484375,0.1640625,0.060302734375,False,A,0.11060762405395508,medmcqa_1,"['PBMD', 'PBMD', 'PBMD', 'PBMD', 'PBMD']","[467572377855609243, 467572377852805680, 467572377855192158, 467572377853140120, 467572377855192156]","[0.7074145674705505, 0.7065621614456177, 0.7058684229850769, 0.7047971487045288, 0.6992908716201782]"
73944fde-aa45-4a1f-a140-e56d201ed4b0,Anaesthesia,0.29296875,0.275390625,0.228515625,0.2021484375,True,A,0.14121770858764648,medmcqa_1,"['PBMD', 'PBMD', 'PBMD', 'PBMD', 'PBMD']","[467572377856699295, 467572377854016000, 467572377854220784, 467572377855486454, 467572377856510456]","[0.7804626822471619, 0.7732617259025574, 0.7688305377960205, 0.766642153263092, 0.7648169994354248]"
9138af01-4f96-4301-9817-8662fc2a0012,Anaesthesia,0.1416015625,0.4921875,0.205078125,0.16015625,False,D,0.09687209129333496,medmcqa_1,"['PBMD', 'PBMD', 'PBMD', 'PBMD', 'PBMD']","[467572377852686549, 467572377853694061, 467572377855704921, 467572377856619377, 467572377856967524]","[0.7960264086723328, 0.7762638330459595, 0.7656126022338867, 0.7581270933151245, 0.7575770616531372]"
872eb991-48a8-486f-8dd8-c19b8f3cd096,Anaesthesia,0.12890625,0.7421875,0.11376953125,0.0174560546875,True,B,0.08879685401916504,medmcqa_1,"['TEXT', 'PBMD', 'STAT', 'PBMD', 'STAT']","[467523489549983390, 467572377855398156, 467572377850381685, 467572377854795859, 467572377850708239]","[0.7375374436378479, 0.7276704907417297, 0.7271238565444946, 0.7225981950759888, 0.720963716506958]"
93b42b71-45b2-4314-9bb5-b71c362c50cf,Anaesthesia,0.0439453125,0.47265625,0.47265625,0.0118408203125,False,C,0.10510420799255371,medmcqa_1,"['PBMD', 'STAT', 'STAT', 'PBMD', 'PBMD']","[467572377856895794, 467572377850381317, 467572377850267334, 467572377855890405, 467572377852768448]","[0.7297053933143616, 0.7287032008171082, 0.7242810130119324, 0.7218057513237, 0.7209426760673523]"
406b5b4f-9ad4-42c0-9669-12d038df4ac8,Anaesthesia,0.0634765625,0.46875,0.052734375,0.4140625,False,C,0.08658909797668457,medmcqa_1,"['STAT', 'PBMD', 'PBMD', 'PBMD', 'PBMD']","[467572377850344950, 467572377854704679, 467572377853784560, 467572377853436205, 467572377852448864]","[0.7394038438796997, 0.7233261466026306, 0.7220439314842224, 0.7214017510414124, 0.7212232947349548]"
dea9021b-e874-4096-9195-ac758f2de19d,Anaesthesia,0.201171875,0.0225830078125,0.703125,0.07421875,True,C,0.07211804389953613,medmcqa_1,"['STAT', 'STAT', 'STAT', 'STAT', 'STAT']","[467572377850403958, 467572377850394528, 467572377850760973, 467572377850741873, 467572377850247562]","[0.7702075242996216, 0.7676926851272583, 0.7639970779418945, 0.7566910982131958, 0.7559646964073181]"
522522f6-47cd-4dbc-843d-8dbd3768bff7,Anaesthesia,0.408203125,0.193359375,0.248046875,0.150390625,False,D,0.09978127479553223,medmcqa_1,"['PBMD', 'PBMD', 'PBMD', 'STAT', 'PBMD']","[467572377855609243, 467572377855192158, 467572377852805680, 467572377850649394, 467572377856463934]","[0.7354389429092407, 0.7340265512466431, 0.7239807844161987, 0.7237892150878906, 0.7182381749153137]"
8466f417-6a8e-4f07-87f8-556fb5fac62a,Anaesthesia,0.1337890625,0.220703125,0.6015625,0.04345703125,False,A,0.05591988563537598,medmcqa_1,"['PBMD', 'PBMD', 'PBMD', 'PBMD', 'PBMD']","[467572377856741442, 467572377852585171, 467572377852747402, 467572377852639304, 467572377854665762]","[0.8051420450210571, 0.8006812334060669, 0.7960717082023621, 0.7928199768066406, 0.7905993461608887]"
41bea7f1-6fe1-4441-81ba-579c07008ea6,Anaesthesia,0.59765625,0.0810546875,0.038330078125,0.283203125,False,D,0.0901956558227539,medmcqa_1,"['PBMD', 'PBMD', 'PBMD', 'PBMD', 'PBMD']","[467572377851014493, 467572377855066535, 467572377852058346, 467572377852389349, 467572377852673810]","[0.7956238985061646, 0.7953185439109802, 0.7900152802467346, 0.7896126508712769, 0.788724422454834]"
69a34f1e-09bd-4364-b763-f28c6ddf772a,Anaesthesia,0.78125,0.08251953125,0.05322265625,0.08251953125,True,A,0.06858444213867188,medmcqa_1,"['PBMD', 'STAT', 'STAT', 'STAT', 'STAT']","[467572377852094317, 467572377850311652, 467572377850362246, 467572377850385401, 467572377850231759]","[0.7999558448791504, 0.7967374324798584, 0.7936681509017944, 0.7913726568222046, 0.7868088483810425]"
930d4945-04ef-4c32-9c9d-279e8226f852,Anaesthesia,0.224609375,0.12060546875,0.328125,0.328125,False,A,0.08342814445495605,medmcqa_1,"['PBMD', 'PBMD', 'PBMD', 'PBMD', 'PBMD']","[467572377853819107, 467572377852673810, 467572377853267793, 467572377852949621, 467572377853355095]","[0.7770909667015076, 0.7735822200775146, 0.7676673531532288, 0.7670245170593262, 0.7657188177108765]"
820b79a8-3eef-494b-a007-995db6b5258c,Anaesthesia,0.1513671875,0.59765625,0.0810546875,0.1708984375,True,B,0.0893242359161377,medmcqa_1,"['PBMD', 'PBMD', 'PBMD', 'TEXT', 'PBMD']","[467572377855072804, 467572377853513729, 467572377854227347, 467523489549983551, 467572377854696711]","[0.7608847618103027, 0.7581356763839722, 0.7549158930778503, 0.7462433576583862, 0.7456852793693542]"
92f4374d-b087-41de-a4d7-288565d77c38,Anaesthesia,0.37109375,0.01190185546875,0.61328125,0.004974365234375,False,A,0.07518982887268066,medmcqa_1,"['PBMD', 'STAT', 'PBMD', 'STAT', 'PBMD']","[467572377856168092, 467572377850292814, 467572377854105535, 467572377850292793, 467572377853948208]","[0.7924935817718506, 0.7732157707214355, 0.772283673286438, 0.7702996730804443, 0.7701098322868347]"
fb79561d-8beb-4a31-aaa5-9350e20b0caa,Anaesthesia,0.267578125,0.28515625,0.34375,0.1044921875,False,A,0.05692744255065918,medmcqa_1,"['STAT', 'STAT', 'STAT', 'STAT', 'STAT']","[467572377850760086, 467572377850760966, 467572377850748107, 467572377850768738, 467572377850777124]","[0.7632631063461304, 0.7488455772399902, 0.7471354007720947, 0.7458852529525757, 0.7438834309577942]"
d2198d20-fa7b-4abd-a3f6-d849ee0973fb,Anaesthesia,0.00457763671875,0.00665283203125,0.984375,0.0035552978515625,True,C,0.10645008087158203,medmcqa_1,"['PBMD', 'PBMD', 'PBMD', 'PBMD', 'PBMD']","[467572377854968413, 467572377854967915, 467572377852923627, 467572377854271792, 467572377850984289]","[0.7696278095245361, 0.7621564269065857, 0.7619763612747192, 0.7610445022583008, 0.759905219078064]"
7690c75b-9e17-4af8-844a-6c638db1240a,Anaesthesia,0.0128173828125,0.84375,0.0128173828125,0.1298828125,False,D,0.0629417896270752,medmcqa_1,"['PBMD', 'PBMD', 'PBMD', 'PBMD', 'PBMD']","[467572377854774077, 467572377852611389, 467572377855693921, 467572377856145276, 467572377852926586]","[0.8109286427497864, 0.7848141193389893, 0.783733606338501, 0.7832558155059814, 0.7828179597854614]"
7e38cd45-2858-4483-b448-d461bde268ee,Anaesthesia,0.2109375,0.26953125,0.50390625,0.01348876953125,True,C,0.0637049674987793,medmcqa_1,"['STAT', 'STAT', 'PBMD', 'STAT', 'PBMD']","[467572377850232210, 467572377850267334, 467572377855803092, 467572377850684580, 467572377853278168]","[0.7403067350387573, 0.7370259165763855, 0.7294098138809204, 0.728426992893219, 0.7264213562011719]"
65639a35-9603-40ce-9584-aaf1f53c71d4,Anaesthesia,0.07275390625,0.419921875,0.474609375,0.0322265625,False,D,0.08972787857055664,medmcqa_1,"['PBMD', 'STAT', 'PBMD', 'TEXT', 'PBMD']","[467572377852346471, 467572377850658761, 467572377855958787, 467523489549983510, 467572377853302336]","[0.775026261806488, 0.7715016603469849, 0.7665470838546753, 0.764911949634552, 0.7630386352539062]"
52e0bdf3-57a4-4dd6-ba5c-e9facb82e61f,Anaesthesia,0.25,0.091796875,0.059326171875,0.59765625,True,D,0.06829357147216797,medmcqa_1,"['STAT', 'PBMD', 'PBMD', 'PBMD', 'STAT']","[467572377850292797, 467572377852875649, 467572377850962327, 467572377855534805, 467572377850248560]","[0.768319845199585, 0.7531883716583252, 0.7487755417823792, 0.7441061735153198, 0.7417237758636475]"
dc3b4878-5fcb-4cd0-b31d-594a5320655a,Pharmacology,0.1416015625,0.435546875,0.04052734375,0.3828125,True,B,0.09257817268371582,medmcqa_1,"['PBMD', 'PBMD', 'PBMD', 'PBMD', 'PBMD']","[467572377854165089, 467572377850999617, 467572377855221553, 467572377856242064, 467572377856240139]","[0.7249209880828857, 0.717387318611145, 0.7164234519004822, 0.7160933613777161, 0.7133258581161499]"
a8683027-bf0c-459a-99d6-7b4676278072,Pharmacology,0.1884765625,0.1298828125,0.0225830078125,0.66015625,True,D,0.11979150772094727,medmcqa_1,"['PBMD', 'PBMD', 'PBMD', 'PBMD', 'PBMD']","[467572377856297024, 467572377855397207, 467572377854563603, 467572377854295333, 467572377856235460]","[0.7862492799758911, 0.7670962810516357, 0.7640568017959595, 0.7605947256088257, 0.7593333721160889]"
f8420128-0bd2-4a3e-b54f-d99fd7eb7070,Pharmacology,0.5703125,0.0220947265625,0.0172119140625,0.390625,True,A,0.11990094184875488,medmcqa_1,"['STAT', 'PBMD', 'PBMD', 'PBMD', 'PBMD']","[467572377850668869, 467572377853707842, 467572377854745481, 467572377854745754, 467572377854550700]","[0.7928521037101746, 0.7849389314651489, 0.7845585942268372, 0.7840702533721924, 0.7799503207206726]"
c4256578-82f3-4cb8-891a-be9864c80547,Pharmacology,0.98828125,0.008544921875,0.000621795654296875,0.00115966796875,True,A,0.08707690238952637,medmcqa_1,"['PBMD', 'PBMD', 'PBMD', 'PBMD', 'PBMD']","[467572377855091370, 467572377855886102, 467572377853431391, 467572377852027974, 467572377852280935]","[0.7956098914146423, 0.7788907289505005, 0.7750167846679688, 0.7710556983947754, 0.7695086598396301]"
889673c1-cf2a-44a3-a0db-7e4f0a5a52de,Pharmacology,0.244140625,0.3125,0.3125,0.130859375,False,C,0.07249021530151367,medmcqa_1,"['TEXT', 'PBMD', 'PBMD', 'TEXT', 'PBMD']","[467523489549983959, 467572377854635381, 467572377852143746, 467523489549983960, 467572377852654351]","[0.7548796534538269, 0.7533553838729858, 0.7520017623901367, 0.7516807317733765, 0.7487707138061523]"
cb022556-5a47-402a-b52c-725b6c314e83,Pharmacology,0.024169921875,0.01068115234375,0.96484375,0.001129150390625,True,C,0.11863517761230469,medmcqa_1,"['PBMD', 'PBMD', 'PBMD', 'PBMD', 'PBMD']","[467572377854127527, 467572377852533295, 467572377855215935, 467572377853649398, 467572377854361464]","[0.7882590293884277, 0.7749805450439453, 0.7743055820465088, 0.7727145552635193, 0.7719248533248901]"
d9801e88-03ce-46a5-87fe-fa3d8b61fadf,Pharmacology,0.416015625,0.251953125,0.267578125,0.06396484375,False,C,0.11553001403808594,medmcqa_1,"['TEXT', 'PBMD', 'PBMD', 'STAT', 'TEXT']","[467523489549985518, 467572377856654286, 467572377855840566, 467572377850400465, 467523489549985541]","[0.8010542988777161, 0.7949742078781128, 0.7894307971000671, 0.7860888838768005, 0.7845364212989807]"
a5d733b4-18d3-468c-8aaa-bbcb66cbb07e,Pharmacology,0.0201416015625,0.005767822265625,0.97265625,0.0025634765625,True,C,0.1212460994720459,medmcqa_1,"['PBMD', 'PBMD', 'PBMD', 'PBMD', 'PBMD']","[467572377856382459, 467572377852882612, 467572377853013307, 467572377853400893, 467572377853454347]","[0.795711874961853, 0.7872760891914368, 0.7866999506950378, 0.784102201461792, 0.7836661338806152]"
c70d078e-2a95-4779-b8d5-6050a5b58394,Pharmacology,0.0810546875,0.36328125,0.46484375,0.091796875,True,C,0.1220407485961914,medmcqa_1,"['PBMD', 'PBMD', 'PBMD', 'PBMD', 'PBMD']","[467572377852597231, 467572377855067293, 467572377854125806, 467572377856136904, 467572377855653310]","[0.7445005774497986, 0.7395962476730347, 0.7299211025238037, 0.7265262603759766, 0.7235487103462219]"
8654832a-f650-4836-82ba-cc59f14e1bb9,Pharmacology,0.1689453125,0.357421875,0.357421875,0.1162109375,False,A,0.11131882667541504,medmcqa_1,"['PBMD', 'PBMD', 'PBMD', 'PBMD', 'PBMD']","[467572377854219737, 467572377854298335, 467572377852434544, 467572377854576568, 467572377852214595]","[0.829322099685669, 0.8246520757675171, 0.8205714821815491, 0.8195304870605469, 0.8164659142494202]"
41a7eb65-1e8e-46ee-8d9a-8544101fe4db,Pharmacology,0.00909423828125,0.98828125,0.0009002685546875,0.0020294189453125,True,B,0.10054659843444824,medmcqa_1,"['PBMD', 'PBMD', 'PBMD', 'PBMD', 'PBMD']","[467572377855328907, 467572377853681145, 467572377853990763, 467572377854759372, 467572377854154814]","[0.811495304107666, 0.804606556892395, 0.8042722344398499, 0.7966432571411133, 0.7963443398475647]"
860f5673-7e87-4a35-ba17-628c738929fa,Pharmacology,0.8671875,0.0245361328125,0.09716796875,0.01312255859375,True,A,0.07744359970092773,medmcqa_1,"['STAT', 'STAT', 'STAT', 'STAT', 'STAT']","[467572377850288260, 467572377850368074, 467572377850242118, 467572377850288277, 467572377850256807]","[0.7974957227706909, 0.7698023319244385, 0.7687362432479858, 0.7681319713592529, 0.7660031318664551]"
89108206-90cd-4886-bb7f-758f8fec9152,Pharmacology,0.859375,0.04833984375,0.09033203125,0.003509521484375,True,A,0.09735941886901855,medmcqa_1,"['PBMD', 'PBMD', 'PBMD', 'PBMD', 'PBMD']","[467572377850957047, 467572377852041533, 467572377853266116, 467572377854265302, 467572377850923791]","[0.7850406169891357, 0.785020649433136, 0.784209132194519, 0.7831470370292664, 0.7827976942062378]"
39aa0685-41e4-4701-acb9-88abe226e574,Pharmacology,0.1123046875,0.0250244140625,0.83203125,0.0322265625,False,A,0.0859827995300293,medmcqa_1,"['PBMD', 'PBMD', 'PBMD', 'PBMD', 'PBMD']","[467572377855620058, 467572377852492553, 467572377852708165, 467572377856659461, 467572377855441404]","[0.7856155633926392, 0.7714893221855164, 0.7691440582275391, 0.7674202919006348, 0.7664223313331604]"
559675a7-0767-47f2-bd6e-fc2279032447,Pharmacology,0.0712890625,0.01318359375,0.048828125,0.8671875,True,D,0.08388066291809082,medmcqa_1,"['PBMD', 'PBMD', 'PBMD', 'PBMD', 'PBMD']","[467572377853609226, 467572377854514249, 467572377854295423, 467572377850917213, 467572377855070791]","[0.7977690696716309, 0.7965291738510132, 0.7963796854019165, 0.7961923480033875, 0.7932866215705872]"
c8c58b43-3a44-4e38-a6b3-245af1dcf2ab,Pharmacology,0.0242919921875,0.91015625,0.0189208984375,0.04541015625,True,B,0.08487105369567871,medmcqa_1,"['PBMD', 'STAT', 'PBMD', 'STAT', 'TEXT']","[467572377852055616, 467572377850659560, 467572377852319095, 467572377850305512, 467523489549706061]","[0.8054218888282776, 0.7880611419677734, 0.7860749363899231, 0.7831953763961792, 0.7781665921211243]"
1a3ceadc-b414-43e2-a674-bf52546b7d89,Pharmacology,0.0263671875,0.01031494140625,0.6796875,0.283203125,False,A,0.09609246253967285,medmcqa_1,"['PBMD', 'PBMD', 'PBMD', 'PBMD', 'PBMD']","[467572377854336773, 467572377850941020, 467572377854513524, 467572377852878804, 467572377852989164]","[0.7571979761123657, 0.7411140203475952, 0.7361527681350708, 0.7354052066802979, 0.7353627681732178]"
1b18ac4d-8101-48f1-bcc9-b53391c550ab,Pharmacology,0.431640625,0.158203125,0.23046875,0.1796875,True,A,0.09295368194580078,medmcqa_1,"['PBMD', 'PBMD', 'PBMD', 'PBMD', 'PBMD']","[467572377855042372, 467572377853381978, 467572377854762334, 467572377856601929, 467572377854171864]","[0.859095573425293, 0.8564599752426147, 0.850197970867157, 0.849800705909729, 0.843142032623291]"
407d4eec-cf0b-460c-bcdb-cf0081ec8c5d,Pharmacology,0.07568359375,0.205078125,0.71875,0.00213623046875,False,B,0.11005997657775879,medmcqa_1,"['STAT', 'STAT', 'PBMD', 'PBMD', 'PBMD']","[467572377850692239, 467572377850689184, 467572377853950052, 467572377853684762, 467572377853299244]","[0.7432880997657776, 0.7360268235206604, 0.7351201176643372, 0.7335453629493713, 0.7317501306533813]"
4127528f-2cc3-44bc-b07e-446577f5018c,Pharmacology,0.376953125,0.2021484375,0.376953125,0.04248046875,True,A,0.06326055526733398,medmcqa_1,"['STAT', 'STAT', 'STAT', 'PBMD', 'PBMD']","[467572377850719718, 467572377850657235, 467572377850255208, 467572377853768531, 467572377853988846]","[0.8077445030212402, 0.7608888149261475, 0.7581349015235901, 0.7562654614448547, 0.7530914545059204]"
44ff9d66-1271-48ec-80e0-51f38a47c976,Surgery,0.8515625,0.08447265625,0.04248046875,0.0213623046875,True,A,0.10358643531799316,medmcqa_1,"['PBMD', 'PBMD', 'PBMD', 'PBMD', 'STAT']","[467572377854313793, 467572377856839905, 467572377852695594, 467572377855081625, 467572377850223604]","[0.784125804901123, 0.7776389122009277, 0.7766452431678772, 0.769569456577301, 0.7672990560531616]"
959f8a7b-ea3c-40f9-a6a3-f90248f7e8d2,Surgery,0.3046875,0.2373046875,0.390625,0.06787109375,True,C,0.04872488975524902,medmcqa_1,"['TEXT', 'PBMD', 'PBMD', 'PBMD', 'PBMD']","[467523489549937364, 467572377853851257, 467572377854113765, 467572377854267294, 467572377853352180]","[0.7687945365905762, 0.7613387703895569, 0.7549387216567993, 0.7524722814559937, 0.7520052194595337]"
83190d93-147b-4abc-a5fc-500371388fd5,Surgery,0.1044921875,0.1953125,0.6015625,0.09814453125,False,D,0.05526375770568848,medmcqa_1,"['PBMD', 'PBMD', 'TEXT', 'STAT', 'STAT']","[467572377852036557, 467572377854891830, 467523489549708474, 467572377850671699, 467572377850699352]","[0.7606753706932068, 0.7590767741203308, 0.7579864263534546, 0.7542631030082703, 0.7491126656532288]"
ff42704e-3996-4abe-a5b6-574344e7aaf0,Surgery,0.13671875,0.04443359375,0.7890625,0.030517578125,True,C,0.08992886543273926,medmcqa_1,"['PBMD', 'TEXT', 'PBMD', 'PBMD', 'PBMD']","[467572377855411386, 467523489549940849, 467572377853262060, 467572377854824072, 467572377854896745]","[0.7872059941291809, 0.778145968914032, 0.7725805044174194, 0.7704675793647766, 0.7654924392700195]"
890982b8-3906-44be-aff1-437a7c6c373d,Surgery,0.2373046875,0.01422119140625,0.018310546875,0.73046875,True,D,0.11759781837463379,medmcqa_1,"['PBMD', 'PBMD', 'PBMD', 'STAT', 'PBMD']","[467572377856901374, 467572377855819917, 467572377852837781, 467572377850284405, 467572377855533436]","[0.7899556756019592, 0.7892141342163086, 0.7861461043357849, 0.783922016620636, 0.7828740477561951]"
131f5cb9-45ff-4698-992a-dfb143a3c237,Surgery,0.52734375,0.46484375,0.0042724609375,0.005157470703125,True,A,0.0686028003692627,medmcqa_1,"['PBMD', 'PBMD', 'PBMD', 'PBMD', 'PBMD']","[467572377853483950, 467572377851013283, 467572377853721990, 467572377854886134, 467572377855036617]","[0.7430304884910583, 0.7339560389518738, 0.7269995212554932, 0.7189767360687256, 0.7179816365242004]"
11b93c69-b9e9-47ec-821c-779598f139c1,Surgery,0.087890625,0.6484375,0.1640625,0.099609375,True,B,0.08639955520629883,medmcqa_1,"['PBMD', 'STAT', 'PBMD', 'PBMD', 'PBMD']","[467572377852264271, 467572377850691443, 467572377853575577, 467572377856797808, 467572377852943690]","[0.7880182862281799, 0.7849452495574951, 0.7823053598403931, 0.7809895277023315, 0.7806380987167358]"
b70b70d6-0d72-41b3-bc8b-405f0e83fa03,Surgery,0.984375,0.0062255859375,0.00665283203125,0.00189971923828125,True,A,0.10236692428588867,medmcqa_1,"['PBMD', 'PBMD', 'PBMD', 'PBMD', 'PBMD']","[467572377855746294, 467572377856543294, 467572377853415503, 467572377854588299, 467572377852696014]","[0.764424741268158, 0.7578614950180054, 0.7577914595603943, 0.7564359903335571, 0.7542423605918884]"
71e11d65-2238-4a3f-9b41-bfb7218c66e5,Surgery,0.205078125,0.408203125,0.263671875,0.12451171875,False,C,0.05866122245788574,medmcqa_1,"['STAT', 'STAT', 'PBMD', 'PBMD', 'STAT']","[467572377850785576, 467572377850785562, 467572377853269287, 467572377852685327, 467572377850785566]","[0.7752265930175781, 0.7727142572402954, 0.7726325392723083, 0.7700167894363403, 0.7675074338912964]"
2066f9f0-3eb8-4f40-8ca3-39406b885674,Surgery,0.326171875,0.1982421875,0.10595703125,0.369140625,False,A,0.09214162826538086,medmcqa_1,"['PBMD', 'PBMD', 'PBMD', 'PBMD', 'TEXT']","[467572377852549778, 467572377852613102, 467572377855237240, 467572377854696730, 467523489549708381]","[0.7539777159690857, 0.7525402903556824, 0.7412278652191162, 0.741163969039917, 0.7398213744163513]"
eee44fc5-ad97-4eaa-9720-02f6096eece5,Surgery,0.349609375,0.11328125,0.08837890625,0.44921875,True,D,0.10334396362304688,medmcqa_1,"['PBMD', 'PBMD', 'PBMD', 'PBMD', 'PBMD']","[467572377856705259, 467572377856546840, 467572377854818701, 467572377852546057, 467572377855281851]","[0.8335370421409607, 0.8110981583595276, 0.808730959892273, 0.8039727807044983, 0.8039529323577881]"
b0710c52-911e-4db7-9f74-5f92160b0eb3,Surgery,0.71484375,0.1240234375,0.037841796875,0.1240234375,True,A,0.0999453067779541,medmcqa_1,"['PBMD', 'PBMD', 'PBMD', 'PBMD', 'PBMD']","[467572377855587425, 467572377856115332, 467572377853108942, 467572377854893375, 467572377852521849]","[0.772951602935791, 0.7638353109359741, 0.7564892768859863, 0.7555520534515381, 0.7534191012382507]"
76dc78f2-39b2-47c0-97d1-3206032a777f,Surgery,0.08740234375,0.64453125,0.0301513671875,0.2373046875,True,B,0.06995296478271484,medmcqa_1,"['PBMD', 'PBMD', 'PBMD', 'PBMD', 'TEXT']","[467572377852257200, 467572377854281693, 467572377854761838, 467572377854703206, 467523489549997397]","[0.7678439021110535, 0.7654659748077393, 0.764538049697876, 0.7602725625038147, 0.7564482092857361]"
5a236a74-118f-49b5-adde-21dba36a8bee,Surgery,0.515625,0.455078125,0.0137939453125,0.0137939453125,True,A,0.07124161720275879,medmcqa_1,"['PBMD', 'PBMD', 'PBMD', 'PBMD', 'PBMD']","[467572377855546071, 467572377855751210, 467572377852911692, 467572377855220408, 467572377853356594]","[0.798930823802948, 0.788985013961792, 0.7785836458206177, 0.7777079939842224, 0.7673593759536743]"
b304b0be-c800-43e4-be04-739bd0cc47fd,Surgery,0.1982421875,0.154296875,0.61328125,0.034423828125,False,A,0.08986616134643555,medmcqa_1,"['PBMD', 'PBMD', 'PBMD', 'PBMD', 'PBMD']","[467572377852546057, 467572377853393392, 467572377852543521, 467572377853085746, 467572377852389836]","[0.7774282693862915, 0.7731531262397766, 0.7698797583580017, 0.7621031999588013, 0.7606407403945923]"
a176a27c-5514-46e8-8fe4-3871c7982706,Surgery,0.06494140625,0.89453125,0.015380859375,0.025390625,True,B,0.057419776916503906,medmcqa_1,"['PBMD', 'PBMD', 'PBMD', 'PBMD', 'PBMD']","[467572377854818701, 467572377852324238, 467572377852254941, 467572377855537471, 467572377852249612]","[0.8014284372329712, 0.7906826138496399, 0.7770849466323853, 0.7767987251281738, 0.77631014585495]"
dcb2ad3a-cefa-4fde-9b24-b694b287f9d7,Surgery,0.1279296875,0.2392578125,0.2392578125,0.39453125,True,D,0.0682823657989502,medmcqa_1,"['PBMD', 'PBMD', 'PBMD', 'STAT', 'PBMD']","[467572377853747215, 467572377852071323, 467572377852441107, 467572377850637720, 467572377856218516]","[0.8013533353805542, 0.7795895338058472, 0.7738470435142517, 0.7699108719825745, 0.7670326232910156]"
2f41338e-aea5-444f-9745-5208a6d9fb9a,Surgery,0.005889892578125,0.9921875,0.00131988525390625,0.000751495361328125,True,B,0.05782485008239746,medmcqa_1,"['STAT', 'STAT', 'STAT', 'STAT', 'STAT']","[467572377850229168, 467572377850328501, 467572377850229185, 467572377850229172, 467572377850229180]","[0.804843544960022, 0.7752617597579956, 0.7746541500091553, 0.7616520524024963, 0.7525225877761841]"
c25d4907-49a0-4104-83d2-df515cdcf676,Surgery,0.008544921875,0.9921875,0.00084686279296875,0.00015735626220703125,True,B,0.0741269588470459,medmcqa_1,"['STAT', 'STAT', 'STAT', 'STAT', 'PBMD']","[467572377850756422, 467572377850756423, 467572377850634927, 467572377850685497, 467572377854718610]","[0.7974472045898438, 0.7875368595123291, 0.7845732569694519, 0.7750557661056519, 0.7662563920021057]"
bf67324d-93dd-41a4-919b-313088e3a495,Surgery,0.1845703125,0.302734375,0.302734375,0.208984375,False,C,0.06793642044067383,medmcqa_1,"['STAT', 'PBMD', 'STAT', 'PBMD', 'PBMD']","[467572377850657244, 467572377856869496, 467572377850669194, 467572377855291554, 467572377854688389]","[0.8249594569206238, 0.8023077249526978, 0.8008968830108643, 0.7931082844734192, 0.7879810333251953]"
e3b365b5-231a-4439-900a-c2cd741266a1,Anatomy,0.4921875,0.1591796875,0.263671875,0.08544921875,True,A,0.08223724365234375,medmcqa_1,"['PBMD', 'PBMD', 'PBMD', 'PBMD', 'PBMD']","[467572377854456894, 467572377853779159, 467572377852113212, 467572377852076477, 467572377854222852]","[0.8133524656295776, 0.7978872656822205, 0.7926805019378662, 0.7923048734664917, 0.7913470268249512]"
d0aaea50-8928-4b40-ad20-7161f679bbc0,Anatomy,0.2255859375,0.421875,0.17578125,0.17578125,False,A,0.11708998680114746,medmcqa_1,"['PBMD', 'PBMD', 'PBMD', 'PBMD', 'PBMD']","[467572377856312471, 467572377855232048, 467572377856428383, 467572377850927997, 467572377856262753]","[0.7297796607017517, 0.729742169380188, 0.7291386127471924, 0.7273693084716797, 0.7264770269393921]"
22ab08db-3408-4b27-8a6c-3da3985f71b9,Anatomy,0.0380859375,0.46484375,0.46484375,0.03369140625,True,B,0.08665966987609863,medmcqa_1,"['TEXT', 'PBMD', 'TEXT', 'TEXT', 'PBMD']","[467523489549694329, 467572377852267332, 467523489549700172, 467523489549992288, 467572377856622112]","[0.7925142049789429, 0.7902073264122009, 0.7874845862388611, 0.7848989963531494, 0.7805637717247009]"
04b5defc-1a24-4b6f-b647-4f87f2f82fe0,Anatomy,0.384765625,0.384765625,0.2060546875,0.023193359375,False,B,0.06691789627075195,medmcqa_1,"['PBMD', 'STAT', 'STAT', 'STAT', 'STAT']","[467572377855744941, 467572377850386355, 467572377850259087, 467572377850256733, 467572377850330490]","[0.7995411157608032, 0.7975348234176636, 0.7963588237762451, 0.7870437502861023, 0.769904375076294]"
13088525-20c1-4b21-8fba-f48097969211,Anatomy,0.1826171875,0.36328125,0.171875,0.283203125,True,B,0.1148078441619873,medmcqa_1,"['TEXT', 'TEXT', 'TEXT', 'PBMD', 'PBMD']","[467523489549947211, 467523489549960143, 467523489550008655, 467572377854673638, 467572377855480978]","[0.7557125687599182, 0.7539694309234619, 0.7516557574272156, 0.7399197220802307, 0.7393151521682739]"
27a55dd4-2931-4c86-ba40-7f3b341c9b34,Anatomy,0.10791015625,0.05419921875,0.039794921875,0.796875,True,D,0.062125444412231445,medmcqa_1,"['PBMD', 'TEXT', 'TEXT', 'PBMD', 'PBMD']","[467572377852163480, 467523489549708166, 467523489549676887, 467572377853502826, 467572377852026419]","[0.7812999486923218, 0.7668276429176331, 0.762293815612793, 0.7597811818122864, 0.7586039304733276]"
808e56de-bf9d-4a6d-acbe-e27ef3880361,Anatomy,0.2177734375,0.5234375,0.2470703125,0.01226806640625,True,B,0.08034539222717285,medmcqa_1,"['PBMD', 'PBMD', 'TEXT', 'PBMD', 'PBMD']","[467572377853364253, 467572377852935364, 467523489549676923, 467572377855589284, 467572377855530336]","[0.7787514925003052, 0.7780210375785828, 0.7682288885116577, 0.760438084602356, 0.7601699233055115]"
47ef5a0a-7625-49dd-bda3-819f6df9799e,Anatomy,0.076171875,0.171875,0.6796875,0.07177734375,True,C,0.07910656929016113,medmcqa_1,"['STAT', 'STAT', 'PBMD', 'STAT', 'TEXT']","[467572377850402625, 467572377850738954, 467572377854556438, 467572377850344277, 467523489549699898]","[0.797172486782074, 0.7653152346611023, 0.7632884383201599, 0.7592622637748718, 0.7586219310760498]"
42c3b6ae-45e3-405f-b8bd-fa6a17924c6b,Anatomy,0.006256103515625,0.9921875,0.00139617919921875,0.0015869140625,True,B,0.09826469421386719,medmcqa_1,"['TEXT', 'TEXT', 'TEXT', 'PBMD', 'PBMD']","[467523489549680574, 467523489549999974, 467523489549680589, 467572377854505301, 467572377852446604]","[0.7644854784011841, 0.7433850169181824, 0.7393432259559631, 0.7389034628868103, 0.7367556095123291]"
498c56bd-94f3-48de-b981-5c6400ee5700,Anatomy,0.09375,0.017333984375,0.10595703125,0.78125,True,D,0.07989811897277832,medmcqa_1,"['PBMD', 'PBMD', 'PBMD', 'PBMD', 'PBMD']","[467572377854936372, 467572377856291105, 467572377855434603, 467572377856887878, 467572377856439668]","[0.757992148399353, 0.745902955532074, 0.7418954968452454, 0.7393407821655273, 0.7369328737258911]"
4a073cec-41b0-49ef-aa57-a010c2bfe5d9,Anatomy,0.10595703125,0.0028228759765625,0.00250244140625,0.88671875,True,D,0.06879496574401855,medmcqa_1,"['TEXT', 'STAT', 'PBMD', 'STAT', 'PBMD']","[467523489549988701, 467572377850752853, 467572377853101343, 467572377850752859, 467572377854889657]","[0.7845497131347656, 0.7784079909324646, 0.778067409992218, 0.7775177955627441, 0.7674039602279663]"
f1457bfc-13d3-40bb-9ad9-c6ec7f6c00dd,Anatomy,0.001495361328125,0.99609375,0.000553131103515625,0.00096893310546875,True,B,0.0897979736328125,medmcqa_1,"['STAT', 'STAT', 'STAT', 'STAT', 'STAT']","[467572377850665331, 467572377850392643, 467572377850665324, 467572377850321948, 467572377850358101]","[0.798024594783783, 0.7956117391586304, 0.7917627692222595, 0.7915112972259521, 0.7877990007400513]"
f955fff3-f4ec-41be-a119-a43e2024120e,Anatomy,0.07666015625,0.059814453125,0.82421875,0.03857421875,True,C,0.08870339393615723,medmcqa_1,"['STAT', 'STAT', 'STAT', 'PBMD', 'PBMD']","[467572377850714286, 467572377850358105, 467572377850644361, 467572377854419102, 467572377852205411]","[0.8254509568214417, 0.8169482350349426, 0.8142749071121216, 0.7933099269866943, 0.7894445061683655]"
eb5d2e40-c7b7-4de2-a394-26b3ce685746,Anatomy,0.99609375,0.001495361328125,0.0021820068359375,0.001922607421875,True,A,0.10430669784545898,medmcqa_1,"['STAT', 'TEXT', 'PBMD', 'PBMD', 'PBMD']","[467572377850348684, 467523489550008953, 467572377854719378, 467572377855925499, 467572377852760210]","[0.7533881664276123, 0.744098961353302, 0.7435122132301331, 0.7407982349395752, 0.7401468753814697]"
a28512ef-dd2c-48f1-9033-95c1d84daf47,Anatomy,0.06982421875,0.0146484375,0.00738525390625,0.90625,False,B,0.10062003135681152,medmcqa_1,"['PBMD', 'TEXT', 'PBMD', 'TEXT', 'PBMD']","[467572377855189765, 467523489549950008, 467572377855214877, 467523489549951471, 467572377855894012]","[0.7512148022651672, 0.747883677482605, 0.7431603670120239, 0.7425865530967712, 0.7418268918991089]"
433889ad-6b7a-4b52-b45d-2e2379f81d5e,Anatomy,0.00531005859375,0.036865234375,0.953125,0.0050048828125,True,C,0.09958028793334961,medmcqa_1,"['TEXT', 'PBMD', 'PBMD', 'PBMD', 'PBMD']","[467523489549676095, 467572377854663460, 467572377852267913, 467572377855344885, 467572377855145165]","[0.7034510374069214, 0.6965673565864563, 0.6909188628196716, 0.6852731704711914, 0.680907130241394]"
82d43b40-d7e9-427f-8870-81445cc14391,Anatomy,0.412109375,0.1513671875,0.1513671875,0.283203125,True,A,0.07230210304260254,medmcqa_1,"['STAT', 'STAT', 'TEXT', 'PBMD', 'STAT']","[467572377850773187, 467572377850384896, 467523489549676296, 467572377855636617, 467572377850416163]","[0.7622725367546082, 0.7622332572937012, 0.7564278244972229, 0.7511230111122131, 0.7500194907188416]"
2dc17e8f-306a-433c-995c-9903dcaf4ccc,Anatomy,0.09423828125,0.61328125,0.06494140625,0.2265625,False,D,0.09522652626037598,medmcqa_1,"['STAT', 'STAT', 'PBMD', 'PBMD', 'STAT']","[467572377850369579, 467572377850327014, 467572377853782489, 467572377855815998, 467572377850710968]","[0.7942007184028625, 0.7754619121551514, 0.7745024561882019, 0.7703523635864258, 0.7689304947853088]"
8cc0f461-86ab-4fdf-97f4-194da3dc5e26,Anatomy,0.015625,0.0703125,0.005401611328125,0.91015625,True,D,0.08237719535827637,medmcqa_1,"['TEXT', 'TEXT', 'TEXT', 'PBMD', 'TEXT']","[467523489549698947, 467523489549698865, 467523489549698949, 467572377852311440, 467523489549698867]","[0.7657629251480103, 0.7524025440216064, 0.7421172857284546, 0.7261236906051636, 0.7014351487159729]"
8ba2ca7c-9ae4-4771-9e9c-0e44250ca6b5,Anatomy,0.06640625,0.671875,0.2470703125,0.01397705078125,True,B,0.0946969985961914,medmcqa_1,"['PBMD', 'PBMD', 'PBMD', 'PBMD', 'PBMD']","[467572377856331130, 467572377853779529, 467572377853108661, 467572377853489699, 467572377854797621]","[0.7557344436645508, 0.7535830736160278, 0.7418774366378784, 0.7418021559715271, 0.741050660610199]"
81a24a92-4459-4999-9c49-6ee91a6182a3,Forensic Medicine,0.1171875,0.408203125,0.28125,0.193359375,False,C,0.05648994445800781,medmcqa_1,"['STAT', 'PBMD', 'PBMD', 'PBMD', 'STAT']","[467572377850405945, 467572377853395317, 467572377856777358, 467572377852866558, 467572377850713338]","[0.7595908641815186, 0.7592480778694153, 0.7502554655075073, 0.7482726573944092, 0.747222363948822]"
5ba07589-bec7-4600-b1a2-93beb50dbc17,Forensic Medicine,0.26953125,0.392578125,0.23828125,0.09912109375,True,B,0.06258606910705566,medmcqa_1,"['PBMD', 'STAT', 'TEXT', 'STAT', 'STAT']","[467572377852199532, 467572377850375383, 467523489549948624, 467572377850381305, 467572377850344458]","[0.7281798124313354, 0.7270202040672302, 0.725175142288208, 0.7244566679000854, 0.7239488959312439]"
9323af0c-ce73-4fcd-9646-88c87ea5d0f7,Forensic Medicine,0.08447265625,0.0213623046875,0.8515625,0.04248046875,False,A,0.09929752349853516,medmcqa_1,"['PBMD', 'PBMD', 'PBMD', 'PBMD', 'PBMD']","[467572377853993123, 467572377854875944, 467572377854530130, 467572377855326541, 467572377853071311]","[0.7539640069007874, 0.7526547908782959, 0.7492985725402832, 0.745798647403717, 0.7439101934432983]"
cfa28a58-dd1f-4852-b34f-d150a9fd9011,Forensic Medicine,0.28125,0.045654296875,0.59375,0.08056640625,False,D,0.08139872550964355,medmcqa_1,"['PBMD', 'PBMD', 'PBMD', 'PBMD', 'PBMD']","[467572377854126735, 467572377852194299, 467572377854859873, 467572377856722817, 467572377850855970]","[0.7809265851974487, 0.7766672372817993, 0.765470027923584, 0.7627871036529541, 0.7600739002227783]"
34d20a1d-da67-4205-b8c7-981dc313289f,Forensic Medicine,0.65625,0.2412109375,0.05078125,0.05078125,True,A,0.08500218391418457,medmcqa_1,"['TEXT', 'TEXT', 'TEXT', 'TEXT', 'TEXT']","[467523489549699009, 467523489549699005, 467523489549699011, 467523489549699010, 467523489549699006]","[0.7891700267791748, 0.7805851101875305, 0.7667439579963684, 0.7649279832839966, 0.7511610984802246]"
2ab8b27b-1646-4886-8378-f2f11f84a79e,Forensic Medicine,0.287109375,0.173828125,0.287109375,0.25390625,False,C,0.06735849380493164,medmcqa_1,"['STAT', 'STAT', 'PBMD', 'STAT', 'PBMD']","[467572377850282303, 467572377850409879, 467572377852180807, 467572377850767221, 467572377856915045]","[0.7122235298156738, 0.7066658139228821, 0.6980666518211365, 0.6918545961380005, 0.6909664273262024]"
78fc72f1-b950-427c-aa07-fe36d04d8c42,Forensic Medicine,0.94140625,0.0322265625,0.018310546875,0.0086669921875,True,A,0.06409597396850586,medmcqa_1,"['PBMD', 'PBMD', 'PBMD', 'PBMD', 'PBMD']","[467572377852263080, 467572377852396549, 467572377850917872, 467572377852529650, 467572377856128013]","[0.7590375542640686, 0.7212104797363281, 0.7191745638847351, 0.7191365957260132, 0.7190713882446289]"
2cc86d26-ec8a-43f8-8fa8-bd56054db9f2,Forensic Medicine,0.263671875,0.12451171875,0.55859375,0.05517578125,False,B,0.0722513198852539,medmcqa_1,"['PBMD', 'PBMD', 'PBMD', 'PBMD', 'PBMD']","[467572377850980322, 467572377854878982, 467572377852927531, 467572377852237130, 467572377852451063]","[0.7825126647949219, 0.7794210910797119, 0.7733862400054932, 0.7700424194335938, 0.7670051455497742]"
b7d8bd74-0651-43ca-9284-f29321e22628,Forensic Medicine,0.91015625,0.029296875,0.04833984375,0.01220703125,True,A,0.059598684310913086,medmcqa_1,"['PBMD', 'PBMD', 'STAT', 'PBMD', 'PBMD']","[467572377856355168, 467572377852856921, 467572377850334287, 467572377856438341, 467572377852793314]","[0.7875030636787415, 0.7838122844696045, 0.7837866544723511, 0.778243362903595, 0.7766025066375732]"
132fec12-271f-4778-93af-042d6ec32a22,Forensic Medicine,0.375,0.1767578125,0.291015625,0.15625,True,A,0.057660579681396484,medmcqa_1,"['STAT', 'PBMD', 'PBMD', 'PBMD', 'PBMD']","[467572377850323620, 467572377853072940, 467572377855799828, 467572377852848963, 467572377856451603]","[0.7672699689865112, 0.7668029069900513, 0.7661239504814148, 0.7618697285652161, 0.7618609666824341]"
27eecec7-69c5-40bd-9d90-c19e43acc9a3,Forensic Medicine,0.0162353515625,0.88671875,0.01116943359375,0.08740234375,False,A,0.0716698169708252,medmcqa_1,"['PBMD', 'PBMD', 'PBMD', 'PBMD', 'PBMD']","[467572377855022433, 467572377854365931, 467572377856791338, 467572377854038682, 467572377855039138]","[0.735727071762085, 0.7307018041610718, 0.7299413084983826, 0.7290452122688293, 0.727647066116333]"
b317f77b-62b2-4ad9-a520-3bdbe0c37f47,Forensic Medicine,0.072265625,0.77734375,0.119140625,0.031982421875,True,B,0.08841586112976074,medmcqa_1,"['PBMD', 'PBMD', 'PBMD', 'PBMD', 'PBMD']","[467572377850980322, 467572377852121817, 467572377856874287, 467572377855373624, 467572377852980924]","[0.7552319169044495, 0.7468630075454712, 0.7467975616455078, 0.7452201247215271, 0.7442741990089417]"
2ae293df-8147-46d5-bd46-b913a95c2593,Forensic Medicine,0.6953125,0.1552734375,0.07763671875,0.0732421875,False,B,0.09496927261352539,medmcqa_1,"['PBMD', 'PBMD', 'PBMD', 'PBMD', 'PBMD']","[467572377856595953, 467572377854274793, 467572377855094730, 467572377855197356, 467572377856617988]","[0.7770049571990967, 0.7696291208267212, 0.7689343094825745, 0.7608120441436768, 0.7590141892433167]"
3a99eeb5-973d-4468-bf41-4111c70ec9ff,Forensic Medicine,0.0751953125,0.06640625,0.051513671875,0.80859375,False,A,0.0664222240447998,medmcqa_1,"['PBMD', 'PBMD', 'PBMD', 'PBMD', 'PBMD']","[467572377853219160, 467572377852750495, 467572377853684175, 467572377853785341, 467572377852943300]","[0.7521947622299194, 0.7480522990226746, 0.7438555955886841, 0.7381927967071533, 0.7367447018623352]"
15f7993b-1b86-400a-83c1-a91417ab640c,Forensic Medicine,0.96875,0.0101318359375,0.015625,0.00372314453125,True,A,0.09264731407165527,medmcqa_1,"['PBMD', 'PBMD', 'PBMD', 'PBMD', 'PBMD']","[467572377850858493, 467572377855860675, 467572377853580349, 467572377855603225, 467572377855948131]","[0.7543392777442932, 0.7458789944648743, 0.7443428635597229, 0.7424910664558411, 0.7418684363365173]"
e48eccc3-3935-4cdc-90a7-4aebfaa3e76e,Forensic Medicine,0.162109375,0.142578125,0.640625,0.055908203125,False,A,0.08523344993591309,medmcqa_1,"['PBMD', 'PBMD', 'PBMD', 'PBMD', 'PBMD']","[467572377856451602, 467572377854133894, 467572377855297673, 467572377852121817, 467572377856963598]","[0.7360206842422485, 0.7338501811027527, 0.7298182845115662, 0.7284221053123474, 0.7277761101722717]"
519a4ff4-7e05-455a-b8dd-edd85636dccf,Forensic Medicine,0.5390625,0.12060546875,0.0830078125,0.255859375,False,C,0.09970450401306152,medmcqa_1,"['STAT', 'PBMD', 'PBMD', 'PBMD', 'PBMD']","[467572377850390940, 467572377853085054, 467572377856755490, 467572377854660231, 467572377852323968]","[0.8060242533683777, 0.8012953996658325, 0.7980031371116638, 0.7906992435455322, 0.7888391613960266]"
864ebcb5-85f5-45eb-a209-5d14ef53e787,Forensic Medicine,0.07666015625,0.267578125,0.0159912109375,0.640625,False,B,0.07907962799072266,medmcqa_1,"['PBMD', 'PBMD', 'PBMD', 'PBMD', 'PBMD']","[467572377855358090, 467572377855479271, 467572377856240877, 467572377855562830, 467572377852599025]","[0.747234582901001, 0.7405113577842712, 0.7378568053245544, 0.7346773147583008, 0.7291796803474426]"
7654b57a-4955-4f89-a828-a8c82995f619,Forensic Medicine,0.09130859375,0.765625,0.0712890625,0.0712890625,True,B,0.06963634490966797,medmcqa_1,"['PBMD', 'PBMD', 'PBMD', 'PBMD', 'PBMD']","[467572377854124929, 467572377855032920, 467572377856777322, 467572377852602678, 467572377855396218]","[0.784230649471283, 0.7438521981239319, 0.7417670488357544, 0.7375069260597229, 0.7323716878890991]"
8a63cb8d-20f8-40ea-ba34-12b9583c9224,Forensic Medicine,0.0035858154296875,0.99609375,0.00116729736328125,0.000705718994140625,True,B,0.09038901329040527,medmcqa_1,"['STAT', 'PBMD', 'PBMD', 'PBMD', 'PBMD']","[467572377850364902, 467572377856528931, 467572377854232083, 467572377850857497, 467572377854973188]","[0.7571122646331787, 0.7513209581375122, 0.7504011392593384, 0.7453321218490601, 0.7435548305511475]"
3171c368-25b8-4025-b7ae-ef22cc2f3f8c,Biochemistry,0.017822265625,0.00396728515625,0.0069580078125,0.97265625,True,D,0.06366825103759766,medmcqa_1,"['PBMD', 'PBMD', 'PBMD', 'PBMD', 'PBMD']","[467572377856285459, 467572377855116362, 467572377856568407, 467572377854388929, 467572377856353601]","[0.7389658689498901, 0.7387219071388245, 0.7366645932197571, 0.7316210269927979, 0.7302818894386292]"
1f5885bd-7146-46de-87b8-f32ae199ce7c,Biochemistry,0.97265625,0.0228271484375,0.00396728515625,0.000347137451171875,True,A,0.11420464515686035,medmcqa_1,"['PBMD', 'PBMD', 'PBMD', 'PBMD', 'PBMD']","[467572377854190785, 467572377850894249, 467572377854755747, 467572377850906446, 467572377852975406]","[0.7380988001823425, 0.7380166053771973, 0.7367903590202332, 0.7344518303871155, 0.7343283891677856]"
b941a672-c231-45ad-a086-11c1726a8d09,Biochemistry,0.00124359130859375,1.0,0.0001316070556640625,0.000335693359375,True,B,0.06541657447814941,medmcqa_1,"['TEXT', 'TEXT', 'STAT', 'STAT', 'TEXT']","[467523489549946781, 467523489549958507, 467572377850627333, 467572377850627334, 467523489549958611]","[0.7772656679153442, 0.7679454684257507, 0.7630647420883179, 0.7510751485824585, 0.7505371570587158]"
54054782-8948-4be1-861f-dd67a24a5b9c,Biochemistry,0.2236328125,0.5390625,0.06396484375,0.1748046875,True,B,0.09964632987976074,medmcqa_1,"['PBMD', 'PBMD', 'PBMD', 'PBMD', 'PBMD']","[467572377853246676, 467572377853249988, 467572377853835466, 467572377855852342, 467572377856111706]","[0.7890106439590454, 0.7757792472839355, 0.7540269494056702, 0.7465254664421082, 0.7439520955085754]"
bd5b9ca9-7065-4c91-8a54-26c8d3a34501,Biochemistry,0.236328125,0.44140625,0.267578125,0.05615234375,False,C,0.10880017280578613,medmcqa_1,"['PBMD', 'PBMD', 'PBMD', 'PBMD', 'PBMD']","[467572377854299854, 467572377854298521, 467572377854820531, 467572377853914991, 467572377856935609]","[0.7862911224365234, 0.7854529619216919, 0.7842481136322021, 0.7828748822212219, 0.7822122573852539]"
20445700-6fe0-4e44-b27c-561d580c5ea9,Biochemistry,0.18359375,0.09814453125,0.640625,0.07666015625,False,B,0.07500338554382324,medmcqa_1,"['STAT', 'STAT', 'TEXT', 'STAT', 'STAT']","[467572377850711228, 467572377850745135, 467523489549991756, 467572377850704471, 467572377850269524]","[0.7940052151679993, 0.7863373160362244, 0.7818015813827515, 0.7798742055892944, 0.7792354226112366]"
d0de8433-05e9-4391-ad03-5b228436ccd5,Biochemistry,0.02490234375,0.0341796875,0.93359375,0.00592041015625,True,C,0.10506916046142578,medmcqa_1,"['PBMD', 'TEXT', 'TEXT', 'PBMD', 'PBMD']","[467572377854340622, 467523489549686341, 467523489549678139, 467572377853961747, 467572377854328421]","[0.74421226978302, 0.7341979146003723, 0.7340859770774841, 0.7340748906135559, 0.7327921986579895]"
ad5ec8c2-dd73-4a3e-8904-8675c689bca2,Biochemistry,0.047607421875,0.3984375,0.51171875,0.0419921875,True,C,0.08452725410461426,medmcqa_1,"['PBMD', 'PBMD', 'PBMD', 'PBMD', 'PBMD']","[467572377854200944, 467572377854916897, 467572377853336727, 467572377854524414, 467572377852125421]","[0.7577162384986877, 0.7558377981185913, 0.7550997734069824, 0.7530624866485596, 0.7530174255371094]"
2c0bfd6d-2451-4961-8155-6c0a739e7f1c,Biochemistry,0.029541015625,0.016845703125,0.03564453125,0.91796875,True,D,0.08768677711486816,medmcqa_1,"['TEXT', 'TEXT', 'TEXT', 'TEXT', 'TEXT']","[467523489549678797, 467523489549680798, 467523489549678734, 467523489549680786, 467523489549680804]","[0.8055378198623657, 0.7982211709022522, 0.7949082851409912, 0.7868508696556091, 0.7863749861717224]"
c36f9d0a-bcf4-44c2-93ef-0f83d3387664,Biochemistry,0.3359375,0.027587890625,0.0084228515625,0.62890625,True,D,0.0947105884552002,medmcqa_1,"['TEXT', 'PBMD', 'PBMD', 'PBMD', 'PBMD']","[467523489549678013, 467572377854751884, 467572377854521546, 467572377855217354, 467572377854401280]","[0.7877321839332581, 0.7721390724182129, 0.7580226063728333, 0.7529630064964294, 0.7505893707275391]"
9ca33423-8e19-4c59-9f3b-c4240d97ee3e,Biochemistry,0.98046875,0.0031280517578125,0.002288818359375,0.01239013671875,True,A,0.058440208435058594,medmcqa_1,"['PBMD', 'PBMD', 'PBMD', 'PBMD', 'PBMD']","[467572377853825273, 467572377856938497, 467572377850962276, 467572377855145125, 467572377854078673]","[0.7726492881774902, 0.7675902843475342, 0.7618094682693481, 0.7584578990936279, 0.7554271817207336]"
3624dceb-9318-4aa7-add1-b4c2fbac3065,Biochemistry,0.92578125,0.02978515625,0.040771484375,0.0020294189453125,True,A,0.09999704360961914,medmcqa_1,"['PBMD', 'PBMD', 'PBMD', 'PBMD', 'PBMD']","[467572377853876302, 467572377854555714, 467572377853739883, 467572377853703584, 467572377855184143]","[0.7575833797454834, 0.752912163734436, 0.7498300075531006, 0.7452720403671265, 0.7443832755088806]"
6167ceda-f896-4511-a570-ae19f725e1e7,Biochemistry,0.0108642578125,0.9765625,0.00188446044921875,0.01019287109375,True,B,0.10480427742004395,medmcqa_1,"['PBMD', 'PBMD', 'PBMD', 'PBMD', 'PBMD']","[467572377853900231, 467572377852309225, 467572377852316120, 467572377852276861, 467572377856317016]","[0.7624257206916809, 0.7538753151893616, 0.7537089586257935, 0.7488219141960144, 0.7476536631584167]"
c2b92bd3-f89c-429e-be8d-25d2d6c5806e,Biochemistry,0.00628662109375,0.9921875,0.00140380859375,0.000514984130859375,True,B,0.0623011589050293,medmcqa_1,"['STAT', 'PBMD', 'STAT', 'PBMD', 'STAT']","[467572377850728569, 467572377854391736, 467572377850728544, 467572377855027051, 467572377850728543]","[0.7842311263084412, 0.7814493179321289, 0.7711411714553833, 0.7699706554412842, 0.7676584124565125]"
4bfec2de-e6e7-41c6-bbe9-3dc864f9d719,Biochemistry,0.0120849609375,0.025634765625,0.9609375,0.000728607177734375,True,C,0.07084441184997559,medmcqa_1,"['PBMD', 'PBMD', 'PBMD', 'PBMD', 'PBMD']","[467572377852081736, 467572377852342994, 467572377852084357, 467572377853582697, 467572377852284276]","[0.760755717754364, 0.7504697442054749, 0.7503648400306702, 0.7410576939582825, 0.7390143275260925]"
31b780dc-dc96-470b-a6be-55d4b668ba51,Biochemistry,0.96875,0.0189208984375,0.0101318359375,0.0005035400390625,True,A,0.10786175727844238,medmcqa_1,"['PBMD', 'PBMD', 'PBMD', 'PBMD', 'PBMD']","[467572377853047019, 467572377856729136, 467572377856729137, 467572377853069948, 467572377855734124]","[0.7495079040527344, 0.7473065257072449, 0.7398198843002319, 0.738699197769165, 0.7361721992492676]"
f1b944e7-35c7-4ae3-aea7-3cd1d32e5249,Biochemistry,0.07373046875,0.0225830078125,0.8984375,0.0036773681640625,True,C,0.05595564842224121,medmcqa_1,"['STAT', 'PBMD', 'PBMD', 'TEXT', 'PBMD']","[467572377850747477, 467572377856944732, 467572377852785895, 467523489549998371, 467572377853922409]","[0.7526898384094238, 0.7470191121101379, 0.7445346117019653, 0.7438004016876221, 0.7421221733093262]"
399563b2-ad18-41a9-82bc-3d49e1642fd9,Biochemistry,0.1220703125,0.33203125,0.484375,0.0615234375,True,C,0.07177114486694336,medmcqa_1,"['PBMD', 'PBMD', 'PBMD', 'PBMD', 'PBMD']","[467572377853687109, 467572377854804002, 467572377852177208, 467572377853192514, 467572377852887581]","[0.7793145179748535, 0.7664348483085632, 0.7644869089126587, 0.7621274590492249, 0.7616627216339111]"
0ae79405-095f-47c3-8fa6-e61495e66324,Biochemistry,0.030029296875,0.82421875,0.01708984375,0.126953125,False,D,0.09102797508239746,medmcqa_1,"['STAT', 'STAT', 'PBMD', 'TEXT', 'PBMD']","[467572377850728797, 467572377850354720, 467572377852323127, 467523489549678130, 467572377856301146]","[0.7193382978439331, 0.7115408182144165, 0.7105593681335449, 0.7047799825668335, 0.6987948417663574]"
9bf68fe9-789d-4021-aaf4-d39fa49b302c,Biochemistry,0.97265625,0.0242919921875,0.00165557861328125,0.00121307373046875,True,A,0.06640219688415527,medmcqa_1,"['PBMD', 'STAT', 'STAT', 'PBMD', 'PBMD']","[467572377853635733, 467572377850638589, 467572377850733704, 467572377852837148, 467572377855612924]","[0.7611131072044373, 0.7551059722900391, 0.7485617995262146, 0.7421914935112, 0.7416287660598755]"
e1cf9f3f-2fd8-40e3-96c3-1a6ecb016b22,Physiology,0.294921875,0.427734375,0.048095703125,0.2294921875,False,A,0.09015226364135742,medmcqa_1,"['PBMD', 'PBMD', 'PBMD', 'PBMD', 'PBMD']","[467572377852185306, 467572377854359515, 467572377855770464, 467572377852294611, 467572377854918183]","[0.7473175525665283, 0.7418981790542603, 0.7406553030014038, 0.7393449544906616, 0.7384202480316162]"
5a4d6226-a00e-45c0-bc74-5b1c718b1620,Physiology,0.984375,0.01165771484375,0.0037689208984375,0.00122833251953125,True,A,0.09169530868530273,medmcqa_1,"['PBMD', 'PBMD', 'PBMD', 'PBMD', 'PBMD']","[467572377852177935, 467572377852540243, 467572377853403301, 467572377850985884, 467572377852850970]","[0.7470675110816956, 0.7437949180603027, 0.7426888346672058, 0.7420972585678101, 0.7411059141159058]"
0b1e3ca7-b56b-4c9c-a660-2ff1a12393b1,Physiology,0.02978515625,0.92578125,0.03173828125,0.010986328125,True,B,0.12045502662658691,medmcqa_1,"['PBMD', 'PBMD', 'PBMD', 'PBMD', 'PBMD']","[467572377855912590, 467572377854316325, 467572377854740089, 467572377852265102, 467572377852531848]","[0.7367855310440063, 0.7267929315567017, 0.7180706262588501, 0.7141297459602356, 0.7106717824935913]"
6bfb7ced-ef9e-4df7-ae35-ce5699bbc7a5,Physiology,0.03564453125,0.031494140625,0.921875,0.0115966796875,True,C,0.09759068489074707,medmcqa_1,"['PBMD', 'PBMD', 'PBMD', 'PBMD', 'PBMD']","[467572377854404177, 467572377852419848, 467572377854415825, 467572377853201943, 467572377854402353]","[0.7592909336090088, 0.7494214177131653, 0.7492360472679138, 0.744098424911499, 0.7398569583892822]"
7c8d5c20-9868-406d-a987-2d8027acffa1,Physiology,0.039306640625,0.89453125,0.057373046875,0.007293701171875,True,B,0.0758368968963623,medmcqa_1,"['STAT', 'PBMD', 'TEXT', 'PBMD', 'PBMD']","[467572377850346278, 467572377852739953, 467523489549968509, 467572377854891830, 467572377854315360]","[0.7662065625190735, 0.7530393600463867, 0.7518947720527649, 0.7488352060317993, 0.7449710369110107]"
c5641329-23a5-4f95-a7c9-3be2882bcbcf,Physiology,0.11376953125,0.12109375,0.6953125,0.06884765625,True,C,0.09350824356079102,medmcqa_1,"['TEXT', 'TEXT', 'STAT', 'STAT', 'TEXT']","[467523489549997265, 467523489549679046, 467572377850744323, 467572377850788143, 467523489549679037]","[0.7436267733573914, 0.7338318228721619, 0.73195481300354, 0.7314428091049194, 0.7312284708023071]"
261c602e-7e6f-4cf8-9231-13182b2db849,Physiology,0.458984375,0.1318359375,0.27734375,0.1318359375,False,B,0.12274956703186035,medmcqa_1,"['TEXT', 'PBMD', 'STAT', 'PBMD', 'PBMD']","[467523489549988446, 467572377850803554, 467572377850304775, 467572377855824777, 467572377854230968]","[0.7605764865875244, 0.7488760352134705, 0.7452273368835449, 0.742752730846405, 0.7418167591094971]"
64400a13-aab9-46fd-8609-ac725bb8e72e,Physiology,0.0230712890625,0.248046875,0.671875,0.055419921875,True,C,0.09537410736083984,medmcqa_1,"['STAT', 'TEXT', 'TEXT', 'TEXT', 'PBMD']","[467572377850726737, 467523489549991623, 467523489549991359, 467523489549991358, 467572377853852002]","[0.7807434797286987, 0.7712745666503906, 0.7710462808609009, 0.7596781849861145, 0.7537460327148438]"
ef7dd5a4-386f-45e2-aa47-b2e9835f7169,Physiology,0.453125,0.189453125,0.11474609375,0.2431640625,False,D,0.09815859794616699,medmcqa_1,"['PBMD', 'PBMD', 'PBMD', 'PBMD', 'PBMD']","[467572377854527448, 467572377853937133, 467572377856439236, 467572377853212225, 467572377853134629]","[0.7349035143852234, 0.7220255136489868, 0.7190609574317932, 0.7180490493774414, 0.7112533450126648]"
7bc79566-0465-4612-a072-878afe214190,Physiology,0.060791015625,0.0830078125,0.7890625,0.06884765625,True,C,0.059309959411621094,medmcqa_1,"['TEXT', 'TEXT', 'STAT', 'TEXT', 'TEXT']","[467523489549988769, 467523489549988778, 467572377850407191, 467523489549950294, 467523489549950260]","[0.7729548215866089, 0.7719117403030396, 0.7715058326721191, 0.7714848518371582, 0.7638086676597595]"
7d9967cf-83ed-4796-be25-4c0637193d4c,Physiology,0.034912109375,0.95703125,0.0050048828125,0.004150390625,True,B,0.08997130393981934,medmcqa_1,"['TEXT', 'PBMD', 'TEXT', 'PBMD', 'TEXT']","[467523489549988497, 467572377852297390, 467523489549988446, 467572377853315844, 467523489549682262]","[0.7507971525192261, 0.7472798228263855, 0.7432464957237244, 0.7432296276092529, 0.7408814430236816]"
75037cd8-82e0-4544-b8b4-39b0c3c894e8,Physiology,0.333984375,0.294921875,0.333984375,0.039794921875,False,D,0.0944662094116211,medmcqa_1,"['PBMD', 'PBMD', 'PBMD', 'PBMD', 'PBMD']","[467572377852128452, 467572377852253080, 467572377852250275, 467572377855029617, 467572377850903147]","[0.7774789333343506, 0.7771060466766357, 0.7765889763832092, 0.7701489925384521, 0.7677258253097534]"
4eb2c660-2893-450f-957c-536b6a6f9b3d,Physiology,0.1884765625,0.053955078125,0.74609375,0.01361083984375,True,C,0.11524581909179688,medmcqa_1,"['PBMD', 'PBMD', 'PBMD', 'PBMD', 'PBMD']","[467572377853504113, 467572377856181908, 467572377856376266, 467572377853123060, 467572377852336543]","[0.7638566493988037, 0.7616979479789734, 0.760764479637146, 0.758747935295105, 0.7539065480232239]"
6f4e74ac-0e46-463b-9a42-f9439b6f7851,Physiology,0.1943359375,0.091796875,0.46484375,0.2490234375,True,C,0.11136412620544434,medmcqa_1,"['PBMD', 'STAT', 'PBMD', 'PBMD', 'PBMD']","[467572377853629748, 467572377850293989, 467572377854623736, 467572377855154563, 467572377854313022]","[0.8247618079185486, 0.8134289979934692, 0.8097280263900757, 0.8062138557434082, 0.8061199188232422]"
17d49a43-a8cf-43c9-9c9e-70a42e741af1,Physiology,0.07275390625,0.78515625,0.1201171875,0.022216796875,False,A,0.09134078025817871,medmcqa_1,"['PBMD', 'PBMD', 'PBMD', 'PBMD', 'PBMD']","[467572377854684384, 467572377856267455, 467572377855367455, 467572377853084284, 467572377852256925]","[0.7310529351234436, 0.7270610332489014, 0.7248753309249878, 0.7247930765151978, 0.7217227220535278]"
108d98b3-bf9a-4d0b-92f0-3736950e4c20,Physiology,0.9140625,0.04833984375,0.0045166015625,0.033203125,False,B,0.055800437927246094,medmcqa_1,"['STAT', 'STAT', 'STAT', 'STAT', 'STAT']","[467572377850717124, 467572377850712029, 467572377850745640, 467572377850664024, 467572377850401346]","[0.8218700289726257, 0.8196274042129517, 0.8103739619255066, 0.7957732081413269, 0.7914415597915649]"
31d2fae2-b491-4feb-b871-d889d9ac4efe,Physiology,0.057373046875,0.8984375,0.027099609375,0.0174560546875,False,A,0.060341596603393555,medmcqa_1,"['PBMD', 'PBMD', 'PBMD', 'STAT', 'PBMD']","[467572377855013770, 467572377852258358, 467572377854997819, 467572377850387621, 467572377852085320]","[0.7313896417617798, 0.7300477623939514, 0.7298000454902649, 0.729694128036499, 0.7287383675575256]"
c6365cce-507c-40f6-90a2-46b867f47b6e,Physiology,0.01312255859375,0.005126953125,0.9765625,0.0033111572265625,True,C,0.10184884071350098,medmcqa_1,"['PBMD', 'STAT', 'TEXT', 'PBMD', 'PBMD']","[467572377854384970, 467572377850775819, 467523489549988401, 467572377853253808, 467572377855301628]","[0.7554893493652344, 0.7338983416557312, 0.7331092953681946, 0.7322332262992859, 0.7304773330688477]"
833ba236-ccb4-44d5-ba31-865de41488a5,Physiology,0.36328125,0.322265625,0.171875,0.142578125,False,D,0.0616755485534668,medmcqa_1,"['TEXT', 'STAT', 'STAT', 'TEXT', 'PBMD']","[467523489549984859, 467572377850368868, 467572377850399618, 467523489549984954, 467572377854460407]","[0.7743943333625793, 0.7667109370231628, 0.7612677812576294, 0.7484889030456543, 0.7475681304931641]"
37c2d828-130c-4ebd-ae35-03c852064141,Physiology,0.0037994384765625,0.9921875,0.0020294189453125,0.0037994384765625,True,B,0.0623629093170166,medmcqa_1,"['PBMD', 'PBMD', 'PBMD', 'PBMD', 'PBMD']","[467572377854700920, 467572377852712227, 467572377854055039, 467572377856974607, 467572377852101524]","[0.7054062485694885, 0.702980101108551, 0.7003510594367981, 0.6948870420455933, 0.6890578269958496]"
a05c8cf2-b0bc-496e-b5fd-51467952e2ca,Gynaecology & Obstetrics,0.140625,0.140625,0.55859375,0.16015625,False,D,0.07024884223937988,medmcqa_1,"['PBMD', 'STAT', 'STAT', 'PBMD', 'PBMD']","[467572377853330129, 467572377850702134, 467572377850284673, 467572377854344582, 467572377854005125]","[0.8185533881187439, 0.813021183013916, 0.8128628730773926, 0.8117741346359253, 0.8081624507904053]"
2fad53ed-ad7b-4194-8316-7fd39b1089a4,Gynaecology & Obstetrics,0.0458984375,0.055419921875,0.8671875,0.031494140625,True,C,0.09824299812316895,medmcqa_1,"['TEXT', 'PBMD', 'PBMD', 'PBMD', 'PBMD']","[467523489549970295, 467572377854409739, 467572377852636273, 467572377854484852, 467572377854354904]","[0.7974029183387756, 0.7695558667182922, 0.7669393420219421, 0.7649543881416321, 0.764692485332489]"
6004baf5-e4da-4d48-915d-e1bd251c936e,Gynaecology & Obstetrics,0.0517578125,0.91796875,0.0179443359375,0.0130615234375,False,A,0.06942248344421387,medmcqa_1,"['PBMD', 'STAT', 'PBMD', 'PBMD', 'TEXT']","[467572377855492561, 467572377850380848, 467572377855947479, 467572377852917757, 467523489549965434]","[0.7666088342666626, 0.7376139760017395, 0.7249322533607483, 0.7221406698226929, 0.7177788615226746]"
5682860b-5ef4-4c1d-88b4-eb81546548ba,Gynaecology & Obstetrics,0.047607421875,0.310546875,0.2421875,0.3984375,False,A,0.08547472953796387,medmcqa_1,"['PBMD', 'PBMD', 'PBMD', 'PBMD', 'TEXT']","[467572377854569938, 467572377850857181, 467572377854787870, 467572377855282836, 467523489549977502]","[0.8219650387763977, 0.8197819590568542, 0.8156403303146362, 0.8147859573364258, 0.8136070966720581]"
e5e1f694-5bce-4ea7-8d47-b629076533e1,Gynaecology & Obstetrics,0.037841796875,0.1240234375,0.71484375,0.1240234375,True,C,0.1081688404083252,medmcqa_1,"['PBMD', 'PBMD', 'PBMD', 'PBMD', 'PBMD']","[467572377853812822, 467572377853381770, 467572377856590496, 467572377855484109, 467572377853675861]","[0.8017823696136475, 0.8013594150543213, 0.7883530259132385, 0.781957745552063, 0.7794983386993408]"
c839b148-d464-4420-9f5d-d66be78d0fd5,Gynaecology & Obstetrics,0.00885009765625,0.0113525390625,0.017578125,0.9609375,False,C,0.0843343734741211,medmcqa_1,"['PBMD', 'PBMD', 'PBMD', 'PBMD', 'PBMD']","[467572377853148612, 467572377853526132, 467572377855712844, 467572377856584763, 467572377856407807]","[0.7568504214286804, 0.7566457390785217, 0.7550164461135864, 0.754770040512085, 0.7524641752243042]"
6e74627b-cb5d-44f2-8200-d62bfa69ec85,Gynaecology & Obstetrics,0.1640625,0.1640625,0.1640625,0.5078125,False,C,0.07219386100769043,medmcqa_1,"['PBMD', 'PBMD', 'PBMD', 'PBMD', 'PBMD']","[467572377852852756, 467572377855086869, 467572377852300320, 467572377852436603, 467572377855826257]","[0.8120752573013306, 0.796309769153595, 0.7924759387969971, 0.7895646691322327, 0.7882720232009888]"
ade05b67-b4f5-433b-8433-d74e009763cd,Gynaecology & Obstetrics,0.05859375,0.9140625,0.006561279296875,0.020263671875,False,A,0.10395503044128418,medmcqa_1,"['TEXT', 'PBMD', 'PBMD', 'PBMD', 'PBMD']","[467523489549967274, 467572377852755322, 467572377856791462, 467572377853552250, 467572377854371853]","[0.7944812178611755, 0.7881125211715698, 0.7834212779998779, 0.783401608467102, 0.7820776104927063]"
641830d8-81c8-4a90-abaf-1d0fc4de838d,Gynaecology & Obstetrics,0.376953125,0.07421875,0.0654296875,0.484375,True,D,0.11505317687988281,medmcqa_1,"['PBMD', 'PBMD', 'PBMD', 'PBMD', 'PBMD']","[467572377855452286, 467572377855593549, 467572377853381190, 467572377856742255, 467572377853105775]","[0.8128514885902405, 0.8099980354309082, 0.808851957321167, 0.8050670623779297, 0.8050650358200073]"
24ee7b54-bd3e-4152-9a09-3fe73f3cfcfe,Gynaecology & Obstetrics,0.011474609375,0.005401611328125,0.01385498046875,0.96875,False,A,0.07232928276062012,medmcqa_1,"['PBMD', 'STAT', 'PBMD', 'PBMD', 'STAT']","[467572377856470913, 467572377850716056, 467572377855354375, 467572377856493128, 467572377850351655]","[0.7880622744560242, 0.7790786027908325, 0.7723386883735657, 0.7661395072937012, 0.764654815196991]"
adfb47b8-d96c-4e96-8ada-389755a65d4e,Gynaecology & Obstetrics,0.314453125,0.51953125,0.11572265625,0.05126953125,False,D,0.08722805976867676,medmcqa_1,"['STAT', 'STAT', 'PBMD', 'TEXT', 'PBMD']","[467572377850661038, 467572377850726728, 467572377855925308, 467523489549968191, 467572377853424699]","[0.790189266204834, 0.7901882529258728, 0.7845662832260132, 0.7803674936294556, 0.7776159048080444]"
89e0b62e-fa1d-4964-8870-d57cb8b871f4,Gynaecology & Obstetrics,0.271484375,0.2392578125,0.04150390625,0.447265625,False,B,0.0838158130645752,medmcqa_1,"['PBMD', 'PBMD', 'PBMD', 'PBMD', 'PBMD']","[467572377852034530, 467572377854702359, 467572377855010759, 467572377852067128, 467572377855154362]","[0.7908815741539001, 0.7871712446212769, 0.7842233180999756, 0.7819483280181885, 0.7793269157409668]"
77997eca-fce9-4840-916d-b373c61c411d,Gynaecology & Obstetrics,0.349609375,0.30859375,0.1650390625,0.17578125,False,C,0.11585211753845215,medmcqa_1,"['PBMD', 'TEXT', 'PBMD', 'PBMD', 'PBMD']","[467572377855366285, 467523489549966550, 467572377855367870, 467572377856084336, 467572377855195426]","[0.8010779619216919, 0.7906942367553711, 0.788809061050415, 0.774297833442688, 0.7739275693893433]"
6a0892ca-db19-4c27-9057-2bf9171e9469,Gynaecology & Obstetrics,0.01300048828125,0.96875,0.0021209716796875,0.01470947265625,True,B,0.07338714599609375,medmcqa_1,"['PBMD', 'STAT', 'STAT', 'TEXT', 'STAT']","[467572377856800716, 467572377850626845, 467572377850339466, 467523489549965066, 467572377850637645]","[0.8006321787834167, 0.7916693091392517, 0.7836503386497498, 0.7835877537727356, 0.7763209342956543]"
3e736802-2e0b-405c-b429-eac535efb755,Gynaecology & Obstetrics,0.21484375,0.21484375,0.40234375,0.16796875,False,D,0.09091544151306152,medmcqa_1,"['PBMD', 'PBMD', 'PBMD', 'PBMD', 'PBMD']","[467572377855575961, 467572377855655777, 467572377854763695, 467572377853536650, 467572377852372272]","[0.777956485748291, 0.7751529216766357, 0.7678810358047485, 0.7661615014076233, 0.76059490442276]"
b7b14d8f-2501-431e-afcd-e8b43dfb39f1,Gynaecology & Obstetrics,0.6796875,0.25,0.0218505859375,0.04638671875,True,A,0.09299755096435547,medmcqa_1,"['PBMD', 'PBMD', 'PBMD', 'PBMD', 'PBMD']","[467572377855340630, 467572377856607338, 467572377856968999, 467572377855296118, 467572377852470990]","[0.7718965411186218, 0.7650453448295593, 0.7641319036483765, 0.7638846039772034, 0.7632479071617126]"
c18807a9-ccf8-40f5-8b11-9e2c8b789c3e,Gynaecology & Obstetrics,0.2412109375,0.2734375,0.212890625,0.2734375,True,B,0.0979459285736084,medmcqa_1,"['PBMD', 'PBMD', 'PBMD', 'PBMD', 'PBMD']","[467572377855999944, 467572377850799321, 467572377852750353, 467572377854792529, 467572377855421306]","[0.7510547637939453, 0.7445425987243652, 0.7412604689598083, 0.7401976585388184, 0.7346189618110657]"
9ccd0247-2723-4707-b569-ca0402842cd9,Gynaecology & Obstetrics,0.3671875,0.28515625,0.173828125,0.173828125,False,B,0.11350655555725098,medmcqa_1,"['PBMD', 'PBMD', 'TEXT', 'PBMD', 'PBMD']","[467572377855817685, 467572377854563184, 467523489549966313, 467572377855171112, 467572377852655861]","[0.7405494451522827, 0.7390292882919312, 0.7375766038894653, 0.7354578375816345, 0.7346858978271484]"
aa32b0f3-dd63-455c-8de0-9fd429edfd20,Gynaecology & Obstetrics,0.55859375,0.07568359375,0.33984375,0.026123046875,True,A,0.07284688949584961,medmcqa_1,"['PBMD', 'PBMD', 'PBMD', 'TEXT', 'PBMD']","[467572377854802439, 467572377852156873, 467572377854171312, 467523489549693672, 467572377852175789]","[0.8008903861045837, 0.7999752163887024, 0.7928200960159302, 0.790708065032959, 0.7906998991966248]"
41b7f0c0-744e-41fd-ae2b-13fc6a741347,Gynaecology & Obstetrics,0.435546875,0.12451171875,0.298828125,0.1416015625,True,A,0.07056808471679688,medmcqa_1,"['PBMD', 'STAT', 'TEXT', 'STAT', 'PBMD']","[467572377850999617, 467572377850407053, 467523489549965361, 467572377850384035, 467572377850796314]","[0.7338477373123169, 0.7278136014938354, 0.7238170504570007, 0.7236313223838806, 0.722650945186615]"
6b76c9ea-e2bf-48c6-8d3b-053f0f101ecb,Radiology,0.041259765625,0.0111083984375,0.00762939453125,0.94140625,True,D,0.06892728805541992,medmcqa_1,"['PBMD', 'PBMD', 'PBMD', 'PBMD', 'PBMD']","[467572377855697828, 467572377855729919, 467572377855729918, 467572377856837215, 467572377853914121]","[0.7750526666641235, 0.7729572057723999, 0.770770788192749, 0.7659452557563782, 0.7634934186935425]"
74a4b01c-7f65-4cdf-a9c8-5b0d6989171e,Radiology,0.79296875,0.0947265625,0.0306396484375,0.08349609375,True,A,0.10154414176940918,medmcqa_1,"['PBMD', 'PBMD', 'PBMD', 'PBMD', 'PBMD']","[467572377853136046, 467572377854558051, 467572377854104931, 467572377850976139, 467572377852876493]","[0.7626107931137085, 0.7572544813156128, 0.7531624436378479, 0.7494457364082336, 0.7493283748626709]"
e750cd52-447e-4ae7-9948-156375e177bb,Radiology,0.953125,0.00469970703125,0.0034332275390625,0.039306640625,True,A,0.10561180114746094,medmcqa_1,"['PBMD', 'PBMD', 'PBMD', 'PBMD', 'PBMD']","[467572377854725949, 467572377855234975, 467572377856353376, 467572377854080584, 467572377852806784]","[0.7775110602378845, 0.7728792428970337, 0.7712538242340088, 0.770780086517334, 0.7663791179656982]"
9a21d76c-9104-4bd2-be55-a37c3b71c0f5,Radiology,0.8125,0.16015625,0.0203857421875,0.006622314453125,True,A,0.10540246963500977,medmcqa_1,"['PBMD', 'PBMD', 'PBMD', 'PBMD', 'PBMD']","[467572377852421372, 467572377853139164, 467572377855757917, 467572377855540821, 467572377854272600]","[0.7764906287193298, 0.7610771656036377, 0.7599056959152222, 0.759113609790802, 0.757198691368103]"
63c52b21-f814-4a6d-ac11-a719fffebfd3,Radiology,0.115234375,0.16796875,0.6640625,0.054443359375,False,B,0.09383940696716309,medmcqa_1,"['PBMD', 'PBMD', 'PBMD', 'PBMD', 'PBMD']","[467572377852799749, 467572377854083818, 467572377855078623, 467572377854987671, 467572377854333581]","[0.7564898133277893, 0.755642294883728, 0.7519115805625916, 0.7464480400085449, 0.7459508776664734]"
c03c5c4d-5433-4515-a343-12c7f0ea1e07,Radiology,0.0115966796875,0.005828857421875,0.0010833740234375,0.98046875,True,D,0.09674263000488281,medmcqa_1,"['PBMD', 'STAT', 'PBMD', 'PBMD', 'PBMD']","[467572377855804659, 467572377850761606, 467572377854823427, 467572377852439354, 467572377852231890]","[0.7574960589408875, 0.7401314973831177, 0.7389075756072998, 0.7370302081108093, 0.7348056435585022]"
27172e24-cd06-4dc8-b00b-0a378fcc9a36,Radiology,0.126953125,0.0361328125,0.82421875,0.01251220703125,True,C,0.06575298309326172,medmcqa_1,"['PBMD', 'PBMD', 'STAT', 'PBMD', 'PBMD']","[467572377852860448, 467572377853826901, 467572377850387629, 467572377852166744, 467572377854420451]","[0.7527401447296143, 0.7424232959747314, 0.739195704460144, 0.7391123175621033, 0.7383599281311035]"
dd0e6433-1998-4d01-bd39-8c64bfa0dd4f,Radiology,0.208984375,0.44140625,0.22265625,0.126953125,False,A,0.054476022720336914,medmcqa_1,"['PBMD', 'PBMD', 'PBMD', 'PBMD', 'PBMD']","[467572377855612796, 467572377855279905, 467572377852389103, 467572377852673362, 467572377850963113]","[0.7694814205169678, 0.7685036659240723, 0.767854630947113, 0.7544931769371033, 0.7513763904571533]"
9078aaca-bbfd-41cd-ad69-03057fca84ba,Radiology,0.1376953125,0.79296875,0.044921875,0.0225830078125,False,A,0.09152364730834961,medmcqa_1,"['STAT', 'PBMD', 'STAT', 'PBMD', 'PBMD']","[467572377850402412, 467572377855739643, 467572377850356011, 467572377856563146, 467572377855435840]","[0.7770216464996338, 0.7638603448867798, 0.7614500522613525, 0.7609973549842834, 0.7576237916946411]"
dbd24ee5-8032-4316-9330-fe831f819c40,Radiology,0.421875,0.1552734375,0.373046875,0.05029296875,True,A,0.07666897773742676,medmcqa_1,"['PBMD', 'STAT', 'PBMD', 'PBMD', 'PBMD']","[467572377855697828, 467572377850388062, 467572377855921831, 467572377854201618, 467572377856376627]","[0.7897561192512512, 0.7825208306312561, 0.7816002368927002, 0.7795408368110657, 0.7773900628089905]"
dde225f7-adf4-41e8-afe5-f12ab7801578,Radiology,0.036376953125,0.004608154296875,0.9375,0.0234375,True,C,0.07140469551086426,medmcqa_1,"['STAT', 'PBMD', 'PBMD', 'PBMD', 'PBMD']","[467572377850650247, 467572377852699513, 467572377852947172, 467572377852809987, 467572377853077203]","[0.8048790693283081, 0.7787812352180481, 0.7720929980278015, 0.7696134448051453, 0.7692953944206238]"
ef35d544-203c-4f85-bfe7-a04f8bae3e96,Radiology,0.030517578125,0.01055908203125,0.94921875,0.007720947265625,True,C,0.05733180046081543,medmcqa_1,"['PBMD', 'TEXT', 'PBMD', 'STAT', 'PBMD']","[467572377853681181, 467523489549708263, 467572377855237239, 467572377850333501, 467572377852857917]","[0.7839608788490295, 0.7668132185935974, 0.7622871398925781, 0.7603905200958252, 0.7521961331367493]"
9e52adfd-3abb-43d2-9fd8-718351feed62,Radiology,0.12158203125,0.1376953125,0.6171875,0.12158203125,True,C,0.06941413879394531,medmcqa_1,"['PBMD', 'PBMD', 'PBMD', 'STAT', 'PBMD']","[467572377850970245, 467572377853812826, 467572377854541060, 467572377850296866, 467572377853878163]","[0.7439213395118713, 0.7280785441398621, 0.7223103046417236, 0.7223005890846252, 0.7222480773925781]"
a456bf4d-1f3e-42a4-8976-b1b81ff466ee,Radiology,0.3125,0.275390625,0.2431640625,0.1669921875,False,C,0.08523297309875488,medmcqa_1,"['PBMD', 'PBMD', 'PBMD', 'PBMD', 'PBMD']","[467572377855453354, 467572377853378383, 467572377855272177, 467572377855683117, 467572377852348271]","[0.7641897201538086, 0.7621512413024902, 0.7603170275688171, 0.7542279958724976, 0.753031313419342]"
679512f7-f5af-4b3a-b7a1-851938dec9c5,Radiology,0.052490234375,0.012451171875,0.004302978515625,0.9296875,True,D,0.10145139694213867,medmcqa_1,"['PBMD', 'PBMD', 'PBMD', 'PBMD', 'PBMD']","[467572377850804104, 467572377850848655, 467572377855846029, 467572377854863532, 467572377855760875]","[0.7776409983634949, 0.7538354396820068, 0.7504322528839111, 0.7483974099159241, 0.7480629682540894]"
5c97e587-2436-40b2-9f70-6f08a903d543,Radiology,0.0123291015625,0.004852294921875,0.98046875,0.00130462646484375,False,D,0.06840729713439941,medmcqa_1,"['PBMD', 'PBMD', 'PBMD', 'PBMD', 'PBMD']","[467572377852528062, 467572377850927041, 467572377854825946, 467572377852251063, 467572377855145100]","[0.7930883169174194, 0.7796340584754944, 0.7783020734786987, 0.7768738865852356, 0.7762678861618042]"
94f81251-43c1-4ba0-a67c-4f6412742774,Radiology,0.8828125,0.1123046875,0.0031890869140625,0.00170135498046875,True,A,0.05794954299926758,medmcqa_1,"['STAT', 'STAT', 'STAT', 'STAT', 'PBMD']","[467572377850773644, 467572377850773645, 467572377850773646, 467572377850716090, 467572377854661534]","[0.7486310601234436, 0.7407760620117188, 0.7332137823104858, 0.7295901775360107, 0.7127322554588318]"
fad11cf2-c2ab-487b-b8bf-ad6d3b2b1713,Radiology,0.072265625,0.0439453125,0.10546875,0.77734375,True,D,0.07217621803283691,medmcqa_1,"['PBMD', 'STAT', 'PBMD', 'STAT', 'PBMD']","[467572377852252995, 467572377850413250, 467572377853378383, 467572377850315359, 467572377853916725]","[0.7914361953735352, 0.782840371131897, 0.7688937187194824, 0.7684897184371948, 0.7669689655303955]"
e22b0ef5-df61-4475-b22b-30f2932f90fe,Radiology,0.091796875,0.46484375,0.03173828125,0.41015625,True,B,0.0628049373626709,medmcqa_1,"['PBMD', 'PBMD', 'PBMD', 'PBMD', 'PBMD']","[467572377855846029, 467572377853140053, 467572377855140539, 467572377854816243, 467572377855632882]","[0.7694647908210754, 0.7517071962356567, 0.7466326951980591, 0.7455206513404846, 0.7444374561309814]"
ce05eb3a-dc89-4e3c-bc3d-859a9922e9f0,Radiology,0.029052734375,0.00445556640625,0.9609375,0.004730224609375,True,C,0.10082697868347168,medmcqa_1,"['STAT', 'PBMD', 'PBMD', 'PBMD', 'TEXT']","[467572377850286849, 467572377853124978, 467572377854612174, 467572377856280736, 467523489549975481]","[0.7820194363594055, 0.7369645237922668, 0.7355948090553284, 0.7344287037849426, 0.7341768741607666]"
b22457e3-c620-4a3d-bde1-0aa6e6c185a7,Psychiatry,0.13671875,0.54296875,0.2890625,0.032470703125,False,C,0.06883716583251953,medmcqa_1,"['PBMD', 'PBMD', 'PBMD', 'PBMD', 'TEXT']","[467572377855428167, 467572377854775008, 467572377852606045, 467572377854997571, 467523489549690028]","[0.7379087805747986, 0.7100308537483215, 0.7097318172454834, 0.7069008946418762, 0.7066614031791687]"
1338302d-2d9f-4d48-ac86-48f3c680594c,Psychiatry,0.125,0.30078125,0.5625,0.01239013671875,True,C,0.08543848991394043,medmcqa_1,"['PBMD', 'PBMD', 'PBMD', 'PBMD', 'PBMD']","[467572377855350966, 467572377855428167, 467572377852575015, 467572377854283310, 467572377854575611]","[0.743200421333313, 0.7368609309196472, 0.7246037125587463, 0.7179169058799744, 0.7145754098892212]"
36eda6ec-6654-41ba-937b-60a3052e6c49,Psychiatry,0.13671875,0.05029296875,0.69140625,0.12060546875,False,D,0.08120393753051758,medmcqa_1,"['PBMD', 'TEXT', 'PBMD', 'PBMD', 'TEXT']","[467572377853449260, 467523489549961471, 467572377852196072, 467572377855188334, 467523489549961470]","[0.7586042881011963, 0.7452192902565002, 0.7451234459877014, 0.7446459531784058, 0.7410039901733398]"
c757d1c6-e17b-4b88-baa3-38720c1dd5eb,Psychiatry,0.076171875,0.36328125,0.53125,0.0299072265625,False,B,0.08603906631469727,medmcqa_1,"['PBMD', 'STAT', 'PBMD', 'PBMD', 'PBMD']","[467572377855516648, 467572377850338655, 467572377853690595, 467572377853770453, 467572377853977418]","[0.735704779624939, 0.7317047119140625, 0.7255145311355591, 0.7253000140190125, 0.7250475883483887]"
97648c60-2ed9-4c8e-9142-48806639731a,Psychiatry,0.26171875,0.7109375,0.0228271484375,0.00738525390625,True,B,0.06275367736816406,medmcqa_1,"['STAT', 'PBMD', 'PBMD', 'PBMD', 'PBMD']","[467572377850307284, 467572377854884675, 467572377852923878, 467572377855397301, 467572377852037550]","[0.7702925801277161, 0.764682412147522, 0.7630893588066101, 0.7591584920883179, 0.7542653679847717]"
2d98e8a0-829a-47ef-87e1-c6bbd54473a1,Psychiatry,0.032470703125,0.44921875,0.0098876953125,0.5078125,True,D,0.08147501945495605,medmcqa_1,"['STAT', 'STAT', 'TEXT', 'STAT', 'PBMD']","[467572377850727589, 467572377850727595, 467523489549948202, 467572377850727573, 467572377856174458]","[0.7845984697341919, 0.7457073926925659, 0.7412312030792236, 0.7371497750282288, 0.7354291677474976]"
8729556c-a513-42d6-abc1-ed7f6c9ca397,Psychiatry,0.1171875,0.318359375,0.0380859375,0.52734375,False,A,0.10390186309814453,medmcqa_1,"['PBMD', 'PBMD', 'PBMD', 'PBMD', 'PBMD']","[467572377852937060, 467572377850804208, 467572377856138971, 467572377855176561, 467572377852826059]","[0.7431422472000122, 0.7404866218566895, 0.7334700226783752, 0.7310892343521118, 0.7300893068313599]"
85d37c8a-2bcc-48d9-bc5c-b63495f25ab3,Psychiatry,0.93359375,0.008056640625,0.05615234375,0.00131988525390625,True,A,0.09240865707397461,medmcqa_1,"['PBMD', 'TEXT', 'STAT', 'STAT', 'PBMD']","[467572377852844502, 467523489549952570, 467572377850278014, 467572377850317154, 467572377853780203]","[0.7765558958053589, 0.7724416851997375, 0.7705110311508179, 0.7627707719802856, 0.7595913410186768]"
7c9b4d7b-6290-430f-a097-96d88c65ecd8,Psychiatry,0.99609375,0.004608154296875,0.00102996826171875,0.000202178955078125,True,A,0.07420158386230469,medmcqa_1,"['PBMD', 'PBMD', 'PBMD', 'PBMD', 'PBMD']","[467572377852459081, 467572377852799740, 467572377853779614, 467572377856826216, 467572377852917869]","[0.7135438919067383, 0.7119099497795105, 0.7090256810188293, 0.7030353546142578, 0.7020365595817566]"
5a2f9e25-3acb-4830-9f18-009480595be1,Psychiatry,0.0208740234375,0.0732421875,0.0162353515625,0.890625,True,D,0.08622574806213379,medmcqa_1,"['TEXT', 'PBMD', 'PBMD', 'PBMD', 'PBMD']","[467523489549948202, 467572377856174458, 467572377854985303, 467572377855326434, 467572377854006712]","[0.7500899434089661, 0.7364639043807983, 0.7320737838745117, 0.7307760119438171, 0.7286182045936584]"
937dd47d-2d03-4bb7-a36d-d82a58f565d5,Psychiatry,0.07421875,0.62109375,0.0120849609375,0.29296875,True,B,0.11531352996826172,medmcqa_1,"['PBMD', 'PBMD', 'PBMD', 'PBMD', 'PBMD']","[467572377855753611, 467572377855841270, 467572377852113239, 467572377856030771, 467572377852156777]","[0.8111007809638977, 0.8047825694084167, 0.7955213785171509, 0.7951380014419556, 0.7922264933586121]"
f361defb-1a36-496f-b195-9dcb6bb31ea5,Psychiatry,0.9453125,0.0184326171875,0.022216796875,0.01434326171875,True,A,0.06558084487915039,medmcqa_1,"['PBMD', 'STAT', 'PBMD', 'PBMD', 'PBMD']","[467572377856355168, 467572377850334287, 467572377856438341, 467572377852856921, 467572377852793314]","[0.7948209047317505, 0.7893410325050354, 0.7855408191680908, 0.7854993343353271, 0.7792888879776001]"
af75fc76-911b-48da-9ca0-75a8c912c18b,Psychiatry,0.0006256103515625,1.0,0.000804901123046875,0.00016880035400390625,True,B,0.09657716751098633,medmcqa_1,"['PBMD', 'PBMD', 'PBMD', 'PBMD', 'PBMD']","[467572377855428167, 467572377855350966, 467572377856261353, 467572377854150624, 467572377854001629]","[0.7236499190330505, 0.7040479183197021, 0.6901336908340454, 0.688385009765625, 0.6877655982971191]"
f19f48e2-8706-4f8b-bca5-66c3000f7b27,Psychiatry,0.8671875,0.06689453125,0.0380859375,0.0296630859375,False,D,0.09448003768920898,medmcqa_1,"['PBMD', 'PBMD', 'PBMD', 'PBMD', 'PBMD']","[467572377856259561, 467572377853090476, 467572377854643088, 467572377854909052, 467572377855350966]","[0.7407104969024658, 0.7394617795944214, 0.7352983355522156, 0.7348970770835876, 0.732547402381897]"
e99aa66e-4f63-4a4a-afc7-49c96eb9540c,Psychiatry,0.02392578125,0.66015625,0.310546875,0.0064697265625,True,B,0.05613851547241211,medmcqa_1,"['PBMD', 'PBMD', 'PBMD', 'STAT', 'PBMD']","[467572377854989737, 467572377854095786, 467572377854778519, 467572377850787265, 467572377854976472]","[0.7891238927841187, 0.7822242975234985, 0.7671841979026794, 0.7631150484085083, 0.7616823315620422]"
bdc34663-b39a-47bb-b034-7f804e437c09,Psychiatry,0.984375,0.0042724609375,0.007049560546875,0.004852294921875,True,A,0.09972143173217773,medmcqa_1,"['PBMD', 'PBMD', 'PBMD', 'PBMD', 'PBMD']","[467572377852228226, 467572377855422234, 467572377852795993, 467572377854372325, 467572377854229667]","[0.7737928628921509, 0.7708357572555542, 0.7690801024436951, 0.7685873508453369, 0.7679031491279602]"
5ccc26af-b2fb-4d7e-b117-e622359b75a2,Orthopaedics,0.0301513671875,0.0250244140625,0.9375,0.005950927734375,True,C,0.06816887855529785,medmcqa_1,"['STAT', 'STAT', 'STAT', 'PBMD', 'PBMD']","[467572377850641463, 467572377850700810, 467572377850766188, 467572377856104202, 467572377856295326]","[0.7880301475524902, 0.7857544422149658, 0.7754825949668884, 0.7699277400970459, 0.763507604598999]"
6ca26608-cafb-46c8-80a1-39bc0e70d5ff,Orthopaedics,0.1416015625,0.4921875,0.1328125,0.2333984375,False,D,0.067840576171875,medmcqa_1,"['PBMD', 'PBMD', 'PBMD', 'PBMD', 'PBMD']","[467572377856306823, 467572377856380347, 467572377854884400, 467572377856061439, 467572377852855359]","[0.7663332223892212, 0.7608113288879395, 0.7523255944252014, 0.7520350813865662, 0.7518844604492188]"
7983c1d8-d7ec-4426-82d8-c0bdc1568aa9,Orthopaedics,0.33984375,0.193359375,0.4375,0.0296630859375,False,A,0.0690145492553711,medmcqa_1,"['PBMD', 'PBMD', 'TEXT', 'PBMD', 'PBMD']","[467572377852078144, 467572377854088654, 467523489550009175, 467572377853451065, 467572377855077961]","[0.8058948516845703, 0.8006976246833801, 0.794769287109375, 0.7910757064819336, 0.7903857231140137]"
dac67e00-7708-4533-a6da-38c259fe8403,Orthopaedics,0.302734375,0.033935546875,0.0233154296875,0.640625,True,D,0.06803560256958008,medmcqa_1,"['TEXT', 'PBMD', 'PBMD', 'PBMD', 'PBMD']","[467523489550009259, 467572377853286587, 467572377854211805, 467572377854539362, 467572377852790146]","[0.7325661182403564, 0.7300955057144165, 0.7286617159843445, 0.7257195115089417, 0.7237802743911743]"
3d3d18de-8e78-4d58-90f4-2c9257c76a5e,Orthopaedics,0.96875,0.0242919921875,0.004486083984375,0.000690460205078125,True,A,0.06250619888305664,medmcqa_1,"['PBMD', 'STAT', 'STAT', 'PBMD', 'PBMD']","[467572377852947906, 467572377850665261, 467572377850724909, 467572377855552850, 467572377855634247]","[0.7440935969352722, 0.7435275912284851, 0.7431961894035339, 0.742114245891571, 0.7387420535087585]"
7b9b3255-7a24-4c61-bc2f-cadcb051e294,Orthopaedics,0.20703125,0.0673828125,0.640625,0.08642578125,True,C,0.0703437328338623,medmcqa_1,"['STAT', 'STAT', 'STAT', 'STAT', 'STAT']","[467572377850713122, 467572377850407961, 467572377850407959, 467572377850713121, 467572377850345559]","[0.7999675273895264, 0.7916584014892578, 0.7877481579780579, 0.7861957550048828, 0.7858861684799194]"
f822dfed-f142-4583-b7c2-779cf63ccad6,Orthopaedics,0.0096435546875,0.0096435546875,0.98046875,0.00014591217041015625,True,C,0.06805086135864258,medmcqa_1,"['STAT', 'PBMD', 'PBMD', 'PBMD', 'PBMD']","[467572377850291821, 467572377853852186, 467572377855555694, 467572377854236181, 467572377855757144]","[0.7257709503173828, 0.7240633368492126, 0.7213348746299744, 0.7212623953819275, 0.7208979725837708]"
7879facb-4a0b-424e-9997-25aae47a52aa,Orthopaedics,0.07421875,0.703125,0.1474609375,0.07421875,True,B,0.08728194236755371,medmcqa_1,"['PBMD', 'PBMD', 'PBMD', 'TEXT', 'PBMD']","[467572377853358888, 467572377852219960, 467572377854156801, 467523489549999783, 467572377854026810]","[0.7053412199020386, 0.6983458399772644, 0.6941432356834412, 0.689781904220581, 0.6884182691574097]"
31cb149e-7c0f-489f-b2c6-10985226e2ff,Orthopaedics,0.421875,0.421875,0.12109375,0.03466796875,False,B,0.08666443824768066,medmcqa_1,"['PBMD', 'PBMD', 'PBMD', 'PBMD', 'PBMD']","[467572377853295952, 467572377855014700, 467572377856491437, 467572377856739339, 467572377854876528]","[0.7664551138877869, 0.7581177949905396, 0.7569530010223389, 0.7569266557693481, 0.7568237781524658]"
f3fac8a7-d3e8-4d02-b4eb-4ac18da8e7c0,Orthopaedics,0.031005859375,0.96484375,0.00347900390625,0.001983642578125,False,A,0.07857513427734375,medmcqa_1,"['PBMD', 'PBMD', 'PBMD', 'PBMD', 'PBMD']","[467572377856829475, 467572377855831280, 467572377853886704, 467572377853891602, 467572377856624535]","[0.7157242894172668, 0.7041308879852295, 0.7025454640388489, 0.7009798884391785, 0.7003142237663269]"
d75dc767-c74f-4b3d-a2bd-f5e6c082e497,Orthopaedics,0.08154296875,0.0281982421875,0.875,0.0133056640625,True,C,0.06049919128417969,medmcqa_1,"['STAT', 'STAT', 'STAT', 'STAT', 'STAT']","[467572377850282694, 467572377850282704, 467572377850655639, 467572377850724920, 467572377850387470]","[0.7953574657440186, 0.7727108001708984, 0.7695987820625305, 0.7676708698272705, 0.7629865407943726]"
5c621759-a7f6-4cb9-851b-11da1704d76e,Orthopaedics,0.05029296875,0.10009765625,0.064453125,0.78515625,True,D,0.05395865440368652,medmcqa_1,"['PBMD', 'STAT', 'PBMD', 'PBMD', 'PBMD']","[467572377852334769, 467572377850724909, 467572377853888834, 467572377854304101, 467572377853536382]","[0.8233182430267334, 0.7994202375411987, 0.7980293035507202, 0.7974562048912048, 0.797339677810669]"
c6f6754f-21ac-49d0-b8cd-8bf25049d813,Orthopaedics,0.1064453125,0.0830078125,0.61328125,0.1982421875,False,B,0.09804987907409668,medmcqa_1,"['PBMD', 'PBMD', 'TEXT', 'PBMD', 'PBMD']","[467572377855813216, 467572377854647416, 467523489549925381, 467572377852055300, 467572377856895552]","[0.7602847814559937, 0.7567614316940308, 0.7541258931159973, 0.753546953201294, 0.7535061836242676]"
dccadcab-84e0-4aec-b33a-7509f61f07fe,Orthopaedics,0.01483154296875,0.0045166015625,0.005462646484375,0.9765625,True,D,0.06332612037658691,medmcqa_1,"['STAT', 'STAT', 'STAT', 'PBMD', 'PBMD']","[467572377850243772, 467572377850380560, 467572377850677883, 467572377852614713, 467572377854080537]","[0.8088123798370361, 0.8012674450874329, 0.7895860075950623, 0.7877227663993835, 0.7841049432754517]"
baacab5b-7e28-4b0d-b78e-73253e5c7dde,Orthopaedics,0.0301513671875,0.072265625,0.8828125,0.01519775390625,True,C,0.08776211738586426,medmcqa_1,"['PBMD', 'PBMD', 'PBMD', 'PBMD', 'PBMD']","[467572377854060282, 467572377856091185, 467572377856634935, 467572377853451861, 467572377854730899]","[0.8020492792129517, 0.7947189211845398, 0.792190432548523, 0.7835466265678406, 0.7831714749336243]"
c8313319-bed0-4c8b-8fa4-83f40e3c8af0,Orthopaedics,0.0859375,0.06689453125,0.8125,0.03369140625,False,A,0.07774806022644043,medmcqa_1,"['PBMD', 'PBMD', 'PBMD', 'PBMD', 'PBMD']","[467572377854588786, 467572377853394565, 467572377853875695, 467572377855670913, 467572377856377746]","[0.7221671342849731, 0.7157076597213745, 0.715061366558075, 0.7150200009346008, 0.7132830023765564]"
ccca9015-2ce5-40cf-bed4-187f9428d984,Orthopaedics,0.0673828125,0.0264892578125,0.030029296875,0.875,False,C,0.09707140922546387,medmcqa_1,"['PBMD', 'PBMD', 'PBMD', 'PBMD', 'PBMD']","[467572377855587286, 467572377852911164, 467572377854539301, 467572377852066101, 467572377856234242]","[0.77195143699646, 0.7719137668609619, 0.7696473002433777, 0.7692533135414124, 0.7672824263572693]"
44cc205e-7682-4501-aed2-4896371856c2,Orthopaedics,0.015869140625,0.984375,0.00101470947265625,8.344650268554688e-05,True,B,0.07953262329101562,medmcqa_1,"['STAT', 'PBMD', 'PBMD', 'STAT', 'STAT']","[467572377850415841, 467572377854261381, 467572377852314130, 467572377850732010, 467572377850744351]","[0.7819510698318481, 0.7805460095405579, 0.7764638662338257, 0.7756692171096802, 0.7673176527023315]"
b6b91d49-7a30-4a9a-91e6-b2f20341470c,Orthopaedics,0.984375,0.0140380859375,0.00244140625,0.000423431396484375,True,A,0.10102558135986328,medmcqa_1,"['PBMD', 'PBMD', 'PBMD', 'PBMD', 'PBMD']","[467572377853586679, 467572377854783504, 467572377853872575, 467572377856393216, 467572377855443096]","[0.7332394123077393, 0.7327786684036255, 0.7271021008491516, 0.7268277406692505, 0.7260165214538574]"
cef58dc3-f340-4f76-909d-8f9fb4866e29,Orthopaedics,0.014892578125,0.984375,0.00130462646484375,0.00101470947265625,True,B,0.08315324783325195,medmcqa_1,"['PBMD', 'PBMD', 'STAT', 'PBMD', 'PBMD']","[467572377854729201, 467572377855606113, 467572377850304325, 467572377853788142, 467572377856020043]","[0.8439348936080933, 0.8296018838882446, 0.8174445629119873, 0.8171907663345337, 0.8170760273933411]"
1482f619-ffc5-4773-b48e-995421bcab06,ENT,0.244140625,0.130859375,0.515625,0.1083984375,False,A,0.10769844055175781,medmcqa_1,"['PBMD', 'PBMD', 'PBMD', 'PBMD', 'PBMD']","[467572377854716806, 467572377854592349, 467572377852738909, 467572377854714033, 467572377854007988]","[0.7969821691513062, 0.7937188148498535, 0.7890099287033081, 0.7822799682617188, 0.781913161277771]"
fd03f7de-6c4a-4244-97c6-12829919c1ed,ENT,0.0255126953125,0.95703125,0.007781982421875,0.010009765625,True,B,0.045830726623535156,medmcqa_1,"['STAT', 'STAT', 'STAT', 'STAT', 'STAT']","[467572377850758619, 467572377850758617, 467572377850758616, 467572377850758605, 467572377850719779]","[0.8002181649208069, 0.7947632074356079, 0.7879394292831421, 0.787577211856842, 0.7861154675483704]"
a43a0fc3-9d61-45a2-8ebd-f90bb31af019,ENT,0.8125,0.140625,0.037841796875,0.01019287109375,True,A,0.09378743171691895,medmcqa_1,"['PBMD', 'PBMD', 'PBMD', 'PBMD', 'TEXT']","[467572377855499619, 467572377852458615, 467572377853290322, 467572377854468020, 467523489549676263]","[0.7169872522354126, 0.7163081765174866, 0.7139188647270203, 0.713221549987793, 0.7123698592185974]"
b9e53e10-851b-41bd-b2e3-0ddc302ffd99,ENT,0.287109375,0.47265625,0.06787109375,0.173828125,True,B,0.09162354469299316,medmcqa_1,"['PBMD', 'STAT', 'PBMD', 'PBMD', 'STAT']","[467572377855826581, 467572377850351778, 467572377854932539, 467572377855811867, 467572377850718379]","[0.7926561236381531, 0.7776862382888794, 0.7748774886131287, 0.7703403234481812, 0.7701293230056763]"
86e26dc5-2f48-45b1-82df-b14ffbc11fcb,ENT,0.37109375,0.4765625,0.0830078125,0.06884765625,False,A,0.10662364959716797,medmcqa_1,"['PBMD', 'PBMD', 'PBMD', 'PBMD', 'PBMD']","[467572377856201541, 467572377855341306, 467572377856046406, 467572377856038541, 467572377856609512]","[0.7780940532684326, 0.7729098796844482, 0.7642772197723389, 0.762785017490387, 0.760920524597168]"
99f08890-7505-4062-9293-1f135de62e5c,ENT,0.421875,0.328125,0.1552734375,0.09423828125,False,B,0.10823965072631836,medmcqa_1,"['PBMD', 'PBMD', 'PBMD', 'PBMD', 'STAT']","[467572377853789176, 467572377852819722, 467572377853522156, 467572377853303338, 467572377850787756]","[0.7771105766296387, 0.776677131652832, 0.776079535484314, 0.7711284160614014, 0.7692422866821289]"
1a8b0cf7-f674-4339-ba6f-a664cb96178d,ENT,0.169921875,0.06640625,0.59375,0.169921875,False,D,0.10220861434936523,medmcqa_1,"['PBMD', 'PBMD', 'PBMD', 'PBMD', 'PBMD']","[467572377854755432, 467572377852103344, 467572377853444296, 467572377852738909, 467572377855298445]","[0.8345648050308228, 0.8225255012512207, 0.8182677030563354, 0.8177652359008789, 0.8145098090171814]"
d8b1befc-377a-4e40-aef2-3bca58710670,ENT,0.09716796875,0.263671875,0.298828125,0.33984375,False,B,0.0700674057006836,medmcqa_1,"['TEXT', 'TEXT', 'PBMD', 'PBMD', 'TEXT']","[467523489549951384, 467523489549708247, 467572377854958443, 467572377855492843, 467523489549951385]","[0.8184593319892883, 0.8134459257125854, 0.7902844548225403, 0.7798986434936523, 0.7797192335128784]"
514ac65d-87cb-47b7-b8b0-ffc36253753f,ENT,0.73046875,0.2099609375,0.0439453125,0.01519775390625,True,A,0.08397245407104492,medmcqa_1,"['PBMD', 'PBMD', 'TEXT', 'PBMD', 'PBMD']","[467572377852242590, 467572377855806451, 467523489549937556, 467572377856001425, 467572377856409890]","[0.7740530371665955, 0.7598123550415039, 0.7588264346122742, 0.7569209337234497, 0.7552564144134521]"
6beed60d-08f5-4efa-bd22-4a6901e451a2,ENT,0.90234375,0.0078125,0.07421875,0.01373291015625,True,A,0.07094764709472656,medmcqa_1,"['STAT', 'STAT', 'PBMD', 'STAT', 'PBMD']","[467572377850296519, 467572377850331875, 467572377852039649, 467572377850734192, 467572377850860659]","[0.769348680973053, 0.758324921131134, 0.7550733089447021, 0.7535228729248047, 0.7530447244644165]"
afd502ff-b700-4ecf-acec-f849331dd1ed,ENT,0.26171875,0.294921875,0.333984375,0.10888671875,True,C,0.06668734550476074,medmcqa_1,"['STAT', 'PBMD', 'PBMD', 'STAT', 'PBMD']","[467572377850304753, 467572377854059831, 467572377854559909, 467572377850333356, 467572377853468070]","[0.7520173788070679, 0.7325271964073181, 0.7288253903388977, 0.7252082824707031, 0.7235374450683594]"
56a82596-5a2c-461b-b6a4-00019b3e4eaf,ENT,0.0732421875,0.01123046875,0.89453125,0.02099609375,True,C,0.0863182544708252,medmcqa_1,"['PBMD', 'PBMD', 'PBMD', 'PBMD', 'PBMD']","[467572377853449487, 467572377852198911, 467572377854223332, 467572377854665162, 467572377855857098]","[0.8054652214050293, 0.7898392677307129, 0.78955078125, 0.7892360687255859, 0.7851635217666626]"
624cf635-1421-416e-978a-996781f350c0,ENT,0.97265625,0.01904296875,0.006561279296875,0.000835418701171875,True,A,0.0739903450012207,medmcqa_1,"['TEXT', 'TEXT', 'TEXT', 'PBMD', 'PBMD']","[467523489549707367, 467523489549707383, 467523489549926817, 467572377854485843, 467572377856864999]","[0.7690770626068115, 0.765397310256958, 0.751994252204895, 0.7519571781158447, 0.7503498792648315]"
69f1a181-5580-4146-ba87-bbd3980f948c,ENT,0.00543212890625,0.017822265625,0.97265625,0.0045166015625,True,C,0.08723258972167969,medmcqa_1,"['PBMD', 'PBMD', 'PBMD', 'PBMD', 'PBMD']","[467572377852270687, 467572377852448253, 467572377853074611, 467572377856648927, 467572377852533375]","[0.7814368009567261, 0.7798814177513123, 0.7766317129135132, 0.773735523223877, 0.773279070854187]"
6ace03e9-b26c-455d-a158-71cbf9a0854b,ENT,0.02197265625,0.041015625,0.93359375,0.00433349609375,True,C,0.0633077621459961,medmcqa_1,"['PBMD', 'PBMD', 'PBMD', 'PBMD', 'PBMD']","[467572377855425804, 467572377854436194, 467572377853661438, 467572377853323462, 467572377850893133]","[0.7843367457389832, 0.7782927751541138, 0.775107741355896, 0.7743872404098511, 0.7692534923553467]"
7a42db5f-21a1-41f2-a436-17f685bbea63,ENT,0.625,0.333984375,0.0177001953125,0.024169921875,True,A,0.0888376235961914,medmcqa_1,"['STAT', 'PBMD', 'PBMD', 'PBMD', 'STAT']","[467572377850680883, 467572377856708332, 467572377856454183, 467572377853138156, 467572377850632524]","[0.781950056552887, 0.7606943249702454, 0.7506938576698303, 0.7355762124061584, 0.7320439219474792]"
50c890ad-538a-4ca0-9900-4736b795af01,ENT,0.255859375,0.19921875,0.12109375,0.421875,False,B,0.0939481258392334,medmcqa_1,"['PBMD', 'PBMD', 'PBMD', 'PBMD', 'STAT']","[467572377855483707, 467572377854192481, 467572377852034485, 467572377853863362, 467572377850245892]","[0.7756081223487854, 0.7742946743965149, 0.7730219960212708, 0.7603603005409241, 0.7573114633560181]"
b192b045-d178-4bbf-8796-3c26dae548f3,ENT,0.0274658203125,0.96875,0.00128936767578125,0.00128936767578125,True,B,0.06691265106201172,medmcqa_1,"['PBMD', 'PBMD', 'PBMD', 'PBMD', 'STAT']","[467572377855512802, 467572377853782407, 467572377855791249, 467572377852206437, 467572377850683770]","[0.776207447052002, 0.7616259455680847, 0.7515631914138794, 0.7489675879478455, 0.7477349638938904]"
8616b528-3a38-4bc5-b002-2e5133f56496,ENT,0.00262451171875,0.9921875,0.00335693359375,0.0016937255859375,True,B,0.07609915733337402,medmcqa_1,"['PBMD', 'PBMD', 'PBMD', 'PBMD', 'PBMD']","[467572377853048988, 467572377854836695, 467572377852491377, 467572377855189787, 467572377852059025]","[0.7774502635002136, 0.7653488516807556, 0.7638362050056458, 0.7632817029953003, 0.7628194093704224]"
4d1e7661-fffc-42d0-8bed-1e4ecc040fe8,ENT,0.0791015625,0.08984375,0.314453125,0.515625,False,C,0.07356619834899902,medmcqa_1,"['STAT', 'STAT', 'PBMD', 'STAT', 'PBMD']","[467572377850730684, 467572377850321319, 467572377853864475, 467572377850771705, 467572377853888497]","[0.7891906499862671, 0.7862224578857422, 0.7829858660697937, 0.7823214530944824, 0.7809708118438721]"
f6bb3faa-6ccb-4838-a2d9-1ae2f2d63e7d,Skin,0.80859375,0.033203125,0.0849609375,0.0751953125,True,A,0.06714510917663574,medmcqa_1,"['STAT', 'STAT', 'STAT', 'STAT', 'TEXT']","[467572377850728104, 467572377850414790, 467572377850728106, 467572377850728117, 467523489549974221]","[0.8030834794044495, 0.8030011057853699, 0.7976707220077515, 0.7912440896034241, 0.7877191305160522]"
0c970c10-c97d-4025-b24d-e70245231e41,Skin,0.0021514892578125,0.984375,0.009033203125,0.0062255859375,False,C,0.06332826614379883,medmcqa_1,"['STAT', 'STAT', 'PBMD', 'PBMD', 'PBMD']","[467572377850297335, 467572377850621922, 467572377851008716, 467572377854222398, 467572377853543100]","[0.7366212010383606, 0.7346493601799011, 0.7324613332748413, 0.7305357456207275, 0.7288641929626465]"
ce4876e4-6a17-465e-a1c4-6353dad02e85,Skin,0.34375,0.08203125,0.5,0.072265625,True,C,0.11375975608825684,medmcqa_1,"['STAT', 'PBMD', 'PBMD', 'PBMD', 'STAT']","[467572377850249903, 467572377854365076, 467572377853793480, 467572377854532663, 467572377850271105]","[0.797568142414093, 0.7846031785011292, 0.7834317684173584, 0.7815768718719482, 0.7803994417190552]"
cc65668e-675f-4422-a28f-96df292dc630,Skin,0.01556396484375,0.01141357421875,0.01007080078125,0.96484375,True,D,0.07288050651550293,medmcqa_1,"['PBMD', 'PBMD', 'PBMD', 'PBMD', 'PBMD']","[467572377853001179, 467572377853599176, 467572377853894464, 467572377853060886, 467572377853302230]","[0.7883292436599731, 0.7864267230033875, 0.784370481967926, 0.7817815542221069, 0.7773405909538269]"
be07e8f6-e306-4b6c-b36e-6ec18e0043e5,Skin,0.2314453125,0.431640625,0.296875,0.040283203125,True,B,0.08828282356262207,medmcqa_1,"['PBMD', 'PBMD', 'PBMD', 'PBMD', 'PBMD']","[467572377855916489, 467572377855620814, 467572377855402559, 467572377852286885, 467572377855780983]","[0.7991011142730713, 0.7859166860580444, 0.7842400670051575, 0.7821710705757141, 0.7800583839416504]"
725d9973-1082-4c9b-b4fb-9c63a4615e63,Skin,0.09423828125,0.57421875,0.1650390625,0.1650390625,False,D,0.06483864784240723,medmcqa_1,"['PBMD', 'STAT', 'PBMD', 'PBMD', 'PBMD']","[467572377852800774, 467572377850785741, 467572377853127844, 467572377855914302, 467572377853052670]","[0.7917580604553223, 0.7783689498901367, 0.7667745351791382, 0.7662361860275269, 0.7656447887420654]"
aa677f5e-3b2c-4ec8-8b77-78610a8a38cf,Skin,0.734375,0.14453125,0.05322265625,0.068359375,True,A,0.06543612480163574,medmcqa_1,"['PBMD', 'PBMD', 'PBMD', 'PBMD', 'PBMD']","[467572377852606375, 467572377855204572, 467572377856865007, 467572377853298642, 467572377853611829]","[0.7959986925125122, 0.7719702124595642, 0.7717984318733215, 0.7622550129890442, 0.7616172432899475]"
0f49668c-7988-48a6-ba11-ad49aa561259,Skin,0.55859375,0.10986328125,0.031494140625,0.298828125,False,D,0.0762319564819336,medmcqa_1,"['PBMD', 'PBMD', 'PBMD', 'PBMD', 'PBMD']","[467572377853606263, 467572377853596112, 467572377855876866, 467572377855043763, 467572377853916383]","[0.7639492750167847, 0.7596362829208374, 0.7566227912902832, 0.7543773055076599, 0.7518913745880127]"
ce7d3beb-17f5-416a-9584-6fdf807f4d99,Skin,0.1806640625,0.004241943359375,0.0079345703125,0.80859375,True,D,0.09152722358703613,medmcqa_1,"['PBMD', 'PBMD', 'PBMD', 'PBMD', 'PBMD']","[467572377856914270, 467572377852191678, 467572377852100275, 467572377853168767, 467572377854771528]","[0.8183972239494324, 0.8066220283508301, 0.8042639493942261, 0.8015742301940918, 0.7984725832939148]"
6f78cdec-b48a-497c-bf8d-6b5b9b083ecf,Skin,0.296875,0.62890625,0.031494140625,0.040283203125,False,A,0.10949182510375977,medmcqa_1,"['PBMD', 'PBMD', 'PBMD', 'PBMD', 'PBMD']","[467572377853064560, 467572377854109661, 467572377853822554, 467572377852280698, 467572377855774984]","[0.7637367248535156, 0.7631749510765076, 0.7617955207824707, 0.7560762166976929, 0.7560122609138489]"
53cc935b-3123-4b83-ad62-307b2b736c9e,Skin,0.050537109375,0.349609375,0.02099609375,0.578125,False,C,0.08197569847106934,medmcqa_1,"['PBMD', 'PBMD', 'PBMD', 'PBMD', 'PBMD']","[467572377856154717, 467572377856517554, 467572377850939626, 467572377856837222, 467572377855773049]","[0.749482274055481, 0.7478322386741638, 0.745201587677002, 0.7442176938056946, 0.7416358590126038]"
c8d2885b-1529-4575-abcd-b8afdfb64512,Skin,0.01300048828125,0.1796875,0.8046875,0.0034942626953125,True,C,0.0998377799987793,medmcqa_1,"['PBMD', 'PBMD', 'PBMD', 'PBMD', 'PBMD']","[467572377853060010, 467572377852962143, 467572377852484614, 467572377854152829, 467572377854540247]","[0.7762976288795471, 0.7544734477996826, 0.7542080283164978, 0.7494364380836487, 0.7480849623680115]"
105be08b-3a40-4e47-831d-f8cae8b90240,Skin,0.015869140625,0.9765625,0.00188446044921875,0.004241943359375,True,B,0.11286234855651855,medmcqa_1,"['PBMD', 'STAT', 'TEXT', 'STAT', 'PBMD']","[467572377855730807, 467572377850729331, 467523489549980594, 467572377850234231, 467572377852529656]","[0.7629122734069824, 0.7564427852630615, 0.7550411820411682, 0.7488441467285156, 0.7471832036972046]"
02b5fc8b-8dd7-4de9-84b8-ea71c32aac57,Skin,0.314453125,0.08984375,0.515625,0.0791015625,False,D,0.08563494682312012,medmcqa_1,"['PBMD', 'PBMD', 'PBMD', 'PBMD', 'PBMD']","[467572377855283983, 467572377852938126, 467572377855288668, 467572377856630387, 467572377853142794]","[0.7660277485847473, 0.7539699077606201, 0.7512165904045105, 0.7492119073867798, 0.748132050037384]"
344d849d-fe32-41d8-853f-b02b41028d71,Skin,0.162109375,0.72265625,0.0159912109375,0.09814453125,True,B,0.0809624195098877,medmcqa_1,"['PBMD', 'PBMD', 'PBMD', 'PBMD', 'PBMD']","[467572377854212343, 467572377852100275, 467572377855517556, 467572377855995554, 467572377852851149]","[0.7947096824645996, 0.7827157974243164, 0.7818644046783447, 0.7725411653518677, 0.7723181247711182]"
26124571-60c3-4509-9c33-981bc3b40054,Skin,0.234375,0.076171875,0.1259765625,0.5625,True,D,0.09801626205444336,medmcqa_1,"['PBMD', 'TEXT', 'PBMD', 'TEXT', 'PBMD']","[467572377852529656, 467523489549701063, 467572377852919998, 467523489549928616, 467572377854222398]","[0.7157606482505798, 0.7153628468513489, 0.7147426009178162, 0.7077579498291016, 0.698050856590271]"
8e12446e-b9b5-4152-8cc5-9ef959931a31,Skin,0.039306640625,0.1650390625,0.7890625,0.00640869140625,True,C,0.08229684829711914,medmcqa_1,"['PBMD', 'PBMD', 'PBMD', 'PBMD', 'PBMD']","[467572377855821627, 467572377856696360, 467572377852177739, 467572377852950163, 467572377853264881]","[0.7533491849899292, 0.7457797527313232, 0.7445095777511597, 0.7442383766174316, 0.74305659532547]"
